sample_index,split,source_id,sample_weight,aux_weight,config_index,config_name,velocity_index,U,Re,Ca,F_target,F_pred,F_physics,F_residual,F_stem,F_leaf,Fcol_1_pred,Fcol_2_pred,Fcol_3_pred,Fcol_1_true,Fcol_2_true,Fcol_3_true,Cd_stem_eff,Cd_leaf_eff,shielding_coef,shielding_target,angle_diff_deg,reconfiguration_factor,reconfiguration_correction,reconfiguration_gain,column_correction_1,column_correction_2,column_correction_3
0,train,0,1.0,1.0,4,Rguijiao_20_0,0,0.05000000074505806,1250.0,0.5408450961112976,0.0793856531381607,0.033725522458553314,0.029221799224615097,0.0045037236995995045,0.018322745338082314,0.010899052955210209,0.0018877076217904687,0.008890898898243904,0.0001204458749270998,0.0008497143280692399,0.012034342624247074,0.012034342624247074,2.5492513179779053,0.735758900642395,0.8122508525848389,0.9132076501846313,102.64153289794922,0.6695983409881592,-0.014822147786617279,0.6695983409881592,2.195935010910034,1.9836207628250122,2.1827051639556885
1,train,0,1.0,1.0,4,Rguijiao_20_0,1,0.07500000298023224,1875.0,1.216901421546936,0.06598012149333954,0.07446750998497009,0.06471070647239685,0.009756803512573242,0.03993808105587959,0.024772629141807556,0.0042412918992340565,0.020260430872440338,0.00027090642834082246,0.002076980657875538,0.024730108678340912,0.024730108678340912,2.4696011543273926,0.735758900642395,0.8154711723327637,0.9264792203903198,105.29583740234375,0.6690981388092041,-0.003010444575920701,0.6690981388092041,2.1961071491241455,2.001063108444214,2.1819260120391846
2,val,0,1.0,1.0,4,Rguijiao_20_0,2,0.10000000149011612,2500.0,2.1633803844451904,0.13217772543430328,0.12994614243507385,0.1131579577922821,0.0167881790548563,0.06863664090633392,0.04452132061123848,0.0075240787118673325,0.036515794694423676,0.0004814459243789315,0.004223970230668783,0.03916126862168312,0.03916126862168312,2.3873610496520996,0.735758900642395,0.8193286061286926,0.9396970868110657,107.93941497802734,0.6684010624885559,0.006010702345520258,0.6684010624885559,2.196052312850952,2.019137144088745,2.181175708770752
3,train,0,1.0,1.0,4,Rguijiao_20_0,3,0.125,3125.0,3.380281686782837,0.19640156626701355,0.19917860627174377,0.17366650700569153,0.02551209181547165,0.10331640392541885,0.07035011053085327,0.011723295785486698,0.05787481367588043,0.0007519999053329229,0.008221819996833801,0.053746797144412994,0.053746797144412994,2.299912929534912,0.735758900642395,0.8235472440719604,0.9483026266098022,109.66053009033203,0.6675106883049011,0.012414592318236828,0.6675106883049011,2.195767879486084,2.037625312805176,2.180424213409424
4,train,0,1.0,1.0,4,Rguijiao_20_0,4,0.15000000596046448,3750.0,4.867605686187744,0.2594616115093231,0.2810405492782593,0.24511386454105377,0.035926688462495804,0.1426650583744049,0.10244880616664886,0.016822272911667824,0.08454404026269913,0.0010824985802173615,0.01782258413732052,0.06770908087491989,0.06770908087491989,2.2054500579833984,0.735758900642395,0.8279091119766235,0.9432054162025452,108.6410903930664,0.6664309501647949,0.016064409166574478,0.6664309501647949,2.1952221393585205,2.0561797618865967,2.179656505584717
5,train,0,1.0,1.0,4,Rguijiao_20_0,5,0.17499999701976776,4375.0,6.625351905822754,0.35800719261169434,0.37425532937049866,0.3261144757270813,0.04814085736870766,0.1851407140493393,0.140973761677742,0.022800270467996597,0.11670062690973282,0.0014728645328432322,0.0833248496055603,0.08086365461349487,0.08086365461349487,2.1027517318725586,0.735758900642395,0.8322230577468872,0.8541660308837891,90.83320617675781,0.6651670336723328,0.016764193773269653,0.6651670336723328,2.1943607330322266,2.0744388103485107,2.178863286972046
6,train,0,1.0,1.0,4,Rguijiao_20_0,6,0.20000000298023224,5000.0,8.653521537780762,0.47495365142822266,0.4774792790412903,0.41507741808891296,0.06240186467766762,0.22904525697231293,0.18603216111660004,0.02963223308324814,0.15447691082954407,0.0019230087054893374,0.23541828989982605,0.09331627935171127,0.09331627935171127,1.9916977882385254,0.735758900642395,0.8363168835639954,0.7266942262649536,65.3388442993164,0.6637247204780579,0.014401444233953953,0.6637247204780579,2.1931049823760986,2.0920684337615967,2.178032636642456
7,train,0,1.0,1.0,4,Rguijiao_20_0,7,0.22499999403953552,5625.0,10.952113151550293,0.5159441232681274,0.5895394682884216,0.5104243755340576,0.07911508530378342,0.27275753021240234,0.23766686022281647,0.03728819638490677,0.19794584810733795,0.0024328113067895174,0.33878958225250244,0.10526465624570847,0.10526465624570847,1.8740184307098389,0.735758900642395,0.8400298953056335,0.6701484322547913,54.029693603515625,0.6621105670928955,0.009091841988265514,0.6621105670928955,2.1913418769836426,2.1087732315063477,2.1771411895751953
8,train,0,1.0,1.0,4,Rguijiao_20_0,8,0.25,6250.0,13.521126747131348,0.5834466218948364,0.7097800374031067,0.6109328269958496,0.09884718805551529,0.3150942623615265,0.29583853483200073,0.0457327775657177,0.24710367619991302,0.0030020861886441708,0.4210447072982788,0.11690676212310791,0.11690676212310791,1.7535679340362549,0.735758900642395,0.8431951403617859,0.6344692707061768,46.893856048583984,0.6603317856788635,0.001304698409512639,0.6603317856788635,2.1889286041259766,2.1242926120758057,2.176137924194336
9,train,0,1.0,1.0,4,Rguijiao_20_0,9,0.2750000059604645,6875.0,16.360563278198242,0.8144222497940063,0.8382949233055115,0.7160018682479858,0.12229307740926743,0.3556073009967804,0.36039456725120544,0.05492443963885307,0.3018396198749542,0.003630508668720722,0.4909791052341461,0.1284092366695404,0.1284092366695404,1.6355634927749634,0.735758900642395,0.84560227394104,0.6089425683021545,41.788509368896484,0.6583961844444275,-0.008053167723119259,0.6583961844444275,2.1856937408447266,2.138395309448242,2.1749303340911865
10,train,0,1.0,1.0,4,Rguijiao_20_0,10,0.30000001192092896,7500.0,19.470422744750977,0.9322099089622498,0.9757562279701233,0.825587809085846,0.15016841888427734,0.39456796646118164,0.4310198426246643,0.06481501460075378,0.3618873059749603,0.0043175132013857365,0.552803099155426,0.13990218937397003,0.13990218937397003,1.5249003171920776,0.735758900642395,0.8469544053077698,0.5894266963005066,37.88533401489258,0.6563119888305664,-0.017667051404714584,0.6563119888305664,2.1814472675323486,2.150869607925415,2.1733736991882324
11,train,0,1.0,1.0,4,Rguijiao_20_0,11,0.32499998807907104,8125.0,22.850704193115234,0.985845148563385,1.122713565826416,0.9397236108779907,0.18298999965190887,0.43254947662353516,0.5071741342544556,0.07534912973642349,0.42676281929016113,0.005062171258032322,0.6090114116668701,0.15148326754570007,0.15148326754570007,1.4243977069854736,0.735758900642395,0.8468380570411682,0.5738567113876343,34.77134704589844,0.6540879607200623,-0.025979667901992798,0.6540879607200623,2.175982713699341,2.1615374088287354,2.171267509460449
12,train,0,1.0,1.0,4,Rguijiao_20_0,12,0.3499999940395355,8750.0,26.501407623291016,1.1948415040969849,1.2785828113555908,1.0578138828277588,0.22076889872550964,0.4697814881801605,0.5880323648452759,0.08646254241466522,0.49570682644844055,0.005863036960363388,0.6612422466278076,0.1632239818572998,0.1632239818572998,1.3338960409164429,0.735758900642395,0.8447242379188538,0.5610531568527222,32.210636138916016,0.6517331600189209,-0.03146772086620331,0.6517331600189209,2.1690502166748047,2.1702866554260254,2.1683521270751953
13,train,0,1.0,1.0,4,Rguijiao_20_0,13,0.375,9375.0,30.422534942626953,1.4401521682739258,1.4407850503921509,1.178053617477417,0.2627314627170563,0.5056163668632507,0.672437310218811,0.09807772189378738,0.5676416754722595,0.006717941723763943,0.7106358408927917,0.1751757562160492,0.1751757562160492,1.250606656074524,0.735758900642395,0.8399948477745056,0.5502814054489136,30.056276321411133,0.6492568850517273,-0.0329413004219532,0.6492568850517273,2.1602914333343506,2.1770999431610107,2.164297103881836
14,train,0,1.0,1.0,4,Rguijiao_20_0,14,0.4000000059604645,10000.0,34.61408615112305,1.5939713716506958,1.6044037342071533,1.2971867322921753,0.30721697211265564,0.538347065448761,0.7588396668434143,0.11009447276592255,0.6411215662956238,0.007623630575835705,0.7580162286758423,0.1873747855424881,0.1873747855424881,1.1703195571899414,0.735758900642395,0.8319588899612427,0.5410550832748413,28.211017608642578,0.6466686725616455,-0.029738999903202057,0.6466686725616455,2.149121046066284,2.182034969329834,2.158663749694824
15,train,0,1.0,1.0,4,Rguijiao_20_0,15,0.42500001192092896,10625.0,39.07605743408203,1.847556233406067,1.7624317407608032,1.4106073379516602,0.35182443261146545,0.5654309988021851,0.8451763391494751,0.12237279117107391,0.7142284512519836,0.008575096726417542,0.803994357585907,0.19984598457813263,0.19984598457813263,1.0888396501541138,0.735758900642395,0.8198258876800537,0.5330373644828796,26.607471466064453,0.6439781188964844,-0.02177942916750908,0.6439781188964844,2.134559154510498,2.185148239135742,2.1508216857910156
16,train,0,1.0,1.0,4,Rguijiao_20_0,16,0.44999998807907104,11250.0,43.80845260620117,1.9395111799240112,1.9064995050430298,1.5127463340759277,0.39375314116477966,0.5841033458709717,0.9286429286003113,0.13470430672168732,0.7843743562698364,0.009564286097884178,0.8490321040153503,0.21260574460029602,0.21260574460029602,1.0032907724380493,0.735758900642395,0.8026350140571594,0.5259861946105957,25.19723892211914,0.6411948204040527,-0.009471500292420387,0.6411948204040527,2.114993095397949,2.1863691806793213,2.1397879123687744
17,train,0,1.0,1.0,4,Rguijiao_20_0,17,0.4749999940395355,11875.0,48.8112678527832,2.0250658988952637,2.0279550552368164,1.5977368354797363,0.4302181899547577,0.5923751592636108,1.0053616762161255,0.1467636674642563,0.8480204939842224,0.01057752687484026,0.8934834003448486,0.2256641983985901,0.2256641983985901,0.9132122993469238,0.735758900642395,0.7791926264762878,0.519722580909729,23.944515228271484,0.6383283138275146,0.006499574985355139,0.6383283138275146,2.087810754776001,2.1853322982788086,2.123929500579834
18,train,0,1.0,1.0,4,Rguijiao_20_0,18,0.5,12500.0,54.08450698852539,2.1159510612487793,2.1191842555999756,1.660335898399353,0.4588484466075897,0.5902830362319946,1.0700528621673584,0.15802426636219025,0.9004380702972412,0.011590535752475262,0.9382701516151428,0.23902688920497894,0.23902688920497894,0.8212633728981018,0.7357589602470398,0.7481428980827332,0.5142316222190857,22.84632110595703,0.6353879570960999,0.0254861768335104,0.6353879570960999,2.0487897396087646,2.181084156036377,2.1004221439361572
19,train,0,1.0,1.0,5,Rguijiao_20_180,0,0.05000000074505806,1250.0,0.5408450961112976,0.03256566822528839,0.04175784811377525,0.0339164175093174,0.007841430604457855,0.021661266684532166,0.012255151756107807,0.01213558204472065,9.164905639957865e-11,0.00011956960952375084,0.014045508578419685,4.771743885034999e-23,0.014045508578419685,3.0137412548065186,0.735758900642395,0.7305150032043457,0.9817633032798767,116.3526611328125,0.3394584357738495,-0.028853721916675568,0.3394584357738495,2.2027740478515625,1.7051527500152588,2.166825532913208
20,val,0,1.0,1.0,5,Rguijiao_20_180,1,0.07500000298023224,1875.0,1.216901421546936,0.1428789347410202,0.09444918483495712,0.0763338953256607,0.018115291371941566,0.0487968809902668,0.027537014335393906,0.02726844698190689,1.9658165373304115e-10,0.0002685677318368107,0.034756336361169815,9.746242062107351e-23,0.034756336361169815,3.0173916816711426,0.735758900642395,0.7156867980957031,0.955812931060791,111.16258239746094,0.33878254890441895,-0.021710118278861046,0.33878254890441895,2.2042975425720215,1.6592124700546265,2.1630897521972656
21,train,0,1.0,1.0,5,Rguijiao_20_180,2,0.10000000149011612,2500.0,2.1633803844451904,0.154811292886734,0.1684005856513977,0.135538250207901,0.0328623428940773,0.08669225126504898,0.04884600639343262,0.048369359225034714,3.327910169659276e-10,0.00047664836165495217,0.06915778666734695,1.5577213465954122e-22,0.06915778666734695,3.0153820514678955,0.735758900642395,0.7011823654174805,0.9151419997215271,103.02839660644531,0.33783864974975586,-0.015465708449482918,0.33783864974975586,2.205660581588745,1.6126681566238403,2.159440517425537
22,train,0,1.0,1.0,5,Rguijiao_20_180,3,0.125,3125.0,3.380281686782837,0.3438483476638794,0.26336365938186646,0.21119636297225952,0.05216728523373604,0.13510829210281372,0.0760880708694458,0.07534459233283997,4.930126862312534e-10,0.0007434770232066512,0.11730728298425674,3.3007464984804745e-22,0.11730728298425674,3.0076282024383545,0.735758900642395,0.6861711740493774,0.8628255128860474,92.56509399414062,0.3366290330886841,-0.009874367155134678,0.3366290330886841,2.206935405731201,1.5624644756317139,2.155712127685547
23,train,0,1.0,1.0,5,Rguijiao_20_180,4,0.15000000596046448,3750.0,4.867605686187744,0.366254061460495,0.3787672817707062,0.30273786187171936,0.07602942734956741,0.19359788298606873,0.10913997888565063,0.10807131975889206,6.684260922540375e-10,0.0010686562163755298,0.17116811871528625,3.0512473384256006e-22,0.17116811871528625,2.9928174018859863,0.735758900642395,0.6701176166534424,0.8097938895225525,81.95877838134766,0.33515703678131104,-0.004884772468358278,0.33515703678131104,2.208143472671509,1.5063446760177612,2.1517844200134277
24,train,0,1.0,1.0,5,Rguijiao_20_180,5,0.17499999701976776,4375.0,6.625351905822754,0.5469441413879395,0.5135214328765869,0.40920621156692505,0.10431519150733948,0.2613569498062134,0.14784927666187286,0.14639759063720703,8.484352664872574e-10,0.001451693126000464,0.22271017730236053,4.1042529535057127e-22,0.22271017730236053,2.968384265899658,0.735758900642395,0.6526229977607727,0.7638893723487854,72.77787780761719,0.33342692255973816,-0.0005378275527618825,0.33342692255973816,2.2092792987823486,1.442396879196167,2.1475436687469482
25,train,0,1.0,1.0,5,Rguijiao_20_180,6,0.20000000298023224,5000.0,8.653521537780762,0.6811033487319946,0.6656725406646729,0.5290018320083618,0.13667072355747223,0.33696743845939636,0.19203436374664307,0.1901424080133438,1.0208879297479712e-09,0.0018919564317911863,0.269457072019577,5.165577832583413e-22,0.269457072019577,2.9301514625549316,0.735758900642395,0.6334047913551331,0.7262254357337952,65.24508666992188,0.33144399523735046,0.0030685251113027334,0.33144399523735046,2.210320234298706,1.3691189289093018,2.142862319946289
26,train,0,1.0,1.0,5,Rguijiao_20_180,7,0.22499999403953552,5625.0,10.952113151550293,0.8595311641693115,0.8318716287612915,0.6594794988632202,0.1723921149969101,0.417995423078537,0.24148407578468323,0.23909547924995422,1.1731763338573842e-09,0.002388603752478957,0.31184452772140503,6.088031133035027e-22,0.31184452772140503,2.8718957901000977,0.735758900642395,0.6123442649841309,0.6954247355461121,59.08494186401367,0.32921507954597473,0.005801750347018242,0.32921507954597473,2.2112274169921875,1.2858998775482178,2.1375796794891357
27,train,0,1.0,1.0,5,Rguijiao_20_180,8,0.25,6250.0,13.521126747131348,0.9238037467002869,1.00670325756073,0.7964315414428711,0.2102717012166977,0.5004732608795166,0.2959583103656769,0.29301783442497253,1.2946276273240187e-09,0.0029404715169221163,0.35095101594924927,4.4343872033728714e-23,0.35095101594924927,2.7852420806884766,0.735758900642395,0.5895639657974243,0.6699312329292297,53.986244201660156,0.32674816250801086,0.0075265816412866116,0.32674816250801086,2.2119507789611816,1.1938189268112183,2.131474733352661
28,val,0,1.0,1.0,5,Rguijiao_20_180,9,0.2750000059604645,6875.0,16.360563278198242,1.1566203832626343,1.182193636894226,0.9336971044540405,0.24849651753902435,0.5785086154937744,0.3551884889602661,0.35164254903793335,1.3798029385725386e-09,0.003545938991010189,0.3877774477005005,1.5124849068464185e-22,0.3877774477005005,2.6607654094696045,0.735758900642395,0.5654922723770142,0.6485117077827454,49.702335357666016,0.3240526616573334,0.008138258941471577,0.3240526616573334,2.2124338150024414,1.0963002443313599,2.124267101287842
29,train,0,1.0,1.0,5,Rguijiao_20_180,10,0.30000001192092896,7500.0,19.470422744750977,1.4060606956481934,1.348379373550415,1.06358802318573,0.28479138016700745,0.6447063684463501,0.41888168454170227,0.41467881202697754,1.4310327367539344e-09,0.004202862270176411,0.42311134934425354,2.1849816341358754e-22,0.42311134934425354,2.4916186332702637,0.735758900642395,0.5408569574356079,0.6302563548088074,46.05126953125,0.32113975286483765,0.007600371725857258,0.32113975286483765,2.212625026702881,0.9989165663719177,2.1156599521636963
30,train,0,1.0,1.0,5,Rguijiao_20_180,11,0.32499998807907104,8125.0,22.850704193115234,1.4605861902236938,1.496121883392334,1.1790618896484375,0.31706005334854126,0.6923375725746155,0.4867243766784668,0.4818156957626343,1.4579352169974413e-09,0.004908669739961624,0.4575432538986206,2.0516508882903167e-22,0.4575432538986206,2.2798871994018555,0.735758900642395,0.5165674686431885,0.6144993305206299,42.899864196777344,0.3180218040943146,0.005964435636997223,0.3180218040943146,2.212484359741211,0.9079229235649109,2.1054277420043945
31,train,0,1.0,1.0,5,Rguijiao_20_180,12,0.3499999940395355,8750.0,26.501407623291016,1.5938189029693604,1.6218559741973877,1.2774126529693604,0.3444433808326721,0.7190221548080444,0.5583904981613159,0.5527299046516418,1.4734509168334853e-09,0.005660621915012598,0.49150949716567993,1.0935382981323264e-22,0.49150949716567993,2.0415892601013184,0.735758900642395,0.4934978485107422,0.60074782371521,40.14957046508789,0.3147127628326416,0.003375025698915124,0.3147127628326416,2.2119898796081543,0.8281688094139099,2.093492031097412
32,train,0,1.0,1.0,5,Rguijiao_20_180,13,0.375,9375.0,30.422534942626953,1.7949695587158203,1.7304521799087524,1.3625006675720215,0.36795154213905334,0.7289541959762573,0.6335464715957642,0.6270903944969177,1.4888212884756058e-09,0.006456105969846249,0.5253316760063171,1.495270447281558e-22,0.5253316760063171,1.803017020225525,0.735758900642395,0.4722646474838257,0.588631272315979,37.72625732421875,0.3112280070781708,7.070973515510559e-05,0.3112280070781708,2.211132764816284,0.7617264986038208,2.079942464828491
33,train,0,1.0,1.0,5,Rguijiao_20_180,14,0.4000000059604645,10000.0,34.61408615112305,1.8172143697738647,1.8323554992675781,1.442521572113037,0.3898339867591858,0.7306656837463379,0.711855947971344,0.7045632004737854,1.510668590221087e-09,0.007292770780622959,0.5592469573020935,1.9560245382707015e-22,0.5592469573020935,1.588403344154358,0.735758900642395,0.45311781764030457,0.5778660178184509,35.57320785522461,0.3075837790966034,-0.0036144787445664406,0.3075837790966034,2.209912061691284,0.7080151438713074,2.064979314804077
34,train,0,1.0,1.0,5,Rguijiao_20_180,15,0.42500001192092896,10625.0,39.07605743408203,1.9982558488845825,1.937472939491272,1.5252385139465332,0.4122343957424164,0.7322574853897095,0.7929810285568237,0.7848126292228699,1.5411293352585176e-09,0.008168409578502178,0.593430757522583,4.209740443493825e-22,0.593430757522583,1.410094141960144,0.735758900642395,0.43599656224250793,0.5682315826416016,33.64631271362305,0.30379754304885864,-0.007240520790219307,0.30379754304885864,2.2083215713500977,0.664940357208252,2.0488157272338867
35,train,0,1.0,1.0,5,Rguijiao_20_180,16,0.44999998807907104,11250.0,43.80845260620117,2.1439406871795654,2.05149245262146,1.6151142120361328,0.43637824058532715,0.7385326027870178,0.876581609249115,0.8675009608268738,1.5796216557006915e-09,0.009080659598112106,0.6280124187469482,7.673410321620723e-23,0.6280124187469482,1.268547773361206,0.735758900642395,0.42066943645477295,0.5595534443855286,31.910694122314453,0.2998873293399811,-0.010286249220371246,0.2998873293399811,2.2063395977020264,0.6300740838050842,2.031587839126587
36,val,0,1.0,1.0,5,Rguijiao_20_180,17,0.4749999940395355,11875.0,48.8112678527832,2.1708872318267822,2.176006317138672,1.7134147882461548,0.46259161829948425,0.7511026263237,0.9623121619224548,0.9522855281829834,1.6246182177326318e-09,0.010026643984019756,0.6630873680114746,1.0249265592317644e-21,0.6630873680114746,1.1579084396362305,0.735758900642395,0.4068642854690552,0.5516924262046814,30.33848762512207,0.29587146639823914,-0.01221646461635828,0.29587146639823914,2.203922748565674,0.6013384461402893,2.0133142471313477
37,train,0,1.0,1.0,5,Rguijiao_20_180,18,0.5,12500.0,54.08450698852539,2.288050651550293,2.3101861476898193,1.8195204734802246,0.49066561460494995,0.7697027325630188,1.0498178005218506,1.0388151407241821,1.6747193631871937e-09,0.011002708226442337,0.6987252831459045,1.5449125679011279e-21,0.6987252831459045,1.0708907842636108,0.735758900642395,0.3943398594856262,0.544535219669342,28.90704917907715,0.29176846146583557,-0.012544668279588223,0.29176846146583557,2.2010011672973633,0.5772127509117126,1.9938976764678955
38,train,0,1.0,1.0,6,Rguijiao_10_0,0,0.05000000074505806,1250.0,0.5408450961112976,0.032475970685482025,0.024741893634200096,0.023584716022014618,0.0011571777286008,0.014017459936439991,0.009567256085574627,0.006054912228137255,0.003452362958341837,5.9980651712976396e-05,0.007022754289209843,0.006017171312123537,0.006017171312123537,1.950255036354065,0.735758900642395,0.7262099981307983,0.6977755427360535,59.55510711669922,0.6694584488868713,-0.022086292505264282,0.6694584488868713,2.198098659515381,1.723008394241333,2.1739237308502197
39,train,0,1.0,1.0,6,Rguijiao_10_0,1,0.07500000298023224,1875.0,1.216901421546936,0.01790078543126583,0.05243438854813576,0.05069214478135109,0.0017422453965991735,0.029485998675227165,0.021206146106123924,0.013595624826848507,0.007475747261196375,0.00013477334869094193,0.017378168180584908,0.012365054339170456,0.012365054339170456,1.8232887983322144,0.735758900642395,0.7128354907035828,0.6890503168106079,57.810062408447266,0.6687825322151184,-0.015759101137518883,0.6687825322151184,2.198057174682617,1.6893359422683716,2.1709744930267334
40,val,0,1.0,1.0,6,Rguijiao_10_0,2,0.10000000149011612,2500.0,2.1633803844451904,0.07656078040599823,0.08878706395626068,0.08676562458276749,0.0020214421674609184,0.0495951771736145,0.037170447409152985,0.02409924939274788,0.012831907719373703,0.0002392891183262691,0.03457889333367348,0.01958063431084156,0.01958063431084156,1.725049376487732,0.735758900642395,0.701083242893219,0.6682419776916504,53.64839553833008,0.6678386330604553,-0.01089239027351141,0.6678386330604553,2.197869300842285,1.6584211587905884,2.1681838035583496
41,val,0,1.0,1.0,6,Rguijiao_10_0,3,0.125,3125.0,3.380281686782837,0.23806096613407135,0.13301515579223633,0.13111498951911926,0.0019001727923750877,0.07386229187250137,0.05725269764661789,0.037512607872486115,0.01936667039990425,0.0003734195197466761,0.05865364149212837,0.026873398572206497,0.026873398572206497,1.644238829612732,0.735758900642395,0.6900274753570557,0.6360481977462769,47.20964050292969,0.6666290163993835,-0.007040419615805149,0.6666290163993835,2.197580575942993,1.6275780200958252,2.1654603481292725
42,train,0,1.0,1.0,6,Rguijiao_10_0,4,0.15000000596046448,3750.0,4.867605686187744,0.1772611141204834,0.1843714416027069,0.1830521523952484,0.0013192873448133469,0.10184600949287415,0.08120614290237427,0.05376815050840378,0.026900947093963623,0.0005370478611439466,0.08558405935764313,0.033854540437459946,0.033854540437459946,1.57443106174469,0.735758900642395,0.6791574358940125,0.6019469499588013,40.38938522338867,0.6651570200920105,-0.004071546718478203,0.6651570200920105,2.197211742401123,1.595099687576294,2.1627368927001953
43,train,0,1.0,1.0,6,Rguijiao_10_0,5,0.17499999701976776,4375.0,6.625351905822754,0.18364696204662323,0.24205920100212097,0.24182887375354767,0.00023032324679661542,0.13308973610401154,0.10873913764953613,0.07278426736593246,0.03522482514381409,0.0007300418219529092,0.11135508865118027,0.040431827306747437,0.040431827306747437,1.5115782022476196,0.735758900642395,0.6681584715843201,0.5731584429740906,34.63169479370117,0.6634268760681152,-0.0019784450996667147,0.6634268760681152,2.196768283843994,1.5597914457321167,2.1599559783935547
44,train,0,1.0,1.0,6,Rguijiao_10_0,6,0.20000000298023224,5000.0,8.653521537780762,0.3012953996658325,0.3052002787590027,0.3066171407699585,-0.0014168574707582593,0.16710253059864044,0.13951462507247925,0.09446586668491364,0.044096510857343674,0.0009522484033368528,0.1347285360097885,0.04665813967585564,0.04665813967585564,1.4530653953552246,0.735758900642395,0.6568278074264526,0.5506797432899475,30.13594627380371,0.6614440083503723,-0.0008032785844989121,0.6614440083503723,2.19624662399292,1.5207781791687012,2.1570658683776855
45,val,0,1.0,1.0,6,Rguijiao_10_0,7,0.22499999403953552,5625.0,10.952113151550293,0.3997516632080078,0.3728427290916443,0.37651845812797546,-0.0036757211200892925,0.2033655196428299,0.17315293848514557,0.11870475113391876,0.053244698792696,0.0012034861138090491,0.15592226386070251,0.05263232812285423,0.05263232812285423,1.3972511291503906,0.735758900642395,0.6450300216674805,0.5332548022270203,26.650957107543945,0.6592150926589966,-0.0005917082889936864,0.6592150926589966,2.1956348419189453,1.4774222373962402,2.154017686843872
46,train,0,1.0,1.0,6,Rguijiao_10_0,8,0.25,6250.0,13.521126747131348,0.3755049407482147,0.4439920485019684,0.45059022307395935,-0.006598165724426508,0.24135226011276245,0.2092379629611969,0.14538055658340454,0.06237385794520378,0.0014835414476692677,0.17547550797462463,0.058453381061553955,0.058453381061553955,1.3431776762008667,0.735758900642395,0.6326744556427002,0.5195333957672119,23.90667724609375,0.6567481160163879,-0.0013745772885158658,0.6567481160163879,2.1949150562286377,1.429274082183838,2.1507647037506104
47,train,0,1.0,1.0,6,Rguijiao_10_0,9,0.2750000059604645,6875.0,16.360563278198242,0.5174230337142944,0.517659068107605,0.5278841257095337,-0.010225045494735241,0.2805565297603607,0.24732759594917297,0.1743614822626114,0.07117395848035812,0.0017921607941389084,0.19388872385025024,0.0642046183347702,0.0642046183347702,1.2903785705566406,0.735758900642395,0.6197055578231812,0.5085000395774841,21.700002670288086,0.6540526747703552,-0.003153851954266429,0.6540526747703552,2.1940646171569824,1.376079797744751,2.147260904312134
48,train,0,1.0,1.0,6,Rguijiao_10_0,10,0.30000001192092896,7500.0,19.470422744750977,0.7263884544372559,0.5929121971130371,0.6074904203414917,-0.014578238129615784,0.32052069902420044,0.28696972131729126,0.20550571382045746,0.07933495938777924,0.002129043685272336,0.21155567467212677,0.06995109468698502,0.06995109468698502,1.238727331161499,0.735758900642395,0.6060964465141296,0.49944519996643066,19.889041900634766,0.6511397361755371,-0.005910910665988922,0.6511397361755371,2.19305682182312,1.317812442779541,2.1434595584869385
49,train,0,1.0,1.0,6,Rguijiao_10_0,11,0.32499998807907104,8125.0,22.850704193115234,0.856721043586731,0.6689246296882629,0.6885808706283569,-0.019656244665384293,0.360857754945755,0.3277231454849243,0.23866207897663116,0.08656724542379379,0.0024938348215073347,0.2287716269493103,0.07574163377285004,0.07574163377285004,1.1883147954940796,0.735758900642395,0.5918494462966919,0.491877019405365,18.37540626525879,0.6480217576026917,-0.0096032889559865,0.6480217576026917,2.191859483718872,1.2547260522842407,2.139312267303467
50,train,0,1.0,1.0,6,Rguijiao_10_0,12,0.3499999940395355,8750.0,26.501407623291016,0.7031731605529785,0.7450153827667236,0.7704516649246216,-0.02543627843260765,0.4012667238712311,0.3691849708557129,0.2736720144748688,0.09262683242559433,0.0028861144091933966,0.24575474858283997,0.0816119909286499,0.0816119909286499,1.1393554210662842,0.735758900642395,0.5769950747489929,0.4854499101638794,17.08997917175293,0.6447127461433411,-0.01416848599910736,0.6447127461433411,2.1904361248016357,1.187413215637207,2.134768009185791
51,train,0,1.0,1.0,6,Rguijiao_10_0,13,0.375,9375.0,30.422534942626953,0.7567718625068665,0.8206753134727478,0.8525561094284058,-0.03188077360391617,0.4415377974510193,0.4110183119773865,0.31037023663520813,0.09734269976615906,0.003305386286228895,0.26266583800315857,0.0875878781080246,0.0875878781080246,1.0921127796173096,0.735758900642395,0.5615935325622559,0.4799163043498993,15.983262062072754,0.6412280201911926,-0.019526701420545578,0.6412280201911926,2.1887428760528564,1.1168426275253296,2.1297707557678223
52,train,0,1.0,1.0,6,Rguijiao_10_0,14,0.4000000059604645,10000.0,34.61408615112305,0.926590085029602,0.8955806493759155,0.9345293045043945,-0.0389486625790596,0.4815506041049957,0.4529787003993988,0.348585844039917,0.10064178705215454,0.0037510599941015244,0.27962347865104675,0.09368739277124405,0.09368739277124405,1.046849012374878,0.735758900642395,0.5457355976104736,0.475095272064209,15.019055366516113,0.6375837922096252,-0.025577431544661522,0.6375837922096252,2.1867282390594482,1.0443576574325562,2.1242575645446777
53,train,0,1.0,1.0,6,Rguijiao_10_0,15,0.42500001192092896,10625.0,39.07605743408203,0.9616321325302124,0.9695842862129211,1.01619291305542,-0.04660863056778908,0.521263062953949,0.4949299097061157,0.3881431221961975,0.10256437212228775,0.004222433548420668,0.2967153787612915,0.09992299228906631,0.09992299228906631,1.0037862062454224,0.735758900642395,0.5295403003692627,0.4708518087863922,14.17035961151123,0.6337975859642029,-0.03219320997595787,0.6337975859642029,2.1843299865722656,0.9716120958328247,2.118157148361206
54,train,0,1.0,1.0,6,Rguijiao_10_0,16,0.44999998807907104,11250.0,43.80845260620117,1.140575885772705,1.04269278049469,1.0975444316864014,-0.05485164001584053,0.5606995224952698,0.5368449687957764,0.4288617670536041,0.10326453298330307,0.004718672018498182,0.3140062093734741,0.10630287230014801,0.10630287230014801,0.9630909562110901,0.735758900642395,0.5131521224975586,0.46708327531814575,13.416654586791992,0.6298873424530029,-0.03922148048877716,0.6298873424530029,2.1814725399017334,0.9004368782043457,2.1113877296447754
55,train,0,1.0,1.0,6,Rguijiao_10_0,17,0.4749999940395355,11875.0,48.8112678527832,1.0781452655792236,1.1150215864181519,1.1787220239639282,-0.06370048969984055,0.5999358296394348,0.5787861943244934,0.47055602073669434,0.10299140214920044,0.005238774698227644,0.3315436840057373,0.11283209919929504,0.11283209919929504,0.9248679280281067,0.735758900642395,0.49673426151275635,0.46371036767959595,12.742074966430664,0.625871479511261,-0.04647942632436752,0.625871479511261,2.17806339263916,0.8326506614685059,2.1038544178009033
56,train,0,1.0,1.0,6,Rguijiao_10_0,18,0.5,12500.0,54.08450698852539,1.1654129028320312,1.186739206314087,1.2599549293518066,-0.07321570813655853,0.6390853524208069,0.620869517326355,0.5130329132080078,0.10205504298210144,0.005781541112810373,0.34936264157295227,0.11951344460248947,0.11951344460248947,0.8891621828079224,0.735758900642395,0.4804597496986389,0.4606708288192749,12.13416576385498,0.6217684745788574,-0.053754501044750214,0.6217684745788574,2.1739883422851562,0.7698581218719482,2.0954480171203613
57,train,0,1.0,1.0,7,Rguijiao_10_180,0,0.05000000074505806,1250.0,0.5408450961112976,0.07105152308940887,0.030165856704115868,0.02574765309691429,0.0044182040728628635,0.01961807906627655,0.0061295730993151665,0.0060695926658809185,4.731425667925393e-11,5.998032065690495e-05,0.007022754289209843,2.3858719425174996e-23,0.007022754289209843,2.7294716835021973,0.735758900642395,0.7364830374717712,0.9817633032798767,116.3526611328125,0.3394584357738495,-0.02357184886932373,0.3394584357738495,2.203428030014038,1.7463195323944092,2.1739118099212646
58,val,0,1.0,1.0,7,Rguijiao_10_180,1,0.07500000298023224,1875.0,1.216901421546936,0.12306200712919235,0.06681335717439651,0.057138968259096146,0.00967438891530037,0.04336912930011749,0.013769839890301228,0.013634979724884033,1.033781532600031e-10,0.00013486026728060097,0.017378168180584908,4.8731210310536756e-23,0.017378168180584908,2.681762456893921,0.735758900642395,0.726089358329773,0.955812931060791,111.16258239746094,0.33878254890441895,-0.016997799277305603,0.33878254890441895,2.2044198513031006,1.720088243484497,2.172374725341797
59,train,0,1.0,1.0,7,Rguijiao_10_180,2,0.10000000149011612,2500.0,2.1633803844451904,0.1277802288532257,0.11667628586292267,0.09998137503862381,0.01669490896165371,0.07556166499853134,0.024419711902737617,0.024180129170417786,1.7866461088367203e-10,0.00023958324163686484,0.03457889333367348,7.788606732977061e-23,0.03457889333367348,2.6282312870025635,0.735758900642395,0.7163900136947632,0.9151419997215271,103.02839660644531,0.33783864974975586,-0.011017321608960629,0.33783864974975586,2.2052454948425293,1.6948193311691284,2.170848846435547
60,train,0,1.0,1.0,7,Rguijiao_10_180,3,0.125,3125.0,3.380281686782837,0.20696482062339783,0.17858591675758362,0.15334948897361755,0.025236425921320915,0.11531952023506165,0.03802996128797531,0.03765588626265526,2.711435520552641e-10,0.0003740749671123922,0.05865364149212837,1.6503732492402373e-22,0.05865364149212837,2.567112445831299,0.735758900642395,0.7067878246307373,0.8628255128860474,92.56509399414062,0.3366290330886841,-0.005447510629892349,0.3366290330886841,2.2059741020202637,1.668494462966919,2.1692614555358887
61,train,0,1.0,1.0,7,Rguijiao_10_180,4,0.15000000596046448,3750.0,4.867605686187744,0.25759854912757874,0.25106602907180786,0.2160525918006897,0.03501342609524727,0.1615157425403595,0.0545368492603302,0.05399860069155693,3.784184632316112e-10,0.0005382483941502869,0.08558405935764313,1.5256236692128003e-22,0.08558405935764313,2.496861457824707,0.735758900642395,0.6969661712646484,0.8097938895225525,81.95877838134766,0.33515703678131104,-0.0002687256783246994,0.33515703678131104,2.2066290378570557,1.6398820877075195,2.167571544647217
62,train,0,1.0,1.0,7,Rguijiao_10_180,5,0.17499999701976776,4375.0,6.625351905822754,0.36598169803619385,0.3322913646697998,0.28659313917160034,0.04569823294878006,0.21273067593574524,0.07386244833469391,0.07313045114278793,4.976546952306649e-10,0.0007319985306821764,0.11135508865118027,2.0521264767528563e-22,0.11135508865118027,2.416107177734375,0.735758900642395,0.6867249608039856,0.7638893723487854,72.77787780761719,0.33342692255973816,0.004487841855734587,0.33342692255973816,2.207216501235962,1.6080653667449951,2.165745258331299
63,train,0,1.0,1.0,7,Rguijiao_10_180,6,0.20000000298023224,5000.0,8.653521537780762,0.4905824661254883,0.4200846254825592,0.3631539046764374,0.05693073198199272,0.2672387361526489,0.09591516852378845,0.09495996683835983,6.255497231322238e-10,0.0009551983093842864,0.1347285360097885,2.5827889162917066e-22,0.1347285360097885,2.323814868927002,0.735758900642395,0.6759287118911743,0.7262254357337952,65.24508666992188,0.33144399523735046,0.00878099910914898,0.33144399523735046,2.2077341079711914,1.5722999572753906,2.163748025894165
64,val,0,1.0,1.0,7,Rguijiao_10_180,7,0.22499999403953552,5625.0,10.952113151550293,0.5705785155296326,0.511989176273346,0.4436466097831726,0.06834256649017334,0.3230561912059784,0.12059042602777481,0.11938273906707764,7.583653149900726e-10,0.0012076895218342543,0.15592226386070251,3.0440155665175137e-22,0.15592226386070251,2.219602584838867,0.735758900642395,0.664490282535553,0.6954247355461121,59.08494186401367,0.32921507954597473,0.012579564936459064,0.32921507954597473,2.2081754207611084,1.5320019721984863,2.161540985107422
65,train,0,1.0,1.0,7,Rguijiao_10_180,8,0.25,6250.0,13.521126747131348,0.6228553056716919,0.6054639220237732,0.5258659720420837,0.07959792762994766,0.37809422612190247,0.14777174592018127,0.14628246426582336,8.920714167359733e-10,0.0014892773469910026,0.17547550797462463,2.2171936016864357e-23,0.17547550797462463,2.1041765213012695,0.735758900642395,0.6523759365081787,0.6699312329292297,53.986244201660156,0.32674816250801086,0.015871774405241013,0.32674816250801086,2.2085318565368652,1.4868125915527344,2.1590802669525146
66,train,0,1.0,1.0,7,Rguijiao_10_180,9,0.2750000059604645,6875.0,16.360563278198242,0.7124390006065369,0.6982229351997375,0.607774019241333,0.09044893085956573,0.43044230341911316,0.17733174562454224,0.1755320280790329,1.0226127722390288e-09,0.0017997219692915678,0.19388872385025024,7.562424534232092e-23,0.19388872385025024,1.9797561168670654,0.735758900642395,0.6396121978759766,0.6485117077827454,49.702335357666016,0.3240526616573334,0.01866910047829151,0.3240526616573334,2.208794116973877,1.4366917610168457,2.156320333480835
67,train,0,1.0,1.0,7,Rguijiao_10_180,10,0.30000001192092896,7500.0,19.470422744750977,0.8545188307762146,0.7886737585067749,0.6878818273544312,0.10079192370176315,0.47874775528907776,0.2091340571641922,0.20699532330036163,1.1462986115873264e-09,0.0021387371234595776,0.21155567467212677,1.0924908170679377e-22,0.21155567467212677,1.850232720375061,0.735758900642395,0.6262912750244141,0.6302563548088074,46.05126953125,0.32113975286483765,0.021006159484386444,0.32113975286483765,2.2089531421661377,1.3820171356201172,2.1532185077667236
68,val,0,1.0,1.0,7,Rguijiao_10_180,11,0.32499998807907104,8125.0,22.850704193115234,0.8390063047409058,0.8762987852096558,0.7655973434448242,0.11070143431425095,0.5225626230239868,0.2430347502231598,0.24052876234054565,1.2602152654750398e-09,0.0025059909094125032,0.2287716269493103,1.0258254441451584e-22,0.2287716269493103,1.720813274383545,0.735758900642395,0.6125636100769043,0.6144993305206299,42.899864196777344,0.3180218040943146,0.02293790504336357,0.3180218040943146,2.20900297164917,1.3236140012741089,2.149740219116211
69,train,0,1.0,1.0,7,Rguijiao_10_180,12,0.3499999940395355,8750.0,26.501407623291016,0.9622376561164856,0.9617769718170166,0.8413581848144531,0.12041875720024109,0.5624729990959167,0.278885155916214,0.2759840488433838,1.3625481853907218e-09,0.0029011210426688194,0.24575474858283997,5.467691490661632e-23,0.24575474858283997,1.5970840454101562,0.735758900642395,0.5986184477806091,0.60074782371521,40.14957046508789,0.3147127628326416,0.024541258811950684,0.3147127628326416,2.2089412212371826,1.262700080871582,2.1458680629730225
70,train,0,1.0,1.0,7,Rguijiao_10_180,13,0.375,9375.0,30.422534942626953,0.9720920324325562,1.0467314720153809,0.916439950466156,0.13029153645038605,0.5999060273170471,0.3165339231491089,0.3132101595401764,1.4526714275930885e-09,0.003323750337585807,0.26266583800315857,7.47635223640779e-23,0.26266583800315857,1.4838255643844604,0.735758900642395,0.5846534371376038,0.588631272315979,37.72625732421875,0.3112280070781708,0.02592548355460167,0.3112280070781708,2.2087700366973877,1.200717568397522,2.141603469848633
71,train,0,1.0,1.0,7,Rguijiao_10_180,14,0.4000000059604645,10000.0,34.61408615112305,1.132528305053711,1.1332017183303833,0.9925171136856079,0.1406845897436142,0.6366879940032959,0.3558291494846344,0.3520556390285492,1.5310042122962386e-09,0.003773503005504608,0.27962347865104675,9.780122691353507e-23,0.27962347865104675,1.3841042518615723,0.735758900642395,0.5708471536636353,0.5778660178184509,35.57320785522461,0.3075837790966034,0.027225682511925697,0.3075837790966034,2.2084946632385254,1.1391239166259766,2.136967182159424
72,train,0,1.0,1.0,7,Rguijiao_10_180,15,0.42500001192092896,10625.0,39.07605743408203,1.1095962524414062,1.223097801208496,1.071197509765625,0.15190033614635468,0.6745763421058655,0.3966211676597595,0.39237114787101746,1.5986696411118828e-09,0.004250017460435629,0.2967153787612915,2.1048702217469125e-22,0.2967153787612915,1.2990186214447021,0.735758900642395,0.5573395490646362,0.5682315826416016,33.64631271362305,0.30379754304885864,0.02860453724861145,0.30379754304885864,2.2081236839294434,1.0791841745376587,2.1319944858551025
73,train,0,1.0,1.0,7,Rguijiao_10_180,16,0.44999998807907104,11250.0,43.80845260620117,1.2849382162094116,1.3178400993347168,1.153707504272461,0.16413253545761108,0.7149434685707092,0.4387640655040741,0.4340111315250397,1.657163628543401e-09,0.004752947483211756,0.3140062093734741,3.8367051608103614e-23,0.3140062093734741,1.228029727935791,0.735758900642395,0.544227123260498,0.5595534443855286,31.910694122314453,0.2998873293399811,0.030232921242713928,0.2998873293399811,2.20766544342041,1.0218677520751953,2.1267244815826416
74,train,0,1.0,1.0,7,Rguijiao_10_180,17,0.4749999940395355,11875.0,48.8112678527832,1.3797824382781982,1.4182556867599487,1.2407982349395752,0.17745749652385712,0.7586811780929565,0.48211705684661865,0.47683510184288025,1.7080764580512664e-09,0.00528195034712553,0.3315436840057373,5.124632796158822e-22,0.3315436840057373,1.1695915460586548,0.735758900642395,0.5315691232681274,0.5516924262046814,30.33848762512207,0.29587146639823914,0.03227668255567551,0.29587146639823914,2.207127571105957,0.9678205251693726,2.1211934089660645
75,train,0,1.0,1.0,7,Rguijiao_10_180,18,0.5,12500.0,54.08450698852539,1.528909683227539,1.5246467590332031,1.3327960968017578,0.1918506920337677,0.8062505722045898,0.5265454649925232,0.5207087993621826,1.7529369067403877e-09,0.005836671683937311,0.34936264157295227,7.7245628395056395e-22,0.34936264157295227,1.1217398643493652,0.735758900642395,0.5193965435028076,0.544535219669342,28.90704917907715,0.29176846146583557,0.03487873077392578,0.29176846146583557,2.206515312194824,0.917406439781189,2.115429162979126
76,val,0,1.0,1.0,8,guijiao_20_0,0,0.05000000074505806,1250.0,4.0,0.03274283930659294,0.03838810697197914,0.03449039161205292,0.0038977148942649364,0.01618397794663906,0.018306415528059006,0.011969642713665962,0.006216973531991243,0.00011980035196756944,0.01904510147869587,0.008109244517982006,0.008109244517982006,2.2516837120056152,0.735758900642395,0.7131093740463257,0.6207086443901062,44.14173126220703,0.6660148501396179,-0.0027028610929846764,0.6660148501396179,2.1953704357147217,1.57988703250885,2.171006917953491
77,train,0,1.0,1.0,8,guijiao_20_0,1,0.07500000298023224,1875.0,9.0,0.1314956545829773,0.07775222510099411,0.07103131711483002,0.006720910780131817,0.03206796199083328,0.03896335884928703,0.02652447670698166,0.012170103378593922,0.00026877803611569107,0.03737829253077507,0.012877439148724079,0.012877439148724079,1.982946515083313,0.735758900642395,0.6791386604309082,0.5476172566413879,29.523452758789062,0.6611067652702332,0.014188888482749462,0.6611067652702332,2.194884777069092,1.4432997703552246,2.1647837162017822
78,train,0,1.0,1.0,8,guijiao_20_0,2,0.10000000149011612,2500.0,16.0,0.1263606995344162,0.12400656938552856,0.11487974971532822,0.009126820601522923,0.049701906740665436,0.06517784297466278,0.04615176096558571,0.01854999177157879,0.00047609079047106206,0.05183761939406395,0.01717318408191204,0.01717318408191204,1.7287617921829224,0.735758900642395,0.6456457376480103,0.5097271203994751,21.9454288482666,0.6543931365013123,0.02405538409948349,0.6543931365013123,2.193596839904785,1.3016451597213745,2.156914472579956
79,train,0,1.0,1.0,8,guijiao_20_0,3,0.125,3125.0,25.0,0.10596927255392075,0.17443054914474487,0.16338974237442017,0.011040802113711834,0.06790203601121902,0.09548771381378174,0.07015566527843475,0.02459145151078701,0.000740592775400728,0.06461422890424728,0.02142789214849472,0.02142789214849472,1.5115582942962646,0.735758900642395,0.6134822368621826,0.48791635036468506,17.583267211914062,0.6460661888122559,0.027478529140353203,0.6460661888122559,2.1915180683135986,1.1622655391693115,2.1473493576049805
80,train,0,1.0,1.0,8,guijiao_20_0,4,0.15000000596046448,3750.0,36.0,0.2565729320049286,0.22806230187416077,0.21542495489120483,0.01263734046369791,0.08670466393232346,0.12872029840946198,0.09773817658424377,0.02992119826376438,0.0010609178571030498,0.07707758992910385,0.02586590126156807,0.02586590126156807,1.3403618335723877,0.735758900642395,0.5833472013473511,0.47369226813316345,14.738452911376953,0.6363974213600159,0.02556682378053665,0.6363974213600159,2.1886303424835205,1.0327913761138916,2.136202573776245
81,train,0,1.0,1.0,8,guijiao_20_0,5,0.17499999701976776,4375.0,49.0,0.34047091007232666,0.2847730815410614,0.2706882357597351,0.01408485509455204,0.10668686777353287,0.16400137543678284,0.1280747503042221,0.03449106961488724,0.001435549813322723,0.08983232080936432,0.030577916651964188,0.030577916651964188,1.2117053270339966,0.735758900642395,0.5555667281150818,0.4635932743549347,12.71865463256836,0.625722348690033,0.01991053856909275,0.625722348690033,2.1848816871643066,0.9184120893478394,2.123662233352661
82,train,0,1.0,1.0,8,guijiao_20_0,6,0.20000000298023224,5000.0,64.0,0.37226971983909607,0.3445381224155426,0.32910817861557007,0.015429932624101639,0.12841083109378815,0.20069734752178192,0.16038727760314941,0.03844723105430603,0.001862844917923212,0.1031419187784195,0.0355924554169178,0.0355924554169178,1.1166157722473145,0.735758900642395,0.530180811882019,0.45599478483200073,11.198957443237305,0.6144068837165833,0.012242517434060574,0.6144068837165833,2.180183172225952,0.821342408657074,2.1098902225494385
83,train,0,1.0,1.0,8,guijiao_20_0,7,0.22499999403953552,5625.0,81.0,0.4480170011520386,0.4071742594242096,0.3905876576900482,0.01658659614622593,0.15223675966262817,0.23835089802742004,0.19399559497833252,0.04201431944966316,0.0023409922141581774,0.11711513996124268,0.04091043025255203,0.04091043025255203,1.0459637641906738,0.735758900642395,0.5070894956588745,0.45003658533096313,10.007320404052734,0.6028056144714355,0.004103932064026594,0.6028056144714355,2.1744048595428467,0.7414654493331909,2.0949716567993164
84,train,0,1.0,1.0,8,guijiao_20_0,8,0.25,6250.0,100.0,0.5355852842330933,0.4723396897315979,0.45496970415115356,0.01736999861896038,0.17834441363811493,0.27662530541419983,0.22833853960037231,0.045418836176395416,0.0028679457027465105,0.1317870318889618,0.046520885080099106,0.046520885080099106,0.9925253987312317,0.735758900642395,0.48614299297332764,0.4452192783355713,9.043856620788574,0.5912248492240906,-0.0033223077189177275,0.5912248492240906,2.1673755645751953,0.6772284507751465,2.0789027214050293
85,train,0,1.0,1.0,8,guijiao_20_0,9,0.2750000059604645,6875.0,121.0,0.537065327167511,0.5395894646644592,0.5220553278923035,0.01753414422273636,0.2067996859550476,0.31525564193725586,0.26296547055244446,0.048848796635866165,0.0034413523972034454,0.14715644717216492,0.052408237010240555,0.052408237010240555,0.9511446952819824,0.735758900642395,0.46717631816864014,0.4412316679954529,8.246335983276367,0.5799024105072021,-0.009219488129019737,0.5799024105072021,2.15887713432312,0.6263988018035889,2.061612367630005
86,train,0,1.0,1.0,8,guijiao_20_0,10,0.30000001192092896,7500.0,144.0,0.6555957198143005,0.6084146499633789,0.5916116237640381,0.01680302619934082,0.2376018464565277,0.354009747505188,0.2975098192691803,0.05244144797325134,0.004058488644659519,0.16320447623729706,0.05855567753314972,0.05855567753314972,0.9182680249214172,0.735758900642395,0.45002108812332153,0.43786895275115967,7.573787689208984,0.5690034031867981,-0.013050766661763191,0.5690034031867981,2.1486363410949707,0.586600661277771,2.0429844856262207
87,train,0,1.0,1.0,8,guijiao_20_0,11,0.32499998807907104,8125.0,169.0,0.7337173223495483,0.6782617568969727,0.6633696556091309,0.014892129227519035,0.27070942521095276,0.3926602005958557,0.33165615797042847,0.056287843734025955,0.004716197028756142,0.17990387976169586,0.064946748316288,0.064946748316288,0.8914538621902466,0.735758900642395,0.4345105290412903,0.43499016761779785,6.998030662536621,0.5586283802986145,-0.01446456741541624,0.5586283802986145,2.136314630508423,0.5556366443634033,2.02287220954895
88,train,0,1.0,1.0,8,guijiao_20_0,12,0.3499999940395355,8750.0,196.0,0.7751927375793457,0.7485394477844238,0.737016499042511,0.011522969231009483,0.30605223774909973,0.43096426129341125,0.3651092052459717,0.060444243252277374,0.005410823039710522,0.19722402095794678,0.07156606018543243,0.07156606018543243,0.8690037131309509,0.735758900642395,0.4204862713813782,0.4324948787689209,6.498973846435547,0.5488278269767761,-0.013225341215729713,0.5488278269767761,2.1214988231658936,0.5316309928894043,2.001107931137085
89,val,0,1.0,1.0,8,guijiao_20_0,13,0.375,9375.0,225.0,0.7986027598381042,0.8186243772506714,0.812190055847168,0.006434294395148754,0.3435419201850891,0.46864816546440125,0.39756637811660767,0.06494363397359848,0.006138148717582226,0.2151336669921875,0.07839954644441605,0.07839954644441605,0.8497268557548523,0.735758900642395,0.40780389308929443,0.43030932545661926,6.06186580657959,0.5396161079406738,-0.009163579903542995,0.5396161079406738,2.103687286376953,0.5130573511123657,1.9775071144104004
90,train,0,1.0,1.0,8,guijiao_20_0,14,0.4000000059604645,10000.0,256.0,0.884392499923706,0.8878670930862427,0.8884749412536621,-0.0006078406004235148,0.3830799162387848,0.5053950548171997,0.4286969006061554,0.069804847240448,0.00689333351328969,0.23360233008861542,0.08543454110622406,0.08543454110622406,0.8327823281288147,0.735758900642395,0.39633673429489136,0.42837801575660706,5.675602912902832,0.5309845209121704,-0.002156550530344248,0.5309845209121704,2.082282066345215,0.49870583415031433,1.9518769979476929
91,val,0,1.0,1.0,8,guijiao_20_0,15,0.42500001192092896,10625.0,289.0,1.0040017366409302,0.9556026458740234,0.965402364730835,-0.009799711406230927,0.4245680570602417,0.5408343076705933,0.4581245183944702,0.07503890246152878,0.007670873776078224,0.2526010274887085,0.09265967458486557,0.09265967458486557,0.8175825476646423,0.735758900642395,0.3859768211841583,0.4266582429409027,5.331648349761963,0.5229100584983826,0.007886316627264023,0.5229100584983826,2.0565855503082275,0.4876302480697632,1.9240227937698364
92,train,0,1.0,1.0,8,guijiao_20_0,16,0.44999998807907104,11250.0,324.0,1.018639326095581,1.0211619138717651,1.0424506664276123,-0.02128872647881508,0.46791595220565796,0.5745346546173096,0.4854170083999634,0.08065306395292282,0.008464589715003967,0.2721027135848999,0.10006482899188995,0.10006482899188995,0.8037204146385193,0.735758900642395,0.3766331076622009,0.4251165986061096,5.02332067489624,0.5153622627258301,0.02101908065378666,0.5153622627258301,2.0258073806762695,0.4790938198566437,1.89375638961792
93,train,0,1.0,1.0,8,guijiao_20_0,17,0.4749999940395355,11875.0,361.0,1.1686152219772339,1.0838918685913086,1.1190521717071533,-0.03516029939055443,0.513049840927124,0.6060022711753845,0.5100812315940857,0.08665341883897781,0.009267653338611126,0.2920822501182556,0.10764095932245255,0.10764095932245255,0.7909234166145325,0.735758900642395,0.36822956800460815,0.42372652888298035,4.74530553817749,0.5083069801330566,0.03725919499993324,0.5083069801330566,1.989091157913208,0.4725230634212494,1.8609116077423096
94,train,0,1.0,1.0,8,guijiao_20_0,18,0.5,12500.0,400.0,1.143523097038269,1.1431809663772583,1.1946055889129639,-0.051424652338027954,0.5599178075790405,0.6346877217292786,0.5315687656402588,0.09304627776145935,0.010072646662592888,0.31251654028892517,0.11538002640008926,0.11538002640008926,0.7790160179138184,0.7357589602470398,0.3607008457183838,0.42246657609939575,4.493317604064941,0.5017093420028687,0.05657915771007538,0.5017093420028687,1.9455621242523193,0.4674713611602783,1.8253523111343384
95,train,0,1.0,1.0,9,guijiao_20_180,0,0.05000000074505806,1250.0,4.0,0.08496236801147461,0.04207184165716171,0.03392254561185837,0.00814929697662592,0.02180103212594986,0.012121515348553658,0.012002192437648773,8.826989139620878e-11,0.00011932272900594398,0.01904510147869587,3.115521200628112e-22,0.01904510147869587,3.033186674118042,0.735758900642395,0.7312561869621277,0.838975191116333,87.79503631591797,0.33601486682891846,-0.022472957149147987,0.33601486682891846,2.201340436935425,1.640617847442627,2.162351608276367
96,train,0,1.0,1.0,9,guijiao_20_180,1,0.07500000298023224,1875.0,9.0,0.20686888694763184,0.09373815357685089,0.07537443935871124,0.018363716080784798,0.04847798869013786,0.02689645253121853,0.026628395542502403,1.8237830690104317e-10,0.0002680562320165336,0.03737829253077507,3.9326089374331247e-22,0.03737829253077507,2.9976725578308105,0.735758900642395,0.7098175883293152,0.7209258079528809,64.1851577758789,0.3311067819595337,-0.010530151426792145,0.3311067819595337,2.203484058380127,1.5520597696304321,2.1589701175689697
97,train,0,1.0,1.0,9,guijiao_20_180,2,0.10000000149011612,2500.0,16.0,0.23048630356788635,0.16325940191745758,0.131143257021904,0.03211614489555359,0.08426877111196518,0.046874482184648514,0.04639863222837448,2.940609977741815e-10,0.0004758489376399666,0.05183761939406395,7.925297521407882e-22,0.05183761939406395,2.9310874938964844,0.735758900642395,0.6866016387939453,0.6509374380111694,50.1874885559082,0.3243931233882904,-0.0014632054371759295,0.3243931233882904,2.2053306102752686,1.4552479982376099,2.1558187007904053
98,train,0,1.0,1.0,9,guijiao_20_180,3,0.125,3125.0,25.0,0.37194958329200745,0.24635928869247437,0.19798076152801514,0.048378534615039825,0.12659399211406708,0.07138676196336746,0.07064443826675415,4.100511596938361e-10,0.0007423202623613179,0.06461422890424728,6.314029432525771e-23,0.06461422890424728,2.8180923461914062,0.735758900642395,0.6611790060997009,0.6060657501220703,41.2131462097168,0.3160662055015564,0.004535615909844637,0.3160662055015564,2.2067861557006836,1.348663091659546,2.152358055114746
99,train,0,1.0,1.0,9,guijiao_20_180,4,0.15000000596046448,3750.0,36.0,0.4915699362754822,0.33587515354156494,0.2703927755355835,0.06548239290714264,0.17073525488376617,0.09965750575065613,0.09859070926904678,5.186832630066363e-10,0.0010667990427464247,0.07707758992910385,1.1234837105300057e-22,0.07707758992910385,2.639385223388672,0.735758900642395,0.6340359449386597,0.5746968984603882,34.93937683105469,0.306397408246994,0.007366069592535496,0.306397408246994,2.2077207565307617,1.2354079484939575,2.1480448246002197
100,val,0,1.0,1.0,9,guijiao_20_180,5,0.17499999701976776,4375.0,49.0,0.4082214832305908,0.42236292362213135,0.3410196900367737,0.08134323358535767,0.2101394087076187,0.13088028132915497,0.1294320523738861,6.140592478942608e-10,0.001448224182240665,0.08983232080936432,1.3686390868963706e-22,0.08983232080936432,2.386676549911499,0.735758900642395,0.6065160036087036,0.551417887210846,30.2835750579834,0.2957223355770111,0.007219902705401182,0.2957223355770111,2.208036422729492,1.1233017444610596,2.142411708831787
101,train,0,1.0,1.0,9,guijiao_20_180,6,0.20000000298023224,5000.0,64.0,0.6384890079498291,0.4987039864063263,0.40419524908065796,0.09450873732566833,0.23989704251289368,0.1642981916666031,0.16241292655467987,6.98387292441538e-10,0.0018852588254958391,0.1031419187784195,1.1510744046800364e-22,0.1031419187784195,2.0860610008239746,0.735758900642395,0.580441951751709,0.533397376537323,26.679471969604492,0.2844069302082062,0.004559163004159927,0.2844069302082062,2.2077183723449707,1.0220731496810913,2.1352765560150146
102,train,0,1.0,1.0,9,guijiao_20_180,7,0.22499999403953552,5625.0,81.0,0.6797599196434021,0.56587815284729,0.46057379245758057,0.10530433803796768,0.26130709052085876,0.1992666870355606,0.19689002633094788,7.791918776867135e-10,0.0023766634985804558,0.11711513996124268,1.050909643209376e-21,0.11711513996124268,1.7953468561172485,0.735758900642395,0.557336688041687,0.5190048217773438,23.800962448120117,0.2728056013584137,4.3861567974090576e-05,0.2728056013584137,2.2068471908569336,0.9383531212806702,2.126894235610962
103,val,0,1.0,1.0,9,guijiao_20_180,8,0.25,6250.0,100.0,0.6456429958343506,0.6311386823654175,0.5158289670944214,0.1153096854686737,0.2805459201335907,0.2352830320596695,0.23236136138439178,8.635626658204387e-10,0.002921669976785779,0.1317870318889618,2.441323209599568e-21,0.1317870318889618,1.5612989664077759,0.735758900642395,0.5377998948097229,0.507230281829834,21.44605827331543,0.26122480630874634,-0.005444150418043137,0.26122480630874634,2.2055599689483643,0.8729667067527771,2.1178460121154785
104,train,0,1.0,1.0,9,guijiao_20_180,9,0.2750000059604645,6875.0,121.0,0.7804605960845947,0.7008349895477295,0.5749999284744263,0.12583503127098083,0.30301952362060547,0.2719803750514984,0.26846036314964294,9.549288026988734e-10,0.0035200025886297226,0.14715644717216492,7.467274025110506e-22,0.14715644717216492,1.3936936855316162,0.735758900642395,0.5215706825256348,0.49741220474243164,19.482440948486328,0.24990242719650269,-0.010885708034038544,0.24990242719650269,2.203988790512085,0.8226155638694763,2.108729362487793
105,train,0,1.0,1.0,9,guijiao_20_180,10,0.30000001192092896,7500.0,144.0,0.7066598534584045,0.7775743007659912,0.6401909589767456,0.137383371591568,0.33108898997306824,0.30910196900367737,0.30493035912513733,1.053654830052153e-09,0.004171602427959442,0.16320447623729706,1.0497243475137566e-20,0.16320447623729706,1.2795709371566772,0.735758900642395,0.5080081224441528,0.48909759521484375,17.819517135620117,0.23900337517261505,-0.015411533415317535,0.23900337517261505,2.20222806930542,0.7830504775047302,2.099924325942993
106,train,0,1.0,1.0,9,guijiao_20_180,11,0.32499998807907104,8125.0,169.0,0.8475066423416138,0.8615714311599731,0.71160888671875,0.14996251463890076,0.36513751745224,0.3464713394641876,0.34159499406814575,1.158771745224385e-09,0.004876347258687019,0.17990387976169586,1.9914623663219895e-20,0.17990387976169586,1.2024080753326416,0.735758900642395,0.4964650273323059,0.48196521401405334,16.393043518066406,0.22862841188907623,-0.018493345007300377,0.22862841188907623,2.200334072113037,0.750839352607727,2.0915639400482178
107,train,0,1.0,1.0,9,guijiao_20_180,12,0.3499999940395355,8750.0,196.0,0.8986618518829346,0.9522086977958679,0.7887955904006958,0.16341310739517212,0.40482887625694275,0.38396674394607544,0.37833282351493835,1.2690388739855507e-09,0.005633926950395107,0.19722402095794678,3.602878215793624e-20,0.19722402095794678,1.1494698524475098,0.735758900642395,0.48642221093177795,0.4757799208164215,15.155984878540039,0.21882782876491547,-0.01992480270564556,0.21882782876491547,2.198335886001587,0.7236523628234863,2.0836193561553955
108,train,0,1.0,1.0,9,guijiao_20_180,13,0.375,9375.0,225.0,0.9627761244773865,1.0487465858459473,0.871192455291748,0.177554190158844,0.44969022274017334,0.4215022325515747,0.4150584042072296,1.3833358902815007e-09,0.006443839054554701,0.2151336669921875,6.256844559669679e-20,0.2151336669921875,1.1122772693634033,0.735758900642395,0.47749775648117065,0.4703657627105713,14.073150634765625,0.20961612462997437,-0.019707920029759407,0.20961612462997437,2.196244716644287,0.7000003457069397,2.0759904384613037
109,train,0,1.0,1.0,9,guijiao_20_180,14,0.4000000059604645,10000.0,256.0,1.150991439819336,1.1505255699157715,0.9583033323287964,0.1922222524881363,0.4992881715297699,0.4590151906013489,0.4517097771167755,1.500736201975883e-09,0.0073054139502346516,0.23360233008861542,1.048540348326812e-19,0.23360233008861542,1.0854089260101318,0.735758900642395,0.4694175720214844,0.4655887186527252,13.117743492126465,0.20098452270030975,-0.017940010875463486,0.20098452270030975,2.194061040878296,0.6789370179176331,2.068559408187866
110,train,0,1.0,1.0,9,guijiao_20_180,15,0.42500001192092896,10625.0,289.0,1.2544622421264648,1.2569912672042847,1.0497158765792847,0.20727543532848358,0.5532582402229309,0.49645763635635376,0.48823976516723633,1.6205130570767778e-09,0.008217858150601387,0.2526010274887085,1.7030078461772696e-19,0.2526010274887085,1.0653986930847168,0.735758900642395,0.4619872570037842,0.4613442122936249,12.268844604492188,0.1929100602865219,-0.014754366129636765,0.1929100602865219,2.191777229309082,0.6598560810089111,2.061218500137329
111,train,0,1.0,1.0,9,guijiao_20_180,16,0.44999998807907104,11250.0,324.0,1.3411883115768433,1.3676776885986328,1.1450883150100708,0.222589373588562,0.6112958788871765,0.5337924361228943,0.5246121883392334,1.7421214471013968e-09,0.009180274792015553,0.2721027135848999,2.690328686616003e-19,0.2721027135848999,1.0499982833862305,0.735758900642395,0.4550686478614807,0.4575488269329071,11.509765625,0.18536223471164703,-0.010279920883476734,0.18536223471164703,2.1893818378448486,0.6423637270927429,2.0538744926452637
112,train,0,1.0,1.0,9,guijiao_20_180,17,0.4749999940395355,11875.0,361.0,1.5874711275100708,1.4821802377700806,1.2441285848617554,0.238051638007164,0.6731398105621338,0.5709887742996216,0.5607970952987671,1.865180010440781e-09,0.010191671550273895,0.2920822501182556,2.5470766692546686e-18,0.2920822501182556,1.0377200841903687,0.735758900642395,0.4485630393028259,0.45413661003112793,10.827320098876953,0.17830699682235718,-0.0046348669566214085,0.17830699682235718,2.1868607997894287,0.6262021064758301,2.0464510917663574
113,train,0,1.0,1.0,9,guijiao_20_180,18,0.5,12500.0,400.0,1.6530265808105469,1.6001378297805786,1.3465805053710938,0.2535572946071625,0.7385607957839966,0.6080196499824524,0.5967686772346497,1.989455489237457e-09,0.011250946670770645,0.31251654028892517,1.337401227409797e-18,0.31251654028892517,1.0275627374649048,0.735758900642395,0.44239988923072815,0.45105257630348206,10.210517883300781,0.171709343791008,0.0020825404208153486,0.171709343791008,2.184196710586548,0.6112005710601807,2.0388829708099365
114,train,0,1.0,1.0,10,guijiao_10_0,0,0.05000000074505806,1250.0,4.0,0.061789702624082565,0.023095306009054184,0.022297445684671402,0.0007978598005138338,0.013020920567214489,0.009276524186134338,0.005987976212054491,0.0032286965288221836,5.985131792840548e-05,0.009522550739347935,0.004054622258991003,0.004054622258991003,1.8116060495376587,0.735758900642395,0.7145888805389404,0.6207086443901062,44.14173126220703,0.6660148501396179,-0.0006906780181452632,0.6660148501396179,2.1965277194976807,1.6375861167907715,2.169236183166504
115,train,0,1.0,1.0,10,guijiao_10_0,1,0.07500000298023224,1875.0,9.0,0.07487817108631134,0.047083787620067596,0.04634319990873337,0.0007405877695418894,0.026207514107227325,0.02013568766415119,0.013270162977278233,0.006731150671839714,0.00013437257439363748,0.018689146265387535,0.0064387195743620396,0.0064387195743620396,1.6205612421035767,0.735758900642395,0.6935798525810242,0.5476172566413879,29.523452758789062,0.6611067652702332,0.007647920399904251,0.6611067652702332,2.1961963176727295,1.5633044242858887,2.1645185947418213
116,train,0,1.0,1.0,10,guijiao_10_0,2,0.10000000149011612,2500.0,16.0,0.08106280863285065,0.07698928564786911,0.07687148451805115,0.00011780335626099259,0.04244290664792061,0.03442858159542084,0.023097125813364983,0.011093097738921642,0.0002383592800470069,0.025918809697031975,0.00858659204095602,0.00858659204095602,1.476274847984314,0.735758900642395,0.6744487285614014,0.5097271203994751,21.9454288482666,0.6543931365013123,0.012621838599443436,0.6543931365013123,2.1956162452697754,1.490311622619629,2.1597585678100586
117,train,0,1.0,1.0,10,guijiao_10_0,3,0.125,3125.0,25.0,0.11539952456951141,0.11174533516168594,0.1128101497888565,-0.0010648134630173445,0.06126679480075836,0.051543354988098145,0.035130709409713745,0.016041049733757973,0.00037159924977459013,0.03230711445212364,0.01071394607424736,0.01071394607424736,1.3638520240783691,0.735758900642395,0.6564687490463257,0.48791635036468506,17.583267211914062,0.6460661888122559,0.01524573378264904,0.6460661888122559,2.19482159614563,1.4170067310333252,2.15490460395813
118,val,0,1.0,1.0,10,guijiao_10_0,4,0.15000000596046448,3750.0,36.0,0.22257539629936218,0.15051007270812988,0.15327565371990204,-0.002765579614788294,0.08242911100387573,0.0708465427160263,0.0489850789308548,0.021327590569853783,0.0005338721675798297,0.038538794964551926,0.012932950630784035,0.012932950630784035,1.2742664813995361,0.735758900642395,0.6393439769744873,0.47369226813316345,14.738452911376953,0.6363974213600159,0.016003049910068512,0.6363974213600159,2.1938250064849854,1.3433771133422852,2.1499481201171875
119,train,0,1.0,1.0,10,guijiao_10_0,5,0.17499999701976776,4375.0,49.0,0.19035470485687256,0.19258759915828705,0.19752642512321472,-0.004938819911330938,0.10579613596200943,0.09173028916120529,0.0642644613981247,0.02674087882041931,0.0007249502814374864,0.04491616040468216,0.015288958325982094,0.015288958325982094,1.2015888690948486,0.735758900642395,0.6229340434074402,0.4635932743549347,12.71865463256836,0.625722348690033,0.015197222121059895,0.625722348690033,2.192629337310791,1.2700790166854858,2.1448917388916016
120,val,0,1.0,1.0,10,guijiao_10_0,6,0.20000000298023224,5000.0,64.0,0.2699236571788788,0.23741218447685242,0.24495764076709747,-0.007545457221567631,0.1313031017780304,0.11365453898906708,0.08060014247894287,0.03210980072617531,0.0009445977048017085,0.05157095938920975,0.0177962277084589,0.0177962277084589,1.1417659521102905,0.735758900642395,0.6071563363075256,0.45599478483200073,11.198957443237305,0.6144068837165833,0.01310358289629221,0.6144068837165833,2.191234588623047,1.197981834411621,2.139735221862793
121,train,0,1.0,1.0,10,guijiao_10_0,7,0.22499999403953552,5625.0,81.0,0.29202887415885925,0.28454381227493286,0.29509949684143066,-0.010555681772530079,0.15892502665519714,0.13617445528507233,0.0976773053407669,0.0373045839369297,0.0011925635626539588,0.05855756998062134,0.020455215126276016,0.020455215126276016,1.0919164419174194,0.735758900642395,0.5919506549835205,0.45003658533096313,10.007320404052734,0.6028056144714355,0.010014735162258148,0.6028056144714355,2.1896374225616455,1.1279371976852417,2.1344683170318604
122,train,0,1.0,1.0,10,guijiao_10_0,8,0.25,6250.0,100.0,0.29831641912460327,0.3336574137210846,0.3476084768772125,-0.013951067812740803,0.18865786492824554,0.15895061194896698,0.11524683237075806,0.04223519191145897,0.0014685773057863116,0.0658935159444809,0.023260442540049553,0.023260442540049553,1.049921989440918,0.735758900642395,0.5772700905799866,0.4452192783355713,9.043856620788574,0.5912248492240906,0.006240176968276501,0.5912248492240906,2.1878318786621094,1.0606904029846191,2.129070520401001
123,train,0,1.0,1.0,10,guijiao_10_0,9,0.2750000059604645,6875.0,121.0,0.4310641288757324,0.3845224380493164,0.402248352766037,-0.01772592030465603,0.2205047756433487,0.1817435771226883,0.1331230103969574,0.04684821888804436,0.0017723391065374017,0.07357822358608246,0.026204118505120277,0.026204118505120277,1.0141793489456177,0.735758900642395,0.5630795955657959,0.4412316679954529,8.246335983276367,0.5799024105072021,0.002080335048958659,0.5799024105072021,2.18580961227417,0.9968531131744385,2.123511791229248
124,train,0,1.0,1.0,10,guijiao_10_0,10,0.30000001192092896,7500.0,144.0,0.40116769075393677,0.4369781017303467,0.45886677503585815,-0.021888667717576027,0.2544676959514618,0.20439909398555756,0.15117265284061432,0.05112293362617493,0.0021035142708569765,0.08160223811864853,0.02927783876657486,0.02927783876657486,0.9834499359130859,0.735758900642395,0.5493561029434204,0.43786895275115967,7.573787689208984,0.5690034031867981,-0.0021877719555050135,0.5690034031867981,2.183558702468872,0.9368984699249268,2.1177573204040527
125,train,0,1.0,1.0,10,guijiao_10_0,11,0.32499998807907104,8125.0,169.0,0.506271243095398,0.49091145396232605,0.5173739194869995,-0.026462474837899208,0.290543794631958,0.2268301099538803,0.16930167376995087,0.055066708475351334,0.002461725613102317,0.08995193988084793,0.032473374158144,0.032473374158144,0.9567689299583435,0.735758900642395,0.5360876321792603,0.43499016761779785,6.998030662536621,0.5586283802986145,-0.006323366891592741,0.5586283802986145,2.1810641288757324,0.881170392036438,2.1117677688598633
126,train,0,1.0,1.0,10,guijiao_10_0,12,0.3499999940395355,8750.0,196.0,0.5606998205184937,0.5462378859519958,0.5777217745780945,-0.031483910977840424,0.3287235200405121,0.2489982545375824,0.18744292855262756,0.05870876833796501,0.0028465487994253635,0.09861201047897339,0.03578303009271622,0.03578303009271622,0.9333764910697937,0.735758900642395,0.5232694149017334,0.4324948787689209,6.498973846435547,0.5488278269767761,-0.010126730427145958,0.5488278269767761,2.178306818008423,0.8298790454864502,2.1055026054382324
127,train,0,1.0,1.0,10,guijiao_10_0,13,0.375,9375.0,225.0,0.5885866284370422,0.6028885841369629,0.6398900747299194,-0.03700151666998863,0.36899158358573914,0.2708985209465027,0.20554660260677338,0.06209441274404526,0.0032575067598372698,0.10756683349609375,0.03919977322220802,0.03919977322220802,0.9126748442649841,0.735758900642395,0.5109034776687622,0.43030932545661926,6.06186580657959,0.5396161079406738,-0.013432944193482399,0.5396161079406738,2.1752631664276123,0.7831128835678101,2.0989203453063965
128,val,0,1.0,1.0,10,guijiao_10_0,14,0.4000000059604645,10000.0,256.0,0.6958703994750977,0.6608012914657593,0.7038750648498535,-0.04307379573583603,0.4113280773162842,0.29254698753356934,0.22357426583766937,0.06527864933013916,0.0036940628197044134,0.11680116504430771,0.04271727055311203,0.04271727055311203,0.894191324710846,0.735758900642395,0.4989939033985138,0.42837801575660706,5.675602912902832,0.5309845209121704,-0.016112063080072403,0.5309845209121704,2.171905994415283,0.7408479452133179,2.091979503631592
129,train,0,1.0,1.0,10,guijiao_10_0,15,0.42500001192092896,10625.0,289.0,0.6730650663375854,0.7199141979217529,0.7696805000305176,-0.04976627230644226,0.45571011304855347,0.3139704167842865,0.24149417877197266,0.06832063943147659,0.004155615344643593,0.12630051374435425,0.046329837292432785,0.046329837292432785,0.8775521516799927,0.735758900642395,0.48754626512527466,0.4266582429409027,5.331648349761963,0.5229100584983826,-0.018063418567180634,0.5229100584983826,2.1682028770446777,0.7029613852500916,2.0846383571624756
130,val,0,1.0,1.0,10,guijiao_10_0,16,0.44999998807907104,11250.0,324.0,0.6925672888755798,0.7801638841629028,0.8373133540153503,-0.05714946985244751,0.5021135807037354,0.335199773311615,0.2592790722846985,0.07127919793128967,0.004641501698642969,0.13605135679244995,0.05003241449594498,0.05003241449594498,0.8624602556228638,0.735758900642395,0.47656503319740295,0.4251165986061096,5.02332067489624,0.5153622627258301,-0.01920402981340885,0.5153622627258301,2.164116382598877,0.6692507266998291,2.076857566833496
131,val,0,1.0,1.0,10,guijiao_10_0,17,0.4749999940395355,11875.0,361.0,0.7913765907287598,0.8414819240570068,0.9067775011062622,-0.06529556214809418,0.5505133271217346,0.35626420378685,0.2769036293029785,0.07420959323644638,0.005150980316102505,0.1460411250591278,0.05382047966122627,0.05382047966122627,0.8486775755882263,0.735758900642395,0.46605291962623596,0.42372652888298035,4.74530553817749,0.5083069801330566,-0.019468743354082108,0.5083069801330566,2.1596033573150635,0.6394561529159546,2.068596839904785
132,train,0,1.0,1.0,10,guijiao_10_0,18,0.5,12500.0,400.0,0.9285801649093628,0.9037951827049255,0.9780726432800293,-0.07427745312452316,0.6008848547935486,0.3771877884864807,0.29434317350387573,0.07716138660907745,0.005683234427124262,0.15625827014446259,0.05769001320004463,0.05769001320004463,0.8360137343406677,0.735758900642395,0.4560106694698334,0.42246657609939575,4.493317604064941,0.5017093420028687,-0.01880304329097271,0.5017093420028687,2.1546151638031006,0.6132792234420776,2.0598177909851074
133,train,0,1.0,1.0,11,guijiao_10_180,0,0.05000000074505806,1250.0,4.0,0.06980589777231216,0.029763421043753624,0.02539627067744732,0.004367150831967592,0.01933038979768753,0.0060658808797597885,0.006005993112921715,4.557164368090838e-11,5.988757038721815e-05,0.009522550739347935,1.557760600314056e-22,0.009522550739347935,2.6894452571868896,0.735758900642395,0.7328211665153503,0.838975191116333,87.79503631591797,0.33601486682891846,-0.0013988995924592018,0.33601486682891846,2.203136682510376,1.6904062032699585,2.1705501079559326
134,train,0,1.0,1.0,11,guijiao_10_180,1,0.07500000298023224,1875.0,9.0,0.03306988999247551,0.0635494738817215,0.054634079337120056,0.008915395475924015,0.04117944464087486,0.013454636558890343,0.013320020399987698,9.640210851813436e-11,0.00013461602793540806,0.018689146265387535,1.9663044687165624e-22,0.018689146265387535,2.5463616847991943,0.735758900642395,0.7149611115455627,0.7209258079528809,64.1851577758789,0.3311067819595337,0.010034166276454926,0.3311067819595337,2.2044477462768555,1.6289814710617065,2.168440341949463
135,train,0,1.0,1.0,11,guijiao_10_180,2,0.10000000149011612,2500.0,16.0,0.15503378212451935,0.1054045557975769,0.09137552976608276,0.014029026962816715,0.06793666630983353,0.023438863456249237,0.02319982647895813,1.5986878487694867e-10,0.00023903725377749652,0.025918809697031975,3.962648760703941e-22,0.025918809697031975,2.3630142211914062,0.735758900642395,0.6960101127624512,0.6509374380111694,50.1874885559082,0.3243931233882904,0.018339037895202637,0.3243931233882904,2.205379009246826,1.560926914215088,2.1659016609191895
136,train,0,1.0,1.0,11,guijiao_10_180,3,0.125,3125.0,25.0,0.1742364466190338,0.1510087102651596,0.13206255435943604,0.01894615776836872,0.09638090431690216,0.03568165749311447,0.03530871123075485,2.3091094314420246e-10,0.000372946698917076,0.03230711445212364,3.1570147162628854e-23,0.03230711445212364,2.1455225944519043,0.735758900642395,0.6759949922561646,0.6060657501220703,41.2131462097168,0.3160662055015564,0.023608850315213203,0.3160662055015564,2.205942392349243,1.4856467247009277,2.1627185344696045
137,train,0,1.0,1.0,11,guijiao_10_180,4,0.15000000596046448,3750.0,36.0,0.2257920205593109,0.196837916970253,0.17362923920154572,0.023208677768707275,0.12383312731981277,0.04979611560702324,0.04926004260778427,3.051471575421516e-10,0.0005360712530091405,0.038538794964551926,5.617418552650028e-23,0.038538794964551926,1.9143285751342773,0.735758900642395,0.6556013226509094,0.5746968984603882,34.93937683105469,0.306397408246994,0.025929121300578117,0.306397408246994,2.206139326095581,1.40579354763031,2.158804178237915
138,train,0,1.0,1.0,11,guijiao_10_180,5,0.17499999701976776,4375.0,49.0,0.24175983667373657,0.241663858294487,0.21483445167541504,0.02682940661907196,0.14945004880428314,0.0653843954205513,0.06465629488229752,3.7984082545960973e-10,0.0007281004218384624,0.04491616040468216,6.843195434481853e-23,0.04491616040468216,1.6973917484283447,0.735758900642395,0.6357619762420654,0.551417887210846,30.2835750579834,0.2957223355770111,0.025588929653167725,0.2957223355770111,2.205998420715332,1.3257617950439453,2.15421199798584
139,train,0,1.0,1.0,11,guijiao_10_180,6,0.20000000298023224,5000.0,64.0,0.24040131270885468,0.2865794003009796,0.2564159333705902,0.03016345389187336,0.17433951795101166,0.08207641541957855,0.08112767338752747,4.5406600701625166e-10,0.0009487395291216671,0.05157095938920975,5.755372023400182e-23,0.05157095938920975,1.5159955024719238,0.735758900642395,0.6172663569450378,0.533397376537323,26.679471969604492,0.2844069302082062,0.023150624707341194,0.2844069302082062,2.2055764198303223,1.2497433423995972,2.1491174697875977
140,train,0,1.0,1.0,11,guijiao_10_180,7,0.22499999403953552,5625.0,81.0,0.35061752796173096,0.33357906341552734,0.2999606728553772,0.033618390560150146,0.20040293037891388,0.09955775737762451,0.09836000204086304,5.280355597214736e-10,0.0011977528920397162,0.05855756998062134,5.25454821604688e-22,0.05855756998062134,1.3768962621688843,0.735758900642395,0.60053551197052,0.5190048217773438,23.800962448120117,0.2728056013584137,0.019393742084503174,0.2728056013584137,2.204941511154175,1.1803042888641357,2.14375638961792
141,train,0,1.0,1.0,11,guijiao_10_180,8,0.25,6250.0,100.0,0.3476819396018982,0.3842697739601135,0.34680020809173584,0.03746957704424858,0.2292184680700302,0.11758174747228622,0.116106778383255,6.022606857669643e-10,0.0014749722322449088,0.0658935159444809,1.220661604799784e-21,0.0658935159444809,1.2756505012512207,0.735758900642395,0.5856292247772217,0.507230281829834,21.44605827331543,0.26122480630874634,0.015150530263781548,0.26122480630874634,2.2041571140289307,1.1181917190551758,2.1383414268493652
142,train,0,1.0,1.0,11,guijiao_10_180,9,0.2750000059604645,6875.0,121.0,0.38224053382873535,0.4395076334476471,0.39766788482666016,0.04183974489569664,0.2617010474205017,0.13596685230731964,0.13418658077716827,6.770977112324772e-10,0.0017802738584578037,0.07357822358608246,3.733637012555253e-22,0.07357822358608246,1.203655481338501,0.735758900642395,0.5723861455917358,0.49741220474243164,19.482440948486328,0.24990242719650269,0.011142720468342304,0.24990242719650269,2.203272819519043,1.0629953145980835,2.133018732070923
143,train,0,1.0,1.0,11,guijiao_10_180,10,0.30000001192092896,7500.0,144.0,0.5158165097236633,0.4995853304862976,0.45283690094947815,0.04674842581152916,0.29825150966644287,0.15458539128303528,0.15247184038162231,7.526709810967702e-10,0.002113550901412964,0.08160223811864853,5.248621737568783e-21,0.08160223811864853,1.152662754058838,0.735758900642395,0.560562014579773,0.48909759521484375,17.819517135620117,0.23900337517261505,0.007886048406362534,0.23900337517261505,2.202324151992798,1.0138497352600098,2.127861738204956
144,val,0,1.0,1.0,11,guijiao_10_180,11,0.32499998807907104,8125.0,169.0,0.47507306933403015,0.5644948482513428,0.512333869934082,0.052160996943712234,0.3389839828014374,0.17334985733032227,0.1708751618862152,8.289594566335268e-10,0.00247469125315547,0.08995193988084793,9.957311831609947e-21,0.08995193988084793,1.1162837743759155,0.735758900642395,0.549911618232727,0.48196521401405334,16.393043518066406,0.22862841188907623,0.00568103464320302,0.22862841188907623,2.2013347148895264,0.9698581695556641,2.1228902339935303
145,train,0,1.0,1.0,11,guijiao_10_180,12,0.3499999940395355,8750.0,196.0,0.5916249752044678,0.6341028809547424,0.5760840177536011,0.05801887810230255,0.38388338685035706,0.19220061600208282,0.18933704495429993,9.058780392479093e-10,0.0028635684866458178,0.09861201047897339,1.801439107896812e-20,0.09861201047897339,1.0899972915649414,0.735758900642395,0.5402237176895142,0.4757799208164215,15.155984878540039,0.21882782876491547,0.0046585798263549805,0.21882782876491547,2.2003188133239746,0.9302389621734619,2.1180918216705322
146,train,0,1.0,1.0,11,guijiao_10_180,13,0.375,9375.0,225.0,0.7030403017997742,0.708236038684845,0.6439810991287231,0.06425493955612183,0.43288469314575195,0.21109639108181,0.20781634747982025,9.833333036723957e-10,0.003280041739344597,0.10756683349609375,3.1284222798348394e-20,0.10756683349609375,1.0707099437713623,0.735758900642395,0.5313266515731812,0.4703657627105713,14.073150634765625,0.20961612462997437,0.004827104043215513,0.20961612462997437,2.1992835998535156,0.8943573832511902,2.11344051361084
147,val,0,1.0,1.0,11,guijiao_10_180,14,0.4000000059604645,10000.0,256.0,0.7948856353759766,0.7867183089256287,0.7159179449081421,0.07080036401748657,0.48590970039367676,0.23000825941562653,0.22628431022167206,1.0612452028269104e-09,0.0037239494267851114,0.11680116504430771,5.24270174163406e-20,0.11680116504430771,1.0563253164291382,0.735758900642395,0.5230861902236938,0.4655887186527252,13.117743492126465,0.20098452270030975,0.006127222906798124,0.20098452270030975,2.198232650756836,0.8617016077041626,2.1089046001434326
148,val,0,1.0,1.0,11,guijiao_10_180,15,0.42500001192092896,10625.0,289.0,0.9257188439369202,0.8693819046020508,0.7917948961257935,0.07758703082799911,0.5428797602653503,0.2489151656627655,0.24472005665302277,1.1395505650213522e-09,0.004195116460323334,0.12630051374435425,8.515039230886348e-20,0.12630051374435425,1.0454131364822388,0.735758900642395,0.5153976678848267,0.4613442122936249,12.268844604492188,0.1929100602865219,0.008463558740913868,0.1929100602865219,2.1971657276153564,0.8318554162979126,2.1044538021087646
149,train,0,1.0,1.0,11,guijiao_10_180,16,0.44999998807907104,11250.0,324.0,1.0905781984329224,0.9560721516609192,0.8715232610702515,0.08454890549182892,0.6037211418151855,0.2678021490573883,0.2631087899208069,1.2182077568922978e-09,0.004693354479968548,0.13605135679244995,1.3451643433080014e-19,0.13605135679244995,1.036987543106079,0.735758900642395,0.5081798434257507,0.4575488269329071,11.509765625,0.18536223471164703,0.011729933321475983,0.18536223471164703,2.1960816383361816,0.8044766187667847,2.1000592708587646
150,train,0,1.0,1.0,11,guijiao_10_180,17,0.4749999940395355,11875.0,361.0,1.0394068956375122,1.0466434955596924,0.9550212621688843,0.0916222333908081,0.6683635115623474,0.2866577208042145,0.28143924474716187,1.297187024462687e-09,0.005218462087213993,0.1460411250591278,1.2735383346273343e-18,0.1460411250591278,1.030356764793396,0.735758900642395,0.5013681650161743,0.45413661003112793,10.827320098876953,0.17830699682235718,0.015823399648070335,0.17830699682235718,2.194977283477783,0.7792792320251465,2.0956969261169434
151,train,0,1.0,1.0,11,guijiao_10_180,18,0.5,12500.0,400.0,1.115393042564392,1.1409567594528198,1.0422121286392212,0.09874460846185684,0.7367388606071472,0.3054732382297516,0.29970303177833557,1.3764748230116197e-09,0.0057702199555933475,0.15625827014446259,6.687006137048985e-19,0.15625827014446259,1.0250279903411865,0.735758900642395,0.49491173028945923,0.45105257630348206,10.210517883300781,0.171709343791008,0.020650729537010193,0.171709343791008,2.193849563598633,0.756023108959198,2.0913445949554443
152,train,1,1.0,1.0,12,synthetic_0000,0,0.31939631700515747,7984.90771484375,4.827890396118164,1.9296501874923706,1.8146319389343262,1.415393590927124,0.39923834800720215,0.920226514339447,0.4951671063899994,0.49041178822517395,2.6941571196203995e-09,0.004755309317260981,0.7764458656311035,3.489370537278666e-21,0.7764458656311035,3.137596368789673,0.735758900642395,0.5961544513702393,0.8110246062278748,82.20491790771484,0.33519622683525085,-0.010570312850177288,0.33519622683525085,2.20977783203125,1.5052506923675537,2.1118454933166504
153,train,1,1.0,1.0,13,synthetic_0001,1,0.43977925181388855,10994.4814453125,266.1661682128906,1.8583924770355225,1.9091242551803589,1.6555534601211548,0.2535707652568817,0.7303429245948792,0.9252105355262756,0.09501481801271439,0.8209964036941528,0.009199296124279499,0.7258675694465637,0.10194704681634903,0.10194704681634903,1.3134679794311523,0.735758900642395,0.8852484226226807,0.5617115497589111,32.34230422973633,0.5601846575737,-0.005727721843868494,0.5601846575737,2.128086566925049,2.172450304031372,2.1549060344696045
154,train,1,1.0,1.0,14,synthetic_0002,2,0.4864594340324402,12161.4853515625,31.33639144897461,1.882183313369751,1.8884916305541992,1.7101547718048096,0.17833679914474487,1.1689403057098389,0.5412144064903259,0.08346405625343323,0.45204994082450867,0.005700422450900078,0.5892670750617981,0.14530391991138458,0.14530391991138458,1.7181504964828491,0.735758900642395,0.8163066506385803,0.5480977892875671,29.61956024169922,0.6486875414848328,-0.001296052010729909,0.6486875414848328,2.1889336109161377,2.1203768253326416,2.182664394378662
155,train,1,1.0,1.0,15,synthetic_0003,3,0.1325320303440094,3313.30078125,19.03525733947754,0.2495458871126175,0.2080153077840805,0.1827569603919983,0.025258349254727364,0.10092446208000183,0.08183249831199646,0.012694770470261574,0.06829380989074707,0.0008439192897640169,0.10876335948705673,0.02761797234416008,0.02761797234416008,1.9985588788986206,0.735758900642395,0.8485771417617798,0.5917947292327881,38.358951568603516,0.6566013693809509,0.0051160529255867004,0.6566013693809509,2.1872668266296387,2.07582950592041,2.1767196655273438
156,train,1,1.0,1.0,16,synthetic_0004,4,0.18105311691761017,4526.32763671875,9.444295883178711,0.3161894381046295,0.26782211661338806,0.24915605783462524,0.01866605132818222,0.1775684356689453,0.07158761471509933,0.012138047255575657,0.058661408722400665,0.0007881590281613171,0.10354305058717728,0.036656640470027924,0.036656640470027924,1.884151816368103,0.735758900642395,0.8053677678108215,0.7027266025543213,60.545318603515625,0.6631669998168945,0.01368759572505951,0.6631669998168945,2.1961557865142822,2.0133509635925293,2.1785879135131836
157,train,1,1.0,1.0,17,synthetic_0005,5,0.21486282348632812,5371.57080078125,68.13875579833984,0.3218056857585907,0.3323622941970825,0.31320855021476746,0.01915373094379902,0.21201156079769135,0.10119698196649551,0.015218096785247326,0.08487028628587723,0.0011086007580161095,0.08663242310285568,0.02001045271754265,0.02001045271754265,1.597346544265747,0.735758900642395,0.8163854479789734,0.5230057835578918,24.601152420043945,0.627933919429779,0.011042453348636627,0.627933919429779,2.1915738582611084,2.0403804779052734,2.1758346557617188
158,train,1,1.0,1.0,18,synthetic_0006,6,0.281405508518219,7035.13720703125,7.56178617477417,1.2167948484420776,1.201508641242981,0.9774491190910339,0.22405950725078583,0.6007148623466492,0.37673425674438477,0.05872892588376999,0.31419479846954346,0.0038105370476841927,0.37497296929359436,0.19686828553676605,0.19686828553676605,2.6385498046875,0.735758900642395,0.832111120223999,0.7759909629821777,75.19819641113281,0.6644989848136902,0.03532417491078377,0.6644989848136902,2.1903576850891113,2.1602087020874023,2.1800386905670166
159,train,1,1.0,1.0,19,synthetic_0007,7,0.1267358511686325,3168.396484375,35.174095153808594,0.12597081065177917,0.1475982815027237,0.12969565391540527,0.017902633175253868,0.09407147765159607,0.035624176263809204,0.03524107113480568,2.2879656502716728e-10,0.0003831035573966801,0.027840513736009598,3.740899266048718e-23,0.027840513736009598,2.0371410846710205,0.735758900642395,0.6684422492980957,0.576564610004425,35.31292724609375,0.30710330605506897,0.02539823390543461,0.30710330605506897,2.2057137489318848,1.448175311088562,2.161177158355713
160,train,1,1.0,1.0,20,synthetic_0008,8,0.41377881169319153,10344.4697265625,8.165862083435059,3.0621743202209473,3.057424306869507,2.3667290210723877,0.6906952857971191,1.544211745262146,0.8225172162055969,0.8147326111793518,3.4757012823405375e-09,0.007784578017890453,1.1756547689437866,1.5397923683770387e-22,1.1756547689437866,3.137129783630371,0.735758900642395,0.5187740921974182,0.7341731190681458,66.83463287353516,0.33191943168640137,-0.03459051251411438,0.33191943168640137,2.2094268798828125,1.329634189605713,2.0598795413970947
161,train,1,1.0,1.0,21,synthetic_0009,9,0.24806861579418182,6201.71533203125,108.45155334472656,0.38449859619140625,0.37359893321990967,0.3376176655292511,0.035981278866529465,0.22398334741592407,0.11363431811332703,0.11218240857124329,5.894870147571396e-10,0.0014519084943458438,0.06267372518777847,1.5330850564422917e-21,0.06267372518777847,1.266001582145691,0.735758900642395,0.5848137140274048,0.5029579401016235,20.591585159301758,0.2564949095249176,0.014063367620110512,0.2564949095249176,2.2038981914520264,1.1131343841552734,2.1378085613250732
162,train,1,1.0,1.0,22,synthetic_0010,10,0.4591941833496094,11479.8544921875,68.86920928955078,2.210259199142456,2.0130162239074707,1.630624532699585,0.38239166140556335,0.6333600282669067,0.9972644448280334,0.13394953310489655,0.8533371090888977,0.00997780729085207,0.7913719415664673,0.18198835849761963,0.18198835849761963,1.0447683334350586,0.735758900642395,0.8397141695022583,0.5233942866325378,24.678852081298828,0.6275609135627747,0.0033823440317064524,0.6275609135627747,2.114429235458374,2.183431625366211,2.143806219100952
163,train,1,1.0,1.0,23,synthetic_0011,11,0.28403061628341675,7100.76513671875,12.959049224853516,0.759762167930603,0.6585332751274109,0.6095901727676392,0.048943083733320236,0.4296938478946686,0.1798963099718094,0.029630713164806366,0.1483253687620163,0.0019402290927246213,0.27270570397377014,0.07708706706762314,0.07708706706762314,1.8526397943496704,0.735758900642395,0.8106285333633423,0.640916109085083,48.183223724365234,0.6607187390327454,0.01147941779345274,0.6607187390327454,2.1948604583740234,2.055116653442383,2.179194211959839
164,train,1,1.0,1.0,24,synthetic_0012,12,0.3988097608089447,9970.244140625,193.67137145996094,0.9059556722640991,0.8118664026260376,0.7351857423782349,0.07668068259954453,0.48480749130249023,0.250378280878067,0.24667216837406158,1.0745785372634487e-09,0.0037061194889247417,0.12860916554927826,2.2565403099915633e-20,0.12860916554927826,1.0602295398712158,0.735758900642395,0.5251300930976868,0.47626402974128723,15.252806663513184,0.21962280571460724,0.009254803881049156,0.21962280571460724,2.199633836746216,0.874327540397644,2.111354112625122
165,train,1,1.0,1.0,25,synthetic_0013,13,0.46484339237213135,11621.0849609375,12.9608793258667,2.1210227012634277,2.1578404903411865,1.8218615055084229,0.3359789550304413,1.3094213008880615,0.5124402642250061,0.5073224902153015,2.720069058881336e-09,0.005117772147059441,0.6185199022293091,1.6847047282709454e-22,0.6185199022293091,2.1077942848205566,0.735758900642395,0.6054080724716187,0.674895703792572,54.9791374206543,0.3272838890552521,0.03289000317454338,0.3272838890552521,2.21174955368042,1.4130351543426514,2.146055221557617
166,train,1,1.0,1.0,26,synthetic_0014,14,0.19639864563941956,4909.96630859375,44.803951263427734,0.4347597360610962,0.4188864231109619,0.36946237087249756,0.049424055963754654,0.18610221147537231,0.18336015939712524,0.026387665420770645,0.1551220417022705,0.0018504580948501825,0.15982189774513245,0.040087632834911346,0.040087632834911346,1.6781729459762573,0.735758900642395,0.861354410648346,0.5246534943580627,24.93070411682129,0.6406182646751404,-0.020281337201595306,0.6406182646751404,2.1792123317718506,2.11523175239563,2.173429489135742
167,train,1,1.0,1.0,27,synthetic_0015,15,0.21053899824619293,5263.47509765625,37.403072357177734,0.5328525304794312,0.6066108345985413,0.4875391125679016,0.11907172948122025,0.2918328642845154,0.19570626318454742,0.1936170607805252,7.90831067298825e-10,0.0020891986787319183,0.1489114612340927,2.007589661963485e-22,0.1489114612340927,2.289977550506592,0.735758900642395,0.5817210078239441,0.5716564059257507,34.331275939941406,0.3052058815956116,0.010551393032073975,0.3052058815956116,2.2095260620117188,1.042097568511963,2.1352949142456055
168,train,1,1.0,1.0,28,synthetic_0016,16,0.41098862886428833,10274.7158203125,45.10024642944336,1.2415413856506348,1.2255730628967285,1.1366362571716309,0.08893676847219467,0.756758987903595,0.37987732887268066,0.05802574008703232,0.31778907775878906,0.004062509164214134,0.3487221896648407,0.08751271665096283,0.08751271665096283,1.5583325624465942,0.735758900642395,0.815331757068634,0.5242657661437988,24.853153228759766,0.6404473185539246,-0.006522464100271463,0.6404473185539246,2.1898326873779297,2.090827465057373,2.1792545318603516
169,train,1,1.0,1.0,29,synthetic_0017,17,0.13942205905914307,3485.551513671875,0.7891212105751038,0.31864839792251587,0.3314659893512726,0.26601552963256836,0.06545045226812363,0.17065468430519104,0.09536084532737732,0.09443482011556625,6.684738318440964e-10,0.0009260271326638758,0.11316884309053421,9.080680116372384e-22,0.11316884309053421,3.0536365509033203,0.735758900642395,0.6942160129547119,0.9726255536079407,114.52510833740234,0.33921006321907043,-0.022229740396142006,0.33921006321907043,2.2061896324157715,1.6831828355789185,2.1582608222961426
170,train,1,1.0,1.0,30,synthetic_0018,18,0.378053218126297,9451.3310546875,12.003012657165527,2.356846332550049,2.43611216545105,1.893805980682373,0.5423061847686768,1.2139602899551392,0.6798456907272339,0.6732717752456665,2.4721000801974924e-09,0.006573913618922234,0.8466885685920715,1.6823515751233328e-21,0.8466885685920715,2.9543416500091553,0.735758900642395,0.5169822573661804,0.6841011643409729,56.820228576660156,0.3282027840614319,-0.018137546256184578,0.3282027840614319,2.2124667167663574,1.1368131637573242,2.0838253498077393
171,train,1,1.0,1.0,31,synthetic_0019,0,0.10214107483625412,2553.52685546875,20.32386016845703,0.14585594832897186,0.13011141121387482,0.11360568553209305,0.01650572009384632,0.06499914079904556,0.048606544733047485,0.007517481222748756,0.04058768227696419,0.0005013794871047139,0.06306549906730652,0.015869762748479843,0.015869762748479843,2.1670498847961426,0.735758900642395,0.8522582054138184,0.5850543975830078,37.01087951660156,0.6557464003562927,0.0065241106785833836,0.6557464003562927,2.1865134239196777,2.068070888519287,2.177253246307373
172,train,1,1.0,1.0,32,synthetic_0020,1,0.07860125601291656,1965.031494140625,1.1720293760299683,0.05651896446943283,0.05541250854730606,0.050902850925922394,0.004509656690061092,0.03774282708764076,0.013160021975636482,0.002331201918423176,0.010680100880563259,0.00014871884195599705,0.001134017831645906,0.013660281896591187,0.013660281896591187,2.1248955726623535,0.735758900642395,0.7962679862976074,0.9257025718688965,105.14051055908203,0.6691312789916992,-0.013175367377698421,0.6691312789916992,2.197786331176758,1.9671177864074707,2.1811232566833496
173,train,1,1.0,1.0,33,synthetic_0021,2,0.33690086007118225,8422.521484375,76.22600555419922,0.7565515041351318,0.6878962516784668,0.6155344247817993,0.07236183434724808,0.3897610306739807,0.2257733792066574,0.2231042981147766,9.72332103721385e-10,0.002669084118679166,0.13494674861431122,9.818136068218808e-22,0.13494674861431122,1.1944178342819214,0.735758900642395,0.5611095428466797,0.5225882530212402,24.51764678955078,0.27593883872032166,0.016789762303233147,0.27593883872032166,2.204774856567383,1.0375218391418457,2.1307437419891357
174,train,1,1.0,1.0,34,synthetic_0022,3,0.37096014618873596,9274.00390625,49.5421142578125,0.9914396405220032,0.9826463460922241,0.9173310995101929,0.06531526893377304,0.6099525690078735,0.3073785603046417,0.04688972607254982,0.2571808099746704,0.003308029379695654,0.2703371047973633,0.06836585700511932,0.06836585700511932,1.5417134761810303,0.735758900642395,0.8148602247238159,0.518890380859375,23.778076171875,0.6379159092903137,-0.004965497180819511,0.6379159092903137,2.1903178691864014,2.078136682510376,2.1781511306762695
175,train,1,1.0,1.0,35,synthetic_0023,4,0.27220800518989563,6805.20068359375,18.2852725982666,1.094096302986145,1.1314349174499512,0.8950923085212708,0.23634260892868042,0.5490641593933105,0.3460281491279602,0.34255361557006836,1.30356847538593e-09,0.0034745207522064447,0.3595525920391083,1.3291665066830285e-22,0.3595525920391083,2.5774097442626953,0.735758900642395,0.5621837377548218,0.6367055773735046,47.34111404418945,0.32224491238594055,0.009215086698532104,0.32224491238594055,2.2122879028320312,1.0633060932159424,2.1244001388549805
176,train,1,1.0,1.0,36,synthetic_0024,5,0.09855113923549652,2463.778564453125,4.2258734703063965,0.08139587938785553,0.08395572751760483,0.07754917442798615,0.006406555883586407,0.05665010213851929,0.02089906856417656,0.003638860769569874,0.01702658273279667,0.00023362495994661003,0.003133670426905155,0.015435488894581795,0.015435488894581795,2.028801441192627,0.735758900642395,0.8023514747619629,0.94815593957901,109.63118743896484,0.6668956279754639,0.0064671216532588005,0.6668956279754639,2.1970345973968506,1.9797611236572266,2.1795616149902344
177,train,1,1.0,1.0,37,synthetic_0025,6,0.2788568139076233,6971.42041015625,13.95384693145752,1.1812527179718018,0.90838623046875,0.7683618664741516,0.14002439379692078,0.397822767496109,0.3705390989780426,0.05680108815431595,0.31000271439552307,0.0037353106308728456,0.5218186378479004,0.1431504189968109,0.1431504189968109,1.7794642448425293,0.735758900642395,0.8429927229881287,0.6298851370811462,45.977027893066406,0.660034716129303,0.002887153532356024,0.660034716129303,2.1871414184570312,2.142507791519165,2.1762430667877197
178,train,1,1.0,1.0,38,synthetic_0026,7,0.38999801874160767,9749.9501953125,140.9248504638672,1.0197232961654663,1.0122041702270508,0.9511857032775879,0.061018433421850204,0.6161996126174927,0.3349860608577728,0.04459549859166145,0.28673774003982544,0.003652797546237707,0.28541886806488037,0.04986286163330078,0.04986286163330078,1.4091548919677734,0.735758900642395,0.8196954131126404,0.546271800994873,29.25436019897461,0.5964786410331726,-0.014733412303030491,0.5964786410331726,2.1853299140930176,2.083918571472168,2.1760756969451904
179,train,1,1.0,1.0,39,synthetic_0027,8,0.12254957854747772,3063.739501953125,28.895038604736328,0.12157099694013596,0.12040727585554123,0.11223159730434418,0.008175681345164776,0.07941664010286331,0.03281495347619057,0.005335842724889517,0.027118230238556862,0.0003608789120335132,0.03890944644808769,0.009590823203325272,0.009590823203325272,1.8392890691757202,0.735758900642395,0.814747154712677,0.5541852712631226,30.837053298950195,0.6502150893211365,0.022752827033400536,0.6502150893211365,2.194242477416992,2.0081124305725098,2.1772639751434326
180,train,1,1.0,1.0,40,synthetic_0028,9,0.4421572685241699,11053.931640625,16.93781852722168,1.8114657402038574,1.763425588607788,1.5065371990203857,0.25688832998275757,1.0484273433685303,0.45810991525650024,0.4534824788570404,2.292211309651293e-09,0.004627436865121126,0.4927573502063751,1.8818018147670324e-22,0.4927573502063751,1.8652923107147217,0.735758900642395,0.59675133228302,0.6447774767875671,48.95549392700195,0.3235088288784027,0.03262493014335632,0.3235088288784027,2.2111387252807617,1.3351874351501465,2.1446685791015625
181,train,1,1.0,1.0,41,synthetic_0029,10,0.2927040159702301,7317.60009765625,103.56944274902344,0.7837321162223816,0.8003193140029907,0.654110312461853,0.1462090164422989,0.33430132269859314,0.3198089599609375,0.3158312141895294,1.0154823648633737e-09,0.003977745771408081,0.17796087265014648,3.71789897243883e-21,0.17796087265014648,1.3571968078613281,0.735758900642395,0.5102547407150269,0.5053662061691284,21.0732364654541,0.2591973543167114,-0.007275048643350601,0.2591973543167114,2.2044765949249268,0.789282500743866,2.1034047603607178
182,train,1,1.0,1.0,42,synthetic_0030,11,0.09952336549758911,2488.084228515625,0.5909401178359985,0.1514594703912735,0.13566738367080688,0.11698537319898605,0.01868201419711113,0.0735141709446907,0.04347120225429535,0.00748351588845253,0.035510458052158356,0.0004772285174112767,0.0033862008713185787,0.04735046997666359,0.04735046997666359,2.5815651416778564,0.735758900642395,0.8071616291999817,0.9143104553222656,102.86209106445312,0.6695612072944641,-0.009500364772975445,0.6695612072944641,2.1974995136260986,2.012282371520996,2.182827949523926
183,train,1,1.0,1.0,43,synthetic_0031,12,0.4373287558555603,10933.21875,83.36947631835938,1.2532860040664673,1.0948481559753418,0.972770094871521,0.1220780536532402,0.5990027785301208,0.37376731634140015,0.3693001866340637,1.3463428150117807e-09,0.004467129707336426,0.21838317811489105,2.164475188593768e-21,0.21838317811489105,1.0893687009811401,0.735758900642395,0.5263779163360596,0.5173342823982239,23.466854095458984,0.27128511667251587,0.022315455600619316,0.27128511667251587,2.2039175033569336,0.908816933631897,2.1163413524627686
184,train,1,1.0,1.0,44,synthetic_0032,13,0.14994850754737854,3748.712890625,6.874508857727051,0.3294670581817627,0.27258068323135376,0.2387470155954361,0.03383365273475647,0.13583749532699585,0.10290952026844025,0.016725759953260422,0.08510243892669678,0.001081319758668542,0.07582564651966095,0.058391980826854706,0.058391980826854706,2.1013457775115967,0.735758900642395,0.8322238922119141,0.8283227682113647,85.66455841064453,0.6649889349937439,0.014321679249405861,0.6649889349937439,2.1937196254730225,2.060443639755249,2.1787781715393066
185,train,1,1.0,1.0,45,synthetic_0033,14,0.1954413205385208,4886.033203125,24.335302352905273,0.5199732780456543,0.5732280611991882,0.45875170826911926,0.11447637528181076,0.2836593687534332,0.17509233951568604,0.17328767478466034,7.823406922291554e-10,0.0018046573968604207,0.1601741462945938,3.623069005902028e-23,0.1601741462945938,2.583012580871582,0.735758900642395,0.6048887968063354,0.6085634231567383,41.71268844604492,0.3166687488555908,0.011184326373040676,0.3166687488555908,2.2099997997283936,1.1505144834518433,2.1404504776000977
186,train,1,1.0,1.0,46,synthetic_0034,15,0.48730194568634033,12182.548828125,32.12616729736328,1.8785157203674316,1.885488510131836,1.7083181142807007,0.17717045545578003,1.1654342412948608,0.5428838729858398,0.08361842483282089,0.4535454213619232,0.005720035172998905,0.5840396285057068,0.14407537877559662,0.14407537877559662,1.7070789337158203,0.735758900642395,0.8162485361099243,0.5462936162948608,29.258718490600586,0.6481977105140686,-0.0019264663569629192,0.6481977105140686,2.1888413429260254,2.120192527770996,2.182607412338257
187,train,1,1.0,1.0,47,synthetic_0035,16,0.1853952407836914,4634.880859375,31.511869430541992,0.27304786443710327,0.2611274719238281,0.24497860670089722,0.01614885963499546,0.1697271168231964,0.0752514898777008,0.012146188877522945,0.06227954477071762,0.0008257568697445095,0.08535207808017731,0.021048203110694885,0.021048203110694885,1.7175768613815308,0.735758900642395,0.8116742372512817,0.5476905107498169,29.538101196289062,0.6485784649848938,0.01821930892765522,0.6485784649848938,2.193920850753784,2.022738456726074,2.1768486499786377
188,train,1,1.0,1.0,48,synthetic_0036,17,0.27620556950569153,6905.13916015625,173.98074340820312,0.44149747490882874,0.4178149998188019,0.38015860319137573,0.037656404078006744,0.2559782564640045,0.12418034672737122,0.1223873719573021,6.584649492324957e-10,0.0017929758178070188,0.0642484575510025,7.846638521852288e-21,0.0642484575510025,1.167079210281372,0.735758900642395,0.5667469501495361,0.480722039937973,16.144407272338867,0.22671949863433838,0.0051010069437325,0.22671949863433838,2.2018954753875732,1.0349349975585938,2.1295247077941895
189,train,1,1.0,1.0,49,synthetic_0037,18,0.15780285000801086,3945.0712890625,20.371952056884766,0.3566870093345642,0.3908942937850952,0.3132104277610779,0.07768385112285614,0.19780123233795166,0.11540919542312622,0.11422879993915558,5.963241567208399e-10,0.0011803958332166076,0.11440745741128922,9.545683958830134e-23,0.11440745741128922,2.762876033782959,0.735758900642395,0.6376584768295288,0.625702977180481,45.14059829711914,0.3203032314777374,0.008862835355103016,0.3203032314777374,2.2087223529815674,1.2760539054870605,2.1475393772125244
190,train,1,1.0,1.0,50,synthetic_0038,0,0.1589248776435852,3973.121826171875,8.451969146728516,0.4489608705043793,0.41870516538619995,0.3343830108642578,0.08432214707136154,0.21313074231147766,0.12125226110219955,0.12005411088466644,6.894231296961095e-10,0.001198151963762939,0.17149753868579865,3.295786645979424e-22,0.17149753868579865,2.935110569000244,0.735758900642395,0.6556706428527832,0.7294378280639648,65.88756561279297,0.3316403925418854,0.0019390018424019217,0.3316403925418854,2.2088537216186523,1.4145581722259521,2.149172782897949
191,train,1,1.0,1.0,51,synthetic_0039,1,0.3776973485946655,9442.43359375,15.053218841552734,2.1356945037841797,2.1568264961242676,1.6866402626037598,0.4701862037181854,1.0380825996398926,0.6485576033592224,0.10307283699512482,0.538648784160614,0.006836001295596361,0.9447265267372131,0.2526983618736267,0.2526983618736267,2.5310816764831543,0.735758900642395,0.7782215476036072,0.619475245475769,43.89504623413086,0.659283459186554,0.016745615750551224,0.659283459186554,2.168449640274048,2.198152542114258,2.1709883213043213
192,train,1,1.0,1.0,52,synthetic_0040,2,0.29109859466552734,7277.46533203125,15.472868919372559,1.3096569776535034,1.3416237831115723,1.0566012859344482,0.28502246737480164,0.6575259566307068,0.39907535910606384,0.3951103389263153,1.5233900807487544e-09,0.003965010400861502,0.44645801186561584,1.8542678870477413e-23,0.44645801186561584,2.6989500522613525,0.735758900642395,0.5579200983047485,0.6546227931976318,50.924556732177734,0.3248917758464813,0.006284804083406925,0.3248917758464813,2.2127163410186768,1.094872236251831,2.119861125946045
193,train,1,1.0,1.0,53,synthetic_0041,3,0.13393333554267883,3348.333251953125,1.3849103450775146,0.26360249519348145,0.24633006751537323,0.21166597306728363,0.0346640981733799,0.13135240972042084,0.08031356334686279,0.013527579605579376,0.06592205166816711,0.0008639330044388771,0.006771755870431662,0.07718519121408463,0.07718519121408463,2.546963930130005,0.735758900642395,0.8152089715003967,0.9292618632316589,105.85237121582031,0.6689741015434265,0.004783681593835354,0.6689741015434265,2.197265625,2.0423378944396973,2.181955337524414
194,train,1,1.0,1.0,54,synthetic_0042,4,0.05746452137827873,1436.613037109375,0.7187166810035706,0.053847186267375946,0.05526115745306015,0.044811226427555084,0.010449929162859917,0.028628963977098465,0.01618226431310177,0.016024412587285042,1.1930781362856635e-10,0.00015785153664182872,0.019032662734389305,6.146999810986619e-23,0.019032662734389305,3.01556134223938,0.735758900642395,0.7259739637374878,0.9752650260925293,115.0530014038086,0.33928048610687256,-0.02656080573797226,0.33928048610687256,2.2032523155212402,1.6910356283187866,2.16567063331604
195,train,1,1.0,1.0,55,synthetic_0043,5,0.12846489250659943,3211.622314453125,16.842809677124023,0.15310516953468323,0.166653111577034,0.14511191844940186,0.021541187539696693,0.10651183128356934,0.038600094616413116,0.03820595145225525,2.524588593733057e-10,0.0003941445320378989,0.04171134531497955,6.469579297736657e-22,0.04171134531497955,2.2448694705963135,0.735758900642395,0.6821202635765076,0.6453798413276672,49.075965881347656,0.32359829545021057,0.01996389776468277,0.32359829545021057,2.206218719482422,1.5240362882614136,2.164012908935547
196,train,1,1.0,1.0,56,synthetic_0044,6,0.11188442260026932,2797.110595703125,6.475625038146973,0.23165810108184814,0.20895737409591675,0.16760365664958954,0.041353724896907806,0.107216477394104,0.060387175530195236,0.059791602194309235,3.809880189109549e-10,0.0005955716478638351,0.09149529039859772,1.6890256665476391e-22,0.09149529039859772,2.979095697402954,0.735758900642395,0.6861175298690796,0.7672281265258789,73.44562530517578,0.3335738480091095,-0.003958508372306824,0.3335738480091095,2.206472158432007,1.5072249174118042,2.1554503440856934
197,train,1,1.0,1.0,57,synthetic_0045,7,0.4448027014732361,11120.0673828125,326.0817565917969,1.4193170070648193,1.337585687637329,1.1202282905578613,0.21735744178295135,0.5998188853263855,0.5204094648361206,0.5114316344261169,1.7242021144170394e-09,0.008977851830422878,0.2652638554573059,2.6795357890797757e-19,0.2652638554573059,1.0545021295547485,0.735758900642395,0.45728012919425964,0.4573419690132141,11.468393325805664,0.1849418729543686,-0.011820863001048565,0.1849418729543686,2.1896960735321045,0.6475533843040466,2.055799961090088
198,train,1,1.0,1.0,58,synthetic_0046,8,0.29984036087989807,7496.00927734375,14.598140716552734,0.860627293586731,0.8484908938407898,0.7353424429893494,0.11314844340085983,0.5233856439590454,0.21195678412914276,0.20981763303279877,1.2251055725442939e-09,0.00213915784843266,0.24352537095546722,3.771556609636141e-23,0.24352537095546722,2.0249009132385254,0.735758900642395,0.638353705406189,0.6611355543136597,52.227108001708984,0.3257218301296234,0.018195467069745064,0.3257218301296234,2.209265947341919,1.4506628513336182,2.1559360027313232
199,train,1,1.0,1.0,59,synthetic_0047,9,0.45374709367752075,11343.677734375,196.875732421875,1.3602522611618042,1.346800684928894,1.260898470878601,0.08590226620435715,0.8087127804756165,0.45218566060066223,0.056019946932792664,0.39122119545936584,0.0049445293843746185,0.3863541781902313,0.06004916876554489,0.06004916876554489,1.3662453889846802,0.735758900642395,0.8213704824447632,0.5549184083938599,30.983686447143555,0.5781859159469604,-0.01648218184709549,0.5781859159469604,2.1815898418426514,2.0961809158325195,2.176057815551758
200,train,1,1.0,1.0,60,synthetic_0048,10,0.20714430510997772,5178.60791015625,7.808567047119141,0.4068351686000824,0.3562517464160919,0.33042478561401367,0.0258269514888525,0.2361891269683838,0.09423565864562988,0.015945183113217354,0.07725854218006134,0.001031932421028614,0.10894143581390381,0.052544791251420975,0.052544791251420975,1.9145911931991577,0.735758900642395,0.8057395219802856,0.7623324990272522,72.46649932861328,0.6643235087394714,0.010283987037837505,0.6643235087394714,2.1962122917175293,2.0247859954833984,2.1791069507598877
201,train,1,1.0,1.0,61,synthetic_0049,11,0.4009439945220947,10023.599609375,9.549579620361328,2.790534019470215,2.8322174549102783,2.1951942443847656,0.6370232701301575,1.4255319833755493,0.7696622610092163,0.7623198628425598,3.058656661281134e-09,0.00734237115830183,1.0453695058822632,1.066635743127138e-22,1.0453695058822632,3.084407091140747,0.735758900642395,0.5168919563293457,0.7130492329597473,62.60984420776367,0.3305727541446686,-0.02936345711350441,0.3305727541446686,2.210918426513672,1.2507429122924805,2.0692460536956787
202,train,1,1.0,1.0,62,synthetic_0050,12,0.4543493986129761,11358.734375,385.2949523925781,1.330622673034668,1.3325635194778442,1.2525657415390015,0.07999777048826218,0.8059638142585754,0.44660189747810364,0.04651960730552673,0.39512917399406433,0.004953127820044756,0.3873805105686188,0.048215821385383606,0.048215821385383606,1.3579938411712646,0.735758900642395,0.826418399810791,0.5688545107841492,33.77090072631836,0.5370119214057922,-0.011151609942317009,0.5370119214057922,2.17814564704895,2.0986135005950928,2.1740665435791016
203,train,1,1.0,1.0,63,synthetic_0051,13,0.34857580065727234,8714.39453125,311.62017822265625,0.7888527512550354,0.8002451062202454,0.7559663653373718,0.04427872225642204,0.49289098381996155,0.2630753815174103,0.029274825006723404,0.2308853268623352,0.0029152401257306337,0.2280091941356659,0.030405091121792793,0.030405091121792793,1.4109724760055542,0.735758900642395,0.8261702656745911,0.5649094581604004,32.98188781738281,0.5503982901573181,-0.010766959749162197,0.5503982901573181,2.1829357147216797,2.0840375423431396,2.1739675998687744
204,train,1,1.0,1.0,64,synthetic_0052,14,0.3613528311252594,9033.8212890625,176.06845092773438,1.0581281185150146,1.0270065069198608,0.8481550216674805,0.17885150015354156,0.4253363311290741,0.42281872034072876,0.41682565212249756,1.2980150287944525e-09,0.005993072409182787,0.21893168985843658,2.783894769240541e-20,0.21893168985843658,1.1330046653747559,0.735758900642395,0.47918444871902466,0.48021572828292847,16.043148040771484,0.22593367099761963,-0.016278984025120735,0.22593367099761963,2.1985695362091064,0.7048854827880859,2.0793604850769043
205,train,1,1.0,1.0,65,synthetic_0053,15,0.15676209330558777,3919.05224609375,25.317920684814453,0.20775215327739716,0.2258976548910141,0.19832611083984375,0.0275715459138155,0.14224305748939514,0.05608305335044861,0.0554971806704998,3.4490849065704765e-10,0.0005858719814568758,0.050480153411626816,6.209985621103085e-23,0.050480153411626816,2.0133121013641357,0.735758900642395,0.6611613035202026,0.6049033403396606,40.98067092895508,0.3157787621021271,0.024044377729296684,0.3157787621021271,2.206605911254883,1.4426097869873047,2.1601991653442383
206,train,1,1.0,1.0,66,synthetic_0054,16,0.43215054273605347,10803.763671875,21.012235641479492,1.6479536294937134,1.5541784763336182,1.338140845298767,0.21603764593601227,0.9058434367179871,0.4322974383831024,0.42788171768188477,2.0482107121466697e-09,0.004415713716298342,0.42228370904922485,2.0654568376558983e-22,0.42228370904922485,1.6871167421340942,0.735758900642395,0.5875321626663208,0.6226348876953125,44.5269775390625,0.31971123814582825,0.03226632624864578,0.31971123814582825,2.2105448246002197,1.2685492038726807,2.1424167156219482
207,train,1,1.0,1.0,67,synthetic_0055,17,0.21547211706638336,5386.802734375,11.120707511901855,0.4446007013320923,0.376194030046463,0.34993046522140503,0.026263562962412834,0.24785959720611572,0.10207086056470871,0.017126603052020073,0.08382795006036758,0.001116305124014616,0.15580061078071594,0.047903675585985184,0.047903675585985184,1.856887936592102,0.735758900642395,0.8070106506347656,0.6672080755233765,53.44161605834961,0.6619930267333984,0.013485250994563103,0.6619930267333984,2.1957340240478516,2.02721905708313,2.178582191467285
208,train,1,1.0,1.0,68,synthetic_0056,18,0.22689397633075714,5672.349609375,48.78363800048828,0.37575605511665344,0.37665560841560364,0.33567512035369873,0.04098047688603401,0.2256864607334137,0.10998865962028503,0.10876785963773727,5.808860059630661e-10,0.001220800681039691,0.07566949725151062,1.4373112588531598e-22,0.07566949725151062,1.524830937385559,0.735758900642395,0.6135637760162354,0.5517326593399048,30.346529006958008,0.29589328169822693,0.023384878411889076,0.29589328169822693,2.2063193321228027,1.2497402429580688,2.148681402206421
209,train,1,1.0,1.0,69,synthetic_0057,0,0.2761867046356201,6904.66748046875,13.997344970703125,0.7367858290672302,0.7296247482299805,0.6330029964447021,0.09662173688411713,0.4528754651546478,0.18012753129005432,0.17831122875213623,1.0644524151004475e-09,0.0018163063796237111,0.21074740588665009,2.9414360702615356e-23,0.21074740588665009,2.065072774887085,0.735758900642395,0.6452730894088745,0.6659277081489563,53.185543060302734,0.3262937366962433,0.016840795055031776,0.3262937366962433,2.208927869796753,1.4696422815322876,2.157529592514038
210,train,1,1.0,1.0,70,synthetic_0058,1,0.3751034438610077,9377.5859375,46.47632598876953,1.0275728702545166,1.0118684768676758,0.943422794342041,0.06844574213027954,0.6286905407905579,0.31473228335380554,0.04822341725230217,0.2631261944770813,0.0033826883882284164,0.28591156005859375,0.07191911339759827,0.07191911339759827,1.5541644096374512,0.735758900642395,0.8147973418235779,0.522515594959259,24.503116607666016,0.639656662940979,-0.004391926806420088,0.639656662940979,2.1904711723327637,2.0796279907226562,2.178377389907837
211,train,1,1.0,1.0,71,synthetic_0059,2,0.12969981133937836,3242.4951171875,40.4637565612793,0.12787452340126038,0.15043027698993683,0.13251054286956787,0.017919735983014107,0.09575042128562927,0.036760129034519196,0.036359064280986786,2.349006267277076e-10,0.00040106463711708784,0.027149349451065063,3.433766685564866e-23,0.027149349451065063,1.979812741279602,0.735758900642395,0.664047360420227,0.5655414462089539,33.1082878112793,0.3026396632194519,0.02580486610531807,0.3026396632194519,2.2056357860565186,1.4290285110473633,2.160273790359497
212,train,1,1.0,1.0,72,synthetic_0060,3,0.21657142043113708,5414.28515625,2.189678430557251,0.5026059150695801,0.5522879362106323,0.46987611055374146,0.08241184800863266,0.35524341464042664,0.11463268101215363,0.11351048946380615,8.19518730654778e-10,0.0011221879394724965,0.16260603070259094,3.0643630786753245e-21,0.16260603070259094,2.634425163269043,0.735758900642395,0.6970150470733643,0.9139779210090637,102.79558563232422,0.3378124535083771,-0.014766009524464607,0.3378124535083771,2.2073259353637695,1.7035267353057861,2.167886257171631
213,train,1,1.0,1.0,73,synthetic_0061,4,0.48499467968940735,12124.8671875,12.240984916687012,3.650383234024048,3.593430757522583,2.7664577960968018,0.8269729018211365,2.1421897411346436,0.624268114566803,0.1432623565196991,0.47189053893089294,0.009115220978856087,1.592376470565796,0.46262457966804504,0.46262457966804504,3.167715072631836,0.7366682291030884,0.4205516576766968,0.6501062512397766,50.02125549316406,0.6612043976783752,0.11890565603971481,0.6612043976783752,1.8148322105407715,2.1585137844085693,1.753476858139038
214,train,1,1.0,1.0,74,synthetic_0062,5,0.2232939749956131,5582.349609375,3.5709893703460693,0.423092782497406,0.4430721700191498,0.406692773103714,0.03637940436601639,0.2964255213737488,0.11026725172996521,0.01870308257639408,0.09036421775817871,0.0011999569833278656,0.013671224005520344,0.08417809754610062,0.08417809754610062,2.0678722858428955,0.735758900642395,0.8055636882781982,0.9487646222114563,109.75292205810547,0.6673716902732849,-0.001995182828977704,0.6673716902732849,2.1964852809906006,2.0385239124298096,2.1806442737579346
215,train,1,1.0,1.0,75,synthetic_0063,6,0.3005605638027191,7514.01416015625,62.831478118896484,0.632882297039032,0.6348819136619568,0.5973570346832275,0.03752485662698746,0.3978171944618225,0.19953985512256622,0.03004724718630314,0.16732259094715118,0.002170005114749074,0.16952036321163177,0.040503621101379395,0.040503621101379395,1.5317281484603882,0.735758900642395,0.8150140643119812,0.5200037956237793,24.000761032104492,0.6306857466697693,-7.043406367301941e-05,0.6306857466697693,2.1906609535217285,2.0592010021209717,2.1765568256378174
216,train,1,1.0,1.0,76,synthetic_0064,7,0.0937294214963913,2343.235595703125,1.224294900894165,0.0894884467124939,0.10389755666255951,0.08888525515794754,0.015012304298579693,0.06737472116947174,0.0215105339884758,0.021299930289387703,1.6026413529601768e-10,0.00021060365543235093,0.027168547734618187,7.603260392307401e-23,0.027168547734618187,2.6675174236297607,0.735758900642395,0.7210721969604492,0.9555113911628723,111.1022720336914,0.3387751877307892,-0.018738770857453346,0.3387751877307892,2.2049479484558105,1.719254970550537,2.172137498855591
217,train,1,1.0,1.0,77,synthetic_0065,8,0.28324833512306213,7081.20849609375,3.213536024093628,0.6865761280059814,0.7648327350616455,0.6915326118469238,0.07330015301704407,0.5108563303947449,0.18067626655101776,0.030103474855422974,0.148640975356102,0.0019318198319524527,0.020396659150719643,0.1402955949306488,0.1402955949306488,2.2147576808929443,0.735758900642395,0.8105580806732178,0.9476897120475769,109.5379409790039,0.6676322817802429,-0.003946114331483841,0.6676322817802429,2.195376396179199,2.071061134338379,2.181750774383545
218,train,1,1.0,1.0,78,synthetic_0066,9,0.36611783504486084,9152.9462890625,15.451948165893555,1.2674291133880615,1.240342140197754,1.068739891052246,0.17160223424434662,0.7533921599388123,0.3153477907180786,0.31216511130332947,1.720818154637982e-09,0.003182671032845974,0.35334235429763794,1.4643908973543522e-23,0.35334235429763794,1.954976201057434,0.735758900642395,0.6206299066543579,0.6547725796699524,50.95452117919922,0.32491159439086914,0.02324119582772255,0.32491159439086914,2.210207939147949,1.4057077169418335,2.1514101028442383
219,train,1,1.0,1.0,79,synthetic_0067,10,0.4145510196685791,10363.775390625,131.957763671875,1.4845365285873413,1.3809329271316528,1.1280031204223633,0.25292983651161194,0.5251967310905457,0.6028063893318176,0.5950042009353638,1.4522737457056678e-09,0.007802189327776432,0.322755366563797,3.2655494383505247e-20,0.322755366563797,1.0629875659942627,0.735758900642395,0.4493880867958069,0.4931953251361847,18.639062881469727,0.24453097581863403,-0.003433640580624342,0.24453097581863403,2.1981470584869385,0.6389626264572144,2.0568552017211914
220,train,1,1.0,1.0,80,synthetic_0068,11,0.27568233013153076,6892.05810546875,4.21627140045166,0.850829005241394,0.8704802989959717,0.740388810634613,0.13009150326251984,0.5556526184082031,0.1847362071275711,0.18292123079299927,1.2568814877766954e-09,0.001814981340430677,0.2899787127971649,1.3258821695011186e-21,0.2899787127971649,2.5430073738098145,0.735758900642395,0.6791926622390747,0.8312411904335022,86.24823760986328,0.33580076694488525,-0.0029673248063772917,0.33580076694488525,2.20864200592041,1.6546950340270996,2.163851737976074
221,train,1,1.0,1.0,81,synthetic_0069,12,0.4081067144870758,10202.66796875,28.217479705810547,2.172137975692749,2.097376823425293,1.6422879695892334,0.45508888363838196,0.8872694969177246,0.7550184726715088,0.7474361658096313,1.6472250230492591e-09,0.007582316640764475,0.6468876600265503,9.711635680828392e-23,0.6468876600265503,1.8529778718948364,0.735758900642395,0.4531756639480591,0.5951583981513977,39.03168487548828,0.3131787180900574,-0.011803080327808857,0.3131787180900574,2.211062431335449,0.7415550947189331,2.0625176429748535
222,train,1,1.0,1.0,82,synthetic_0070,13,0.09229186922311783,2307.296875,5.417901515960693,0.07088303565979004,0.07367444783449173,0.0680258721113205,0.005648577585816383,0.04966071620583534,0.018365152180194855,0.0031825208570808172,0.014977767132222652,0.00020486465655267239,0.004280332010239363,0.012267816811800003,0.012267816811800003,2.0279080867767334,0.735758900642395,0.8046690225601196,0.9331978559494019,106.63957214355469,0.6660338044166565,0.010226483456790447,0.6660338044166565,2.196716547012329,1.9800500869750977,2.1792819499969482
223,train,1,1.0,1.0,83,synthetic_0071,14,0.29419007897377014,7354.751953125,198.16737365722656,0.5716509222984314,0.5826905965805054,0.5507580637931824,0.031932514160871506,0.3622884452342987,0.18846961855888367,0.02356342412531376,0.16282914578914642,0.002077050507068634,0.1624104380607605,0.025186359882354736,0.025186359882354736,1.455997347831726,0.735758900642395,0.8232333660125732,0.5550755858421326,31.015113830566406,0.5778086185455322,-0.005580350756645203,0.5778086185455322,2.1863489151000977,2.0707437992095947,2.1745243072509766
224,train,1,1.0,1.0,84,synthetic_0072,15,0.06680668145418167,1670.1671142578125,0.9716455936431885,0.041160471737384796,0.04048489034175873,0.03710911422967911,0.003375775646418333,0.027620039880275726,0.009489075280725956,0.0016848102677613497,0.007696820888668299,0.00010744349128799513,0.0007987113785929978,0.010131679475307465,0.010131679475307465,2.152517318725586,0.735758900642395,0.7964388132095337,0.9220579862594604,104.4115982055664,0.6692793369293213,-0.014751804061233997,0.6692793369293213,2.197770595550537,1.961970329284668,2.181290626525879
225,train,1,1.0,1.0,85,synthetic_0073,16,0.2850094735622406,7125.23681640625,47.026939392089844,0.9032544493675232,0.8322076797485352,0.7243732213973999,0.10783444344997406,0.33264705538749695,0.39172613620758057,0.05515339598059654,0.3326815366744995,0.0038912042509764433,0.3280763328075409,0.08260387182235718,0.08260387182235718,1.4243844747543335,0.735758900642395,0.8645841479301453,0.5218376517295837,24.367528915405273,0.6393418908119202,-0.048070911318063736,0.6393418908119202,2.1719841957092285,2.14608097076416,2.1702444553375244
226,train,1,1.0,1.0,86,synthetic_0074,17,0.08840636163949966,2210.158935546875,8.345870971679688,0.13924625515937805,0.13013970851898193,0.10454978793859482,0.025589922443032265,0.06708447635173798,0.03746531158685684,0.03709309920668602,2.4559715372518554e-10,0.00037221336970105767,0.053290560841560364,6.941702325874101e-22,0.053290560841560364,2.9855003356933594,0.735758900642395,0.699658989906311,0.7311691641807556,66.23383331298828,0.33174386620521545,-0.006414252799004316,0.33174386620521545,2.204761028289795,1.5260696411132812,2.157585859298706
227,train,1,1.0,1.0,87,synthetic_0075,18,0.33684346079826355,8421.0859375,31.78793716430664,1.4295263290405273,1.404652714729309,1.112342119216919,0.29231056571006775,0.6031078100204468,0.5092343091964722,0.5039827823638916,1.3327667858220593e-09,0.0052515193819999695,0.41436153650283813,1.207891070082185e-22,0.41436153650283813,1.8488465547561646,0.735758900642395,0.49601489305496216,0.5849093198776245,36.98186492919922,0.31003162264823914,0.006959815975278616,0.31003162264823914,2.211138963699341,0.8046513199806213,2.096872091293335
228,train,1,1.0,1.0,88,synthetic_0076,0,0.195330411195755,4883.26025390625,1.6230902671813965,0.6634956002235413,0.661726713180542,0.5255882143974304,0.13613849878311157,0.33876439929008484,0.1868238002061844,0.18501459062099457,1.2347848299398834e-09,0.0018092027166858315,0.24845391511917114,5.164992485169965e-21,0.24845391511917114,3.0883049964904785,0.735758900642395,0.6696780920028687,0.9387860894203186,107.75720977783203,0.3383771479129791,-0.0148704769089818,0.3383771479129791,2.207643985748291,1.6420636177062988,2.1482791900634766
229,train,1,1.0,1.0,89,synthetic_0077,1,0.08530537039041519,2132.63427734375,6.153846263885498,0.09866410493850708,0.09404672682285309,0.08190524578094482,0.01214148011058569,0.04879520460963249,0.03311004489660263,0.0054171099327504635,0.027342859655618668,0.0003500783641356975,0.012194276787340641,0.019851811230182648,0.019851811230182648,2.3323113918304443,0.735758900642395,0.8361205458641052,0.8999322056770325,99.98644256591797,0.6655047535896301,0.00789719633758068,0.6655047535896301,2.191859245300293,2.035942554473877,2.179494619369507
230,train,1,1.0,1.0,90,synthetic_0078,2,0.36318838596343994,9079.7099609375,5.934487819671631,2.4635112285614014,2.3598220348358154,1.8327953815460205,0.5270265936851501,1.1947559118270874,0.6380394697189331,0.6319502592086792,3.1929301425037693e-09,0.0060892002657055855,0.9805110096931458,4.446856734012587e-21,0.9805110096931458,3.150485038757324,0.735758900642395,0.5653060078620911,0.7801018357276917,76.02037048339844,0.33410564064979553,-0.01801409386098385,0.33410564064979553,2.2095842361450195,1.4549442529678345,2.091411590576172
231,train,1,1.0,1.0,91,synthetic_0079,3,0.1626093089580536,4065.232666015625,33.815372467041016,0.3224865198135376,0.2984409034252167,0.26297450065612793,0.03546641021966934,0.13826876878738403,0.1247057318687439,0.01850881427526474,0.10492756217718124,0.0012693539028987288,0.12676192820072174,0.03131064027547836,0.03131064027547836,1.8188440799713135,0.735758900642395,0.8567151427268982,0.5426682829856873,28.533655166625977,0.6471572518348694,-0.0066294907592237,0.6471572518348694,2.1828267574310303,2.0984838008880615,2.174879550933838
