sample_index,split,source_id,sample_weight,aux_weight,config_index,config_name,velocity_index,U,Re,Ca,F_target,F_pred,F_physics,F_residual,F_stem,F_leaf,Fcol_1_pred,Fcol_2_pred,Fcol_3_pred,Fcol_1_true,Fcol_2_true,Fcol_3_true,Cd_stem_eff,Cd_leaf_eff,shielding_coef,shielding_target,angle_diff_deg,reconfiguration_factor,reconfiguration_quad_coef,reconfiguration_cubic_coef,reconfiguration_gain,column_correction_1,column_correction_2,column_correction_3
0,val,0,1.0,1.0,0,PVC_20_0,0,0.05000000074505806,1250.0,0.15360000729560852,0.07093784958124161,0.13374677300453186,0.1433584839105606,-0.009611716493964195,0.008470248430967331,0.13488823175430298,0.016756998375058174,0.08652720600366592,0.03160403296351433,0.0008135348907671869,0.012708019465208054,0.012708019465208054,1.178469181060791,1.8485381603240967,0.7525585889816284,0.9039982557296753,100.79964447021484,1.443023681640625,0.47634127736091614,0.7547611594200134,4.7028489112854,1.6477959156036377,1.7634438276290894,0.4847208857536316
1,train,0,1.0,1.0,0,PVC_20_0,1,0.07500000298023224,1875.0,0.3456000089645386,0.17443148791790009,0.15808993577957153,0.17561298608779907,-0.017523054033517838,0.023340368643403053,0.15227261185646057,0.01911950297653675,0.0972680151462555,0.035885103046894073,0.0018697602208703756,0.027825873345136642,0.027825873345136642,1.44326913356781,1.6637582778930664,0.7232975959777832,0.9087178111076355,101.7435531616211,1.1997666358947754,0.35507825016975403,0.5205514430999756,2.6098687648773193,1.672945499420166,1.8352715969085693,0.48973536491394043
2,val,0,1.0,1.0,0,PVC_20_0,2,0.10000000149011612,2500.0,0.6144000291824341,0.14795003831386566,0.18641085922718048,0.21260815858840942,-0.026197297498583794,0.04823962599039078,0.16436852514743805,0.020979536697268486,0.10380163788795471,0.03958735242486,0.003428105963394046,0.0476507768034935,0.0476507768034935,1.677899718284607,1.573061227798462,0.6925123929977417,0.91482013463974,102.96401977539062,1.0158519744873047,0.2775518596172333,0.3722690939903259,1.6925277709960938,1.684035062789917,1.876609444618225,0.4956255555152893
3,train,0,1.0,1.0,0,PVC_20_0,3,0.125,3125.0,0.9599999785423279,0.20464740693569183,0.23086021840572357,0.26861053705215454,-0.03775031864643097,0.08459803462028503,0.1840124875307083,0.023959284648299217,0.1143079623579979,0.04574524238705635,0.005584338214248419,0.07105002552270889,0.07105002552270889,1.8832257986068726,1.5312552452087402,0.6601343154907227,0.9218372106552124,104.36743927001953,0.8938517570495605,0.22446198761463165,0.2720887064933777,1.2675056457519531,1.6884685754776,1.903291940689087,0.5028137564659119
4,val,0,1.0,1.0,0,PVC_20_0,4,0.15000000596046448,3750.0,1.3824000358581543,0.270246684551239,0.2948431074619293,0.34831473231315613,-0.05347161740064621,0.13315534591674805,0.21515938639640808,0.0286560095846653,0.13085512816905975,0.05564825236797333,0.008491037413477898,0.09684506058692932,0.09684506058692932,2.0584399700164795,1.5202136039733887,0.6264528036117554,0.9292217493057251,105.84434509277344,0.8214862942695618,0.18672896921634674,0.2021540254354477,1.059566855430603,1.6898061037063599,1.9211692810058594,0.5118170380592346
5,val,0,1.0,1.0,0,PVC_20_0,5,0.17499999701976776,4375.0,1.881600022315979,0.3938428461551666,0.38388946652412415,0.45878103375434875,-0.07489155977964401,0.19390186667442322,0.26487916707992554,0.03553900495171547,0.15880709886550903,0.07053306698799133,0.012395291589200497,0.12395953387022018,0.12395953387022018,2.2022571563720703,1.531349539756775,0.6094597578048706,0.9363734722137451,107.27469635009766,0.785770833492279,0.1594075709581375,0.15266898274421692,0.9582641124725342,1.690076470375061,1.9327161312103271,0.5231616497039795
6,train,0,1.0,1.0,0,PVC_20_0,6,0.20000000298023224,5000.0,2.4576001167297363,0.43085381388664246,0.49779483675956726,0.6000857353210449,-0.10229089856147766,0.26614293456077576,0.33394283056259155,0.045128848403692245,0.19684767723083496,0.09196630865335464,0.01771606132388115,0.1515229493379593,0.1515229493379593,2.314286231994629,1.5596320629119873,0.5931012630462646,0.9426351189613342,108.52703094482422,0.775685727596283,0.13955894112586975,0.11761344969272614,0.9145493507385254,1.6904473304748535,1.939058542251587,0.5373016595840454
7,val,0,1.0,1.0,0,PVC_20_0,7,0.22499999403953552,5625.0,3.1103999614715576,0.6180073022842407,0.6338618993759155,0.7690088748931885,-0.13514697551727295,0.34869760274887085,0.42031130194664,0.057920701801776886,0.24065150320529938,0.12173909693956375,0.025219960138201714,0.178911954164505,0.178911954164505,2.395775318145752,1.601077914237976,0.5647898316383362,0.9472165703773499,109.44332122802734,0.7818592190742493,0.1253058761358261,0.09291625022888184,0.9028688073158264,1.6914857625961304,1.9407892227172852,0.5545065402984619
8,train,0,1.0,1.0,0,PVC_20_0,8,0.25,6250.0,3.8399999141693115,0.8448036313056946,0.7927361130714417,0.9662150144577026,-0.17347891628742218,0.44015321135520935,0.5260617733001709,0.07423345744609833,0.29028427600860596,0.1615440547466278,0.03648537024855614,0.2057376205921173,0.2057376205921173,2.4495482444763184,1.6517283916473389,0.532808780670166,0.9489527344703674,109.79054260253906,0.7962409257888794,0.1153554692864418,0.07564298808574677,0.9075620770454407,1.693329095840454,1.9383666515350342,0.5747443437576294
9,train,0,1.0,1.0,0,PVC_20_0,9,0.2750000059604645,6875.0,4.646399974822998,1.050018072128296,0.9740690588951111,1.191154956817627,-0.21708588302135468,0.5390762090682983,0.6520787477493286,0.0940793976187706,0.34543439745903015,0.21256496012210846,0.055444035679101944,0.2318010926246643,0.2318010926246643,2.4794018268585205,1.707481861114502,0.5025948286056519,0.9455310702323914,109.10620880126953,0.8123103976249695,0.10874983668327332,0.0636337473988533,0.9181765913963318,1.6958346366882324,1.9323182106018066,0.5976166725158691
10,train,0,1.0,1.0,0,PVC_20_0,10,0.30000001192092896,7500.0,5.529600143432617,1.2444380521774292,1.1764283180236816,1.4419739246368408,-0.2655456066131592,0.6441502571105957,0.7978236675262451,0.11712188273668289,0.4055711328983307,0.27513059973716736,0.09599050879478455,0.25704047083854675,0.25704047083854675,2.489469528198242,1.7644047737121582,0.47703173756599426,0.9301102161407471,106.02204132080078,0.8254451155662537,0.10473857820034027,0.05531368777155876,0.9279195666313171,1.6987273693084717,1.9233018159866333,0.6223956942558289
11,train,0,1.0,1.0,0,PVC_20_0,11,0.32499998807907104,8125.0,6.48960018157959,1.354056715965271,1.3972725868225098,1.715484619140625,-0.31821209192276,0.754249632358551,0.961234986782074,0.1427341252565384,0.469941645860672,0.3485592007637024,0.2500753104686737,0.28148239850997925,0.28148239850997925,2.4837653636932373,1.8191633224487305,0.45702889561653137,0.8688808679580688,93.77617645263672,0.8329885601997375,0.10271714627742767,0.049559734761714935,0.9329056739807129,1.70172119140625,1.9120662212371826,0.6481553912162781
12,val,0,1.0,1.0,0,PVC_20_0,12,0.3499999940395355,8750.0,7.526400089263916,1.6986725330352783,1.6331682205200195,2.0074281692504883,-0.37425991892814636,0.8684777021408081,1.1389505863189697,0.17012029886245728,0.5375878810882568,0.4312424659729004,0.5733868479728699,0.30520471930503845,0.30520471930503845,2.4659526348114014,1.869334101676941,0.4423285126686096,0.778120756149292,75.62416076660156,0.8339259028434753,0.102195143699646,0.04558684304356575,0.9314333200454712,1.704582929611206,1.899365782737732,0.6739466786384583
13,train,0,1.0,1.0,0,PVC_20_0,13,0.375,9375.0,8.640000343322754,1.9440239667892456,1.8802074193954468,2.3129799365997314,-0.43277254700660706,0.9861789345741272,1.326801061630249,0.19844456017017365,0.6074428558349609,0.5209137201309204,0.8262953162193298,0.3283105492591858,0.3283105492591858,2.439244270324707,1.9134849309921265,0.4321850538253784,0.7271667718887329,65.43335723876953,0.8283559679985046,0.1027776300907135,0.04285334050655365,0.9232369661331177,1.7071633338928223,1.885878324508667,0.6989461183547974
14,val,0,1.0,1.0,0,PVC_20_0,14,0.4000000059604645,10000.0,9.830400466918945,2.125422716140747,2.1344659328460693,2.627307415008545,-0.49284157156944275,1.106927514076233,1.5203800201416016,0.2269291877746582,0.6784566640853882,0.6149942278862,1.0331017971038818,0.3509112596511841,0.3509112596511841,2.4063639640808105,1.9510598182678223,0.425766259431839,0.6930793523788452,58.615875244140625,0.8169894814491272,0.10415297746658325,0.0409875363111496,0.9088598489761353,1.7093838453292847,1.8721565008163452,0.7225406169891357
15,train,0,1.0,1.0,0,PVC_20_0,15,0.42500001192092896,10625.0,11.097599983215332,2.3944380283355713,2.3923754692077637,2.946023464202881,-0.5536479353904724,1.2304996252059937,1.7155239582061768,0.2549129128456116,0.7496917843818665,0.7109193205833435,1.2118146419525146,0.3731164038181305,0.3731164038181305,2.369549512863159,1.9821540117263794,0.42232710123062134,0.6676045656204224,53.52091598510742,0.8007879853248596,0.10607881844043732,0.03973367437720299,0.8892160058021545,1.711220383644104,1.8586174249649048,0.7443487644195557
16,train,0,1.0,1.0,0,PVC_20_0,16,0.44999998807907104,11250.0,12.44159984588623,2.6817269325256348,2.650940418243408,3.265448808670044,-0.6145083904266357,1.35683274269104,1.908616065979004,0.2818739712238312,0.8203657269477844,0.8063762784004211,1.370949149131775,0.395028293132782,0.395028293132782,2.3305768966674805,2.007270574569702,0.4212549924850464,0.6474189162254333,49.48377990722656,0.7807527780532837,0.10837165266275406,0.038914911448955536,0.8653340935707092,1.7126827239990234,1.845552921295166,0.764190673828125
17,train,0,1.0,1.0,0,PVC_20_0,17,0.4749999940395355,11875.0,13.86240005493164,2.9678232669830322,2.9078164100646973,3.5827085971832275,-0.6748923063278198,1.48598313331604,2.0967254638671875,0.30742907524108887,0.8898547887802124,0.899441659450531,1.515420913696289,0.4167393147945404,0.4167393147945404,2.2908084392547607,2.0271244049072266,0.4220627546310425,0.6308286190032959,46.16572570800781,0.7578136324882507,0.1108940988779068,0.03840798884630203,0.8382131457328796,1.7137975692749023,1.833153247833252,0.7820411324501038
18,train,0,1.0,1.0,0,PVC_20_0,18,0.5,12500.0,15.359999656677246,3.0878708362579346,3.161285400390625,3.8956995010375977,-0.7344140410423279,1.618080973625183,2.277618408203125,0.331319123506546,0.9576718211174011,0.9886273741722107,1.6484487056732178,0.4383312165737152,0.4383312165737152,2.2512431144714355,2.0424907207489014,0.42436450719833374,0.6168425679206848,43.36851501464844,0.7327873110771179,0.11354555189609528,0.03812583163380623,0.8087608218193054,1.7146005630493164,1.821529507637024,0.7979783415794373
19,train,0,1.0,1.0,1,PVC_20_180,0,0.05000000074505806,1250.0,0.15360000729560852,0.30792152881622314,0.20418493449687958,0.17679409682750702,0.027390839532017708,0.00859580747783184,0.16819828748703003,0.13491013646125793,4.237492490233308e-08,0.03328810632228851,0.013280894607305527,1.3017747316988583e-22,0.013280894607305527,1.195938229560852,2.6776809692382812,0.8287239670753479,0.9950531721115112,119.01063537597656,1.0656617879867554,0.5277292132377625,1.2228907346725464,3.1449153423309326,2.1360702514648438,0.6071991920471191,0.5270599126815796
20,val,0,1.0,1.0,1,PVC_20_180,1,0.07500000298023224,1875.0,0.3456000089645386,0.17357100546360016,0.180422842502594,0.15805217623710632,0.022370660677552223,0.02749636024236679,0.13055580854415894,0.10534205287694931,3.277988014360744e-08,0.025213727727532387,0.030723044648766518,2.8289993467871503e-22,0.030723044648766518,1.7002578973770142,2.082458734512329,0.8040173649787903,0.9886112809181213,117.72225952148438,0.78719162940979,0.34529808163642883,0.7751067876815796,1.3792595863342285,2.17337965965271,0.6308658719062805,0.5202006101608276
21,val,0,1.0,1.0,1,PVC_20_180,2,0.10000000149011612,2500.0,0.6144000291824341,0.34319770336151123,0.20776645839214325,0.18527621030807495,0.02249024622142315,0.06267300248146057,0.12260320782661438,0.09917276352643967,3.159085437687281e-08,0.023430410772562027,0.05678054317831993,4.807654095618108e-22,0.05678054317831993,2.1799302101135254,1.6575701236724854,0.7991183996200562,0.9791058301925659,115.8211669921875,0.6711965799331665,0.2236841917037964,0.45729178190231323,0.9102420806884766,2.190999746322632,0.655030369758606,0.5176423192024231
22,train,0,1.0,1.0,1,PVC_20_180,3,0.125,3125.0,0.9599999785423279,0.31932196021080017,0.27427780628204346,0.25082144141197205,0.02345636673271656,0.11367819458246231,0.13714323937892914,0.11094755679368973,3.678525573036495e-08,0.026195641607046127,0.09318999201059341,7.104417698677035e-22,0.09318999201059341,2.5305755138397217,1.3829292058944702,0.8008876442909241,0.9660651087760925,113.21302032470703,0.6461673974990845,0.14804333448410034,0.2599281966686249,0.7781078219413757,2.1995646953582764,0.6829398274421692,0.5193355083465576
23,train,0,1.0,1.0,1,PVC_20_180,4,0.15000000596046448,3750.0,1.3824000358581543,0.31083568930625916,0.3698576092720032,0.3493788242340088,0.02047877386212349,0.1777927428483963,0.17158609628677368,0.13853511214256287,4.509047712986103e-08,0.03305094689130783,0.14211547374725342,3.0935381589327246e-21,0.14211547374725342,2.7484867572784424,1.2154220342636108,0.749457836151123,0.9489836692810059,109.7967300415039,0.6737653017044067,0.10328130424022675,0.1495193988084793,0.766383171081543,2.20334792137146,0.7176655530929565,0.5256625413894653
24,train,0,1.0,1.0,1,PVC_20_180,5,0.17499999701976776,4375.0,1.881600022315979,0.5591400265693665,0.4897881746292114,0.4803529977798462,0.009435171261429787,0.2529527544975281,0.2274002581834793,0.18283621966838837,5.664631430590816e-08,0.044563982635736465,0.20557907223701477,4.078542853266631e-21,0.20557907223701477,2.8729329109191895,1.1172091960906982,0.6728347539901733,0.927563488483429,105.51270294189453,0.7311490774154663,0.07758340239524841,0.09083522856235504,0.8081271052360535,2.2041988372802734,0.7612249851226807,0.5372451543807983
25,train,0,1.0,1.0,1,PVC_20_180,6,0.20000000298023224,5000.0,2.4576001167297363,0.6062102913856506,0.6325452923774719,0.644873857498169,-0.012328537181019783,0.338079571723938,0.30679428577423096,0.24506770074367523,7.134597979074897e-08,0.06172650679945946,0.28418269753456116,5.143182058862414e-21,0.28418269753456116,2.93982195854187,1.0627409219741821,0.5909550189971924,0.9021280407905579,100.42560577392578,0.8010478019714355,0.06323157250881195,0.05976294353604317,0.8723411560058594,2.202881097793579,0.8139192461967468,0.5548513531684875
26,train,0,1.0,1.0,1,PVC_20_180,7,0.22499999403953552,5625.0,3.1103999614715576,0.8631705045700073,0.798319935798645,0.8438748121261597,-0.045554861426353455,0.43253448605537415,0.4113403558731079,0.3256019651889801,8.959662523011502e-08,0.08573830127716064,0.3756729066371918,6.2701978720074416e-21,0.3756729066371918,2.9717884063720703,1.036598563194275,0.5193399786949158,0.8739358186721802,94.78716278076172,0.8698592782020569,0.05568663403391838,0.042922865599393845,0.9402459859848022,2.199625253677368,0.8741035461425781,0.579210638999939
27,train,0,1.0,1.0,1,PVC_20_180,8,0.25,6250.0,3.8399999141693115,1.0573121309280396,0.9880852699279785,1.0775694847106934,-0.08948418498039246,0.5357313752174377,0.5418380498886108,0.42387551069259644,1.1237221286819477e-07,0.11796244978904724,0.47503334283828735,2.200904255082346e-21,0.47503334283828735,2.981461524963379,1.0298597812652588,0.46490323543548584,0.8448962569236755,88.97925567626953,0.928352415561676,0.05239654704928398,0.0335206463932991,1.0003292560577393,2.194401264190674,0.9385023713111877,0.6106908917427063
28,val,0,1.0,1.0,1,PVC_20_180,9,0.2750000059604645,6875.0,4.646399974822998,1.2427419424057007,1.2028493881225586,1.3455312252044678,-0.1426817923784256,0.6469828486442566,0.698548436164856,0.5387141704559326,1.4501998180094233e-07,0.1598341464996338,0.5766147971153259,2.6106018041597455e-21,0.5766147971153259,2.9757027626037598,1.037276268005371,0.440202921628952,0.8167735934257507,83.3547134399414,0.9717888236045837,0.05191933363676071,0.028169676661491394,1.0466722249984741,2.187089681625366,1.0031003952026367,0.6488999128341675
29,train,0,1.0,1.0,1,PVC_20_180,10,0.30000001192092896,7500.0,5.529600143432617,1.5060391426086426,1.4429535865783691,1.6465983390808105,-0.2036447674036026,0.7654799818992615,0.8811184167861938,0.6685419082641602,1.8383293820534163e-07,0.21257635951042175,0.6762266159057617,3.0584045913771367e-21,0.6762266159057617,2.958376884460449,1.0554640293121338,0.42198213934898376,0.7906438708305359,78.12877655029297,0.9989577531814575,0.05339654162526131,0.025146527215838432,1.0773109197616577,2.1776113510131836,1.064246654510498,0.6924153566360474
30,train,0,1.0,1.0,1,PVC_20_180,11,0.32499998807907104,8125.0,6.48960018157959,1.597334623336792,1.7074251174926758,1.9784274101257324,-0.27100223302841187,0.8903432488441467,1.088084101676941,0.8113220930099487,2.2844248803721712e-07,0.2767617404460907,0.771656334400177,3.5438832744536875e-21,0.771656334400177,2.9319255352020264,1.0818536281585693,0.4085999131202698,0.766912579536438,73.38251495361328,1.010833501815796,0.05626478046178818,0.023534737527370453,1.0926319360733032,2.166022300720215,1.119462490081787,0.7388828992843628
31,train,0,1.0,1.0,1,PVC_20_180,12,0.3499999940395355,8750.0,7.526400089263916,1.9695085287094116,1.993596076965332,2.3370585441589355,-0.3434625267982483,1.0207067728042603,1.3163516521453857,0.9644101858139038,2.781219450298522e-07,0.35194122791290283,0.8621596693992615,1.1680538468040135e-22,0.8621596693992615,2.898191213607788,1.1141749620437622,0.39872583746910095,0.7455744743347168,69.1148910522461,1.0094717741012573,0.06011036038398743,0.02281821146607399,1.0941990613937378,2.152557611465454,1.167656660079956,0.7855306267738342
32,train,0,1.0,1.0,1,PVC_20_180,13,0.375,9375.0,8.640000343322754,2.2906291484832764,2.2971959114074707,2.716916561126709,-0.41972070932388306,1.1558033227920532,1.5611133575439453,1.124550223350525,3.318438643873378e-07,0.43656283617019653,0.9478147625923157,1.0756810115930194e-22,0.9478147625923157,2.8587985038757324,1.1503100395202637,0.3913534879684448,0.7264378666877747,65.2875747680664,0.9972956776618958,0.06460513174533844,0.02268720604479313,1.0840554237365723,2.137610912322998,1.2088589668273926,0.8298441171646118
33,train,0,1.0,1.0,1,PVC_20_180,14,0.4000000059604645,10000.0,9.830400466918945,2.650298833847046,2.612879514694214,3.111316204071045,-0.49843665957450867,1.2950260639190674,1.816290020942688,1.2880761623382568,3.883720580688532e-07,0.5282135009765625,1.0290770530700684,9.475226058219414e-23,1.0290770530700684,2.8152737617492676,1.188340425491333,0.385750412940979,0.7092531323432922,61.850624084472656,0.9766867756843567,0.06948362290859222,0.022944720461964607,1.0643454790115356,2.1216647624969482,1.2437641620635986,0.8700509071350098
34,train,0,1.0,1.0,1,PVC_20_180,15,0.42500001192092896,10625.0,11.097599983215332,2.8269872665405273,2.934964656829834,3.5132572650909424,-0.5782925486564636,1.43794846534729,2.0753087997436523,1.4512593746185303,4.463828133793868e-07,0.6240489482879639,1.1065337657928467,8.751692933370289e-23,1.1065337657928467,2.7690296173095703,1.2266559600830078,0.38139668107032776,0.6937710642814636,58.754215240478516,0.9497818350791931,0.07453581690788269,0.02345924824476242,1.0371190309524536,2.10520601272583,1.2733311653137207,0.9052492380142212
35,val,0,1.0,1.0,1,PVC_20_180,16,0.44999998807907104,11250.0,12.44159984588623,3.2195968627929688,3.2581286430358887,3.9162163734436035,-0.6580878496170044,1.584317922592163,2.3318984508514404,1.6106699705123901,5.04589138472511e-07,0.7212279438972473,1.1807831525802612,1.4413170314209997e-23,1.1807831525802612,2.7213189601898193,1.264028549194336,0.3779284656047821,0.6797662973403931,55.95326232910156,0.9183931350708008,0.07960382103919983,0.024140549823641777,1.0042343139648438,2.08866286277771,1.2985281944274902,0.9352642297744751
36,train,0,1.0,1.0,1,PVC_20_180,17,0.4749999940395355,11875.0,13.86240005493164,3.643343448638916,3.577876329421997,4.31469202041626,-0.7368156909942627,1.7340246438980103,2.580667495727539,1.763437032699585,5.725297000935825e-07,0.8172299861907959,1.2523813247680664,2.179188649855603e-23,1.2523813247680664,2.673192024230957,1.2996195554733276,0.3822302222251892,0.6670430302619934,53.408607482910156,0.8840031623840332,0.08457569777965546,0.024925362318754196,0.9673146605491638,2.072371006011963,1.3202064037322998,0.9603992104530334
37,train,0,1.0,1.0,1,PVC_20_180,18,0.5,12500.0,15.359999656677246,4.037886619567871,3.8907713890075684,4.704477310180664,-0.8137060403823853,1.8870662450790405,2.817410945892334,1.9073858261108398,6.436313242375036e-07,0.9100245833396912,1.3218237161636353,7.380154498657305e-22,1.3218237161636353,2.625483512878418,1.3329331874847412,0.38868850469589233,0.6554343104362488,51.08686828613281,0.8477948307991028,0.0893779918551445,0.025769509375095367,0.9277386665344238,2.0565688610076904,1.339064359664917,0.9812005758285522
38,train,0,1.0,1.0,2,PVC_10_0,0,0.05000000074505806,1250.0,0.15360000729560852,0.004296653904020786,0.015957701951265335,0.017994945868849754,-0.00203724461607635,0.006103500723838806,0.011891445145010948,0.0016605635173618793,0.005759625695645809,0.004471256397664547,0.00040676744538359344,0.006354009732604027,0.006354009732604027,0.849182665348053,2.4095563888549805,0.7472871541976929,0.9039982557296753,100.79964447021484,0.609917402267456,0.47038909792900085,0.9791833162307739,1.0070675611495972,1.17000150680542,0.8469928503036499,0.4913631081581116
39,train,0,1.0,1.0,2,PVC_10_0,1,0.07500000298023224,1875.0,0.3456000089645386,0.0044425735250115395,0.030279379338026047,0.03576163575053215,-0.005482255481183529,0.023193253204226494,0.012568381614983082,0.0014014283660799265,0.007369171362370253,0.0037977818865329027,0.0009348801104351878,0.013912936672568321,0.013912936672568321,1.4341721534729004,2.0156848430633545,0.9184619784355164,0.9087178111076355,101.7435531616211,0.3824251592159271,0.2589837908744812,0.44633370637893677,0.44526442885398865,1.1865183115005493,1.0595051050186157,0.5015053749084473
40,train,0,1.0,1.0,2,PVC_10_0,2,0.10000000149011612,2500.0,0.6144000291824341,0.11792551726102829,0.0632481649518013,0.07619237899780273,-0.01294421311467886,0.05870095640420914,0.017491424456238747,0.0017669948283582926,0.010783661156892776,0.004940768238157034,0.001714052981697023,0.02382538840174675,0.02382538840174675,2.0417721271514893,1.8320075273513794,0.9187390804290771,0.91482013463974,102.96401977539062,0.3187015950679779,0.1668398380279541,0.2207963764667511,0.3427949845790863,1.2026525735855103,1.2460083961486816,0.5244950652122498
41,val,0,1.0,1.0,2,PVC_10_0,3,0.125,3125.0,0.9599999785423279,0.3397746682167053,0.11070875078439713,0.13462992012500763,-0.023921169340610504,0.10862073302268982,0.02600919082760811,0.0025034311693161726,0.01617865078151226,0.007327110506594181,0.0027921691071242094,0.035525012761354446,0.035525012761354446,2.417991876602173,1.7678481340408325,0.8960403800010681,0.9218372106552124,104.36743927001953,0.30197423696517944,0.1255766898393631,0.12984773516654968,0.31700095534324646,1.2220157384872437,1.3746684789657593,0.5578480362892151
42,train,0,1.0,1.0,2,PVC_10_0,4,0.15000000596046448,3750.0,1.3824000358581543,0.16250543296337128,0.16970518231391907,0.20750592648983002,-0.03780075162649155,0.1690710335969925,0.038434889167547226,0.0036347482819110155,0.023598602041602135,0.01120153907686472,0.004245518706738949,0.04842253029346466,0.04842253029346466,2.6136584281921387,1.7652194499969482,0.8661946058273315,0.9292217493057251,105.84434509277344,0.30214235186576843,0.10527373850345612,0.08822335302829742,0.3141862154006958,1.2450096607208252,1.4554967880249023,0.5984365344047546
43,val,0,1.0,1.0,2,PVC_10_0,5,0.17499999701976776,4375.0,1.881600022315979,0.17313167452812195,0.23992770910263062,0.2944794297218323,-0.05455172806978226,0.2387227863073349,0.05575662851333618,0.005281560122966766,0.033328063786029816,0.01714700646698475,0.006197645794600248,0.06197976693511009,0.06197976693511009,2.7113149166107178,1.7947725057601929,0.8317322134971619,0.9363734722137451,107.27469635009766,0.3118436634540558,0.09443973004817963,0.0660838782787323,0.32303163409233093,1.2714474201202393,1.504543423652649,0.643822968006134
44,train,0,1.0,1.0,2,PVC_10_0,6,0.20000000298023224,5000.0,2.4576001167297363,0.32816481590270996,0.32206109166145325,0.3964274525642395,-0.07436636835336685,0.3168163299560547,0.07961110770702362,0.007655430119484663,0.04581187665462494,0.026143796741962433,0.008858030661940575,0.07576147466897964,0.07576147466897964,2.7549240589141846,1.8418610095977783,0.7921534776687622,0.9426351189613342,108.52703094482422,0.32987383008003235,0.08852369338274002,0.0528116375207901,0.34140241146087646,1.300926685333252,1.532829999923706,0.6929371953010559
45,val,0,1.0,1.0,2,PVC_10_0,7,0.22499999403953552,5625.0,3.1103999614715576,0.4748879671096802,0.4170621633529663,0.5145323872566223,-0.09747020900249481,0.4023294150829315,0.11220297962427139,0.011059065349400043,0.06147291138768196,0.03967100381851196,0.012609980069100857,0.0894559770822525,0.0894559770822525,2.7642600536346436,1.8984627723693848,0.7468542456626892,0.9472165703773499,109.44332122802734,0.35621076822280884,0.085635706782341,0.044216252863407135,0.3690752387046814,1.3326101303100586,1.546944260597229,0.7455897331237793
46,val,0,1.0,1.0,2,PVC_10_0,8,0.25,6250.0,3.8399999141693115,0.5574852824211121,0.5257474184036255,0.6497687697410583,-0.12402135133743286,0.493765652179718,0.15600310266017914,0.015856169164180756,0.08045857399702072,0.05968835949897766,0.01824268512427807,0.10286881029605865,0.10286881029605865,2.747913122177124,1.9593874216079712,0.6965558528900146,0.9489527344703674,109.79054260253906,0.3901887536048889,0.08496694266796112,0.038447391241788864,0.40540871024131775,1.3651224374771118,1.551071286201477,0.8015026450157166
47,train,0,1.0,1.0,2,PVC_10_0,9,0.2750000059604645,6875.0,4.646399974822998,0.5972995758056641,0.6483502984046936,0.8023648858070374,-0.15401460230350494,0.5891714096069336,0.21319347620010376,0.022390611469745636,0.10246353596448898,0.08833933621644974,0.027722017839550972,0.11590054631233215,0.11590054631233215,2.7098073959350586,2.0206797122955322,0.6438708901405334,0.9455310702323914,109.10620880126953,0.4297327399253845,0.08614163845777512,0.034583814442157745,0.4483850598335266,1.3967499732971191,1.548336386680603,0.8595058917999268
48,train,0,1.0,1.0,2,PVC_10_0,10,0.30000001192092896,7500.0,5.529600143432617,0.7768981456756592,0.7841262221336365,0.971327543258667,-0.1872013360261917,0.6863367557525635,0.2849908173084259,0.030865326523780823,0.12681204080581665,0.12731344997882843,0.04799525439739227,0.12852023541927338,0.12852023541927338,2.6525092124938965,2.0790903568267822,0.5927820801734924,0.9301102161407471,106.02204132080078,0.4713532626628876,0.08892320096492767,0.032098010182380676,0.4944710433483124,1.4258729219436646,1.5414073467254639,0.9173314571380615
49,val,0,1.0,1.0,2,PVC_10_0,11,0.32499998807907104,8125.0,6.48960018157959,0.982464611530304,0.9311840534210205,1.1542460918426514,-0.22306200861930847,0.7831625938415527,0.37108349800109863,0.04123689606785774,0.15276461839675903,0.17708197236061096,0.12503765523433685,0.14074119925498962,0.14074119925498962,2.578976631164551,2.132030487060547,0.547193169593811,0.8688808679580688,93.77617645263672,0.5108912587165833,0.09308082610368729,0.030640428885817528,0.539272129535675,1.4513916969299316,1.532578706741333,0.9721091389656067
50,train,0,1.0,1.0,2,PVC_10_0,12,0.3499999940395355,8750.0,7.526400089263916,1.096636176109314,1.0866466760635376,1.3475008010864258,-0.26085415482521057,0.878085732460022,0.4694151282310486,0.05319221690297127,0.1797657459974289,0.23645718395709991,0.28669342398643494,0.15260235965251923,0.15260235965251923,2.4932336807250977,2.1776580810546875,0.5095580816268921,0.778120756149292,75.62416076660156,0.5446344017982483,0.09834278374910355,0.0299516711384058,0.5786442756652832,1.4729139804840088,1.5236479043960571,1.0212305784225464
51,train,0,1.0,1.0,2,PVC_10_0,13,0.375,9375.0,8.640000343322754,1.2108826637268066,1.2471156120300293,1.546844244003296,-0.2997286915779114,0.9703764319419861,0.5764678716659546,0.06622341275215149,0.2074567675590515,0.3027876913547516,0.4131476581096649,0.1641552746295929,0.1641552746295929,2.400157928466797,2.2149696350097656,0.48049527406692505,0.7271667718887329,65.43335723876953,0.570167601108551,0.10440264642238617,0.029828231781721115,0.6096368432044983,1.4906535148620605,1.5158132314682007,1.0630297660827637
52,train,0,1.0,1.0,2,PVC_10_0,14,0.4000000059604645,10000.0,9.830400466918945,1.3690028190612793,1.409277319908142,1.7481532096862793,-0.3388758599758148,1.0601783990859985,0.6879748106002808,0.07975229620933533,0.23556146025657654,0.3726610243320465,0.5165508985519409,0.17545562982559204,0.17545562982559204,2.3047354221343994,2.243783950805664,0.4592985510826111,0.6930793523788452,58.615875244140625,0.58659428358078,0.11094857007265091,0.03010794334113598,0.6308479309082031,1.5051652193069458,1.5097053050994873,1.096975564956665
53,train,0,1.0,1.0,2,PVC_10_0,15,0.42500001192092896,10625.0,11.097599983215332,1.6664570569992065,1.5704071521759033,1.9480507373809814,-0.37764352560043335,1.1482956409454346,0.7997550368309021,0.09324254840612411,0.2638077437877655,0.4427047371864319,0.6059073209762573,0.18655820190906525,0.18655820190906525,2.2112507820129395,2.264613151550293,0.444675087928772,0.6676045656204224,53.52091598510742,0.5942417979240417,0.11769715696573257,0.030663732439279556,0.6422379016876221,1.5170958042144775,1.5055170059204102,1.1234533786773682
54,val,0,1.0,1.0,2,PVC_10_0,16,0.44999998807907104,11250.0,12.44159984588623,1.7020379304885864,1.728617548942566,2.144209146499634,-0.41559162735939026,1.2358752489089966,0.9083338975906372,0.10626525431871414,0.2919199764728546,0.5101486444473267,0.6854745745658875,0.197514146566391,0.197514146566391,2.1228132247924805,2.2784345149993896,0.43526604771614075,0.6474189162254333,49.48377990722656,0.5941758751869202,0.12441769242286682,0.03139830753207207,0.6446873545646667,1.527029037475586,1.5031664371490479,1.1433911323547363
55,train,0,1.0,1.0,2,PVC_10_0,17,0.4749999940395355,11875.0,13.86240005493164,1.914313793182373,1.8828458786010742,2.335330009460449,-0.4524841010570526,1.324116826057434,1.0112130641937256,0.11851856112480164,0.31964120268821716,0.5730533003807068,0.7577104568481445,0.2083696573972702,0.2083696573972702,2.041273593902588,2.2864396572113037,0.42988574504852295,0.6308286190032959,46.16572570800781,0.587771475315094,0.13094042241573334,0.03223971277475357,0.6395547986030579,1.5354241132736206,1.5024282932281494,1.1579211950302124
56,train,0,1.0,1.0,2,PVC_10_0,18,0.5,12500.0,15.359999656677246,2.087332010269165,2.032698392868042,2.5209450721740723,-0.4882466197013855,1.4140905141830444,1.1068545579910278,0.12981833517551422,0.3467525541782379,0.6302836537361145,0.8242243528366089,0.2191656082868576,0.2191656082868576,1.9674301147460938,2.2898383140563965,0.4275807738304138,0.6168425679206848,43.36851501464844,0.5764268636703491,0.13715387880802155,0.03313608467578888,0.6283451914787292,1.5426223278045654,1.503028154373169,1.1681581735610962
57,val,0,1.0,1.0,3,PVC_10_180,0,0.05000000074505806,1250.0,0.15360000729560852,0.1761522889137268,0.11641326546669006,0.09917379915714264,0.017239466309547424,0.006853901315480471,0.09231989830732346,0.06950418651103973,1.7340054725423215e-08,0.02281569503247738,0.006640447303652763,6.508873658494291e-23,0.006640447303652763,0.9535861611366272,2.84004545211792,0.7925485372543335,0.9950531721115112,119.01063537597656,1.080306053161621,0.4296114444732666,1.2279256582260132,3.1298370361328125,2.085127592086792,0.4922747015953064,0.6844714879989624
58,val,0,1.0,1.0,3,PVC_10_180,1,0.07500000298023224,1875.0,0.3456000089645386,0.1749381422996521,0.1104404404759407,0.09467829763889313,0.015762144699692726,0.02143709734082222,0.07324119657278061,0.05602853745222092,1.3659367859020222e-08,0.017212646082043648,0.015361522324383259,1.4144996733935752e-22,0.015361522324383259,1.3255789279937744,2.3259060382843018,0.7812184691429138,0.9886112809181213,117.72225952148438,0.7820457816123962,0.28255918622016907,0.796966016292572,1.3360432386398315,2.1368932723999023,0.5001415014266968,0.6564794778823853
59,train,0,1.0,1.0,3,PVC_10_180,2,0.10000000149011612,2500.0,0.6144000291824341,0.10751472413539886,0.13637381792068481,0.11815027892589569,0.018223533406853676,0.05023020878434181,0.06792007386684418,0.0524468831717968,1.3604128490385392e-08,0.01547317299991846,0.028390271589159966,2.403827047809054e-22,0.028390271589159966,1.747137427330017,1.9308772087097168,0.8198500275611877,0.9791058301925659,115.8211669921875,0.6359183192253113,0.18900033831596375,0.485537588596344,0.8372095823287964,2.1629157066345215,0.5132364630699158,0.6381154656410217
60,train,0,1.0,1.0,3,PVC_10_180,3,0.125,3125.0,0.9599999785423279,0.198393777012825,0.1902589350938797,0.16758494079113007,0.022673998028039932,0.0948583334684372,0.07272660732269287,0.05638357996940613,1.563420681804928e-08,0.016343016177415848,0.04659499600529671,3.5522088493385176e-22,0.04659499600529671,2.111629009246826,1.6616322994232178,0.8505727052688599,0.9660651087760925,113.21302032470703,0.5694540143013,0.13160574436187744,0.28729233145713806,0.6651825904846191,2.176534652709961,0.5321555137634277,0.6308775544166565
61,train,0,1.0,1.0,3,PVC_10_180,4,0.15000000596046448,3750.0,1.3824000358581543,0.27636855840682983,0.26434990763664246,0.23859214782714844,0.02575775980949402,0.1532997190952301,0.08529243618249893,0.06608624756336212,1.8805948798217287e-08,0.01920616813004017,0.07105773687362671,1.5467690794663623e-21,0.07105773687362671,2.3698508739471436,1.4920668601989746,0.8371058702468872,0.9489836692810059,109.7967300415039,0.5444952845573425,0.09681573510169983,0.17204740643501282,0.6009722352027893,2.183708429336548,0.5567493438720703,0.634635329246521
62,train,0,1.0,1.0,3,PVC_10_180,5,0.17499999701976776,4375.0,1.881600022315979,0.3855060040950775,0.3522309362888336,0.32864829897880554,0.023582642897963524,0.22296856343746185,0.10567973554134369,0.08149959146976471,2.3394120418629427e-08,0.02418011985719204,0.10278953611850739,2.0392714266333154e-21,0.10278953611850739,2.5323848724365234,1.3905342817306519,0.8034464716911316,0.927563488483429,105.51270294189453,0.5437136292457581,0.07555998116731644,0.10740535706281662,0.583314836025238,2.1872751712799072,0.5860828757286072,0.648942768573761
63,train,0,1.0,1.0,3,PVC_10_180,6,0.20000000298023224,5000.0,2.4576001167297363,0.4729076027870178,0.4500166177749634,0.43749624490737915,0.012520384043455124,0.30211931467056274,0.1353769302368164,0.10350823402404785,2.9565695669475645e-08,0.03186866268515587,0.14209134876728058,2.571591029431207e-21,0.14209134876728058,2.627124071121216,1.3329089879989624,0.7574135065078735,0.9021280407905579,100.42560577392578,0.5594167113304138,0.06244655326008797,0.070907823741436,0.5913728475570679,2.1885766983032227,0.6190178394317627,0.673830509185791
64,train,0,1.0,1.0,3,PVC_10_180,7,0.22499999403953552,5625.0,3.1103999614715576,0.585237979888916,0.5569317936897278,0.5665655732154846,-0.009633799083530903,0.38965117931365967,0.17691439390182495,0.1335740089416504,3.748508703438347e-08,0.04334034025669098,0.1878364533185959,3.1350989360037208e-21,0.1878364533185959,2.677152633666992,1.303952932357788,0.703331470489502,0.8739358186721802,94.78716278076172,0.5875788927078247,0.05448431521654129,0.04976676031947136,0.6164852380752563,2.1881704330444336,0.6548154354095459,0.7099887132644653
65,train,0,1.0,1.0,3,PVC_10_180,8,0.25,6250.0,3.8399999141693115,0.6845232844352722,0.6753287315368652,0.718160092830658,-0.04283136501908302,0.4846715033054352,0.23348860442638397,0.17335668206214905,4.73176839932421e-08,0.06013187766075134,0.23751667141914368,1.100452127541173e-21,0.23751667141914368,2.6973023414611816,1.2950241565704346,0.6455838680267334,0.8448962569236755,88.97925567626953,0.6245458126068115,0.05006705969572067,0.037213195115327835,0.6531403064727783,2.1861753463745117,0.6932286024093628,0.7583141326904297
66,train,0,1.0,1.0,3,PVC_10_180,9,0.2750000059604645,6875.0,4.646399974822998,0.8764917254447937,0.8094035387039185,0.8945313692092896,-0.0851278007030487,0.5862382650375366,0.30829310417175293,0.22417956590652466,5.926473534145771e-08,0.0841134786605835,0.28830739855766296,1.3053009020798728e-21,0.28830739855766296,2.696316719055176,1.3015316724777222,0.5894292593002319,0.8167735934257507,83.3547134399414,0.6655639410018921,0.048327840864658356,0.02967711351811886,0.6957216262817383,2.182474374771118,0.7341402769088745,0.818877100944519
67,train,0,1.0,1.0,3,PVC_10_180,10,0.30000001192092896,7500.0,5.529600143432617,0.9029657244682312,0.9628866314888,1.0968447923660278,-0.1339581459760666,0.6932864189147949,0.4035583436489105,0.2864724099636078,7.362306320146672e-08,0.11708587408065796,0.33811330795288086,1.5292022956885683e-21,0.33811330795288086,2.679367780685425,1.320871114730835,0.5399118661880493,0.7906438708305359,78.12877655029297,0.7049400806427002,0.048761457204818726,0.025212138891220093,0.7380037903785706,2.1768574714660645,0.7771403789520264,0.8897164463996887
68,train,0,1.0,1.0,3,PVC_10_180,11,0.32499998807907104,8125.0,6.48960018157959,1.0138746500015259,1.1371231079101562,1.3242912292480469,-0.1871681809425354,0.8046954870223999,0.5195958018302917,0.35945403575897217,9.076988050082946e-08,0.16014167666435242,0.3858281672000885,1.7719416372268438e-21,0.3858281672000885,2.6498849391937256,1.3509691953659058,0.5001827478408813,0.766912579536438,73.38251495361328,0.7373599410057068,0.051009953022003174,0.022702785208821297,0.774195671081543,2.1691484451293945,0.8213348388671875,0.9663851261138916
69,train,0,1.0,1.0,3,PVC_10_180,12,0.3499999940395355,8750.0,7.526400089263916,1.313947081565857,1.3304959535598755,1.5737287998199463,-0.2432328462600708,0.9194257259368896,0.6543030142784119,0.4411999583244324,1.1102824259978661e-07,0.21310295164585114,0.43107983469963074,5.840269234020067e-23,0.43107983469963074,2.61061429977417,1.389504313468933,0.4708890914916992,0.7455744743347168,69.1148910522461,0.7592996954917908,0.054748088121414185,0.021473733708262444,0.8002643585205078,2.159308910369873,0.8654767870903015,1.0429627895355225
70,train,0,1.0,1.0,3,PVC_10_180,13,0.375,9375.0,8.640000343322754,1.5928974151611328,1.539054274559021,1.8400664329528809,-0.30101215839385986,1.0366451740264893,0.8034211993217468,0.5290019512176514,1.34512873728454e-07,0.2744191288948059,0.47390738129615784,5.378405057965097e-23,0.47390738129615784,2.5640692710876465,1.4337656497955322,0.4508901834487915,0.7264378666877747,65.2875747680664,0.7695695161819458,0.05964180454611778,0.02109524980187416,0.8145061135292053,2.147489070892334,0.9082972407341003,1.1140073537826538
71,val,0,1.0,1.0,3,PVC_10_180,14,0.4000000059604645,10000.0,9.830400466918945,1.7449835538864136,1.7576677799224854,2.1171910762786865,-0.35952329635620117,1.1557902097702026,0.9614008665084839,0.6198216080665588,1.610670210538956e-07,0.3415790796279907,0.5145385265350342,4.737613029109707e-23,0.5145385265350342,2.512587070465088,1.4809337854385376,0.43834972381591797,0.7092531323432922,61.850624084472656,0.7688815593719482,0.06535342335700989,0.021283041685819626,0.8171912431716919,2.1340084075927734,0.9488040208816528,1.1760361194610596
72,train,0,1.0,1.0,3,PVC_10_180,15,0.42500001192092896,10625.0,11.097599983215332,1.9275760650634766,1.9811205863952637,2.3989953994750977,-0.41787487268447876,1.276566505432129,1.1224290132522583,0.7106972932815552,1.9030179032597516e-07,0.4117315113544464,0.5532668828964233,4.3758464666851443e-23,0.5532668828964233,2.4582595825195312,1.5284725427627563,0.4314686059951782,0.6937710642814636,58.754215240478516,0.7590030431747437,0.07156836241483688,0.0218447707593441,0.8097841739654541,2.119281530380249,0.9864133596420288,1.227772831916809
73,train,0,1.0,1.0,3,PVC_10_180,16,0.44999998807907104,11250.0,12.44159984588623,2.2017436027526855,2.2048606872558594,2.680161952972412,-0.4753013551235199,1.398910641670227,1.281251311302185,0.7990486025810242,2.216851697767197e-07,0.4822025001049042,0.5903915762901306,7.206585157104998e-24,0.5903915762901306,2.4028525352478027,1.57440984249115,0.42877092957496643,0.6797662973403931,55.95326232910156,0.7420207262039185,0.0780191645026207,0.02264895662665367,0.7942309379577637,2.1037416458129883,1.0209200382232666,1.2695465087890625
74,train,0,1.0,1.0,3,PVC_10_180,17,0.4749999940395355,11875.0,13.86240005493164,2.481191635131836,2.4253649711608887,2.9565751552581787,-0.5312103033065796,1.522939682006836,1.4336354732513428,0.8828478455543518,2.5462958319621976e-07,0.5507873296737671,0.6261906623840332,1.0895943249278015e-23,0.6261906623840332,2.347781181335449,1.6174240112304688,0.4291355609893799,0.6670430302619934,53.408607482910156,0.7199010252952576,0.0844964012503624,0.023605359718203545,0.7724989056587219,2.0877842903137207,1.05238676071167,1.3025178909301758
75,val,0,1.0,1.0,3,PVC_10_180,18,0.5,12500.0,15.359999656677246,2.5872838497161865,2.6402130126953125,3.225417137145996,-0.5852041244506836,1.6488913297653198,1.5765256881713867,0.960673987865448,2.885576861899608e-07,0.6158514022827148,0.6609118580818176,3.6900772493286525e-22,0.6609118580818176,2.294109582901001,1.6567879915237427,0.43173301219940186,0.6554343104362488,51.08686828613281,0.6943051815032959,0.09084878861904144,0.024651870131492615,0.7463505864143372,2.0717387199401855,1.0810296535491943,1.3281123638153076
76,train,0,1.0,1.0,4,Rguijiao_20_0,0,0.05000000074505806,1250.0,0.5408450961112976,0.0793856531381607,0.061265889555215836,0.06756795197725296,-0.006302062422037125,0.009567013941705227,0.05800093710422516,0.006585527677088976,0.03799350559711456,0.013421902433037758,0.0008497143280692399,0.012034342624247074,0.012034342624247074,1.3310626745224,1.6665306091308594,0.723183274269104,0.9132076501846313,102.64153289794922,1.080690860748291,0.3861740827560425,0.4981664717197418,2.160452127456665,1.563612937927246,1.9455472230911255,0.4970439374446869
77,train,0,1.0,1.0,4,Rguijiao_20_0,1,0.07500000298023224,1875.0,1.216901421546936,0.06598012149333954,0.07728961110115051,0.08832807093858719,-0.01103846076875925,0.025797998532652855,0.06253007054328918,0.0073288967832922935,0.04010894149541855,0.015092235058546066,0.002076980657875538,0.024730108678340912,0.024730108678340912,1.5952383279800415,1.5463659763336182,0.6803493499755859,0.9264792203903198,105.29583740234375,0.7952997088432312,0.2840469479560852,0.328004390001297,1.1399554014205933,1.5796198844909668,1.9818249940872192,0.5073522329330444
78,train,0,1.0,1.0,4,Rguijiao_20_0,2,0.10000000149011612,2500.0,2.1633803844451904,0.13217772543430328,0.11207668483257294,0.1310490369796753,-0.018972348421812057,0.05217735469341278,0.07887168973684311,0.008776084519922733,0.05176122486591339,0.01833437941968441,0.004223970230668783,0.03916126862168312,0.03916126862168312,1.8148642778396606,1.5138933658599854,0.7329375743865967,0.9396970868110657,107.93941497802734,0.6314588189125061,0.22349964082241058,0.2306174337863922,0.7786438465118408,1.5911215543746948,1.9970186948776245,0.5184546709060669
79,train,0,1.0,1.0,4,Rguijiao_20_0,3,0.125,3125.0,3.380281686782837,0.19640156626701355,0.16182368993759155,0.19220662117004395,-0.030382927507162094,0.08982636779546738,0.10238026082515717,0.011141051538288593,0.0675724521279335,0.023666750639677048,0.008221819996833801,0.053746797144412994,0.053746797144412994,1.9996130466461182,1.523531436920166,0.7576286792755127,0.9483026266098022,109.66053009033203,0.5426178574562073,0.18389862775802612,0.16845275461673737,0.6236767768859863,1.6037322282791138,2.0024468898773193,0.5313568711280823
80,val,0,1.0,1.0,4,Rguijiao_20_0,4,0.15000000596046448,3750.0,4.867605686187744,0.2594616115093231,0.22704213857650757,0.2726742625236511,-0.04563211649656296,0.13907170295715332,0.133602574467659,0.014688882045447826,0.08710182458162308,0.03181186690926552,0.01782258413732052,0.06770908087491989,0.06770908087491989,2.1499006748199463,1.5583252906799316,0.7479768991470337,0.9432054162025452,108.6410903930664,0.4984563887119293,0.15659137070178986,0.12654855847358704,0.5530353784561157,1.6189442873001099,2.001816511154175,0.5468577146530151
81,train,0,1.0,1.0,4,Rguijiao_20_0,5,0.17499999701976776,4375.0,6.625351905822754,0.35800719261169434,0.30933159589767456,0.37443530559539795,-0.06510372459888458,0.1993994265794754,0.17503589391708374,0.01974118873476982,0.11155254393815994,0.043742164969444275,0.0833248496055603,0.08086365461349487,0.08086365461349487,2.2646963596343994,1.6096384525299072,0.7223199009895325,0.8541660308837891,90.83320617675781,0.4804946184158325,0.1374237835407257,0.09775220602750778,0.5230664014816284,1.6362468004226685,1.996491551399231,0.5654807686805725
82,train,0,1.0,1.0,4,Rguijiao_20_0,6,0.20000000298023224,5000.0,8.653521537780762,0.47495365142822266,0.40890777111053467,0.4977046847343445,-0.08879689872264862,0.2696897089481354,0.2280149608850479,0.02654288336634636,0.14104878902435303,0.060423288494348526,0.23541828989982605,0.09331627935171127,0.09331627935171127,2.345127582550049,1.6711726188659668,0.6900119781494141,0.7266942262649536,65.3388442993164,0.4763789474964142,0.12415102124214172,0.07797279953956604,0.5129828453063965,1.6542479991912842,1.9870431423187256,0.5873526334762573
83,train,0,1.0,1.0,4,Rguijiao_20_0,7,0.22499999403953552,5625.0,10.952113151550293,0.5159441232681274,0.5246006846427917,0.6409497261047363,-0.11634902656078339,0.34855929017066956,0.2923904061317444,0.03511853516101837,0.17481675744056702,0.0824550986289978,0.33878958225250244,0.10526465624570847,0.10526465624570847,2.394824981689453,1.7372009754180908,0.6574322581291199,0.6701484322547913,54.029693603515625,0.47728732228279114,0.1153566837310791,0.06449082493782043,0.510577917098999,1.6714601516723633,1.9739389419555664,0.6120954155921936
84,train,0,1.0,1.0,4,Rguijiao_20_0,8,0.25,6250.0,13.521126747131348,0.5834466218948364,0.6539759635925293,0.8010781407356262,-0.14710216224193573,0.4346414804458618,0.3664366602897644,0.045197993516922,0.21148478984832764,0.10975386947393417,0.4210447072982788,0.11690676212310791,0.11690676212310791,2.4188742637634277,1.8025115728378296,0.6287556886672974,0.6344692707061768,46.893856048583984,0.47724902629852295,0.1100018098950386,0.05537207052111626,0.5083227753639221,1.6867790222167969,1.9578449726104736,0.6388530135154724
85,train,0,1.0,1.0,4,Rguijiao_20_0,9,0.2750000059604645,6875.0,16.360563278198242,0.8144222497940063,0.7937156558036804,0.9739304184913635,-0.1802147477865219,0.5267557501792908,0.44717466831207275,0.05626290664076805,0.24946102499961853,0.14145071804523468,0.4909791052341461,0.1284092366695404,0.1284092366695404,2.4227356910705566,1.8629266023635864,0.6059807538986206,0.6089425683021545,41.788509368896484,0.4729542136192322,0.10725484788417816,0.04924031347036362,0.5021548867225647,1.6996523141860962,1.9396522045135498,0.6664769053459167
86,train,0,1.0,1.0,4,Rguijiao_20_0,10,0.30000001192092896,7500.0,19.470422744750977,0.9322099089622498,0.9401708841323853,1.1549676656723022,-0.21479679644107819,0.6239838600158691,0.5309838056564331,0.06768418848514557,0.2872341275215149,0.17606553435325623,0.552803099155426,0.13990218937397003,0.13990218937397003,2.411531925201416,1.9157135486602783,0.5894010066986084,0.5894266963005066,37.88533401489258,0.46329402923583984,0.10643753409385681,0.04513862729072571,0.49062860012054443,1.7100075483322144,1.9203394651412964,0.6937886476516724
87,val,0,1.0,1.0,4,Rguijiao_20_0,11,0.32499998807907104,8125.0,22.850704193115234,0.985845148563385,1.0899264812469482,1.3399639129638672,-0.25003740191459656,0.725684404373169,0.6142794489860535,0.07886955142021179,0.32355332374572754,0.21185658872127533,0.6090114116668701,0.15148326754570007,0.15148326754570007,2.3896992206573486,1.9596349000930786,0.578337550163269,0.5738567113876343,34.77134704589844,0.44861844182014465,0.10700404644012451,0.04241463914513588,0.4739834666252136,1.7180708646774292,1.9008080959320068,0.719806432723999
88,train,0,1.0,1.0,4,Rguijiao_20_0,12,0.3499999940395355,8750.0,26.501407623291016,1.1948415040969849,1.2402079105377197,1.5255000591278076,-0.2852920889854431,0.831466794013977,0.6940332055091858,0.08935842663049698,0.3575025200843811,0.2471722662448883,0.6612422466278076,0.1632239818572998,0.1632239818572998,2.3608641624450684,1.9946645498275757,0.5717481970787048,0.5610531568527222,32.210636138916016,0.4299975335597992,0.10852877050638199,0.04062918573617935,0.4532945156097412,1.72419273853302,1.8817706108093262,0.7438614368438721
89,train,0,1.0,1.0,4,Rguijiao_20_0,13,0.375,9375.0,30.422534942626953,1.4401521682739258,1.3890693187713623,1.70918869972229,-0.3201194107532501,0.9411409497261047,0.7680476903915405,0.0988541841506958,0.38850271701812744,0.2806908190250397,0.7106358408927917,0.1751757562160492,0.1751757562160492,2.327846050262451,2.021561622619629,0.5685766935348511,0.5502814054489136,30.056276321411133,0.4087006747722626,0.11068961024284363,0.03948702663183212,0.42988553643226624,1.7287389039993286,1.8637231588363647,0.7656046748161316
90,val,0,1.0,1.0,4,Rguijiao_20_0,14,0.4000000059604645,10000.0,34.61408615112305,1.5939713716506958,1.5353782176971436,1.8896498680114746,-0.35427170991897583,1.0546624660491943,0.8349873423576355,0.10720954090356827,0.41626524925231934,0.3115125298500061,0.7580162286758423,0.1873747855424881,0.1873747855424881,2.2927441596984863,2.041473627090454,0.5679056644439697,0.5410550832748413,28.211017608642578,0.38590165972709656,0.11325009912252426,0.03878873586654663,0.40499600768089294,1.7320307493209839,1.8469630479812622,0.7849458456039429
91,train,0,1.0,1.0,4,Rguijiao_20_0,15,0.42500001192092896,10625.0,39.07605743408203,1.847556233406067,1.6786891222000122,2.0663509368896484,-0.3876618444919586,1.1720821857452393,0.8942686319351196,0.1143936812877655,0.4407304525375366,0.3391444683074951,0.803994357585907,0.19984598457813263,0.19984598457813263,2.2570559978485107,2.0556445121765137,0.5689948201179504,0.5330373644828796,26.607471466064453,0.36256250739097595,0.11604051291942596,0.038398683071136475,0.37964630126953125,1.7343378067016602,1.8316330909729004,0.8019706010818481
92,val,0,1.0,1.0,4,Rguijiao_20_0,16,0.44999998807907104,11250.0,43.80845260620117,1.9395111799240112,1.8190594911575317,2.239377975463867,-0.42031845450401306,1.293505072593689,0.9458728432655334,0.1204533725976944,0.4619988203048706,0.36342066526412964,0.8490321040153503,0.21260574460029602,0.21260574460029602,2.2218017578125,2.065248489379883,0.5712720155715942,0.5259861946105957,25.19723892211914,0.3394056558609009,0.11894197762012482,0.03822386637330055,0.35460183024406433,1.7358707189559937,1.8177677392959595,0.816864550113678
93,val,0,1.0,1.0,4,Rguijiao_20_0,17,0.4749999940395355,11875.0,48.8112678527832,2.0250658988952637,1.95688796043396,2.4092352390289307,-0.4523472189903259,1.4190605878829956,0.9901747107505798,0.12548303604125977,0.4802791178226471,0.38441258668899536,0.8934834003448486,0.2256641983985901,0.2256641983985901,2.1876399517059326,2.0713045597076416,0.5743064880371094,0.519722580909729,23.944515228271484,0.31694236397743225,0.12187223136425018,0.038199532777071,0.33040091395378113,1.73679780960083,1.8053288459777832,0.8298581838607788
94,train,0,1.0,1.0,4,Rguijiao_20_0,18,0.5,12500.0,54.08450698852539,2.1159510612487793,2.0927634239196777,2.5766592025756836,-0.48389583826065063,1.548883318901062,1.027775764465332,0.12959885597229004,0.49583899974823,0.4023379683494568,0.9382701516151428,0.23902688920497894,0.23902688920497894,2.154968023300171,2.074655771255493,0.5777826309204102,0.5142316222190857,22.84632110595703,0.2955061197280884,0.1247766762971878,0.03828059509396553,0.30738991498947144,1.737249493598938,1.7942347526550293,0.8411899209022522
95,train,0,1.0,1.0,5,Rguijiao_20_180,0,0.05000000074505806,1250.0,0.5408450961112976,0.03256566822528839,0.06069072335958481,0.051315538585186005,0.009375183843076229,0.009487717412412167,0.04182782024145126,0.032798487693071365,1.2841561591869777e-08,0.009029323235154152,0.014045508578419685,4.771743885034999e-23,0.014045508578419685,1.3200300931930542,2.6222312450408936,0.9221125841140747,0.9817633032798767,116.3526611328125,0.5373655557632446,0.3825545608997345,0.7770952582359314,0.7684150338172913,2.1703295707702637,0.6911415457725525,0.5974850058555603
96,train,0,1.0,1.0,5,Rguijiao_20_180,1,0.07500000298023224,1875.0,1.216901421546936,0.1428789347410202,0.09136055409908295,0.07771683484315872,0.013643722049891949,0.033044539391994476,0.044672295451164246,0.035041581839323044,1.6385401480079054e-08,0.009630697779357433,0.034756336361169815,9.746242062107351e-23,0.034756336361169815,2.0433340072631836,1.7645764350891113,0.9413870573043823,0.955812931060791,111.16258239746094,0.46651846170425415,0.17691946029663086,0.2940545976161957,0.5348793268203735,2.200106382369995,0.819615364074707,0.6046689748764038
97,train,0,1.0,1.0,5,Rguijiao_20_180,2,0.10000000149011612,2500.0,2.1633803844451904,0.154811292886734,0.16553935408592224,0.1431753784418106,0.022363979369401932,0.07395686209201813,0.06921851634979248,0.05393745005130768,2.6142235043380424e-08,0.015281043015420437,0.06915778666734695,1.5577213465954122e-22,0.06915778666734695,2.5724122524261475,1.3062652349472046,0.8282830715179443,0.9151419997215271,103.02839660644531,0.5751579999923706,0.08681276440620422,0.10227473080158234,0.6233356595039368,2.208085060119629,0.9690597653388977,0.6255735158920288
98,train,0,1.0,1.0,5,Rguijiao_20_180,3,0.125,3125.0,3.380281686782837,0.3438483476638794,0.27647560834884644,0.24753224849700928,0.028943344950675964,0.12590353190898895,0.12162871658802032,0.0934661328792572,3.994456321265716e-08,0.028162548318505287,0.11730728298425674,3.3007464984804745e-22,0.11730728298425674,2.802722215652466,1.127914309501648,0.638986349105835,0.8628255128860474,92.56509399414062,0.7508785128593445,0.05533831566572189,0.04478786140680313,0.8010406494140625,2.2068986892700195,1.1070201396942139,0.6649669408798218
99,train,0,1.0,1.0,5,Rguijiao_20_180,4,0.15000000596046448,3750.0,4.867605686187744,0.366254061460495,0.40979450941085815,0.38652515411376953,0.02326936274766922,0.1860310584306717,0.20049411058425903,0.1511494219303131,5.49873355737418e-08,0.049344632774591446,0.17116811871528625,3.0512473384256006e-22,0.17116811871528625,2.875842332839966,1.0773290395736694,0.4944930076599121,0.8097938895225525,81.95877838134766,0.8890889883041382,0.046414561569690704,0.027232004329562187,0.9449175596237183,2.1996848583221436,1.2137179374694824,0.7181147933006287
100,val,0,1.0,1.0,5,Rguijiao_20_180,5,0.17499999701976776,4375.0,6.625351905822754,0.5469441413879395,0.5533045530319214,0.5525961518287659,0.0007083817617967725,0.25385117530822754,0.29874497652053833,0.22051295638084412,7.43799475344531e-08,0.07823196053504944,0.22271017730236053,4.1042529535057127e-22,0.22271017730236053,2.883136749267578,1.0822993516921997,0.42953553795814514,0.7638893723487854,72.77787780761719,0.9533777236938477,0.04637611657381058,0.02128521166741848,1.0139750242233276,2.1870675086975098,1.2880897521972656,0.7759115695953369
101,val,0,1.0,1.0,5,Rguijiao_20_180,6,0.20000000298023224,5000.0,8.653521537780762,0.6811033487319946,0.7033606171607971,0.7383580803871155,-0.03499743714928627,0.3291231691837311,0.4092349112033844,0.2958999574184418,9.832807279508415e-08,0.11333487182855606,0.269457072019577,5.165577832583413e-22,0.269457072019577,2.861940383911133,1.1128021478652954,0.40447521209716797,0.7262254357337952,65.24508666992188,0.9579805135726929,0.05040803179144859,0.019358307123184204,1.0212604999542236,2.1697473526000977,1.336937665939331,0.831051230430603
102,train,0,1.0,1.0,5,Rguijiao_20_180,7,0.22499999403953552,5625.0,10.952113151550293,0.8595311641693115,0.8582718372344971,0.9361475706100464,-0.07787575572729111,0.41153767704963684,0.5246099233627319,0.37222591042518616,1.24294658121471e-07,0.15238389372825623,0.31184452772140503,6.088031133035027e-22,0.31184452772140503,2.827526807785034,1.1544468402862549,0.3933761715888977,0.6954247355461121,59.08494186401367,0.9245197772979736,0.05649769678711891,0.019121069461107254,0.987920343875885,2.1489410400390625,1.3681180477142334,0.8797452449798584
103,val,0,1.0,1.0,5,Rguijiao_20_180,8,0.25,6250.0,13.521126747131348,0.9238037467002869,1.0147756338119507,1.1381988525390625,-0.12342322617769241,0.5007182955741882,0.637480616569519,0.4448357820510864,1.5440167544511496e-07,0.1926446557044983,0.35095101594924927,4.4343872033728714e-23,0.35095101594924927,2.7866060733795166,1.1994596719741821,0.3986786901950836,0.6699312329292297,53.986244201660156,0.8693223595619202,0.06359702348709106,0.01970621943473816,0.9303302764892578,2.1260604858398438,1.3882451057434082,0.9207311272621155
104,train,0,1.0,1.0,5,Rguijiao_20_180,9,0.2750000059604645,6875.0,16.360563278198242,1.1566203832626343,1.1690536737442017,1.3378870487213135,-0.16883337497711182,0.5962551832199097,0.7416318655014038,0.5101385712623596,1.8627277142968524e-07,0.23149314522743225,0.3877774477005005,1.5124849068464185e-22,0.3877774477005005,2.7423877716064453,1.243594765663147,0.4106428027153015,0.6485117077827454,49.702335357666016,0.8033981919288635,0.07107389718294144,0.020725052803754807,0.8600197434425354,2.1023945808410645,1.4020791053771973,0.9540348052978516
105,train,0,1.0,1.0,5,Rguijiao_20_180,10,0.30000001192092896,7500.0,19.470422744750977,1.4060606956481934,1.3182222843170166,1.530745506286621,-0.21252325177192688,0.6977605819702148,0.8329848647117615,0.5660669803619385,2.188418619653021e-07,0.2669176459312439,0.42311134934425354,2.1849816341358754e-22,0.42311134934425354,2.6966593265533447,1.284678339958191,0.4267123341560364,0.6302563548088074,46.05126953125,0.733995795249939,0.07852301001548767,0.021971752867102623,0.7849885821342468,2.07896089553833,1.4126513004302979,0.9802927374839783
106,train,0,1.0,1.0,5,Rguijiao_20_180,11,0.32499998807907104,8125.0,22.850704193115234,1.4605861902236938,1.4609261751174927,1.714707612991333,-0.25378143787384033,0.8049178123474121,0.9097897410392761,0.612040102481842,2.510972763047903e-07,0.297749400138855,0.4575432538986206,2.0516508882903167e-22,0.4575432538986206,2.6506171226501465,1.3217902183532715,0.44508230686187744,0.6144993305206299,42.899864196777344,0.6657159924507141,0.08568944036960602,0.02332320809364319,0.7105727195739746,2.0564630031585693,1.421687126159668,1.0004419088363647
107,train,0,1.0,1.0,5,Rguijiao_20_180,12,0.3499999940395355,8750.0,26.501407623291016,1.5938189029693604,1.5971949100494385,1.8896913528442383,-0.2924964427947998,0.9175012111663818,0.9721900820732117,0.6485774517059326,2.8215274028298154e-07,0.3236123323440552,0.49150949716567993,1.0935382981323264e-22,0.49150949716567993,2.605149984359741,1.354758381843567,0.46436795592308044,0.60074782371521,40.14957046508789,0.6012617349624634,0.09242717921733856,0.02470182441174984,0.6400449275970459,2.035317897796631,1.4300581216812134,1.0155363082885742
108,train,0,1.0,1.0,5,Rguijiao_20_180,13,0.375,9375.0,30.422534942626953,1.7949695587158203,1.7279709577560425,2.0568878650665283,-0.32891690731048584,1.035370111465454,1.0215177536010742,0.6768151521682739,3.113208606464468e-07,0.34470227360725403,0.5253316760063171,1.495270447281558e-22,0.5253316760063171,2.560915470123291,1.3838207721710205,0.48353320360183716,0.588631272315979,37.72625732421875,0.5420094728469849,0.09866941720247269,0.026059212163090706,0.5751453638076782,2.015713691711426,1.4381426572799683,1.0266039371490479
109,train,0,1.0,1.0,5,Rguijiao_20_180,14,0.4000000059604645,10000.0,34.61408615112305,1.8172143697738647,1.8546316623687744,2.218093156814575,-0.3634614944458008,1.1584495306015015,1.0596436262130737,0.6981079578399658,3.381494479981484e-07,0.36153534054756165,0.5592469573020935,1.9560245382707015e-22,0.5592469573020935,2.5183682441711426,1.409401774406433,0.5018646121025085,0.5778660178184509,35.57320785522461,0.4884602129459381,0.10440165549516678,0.02736668288707733,0.5165591239929199,1.9976823329925537,1.4460630416870117,1.0345574617385864
110,train,0,1.0,1.0,5,Rguijiao_20_180,15,0.42500001192092896,10625.0,39.07605743408203,1.9982558488845825,1.978654146194458,2.3752498626708984,-0.39659571647644043,1.2867083549499512,1.0885415077209473,0.7137872576713562,3.6241544876247644e-07,0.3747538924217224,0.593430757522583,4.209740443493825e-22,0.593430757522583,2.4777894020080566,1.4319722652435303,0.518925666809082,0.5682315826416016,33.64631271362305,0.44058743119239807,0.10964210331439972,0.028608907014131546,0.46431764960289,1.9811615943908691,1.4538309574127197,1.0401530265808105
111,train,0,1.0,1.0,5,Rguijiao_20_180,16,0.44999998807907104,11250.0,43.80845260620117,2.1439406871795654,2.1014180183410645,2.530179023742676,-0.4287610650062561,1.4201430082321167,1.1100358963012695,0.7250345349311829,3.840819715605903e-07,0.385001003742218,0.6280124187469482,7.673410321620723e-23,0.6280124187469482,2.4393224716186523,1.451981544494629,0.5344974994659424,0.5595534443855286,31.910694122314453,0.3980691134929657,0.1144256517291069,0.02977939136326313,0.41807928681373596,1.9660418033599854,1.4614149332046509,1.043988823890686
112,train,0,1.0,1.0,5,Rguijiao_20_180,17,0.4749999940395355,11875.0,48.8112678527832,2.1708872318267822,2.2241275310516357,2.684473991394043,-0.46034637093544006,1.558763861656189,1.1257100105285645,0.7328478097915649,4.032489187011379e-07,0.3928617537021637,0.6630873680114746,1.0249265592317644e-21,0.6630873680114746,2.403008222579956,1.4698234796524048,0.5485140681266785,0.5516924262046814,30.33848762512207,0.36044633388519287,0.11879415810108185,0.030876940116286278,0.37732619047164917,1.9521950483322144,1.4687778949737549,1.0465238094329834
113,train,0,1.0,1.0,5,Rguijiao_20_180,18,0.5,12500.0,54.08450698852539,2.288050651550293,2.347785234451294,2.839463710784912,-0.4916784465312958,1.7025872468948364,1.1368763446807861,0.7380386590957642,4.201005765480659e-07,0.3988373279571533,0.6987252831459045,1.5449125679011279e-21,0.6987252831459045,2.36881685256958,1.4858323335647583,0.5610091090202332,0.544535219669342,28.90704917907715,0.3272111713886261,0.1227906346321106,0.03190360963344574,0.3414757251739502,1.9394930601119995,1.4758893251419067,1.048105239868164
114,train,0,1.0,1.0,6,Rguijiao_10_0,0,0.05000000074505806,1250.0,0.5408450961112976,0.032475970685482025,0.02169797383248806,0.02093501389026642,0.0007629597093909979,0.004486337304115295,0.016448676586151123,0.009360863827168941,0.0033668100368231535,0.003721002023667097,0.007022754289209843,0.006017171312123537,0.006017171312123537,0.6241859793663025,3.73901629447937,0.9519942402839661,0.6977755427360535,59.55510711669922,0.31284841895103455,0.5445204377174377,0.626166045665741,0.3853159248828888,1.7326478958129883,0.6546040773391724,0.6887383460998535
115,train,0,1.0,1.0,6,Rguijiao_10_0,1,0.07500000298023224,1875.0,1.216901421546936,0.01790078543126583,0.035542428493499756,0.04034913331270218,-0.004806704353541136,0.019313981756567955,0.021035153418779373,0.01001860573887825,0.0058195688761770725,0.005196979269385338,0.017378168180584908,0.012365054339170456,0.012365054339170456,1.1942944526672363,2.732057809829712,0.920118510723114,0.6890503168106079,57.810062408447266,0.25146615505218506,0.18095970153808594,0.11616138368844986,0.26475632190704346,1.6415619850158691,1.036327600479126,0.851531982421875
116,train,0,1.0,1.0,6,Rguijiao_10_0,2,0.10000000149011612,2500.0,2.1633803844451904,0.07656078040599823,0.0766412764787674,0.09185746312141418,-0.015216190367937088,0.05632631108164787,0.03553115576505661,0.014500478282570839,0.011032718233764172,0.009997960180044174,0.03457889333367348,0.01958063431084156,0.01958063431084156,1.9591758251190186,2.0904407501220703,0.8156337738037109,0.6682419776916504,53.64839553833008,0.2942872643470764,0.0941510796546936,0.04323962330818176,0.30354323983192444,1.5234653949737549,1.421142339706421,1.0504168272018433
117,train,0,1.0,1.0,6,Rguijiao_10_0,3,0.125,3125.0,3.380281686782837,0.23806096613407135,0.1273074448108673,0.15466183423995972,-0.027354395017027855,0.0999799594283104,0.05468187481164932,0.02124306932091713,0.016664966940879822,0.016773836687207222,0.05865364149212837,0.026873398572206497,0.026873398572206497,2.2256405353546143,1.8885631561279297,0.737899661064148,0.6360481977462769,47.20964050292969,0.3146091103553772,0.07627805322408676,0.02997620776295662,0.3230924606323242,1.4854145050048828,1.5792014598846436,1.1729047298431396
118,train,0,1.0,1.0,6,Rguijiao_10_0,4,0.15000000596046448,3750.0,4.867605686187744,0.1772611141204834,0.18330557644367218,0.22403056919574738,-0.040724996477365494,0.1453021913766861,0.07872837781906128,0.03045329637825489,0.02297329157590866,0.02530178800225258,0.08558405935764313,0.033854540437459946,0.033854540437459946,2.2462174892425537,1.8450195789337158,0.6877509355545044,0.6019469499588013,40.38938522338867,0.3182445764541626,0.07353606820106506,0.02558625303208828,0.3265169560909271,1.4977998733520508,1.6429014205932617,1.2444305419921875
119,val,0,1.0,1.0,6,Rguijiao_10_0,5,0.17499999701976776,4375.0,6.625351905822754,0.18364696204662323,0.2455381453037262,0.30127447843551636,-0.05573634058237076,0.19103136658668518,0.11024311184883118,0.04317654296755791,0.030560335144400597,0.03650623559951782,0.11135508865118027,0.040431827306747437,0.040431827306747437,2.1696555614471436,1.8600025177001953,0.6480505466461182,0.5731584429740906,34.63169479370117,0.3211388885974884,0.07636760920286179,0.023498540744185448,0.32979294657707214,1.532236099243164,1.6735050678253174,1.2955220937728882
120,train,0,1.0,1.0,6,Rguijiao_10_0,6,0.20000000298023224,5000.0,8.653521537780762,0.3012953996658325,0.31456828117370605,0.3870944380760193,-0.07252617180347443,0.23566873371601105,0.15142568945884705,0.06036728620529175,0.039707306772470474,0.051351092755794525,0.1347285360097885,0.04665813967585564,0.04665813967585564,2.049293041229248,1.8994355201721191,0.6125638484954834,0.5506797432899475,30.13594627380371,0.3271225690841675,0.08253511786460876,0.022457918152213097,0.33674073219299316,1.573005199432373,1.6890696287155151,1.338067889213562
121,val,0,1.0,1.0,6,Rguijiao_10_0,7,0.22499999403953552,5625.0,10.952113151550293,0.3997516632080078,0.38961485028266907,0.48044300079345703,-0.09082814306020737,0.2782738506793976,0.20216915011405945,0.08199570327997208,0.0502181202173233,0.06995531171560287,0.15592226386070251,0.05263232812285423,0.05263232812285423,1.911919116973877,1.9464807510375977,0.5816840529441833,0.5332548022270203,26.650957107543945,0.33349865674972534,0.09117117524147034,0.022165536880493164,0.34446099400520325,1.6104406118392944,1.6956136226654053,1.3739606142044067
122,train,0,1.0,1.0,6,Rguijiao_10_0,8,0.25,6250.0,13.521126747131348,0.3755049407482147,0.4683610498905182,0.5783672332763672,-0.1100061759352684,0.3190438449382782,0.259323388338089,0.10665658116340637,0.061482686549425125,0.09118413180112839,0.17547550797462463,0.058453381061553955,0.058453381061553955,1.7755483388900757,1.9906539916992188,0.557259738445282,0.5195333957672119,23.90667724609375,0.33620038628578186,0.10149130970239639,0.02247513271868229,0.34852609038352966,1.6397790908813477,1.6962615251541138,1.4018995761871338
123,train,0,1.0,1.0,6,Rguijiao_10_0,9,0.2750000059604645,6875.0,16.360563278198242,0.5174230337142944,0.5478255748748779,0.6771241426467896,-0.12929858267307281,0.35916343331336975,0.3179607093334198,0.13211876153945923,0.0727599486708641,0.11308199912309647,0.19388872385025024,0.0642046183347702,0.0642046183347702,1.6519194841384888,2.0263044834136963,0.5399619340896606,0.5085000395774841,21.700002670288086,0.3328501582145691,0.11260031908750534,0.023230381309986115,0.3461816906929016,1.660347819328308,1.6934165954589844,1.4211111068725586
124,train,0,1.0,1.0,6,Rguijiao_10_0,10,0.30000001192092896,7500.0,19.470422744750977,0.7263884544372559,0.6255885362625122,0.7736994028091431,-0.14811083674430847,0.40015503764152527,0.3735443949699402,0.1563168615102768,0.08345238864421844,0.13377514481544495,0.21155567467212677,0.06995109468698502,0.06995109468698502,1.5464928150177002,2.051934242248535,0.5290329456329346,0.49944519996643066,19.889041900634766,0.32340729236602783,0.12366849929094315,0.024271557107567787,0.3371630609035492,1.6736652851104736,1.6889581680297852,1.4323137998580933
125,train,0,1.0,1.0,6,Rguijiao_10_0,11,0.32499998807907104,8125.0,22.850704193115234,0.856721043586731,0.7004042267799377,0.8665530681610107,-0.1661488562822342,0.4433141350746155,0.4232389032840729,0.17795430123806,0.09321244806051254,0.15207216143608093,0.2287716269493103,0.07574163377285004,0.07574163377285004,1.4598459005355835,2.0686628818511963,0.5230488181114197,0.491877019405365,18.37540626525879,0.30927011370658875,0.13410690426826477,0.02546527050435543,0.32285046577453613,1.6817421913146973,1.684157133102417,1.4371452331542969
126,train,0,1.0,1.0,6,Rguijiao_10_0,12,0.3499999940395355,8750.0,26.501407623291016,0.7031731605529785,0.7720898389816284,0.9554704427719116,-0.1833806037902832,0.4895132780075073,0.4659571647644043,0.19652704894542694,0.10190939903259277,0.1675207018852234,0.24575474858283997,0.0816119909286499,0.0816119909286499,1.3899223804473877,2.0785884857177734,0.520572304725647,0.4854499101638794,17.08997917175293,0.29221057891845703,0.14360229671001434,0.026716284453868866,0.3051389455795288,1.686276912689209,1.6797308921813965,1.4373912811279297
127,train,0,1.0,1.0,6,Rguijiao_10_0,13,0.375,9375.0,30.422534942626953,0.7567718625068665,0.8411213159561157,1.0410540103912354,-0.19993267953395844,0.5392521619796753,0.5018017888069153,0.21207107603549957,0.10955193638801575,0.18017876148223877,0.26266583800315857,0.0875878781080246,0.0875878781080246,1.333802342414856,2.0837700366973877,0.5204310417175293,0.4799163043498993,15.983262062072754,0.2737748920917511,0.1520538479089737,0.02796395868062973,0.2857455611228943,1.6884896755218506,1.6759992837905884,1.4345660209655762
128,train,0,1.0,1.0,6,Rguijiao_10_0,14,0.4000000059604645,10000.0,34.61408615112305,0.926590085029602,0.9082658886909485,1.124265432357788,-0.2159995287656784,0.5927818417549133,0.53148353099823,0.22489899396896362,0.11622142046689987,0.1903631091117859,0.27962347865104675,0.09368739277124405,0.09368739277124405,1.2886559963226318,2.0858359336853027,0.5217616558074951,0.475095272064209,15.019055366516113,0.2550959885120392,0.15948893129825592,0.029172929003834724,0.26595884561538696,1.689202070236206,1.6730469465255737,1.4298051595687866
129,train,0,1.0,1.0,6,Rguijiao_10_0,15,0.42500001192092896,10625.0,39.07605743408203,0.9616321325302124,0.9743471145629883,1.2061338424682617,-0.23178672790527344,0.6502070426940918,0.5559268593788147,0.23542176187038422,0.1220289096236229,0.19847619533538818,0.2967153787612915,0.09992299228906631,0.09992299228906631,1.2520911693572998,2.08594012260437,0.5239627957344055,0.4708518087863922,14.17035961151123,0.23691612482070923,0.1659981906414032,0.030324837192893028,0.24663673341274261,1.6889541149139404,1.6708348989486694,1.4239006042480469
130,train,0,1.0,1.0,6,Rguijiao_10_0,16,0.44999998807907104,11250.0,43.80845260620117,1.140575885772705,1.0401324033737183,1.287616491317749,-0.24748407304286957,0.7115574479103088,0.576059103012085,0.2440522015094757,0.12709210813045502,0.20491482317447662,0.3140062093734741,0.10630287230014801,0.10630287230014801,1.222213625907898,2.0848615169525146,0.5266304016113281,0.46708327531814575,13.416654586791992,0.21967418491840363,0.17169377207756042,0.031411681324243546,0.2282925546169281,1.688097596168518,1.6692733764648438,1.4173860549926758
131,train,0,1.0,1.0,6,Rguijiao_10_0,17,0.4749999940395355,11875.0,48.8112678527832,1.0781452655792236,1.1062846183776855,1.3695392608642578,-0.26325464248657227,0.7768238186836243,0.5927154421806335,0.2511619031429291,0.1315237581729889,0.21002978086471558,0.3315436840057373,0.11283209919929504,0.11283209919929504,1.1975605487823486,2.0831024646759033,0.5295000672340393,0.46371036767959595,12.742074966430664,0.2035979926586151,0.17668862640857697,0.0324317142367363,0.21119582653045654,1.686861276626587,1.6682603359222412,1.4106082916259766
132,train,0,1.0,1.0,6,Rguijiao_10_0,18,0.5,12500.0,54.08450698852539,1.1654129028320312,1.1733570098876953,1.4525909423828125,-0.2792339026927948,0.8459827303886414,0.6066082119941711,0.25706741213798523,0.13542607426643372,0.214114710688591,0.34936264157295227,0.11951344460248947,0.11951344460248947,1.1770193576812744,2.080981731414795,0.532403826713562,0.4606708288192749,12.13416576385498,0.1887761950492859,0.18108540773391724,0.03338656201958656,0.19545404613018036,1.6853995323181152,1.667696237564087,1.4037904739379883
133,train,0,1.0,1.0,7,Rguijiao_10_180,0,0.05000000074505806,1250.0,0.5408450961112976,0.07105152308940887,0.0720900371670723,0.0605183020234108,0.011571737006306648,0.0066885072737932205,0.053829796612262726,0.03543234243988991,8.626847680659466e-09,0.01839744858443737,0.007022754289209843,2.3858719425174996e-23,0.007022754289209843,0.9305748343467712,2.7418055534362793,0.7393921613693237,0.9817633032798767,116.3526611328125,0.8848926424980164,0.3307599425315857,0.7635989785194397,1.6729884147644043,2.059866189956665,0.5087186694145203,1.069539189338684
134,train,0,1.0,1.0,7,Rguijiao_10_180,1,0.07500000298023224,1875.0,1.216901421546936,0.12306200712919235,0.0931323915719986,0.07839488238096237,0.014737510122358799,0.019865432754158974,0.05852944776415825,0.03815251961350441,9.164488723456543e-09,0.020376920700073242,0.017378168180584908,4.8731210310536756e-23,0.017378168180584908,1.228393793106079,2.0939645767211914,0.6952515840530396,0.955812931060791,111.16258239746094,0.7503584027290344,0.20187801122665405,0.3826138973236084,1.025670051574707,2.105389356613159,0.5455527305603027,1.1244697570800781
135,train,0,1.0,1.0,7,Rguijiao_10_180,2,0.10000000149011612,2500.0,2.1633803844451904,0.1277802288532257,0.13683196902275085,0.11594588309526443,0.020886078476905823,0.043456993997097015,0.07248888909816742,0.04687105119228363,1.2254171011250037e-08,0.025617826730012894,0.03457889333367348,7.788606732977061e-23,0.03457889333367348,1.5115474462509155,1.694514513015747,0.6903799772262573,0.9151419997215271,103.02839660644531,0.7253684997558594,0.131191685795784,0.18972572684288025,0.8668068647384644,2.1273834705352783,0.6042242050170898,1.1627418994903564
136,train,0,1.0,1.0,7,Rguijiao_10_180,3,0.125,3125.0,3.380281686782837,0.20696482062339783,0.20249363780021667,0.17404836416244507,0.028445277363061905,0.0772368460893631,0.09681151807308197,0.062132079154253006,1.6752931486507805e-08,0.03467942774295807,0.05865364149212837,1.6503732492402373e-22,0.05865364149212837,1.719359278678894,1.4884827136993408,0.6344866752624512,0.8628255128860474,92.56509399414062,0.7415815591812134,0.09234676510095596,0.09960222989320755,0.8329876065254211,2.1380715370178223,0.6814531087875366,1.1933786869049072
137,train,0,1.0,1.0,7,Rguijiao_10_180,4,0.15000000596046448,3750.0,4.867605686187744,0.25759854912757874,0.2851635217666626,0.25228258967399597,0.03288094326853752,0.11908320337533951,0.13319939374923706,0.0847952738404274,2.2847189029562287e-08,0.04840410128235817,0.08558405935764313,1.5256236692128003e-22,0.08558405935764313,1.8408995866775513,1.3968636989593506,0.562110185623169,0.8097938895225525,81.95877838134766,0.7710903286933899,0.07143475860357285,0.057593539357185364,0.8399692177772522,2.1413145065307617,0.7698062062263489,1.222337007522583
138,train,0,1.0,1.0,7,Rguijiao_10_180,5,0.17499999701976776,4375.0,6.625351905822754,0.36598169803619385,0.37460029125213623,0.34879013895988464,0.025810157880187035,0.1668327897787094,0.18195734918117523,0.11477324366569519,3.073378707085794e-08,0.06718407571315765,0.11135508865118027,2.0521264767528563e-22,0.11135508865118027,1.89481782913208,1.3699318170547485,0.4983253479003906,0.7638893723487854,72.77787780761719,0.7952603101730347,0.0615130253136158,0.037648387253284454,0.8530989289283752,2.1378393173217773,0.861586332321167,1.251413106918335
139,train,0,1.0,1.0,7,Rguijiao_10_180,6,0.20000000298023224,5000.0,8.653521537780762,0.4905824661254883,0.4600280821323395,0.4593270421028137,0.0007010383997112513,0.21929383277893066,0.24003322422504425,0.14992700517177582,4.062625080791804e-08,0.09010617434978485,0.1347285360097885,2.5827889162917066e-22,0.1347285360097885,1.9069026708602905,1.3796988725662231,0.45547735691070557,0.7262254357337952,65.24508666992188,0.7992353439331055,0.05895261466503143,0.0282314233481884,0.8513059616088867,2.127446174621582,0.9492485523223877,1.2785956859588623
140,val,0,1.0,1.0,7,Rguijiao_10_180,7,0.22499999403953552,5625.0,10.952113151550293,0.5705785155296326,0.5398369431495667,0.5772194862365723,-0.03738255798816681,0.27631035447120667,0.3009091317653656,0.18615208566188812,5.2426496921498256e-08,0.1147569864988327,0.15592226386070251,3.0440155665175137e-22,0.15592226386070251,1.8984286785125732,1.4086257219314575,0.43429675698280334,0.6954247355461121,59.08494186401367,0.7762869000434875,0.06157222390174866,0.02411956526339054,0.8246749043464661,2.1102471351623535,1.0263391733169556,1.3009017705917358
141,train,0,1.0,1.0,7,Rguijiao_10_180,8,0.25,6250.0,13.521126747131348,0.6228553056716919,0.6183671355247498,0.6955095529556274,-0.07714240252971649,0.3382447063922882,0.35726484656333923,0.21905861794948578,6.559131549010999e-08,0.13820616900920868,0.17547550797462463,2.2171936016864357e-23,0.17547550797462463,1.8824052810668945,1.4449753761291504,0.43010324239730835,0.6699312329292297,53.986244201660156,0.7297430634498596,0.06773865967988968,0.022814469411969185,0.7746814489364624,2.0873992443084717,1.0898834466934204,1.3169598579406738
142,train,0,1.0,1.0,7,Rguijiao_10_180,9,0.2750000059604645,6875.0,16.360563278198242,0.7124390006065369,0.6972145438194275,0.8096624612808228,-0.11244789510965347,0.40544119477272034,0.40422123670578003,0.24588602781295776,7.93948373711828e-08,0.1583351343870163,0.19388872385025024,7.562424534232092e-23,0.19388872385025024,1.86476731300354,1.481682538986206,0.4375479221343994,0.6485117077827454,49.702335357666016,0.6688883900642395,0.07603690773248672,0.023030586540699005,0.7098005414009094,2.0610368251800537,1.1407219171524048,1.327177882194519
143,train,0,1.0,1.0,7,Rguijiao_10_180,10,0.30000001192092896,7500.0,19.470422744750977,0.8545188307762146,0.7758347988128662,0.9184890389442444,-0.14265422523021698,0.47802770137786865,0.44046133756637573,0.2660835087299347,9.319281701891668e-08,0.17437775433063507,0.21155567467212677,1.0924908170679377e-22,0.21155567467212677,1.8474501371383667,1.5154997110366821,0.45207732915878296,0.6302563548088074,46.05126953125,0.6032488346099854,0.08528385311365128,0.024054834619164467,0.6395651698112488,2.0334970951080322,1.1815621852874756,1.3326516151428223
144,train,0,1.0,1.0,7,Rguijiao_10_180,11,0.32499998807907104,8125.0,22.850704193115234,0.8390063047409058,0.8540985584259033,1.0231314897537231,-0.16903290152549744,0.555967390537262,0.4671640992164612,0.28057190775871277,1.0650674653334136e-07,0.18659207224845886,0.2287716269493103,1.0258254441451584e-22,0.2287716269493103,1.8308161497116089,1.5456178188323975,0.47013792395591736,0.6144993305206299,42.899864196777344,0.5394531488418579,0.09462317079305649,0.02547464892268181,0.5709885954856873,2.0065810680389404,1.2151379585266113,1.3344602584838867
145,val,0,1.0,1.0,7,Rguijiao_10_180,12,0.3499999940395355,8750.0,26.501407623291016,0.9622376561164856,0.9326012134552002,1.1255815029144287,-0.19298025965690613,0.639153778553009,0.4864276647567749,0.2907431423664093,1.1901971674888046e-07,0.19568440318107605,0.24575474858283997,5.467691490661632e-23,0.24575474858283997,1.814811110496521,1.5723291635513306,0.48919373750686646,0.60074782371521,40.14957046508789,0.4809466302394867,0.10353553295135498,0.027051564306020737,0.5079048275947571,1.981328010559082,1.2435011863708496,1.3335309028625488
146,train,0,1.0,1.0,7,Rguijiao_10_180,13,0.375,9375.0,30.422534942626953,0.9720920324325562,1.012177586555481,1.2277419567108154,-0.21556438505649567,0.7274643778800964,0.500277578830719,0.2978658378124237,1.305561454501003e-07,0.20241160690784454,0.26266583800315857,7.47635223640779e-23,0.26266583800315857,1.7993321418762207,1.5962023735046387,0.5076429843902588,0.588631272315979,37.72625732421875,0.4289548397064209,0.11176706105470657,0.02865241840481758,0.4517817199230194,1.958169937133789,1.2680308818817139,1.3306536674499512
147,val,0,1.0,1.0,7,Rguijiao_10_180,14,0.4000000059604645,10000.0,34.61408615112305,1.132528305053711,1.0935728549957275,1.3310902118682861,-0.237517312169075,0.8207870125770569,0.5103031992912292,0.3028954565525055,1.4105178536283347e-07,0.207407608628273,0.27962347865104675,9.780122691353507e-23,0.27962347865104675,1.784319281578064,1.617749810218811,0.5246254205703735,0.5778660178184509,35.57320785522461,0.38348039984703064,0.11923465132713318,0.030206959694623947,0.402718186378479,1.9371750354766846,1.2896344661712646,1.3264801502227783
148,train,0,1.0,1.0,7,Rguijiao_10_180,15,0.42500001192092896,10625.0,39.07605743408203,1.1095962524414062,1.1773533821105957,1.436675786972046,-0.2593224346637726,0.9190263152122498,0.5176495313644409,0.30649638175964355,1.5052103208290646e-07,0.21115298569202423,0.2967153787612915,2.1048702217469125e-22,0.2967153787612915,1.7697511911392212,1.6373533010482788,0.5397842526435852,0.5682315826416016,33.64631271362305,0.34398195147514343,0.12595129013061523,0.03168187662959099,0.3601744472980499,1.9182310104370117,1.3089221715927124,1.321516990661621
149,train,0,1.0,1.0,7,Rguijiao_10_180,16,0.44999998807907104,11250.0,43.80845260620117,1.2849382162094116,1.2639212608337402,1.5452179908752441,-0.2812967896461487,1.0221092700958252,0.5231086611747742,0.3091142177581787,1.5902512018328707e-07,0.21399427950382233,0.3140062093734741,3.8367051608103614e-23,0.3140062093734741,1.7556358575820923,1.6552860736846924,0.5530650019645691,0.5595534443855286,31.910694122314453,0.30973586440086365,0.13197512924671173,0.033064451068639755,0.3233795762062073,1.9011530876159668,1.3263218402862549,1.3161344528198242
150,train,0,1.0,1.0,7,Rguijiao_10_180,17,0.4749999940395355,11875.0,48.8112678527832,1.3797824382781982,1.353560209274292,1.6572116613388062,-0.30365145206451416,1.1299798488616943,0.5272318124771118,0.31105130910873413,1.6665029534124187e-07,0.21618030965328217,0.3315436840057373,5.124632796158822e-22,0.3315436840057373,1.7419898509979248,1.6717464923858643,0.5645710825920105,0.5516924262046814,30.33848762512207,0.280015766620636,0.1373807191848755,0.03435283526778221,0.2915418744087219,1.8857415914535522,1.3421434164047241,1.3105882406234741
151,train,0,1.0,1.0,7,Rguijiao_10_180,18,0.5,12500.0,54.08450698852539,1.528909683227539,1.44647216796875,1.7730016708374023,-0.3265295624732971,1.2425978183746338,0.5304038524627686,0.3125143051147461,1.7349189818105515e-07,0.21788936853408813,0.34936264157295227,7.7245628395056395e-22,0.34936264157295227,1.7288315296173096,1.6868901252746582,0.5744762420654297,0.544535219669342,28.90704917907715,0.2541595697402954,0.14224430918693542,0.03555097058415413,0.2639318108558655,1.8718029260635376,1.356621265411377,1.3050472736358643
152,train,0,1.0,1.0,8,guijiao_20_0,0,0.05000000074505806,1250.0,4.0,0.03274283930659294,0.04143013060092926,0.044413626194000244,-0.002983495593070984,0.009619832038879395,0.03479379415512085,0.014363736845552921,0.013698834925889969,0.006731224246323109,0.01904510147869587,0.008109244517982006,0.008109244517982006,1.3384112119674683,1.8308993577957153,0.7546977996826172,0.6207086443901062,44.14173126220703,0.5242759585380554,0.29118067026138306,0.22817212343215942,0.6371921896934509,1.6416146755218506,2.0745043754577637,0.7693036794662476
153,train,0,1.0,1.0,8,guijiao_20_0,1,0.07500000298023224,1875.0,9.0,0.1314956545829773,0.06543669104576111,0.0741780549287796,-0.008741360157728195,0.026265285909175873,0.04791276901960373,0.01981310360133648,0.018382582813501358,0.009717083536088467,0.03737829253077507,0.012877439148724079,0.012877439148724079,1.624133586883545,1.7533584833145142,0.759770393371582,0.5476172566413879,29.523452758789062,0.3652438521385193,0.18984045088291168,0.13383279740810394,0.3970901072025299,1.6863548755645752,2.059304714202881,0.8270511031150818
154,val,0,1.0,1.0,8,guijiao_20_0,2,0.10000000149011612,2500.0,16.0,0.1263606995344162,0.1017702966928482,0.1187024861574173,-0.01693219318985939,0.05257797613739967,0.06612451374530792,0.028060130774974823,0.02415509708225727,0.013909284956753254,0.05183761939406395,0.01717318408191204,0.01717318408191204,1.8287988901138306,1.7962241172790527,0.7303978204727173,0.5097271203994751,21.9454288482666,0.2870151102542877,0.14427663385868073,0.08928953856229782,0.30101141333580017,1.7299158573150635,2.038846969604492,0.8575117588043213
155,train,0,1.0,1.0,8,guijiao_20_0,3,0.125,3125.0,25.0,0.10596927255392075,0.15134945511817932,0.17958709597587585,-0.028237640857696533,0.08884502202272415,0.0907420814037323,0.03960534930229187,0.031411755830049515,0.019724978134036064,0.06461422890424728,0.02142789214849472,0.02142789214849472,1.9777674674987793,1.8735957145690918,0.6953068971633911,0.48791635036468506,17.583267211914062,0.2466282993555069,0.12094160169363022,0.06408829987049103,0.2549460232257843,1.7688395977020264,2.0176708698272705,0.8809497356414795
156,train,0,1.0,1.0,8,guijiao_20_0,4,0.15000000596046448,3750.0,36.0,0.2565729320049286,0.21304631233215332,0.2556259036064148,-0.042579591274261475,0.1341848373413086,0.1214410811662674,0.054271407425403595,0.03992754966020584,0.02724212221801281,0.07707758992910385,0.02586590126156807,0.02586590126156807,2.074355125427246,1.9584629535675049,0.6637252569198608,0.47369226813316345,14.738452911376953,0.22217650711536407,0.109158955514431,0.049261003732681274,0.2281051129102707,1.7997697591781616,1.9949415922164917,0.9034138321876526
157,train,0,1.0,1.0,8,guijiao_20_0,5,0.17499999701976776,4375.0,49.0,0.34047091007232666,0.28287315368652344,0.34190529584884644,-0.0590321384370327,0.18683694303035736,0.15506833791732788,0.07046225666999817,0.048782020807266235,0.03582406044006348,0.08983232080936432,0.030577916651964188,0.030577916651964188,2.1220169067382812,2.0351223945617676,0.6398451328277588,0.4635932743549347,12.71865463256836,0.2023409605026245,0.10448677092790604,0.04070400074124336,0.20695604383945465,1.8209187984466553,1.9702390432357788,0.9257821440696716
158,train,0,1.0,1.0,8,guijiao_20_0,6,0.20000000298023224,5000.0,64.0,0.37226971983909607,0.3557280898094177,0.43204790353775024,-0.07631982862949371,0.2449650913476944,0.18708281219005585,0.08586113154888153,0.0568566769361496,0.04436500370502472,0.1031419187784195,0.0355924554169178,0.0355924554169178,2.1301310062408447,2.09395170211792,0.6241743564605713,0.45599478483200073,11.198957443237305,0.18272849917411804,0.10436771810054779,0.03594909608364105,0.1864326298236847,1.8328492641448975,1.9444897174835205,0.9470449686050415
159,train,0,1.0,1.0,8,guijiao_20_0,7,0.22499999403953552,5625.0,81.0,0.4480170011520386,0.42781728506088257,0.5212835073471069,-0.09346622973680496,0.30720701813697815,0.2140764594078064,0.09874401241540909,0.06342686712741852,0.05190557986497879,0.11711513996124268,0.04091043025255203,0.04091043025255203,2.110708475112915,2.132294178009033,0.6150204539299011,0.45003658533096313,10.007320404052734,0.1629437953233719,0.10702252388000488,0.0334484800696373,0.16593001782894135,1.8376061916351318,1.9192228317260742,0.9659522771835327
160,val,0,1.0,1.0,8,guijiao_20_0,8,0.25,6250.0,100.0,0.5355852842330933,0.4976233243942261,0.607681393623352,-0.11005806922912598,0.372790664434433,0.23489071428775787,0.10855129361152649,0.06833764165639877,0.058001767843961716,0.1317870318889618,0.046520885080099106,0.046520885080099106,2.0746612548828125,2.152693271636963,0.6102011203765869,0.4452192783355713,9.043856620788574,0.14396114647388458,0.11120081692934036,0.03226475790143013,0.14636202156543732,1.8374823331832886,1.8957241773605347,0.9818143248558044
161,train,0,1.0,1.0,8,guijiao_20_0,9,0.2750000059604645,6875.0,121.0,0.537065327167511,0.5653724670410156,0.6914941072463989,-0.1261216551065445,0.4414104223251343,0.25008371472358704,0.11559021472930908,0.07182049006223679,0.06267299503087997,0.14715644717216492,0.052408237010240555,0.052408237010240555,2.0302023887634277,2.1597580909729004,0.6079584360122681,0.4412316679954529,8.246335983276367,0.12667463719844818,0.11607832461595535,0.03184597194194794,0.1286020129919052,1.8343472480773926,1.874713659286499,0.9945826530456543
162,train,0,1.0,1.0,8,guijiao_20_0,10,0.30000001192092896,7500.0,144.0,0.6555957198143005,0.6321084499359131,0.774003267288208,-0.14189480245113373,0.51305091381073,0.260952353477478,0.12052267789840698,0.0742495134472847,0.06618018448352814,0.16320447623729706,0.05855567753314972,0.05855567753314972,1.9828053712844849,2.15798282623291,0.6071343421936035,0.43786895275115967,7.573787689208984,0.11151276528835297,0.12115239351987839,0.03187005966901779,0.1130635067820549,1.8295091390609741,1.8564130067825317,1.004601240158081
163,train,0,1.0,1.0,8,guijiao_20_0,11,0.32499998807907104,8125.0,169.0,0.7337173223495483,0.6990405321121216,0.85670405626297,-0.15766353905200958,0.5878444910049438,0.2688595652580261,0.1240273118019104,0.07598787546157837,0.06884439289569855,0.17990387976169586,0.064946748316288,0.064946748316288,1.9357883930206299,2.1508727073669434,0.607041597366333,0.43499016761779785,6.998030662536621,0.09852266311645508,0.1261391043663025,0.0321485698223114,0.09977780282497406,1.8238146305084229,1.840726375579834,1.0123529434204102
164,train,0,1.0,1.0,8,guijiao_20_0,12,0.3499999940395355,8750.0,196.0,0.7751927375793457,0.767235517501831,0.9409196972846985,-0.17368416488170624,0.6659762263298035,0.274943470954895,0.1266610473394394,0.077327661216259,0.07095477730035782,0.19722402095794678,0.07156606018543243,0.07156606018543243,1.8909708261489868,2.140859365463257,0.6072959899902344,0.4324948787689209,6.498973846435547,0.08753873407840729,0.13089261949062347,0.03257039934396744,0.08856361359357834,1.8177841901779175,1.8274004459381104,1.0183119773864746
165,val,0,1.0,1.0,8,guijiao_20_0,13,0.375,9375.0,225.0,0.7986027598381042,0.8375331163406372,1.027693271636963,-0.19016015529632568,0.747635543346405,0.28005772829055786,0.12883581221103668,0.07848252356052399,0.07273939996957779,0.2151336669921875,0.07839954644441605,0.07839954644441605,1.8492242097854614,2.129514217376709,0.607690691947937,0.43030932545661926,6.06186580657959,0.07830935716629028,0.13534848392009735,0.03306921198964119,0.07915523648262024,1.8117263317108154,1.8161275386810303,1.022882342338562
166,val,0,1.0,1.0,8,guijiao_20_0,14,0.4000000059604645,10000.0,256.0,0.884392499923706,0.9105523824691772,1.1177952289581299,-0.20724284648895264,0.8329909443855286,0.2848042845726013,0.13083858788013458,0.07959999889135361,0.07436572015285492,0.23360233008861542,0.08543454110622406,0.08543454110622406,1.810849666595459,2.117798089981079,0.6081186532974243,0.42837801575660706,5.675602912902832,0.07056840509176254,0.13948790729045868,0.033605147153139114,0.07127484679222107,1.8058171272277832,1.8066025972366333,1.0263859033584595
167,train,0,1.0,1.0,8,guijiao_20_0,15,0.42500001192092896,10625.0,289.0,1.0040017366409302,0.9867358207702637,1.2117769718170166,-0.22504116594791412,0.9221839308738708,0.2895931005477905,0.13286259770393372,0.08077850937843323,0.07595199346542358,0.2526010274887085,0.09265967458486557,0.09265967458486557,1.775831699371338,2.1062731742858887,0.6085273027420044,0.4266582429409027,5.331648349761963,0.06406933069229126,0.14331674575805664,0.03415408730506897,0.06466661393642426,1.8001505136489868,1.7985472679138184,1.0290707349777222
168,val,0,1.0,1.0,8,guijiao_20_0,16,0.44999998807907104,11250.0,324.0,1.018639326095581,1.0663928985595703,1.3100249767303467,-0.24363210797309875,1.0153299570083618,0.29469501972198486,0.13503417372703552,0.08208148926496506,0.07757934182882309,0.2721027135848999,0.10006482899188995,0.10006482899188995,1.7439912557601929,2.0952467918395996,0.6088929176330566,0.4251165986061096,5.02332067489624,0.05859765782952309,0.1468522697687149,0.03470170497894287,0.059108883142471313,1.7947731018066406,1.7917200326919556,1.0311264991760254
169,train,0,1.0,1.0,8,guijiao_20_0,17,0.4749999940395355,11875.0,361.0,1.1686152219772339,1.1497364044189453,1.4128055572509766,-0.2630690932273865,1.1125189065933228,0.3002866208553314,0.13743458688259125,0.08354921638965607,0.07930281013250351,0.2920822501182556,0.10764095932245255,0.10764095932245255,1.7150717973709106,2.0848708152770996,0.6092076301574707,0.42372652888298035,4.74530553817749,0.053973328322172165,0.1501176655292511,0.035239219665527344,0.05441617965698242,1.7897006273269653,1.7859175205230713,1.0326968431472778
170,val,0,1.0,1.0,8,guijiao_20_0,18,0.5,12500.0,400.0,1.143523097038269,1.236912727355957,1.5203018188476562,-0.2833891212940216,1.213822603225708,0.306479275226593,0.1401144564151764,0.08520607650279999,0.08115875720977783,0.31251654028892517,0.11538002640008926,0.11538002640008926,1.6887966394424438,2.0752065181732178,0.6094706058502197,0.42246657609939575,4.493317604064941,0.050047703087329865,0.15313675999641418,0.03576170653104782,0.050435759127140045,1.7849324941635132,1.7809703350067139,1.033889651298523
171,train,0,1.0,1.0,9,guijiao_20_180,0,0.05000000074505806,1250.0,4.0,0.08496236801147461,0.0843234583735466,0.07062028348445892,0.013703172095119953,0.010216036811470985,0.06040424853563309,0.0353875458240509,2.105864638224375e-08,0.025016682222485542,0.01904510147869587,3.115521200628112e-22,0.01904510147869587,1.4213614463806152,2.4364004135131836,0.6526988744735718,0.838975191116333,87.79503631591797,0.7506024837493896,0.20413461327552795,0.1447686105966568,0.9268342852592468,2.0894808769226074,1.4287848472595215,1.4771263599395752
172,train,0,1.0,1.0,9,guijiao_20_180,1,0.07500000298023224,1875.0,9.0,0.20686888694763184,0.15909841656684875,0.13424594700336456,0.024852465838193893,0.031020384281873703,0.10322555899620056,0.0614132285118103,3.580106522349524e-08,0.04181229695677757,0.03737829253077507,3.9326089374331247e-22,0.03737829253077507,1.9181684255599976,2.135376453399658,0.5910447835922241,0.7209258079528809,64.1851577758789,0.7166329026222229,0.1305372416973114,0.06741977483034134,0.8084848523139954,2.108006000518799,1.559361219406128,1.4352048635482788
173,train,0,1.0,1.0,9,guijiao_20_180,2,0.10000000149011612,2500.0,16.0,0.23048630356788635,0.2513543963432312,0.21542878448963165,0.035925623029470444,0.06377427279949188,0.15165451169013977,0.09191612899303436,5.195919428047091e-08,0.05973833054304123,0.05183761939406395,7.925297521407882e-22,0.05183761939406395,2.2182352542877197,2.0337789058685303,0.5591389536857605,0.6509374380111694,50.1874885559082,0.6564489006996155,0.10416901111602783,0.04249540716409683,0.7133590579032898,2.111828088760376,1.6012928485870361,1.3725237846374512
174,train,0,1.0,1.0,9,guijiao_20_180,3,0.125,3125.0,25.0,0.37194958329200745,0.3440132141113281,0.3029717803001404,0.04104143753647804,0.10732768476009369,0.1956440806388855,0.12065946310758591,6.768986793304066e-08,0.07498454302549362,0.06461422890424728,6.314029432525771e-23,0.06461422890424728,2.389207601547241,1.9825447797775269,0.5505800247192383,0.6060657501220703,41.2131462097168,0.5785495042800903,0.09406277537345886,0.032418251037597656,0.6163120269775391,2.1066699028015137,1.6099025011062622,1.3092024326324463
175,val,0,1.0,1.0,9,guijiao_20_180,4,0.15000000596046448,3750.0,36.0,0.4915699362754822,0.4235823154449463,0.38794180750846863,0.035640522837638855,0.16074877977371216,0.22719302773475647,0.14226683974266052,8.094240655509566e-08,0.08492610603570938,0.07707758992910385,1.1234837105300057e-22,0.07707758992910385,2.4850051403045654,1.9475818872451782,0.5574078559875488,0.5746968984603882,34.93937683105469,0.4911143183708191,0.0911792740225792,0.028153177350759506,0.5164409875869751,2.095479965209961,1.604146957397461,1.250895380973816
176,train,0,1.0,1.0,9,guijiao_20_180,5,0.17499999701976776,4375.0,49.0,0.4082214832305908,0.48708000779151917,0.4672364592552185,0.019843539223074913,0.22330789268016815,0.24392855167388916,0.15464389324188232,9.03878643043754e-08,0.08928456902503967,0.08983232080936432,1.3686390868963706e-22,0.08983232080936432,2.5362389087677,1.9200084209442139,0.5723868608474731,0.551417887210846,30.2835750579834,0.40460097789764404,0.09206904470920563,0.026620225980877876,0.42143601179122925,2.080178737640381,1.593124270439148,1.2010034322738647
177,train,0,1.0,1.0,9,guijiao_20_180,6,0.20000000298023224,5000.0,64.0,0.6384890079498291,0.5403680801391602,0.5427035093307495,-0.002335406607016921,0.2944016754627228,0.24830183386802673,0.15888303518295288,9.582211646375072e-08,0.08941871672868729,0.1031419187784195,1.1510744046800364e-22,0.1031419187784195,2.560014247894287,1.8967286348342896,0.5898783206939697,0.533397376537323,26.679471969604492,0.32735899090766907,0.09507842361927032,0.026514364406466484,0.33847811818122864,2.06234073638916,1.5814207792282104,1.1606767177581787
178,val,0,1.0,1.0,9,guijiao_20_180,7,0.22499999403953552,5625.0,81.0,0.6797599196434021,0.5915722846984863,0.6182854175567627,-0.026713108643889427,0.3735412657260895,0.24474412202835083,0.15762752294540405,9.799580169556066e-08,0.08711648732423782,0.11711513996124268,1.050909643209376e-21,0.11711513996124268,2.56646728515625,1.8763126134872437,0.6064018607139587,0.5190048217773438,23.800962448120117,0.26332956552505493,0.09925186634063721,0.027179161086678505,0.27070823311805725,2.043332815170288,1.5711414813995361,1.129294991493225
179,train,0,1.0,1.0,9,guijiao_20_180,8,0.25,6250.0,100.0,0.6456429958343506,0.6465902924537659,0.6976569890975952,-0.051066718995571136,0.4603516757488251,0.23730529844760895,0.15349039435386658,9.804429623727628e-08,0.08381479978561401,0.1317870318889618,2.441323209599568e-21,0.1317870318889618,2.5619571208953857,1.8580771684646606,0.6204394102096558,0.507230281829834,21.44605827331543,0.21267351508140564,0.10398237407207489,0.02824457921087742,0.21764832735061646,2.0242347717285156,1.563017725944519,1.1053513288497925
180,train,0,1.0,1.0,9,guijiao_20_180,9,0.2750000059604645,6875.0,121.0,0.7804605960845947,0.7084469199180603,0.7832965850830078,-0.0748496800661087,0.5545552372932434,0.22874131798744202,0.14833906292915344,9.699459724288317e-08,0.08040214329957962,0.14715644717216492,7.467274025110506e-22,0.14715644717216492,2.550595283508301,1.8417409658432007,0.6317207217216492,0.49741220474243164,19.482440948486328,0.17355909943580627,0.10888233780860901,0.02949281968176365,0.17699313163757324,2.0057830810546875,1.557084321975708,1.087166428565979
181,train,0,1.0,1.0,9,guijiao_20_180,10,0.30000001192092896,7500.0,144.0,0.7066598534584045,0.7782679796218872,0.8765445947647095,-0.09827659279108047,0.6559466123580933,0.2205980122089386,0.14326739311218262,9.557096802836895e-08,0.07733052968978882,0.16320447623729706,1.0497243475137566e-20,0.16320447623729706,2.5350594520568848,1.82719087600708,0.6405453681945801,0.48909759521484375,17.819517135620117,0.14361168444156647,0.11371564865112305,0.03079601749777794,0.14604820311069489,1.988398790359497,1.5530787706375122,1.0732654333114624
182,train,0,1.0,1.0,9,guijiao_20_180,11,0.32499998807907104,8125.0,169.0,0.8475066423416138,0.8562342524528503,0.9779797792434692,-0.12174554914236069,0.7643730044364929,0.21360674500465393,0.1388213336467743,9.42103213219525e-08,0.07478532195091248,0.17990387976169586,1.9914623663219895e-20,0.17990387976169586,2.517102003097534,1.8143514394760132,0.647373378276825,0.48196521401405334,16.393043518066406,0.12064884603023529,0.11834893375635147,0.03208209574222565,0.12242788821458817,1.9722706079483032,1.5506551265716553,1.0624942779541016
183,train,0,1.0,1.0,9,guijiao_20_180,12,0.3499999940395355,8750.0,196.0,0.8986618518829346,0.9421370625495911,1.087752342224121,-0.14561529457569122,0.8797160983085632,0.20803619921207428,0.1352236568927765,9.314651805425456e-08,0.07281245291233063,0.19722402095794678,3.602878215793624e-20,0.19722402095794678,2.4978628158569336,1.8031245470046997,0.6526444554328918,0.4757799208164215,15.155984878540039,0.10291536152362823,0.12271665036678314,0.0333128497004509,0.1042514368891716,1.9574360847473145,1.549480676651001,1.0539997816085815
184,val,0,1.0,1.0,9,guijiao_20_180,13,0.375,9375.0,225.0,0.9627761244773865,1.035649299621582,1.2058043479919434,-0.17015506327152252,1.00188148021698,0.20392291247844696,0.1325284093618393,9.248959997876227e-08,0.0713944137096405,0.2151336669921875,6.256844559669679e-20,0.2151336669921875,2.478083372116089,1.7933876514434814,0.6567208170890808,0.4703657627105713,14.073150634765625,0.08908265829086304,0.12679371237754822,0.03447035327553749,0.09011323004961014,1.9438488483428955,1.5492693185806274,1.0471712350845337
185,train,0,1.0,1.0,9,guijiao_20_180,14,0.4000000059604645,10000.0,256.0,1.150991439819336,1.136435627937317,1.3319884538650513,-0.19555284082889557,1.1307907104492188,0.20119774341583252,0.13070891797542572,9.228005382055926e-08,0.07048872858285904,0.23360233008861542,1.048540348326812e-19,0.23360233008861542,2.458240509033203,1.784997582435608,0.6598843336105347,0.4655887186527252,13.117743492126465,0.07817099243402481,0.13057959079742432,0.03554848954081535,0.07898590713739395,1.931420087814331,1.5497899055480957,1.0415763854980469
186,val,0,1.0,1.0,9,guijiao_20_180,15,0.42500001192092896,10625.0,289.0,1.2544622421264648,1.24419367313385,1.4661297798156738,-0.22193613648414612,1.266377568244934,0.19975219666957855,0.12970542907714844,9.252184440811106e-08,0.07004667818546295,0.2526010274887085,1.7030078461772696e-19,0.2526010274887085,2.438638687133789,1.7778054475784302,0.6623479127883911,0.4613442122936249,12.268844604492188,0.06946421414613724,0.1340867429971695,0.03654743358492851,0.07012347131967545,1.9200448989868164,1.550860047340393,1.0369092226028442
187,train,0,1.0,1.0,9,guijiao_20_180,16,0.44999998807907104,11250.0,324.0,1.3411883115768433,1.3586657047271729,1.6080561876296997,-0.24939051270484924,1.4085837602615356,0.19947241246700287,0.12945014238357544,9.320223881559286e-08,0.07002218067646027,0.2721027135848999,2.690328686616003e-19,0.2721027135848999,2.4194676876068115,1.771666169166565,0.6642712354660034,0.4575488269329071,11.509765625,0.06243910267949104,0.13733446598052979,0.03747105970978737,0.06298363953828812,1.9096184968948364,1.552337884902954,1.0329508781433105
188,train,0,1.0,1.0,9,guijiao_20_180,17,0.4749999940395355,11875.0,361.0,1.5874711275100708,1.4796350002288818,1.7576079368591309,-0.27797290682792664,1.5573574304580688,0.2002505362033844,0.12987636029720306,9.430095815332606e-08,0.07037409394979477,0.2920822501182556,2.5470766692546686e-18,0.2920822501182556,2.4008400440216064,1.7664453983306885,0.6657740473747253,0.45413661003112793,10.827320098876953,0.05671044811606407,0.14034412801265717,0.03832458332180977,0.05716879293322563,1.900038719177246,1.554113745689392,1.029544472694397
189,val,0,1.0,1.0,9,guijiao_20_180,18,0.5,12500.0,400.0,1.6530265808105469,1.606920599937439,1.9146418571472168,-0.3077212870121002,1.7126508951187134,0.20199090242385864,0.13092376291751862,9.579581927710024e-08,0.07106705009937286,0.31251654028892517,1.337401227409797e-18,0.31251654028892517,2.3828186988830566,1.762019395828247,0.6669470071792603,0.45105257630348206,10.210517883300781,0.051992420107126236,0.1431373506784439,0.03911396861076355,0.05238484963774681,1.8912147283554077,1.5561050176620483,1.0265748500823975
190,train,0,1.0,1.0,10,guijiao_10_0,0,0.05000000074505806,1250.0,4.0,0.061789702624082565,0.050898414105176926,0.046673960983753204,0.004224452655762434,0.008119611069560051,0.0385543517768383,0.01445497665554285,0.008517555892467499,0.015581821091473103,0.009522550739347935,0.004054622258991003,0.004054622258991003,1.1296849250793457,3.0563881397247314,0.5158369541168213,0.6207086443901062,44.14173126220703,0.7368999719619751,0.24586714804172516,0.10056708008050919,0.9106533527374268,1.3849194049835205,1.5820114612579346,1.4928812980651855
191,train,0,1.0,1.0,10,guijiao_10_0,1,0.07500000298023224,1875.0,9.0,0.07487817108631134,0.06993118673563004,0.07219535112380981,-0.0022641653195023537,0.026835285127162933,0.04536006599664688,0.016443835571408272,0.01168231200426817,0.017233921214938164,0.018689146265387535,0.0064387195743620396,0.0064387195743620396,1.6593798398971558,2.677042245864868,0.5927584767341614,0.5476172566413879,29.523452758789062,0.4683009088039398,0.14823156595230103,0.0542779304087162,0.5063833594322205,1.4376548528671265,1.7230684757232666,1.5067306756973267
192,train,0,1.0,1.0,10,guijiao_10_0,2,0.10000000149011612,2500.0,16.0,0.08106280863285065,0.09508968144655228,0.10621511936187744,-0.01112543884664774,0.05484136939048767,0.05137375369668007,0.019042843952775,0.013791615143418312,0.018539294600486755,0.025918809697031975,0.00858659204095602,0.00858659204095602,1.907525658607483,2.5593338012695312,0.6100456714630127,0.5097271203994751,21.9454288482666,0.3157041370868683,0.11884752660989761,0.03897702321410179,0.3287760317325592,1.5087366104125977,1.791159987449646,1.4688409566879272
193,train,0,1.0,1.0,10,guijiao_10_0,3,0.125,3125.0,25.0,0.11539952456951141,0.12739570438861847,0.14848606288433075,-0.021090352907776833,0.08963312953710556,0.05885292962193489,0.022619621828198433,0.015862802043557167,0.02037050575017929,0.03230711445212364,0.01071394607424736,0.01071394607424736,1.9953113794326782,2.5141408443450928,0.6068421602249146,0.48791635036468506,17.583267211914062,0.23636895418167114,0.10973632335662842,0.031585678458213806,0.24291706085205078,1.5802524089813232,1.8261871337890625,1.4231244325637817
194,train,0,1.0,1.0,10,guijiao_10_0,4,0.15000000596046448,3750.0,36.0,0.22257539629936218,0.1652657389640808,0.19713439047336578,-0.031868644058704376,0.12942533195018768,0.0677090585231781,0.026934048160910606,0.01808261312544346,0.022692395374178886,0.038538794964551926,0.012932950630784035,0.012932950630784035,2.0007779598236084,2.4821269512176514,0.5989845991134644,0.47369226813316345,14.738452911376953,0.19170770049095154,0.10902779549360275,0.02775953896343708,0.19591024518013,1.6411442756652832,1.839461088180542,1.3826918601989746
195,train,0,1.0,1.0,10,guijiao_10_0,5,0.17499999701976776,4375.0,49.0,0.19035470485687256,0.20634660124778748,0.24936045706272125,-0.04301385208964348,0.1725207418203354,0.07683971524238586,0.031394362449645996,0.020281609147787094,0.025163747370243073,0.04491616040468216,0.015288958325982094,0.015288958325982094,1.9594193696975708,2.4469075202941895,0.5922409892082214,0.4635932743549347,12.71865463256836,0.16257500648498535,0.11264056712388992,0.02600662223994732,0.1656639128923416,1.685927391052246,1.839039921760559,1.3513333797454834
196,train,0,1.0,1.0,10,guijiao_10_0,6,0.20000000298023224,5000.0,64.0,0.2699236571788788,0.24863621592521667,0.3027535080909729,-0.05411728471517563,0.21763379871845245,0.08511970192193985,0.03543085232377052,0.022244201973080635,0.02744464762508869,0.05157095938920975,0.0177962277084589,0.0177962277084589,1.8924674987792969,2.406829833984375,0.5879855155944824,0.45599478483200073,11.198957443237305,0.140650674700737,0.11860452592372894,0.025534121319651604,0.14306803047657013,1.7149138450622559,1.8310949802398682,1.3283679485321045
197,val,0,1.0,1.0,10,guijiao_10_0,7,0.22499999403953552,5625.0,81.0,0.29202887415885925,0.29108279943466187,0.35607337951660156,-0.0649905875325203,0.2641453146934509,0.09192807972431183,0.03873508423566818,0.02385319024324417,0.029339808970689774,0.05855756998062134,0.020455215126276016,0.020455215126276016,1.8148472309112549,2.364503860473633,0.5858938694000244,0.45003658533096313,10.007320404052734,0.12265397608280182,0.12570978701114655,0.025840463116765022,0.1245928406715393,1.7314705848693848,1.8198606967926025,1.311498761177063
198,train,0,1.0,1.0,10,guijiao_10_0,8,0.25,6250.0,100.0,0.29831641912460327,0.3335748314857483,0.4092409014701843,-0.07566608488559723,0.31203821301460266,0.09720268100500107,0.041278280317783356,0.025108346715569496,0.030816055834293365,0.0658935159444809,0.023260442540049553,0.023260442540049553,1.736560583114624,2.322875738143921,0.5852320194244385,0.4452192783355713,9.043856620788574,0.10740341246128082,0.13315680623054504,0.026597777381539345,0.10897239297628403,1.7394338846206665,1.807908058166504,1.2985639572143555
199,train,0,1.0,1.0,10,guijiao_10_0,9,0.2750000059604645,6875.0,121.0,0.4310641288757324,0.37657737731933594,0.46288248896598816,-0.08630511164665222,0.36165308952331543,0.10122939199209213,0.04320144280791283,0.026082143187522888,0.03194580227136612,0.07357822358608246,0.026204118505120277,0.026204118505120277,1.6633702516555786,2.2840261459350586,0.5853601694107056,0.4412316679954529,8.246335983276367,0.09444582462310791,0.1404450684785843,0.027594879269599915,0.09572184085845947,1.7419252395629883,1.7965998649597168,1.2880864143371582
200,val,0,1.0,1.0,10,guijiao_10_0,10,0.30000001192092896,7500.0,144.0,0.40116769075393677,0.420755535364151,0.5178616046905518,-0.09710606932640076,0.413453072309494,0.10440854728221893,0.044698961079120636,0.026869704946875572,0.032839879393577576,0.08160223811864853,0.02927783876657486,0.02927783876657486,1.5978862047195435,2.2490460872650146,0.5858492851257324,0.43786895275115967,7.573787689208984,0.08350995182991028,0.1472977101802826,0.02869977243244648,0.08455390483140945,1.7411317825317383,1.7865334749221802,1.2791918516159058
201,train,0,1.0,1.0,10,guijiao_10_0,11,0.32499998807907104,8125.0,169.0,0.506271243095398,0.4667421281337738,0.5749918818473816,-0.10824974626302719,0.4678781032562256,0.10711377114057541,0.04595053941011429,0.027558451518416405,0.03360477834939957,0.08995193988084793,0.032473374158144,0.032473374158144,1.5407358407974243,2.2182655334472656,0.586450457572937,0.43499016761779785,6.998030662536621,0.07434451580047607,0.15359129011631012,0.029832730069756508,0.07520569115877151,1.7384750843048096,1.777875542640686,1.2713903188705444
202,train,0,1.0,1.0,10,guijiao_10_0,12,0.3499999940395355,8750.0,196.0,0.5606998205184937,0.5150439143180847,0.6349228620529175,-0.11987896263599396,0.5252858400344849,0.10963699966669083,0.047095756977796555,0.028216395527124405,0.03432484716176987,0.09861201047897339,0.03578303009271622,0.03578303009271622,1.4914947748184204,2.191546678543091,0.5870353579521179,0.4324948787689209,6.498973846435547,0.0666954442858696,0.1592959314584732,0.030947672203183174,0.06741321831941605,1.7348370552062988,1.7705743312835693,1.2644028663635254
203,train,0,1.0,1.0,10,guijiao_10_0,13,0.375,9375.0,225.0,0.5885866284370422,0.5660320520401001,0.6981301307678223,-0.13209806382656097,0.5859440565109253,0.11218607425689697,0.04823366180062294,0.02889195643365383,0.03506045788526535,0.10756683349609375,0.03919977322220802,0.03919977322220802,1.4492915868759155,2.1685197353363037,0.5875465869903564,0.43030932545661926,6.06186580657959,0.060320157557725906,0.16443319618701935,0.03201979771256447,0.060925476253032684,1.7307491302490234,1.7644872665405273,1.258060336112976
204,val,0,1.0,1.0,10,guijiao_10_0,14,0.4000000059604645,10000.0,256.0,0.6958703994750977,0.619962751865387,0.7649424076080322,-0.14497964084148407,0.6500431895256042,0.11489919573068619,0.049430083483457565,0.029617328196763992,0.03585178405046463,0.11680116504430771,0.04271727055311203,0.04271727055311203,1.4131370782852173,2.148725986480713,0.5879654884338379,0.42837801575660706,5.675602912902832,0.055000144988298416,0.1690487265586853,0.03303677961230278,0.05551701411604881,1.7265253067016602,1.7594448328018188,1.252253770828247
205,train,0,1.0,1.0,10,guijiao_10_0,15,0.42500001192092896,10625.0,289.0,0.6730650663375854,0.6770066022872925,0.8355792164802551,-0.15857262909412384,0.7177145481109619,0.11786464601755142,0.050727181136608124,0.030413130298256874,0.036724336445331573,0.12630051374435425,0.046329837292432785,0.046329837292432785,1.3820890188217163,2.131706953048706,0.5882927775382996,0.4266582429409027,5.331648349761963,0.050547629594802856,0.17319729924201965,0.03399420157074928,0.05099455267190933,1.7223457098007202,1.755283236503601,1.2469054460525513
206,train,0,1.0,1.0,10,guijiao_10_0,16,0.44999998807907104,11250.0,324.0,0.6925672888755798,0.7372753620147705,0.9101850986480713,-0.17290976643562317,0.7890486121177673,0.12113649398088455,0.05215094983577728,0.03129198029637337,0.0376935675740242,0.13605135679244995,0.05003241449594498,0.05003241449594498,1.3553171157836914,2.1170403957366943,0.5885371565818787,0.4251165986061096,5.02332067489624,0.04680591821670532,0.17693331837654114,0.0348917618393898,0.047197118401527405,1.7183095216751099,1.7518556118011475,1.2419564723968506
207,train,0,1.0,1.0,10,guijiao_10_0,17,0.4749999940395355,11875.0,361.0,0.7913765907287598,0.8008400201797485,0.9888524413108826,-0.18801243603229523,0.8641061782836914,0.12474626302719116,0.0537167526781559,0.032261256128549576,0.038768257945775986,0.1460411250591278,0.05382047966122627,0.05382047966122627,1.332115888595581,2.104360818862915,0.5887109041213989,0.42372652888298035,4.74530553817749,0.04364635795354843,0.1803082823753357,0.03573170304298401,0.043992817401885986,1.7144677639007568,1.7490360736846924,1.2373594045639038
208,train,0,1.0,1.0,10,guijiao_10_0,18,0.5,12500.0,400.0,0.9285801649093628,0.8677438497543335,1.0716382265090942,-0.20389436185359955,0.9429274201393127,0.1287107765674591,0.05543298274278641,0.033324893563985825,0.03995290398597717,0.15625827014446259,0.05769001320004463,0.05769001320004463,1.311898946762085,2.093352794647217,0.5888259410858154,0.42246657609939575,4.493317604064941,0.040964558720588684,0.1833677887916565,0.03651755303144455,0.0412747785449028,1.7108416557312012,1.746720314025879,1.2330760955810547
209,train,0,1.0,1.0,11,guijiao_10_180,0,0.05000000074505806,1250.0,4.0,0.06980589777231216,0.0436430387198925,0.03661187365651131,0.0070311641320586205,0.006505696568638086,0.03010617569088936,0.015168381854891777,5.742501141270395e-09,0.014937789179384708,0.009522550739347935,1.557760600314056e-22,0.009522550739347935,0.9051402807235718,2.381944417953491,0.5965958833694458,0.838975191116333,87.79503631591797,0.7112365365028381,0.3217056393623352,0.33569201827049255,0.994750440120697,1.7071125507354736,0.8124656677246094,1.6811606884002686
210,train,0,1.0,1.0,11,guijiao_10_180,1,0.07500000298023224,1875.0,9.0,0.03306988999247551,0.06668703258037567,0.05623739957809448,0.01044963113963604,0.017193295061588287,0.039044104516506195,0.019818879663944244,1.0306485442868052e-08,0.019225211814045906,0.018689146265387535,1.9663044687165624e-22,0.018689146265387535,1.0631601810455322,2.208453416824341,0.7088885307312012,0.7209258079528809,64.1851577758789,0.5184404850006104,0.23633137345314026,0.20083846151828766,0.609947919845581,1.7437506914138794,0.9593987464904785,1.6915168762207031
211,train,0,1.0,1.0,11,guijiao_10_180,2,0.10000000149011612,2500.0,16.0,0.15503378212451935,0.1028701514005661,0.08765095472335815,0.015219200402498245,0.034896861761808395,0.05275409668684006,0.027223041281104088,1.5638951467167317e-08,0.025531038641929626,0.025918809697031975,3.962648760703941e-22,0.025918809697031975,1.213803768157959,2.1724281311035156,0.7188308238983154,0.6509374380111694,50.1874885559082,0.4232719838619232,0.1801508367061615,0.12618295848369598,0.4651165008544922,1.7961318492889404,1.0765737295150757,1.6844960451126099
212,train,0,1.0,1.0,11,guijiao_10_180,3,0.125,3125.0,25.0,0.1742364466190338,0.15123771131038666,0.13157056272029877,0.019667143002152443,0.060943081974983215,0.07062748074531555,0.03716832399368286,2.1873491462542916e-08,0.0334591343998909,0.03230711445212364,3.1570147162628854e-23,0.03230711445212364,1.3566458225250244,2.173590660095215,0.6967021226882935,0.6060657501220703,41.2131462097168,0.3708518445491791,0.14368751645088196,0.08311175554990768,0.39485234022140503,1.8477756977081299,1.1705999374389648,1.6633778810501099
213,train,0,1.0,1.0,11,guijiao_10_180,4,0.15000000596046448,3750.0,36.0,0.2257920205593109,0.20468825101852417,0.18510717153549194,0.019581079483032227,0.09598241746425629,0.08912475407123566,0.04786117747426033,2.809735555331372e-08,0.04126354306936264,0.038538794964551926,5.617418552650028e-23,0.038538794964551926,1.4837862253189087,2.168170213699341,0.6682065725326538,0.5746968984603882,34.93937683105469,0.33112066984176636,0.12175408005714417,0.05912899971008301,0.3466165363788605,1.8869785070419312,1.2433676719665527,1.6268595457077026
214,train,0,1.0,1.0,11,guijiao_10_180,5,0.17499999701976776,4375.0,49.0,0.24175983667373657,0.25302353501319885,0.2426305115222931,0.010393022559583187,0.13972248136997223,0.10290803015232086,0.056370675563812256,3.298393380646303e-08,0.04653732478618622,0.04491616040468216,6.843195434481853e-23,0.04491616040468216,1.5869102478027344,2.1413724422454834,0.6461792588233948,0.551417887210846,30.2835750579834,0.28976115584373474,0.11041657626628876,0.04654790461063385,0.3001643717288971,1.9091259241104126,1.296558141708374,1.5760961771011353
215,train,0,1.0,1.0,11,guijiao_10_180,6,0.20000000298023224,5000.0,64.0,0.24040131270885468,0.2930244207382202,0.30006879568099976,-0.0070443665608763695,0.19123835861682892,0.10883042216300964,0.06073598563671112,3.577894247541735e-08,0.04809440299868584,0.05157095938920975,5.755372023400182e-23,0.05157095938920975,1.6629419326782227,2.0975749492645264,0.63446044921875,0.533397376537323,26.679471969604492,0.24494871497154236,0.10645180940628052,0.04051630571484566,0.25193125009536743,1.9155579805374146,1.3339312076568604,1.5168538093566895
216,val,0,1.0,1.0,11,guijiao_10_180,7,0.22499999403953552,5625.0,81.0,0.35061752796173096,0.3303007483482361,0.3575304448604584,-0.027229709550738335,0.24956196546554565,0.10796847194433212,0.061251796782016754,3.669257608862608e-08,0.046716637909412384,0.05855756998062134,5.25454821604688e-22,0.05855756998062134,1.7146501541137695,2.047680616378784,0.6310333609580994,0.5190048217773438,23.800962448120117,0.20150332152843475,0.10725633054971695,0.03812135010957718,0.2061702162027359,1.9106205701828003,1.3603253364562988,1.4572268724441528
217,train,0,1.0,1.0,11,guijiao_10_180,8,0.25,6250.0,100.0,0.3476819396018982,0.37099528312683105,0.4175519347190857,-0.04655664414167404,0.31403589248657227,0.10351603478193283,0.05952322483062744,3.646585611249975e-08,0.043992772698402405,0.0658935159444809,1.220661604799784e-21,0.0658935159444809,1.7476778030395508,2.000087022781372,0.6323266625404358,0.507230281829834,21.44605827331543,0.16401247680187225,0.11085089296102524,0.03767073154449463,0.16716058552265167,1.899032711982727,1.379914402961731,1.4035481214523315
218,train,0,1.0,1.0,11,guijiao_10_180,9,0.2750000059604645,6875.0,121.0,0.38224053382873535,0.41793105006217957,0.48249536752700806,-0.06456432491540909,0.3843301832675934,0.09816518425941467,0.0570429228246212,3.580057494900757e-08,0.041122227907180786,0.07357822358608246,3.733637012555253e-22,0.07357822358608246,1.7676700353622437,1.9587260484695435,0.6356320381164551,0.49741220474243164,19.482440948486328,0.13405916094779968,0.11585909873247147,0.03820117935538292,0.1362334042787552,1.8844637870788574,1.395505428314209,1.3585093021392822
219,val,0,1.0,1.0,11,guijiao_10_180,10,0.30000001192092896,7500.0,144.0,0.5158165097236633,0.47173669934272766,0.5536602139472961,-0.08192351460456848,0.4603188931941986,0.09334132075309753,0.05467342585325241,3.51309346058315e-08,0.038667865097522736,0.08160223811864853,5.248621737568783e-21,0.08160223811864853,1.7790100574493408,1.924544095993042,0.6394487023353577,0.48909759521484375,17.819517135620117,0.11102835834026337,0.1214122325181961,0.039180051535367966,0.11257866770029068,1.869212031364441,1.4087293148040771,1.3220030069351196
220,val,0,1.0,1.0,11,guijiao_10_180,11,0.32499998807907104,8125.0,169.0,0.47507306933403015,0.5322225689888,0.6315239667892456,-0.09930141270160675,0.5419654846191406,0.08955845236778259,0.05277278274297714,3.465979148131737e-08,0.036785636097192764,0.08995193988084793,9.957311831609947e-21,0.08995193988084793,1.7847076654434204,1.8970834016799927,0.6430841684341431,0.48196521401405334,16.393043518066406,0.0935325175523758,0.12701135873794556,0.04032431170344353,0.09467665106058121,1.8544825315475464,1.4204702377319336,1.292679786682129
221,val,0,1.0,1.0,11,guijiao_10_180,12,0.3499999940395355,8750.0,196.0,0.5916249752044678,0.5990056395530701,0.7161442637443542,-0.11713860183954239,0.629258394241333,0.08688586950302124,0.051430925726890564,3.445658691703102e-08,0.03545490652322769,0.09861201047897339,1.801439107896812e-20,0.09861201047897339,1.7867140769958496,1.8753939867019653,0.6462709307670593,0.4757799208164215,15.155984878540039,0.08020427823066711,0.13239693641662598,0.04149077460169792,0.08107735961675644,1.8407928943634033,1.431197166442871,1.2689862251281738
222,val,0,1.0,1.0,11,guijiao_10_180,13,0.375,9375.0,225.0,0.7030403017997742,0.6717159152030945,0.8074101209640503,-0.135694220662117,0.7221826314926147,0.08522749692201614,0.05062596872448921,3.4529072934219585e-08,0.034601494669914246,0.10756683349609375,3.1284222798348394e-20,0.10756683349609375,1.7862681150436401,1.8584563732147217,0.648942768573761,0.4703657627105713,14.073150634765625,0.06994811445474625,0.13745099306106567,0.042611878365278244,0.07063520699739456,1.8282934427261353,1.4411606788635254,1.2495895624160767
223,val,0,1.0,1.0,11,guijiao_10_180,14,0.4000000059604645,10000.0,256.0,0.7948856353759766,0.750045120716095,0.905160665512085,-0.1551155298948288,0.8207127451896667,0.08444789052009583,0.050300683826208115,3.486156074927749e-08,0.034147173166275024,0.11680116504430771,5.24270174163406e-20,0.11680116504430771,1.7841579914093018,1.8453426361083984,0.651120662689209,0.4655887186527252,13.117743492126465,0.061952702701091766,0.14213472604751587,0.04365948587656021,0.06250861287117004,1.8169615268707275,1.4505022764205933,1.233464241027832
224,val,0,1.0,1.0,11,guijiao_10_180,15,0.42500001192092896,10625.0,289.0,0.9257188439369202,0.8337481021881104,1.0092334747314453,-0.17548535764217377,0.924814760684967,0.0844186544418335,0.0503937229514122,3.543181748000279e-08,0.03402489796280861,0.12630051374435425,8.515039230886348e-20,0.12630051374435425,1.780897855758667,1.835271954536438,0.6528589725494385,0.4613442122936249,12.268844604492188,0.05563349649310112,0.14644977450370789,0.04462522268295288,0.0560944564640522,1.8067036867141724,1.4593040943145752,1.2198524475097656
225,val,0,1.0,1.0,11,guijiao_10_180,16,0.44999998807907104,11250.0,324.0,1.0905781984329224,0.9226308465003967,1.1194806098937988,-0.1968497782945633,1.0344486236572266,0.08503194153308868,0.050850555300712585,3.6218175125668495e-08,0.034181345254182816,0.13605135679244995,1.3451643433080014e-19,0.13605135679244995,1.7768306732177734,1.8276087045669556,0.6542204022407532,0.4575488269329071,11.509765625,0.05057185888290405,0.15041783452033997,0.04551060125231743,0.05096244066953659,1.7974052429199219,1.4676215648651123,1.2082016468048096
226,val,0,1.0,1.0,11,guijiao_10_180,17,0.4749999940395355,11875.0,361.0,1.0394068956375122,1.0165393352508545,1.2357733249664307,-0.21923397481441498,1.1495718955993652,0.08620142936706543,0.05162610486149788,3.720178298749488e-08,0.03457528352737427,0.1460411250591278,1.2735383346273343e-18,0.1460411250591278,1.772193193435669,1.8218481540679932,0.655265748500824,0.45413661003112793,10.827320098876953,0.046466343104839325,0.154068261384964,0.04632120952010155,0.04680364206433296,1.7889535427093506,1.4754934310913086,1.1981064081192017
227,train,0,1.0,1.0,11,guijiao_10_180,18,0.5,12500.0,400.0,1.115393042564392,1.115350604057312,1.358001708984375,-0.2426510602235794,1.270142674446106,0.08785906434059143,0.052684009075164795,3.836688478031647e-08,0.03517501428723335,0.15625827014446259,6.687006137048985e-19,0.15625827014446259,1.7671549320220947,1.8175917863845825,0.6560484766960144,0.45105257630348206,10.210517883300781,0.04309758171439171,0.15743227303028107,0.04706418886780739,0.04339376464486122,1.7812459468841553,1.4829515218734741,1.1892669200897217
228,train,2,0.20000000298023224,0.0,12,pseudo_cycle_01_config_0,-1,0.12462053447961807,3115.513427734375,0.9541800618171692,0.21619030833244324,0.2300446480512619,0.2675909101963043,-0.03754626587033272,0.08395594358444214,0.18363496661186218,0.02390238270163536,0.11410598456859589,0.04562659189105034,0.0,0.0,0.0,1.8803311586380005,1.5316303968429565,0.6606369018554688,0.0,0.0,0.8952978253364563,0.22513677179813385,0.2733512818813324,1.2719240188598633,1.6884316205978394,1.9029616117477417,0.502692461013794
229,train,2,0.20000000298023224,0.0,20,pseudo_cycle_01_config_8,-1,0.11797675490379333,2949.418701171875,22.269615173339844,0.13047513365745544,0.13609156012535095,0.16082575917243958,-0.02473420649766922,0.07767976820468903,0.08314598351716995,0.03601377457380295,0.029221665114164352,0.0179105456918478,0.0,0.0,0.0,1.9412307739257812,1.8502767086029053,0.7050933241844177,0.0,0.0,0.2556603252887726,0.12605001032352448,0.0698762834072113,0.26506689190864563,1.7585811614990234,2.0237276554107666,0.8745860457420349
230,train,2,0.20000000298023224,0.0,14,pseudo_cycle_01_config_2,-1,0.14504943788051605,3626.23583984375,1.2926565408706665,0.16619634628295898,0.15714268386363983,0.19197100400924683,-0.034828320145606995,0.15634484589099884,0.03562615066766739,0.0033748680725693703,0.02195798233151436,0.01029330212622881,0.0,0.0,0.0,2.5847203731536865,1.762534737586975,0.8724809885025024,0.0,0.0,0.30125725269317627,0.10831933468580246,0.0943794995546341,0.31366828083992004,1.2401753664016724,1.4424636363983154,0.5899606943130493
231,train,2,0.20000000298023224,0.0,22,pseudo_cycle_01_config_10,-1,0.07948919385671616,1987.2298583984375,10.109646797180176,0.07313340157270432,0.07391328364610672,0.07766711711883545,-0.0037538332398980856,0.03127557784318924,0.04639153555035591,0.016846882179379463,0.012094411067664623,0.0174502432346344,0.0,0.0,0.0,1.7216753959655762,2.6449968814849854,0.5986444354057312,0.0,0.0,0.4331248104572296,0.14027659595012665,0.05047841742634773,0.46354180574417114,1.4497663974761963,1.73857843875885,1.5016889572143555
232,train,2,0.20000000298023224,0.0,13,pseudo_cycle_01_config_1,-1,0.2821342945098877,7053.357421875,4.890607833862305,1.3003144264221191,1.2687984704971313,1.4281480312347412,-0.15934960544109344,0.6800976395606995,0.748050332069397,0.574314296245575,1.5547669818261056e-07,0.1737358272075653,0.0,0.0,0.0,2.971813917160034,1.0414897203445435,0.43441906571388245,0.0,0.0,0.9811887741088867,0.05217006430029869,0.027120130136609077,1.0570327043533325,2.1846065521240234,1.0210366249084473,0.6608653664588928
233,train,2,0.20000000298023224,0.0,23,pseudo_cycle_01_config_11,-1,0.1658249944448471,4145.625,43.99666976928711,0.21701031923294067,0.2363310307264328,0.2213994860649109,0.014931551180779934,0.12271098047494888,0.0986885130405426,0.05367190018296242,3.14150092606269e-08,0.045016586780548096,0.0,0.0,0.0,1.5521925687789917,2.153688907623291,0.6530975103378296,0.0,0.0,0.30546683073043823,0.11356402933597565,0.05019795522093773,0.31749430298805237,1.9029914140701294,1.2791169881820679,1.596108317375183
234,train,2,0.20000000298023224,0.0,19,pseudo_cycle_01_config_7,-1,0.2786058187484741,6965.14501953125,16.79241180419922,0.7007917165756226,0.7085809111595154,0.8256782293319702,-0.11709731817245483,0.4155774414539337,0.4101007878780365,0.2491973638534546,8.139835472320556e-08,0.16090334951877594,0.0,0.0,0.0,1.8622318506240845,1.4867761135101318,0.43930119276046753,0.0,0.0,0.6595222353935242,0.07733594626188278,0.023140592500567436,0.6997994184494019,2.0570871829986572,1.147159457206726,1.328233242034912
235,train,2,0.20000000298023224,0.0,23,pseudo_cycle_01_config_11,-1,0.21587809920310974,5396.9521484375,74.56534576416016,0.2995864748954773,0.316558301448822,0.33641737699508667,-0.01985907182097435,0.2275417298078537,0.10887564718723297,0.06141708791255951,3.6534174796543084e-08,0.047458525747060776,0.0,0.0,0.0,1.6982672214508057,2.065960168838501,0.6315547227859497,0.0,0.0,0.2168477177619934,0.10654875636100769,0.038700394332408905,0.22225257754325867,1.9134275913238525,1.351675271987915,1.478553295135498
236,train,2,0.20000000298023224,0.0,19,pseudo_cycle_01_config_7,-1,0.2505572736263275,6263.931640625,13.581469535827637,0.6168462038040161,0.6201221942901611,0.6981096267700195,-0.0779874250292778,0.339684396982193,0.35842522978782654,0.21972881257534027,6.589472434370691e-08,0.1386963576078415,0.0,0.0,0.0,1.8820176124572754,1.4458081722259521,0.43016114830970764,0.0,0.0,0.7285037636756897,0.06790529191493988,0.022806135937571526,0.7733598351478577,2.086841106414795,1.09114670753479,1.317247748374939
237,train,2,0.20000000298023224,0.0,14,pseudo_cycle_01_config_2,-1,0.10907983779907227,2726.995849609375,0.7310382723808289,0.08493627607822418,0.07904484868049622,0.09561768919229507,-0.016572842374444008,0.07544894516468048,0.020168744027614594,0.001992787467315793,0.012517262250185013,0.005658695474267006,0.0,0.0,0.0,2.2055976390838623,1.7987313270568848,0.9117848873138428,0.0,0.0,0.309617280960083,0.14814907312393188,0.17852303385734558,0.3291179835796356,1.2092628479003906,1.299328088760376,0.5355722904205322
238,train,2,0.20000000298023224,0.0,13,pseudo_cycle_01_config_1,-1,0.2601185441017151,6502.96337890625,4.157130718231201,1.1134464740753174,1.0719560384750366,1.1819422245025635,-0.10998614132404327,0.5798324942588806,0.6021097898483276,0.46844035387039185,1.2483548061936744e-07,0.13366933166980743,0.0,0.0,0.0,2.9807260036468506,1.0313746929168701,0.4540109634399414,0.0,0.0,0.9478798508644104,0.05192212015390396,0.030989300459623337,1.0209225416183472,2.1917002201080322,0.9648499488830566,0.6254010200500488
239,train,2,0.20000000298023224,0.0,22,pseudo_cycle_01_config_10,-1,0.15038743615150452,3759.685791015625,36.186195373535156,0.15695986151695251,0.16588406264781952,0.19792389869689941,-0.032039836049079895,0.13007210195064545,0.06785179674625397,0.027003759518265724,0.018117470666766167,0.022730564698576927,0.0,0.0,0.0,2.000429153442383,2.481621265411377,0.5988641977310181,0.0,0.0,0.19116921722888947,0.10905744880437851,0.02771919034421444,0.19534845650196075,1.641966700553894,1.8395404815673828,1.3821346759796143
240,train,2,0.20000000298023224,0.0,15,pseudo_cycle_01_config_3,-1,0.2802775204181671,7006.93798828125,4.8264479637146,0.8733487129211426,0.8400982618331909,0.935072660446167,-0.09497436881065369,0.6084173917770386,0.3266552984714508,0.2363818883895874,6.208298231058507e-08,0.09027334302663803,0.0,0.0,0.0,2.6939356327056885,1.3046159744262695,0.578279972076416,0.0,0.0,0.674208402633667,0.04825165867805481,0.02852536365389824,0.7048835754394531,2.181455373764038,0.743066668510437,0.8330894112586975
241,train,2,0.20000000298023224,0.0,18,pseudo_cycle_01_config_6,-1,0.09113848954439163,2278.462158203125,1.7969516515731812,0.05950476974248886,0.060237154364585876,0.07143043726682663,-0.011193282902240753,0.04171479865908623,0.029715636745095253,0.012619465589523315,0.009091981686651707,0.008004190400242805,0.0,0.0,0.0,1.7468219995498657,2.2472238540649414,0.8522137999534607,0.0,0.0,0.27968084812164307,0.11066066473722458,0.055369578301906586,0.28954818844795227,1.5566067695617676,1.3159759044647217,0.9873140454292297
242,train,2,0.20000000298023224,0.0,12,pseudo_cycle_01_config_0,-1,0.08938360959291458,2234.590087890625,0.4908704459667206,0.1679486483335495,0.17277665436267853,0.19504114985466003,-0.022264495491981506,0.03633437305688858,0.15870678424835205,0.0201063584536314,0.10078130662441254,0.03781910985708237,0.0,0.0,0.0,1.5818454027175903,1.6039403676986694,0.7057807445526123,0.0,0.0,1.0859129428863525,0.3067198693752289,0.4278496503829956,1.9954675436019897,1.680433750152588,1.8614022731781006,0.49299365282058716
243,train,2,0.20000000298023224,0.0,15,pseudo_cycle_01_config_3,-1,0.24334362149238586,6083.5908203125,3.638237476348877,0.6791343092918396,0.6424582600593567,0.6754590272903442,-0.03300074487924576,0.4586913585662842,0.21676765382289886,0.1617286056280136,4.450274815326338e-08,0.055038999766111374,0.0,0.0,0.0,2.6942801475524902,1.2957546710968018,0.6610310673713684,0.0,0.0,0.6140877604484558,0.050954610109329224,0.03995640575885773,0.642555832862854,2.1868653297424316,0.6827495694160461,0.744227409362793
244,train,2,0.20000000298023224,0.0,20,pseudo_cycle_01_config_8,-1,0.09912215173244476,2478.0537109375,15.720315933227539,0.09637754410505295,0.10027219355106354,0.11686626076698303,-0.016594063490629196,0.05148395895957947,0.06538230180740356,0.02771730162203312,0.023928217589855194,0.013736781664192677,0.0,0.0,0.0,1.8226052522659302,1.7939057350158691,0.7316017150878906,0.0,0.0,0.288950651884079,0.14540253579616547,0.09044525027275085,0.30327266454696655,1.7284443378448486,2.039576768875122,0.8566223382949829
245,train,2,0.20000000298023224,0.0,22,pseudo_cycle_01_config_10,-1,0.12614701688289642,3153.67529296875,25.46090316772461,0.1236051693558693,0.1290285885334015,0.15059855580329895,-0.02156996540725231,0.09136293083429337,0.05923561751842499,0.022805236279964447,0.015961982309818268,0.020468398928642273,0.0,0.0,0.0,1.9970006942749023,2.512603998184204,0.6065139174461365,0.0,0.0,0.23376613855361938,0.10956520587205887,0.0313480868935585,0.2401539534330368,1.5833452939987183,1.8272041082382202,1.4211007356643677
246,train,2,0.20000000298023224,0.0,17,pseudo_cycle_01_config_5,-1,0.1860160529613495,4650.4013671875,7.485720157623291,0.6303135752677917,0.6186903715133667,0.6324644684791565,-0.013774098828434944,0.2861173450946808,0.3463471233844757,0.2532954514026642,8.469962864410263e-08,0.09305157512426376,0.0,0.0,0.0,2.8761098384857178,1.0936570167541504,0.41661566495895386,0.0,0.0,0.9613990187644958,0.047803908586502075,0.02013385109603405,1.0234748125076294,2.179952383041382,1.3122808933258057,0.8008354902267456
247,train,2,0.20000000298023224,0.0,14,pseudo_cycle_01_config_2,-1,0.0938132107257843,2345.330078125,0.5407282710075378,0.057295896112918854,0.05354464054107666,0.06427597999572754,-0.010731341317296028,0.048342738300561905,0.015933237969875336,0.0016401088796555996,0.00975030567497015,0.004542824346572161,0.0,0.0,0.0,1.9105807542800903,1.8632484674453735,0.9221080541610718,0.0,0.0,0.32791846990585327,0.1830615997314453,0.25872907042503357,0.3567262887954712,1.198410153388977,1.2050671577453613,0.5177268981933594
248,train,2,0.20000000298023224,0.0,21,pseudo_cycle_01_config_9,-1,0.23542751371860504,5885.68798828125,88.68174743652344,0.6022640466690063,0.6138263940811157,0.6507591009140015,-0.036932677030563354,0.40883541107177734,0.24192366003990173,0.15612564980983734,9.820945479077636e-08,0.08579790592193604,0.0,0.0,0.0,2.565642833709717,1.8684625625610352,0.6125944256782532,0.0,0.0,0.24065470695495605,0.10118348151445389,0.0275899488478899,0.24689926207065582,2.035327911376953,1.5674787759780884,1.1185020208358765
249,train,2,0.20000000298023224,0.0,23,pseudo_cycle_01_config_11,-1,0.19082091748714447,4770.52294921875,58.26017761230469,0.25924959778785706,0.27905139327049255,0.2790672183036804,-1.5825460650376044e-05,0.17148631811141968,0.10758091509342194,0.05964157357811928,3.5000741860358175e-08,0.04793930426239967,0.0,0.0,0.0,1.6380970478057861,2.1149444580078125,0.6376192569732666,0.0,0.0,0.2615523040294647,0.10722902417182922,0.04218690097332001,0.2696426212787628,1.9147776365280151,1.321740984916687,1.539079189300537
250,train,2,0.20000000298023224,0.0,18,pseudo_cycle_01_config_6,-1,0.05609027296304703,1402.2568359375,0.6806249022483826,0.022990483790636063,0.022414514794945717,0.022567251697182655,-0.00015273662575054914,0.006299940869212151,0.016267310827970505,0.008969837799668312,0.0035742027685046196,0.0037232707254588604,0.0,0.0,0.0,0.6965038180351257,3.521463394165039,0.9598340392112732,0.0,0.0,0.27300557494163513,0.4206520617008209,0.42218852043151855,0.31294819712638855,1.724735975265503,0.7160132527351379,0.7159169316291809
251,train,2,0.20000000298023224,0.0,23,pseudo_cycle_01_config_11,-1,0.17901086807250977,4475.271484375,51.27180862426758,0.23969271779060364,0.25992551445961,0.25189825892448425,0.00802726112306118,0.14749129116535187,0.10440696030855179,0.05736913904547691,3.3578526625888117e-08,0.04703778773546219,0.0,0.0,0.0,1.6009202003479004,2.135219097137451,0.6436110734939575,0.0,0.0,0.2827174961566925,0.10935916006565094,0.04523402079939842,0.2924806475639343,1.9111231565475464,1.3034961223602295,1.5669574737548828
252,train,2,0.20000000298023224,0.0,22,pseudo_cycle_01_config_10,-1,0.13890376687049866,3472.59375,30.870800018310547,0.14062738418579102,0.14791853725910187,0.17492900788784027,-0.027010468766093254,0.11125979572534561,0.06366921216249466,0.024962421506643295,0.01708615943789482,0.021620633080601692,0.0,0.0,0.0,2.0057294368743896,2.496286392211914,0.602531909942627,0.0,0.0,0.2088180035352707,0.10864360630512238,0.029138315469026566,0.21382072567939758,1.6159324645996094,1.8356965780258179,1.3996031284332275
253,train,2,0.20000000298023224,0.0,13,pseudo_cycle_01_config_1,-1,0.24508889019489288,6127.22216796875,3.6906113624572754,0.9947218298912048,0.9488606452941895,1.0289350748062134,-0.08007445186376572,0.5147997140884399,0.5141353607177734,0.4032198488712311,1.07471691990213e-07,0.11091537773609161,0.0,0.0,0.0,2.9809396266937256,1.0299365520477295,0.4741220474243164,0.0,0.0,0.9179595112800598,0.052786193788051605,0.03497236222028732,0.9894915223121643,2.1955883502960205,0.9257083535194397,0.6039497256278992
254,train,2,0.20000000298023224,0.0,16,pseudo_cycle_01_config_4,-1,0.10239813476800919,2559.953369140625,2.268385171890259,0.11532660573720932,0.11625383794307709,0.1361728310585022,-0.01991899684071541,0.055288396775722504,0.0808844342827797,0.008959788829088211,0.053178299218416214,0.01874634437263012,0.0,0.0,0.0,1.8340535163879395,1.5133720636367798,0.737765908241272,0.0,0.0,0.620287299156189,0.21898289024829865,0.22346028685569763,0.7578732371330261,1.592238426208496,1.99787437915802,0.5195997357368469
255,train,2,0.20000000298023224,0.0,20,pseudo_cycle_01_config_8,-1,0.0697389617562294,1743.473876953125,7.7816338539123535,0.0584690235555172,0.05939866602420807,0.06675834953784943,-0.00735968304798007,0.021985692903399467,0.04477265477180481,0.018444590270519257,0.017327480018138885,0.009000583551824093,0.0,0.0,0.0,1.5723575353622437,1.7541978359222412,0.7634884715080261,0.0,0.0,0.3899001181125641,0.20452599227428436,0.14760752022266388,0.4297417998313904,1.6769133806228638,2.0633575916290283,0.818299412727356
256,train,2,0.20000000298023224,0.0,17,pseudo_cycle_01_config_5,-1,0.25534501671791077,6383.625,14.105467796325684,1.038754940032959,1.0480659008026123,1.181278944015503,-0.13321302831172943,0.5206236839294434,0.6606552004814148,0.4595058262348175,1.6110401190871926e-07,0.20114922523498535,0.0,0.0,0.0,2.7773547172546387,1.2090680599212646,0.4007808566093445,0.0,0.0,0.8558340072631836,0.06518036872148514,0.019896408542990685,0.9160476922988892,2.1210272312164307,1.3916046619415283,0.928482174873352
257,train,2,0.20000000298023224,0.0,16,pseudo_cycle_01_config_4,-1,0.08029315620660782,2007.328857421875,1.3947288990020752,0.08311585336923599,0.08230379223823547,0.09459188580513,-0.012288093566894531,0.030488474294543266,0.06410340964794159,0.00756804971024394,0.04090661182999611,0.015628749504685402,0.0,0.0,0.0,1.6449048519134521,1.5344831943511963,0.6715421676635742,0.0,0.0,0.752241849899292,0.2687535583972931,0.30315837264060974,1.033366084098816,1.5821486711502075,1.986212134361267,0.5096001625061035
258,train,2,0.20000000298023224,0.0,19,pseudo_cycle_01_config_7,-1,0.2486836463212967,6217.0908203125,13.379108428955078,0.6112143397331238,0.6142225861549377,0.6893592476844788,-0.07513664662837982,0.3348545432090759,0.35450470447540283,0.21746321022510529,6.487590553660993e-08,0.13704144954681396,0.0,0.0,0.0,1.8833190202713013,1.443009614944458,0.4299898147583008,0.0,0.0,0.7326411008834839,0.06734924018383026,0.022837143391370773,0.7777724862098694,2.0887110233306885,1.0868736505508423,1.3162684440612793
259,train,2,0.20000000298023224,0.0,17,pseudo_cycle_01_config_5,-1,0.1732492297887802,4331.23095703125,6.493447780609131,0.5549953579902649,0.543026864528656,0.5402395129203796,0.0027873327489942312,0.24885587394237518,0.29138362407684326,0.21539880335330963,7.278217850625879e-08,0.07598473131656647,0.0,0.0,0.0,2.883815050125122,1.0808924436569214,0.43193066120147705,0.0,0.0,0.95108562707901,0.046213097870349884,0.021527286618947983,1.0114086866378784,2.1881155967712402,1.2838056087493896,0.7718861699104309
260,train,2,0.20000000298023224,0.0,23,pseudo_cycle_01_config_11,-1,0.2734798491001129,6836.99609375,119.66593170166016,0.40425533056259155,0.41488125920295715,0.4783768951892853,-0.06349563598632812,0.3798925578594208,0.0984843373298645,0.05719629302620888,3.584419872026956e-08,0.04128800332546234,0.0,0.0,0.0,1.7667382955551147,1.9610357284545898,0.6354062557220459,0.0,0.0,0.1356705278158188,0.11553238332271576,0.03815225511789322,0.13789235055446625,1.8853859901428223,1.394636631011963,1.3609941005706787
261,train,2,0.20000000298023224,0.0,17,pseudo_cycle_01_config_5,-1,0.22232003509998322,5558.0009765625,10.69276237487793,0.8456661105155945,0.8415208458900452,0.9146087169647217,-0.07308788597583771,0.4023720920085907,0.5122365951538086,0.36414599418640137,1.212171127917827e-07,0.1480904519557953,0.0,0.0,0.0,2.831605911254883,1.149720311164856,0.39335793256759644,0.0,0.0,0.929385244846344,0.05578252300620079,0.019097458571195602,0.9928985238075256,2.1512951850891113,1.3654059171676636,0.8748862147331238
262,train,2,0.20000000298023224,0.0,21,pseudo_cycle_01_config_9,-1,0.2403949499130249,6009.87353515625,92.46353912353516,0.6135627031326294,0.6247545480728149,0.6665278077125549,-0.04177325963973999,0.426111102104187,0.24041670560836792,0.1552830934524536,9.820573865226834e-08,0.08513350039720535,0.0,0.0,0.0,2.5646867752075195,1.8648483753204346,0.6153760552406311,0.0,0.0,0.23064671456813812,0.10212752968072891,0.027804208919405937,0.23642085492610931,2.0315287113189697,1.565872311592102,1.1137795448303223
263,train,2,0.20000000298023224,0.0,19,pseudo_cycle_01_config_7,-1,0.21964578330516815,5491.14453125,10.437067031860352,0.5219506621360779,0.5229865312576294,0.5517217516899109,-0.028735216706991196,0.2637001574039459,0.28802159428596497,0.1785380244255066,4.976075018703341e-08,0.10948353260755539,0.0,0.0,0.0,1.9011956453323364,1.4014806747436523,0.43721500039100647,0.0,0.0,0.783432126045227,0.06066117063164711,0.024703791365027428,0.8325425386428833,2.1144635677337646,1.010933518409729,1.2966364622116089
264,train,2,0.20000000298023224,0.0,17,pseudo_cycle_01_config_5,-1,0.2776716649532318,6941.791015625,16.67999267578125,1.1661310195922852,1.1852751970291138,1.3588783740997314,-0.17360317707061768,0.6068240404129028,0.7520542740821838,0.5165840983390808,1.897384152016457e-07,0.2354700118303299,0.0,0.0,0.0,2.737548351287842,1.2481554746627808,0.41220054030418396,0.0,0.0,0.7960467338562012,0.07187682390213013,0.02085009030997753,0.8521121740341187,2.0998642444610596,1.403324842453003,0.9571626782417297
265,train,2,0.20000000298023224,0.0,21,pseudo_cycle_01_config_9,-1,0.18540845811367035,4635.21142578125,55.00205612182617,0.49248549342155457,0.5100213289260864,0.4989106357097626,0.011110715568065643,0.2519007623195648,0.24700987339019775,0.15726053714752197,9.311091986319298e-08,0.08974924683570862,0.0,0.0,0.0,2.548780918121338,1.9098997116088867,0.5796142816543579,0.0,0.0,0.3709860146045685,0.09312949329614639,0.026449449360370636,0.38515397906303406,2.072977066040039,1.5881719589233398,1.1830565929412842
266,train,2,0.20000000298023224,0.0,23,pseudo_cycle_01_config_11,-1,0.23157575726509094,5789.3935546875,85.80370330810547,0.3254740238189697,0.340501606464386,0.37295663356781006,-0.032455042004585266,0.26594293117523193,0.10701371729373932,0.06094398349523544,3.671091874934973e-08,0.04606969654560089,0.0,0.0,0.0,1.7249019145965576,2.0347070693969727,0.6310498118400574,0.0,0.0,0.19094642996788025,0.10799770802259445,0.03786368668079376,0.19514769315719604,1.9080429077148438,1.365998387336731,1.4423564672470093
267,train,2,0.20000000298023224,0.0,16,pseudo_cycle_01_config_4,-1,0.1383638232946396,3459.095458984375,4.141692638397217,0.19771072268486023,0.1946268081665039,0.23265020549297333,-0.03802340105175972,0.11472277343273163,0.1179274320602417,0.012869898229837418,0.07744508236646652,0.02761244773864746,0.0,0.0,0.0,2.0843307971954346,1.5396431684494019,0.7552245259284973,0.0,0.0,0.5148211121559143,0.1681000143289566,0.14409111440181732,0.5790354609489441,1.6115412712097168,2.002747058868408,0.5392786860466003
268,train,2,0.20000000298023224,0.0,19,pseudo_cycle_01_config_7,-1,0.2874642014503479,7186.6044921875,17.87723159790039,0.7274603247642517,0.7364703416824341,0.8645504713058472,-0.12808015942573547,0.4409564435482025,0.42359399795532227,0.256748765707016,8.630861003666723e-08,0.1668451577425003,0.0,0.0,0.0,1.8560526371002197,1.4989935159683228,0.44415193796157837,0.0,0.0,0.6362656354904175,0.0805903822183609,0.023471126332879066,0.6749371290206909,2.04732346534729,1.162149429321289,1.3304290771484375
269,train,2,0.20000000298023224,0.0,15,pseudo_cycle_01_config_3,-1,0.299899697303772,7497.4921875,5.525901794433594,0.9874469637870789,0.9622296094894409,1.0959817171096802,-0.13375212252140045,0.692847728729248,0.40313398838043213,0.2862001657485962,7.356018727477931e-08,0.11693376302719116,0.0,0.0,0.0,2.6794636249542236,1.3207707405090332,0.540092408657074,0.0,0.0,0.7047927379608154,0.048755887895822525,0.025225581601262093,0.7378427386283875,2.176884174346924,0.7769650220870972,0.8894167542457581
270,train,2,0.20000000298023224,0.0,15,pseudo_cycle_01_config_3,-1,0.266609787940979,6665.24462890625,4.367201805114746,0.7986392974853516,0.7623924612998962,0.8324713706970215,-0.07007890194654465,0.5514853000640869,0.28098610043525696,0.20584192872047424,5.500344713027516e-08,0.07514411956071854,0.0,0.0,0.0,2.6986331939697266,1.2978099584579468,0.6077609062194824,0.0,0.0,0.6516903042793274,0.04864880070090294,0.03178982436656952,0.6811500191688538,2.1839191913604736,0.7201470136642456,0.79725581407547
271,train,2,0.20000000298023224,0.0,14,pseudo_cycle_01_config_2,-1,0.17200306057929993,4300.07666015625,1.8177051544189453,0.2417176216840744,0.23089899122714996,0.28328558802604675,-0.05238660052418709,0.2299119234085083,0.05337366461753845,0.005050833337008953,0.03202589973807335,0.016296928748488426,0.0,0.0,0.0,2.7030324935913086,1.790098786354065,0.8361151814460754,0.0,0.0,0.31023919582366943,0.09542342275381088,0.06814608722925186,0.3214583992958069,1.26810622215271,1.499926209449768,0.6381758451461792
272,train,2,0.20000000298023224,0.0,18,pseudo_cycle_01_config_6,-1,0.14250552654266357,3562.637939453125,4.393353462219238,0.16820797324180603,0.16591128706932068,0.20247118175029755,-0.036559898406267166,0.1316063106060028,0.07086487114429474,0.02737763337790966,0.020971102640032768,0.02251613326370716,0.0,0.0,0.0,2.2541117668151855,1.8494426012039185,0.7011207342147827,0.0,0.0,0.3176901042461395,0.07358337938785553,0.026544200256466866,0.3259677588939667,1.4908219575881958,1.6287646293640137,1.2260937690734863
273,train,2,0.20000000298023224,0.0,22,pseudo_cycle_01_config_10,-1,0.09126044064760208,2281.510986328125,13.325543403625488,0.08406367152929306,0.08545379340648651,0.09333981573581696,-0.007886026054620743,0.04418320208787918,0.049156613647937775,0.01802845485508442,0.013087732717394829,0.018040424212813377,0.0,0.0,0.0,1.8452459573745728,2.5867555141448975,0.6076370477676392,0.0,0.0,0.3580617904663086,0.12568402290344238,0.042992815375328064,0.37614917755126953,1.4831554889678955,1.7719374895095825,1.484140157699585
274,train,2,0.20000000298023224,0.0,13,pseudo_cycle_01_config_1,-1,0.21480365097522736,5370.09130859375,2.834878444671631,0.7762250304222107,0.7278748154640198,0.7585184574127197,-0.030643630772829056,0.3929203152656555,0.3655981421470642,0.2905641198158264,8.167069864839505e-08,0.07503391802310944,0.0,0.0,0.0,2.9619882106781006,1.044520616531372,0.5466627478599548,0.0,0.0,0.8426232933998108,0.058138251304626465,0.0486115999519825,0.9129853248596191,2.201185464859009,0.8488339185714722,0.5684238076210022
275,train,2,0.20000000298023224,0.0,13,pseudo_cycle_01_config_1,-1,0.2925873100757599,7314.6826171875,5.2597126960754395,1.3946751356124878,1.3691456317901611,1.5539883375167847,-0.18484272062778473,0.7296406626701355,0.8243476748466492,0.6285942792892456,1.7169641353120824e-07,0.19575320184230804,0.0,0.0,0.0,2.964559555053711,1.0491087436676025,0.4268113970756531,0.0,0.0,0.9925702214241028,0.05279183387756348,0.025864558294415474,1.0698727369308472,2.180647850036621,1.0466504096984863,0.6790847778320312
276,train,2,0.20000000298023224,0.0,13,pseudo_cycle_01_config_1,-1,0.20529480278491974,5132.36962890625,2.589446783065796,0.7132627964019775,0.6657075881958008,0.6841246485710144,-0.018417084589600563,0.3573247194290161,0.3267999291419983,0.2606031894683838,7.488851139214603e-08,0.06619664281606674,0.0,0.0,0.0,2.948962688446045,1.0552164316177368,0.5745588541030884,0.0,0.0,0.816093921661377,0.061174362897872925,0.055310510098934174,0.8868993520736694,2.2023518085479736,0.8261308670043945,0.5594262480735779
277,train,2,0.20000000298023224,0.0,17,pseudo_cycle_01_config_5,-1,0.20738209784030914,5184.55224609375,9.304119110107422,0.7571674585342407,0.7487152814865112,0.7958670854568481,-0.04715178534388542,0.35273146629333496,0.4431356191635132,0.3185620605945587,1.0568139430233714e-07,0.12457343190908432,0.0,0.0,0.0,2.852750778198242,1.124377965927124,0.39950811862945557,0.0,0.0,0.9512089490890503,0.05205041170120239,0.019166087731719017,1.0147993564605713,2.163902997970581,1.347652554512024,0.846192479133606
278,train,2,0.20000000298023224,0.0,18,pseudo_cycle_01_config_6,-1,0.16532155871391296,4133.03857421875,5.912779331207275,0.22113022208213806,0.22064808011054993,0.27036139369010925,-0.04971330985426903,0.17337803542613983,0.09698335826396942,0.03776028752326965,0.02744392864406109,0.03177914023399353,0.0,0.0,0.0,2.20646595954895,1.8500462770462036,0.6627912521362305,0.0,0.0,0.31965190172195435,0.07480841875076294,0.024150993674993515,0.32808443903923035,1.5174587965011597,1.6639915704727173,1.2770963907241821
279,train,2,0.20000000298023224,0.0,22,pseudo_cycle_01_config_10,-1,0.1126120537519455,2815.30126953125,20.290353775024414,0.10699513554573059,0.11055941134691238,0.12658920884132385,-0.01602979749441147,0.07165809720754623,0.054931119084358215,0.02072749473154545,0.014816329814493656,0.019387295469641685,0.0,0.0,0.0,1.9654303789138794,2.53275465965271,0.6096629500389099,0.0,0.0,0.26949241757392883,0.1127745658159256,0.034652866423130035,0.278361052274704,1.5455541610717773,1.812125563621521,1.4456216096878052
280,train,2,0.20000000298023224,0.0,15,pseudo_cycle_01_config_3,-1,0.2536368668079376,6340.92138671875,3.95253586769104,0.7308979034423828,0.6937537789344788,0.742233157157898,-0.048479385673999786,0.4990639388561249,0.24316918849945068,0.1800416111946106,4.891845506449499e-08,0.0631275400519371,0.0,0.0,0.0,2.6983208656311035,1.2950866222381592,0.6371850371360779,0.0,0.0,0.6303905844688416,0.04966221749782562,0.03586403280496597,0.6591103672981262,2.1857473850250244,0.6990295052528381,0.7663830518722534
281,train,2,0.20000000298023224,0.0,15,pseudo_cycle_01_config_3,-1,0.30437615513801575,7609.40380859375,5.692097187042236,1.0147240161895752,0.9918965101242065,1.1349029541015625,-0.14300645887851715,0.7125047445297241,0.4223982095718384,0.29851704835891724,7.641241239753072e-08,0.12388107925653458,0.0,0.0,0.0,2.675029993057251,1.3254234790802002,0.5322016477584839,0.0,0.0,0.7112460136413574,0.049033258110284805,0.024655049666762352,0.7449213266372681,2.1756625175476074,0.784822404384613,0.9028744101524353
282,train,2,0.20000000298023224,0.0,16,pseudo_cycle_01_config_4,-1,0.13051509857177734,3262.87744140625,3.6851422786712646,0.17643070220947266,0.17480269074440002,0.20820015668869019,-0.03339746594429016,0.09969894587993622,0.10850121080875397,0.011810893192887306,0.07149995863437653,0.025190362706780434,0.0,0.0,0.0,2.0357816219329834,1.529413104057312,0.7575555443763733,0.0,0.0,0.5298153162002563,0.17700763046741486,0.15779012441635132,0.6029688715934753,1.606860637664795,2.0027596950531006,0.5345298051834106
283,train,2,0.20000000298023224,0.0,20,pseudo_cycle_01_config_8,-1,0.08480627089738846,2120.156982421875,11.507362365722656,0.07562410086393356,0.0781509280204773,0.08976514637470245,-0.011614219285547733,0.035395972430706024,0.05436917766928673,0.022688915953040123,0.02048557810485363,0.011194683611392975,0.0,0.0,0.0,1.7118276357650757,1.7630947828292847,0.7498867511749268,0.0,0.0,0.3279972970485687,0.1680612862110138,0.1130029633641243,0.3500652015209198,1.7037736177444458,2.0514016151428223,0.8406398892402649
284,train,2,0.20000000298023224,0.0,15,pseudo_cycle_01_config_3,-1,0.22736214101314545,5684.05322265625,3.1760501861572266,0.601959764957428,0.5675692558288574,0.5798868536949158,-0.012317616492509842,0.39832285046577454,0.18156398832798004,0.1368921399116516,3.8329606155684814e-08,0.04467180743813515,0.0,0.0,0.0,2.680161952972412,1.3023470640182495,0.6979556083679199,0.0,0.0,0.5907589793205261,0.05393276363611221,0.04828627407550812,0.6195365786552429,2.1880502700805664,0.658334493637085,0.7140231132507324
285,train,2,0.20000000298023224,0.0,21,pseudo_cycle_01_config_9,-1,0.26105210185050964,6526.30224609375,109.0370864868164,0.6630865335464478,0.6729947328567505,0.7346420884132385,-0.06164735555648804,0.5010994672775269,0.23354260623455048,0.15125758945941925,9.76652998474492e-08,0.08228491246700287,0.0,0.0,0.0,2.5575942993164062,1.850629448890686,0.625756025314331,0.0,0.0,0.19409798085689545,0.10614444315433502,0.028783034533262253,0.1983073502779007,2.0159664154052734,1.5601366758346558,1.096696138381958
286,train,2,0.20000000298023224,0.0,14,pseudo_cycle_01_config_2,-1,0.11698548495769501,2924.636962890625,0.8408432602882385,0.10090885311365128,0.0941687524318695,0.11424057185649872,-0.02007181942462921,0.09135807305574417,0.022882498800754547,0.0022277093958109617,0.014235896058380604,0.006418892182409763,0.0,0.0,0.0,2.321908473968506,1.7796658277511597,0.9044010639190674,0.0,0.0,0.30478355288505554,0.13562534749507904,0.15117891132831573,0.32166239619255066,1.2154091596603394,1.339460015296936,0.5462180972099304
287,train,2,0.20000000298023224,0.0,12,pseudo_cycle_01_config_0,-1,0.11823298782110214,2955.824462890625,0.8588719367980957,0.20360594987869263,0.2169875204563141,0.25124117732048035,-0.03425365686416626,0.07356995344161987,0.17767122387886047,0.023002400994300842,0.11091391742229462,0.043754901736974716,0.0,0.0,0.0,1.8305655717849731,1.5390245914459229,0.6690482497215271,0.0,0.0,0.9213987588882446,0.23703832924365997,0.29567283391952515,1.3539271354675293,1.6876862049102783,1.8970955610275269,0.5007111430168152
288,train,2,0.20000000298023224,0.0,18,pseudo_cycle_01_config_6,-1,0.11575712263584137,2893.92822265625,2.8988664150238037,0.10933315753936768,0.1079704761505127,0.1307162046432495,-0.022745728492736816,0.08358423411846161,0.0471319779753685,0.018501561135053635,0.014540664851665497,0.014089750126004219,0.0,0.0,0.0,2.169656753540039,1.9350000619888306,0.7622982263565063,0.0,0.0,0.31025755405426025,0.08003091812133789,0.03304367512464523,0.3189481794834137,1.4914908409118652,1.537699818611145,1.1358356475830078
289,train,2,0.20000000298023224,0.0,16,pseudo_cycle_01_config_4,-1,0.05161028727889061,1290.2572021484375,0.5762425065040588,0.06750208139419556,0.06197536736726761,0.0685461089015007,-0.006570740137249231,0.01033711712807417,0.05820899456739426,0.0066215903498232365,0.03808607533574104,0.01350132655352354,0.0,0.0,0.0,1.3498610258102417,1.6541924476623535,0.7203472852706909,0.0,0.0,1.05770742893219,0.377545565366745,0.4835084080696106,2.052222490310669,1.565006136894226,1.949036955833435,0.4977051615715027
290,train,2,0.20000000298023224,0.0,16,pseudo_cycle_01_config_4,-1,0.08929245918989182,2232.311279296875,1.7248934507369995,0.09471804648637772,0.09473543614149094,0.1098133996129036,-0.01507796160876751,0.039548881351947784,0.07026451826095581,0.00805533118546009,0.04548915848135948,0.016720028594136238,0.0,0.0,0.0,1.7253085374832153,1.5210578441619873,0.7013465762138367,0.0,0.0,0.690081775188446,0.24608495831489563,0.2666364014148712,0.8948941826820374,1.586255431175232,1.992080807685852,0.5135334730148315
291,train,2,0.20000000298023224,0.0,20,pseudo_cycle_01_config_8,-1,0.061300408095121384,1532.5101318359375,6.0123820304870605,0.050893351435661316,0.05082063376903534,0.05616845190525055,-0.005347817204892635,0.0159995649009943,0.0401688888669014,0.016493016853928566,0.01572447456419468,0.007951395586133003,0.0,0.0,0.0,1.4809608459472656,1.768916368484497,0.7656368613243103,0.0,0.0,0.4380667507648468,0.23414923250675201,0.1750912070274353,0.49771982431411743,1.661728024482727,2.0692508220672607,0.8011302947998047
292,train,2,0.20000000298023224,0.0,21,pseudo_cycle_01_config_9,-1,0.22025185823440552,5506.29638671875,77.61738586425781,0.5687665939331055,0.5816904306411743,0.6037365198135376,-0.022046072408556938,0.35791048407554626,0.24582602083683014,0.1581590175628662,9.778185727782329e-08,0.08766689896583557,0.0,0.0,0.0,2.5662407875061035,1.880008578300476,0.6034305095672607,0.0,0.0,0.2744283080101013,0.09840139746665955,0.0270133875310421,0.2823973000049591,2.046978235244751,1.5729377269744873,1.134631633758545
293,train,2,0.20000000298023224,0.0,12,pseudo_cycle_01_config_0,-1,0.09791842848062515,2447.96044921875,0.589087724685669,0.1748984307050705,0.18351370096206665,0.2089020311832428,-0.0253883246332407,0.04574451595544815,0.16315752267837524,0.020793473348021507,0.1031559556722641,0.03920808434486389,0.0,0.0,0.0,1.6594809293746948,1.578381061553955,0.6951370239257812,0.0,0.0,1.0286734104156494,0.28290292620658875,0.3824427127838135,1.7443252801895142,1.68343186378479,1.87384831905365,0.4950922727584839
294,train,2,0.20000000298023224,0.0,21,pseudo_cycle_01_config_9,-1,0.17279697954654694,4319.9248046875,47.77405548095703,0.4626156985759735,0.48201581835746765,0.4604533016681671,0.021562524139881134,0.21744424104690552,0.2430090606212616,0.15391261875629425,8.972175891130973e-08,0.08909634500741959,0.0,0.0,0.0,2.533015012741089,1.9222378730773926,0.5708980560302734,0.0,0.0,0.4119448959827423,0.09188789874315262,0.026685139164328575,0.4294036328792572,2.081650733947754,1.5941681861877441,1.2050179243087769
295,train,2,0.20000000298023224,0.0,20,pseudo_cycle_01_config_8,-1,0.14355610311031342,3588.902587890625,32.97335433959961,0.18835940957069397,0.1961655616760254,0.2347976267337799,-0.03863206133246422,0.12172046303749084,0.11307717114686966,0.05025826394557953,0.03765426576137543,0.025164641439914703,0.0,0.0,0.0,2.0543878078460693,1.9368387460708618,0.6712257266044617,0.0,0.0,0.22772662341594696,0.111386738717556,0.05235680192708969,0.2341213971376419,1.7927032709121704,2.000997304916382,0.8976181745529175
296,train,2,0.20000000298023224,0.0,13,pseudo_cycle_01_config_1,-1,0.23227082192897797,5806.7705078125,3.314671039581299,0.8989056348800659,0.8509860634803772,0.908271074295044,-0.05728502571582794,0.4616740942001343,0.44659698009490967,0.35239747166633606,9.570108261414134e-08,0.09419941157102585,0.0,0.0,0.0,2.9765164852142334,1.0329209566116333,0.5016393661499023,0.0,0.0,0.8882258534431458,0.054370295256376266,0.03961632028222084,0.9588826298713684,2.1983137130737305,0.8925722241401672,0.5876314640045166
297,train,2,0.20000000298023224,0.0,22,pseudo_cycle_01_config_10,-1,0.05298393964767456,1324.5985107421875,4.49167537689209,0.052213482558727264,0.05299888178706169,0.04929943382740021,0.0036994495894759893,0.009737459011375904,0.03956197574734688,0.014684240333735943,0.009013758972287178,0.015863977372646332,0.0,0.0,0.0,1.2064776420593262,2.9849109649658203,0.5306026935577393,0.0,0.0,0.6992342472076416,0.22648024559020996,0.09085775166749954,0.8410289883613586,1.3890867233276367,1.6069942712783813,1.5006861686706543
298,train,2,0.20000000298023224,0.0,12,pseudo_cycle_01_config_0,-1,0.14160113036632538,3540.028076171875,1.2319256067276,0.2625049948692322,0.2710523307323456,0.31872138381004333,-0.047669049352407455,0.1154666468501091,0.20325474441051483,0.026858586817979813,0.12456294894218445,0.05183320865035057,0.0,0.0,0.0,2.0030198097229004,1.521131992340088,0.6378747820854187,0.0,0.0,0.8411029577255249,0.19805306196212769,0.22298547625541687,1.1139020919799805,1.6895555257797241,1.9159529209136963,0.5085567831993103
299,train,2,0.20000000298023224,0.0,14,pseudo_cycle_01_config_2,-1,0.15354134142398834,3838.533203125,1.4484442472457886,0.18860667943954468,0.17895998060703278,0.21895569562911987,-0.039995718747377396,0.17839562892913818,0.04056005924940109,0.003832806833088398,0.024827269837260246,0.011899980716407299,0.0,0.0,0.0,2.632059335708618,1.7678965330123901,0.8615911602973938,0.0,0.0,0.3029964566230774,0.10331395268440247,0.08426369726657867,0.3148253560066223,1.248551368713379,1.4640612602233887,0.6046134233474731
300,train,2,0.20000000298023224,0.0,19,pseudo_cycle_01_config_7,-1,0.19585038721561432,4896.259765625,8.298155784606934,0.44465771317481995,0.4463310241699219,0.440271258354187,0.0060597676783800125,0.21027648448944092,0.2299947738647461,0.14389201998710632,3.8843449345904446e-08,0.08610270172357559,0.0,0.0,0.0,1.906794786453247,1.3763619661331177,0.4610060155391693,0.0,0.0,0.800389289855957,0.05897032096982002,0.029332293197512627,0.8532071113586426,2.1296560764312744,0.9352877140045166,1.2743523120880127
301,train,2,0.20000000298023224,0.0,17,pseudo_cycle_01_config_5,-1,0.24245190620422363,6061.29736328125,12.716979026794434,0.9639197587966919,0.9675912261009216,1.0771764516830444,-0.10958521068096161,0.4731038510799408,0.6040725708007812,0.4235464036464691,1.450763278398881e-07,0.18052604794502258,0.0,0.0,0.0,2.7994155883789062,1.1858172416687012,0.39622604846954346,0.0,0.0,0.8875362277030945,0.06139031797647476,0.019471067935228348,0.949507474899292,2.133105754852295,1.3830127716064453,0.9091828465461731
302,train,2,0.20000000298023224,0.0,21,pseudo_cycle_01_config_9,-1,0.20109786093235016,5027.44580078125,64.70454406738281,0.5273737907409668,0.5426064729690552,0.5459902882575989,-0.0033838078379631042,0.29771125316619873,0.24827904999256134,0.1589224934577942,9.597825112450664e-08,0.08935646712779999,0.0,0.0,0.0,2.5606045722961426,1.8957796096801758,0.5906413793563843,0.0,0.0,0.3242577612400055,0.09524261206388474,0.026530837640166283,0.33517640829086304,2.0615217685699463,1.580930471420288,1.1591202020645142
303,train,2,0.20000000298023224,0.0,18,pseudo_cycle_01_config_6,-1,0.07138244807720184,1784.56103515625,1.1023401021957397,0.032031551003456116,0.0315668024122715,0.03522808849811554,-0.003661285387352109,0.01564708724617958,0.01958100125193596,0.00961799081414938,0.0052113221026957035,0.004751686938107014,0.0,0.0,0.0,1.0681021213531494,2.8767926692962646,0.9327468276023865,0.0,0.0,0.2480883151292801,0.20981064438819885,0.14538830518722534,0.2632216811180115,1.6618051528930664,0.9653390645980835,0.8210006356239319
304,train,2,0.20000000298023224,0.0,23,pseudo_cycle_01_config_11,-1,0.24829982221126556,6207.49560546875,98.64444732666016,0.3548564910888672,0.36804601550102234,0.41333526372909546,-0.04528924450278282,0.3094645142555237,0.10387074947357178,0.05967823788523674,3.6501802469501854e-08,0.04419247433543205,0.0,0.0,0.0,1.7459032535552979,2.0031495094299316,0.6321514844894409,0.0,0.0,0.16632580757141113,0.11054907739162445,0.037662286311388016,0.1695573627948761,1.8999489545822144,1.3787333965301514,1.406935691833496
305,train,2,0.20000000298023224,0.0,19,pseudo_cycle_01_config_7,-1,0.2077733874320984,5194.3349609375,9.339262008666992,0.48388785123825073,0.48524707555770874,0.4955440163612366,-0.01029694639146328,0.23652160167694092,0.25902241468429565,0.16129618883132935,4.410901155438296e-08,0.09772618860006332,0.0,0.0,0.0,1.9056936502456665,1.3872878551483154,0.44674253463745117,0.0,0.0,0.7950094938278198,0.05929458141326904,0.026536382734775543,0.8458199501037598,2.1227972507476807,0.9745759963989258,1.2861610651016235
306,train,2,0.20000000298023224,0.0,12,pseudo_cycle_01_config_0,-1,0.16279713809490204,4069.928466796875,1.628338098526001,0.3366250693798065,0.33587825298309326,0.3993069529533386,-0.06342869997024536,0.16275730729103088,0.23654966056346893,0.03187435492873192,0.142120823264122,0.06255447864532471,0.0,0.0,0.0,2.1360387802124023,1.5235041379928589,0.6096552610397339,0.0,0.0,0.7993652820587158,0.17166046798229218,0.1747075915336609,0.9982913136482239,1.6899880170822144,1.9277809858322144,0.5173002481460571
307,train,2,0.20000000298023224,0.0,18,pseudo_cycle_01_config_6,-1,0.1187792643904686,2969.4814453125,3.0522067546844482,0.11584042012691498,0.11421756446361542,0.13845348358154297,-0.02423591911792755,0.08891788870096207,0.049535587430000305,0.01936422474682331,0.015227298252284527,0.014944065362215042,0.0,0.0,0.0,2.1921486854553223,1.9171336889266968,0.7538304328918457,0.0,0.0,0.31199973821640015,0.07855390012264252,0.03189447894692421,0.32061514258384705,1.488645076751709,1.5528883934020996,1.1488406658172607
