cycle_id,source_id,candidate_index,base_config_id,filter_pass,selected,rejection_reason,confidence_score,residual_ratio,max_abs_feature_z,U,Re,Ca,E,h,t,theta1_init_deg,theta2_init_deg,theta3_init_deg,D,H,L,H_soft,b,N_per_column,Cd_soft,Cd_cyl,force,F_physics,F_residual,Cd_stem_eff,Cd_leaf_eff,shielding_coef,reconfiguration_factor,reconfiguration_gain
1,2,0,1,1,0,valid_not_selected,0.9357405304908752,0.013283409178256989,1.129174828529358,0.4315558969974518,10788.8974609375,11.442612648010254,12500000.0,0.019999999552965164,0.0020000000949949026,60.0,180.0,300.0,0.02500000037252903,0.23000000417232513,0.07999999821186066,0.20000000298023224,0.027499999850988388,5.0,2.0,1.2000000476837158,2.990828275680542,2.951620578765869,0.0392075851559639,1.3801249265670776,1.9777055978775024,0.6389763355255127,0.9096968770027161,0.7484856843948364
1,2,1,4,1,0,valid_not_selected,0.8013874888420105,0.04428214579820633,1.8397393226623535,0.3491722345352173,8729.3056640625,26.37619400024414,3550000.0,0.019999999552965164,0.0020000000949949026,20.0,120.0,240.0,0.02500000037252903,0.23000000417232513,0.07999999821186066,0.20000000298023224,0.027499999850988388,5.0,2.0,1.2000000476837158,1.2744673490524292,1.333518385887146,-0.05905105546116829,1.1627249717712402,2.1986751556396484,0.46787819266319275,1.122551441192627,0.7351369857788086
1,2,2,10,1,0,valid_not_selected,0.6052587628364563,0.10041984170675278,1.4584965705871582,0.32254013419151306,8063.5029296875,166.4513702392578,480000.0,0.009999999776482582,0.0020000000949949026,60.0,120.0,240.0,0.02500000037252903,0.23000000417232513,0.07999999821186066,0.20000000298023224,0.027499999850988388,5.0,2.0,1.2000000476837158,0.46950867772102356,0.5219197869300842,-0.05241110175848007,1.0467759370803833,1.87966787815094,0.4288542866706848,0.6694654226303101,0.44190433621406555
1,2,3,2,1,0,valid_not_selected,0.7782074213027954,0.050152432173490524,1.8397393226623535,0.40015697479248047,10003.923828125,9.838113784790039,12500000.0,0.009999999776482582,0.0020000000949949026,20.0,120.0,240.0,0.02500000037252903,0.23000000417232513,0.07999999821186066,0.20000000298023224,0.027499999850988388,5.0,2.0,1.2000000476837158,1.389146089553833,1.462493658065796,-0.07334761321544647,1.436100959777832,2.2263293266296387,0.5507646799087524,1.2446045875549316,0.8739603757858276
1,2,4,6,1,0,valid_not_selected,0.560368001461029,0.11583230644464493,1.1164007186889648,0.4678591191768646,11696.478515625,47.354679107666016,3550000.0,0.009999999776482582,0.0020000000949949026,60.0,120.0,240.0,0.02500000037252903,0.23000000417232513,0.07999999821186066,0.20000000298023224,0.027499999850988388,5.0,2.0,1.2000000476837158,1.0915985107421875,1.2346056699752808,-0.14300721883773804,1.0680551528930664,1.9107649326324463,0.44849348068237305,0.7350029945373535,0.5183266401290894
1,2,5,4,1,0,valid_not_selected,0.7944002747535706,0.04603356495499611,1.8397393226623535,0.36367884278297424,9091.970703125,28.613357543945312,3550000.0,0.019999999552965164,0.0020000000949949026,20.0,120.0,240.0,0.02500000037252903,0.23000000417232513,0.07999999821186066,0.20000000298023224,0.027499999850988388,5.0,2.0,1.2000000476837158,1.3641602993011475,1.4299877882003784,-0.06582743674516678,1.1587188243865967,2.214949369430542,0.46390393376350403,1.1059149503707886,0.7237981557846069
1,2,6,0,1,0,valid_not_selected,0.8635432720184326,0.029342252761125565,1.8397393226623535,0.12462053447961807,3115.513427734375,0.9541800618171692,12500000.0,0.019999999552965164,0.0020000000949949026,20.0,120.0,240.0,0.02500000037252903,0.23000000417232513,0.07999999821186066,0.20000000298023224,0.027499999850988388,5.0,2.0,1.2000000476837158,0.21209046244621277,0.20604464411735535,0.006045814137905836,1.1625620126724243,1.7233233451843262,0.5617606043815613,1.455674409866333,1.015918254852295
1,2,7,0,1,1,accepted,0.9751577377319336,0.005031205713748932,1.8397393226623535,0.353660523891449,8841.513671875,7.684653282165527,12500000.0,0.019999999552965164,0.0020000000949949026,20.0,120.0,240.0,0.02500000037252903,0.23000000417232513,0.07999999821186066,0.20000000298023224,0.027499999850988388,5.0,2.0,1.2000000476837158,1.7003097534179688,1.6917979717254639,0.008511783555150032,1.272639274597168,2.314617872238159,0.4803491234779358,1.2506004571914673,0.8543633222579956
1,2,8,6,1,0,valid_not_selected,0.6472632884979248,0.08700042963027954,1.005865216255188,0.33190596103668213,8297.6494140625,23.832130432128906,3550000.0,0.009999999776482582,0.0020000000949949026,60.0,120.0,240.0,0.02500000037252903,0.23000000417232513,0.07999999821186066,0.20000000298023224,0.027499999850988388,5.0,2.0,1.2000000476837158,0.7231704592704773,0.7920819520950317,-0.06891147047281265,1.2405054569244385,2.0943868160247803,0.48785674571990967,0.8911475539207458,0.6063329577445984
1,2,9,1,1,0,valid_not_selected,0.9201236963272095,0.016649432480335236,1.214234471321106,0.49887874722480774,12471.9677734375,15.291182518005371,12500000.0,0.019999999552965164,0.0020000000949949026,60.0,180.0,300.0,0.02500000037252903,0.23000000417232513,0.07999999821186066,0.20000000298023224,0.027499999850988388,5.0,2.0,1.2000000476837158,3.944394826889038,3.879798412322998,0.06459644436836243,1.454708456993103,2.0882768630981445,0.6128003597259521,0.8671787977218628,0.7121861577033997
1,2,10,10,1,0,valid_not_selected,0.6539772748947144,0.08493653684854507,1.3678209781646729,0.2761026620864868,6902.56591796875,121.97225189208984,480000.0,0.009999999776482582,0.0020000000949949026,60.0,120.0,240.0,0.02500000037252903,0.23000000417232513,0.07999999821186066,0.20000000298023224,0.027499999850988388,5.0,2.0,1.2000000476837158,0.38632732629776,0.42218637466430664,-0.03585904836654663,1.0994209051132202,1.9949601888656616,0.4352527856826782,0.737593412399292,0.48368901014328003
1,2,11,11,1,0,valid_not_selected,0.6924633979797363,0.07349997013807297,1.3678209781646729,0.1419609636068344,3549.024169921875,32.244651794433594,480000.0,0.009999999776482582,0.0020000000949949026,60.0,180.0,300.0,0.02500000037252903,0.23000000417232513,0.07999999821186066,0.20000000298023224,0.027499999850988388,5.0,2.0,1.2000000476837158,0.17790138721466064,0.16572090983390808,0.012180482037365437,1.0089004039764404,2.0963029861450195,0.5370466709136963,1.2925748825073242,0.9626730680465698
1,2,12,6,1,1,accepted,0.8214023113250732,0.03934846073389053,1.005865216255188,0.18294379115104675,4573.59423828125,7.24049186706543,3550000.0,0.009999999776482582,0.0020000000949949026,60.0,120.0,240.0,0.02500000037252903,0.23000000417232513,0.07999999821186066,0.20000000298023224,0.027499999850988388,5.0,2.0,1.2000000476837158,0.2800019681453705,0.29147088527679443,-0.011468930169939995,1.436448097229004,2.118553638458252,0.5441826581954956,1.0327110290527344,0.6663249135017395
1,2,13,10,1,1,accepted,0.7763938903808594,0.05061905458569527,1.3678209781646729,0.2106243520975113,5265.60888671875,70.98017120361328,480000.0,0.009999999776482582,0.0020000000949949026,60.0,120.0,240.0,0.02500000037252903,0.23000000417232513,0.07999999821186066,0.20000000298023224,0.027499999850988388,5.0,2.0,1.2000000476837158,0.2737499177455902,0.28834569454193115,-0.014595786109566689,1.1871649026870728,2.168187379837036,0.4468908905982971,0.859716534614563,0.5593024492263794
1,2,14,8,1,0,valid_not_selected,0.6846761107444763,0.07576188445091248,1.3678209781646729,0.11797675490379333,2949.418701171875,22.269615173339844,480000.0,0.019999999552965164,0.0020000000949949026,60.0,120.0,240.0,0.02500000037252903,0.23000000417232513,0.07999999821186066,0.20000000298023224,0.027499999850988388,5.0,2.0,1.2000000476837158,0.12979382276535034,0.1206529289484024,0.009140892885625362,1.044074535369873,1.2079452276229858,0.5518012642860413,0.8878207802772522,0.638992428779602
1,2,15,0,1,0,valid_not_selected,0.9584141373634338,0.008495064452290535,1.8397393226623535,0.49777716398239136,12444.4287109375,15.22372817993164,12500000.0,0.019999999552965164,0.0020000000949949026,20.0,120.0,240.0,0.02500000037252903,0.23000000417232513,0.07999999821186066,0.20000000298023224,0.027499999850988388,5.0,2.0,1.2000000476837158,3.180173635482788,3.207420825958252,-0.027247246354818344,1.259413719177246,2.5210177898406982,0.4529716968536377,1.1389484405517578,0.7779999375343323
1,2,16,3,1,1,accepted,0.818589448928833,0.040034521371126175,1.129174828529358,0.411219984292984,10280.4990234375,10.389616012573242,12500000.0,0.009999999776482582,0.0020000000949949026,60.0,180.0,300.0,0.02500000037252903,0.23000000417232513,0.07999999821186066,0.20000000298023224,0.027499999850988388,5.0,2.0,1.2000000476837158,1.8174784183502197,1.7475173473358154,0.06996101886034012,1.4563177824020386,1.9925274848937988,0.6222296953201294,1.0391135215759277,0.7782089710235596
1,2,17,7,1,0,valid_not_selected,0.8450108766555786,0.033681150525808334,1.0,0.3134574294090271,7836.435546875,21.256406784057617,3550000.0,0.009999999776482582,0.0020000000949949026,60.0,180.0,300.0,0.02500000037252903,0.23000000417232513,0.07999999821186066,0.20000000298023224,0.027499999850988388,5.0,2.0,1.2000000476837158,0.8392896056175232,0.811942458152771,0.027347156777977943,1.1135364770889282,2.0762577056884766,0.5337041616439819,1.1374268531799316,0.8699288368225098
1,2,18,1,1,0,valid_not_selected,0.9521907567977905,0.009797983802855015,1.129174828529358,0.35178640484809875,8794.66015625,7.603423595428467,12500000.0,0.019999999552965164,0.0020000000949949026,60.0,180.0,300.0,0.02500000037252903,0.23000000417232513,0.07999999821186066,0.20000000298023224,0.027499999850988388,5.0,2.0,1.2000000476837158,1.9971346855163574,1.9777566194534302,0.019378026947379112,1.3049129247665405,1.8565828800201416,0.6677372455596924,0.9572762250900269,0.790615975856781
1,2,19,2,1,0,valid_not_selected,0.7909443378448486,0.04690553992986679,1.8397393226623535,0.14504943788051605,3626.23583984375,1.2926565408706665,12500000.0,0.009999999776482582,0.0020000000949949026,20.0,120.0,240.0,0.02500000037252903,0.23000000417232513,0.07999999821186066,0.20000000298023224,0.027499999850988388,5.0,2.0,1.2000000476837158,0.15687806904315948,0.16459865868091583,-0.007720588706433773,1.4482107162475586,1.773856282234192,0.6310768723487854,1.2893884181976318,0.8331970572471619
1,2,20,2,1,0,valid_not_selected,0.7837655544281006,0.0487290658056736,1.8397393226623535,0.3815818130970001,9539.5458984375,8.94594955444336,12500000.0,0.009999999776482582,0.0020000000949949026,20.0,120.0,240.0,0.02500000037252903,0.23000000417232513,0.07999999821186066,0.20000000298023224,0.027499999850988388,5.0,2.0,1.2000000476837158,1.2647985219955444,1.3295880556106567,-0.06478958576917648,1.4410438537597656,2.211763858795166,0.5565311908721924,1.2492148876190186,0.8725343346595764
1,2,21,2,1,1,accepted,0.8100419640541077,0.042133841663599014,1.8397393226623535,0.19877742230892181,4969.435546875,2.427644968032837,12500000.0,0.009999999776482582,0.0020000000949949026,20.0,120.0,240.0,0.02500000037252903,0.23000000417232513,0.07999999821186066,0.20000000298023224,0.027499999850988388,5.0,2.0,1.2000000476837158,0.32038190960884094,0.3344746232032776,-0.014092700555920601,1.4728655815124512,1.9421031475067139,0.612028181552887,1.280258059501648,0.8437474370002747
1,2,22,10,1,0,valid_not_selected,0.5262348651885986,0.12840154767036438,1.5849529504776,0.07948919385671616,1987.2298583984375,10.109646797180176,480000.0,0.009999999776482582,0.0020000000949949026,60.0,120.0,240.0,0.02500000037252903,0.23000000417232513,0.07999999821186066,0.20000000298023224,0.027499999850988388,5.0,2.0,1.2000000476837158,0.07249203324317932,0.06424311548471451,0.008248915895819664,1.2649503946304321,2.0878071784973145,0.5675297975540161,1.1844927072525024,0.998817503452301
1,2,23,11,1,0,valid_not_selected,0.7444325685501099,0.059026602655649185,1.539467215538025,0.34578362107276917,8644.5908203125,191.3060302734375,480000.0,0.009999999776482582,0.0020000000949949026,60.0,180.0,300.0,0.02500000037252903,0.23000000417232513,0.07999999821186066,0.20000000298023224,0.027499999850988388,5.0,2.0,1.2000000476837158,0.57256019115448,0.6084765195846558,-0.03591630235314369,1.108649492263794,1.8203799724578857,0.479316771030426,0.829829752445221,0.604046642780304
1,2,24,9,1,1,accepted,0.9103685021400452,0.018781166523694992,1.7847261428833008,0.4269160032272339,10672.8994140625,291.611572265625,480000.0,0.019999999552965164,0.0020000000949949026,60.0,180.0,300.0,0.02500000037252903,0.23000000417232513,0.07999999821186066,0.20000000298023224,0.027499999850988388,5.0,2.0,1.2000000476837158,1.2639820575714111,1.2406805753707886,0.02330142818391323,1.4400306940078735,1.703953504562378,0.48868903517723083,0.6511191725730896,0.4556766748428345
1,2,25,2,1,0,valid_not_selected,0.7723767757415771,0.05165655538439751,1.8397393226623535,0.418495237827301,10462.380859375,10.760491371154785,12500000.0,0.009999999776482582,0.0020000000949949026,20.0,120.0,240.0,0.02500000037252903,0.23000000417232513,0.07999999821186066,0.20000000298023224,0.027499999850988388,5.0,2.0,1.2000000476837158,1.5153534412384033,1.5978951454162598,-0.08254175633192062,1.4306679964065552,2.238877058029175,0.5450310707092285,1.2395319938659668,0.8748564124107361
1,2,26,5,1,0,valid_not_selected,0.7508262991905212,0.05731619894504547,1.017702579498291,0.31332120299339294,7833.02978515625,21.23793601989746,3550000.0,0.019999999552965164,0.0020000000949949026,60.0,180.0,300.0,0.02500000037252903,0.23000000417232513,0.07999999821186066,0.20000000298023224,0.027499999850988388,5.0,2.0,1.2000000476837158,1.408563256263733,1.3322062492370605,0.07635699957609177,1.1885837316513062,1.956679344177246,0.5910472273826599,0.9292973875999451,0.7536832690238953
1,2,27,7,1,0,valid_not_selected,0.9371650218963623,0.012979182414710522,1.0,0.36270737648010254,9067.68359375,28.460695266723633,3550000.0,0.009999999776482582,0.0020000000949949026,60.0,180.0,300.0,0.02500000037252903,0.23000000417232513,0.07999999821186066,0.20000000298023224,0.027499999850988388,5.0,2.0,1.2000000476837158,0.9720686078071594,0.9596136212348938,0.012455000542104244,1.146415114402771,2.058202028274536,0.5165117979049683,1.0489927530288696,0.8107642531394958
1,2,28,7,1,0,valid_not_selected,0.5238407254219055,0.12931351363658905,1.580635905265808,0.07971470057964325,1992.867431640625,1.374705195426941,3550000.0,0.009999999776482582,0.0020000000949949026,60.0,180.0,300.0,0.02500000037252903,0.23000000417232513,0.07999999821186066,0.20000000298023224,0.027499999850988388,5.0,2.0,1.2000000476837158,0.11888314038515091,0.10527027398347855,0.013612868264317513,1.1783772706985474,2.5088348388671875,0.7781897783279419,1.3338847160339355,1.2686067819595337
1,2,29,1,1,1,accepted,0.9705222249031067,0.005984194576740265,1.129174828529358,0.2821342945098877,7053.357421875,4.890607833862305,12500000.0,0.019999999552965164,0.0020000000949949026,60.0,180.0,300.0,0.02500000037252903,0.23000000417232513,0.07999999821186066,0.20000000298023224,0.027499999850988388,5.0,2.0,1.2000000476837158,1.293421745300293,1.2857277393341064,0.007694045081734657,1.2557765245437622,1.766166090965271,0.691311240196228,0.9950708150863647,0.830761194229126
1,2,30,8,1,1,accepted,0.9102535247802734,0.018806420266628265,1.3678209781646729,0.22204183042049408,5551.04541015625,78.88410186767578,480000.0,0.019999999552965164,0.0020000000949949026,60.0,120.0,240.0,0.02500000037252903,0.23000000417232513,0.07999999821186066,0.20000000298023224,0.027499999850988388,5.0,2.0,1.2000000476837158,0.43890368938446045,0.4308018386363983,0.008101840503513813,1.1894577741622925,2.103625774383545,0.4463561177253723,0.73414146900177,0.4631756842136383
1,2,31,6,1,0,valid_not_selected,0.7541006803512573,0.05644587427377701,1.005865216255188,0.24390433728694916,6097.6083984375,12.86979866027832,3550000.0,0.009999999776482582,0.0020000000949949026,60.0,120.0,240.0,0.02500000037252903,0.23000000417232513,0.07999999821186066,0.20000000298023224,0.027499999850988388,5.0,2.0,1.2000000476837158,0.4590243101119995,0.4864843487739563,-0.02746003493666649,1.3528666496276855,2.1529688835144043,0.5195568203926086,0.9839810132980347,0.6484804749488831
1,2,32,3,1,0,valid_not_selected,0.716754138469696,0.06660448014736176,1.4763776063919067,0.13214047253131866,3303.51171875,1.0728099346160889,12500000.0,0.009999999776482582,0.0020000000949949026,60.0,180.0,300.0,0.02500000037252903,0.23000000417232513,0.07999999821186066,0.20000000298023224,0.027499999850988388,5.0,2.0,1.2000000476837158,0.20667314529418945,0.19376736879348755,0.01290577556937933,1.2461096048355103,1.8429068326950073,0.7442663908004761,1.2026925086975098,0.931042492389679
1,2,33,7,1,0,valid_not_selected,0.5887911319732666,0.10593675822019577,1.0,0.14112286269664764,3528.071533203125,4.308513641357422,3550000.0,0.009999999776482582,0.0020000000949949026,60.0,180.0,300.0,0.02500000037252903,0.23000000417232513,0.07999999821186066,0.20000000298023224,0.027499999850988388,5.0,2.0,1.2000000476837158,0.25742441415786743,0.23276594281196594,0.02465846948325634,1.1840389966964722,2.029904365539551,0.633009672164917,1.3379244804382324,1.040831446647644
1,2,34,8,1,0,valid_not_selected,0.8401642441749573,0.03483157232403755,1.5654997825622559,0.3536067605018616,8840.1689453125,200.06031799316406,480000.0,0.019999999552965164,0.0020000000949949026,60.0,120.0,240.0,0.02500000037252903,0.23000000417232513,0.07999999821186066,0.20000000298023224,0.027499999850988388,5.0,2.0,1.2000000476837158,0.7839188575744629,0.8122093677520752,-0.028290530666708946,1.0750783681869507,1.9439828395843506,0.41944020986557007,0.5494682192802429,0.34985628724098206
1,2,35,11,1,0,valid_not_selected,0.7377138137817383,0.06083986163139343,1.8825135231018066,0.46434369683265686,11608.591796875,344.9840087890625,480000.0,0.009999999776482582,0.0020000000949949026,60.0,180.0,300.0,0.02500000037252903,0.23000000417232513,0.07999999821186066,0.20000000298023224,0.027499999850988388,5.0,2.0,1.2000000476837158,0.992356538772583,1.0566425323486328,-0.06428598612546921,1.2112797498703003,1.6987454891204834,0.470119833946228,0.6897742748260498,0.5021701455116272
1,2,36,11,1,0,valid_not_selected,0.7794166207313538,0.04984190687537193,1.3678209781646729,0.1658249944448471,4145.625,43.99666976928711,480000.0,0.009999999776482582,0.0020000000949949026,60.0,180.0,300.0,0.02500000037252903,0.23000000417232513,0.07999999821186066,0.20000000298023224,0.027499999850988388,5.0,2.0,1.2000000476837158,0.2180875688791275,0.20773372054100037,0.010353844612836838,1.001072645187378,2.091714382171631,0.5235882997512817,1.240440011024475,0.9130982756614685
1,2,37,2,1,0,valid_not_selected,0.8060282468795776,0.04312729835510254,1.8397393226623535,0.2841145694255829,7102.86376953125,4.959502220153809,12500000.0,0.009999999776482582,0.0020000000949949026,20.0,120.0,240.0,0.02500000037252903,0.23000000417232513,0.07999999821186066,0.20000000298023224,0.027499999850988388,5.0,2.0,1.2000000476837158,0.6903953552246094,0.7215121984481812,-0.031116873025894165,1.4615838527679443,2.1029415130615234,0.5860568284988403,1.2673159837722778,0.8591485023498535
1,2,38,4,1,0,valid_not_selected,0.7462672591209412,0.058534298092126846,1.8397393226623535,0.4580208957195282,11450.521484375,45.38405990600586,3550000.0,0.019999999552965164,0.0020000000949949026,20.0,120.0,240.0,0.02500000037252903,0.23000000417232513,0.07999999821186066,0.20000000298023224,0.027499999850988388,5.0,2.0,1.2000000476837158,1.916976809501648,2.0361621379852295,-0.11918532103300095,1.120929479598999,2.2469046115875244,0.4408155679702759,0.9924091696739197,0.6471599340438843
1,2,39,4,1,1,accepted,0.8333785533905029,0.03645346313714981,1.8397393226623535,0.1749076545238495,4372.69140625,6.618359565734863,3550000.0,0.019999999552965164,0.0020000000949949026,20.0,120.0,240.0,0.02500000037252903,0.23000000417232513,0.07999999821186066,0.20000000298023224,0.027499999850988388,5.0,2.0,1.2000000476837158,0.327981561422348,0.3403899669647217,-0.012408393435180187,1.1681431531906128,1.7492378950119019,0.5272561311721802,1.3083455562591553,0.8645156621932983
1,2,40,3,1,0,valid_not_selected,0.786602258682251,0.04800650104880333,1.129174828529358,0.328956663608551,8223.9169921875,6.648573398590088,12500000.0,0.009999999776482582,0.0020000000949949026,60.0,180.0,300.0,0.02500000037252903,0.23000000417232513,0.07999999821186066,0.20000000298023224,0.027499999850988388,5.0,2.0,1.2000000476837158,1.1504087448120117,1.097711443901062,0.05269728600978851,1.3585200309753418,1.8711755275726318,0.6528199315071106,1.093627691268921,0.8083487749099731
1,2,41,8,1,0,valid_not_selected,0.8469259738922119,0.033228401094675064,1.3678209781646729,0.19174619019031525,4793.65478515625,58.8265380859375,480000.0,0.019999999552965164,0.0020000000949949026,60.0,120.0,240.0,0.02500000037252903,0.23000000417232513,0.07999999821186066,0.20000000298023224,0.027499999850988388,5.0,2.0,1.2000000476837158,0.34678930044174194,0.3356366455554962,0.011152668856084347,1.1989490985870361,2.0184457302093506,0.45822224020957947,0.7884107232093811,0.49843162298202515
1,2,42,0,1,1,accepted,0.9921094179153442,0.001584373414516449,1.8397393226623535,0.39241907000541687,9810.4765625,9.461310386657715,12500000.0,0.019999999552965164,0.0020000000949949026,20.0,120.0,240.0,0.02500000037252903,0.23000000417232513,0.07999999821186066,0.20000000298023224,0.027499999850988388,5.0,2.0,1.2000000476837158,2.0840988159179688,2.0808019638061523,0.0032967673614621162,1.2749961614608765,2.391122341156006,0.47253382205963135,1.2219010591506958,0.8355187773704529
1,2,43,7,1,0,valid_not_selected,0.7791357636451721,0.04991398751735687,1.0,0.2786058187484741,6965.14501953125,16.79241180419922,3550000.0,0.009999999776482582,0.0020000000949949026,60.0,180.0,300.0,0.02500000037252903,0.23000000417232513,0.07999999821186066,0.20000000298023224,0.027499999850988388,5.0,2.0,1.2000000476837158,0.7385941743850708,0.7034806609153748,0.03511352464556694,1.1049495935440063,2.082228422164917,0.5484906435012817,1.1930367946624756,0.9064438939094543
1,2,44,11,1,0,valid_not_selected,0.792373538017273,0.04654446989297867,1.3678209781646729,0.2971610724925995,7429.02685546875,141.28749084472656,480000.0,0.009999999776482582,0.0020000000949949026,60.0,180.0,300.0,0.02500000037252903,0.23000000417232513,0.07999999821186066,0.20000000298023224,0.027499999850988388,5.0,2.0,1.2000000476837158,0.44919830560684204,0.47112664580345154,-0.021928340196609497,1.062272548675537,1.8917263746261597,0.484965443611145,0.921197235584259,0.670242965221405
1,2,45,11,1,1,accepted,0.9831817150115967,0.003392262617126107,1.3678209781646729,0.21587809920310974,5396.9521484375,74.56534576416016,480000.0,0.009999999776482582,0.0020000000949949026,60.0,180.0,300.0,0.02500000037252903,0.23000000417232513,0.07999999821186066,0.20000000298023224,0.027499999850988388,5.0,2.0,1.2000000476837158,0.29771023988723755,0.2967037558555603,0.0010064970701932907,1.0063031911849976,2.031827449798584,0.5030633211135864,1.1180764436721802,0.8148871064186096
1,2,46,0,1,1,accepted,0.9842463731765747,0.0031758055556565523,1.8397393226623535,0.4434909224510193,11087.2734375,12.084274291992188,12500000.0,0.019999999552965164,0.0020000000949949026,20.0,120.0,240.0,0.02500000037252903,0.23000000417232513,0.07999999821186066,0.20000000298023224,0.027499999850988388,5.0,2.0,1.2000000476837158,2.6133785247802734,2.621704578399658,-0.008326023817062378,1.2712821960449219,2.4684176445007324,0.46276867389678955,1.1827994585037231,0.8088468909263611
1,2,47,7,1,0,valid_not_selected,0.7309753894805908,0.0626750960946083,1.0,0.2505572736263275,6263.931640625,13.581469535827637,3550000.0,0.009999999776482582,0.0020000000949949026,60.0,180.0,300.0,0.02500000037252903,0.23000000417232513,0.07999999821186066,0.20000000298023224,0.027499999850988388,5.0,2.0,1.2000000476837158,0.6460479497909546,0.6079449653625488,0.03810301050543785,1.1071794033050537,2.081029176712036,0.5617246627807617,1.2316404581069946,0.9325911402702332
1,2,48,7,1,1,accepted,0.971065878868103,0.00587218813598156,1.0,0.3836815655231476,9592.0400390625,31.847444534301758,3550000.0,0.009999999776482582,0.0020000000949949026,60.0,180.0,300.0,0.02500000037252903,0.23000000417232513,0.07999999821186066,0.20000000298023224,0.027499999850988388,5.0,2.0,1.2000000476837158,1.0343228578567505,1.0282845497131348,0.006038280203938484,1.1665624380111694,2.0481314659118652,0.5105526447296143,1.0103257894515991,0.7839921116828918
1,2,49,4,1,0,valid_not_selected,0.7305053472518921,0.06280374526977539,1.8397393226623535,0.49024370312690735,12256.0927734375,51.99442672729492,3550000.0,0.019999999552965164,0.0020000000949949026,20.0,120.0,240.0,0.02500000037252903,0.23000000417232513,0.07999999821186066,0.20000000298023224,0.027499999850988388,5.0,2.0,1.2000000476837158,2.087963819503784,2.2278833389282227,-0.13991941511631012,1.1056244373321533,2.233994960784912,0.4341122508049011,0.9529445767402649,0.6208359599113464
1,2,50,3,1,0,valid_not_selected,0.7207589745521545,0.06549008935689926,1.7168389558792114,0.10747030377388,2686.757568359375,0.7096235752105713,12500000.0,0.009999999776482582,0.0020000000949949026,60.0,180.0,300.0,0.02500000037252903,0.23000000417232513,0.07999999821186066,0.20000000298023224,0.027499999850988388,5.0,2.0,1.2000000476837158,0.14739947021007538,0.1383395940065384,0.009059872478246689,1.1671513319015503,2.001612663269043,0.7804632782936096,1.2000584602355957,0.971355140209198
1,2,51,0,1,0,valid_not_selected,0.9353646636009216,0.013363762758672237,1.8397393226623535,0.25472041964530945,6368.01025390625,3.9863791465759277,12500000.0,0.019999999552965164,0.0020000000949949026,20.0,120.0,240.0,0.02500000037252903,0.23000000417232513,0.07999999821186066,0.20000000298023224,0.027499999850988388,5.0,2.0,1.2000000476837158,0.8629840016365051,0.8516033887863159,0.011380625888705254,1.2484819889068604,2.0563228130340576,0.5029419660568237,1.3246046304702759,0.9003944396972656
1,2,52,2,1,0,valid_not_selected,0.7585865259170532,0.05525967851281166,1.8397393226623535,0.45854976773262024,11463.7431640625,12.918855667114258,12500000.0,0.009999999776482582,0.0020000000949949026,20.0,120.0,240.0,0.02500000037252903,0.23000000417232513,0.07999999821186066,0.20000000298023224,0.027499999850988388,5.0,2.0,1.2000000476837158,1.7997702360153198,1.905042290687561,-0.10527202486991882,1.4165199995040894,2.2598564624786377,0.5324104428291321,1.226389765739441,0.8747502565383911
1,2,53,2,1,0,valid_not_selected,0.7937173247337341,0.046205583959817886,1.8397393226623535,0.34447789192199707,8611.947265625,7.29077672958374,12500000.0,0.009999999776482582,0.0020000000949949026,20.0,120.0,240.0,0.02500000037252903,0.23000000417232513,0.07999999821186066,0.20000000298023224,0.027499999850988388,5.0,2.0,1.2000000476837158,1.0292282104492188,1.0790880918502808,-0.049859896302223206,1.4496186971664429,2.1770315170288086,0.567907452583313,1.2570894956588745,0.8683931827545166
1,2,54,6,1,0,valid_not_selected,0.5861883759498596,0.10682282596826553,1.005865216255188,0.40877676010131836,10219.4189453125,36.14973068237305,3550000.0,0.009999999776482582,0.0020000000949949026,60.0,120.0,240.0,0.02500000037252903,0.23000000417232513,0.07999999821186066,0.20000000298023224,0.027499999850988388,5.0,2.0,1.2000000476837158,0.9351998567581177,1.047048568725586,-0.11184868961572647,1.1378148794174194,1.9949617385864258,0.46354103088378906,0.7999915480613708,0.5570482611656189
1,2,55,2,1,0,valid_not_selected,0.7458943128585815,0.05863427370786667,1.8397393226623535,0.10907983779907227,2726.995849609375,0.7310382723808289,12500000.0,0.009999999776482582,0.0020000000949949026,20.0,120.0,240.0,0.02500000037252903,0.23000000417232513,0.07999999821186066,0.20000000298023224,0.027499999850988388,5.0,2.0,1.2000000476837158,0.07829226553440094,0.08316880464553833,-0.004876542370766401,1.3561089038848877,1.6099598407745361,0.6494568586349487,1.2947397232055664,0.8254597783088684
1,2,56,11,1,0,valid_not_selected,0.7322126626968384,0.06233685091137886,1.8135014772415161,0.43760499358177185,10940.1240234375,306.3968811035156,480000.0,0.009999999776482582,0.0020000000949949026,60.0,180.0,300.0,0.02500000037252903,0.23000000417232513,0.07999999821186066,0.20000000298023224,0.027499999850988388,5.0,2.0,1.2000000476837158,0.8832613825798035,0.9419815540313721,-0.05872016400098801,1.191068410873413,1.7208240032196045,0.4719691872596741,0.7135664224624634,0.5195410251617432
1,2,57,5,1,0,valid_not_selected,0.7639398574829102,0.05385323613882065,1.017702579498291,0.35544389486312866,8886.09765625,27.332216262817383,3550000.0,0.019999999552965164,0.0020000000949949026,60.0,180.0,300.0,0.02500000037252903,0.23000000417232513,0.07999999821186066,0.20000000298023224,0.027499999850988388,5.0,2.0,1.2000000476837158,1.6305255889892578,1.5472036600112915,0.08332192152738571,1.2227500677108765,1.98428213596344,0.5687340497970581,0.8789535760879517,0.7024409174919128
1,2,58,10,1,0,valid_not_selected,0.564895510673523,0.11422289907932281,1.713608741760254,0.40160512924194336,10040.1279296875,258.0586242675781,480000.0,0.009999999776482582,0.0020000000949949026,60.0,120.0,240.0,0.02500000037252903,0.23000000417232513,0.07999999821186066,0.20000000298023224,0.027499999850988388,5.0,2.0,1.2000000476837158,0.6320459842681885,0.7135497331619263,-0.0815037190914154,0.9841902256011963,1.7297840118408203,0.42102283239364624,0.5874194502830505,0.3915821313858032
1,2,59,1,1,1,accepted,0.9782379269599915,0.0044004665687680244,1.129174828529358,0.2601185441017151,6502.96337890625,4.157130718231201,12500000.0,0.019999999552965164,0.0020000000949949026,60.0,180.0,300.0,0.02500000037252903,0.23000000417232513,0.07999999821186066,0.20000000298023224,0.027499999850988388,5.0,2.0,1.2000000476837158,1.1046123504638672,1.0997728109359741,0.004839513450860977,1.2435239553451538,1.7405736446380615,0.698972761631012,1.005980134010315,0.8453841209411621
1,2,60,7,1,1,accepted,0.9501414895057678,0.010228872299194336,1.1431281566619873,0.476136714220047,11903.41796875,49.04515075683594,3550000.0,0.009999999776482582,0.0020000000949949026,60.0,180.0,300.0,0.02500000037252903,0.23000000417232513,0.07999999821186066,0.20000000298023224,0.027499999850988388,5.0,2.0,1.2000000476837158,1.4010992050170898,1.4155789613723755,-0.014479775913059711,1.274131178855896,1.9913156032562256,0.49179285764694214,0.8576613068580627,0.672329843044281
1,2,61,11,1,0,valid_not_selected,0.5922548174858093,0.10476365685462952,1.3678209781646729,0.11155888438224792,2788.971923828125,19.912609100341797,480000.0,0.009999999776482582,0.0020000000949949026,60.0,180.0,300.0,0.02500000037252903,0.23000000417232513,0.07999999821186066,0.20000000298023224,0.027499999850988388,5.0,2.0,1.2000000476837158,0.12602537870407104,0.11407451331615448,0.011950863525271416,1.0315749645233154,2.0763094425201416,0.5608929991722107,1.354301929473877,1.0405532121658325
1,2,62,4,1,0,valid_not_selected,0.7725822925567627,0.051603350788354874,1.8397393226623535,0.4067002236843109,10167.505859375,35.78339385986328,3550000.0,0.019999999552965164,0.0020000000949949026,20.0,120.0,240.0,0.02500000037252903,0.23000000417232513,0.07999999821186066,0.20000000298023224,0.027499999850988388,5.0,2.0,1.2000000476837158,1.6247668266296387,1.713172197341919,-0.08840542286634445,1.1435407400131226,2.244399309158325,0.45276129245758057,1.0550451278686523,0.6892843842506409
1,2,63,4,1,0,valid_not_selected,0.8172768950462341,0.040355466306209564,1.8397393226623535,0.31295400857925415,7823.849609375,21.18818473815918,3550000.0,0.019999999552965164,0.0020000000949949026,20.0,120.0,240.0,0.02500000037252903,0.23000000417232513,0.07999999821186066,0.20000000298023224,0.027499999850988388,5.0,2.0,1.2000000476837158,1.0506714582443237,1.0948548316955566,-0.04418337717652321,1.169878602027893,2.143439531326294,0.4782618582248688,1.1628316640853882,0.7626734375953674
1,2,64,1,1,0,valid_not_selected,0.9322696924209595,0.014026624150574207,1.5596789121627808,0.12301138788461685,3075.28466796875,0.929697573184967,12500000.0,0.019999999552965164,0.0020000000949949026,60.0,180.0,300.0,0.02500000037252903,0.23000000417232513,0.07999999821186066,0.20000000298023224,0.027499999850988388,5.0,2.0,1.2000000476837158,0.2992573380470276,0.30351462960243225,-0.004257285501807928,1.1744091510772705,1.669479489326477,0.7816299796104431,1.0377212762832642,1.060679316520691
1,2,65,10,1,1,accepted,0.9783640503883362,0.004374691750854254,1.3678209781646729,0.15038743615150452,3759.685791015625,36.186195373535156,480000.0,0.009999999776482582,0.0020000000949949026,60.0,120.0,240.0,0.02500000037252903,0.23000000417232513,0.07999999821186066,0.20000000298023224,0.027499999850988388,5.0,2.0,1.2000000476837158,0.1689179390668869,0.16966015100479126,-0.0007422108319588006,1.2617840766906738,2.261962413787842,0.4621083736419678,0.9938148260116577,0.6481658816337585
1,2,66,2,1,0,valid_not_selected,0.7901300191879272,0.04711155965924263,1.8397393226623535,0.3585609495639801,8964.0234375,7.899089813232422,12500000.0,0.009999999776482582,0.0020000000949949026,20.0,120.0,240.0,0.02500000037252903,0.23000000417232513,0.07999999821186066,0.20000000298023224,0.027499999850988388,5.0,2.0,1.2000000476837158,1.116446614265442,1.1716445684432983,-0.055198002606630325,1.4465314149856567,2.1911113262176514,0.5636124610900879,1.2542866468429565,0.8701438903808594
1,2,67,2,1,1,accepted,0.8084452152252197,0.04252847656607628,1.8397393226623535,0.26683712005615234,6670.92822265625,4.37465238571167,12500000.0,0.009999999776482582,0.0020000000949949026,20.0,120.0,240.0,0.02500000037252903,0.23000000417232513,0.07999999821186066,0.20000000298023224,0.027499999850988388,5.0,2.0,1.2000000476837158,0.6047899723052979,0.6316532492637634,-0.026863250881433487,1.464780330657959,2.0768826007843018,0.5912147760391235,1.2699307203292847,0.85616534948349
1,2,68,10,1,0,valid_not_selected,0.5572766661643982,0.11693869531154633,1.8079028129577637,0.4355044960975647,10887.6123046875,303.4625549316406,480000.0,0.009999999776482582,0.0020000000949949026,60.0,120.0,240.0,0.02500000037252903,0.23000000417232513,0.07999999821186066,0.20000000298023224,0.027499999850988388,5.0,2.0,1.2000000476837158,0.7126847505569458,0.8070614337921143,-0.09437671303749084,0.9664697647094727,1.682401180267334,0.41854920983314514,0.5625181198120117,0.3762928545475006
1,2,69,8,1,0,valid_not_selected,0.7483472228050232,0.05797765031456947,1.9017400741577148,0.4720798432826996,11801.99609375,356.5748596191406,480000.0,0.019999999552965164,0.0020000000949949026,60.0,120.0,240.0,0.02500000037252903,0.23000000417232513,0.07999999821186066,0.20000000298023224,0.027499999850988388,5.0,2.0,1.2000000476837158,1.1407978534698486,1.2110092639923096,-0.07021147012710571,1.0086373090744019,1.743896722793579,0.4098415970802307,0.47017717361450195,0.3025189936161041
1,2,70,1,1,0,valid_not_selected,0.9299275875091553,0.014529717154800892,1.129174828529358,0.4584234654903412,11460.5859375,12.911739349365234,12500000.0,0.019999999552965164,0.0020000000949949026,60.0,180.0,300.0,0.02500000037252903,0.23000000417232513,0.07999999821186066,0.20000000298023224,0.027499999850988388,5.0,2.0,1.2000000476837158,3.3626084327697754,3.31445050239563,0.04815802723169327,1.4090383052825928,2.021578073501587,0.6286814212799072,0.8929301500320435,0.7342094779014587
1,2,71,3,1,0,valid_not_selected,0.767145574092865,0.05301574617624283,1.129174828529358,0.2802775204181671,7006.93798828125,4.8264479637146,12500000.0,0.009999999776482582,0.0020000000949949026,60.0,180.0,300.0,0.02500000037252903,0.23000000417232513,0.07999999821186066,0.20000000298023224,0.027499999850988388,5.0,2.0,1.2000000476837158,0.8376151323318481,0.7954440712928772,0.04217106103897095,1.3234400749206543,1.820123314857483,0.6686486005783081,1.1237144470214844,0.8291455507278442
1,2,72,6,1,0,valid_not_selected,0.7637984156608582,0.053890276700258255,1.3765331506729126,0.09113848954439163,2278.462158203125,1.7969516515731812,3550000.0,0.009999999776482582,0.0020000000949949026,60.0,120.0,240.0,0.02500000037252903,0.23000000417232513,0.07999999821186066,0.20000000298023224,0.027499999850988388,5.0,2.0,1.2000000476837158,0.057529550045728683,0.06080642342567444,-0.0032768750097602606,1.2777596712112427,1.6192148923873901,0.669239342212677,1.0658925771713257,0.674491822719574
1,2,73,9,1,0,valid_not_selected,0.8172773718833923,0.04035534709692001,1.4621224403381348,0.323546826839447,8088.67041015625,167.49200439453125,480000.0,0.019999999552965164,0.0020000000949949026,60.0,180.0,300.0,0.02500000037252903,0.23000000417232513,0.07999999821186066,0.20000000298023224,0.027499999850988388,5.0,2.0,1.2000000476837158,0.8423517942428589,0.809677004814148,0.032674796879291534,1.3329123258590698,1.894927978515625,0.5040082931518555,0.7616658806800842,0.5454519391059875
1,2,74,8,1,0,valid_not_selected,0.8220064640045166,0.03920140117406845,1.616465449333191,0.3694388270378113,9235.9697265625,218.37599182128906,480000.0,0.019999999552965164,0.0020000000949949026,60.0,120.0,240.0,0.02500000037252903,0.23000000417232513,0.07999999821186066,0.20000000298023224,0.027499999850988388,5.0,2.0,1.2000000476837158,0.8262853622436523,0.8599985241889954,-0.033713147044181824,1.063185453414917,1.9125759601593018,0.4176481068134308,0.5350202322006226,0.34117263555526733
1,2,75,0,1,0,valid_not_selected,0.8258110880851746,0.03827784210443497,1.931266188621521,0.08938360959291458,2234.590087890625,0.4908704459667206,12500000.0,0.019999999552965164,0.0020000000949949026,20.0,120.0,240.0,0.02500000037252903,0.23000000417232513,0.07999999821186066,0.20000000298023224,0.027499999850988388,5.0,2.0,1.2000000476837158,0.14882145822048187,0.14333491027355194,0.005486551206558943,1.0616809129714966,1.954803228378296,0.6256047487258911,1.497012734413147,1.2079262733459473
1,2,76,4,1,0,valid_not_selected,0.8313834071159363,0.03693283721804619,1.8397393226623535,0.16839326918125153,4209.83154296875,6.134542465209961,3550000.0,0.019999999552965164,0.0020000000949949026,20.0,120.0,240.0,0.02500000037252903,0.23000000417232513,0.07999999821186066,0.20000000298023224,0.027499999850988388,5.0,2.0,1.2000000476837158,0.30311793088912964,0.3147422671318054,-0.011624325066804886,1.1679010391235352,1.724129319190979,0.5304301977157593,1.3156458139419556,0.8700432181358337
1,2,77,3,1,0,valid_not_selected,0.7379519939422607,0.06077530235052109,1.129174828529358,0.2043004035949707,5107.509765625,2.564422369003296,12500000.0,0.009999999776482582,0.0020000000949949026,60.0,180.0,300.0,0.02500000037252903,0.23000000417232513,0.07999999821186066,0.20000000298023224,0.027499999850988388,5.0,2.0,1.2000000476837158,0.4575323164463043,0.4313187897205353,0.02621353045105934,1.2979497909545898,1.774285912513733,0.6953046917915344,1.1686997413635254,0.8702235817909241
1,2,78,5,1,1,accepted,0.8028228878974915,0.04392422363162041,1.2023036479949951,0.49498841166496277,12374.7099609375,53.00572967529297,3550000.0,0.019999999552965164,0.0020000000949949026,60.0,180.0,300.0,0.02500000037252903,0.23000000417232513,0.07999999821186066,0.20000000298023224,0.027499999850988388,5.0,2.0,1.2000000476837158,2.2493979930877686,2.154752254486084,0.09464582055807114,1.3767985105514526,1.959455966949463,0.5158039927482605,0.7275350689888,0.5533320307731628
1,2,79,3,1,0,valid_not_selected,0.7527360916137695,0.05680811405181885,1.129174828529358,0.24334362149238586,6083.5908203125,3.638237476348877,12500000.0,0.009999999776482582,0.0020000000949949026,60.0,180.0,300.0,0.02500000037252903,0.23000000417232513,0.07999999821186066,0.20000000298023224,0.027499999850988388,5.0,2.0,1.2000000476837158,0.6373836994171143,0.6031215190887451,0.034262195229530334,1.3077467679977417,1.7918829917907715,0.6806666851043701,1.145890474319458,0.847480833530426
1,2,80,8,1,0,valid_not_selected,0.6478022933006287,0.08683395385742188,1.3678209781646729,0.09912215173244476,2478.0537109375,15.720315933227539,480000.0,0.019999999552965164,0.0020000000949949026,60.0,120.0,240.0,0.02500000037252903,0.23000000417232513,0.07999999821186066,0.20000000298023224,0.027499999850988388,5.0,2.0,1.2000000476837158,0.11259997636079788,0.10360366106033325,0.00899631530046463,0.950901448726654,0.9696128368377686,0.6325385570526123,0.8780238032341003,0.8645931482315063
1,2,81,0,1,0,valid_not_selected,0.9531821608543396,0.00958984438329935,1.8397393226623535,0.3001191318035126,7502.978515625,5.53399133682251,12500000.0,0.019999999552965164,0.0020000000949949026,20.0,120.0,240.0,0.02500000037252903,0.23000000417232513,0.07999999821186066,0.20000000298023224,0.027499999850988388,5.0,2.0,1.2000000476837158,1.2163654565811157,1.204811453819275,0.01155395433306694,1.262444257736206,2.1851367950439453,0.4919363856315613,1.2899781465530396,0.8791491389274597
1,2,82,11,1,0,valid_not_selected,0.5390118360519409,0.12360356003046036,1.3678209781646729,0.09490063041448593,2372.515625,14.40980339050293,480000.0,0.009999999776482582,0.0020000000949949026,60.0,180.0,300.0,0.02500000037252903,0.23000000417232513,0.07999999821186066,0.20000000298023224,0.027499999850988388,5.0,2.0,1.2000000476837158,0.09966172277927399,0.08869829773902893,0.010963425040245056,1.0541081428527832,2.064668893814087,0.5810141563415527,1.3875844478607178,1.104689598083496
1,2,83,6,1,0,valid_not_selected,0.7927407026290894,0.04645181819796562,1.005865216255188,0.21227996051311493,5306.99853515625,9.74878978729248,3550000.0,0.009999999776482582,0.0020000000949949026,60.0,120.0,240.0,0.02500000037252903,0.23000000417232513,0.07999999821186066,0.20000000298023224,0.027499999850988388,5.0,2.0,1.2000000476837158,0.3641779124736786,0.381918728351593,-0.017740819603204727,1.3939640522003174,2.1468634605407715,0.5316689014434814,1.0108972787857056,0.6587736010551453
1,2,84,4,1,1,accepted,0.8364583849906921,0.035715699195861816,1.8397393226623535,0.24739639461040497,6184.90966796875,13.240959167480469,3550000.0,0.019999999552965164,0.0020000000949949026,20.0,120.0,240.0,0.02500000037252903,0.23000000417232513,0.07999999821186066,0.20000000298023224,0.027499999850988388,5.0,2.0,1.2000000476837158,0.6685813665390015,0.6933446526527405,-0.024763289839029312,1.172732949256897,1.9909818172454834,0.4989144802093506,1.2319761514663696,0.8101984858512878
1,2,85,10,1,1,accepted,0.8932363390922546,0.022580815479159355,1.3678209781646729,0.12614701688289642,3153.67529296875,25.46090316772461,480000.0,0.009999999776482582,0.0020000000949949026,60.0,120.0,240.0,0.02500000037252903,0.23000000417232513,0.07999999821186066,0.20000000298023224,0.027499999850988388,5.0,2.0,1.2000000476837158,0.12881430983543396,0.1259698122739792,0.0028445010539144278,1.281788945198059,2.247581720352173,0.4737779498100281,1.0549590587615967,0.6967119574546814
1,2,86,10,1,0,valid_not_selected,0.6181666851043701,0.09619942307472229,1.4037854671478271,0.30772584676742554,7693.146484375,151.51226806640625,480000.0,0.009999999776482582,0.0020000000949949026,60.0,120.0,240.0,0.02500000037252903,0.23000000417232513,0.07999999821186066,0.20000000298023224,0.027499999850988388,5.0,2.0,1.2000000476837158,0.4422783851623535,0.4893539547920227,-0.04707556962966919,1.0623177289962769,1.914483904838562,0.4307318925857544,0.6894510984420776,0.4541563391685486
1,2,87,4,1,0,valid_not_selected,0.7568817734718323,0.05570963770151138,1.8397393226623535,0.4371206760406494,10928.0166015625,41.336666107177734,3550000.0,0.019999999552965164,0.0020000000949949026,20.0,120.0,240.0,0.02500000037252903,0.23000000417232513,0.07999999821186066,0.20000000298023224,0.027499999850988388,5.0,2.0,1.2000000476837158,1.8008739948272705,1.9071189165115356,-0.10624490678310394,1.130537509918213,2.249702215194702,0.44549620151519775,1.018053650856018,0.6643549799919128
1,2,88,6,1,0,valid_not_selected,0.5656148195266724,0.1139683872461319,1.0656541585922241,0.4525366425514221,11313.416015625,44.30372619628906,3550000.0,0.009999999776482582,0.0020000000949949026,60.0,120.0,240.0,0.02500000037252903,0.23000000417232513,0.07999999821186066,0.20000000298023224,0.027499999850988388,5.0,2.0,1.2000000476837158,1.0508439540863037,1.186011791229248,-0.13516785204410553,1.0848287343978882,1.932392954826355,0.45206937193870544,0.7510334253311157,0.5281161665916443
1,2,89,2,1,1,accepted,0.8109980821609497,0.04189791530370712,1.8397393226623535,0.21005024015903473,5251.25634765625,2.7107996940612793,12500000.0,0.009999999776482582,0.0020000000949949026,20.0,120.0,240.0,0.02500000037252903,0.23000000417232513,0.07999999821186066,0.20000000298023224,0.027499999850988388,5.0,2.0,1.2000000476837158,0.3615682125091553,0.3773796260356903,-0.015811419114470482,1.4726791381835938,1.9689964056015015,0.608460545539856,1.2784786224365234,0.8458623290061951
1,2,90,7,1,0,valid_not_selected,0.9073630571365356,0.01944253034889698,1.0,0.3460704982280731,8651.7626953125,25.909669876098633,3550000.0,0.009999999776482582,0.0020000000949949026,60.0,180.0,300.0,0.02500000037252903,0.23000000417232513,0.07999999821186066,0.20000000298023224,0.027499999850988388,5.0,2.0,1.2000000476837158,0.9262661933898926,0.9086006879806519,0.017665496096014977,1.1328115463256836,2.065274953842163,0.5218092799186707,1.0795989036560059,0.8315348029136658
1,2,91,11,1,0,valid_not_selected,0.4338587522506714,0.16700725257396698,1.89464271068573,0.0648716539144516,1621.7911376953125,6.733327865600586,480000.0,0.009999999776482582,0.0020000000949949026,60.0,180.0,300.0,0.02500000037252903,0.23000000417232513,0.07999999821186066,0.20000000298023224,0.027499999850988388,5.0,2.0,1.2000000476837158,0.06541282683610916,0.05605177581310272,0.009361052885651588,1.147138237953186,2.2271173000335693,0.6627354621887207,1.441455602645874,1.404057502746582
1,2,92,11,1,0,valid_not_selected,0.6562392115592957,0.08424597233533859,1.3678209781646729,0.13129262626171112,3282.31591796875,27.580398559570312,480000.0,0.009999999776482582,0.0020000000949949026,60.0,180.0,300.0,0.02500000037252903,0.23000000417232513,0.07999999821186066,0.20000000298023224,0.027499999850988388,5.0,2.0,1.2000000476837158,0.1595473438501358,0.14715050160884857,0.012396836653351784,1.0149445533752441,2.092085599899292,0.5442615747451782,1.3146438598632812,0.9870203733444214
1,2,93,5,1,0,valid_not_selected,0.768743097782135,0.05259967967867851,1.017702579498291,0.1860160529613495,4650.4013671875,7.485720157623291,3550000.0,0.019999999552965164,0.0020000000949949026,60.0,180.0,300.0,0.02500000037252903,0.23000000417232513,0.07999999821186066,0.20000000298023224,0.027499999850988388,5.0,2.0,1.2000000476837158,0.5934767127037048,0.563819944858551,0.029656749218702316,1.1454417705535889,1.7572174072265625,0.6718451380729675,1.0487313270568848,0.9121885895729065
1,2,94,11,1,0,valid_not_selected,0.7442732453346252,0.05906940624117851,1.941109538078308,0.4883253574371338,12208.1328125,381.53851318359375,480000.0,0.009999999776482582,0.0020000000949949026,60.0,180.0,300.0,0.02500000037252903,0.23000000417232513,0.07999999821186066,0.20000000298023224,0.027499999850988388,5.0,2.0,1.2000000476837158,1.0970542430877686,1.1659247875213623,-0.06887048482894897,1.2277519702911377,1.681029200553894,0.4685188829898834,0.671179473400116,0.4885697662830353
1,2,95,2,1,0,valid_not_selected,0.7077158093452454,0.06914253532886505,1.8749842643737793,0.0938132107257843,2345.330078125,0.5407282710075378,12500000.0,0.009999999776482582,0.0020000000949949026,20.0,120.0,240.0,0.02500000037252903,0.23000000417232513,0.07999999821186066,0.20000000298023224,0.027499999850988388,5.0,2.0,1.2000000476837158,0.05282074213027954,0.056744180619716644,-0.003923436626791954,1.2659159898757935,1.5309135913848877,0.6616037487983704,1.2945069074630737,0.821763277053833
1,2,96,4,1,0,valid_not_selected,0.7421782612800598,0.05963315814733505,1.8397393226623535,0.4662148356437683,11655.37109375,47.02241516113281,3550000.0,0.019999999552965164,0.0020000000949949026,20.0,120.0,240.0,0.02500000037252903,0.23000000417232513,0.07999999821186066,0.20000000298023224,0.027499999850988388,5.0,2.0,1.2000000476837158,1.961368441581726,2.0857481956481934,-0.12437975406646729,1.1170721054077148,2.2445414066314697,0.43905168771743774,0.982347309589386,0.6404326558113098
1,2,97,2,1,1,accepted,0.8105327486991882,0.04201271012425423,1.8397393226623535,0.24548761546611786,6137.18994140625,3.702629566192627,12500000.0,0.009999999776482582,0.0020000000949949026,20.0,120.0,240.0,0.02500000037252903,0.23000000417232513,0.07999999821186066,0.20000000298023224,0.027499999850988388,5.0,2.0,1.2000000476837158,0.5064101219177246,0.5286188125610352,-0.02220870926976204,1.468470811843872,2.0408458709716797,0.5976144671440125,1.2731084823608398,0.8523647785186768
1,2,98,9,1,0,valid_not_selected,0.6765742301940918,0.07814262062311172,1.3678209781646729,0.23542751371860504,5885.68798828125,88.68174743652344,480000.0,0.019999999552965164,0.0020000000949949026,60.0,180.0,300.0,0.02500000037252903,0.23000000417232513,0.07999999821186066,0.20000000298023224,0.027499999850988388,5.0,2.0,1.2000000476837158,0.6140735149383545,0.5695661306381226,0.04450739175081253,1.2157329320907593,2.1402876377105713,0.5331444144248962,0.9080919623374939,0.6810621619224548
1,2,99,11,1,1,accepted,0.878990888595581,0.02579614892601967,1.3678209781646729,0.19082091748714447,4770.52294921875,58.26017761230469,480000.0,0.009999999776482582,0.0020000000949949026,60.0,180.0,300.0,0.02500000037252903,0.23000000417232513,0.07999999821186066,0.20000000298023224,0.027499999850988388,5.0,2.0,1.2000000476837158,0.2582380771636963,0.2517440617084503,0.006494027096778154,1.0002427101135254,2.0683329105377197,0.5122416615486145,1.1811727285385132,0.8637406826019287
1,2,100,6,1,0,valid_not_selected,0.6237046718597412,0.09441565722227097,1.005865216255188,0.3567340672016144,8918.3515625,27.530996322631836,3550000.0,0.009999999776482582,0.0020000000949949026,60.0,120.0,240.0,0.02500000037252903,0.23000000417232513,0.07999999821186066,0.20000000298023224,0.027499999850988388,5.0,2.0,1.2000000476837158,0.7937597632408142,0.8765166401863098,-0.0827568918466568,1.2070550918579102,2.0652289390563965,0.4795039892196655,0.861772894859314,0.5911871790885925
1,2,101,6,1,0,valid_not_selected,0.5499786734580994,0.0963142141699791,2.116304636001587,0.05609027296304703,1402.2568359375,0.6806249022483826,3550000.0,0.009999999776482582,0.0020000000949949026,60.0,120.0,240.0,0.02500000037252903,0.23000000417232513,0.07999999821186066,0.20000000298023224,0.027499999850988388,5.0,2.0,1.2000000476837158,0.03148741275072098,0.0348433181643486,-0.0033559068106114864,0.6472076773643494,2.3009939193725586,0.888380229473114,0.8107655048370361,1.0409106016159058
1,2,102,10,1,0,valid_not_selected,0.5763495564460754,0.1102081835269928,1.6183706521987915,0.37004417181015015,9251.103515625,219.09222412109375,480000.0,0.009999999776482582,0.0020000000949949026,60.0,120.0,240.0,0.02500000037252903,0.23000000417232513,0.07999999821186066,0.20000000298023224,0.027499999850988388,5.0,2.0,1.2000000476837158,0.5632095336914062,0.6329677700996399,-0.06975822895765305,1.0052499771118164,1.782481074333191,0.42375433444976807,0.6156383156776428,0.4088982045650482
1,2,103,5,1,1,accepted,0.7988694310188293,0.044911544770002365,1.8013784885406494,0.06896563619375229,1724.140869140625,1.0289592742919922,3550000.0,0.019999999552965164,0.0020000000949949026,60.0,180.0,300.0,0.02500000037252903,0.23000000417232513,0.07999999821186066,0.20000000298023224,0.027499999850988388,5.0,2.0,1.2000000476837158,0.09688867628574371,0.10144471377134323,-0.00455603888258338,1.1878811120986938,1.4609477519989014,0.881937563419342,0.8647501468658447,1.2761309146881104
1,2,104,1,1,1,accepted,0.9804703593254089,0.003944577183574438,1.129174828529358,0.18054097890853882,4513.5244140625,2.002639055252075,12500000.0,0.019999999552965164,0.0020000000949949026,60.0,180.0,300.0,0.02500000037252903,0.23000000417232513,0.07999999821186066,0.20000000298023224,0.027499999850988388,5.0,2.0,1.2000000476837158,0.5575880408287048,0.5597962141036987,-0.0022081593051552773,1.20791494846344,1.6630977392196655,0.733460545539856,1.0375992059707642,0.9216750860214233
1,2,105,1,1,0,valid_not_selected,0.9259388446807861,0.015389416366815567,1.1415022611618042,0.4756290018558502,11890.724609375,13.899133682250977,12500000.0,0.019999999552965164,0.0020000000949949026,60.0,180.0,300.0,0.02500000037252903,0.23000000417232513,0.07999999821186066,0.20000000298023224,0.027499999850988388,5.0,2.0,1.2000000476837158,3.6075832843780518,3.552906036376953,0.05467715114355087,1.4282108545303345,2.049985408782959,0.6219679117202759,0.8820435404777527,0.7249338030815125
1,2,106,8,1,1,accepted,0.9442787170410156,0.011466777883470058,1.3678209781646729,0.23739314079284668,5934.82861328125,90.16877746582031,480000.0,0.019999999552965164,0.0020000000949949026,60.0,120.0,240.0,0.02500000037252903,0.23000000417232513,0.07999999821186066,0.20000000298023224,0.027499999850988388,5.0,2.0,1.2000000476837158,0.48280781507492065,0.47733432054519653,0.005473486613482237,1.1789569854736328,2.1153013706207275,0.4416319727897644,0.7072039842605591,0.44624730944633484
1,2,107,4,1,1,accepted,0.8378651738166809,0.035379622131586075,1.8397393226623535,0.23712792992591858,5928.1982421875,12.1646089553833,3550000.0,0.019999999552965164,0.0020000000949949026,20.0,120.0,240.0,0.02500000037252903,0.23000000417232513,0.07999999821186066,0.20000000298023224,0.027499999850988388,5.0,2.0,1.2000000476837158,0.6139492988586426,0.6364672780036926,-0.022517971694469452,1.1722569465637207,1.9612267017364502,0.5024394989013672,1.2425774335861206,0.8175414204597473
1,2,108,5,1,1,accepted,0.873192310333252,0.027119886130094528,1.017702579498291,0.12186344712972641,3046.586181640625,3.2127699851989746,3550000.0,0.019999999552965164,0.0020000000949949026,60.0,180.0,300.0,0.02500000037252903,0.23000000417232513,0.07999999821186066,0.20000000298023224,0.027499999850988388,5.0,2.0,1.2000000476837158,0.265760213136673,0.25874313712120056,0.007017084397375584,1.1575596332550049,1.5547038316726685,0.7392417192459106,1.051977515220642,1.0516278743743896
1,2,109,6,1,0,valid_not_selected,0.602654755115509,0.10128216445446014,1.005865216255188,0.38323935866355896,9580.9833984375,31.774078369140625,3550000.0,0.009999999776482582,0.0020000000949949026,60.0,120.0,240.0,0.02500000037252903,0.23000000417232513,0.07999999821186066,0.20000000298023224,0.027499999850988388,5.0,2.0,1.2000000476837158,0.8667258024215698,0.9644026160240173,-0.09767678380012512,1.171329140663147,2.0305488109588623,0.4710814952850342,0.8300991058349609,0.5740447640419006
1,2,110,11,1,1,accepted,0.8310320973396301,0.037017371505498886,1.3678209781646729,0.17901086807250977,4475.271484375,51.27180862426758,480000.0,0.009999999776482582,0.0020000000949949026,60.0,180.0,300.0,0.02500000037252903,0.23000000417232513,0.07999999821186066,0.20000000298023224,0.027499999850988388,5.0,2.0,1.2000000476837158,0.23948633670806885,0.2309376299381256,0.008548703975975513,0.999742865562439,2.081416606903076,0.5173060894012451,1.2097464799880981,0.8869363069534302
1,2,111,9,1,1,accepted,0.866877019405365,0.02857162617146969,1.6103776693344116,0.36751100420951843,9187.775390625,216.1028594970703,480000.0,0.019999999552965164,0.0020000000949949026,60.0,180.0,300.0,0.02500000037252903,0.23000000417232513,0.07999999821186066,0.20000000298023224,0.027499999850988388,5.0,2.0,1.2000000476837158,1.0013689994812012,0.9735530614852905,0.02781599387526512,1.384807825088501,1.7999943494796753,0.49604856967926025,0.7074369192123413,0.5004801750183105
1,2,112,5,1,0,valid_not_selected,0.7730168700218201,0.05149088427424431,1.017702579498291,0.38069161772727966,9517.291015625,31.353017807006836,3550000.0,0.019999999552965164,0.0020000000949949026,60.0,180.0,300.0,0.02500000037252903,0.23000000417232513,0.07999999821186066,0.20000000298023224,0.027499999850988388,5.0,2.0,1.2000000476837158,1.744500756263733,1.6590735912322998,0.0854271650314331,1.2475144863128662,1.9918938875198364,0.5566498637199402,0.8487772345542908,0.6722902059555054
1,2,113,8,1,0,valid_not_selected,0.8194084763526917,0.03983452171087265,1.3678209781646729,0.17785748839378357,4446.43701171875,50.61324691772461,480000.0,0.019999999552965164,0.0020000000949949026,60.0,120.0,240.0,0.02500000037252903,0.23000000417232513,0.07999999821186066,0.20000000298023224,0.027499999850988388,5.0,2.0,1.2000000476837158,0.3026711046695709,0.2910762131214142,0.011594881303608418,1.1952166557312012,1.9406412839889526,0.46559977531433105,0.8127556443214417,0.5153235793113708
1,2,114,11,1,0,valid_not_selected,0.7382007241249084,0.060707900673151016,1.8874200582504272,0.46630576252937317,11657.6435546875,347.90557861328125,480000.0,0.009999999776482582,0.0020000000949949026,60.0,180.0,300.0,0.02500000037252903,0.23000000417232513,0.07999999821186066,0.20000000298023224,0.027499999850988388,5.0,2.0,1.2000000476837158,1.0006811618804932,1.065356731414795,-0.06467556953430176,1.2126859426498413,1.6972256898880005,0.4699869453907013,0.6881620287895203,0.5009917616844177
1,2,115,10,1,1,accepted,0.9642143845558167,0.007288327440619469,1.3678209781646729,0.13890376687049866,3472.59375,30.870800018310547,480000.0,0.009999999776482582,0.0020000000949949026,60.0,120.0,240.0,0.02500000037252903,0.23000000417232513,0.07999999821186066,0.20000000298023224,0.027499999850988388,5.0,2.0,1.2000000476837158,0.14954692125320435,0.1484648585319519,0.0010820605093613267,1.27251136302948,2.260633707046509,0.4667590260505676,1.0220699310302734,0.6693788170814514
1,2,116,7,1,1,accepted,0.9734190106391907,0.005388130433857441,1.0,0.4312298595905304,10780.74609375,40.23003005981445,3550000.0,0.009999999776482582,0.0020000000949949026,60.0,180.0,300.0,0.02500000037252903,0.23000000417232513,0.07999999821186066,0.20000000298023224,0.027499999850988388,5.0,2.0,1.2000000476837158,1.2028782367706299,1.2093945741653442,-0.006516375578939915,1.220344066619873,2.0211644172668457,0.4996333718299866,0.9266983270645142,0.7239853739738464
1,2,117,1,1,1,accepted,0.9842735528945923,0.0031702877022325993,1.129174828529358,0.24508889019489288,6127.22216796875,3.6906113624572754,12500000.0,0.019999999552965164,0.0020000000949949026,60.0,180.0,300.0,0.02500000037252903,0.23000000417232513,0.07999999821186066,0.20000000298023224,0.027499999850988388,5.0,2.0,1.2000000476837158,0.9850204586982727,0.9819075465202332,0.003112929407507181,1.2359485626220703,1.7239166498184204,0.7044429779052734,1.013041377067566,0.8563353419303894
1,2,118,1,1,0,valid_not_selected,0.9282011985778809,0.014901350252330303,1.5968266725540161,0.11914633214473724,2978.658203125,0.8721926212310791,12500000.0,0.019999999552965164,0.0020000000949949026,60.0,180.0,300.0,0.02500000037252903,0.23000000417232513,0.07999999821186066,0.20000000298023224,0.027499999850988388,5.0,2.0,1.2000000476837158,0.28645220398902893,0.2907852828502655,-0.004333093296736479,1.1706626415252686,1.677686333656311,0.7866164445877075,1.0357372760772705,1.0773253440856934
1,2,119,5,1,0,valid_not_selected,0.7750147581100464,0.050974637269973755,1.017702579498291,0.38624894618988037,9656.22265625,32.275081634521484,3550000.0,0.019999999552965164,0.0020000000949949026,60.0,180.0,300.0,0.02500000037252903,0.23000000417232513,0.07999999821186066,0.20000000298023224,0.027499999850988388,5.0,2.0,1.2000000476837158,1.7682323455810547,1.682469129562378,0.08576325327157974,1.2533187866210938,1.9927040338516235,0.5541362762451172,0.8422204256057739,0.6657708883285522
1,2,120,4,1,0,valid_not_selected,0.7925153374671936,0.04650868475437164,1.8397393226623535,0.10239813476800919,2559.953369140625,2.268385171890259,3550000.0,0.019999999552965164,0.0020000000949949026,20.0,120.0,240.0,0.02500000037252903,0.23000000417232513,0.07999999821186066,0.20000000298023224,0.027499999850988388,5.0,2.0,1.2000000476837158,0.11251697689294815,0.11800524592399597,-0.005488268565386534,1.1657004356384277,1.4699761867523193,0.5827248096466064,1.4029932022094727,0.9576704502105713
1,2,121,7,1,0,valid_not_selected,0.5378422737121582,0.1240379810333252,1.2621313333511353,0.09824337065219879,2456.084228515625,2.0880420207977295,3550000.0,0.009999999776482582,0.0020000000949949026,60.0,180.0,300.0,0.02500000037252903,0.23000000417232513,0.07999999821186066,0.20000000298023224,0.027499999850988388,5.0,2.0,1.2000000476837158,0.14671990275382996,0.13052931427955627,0.01619059219956398,1.214977741241455,2.153761386871338,0.7061558961868286,1.358780026435852,1.1440603733062744
1,2,122,8,1,0,valid_not_selected,0.7607723474502563,0.05468421429395676,1.7843847274780273,0.0697389617562294,1743.473876953125,7.7816338539123535,480000.0,0.019999999552965164,0.0020000000949949026,60.0,120.0,240.0,0.02500000037252903,0.23000000417232513,0.07999999821186066,0.20000000298023224,0.027499999850988388,5.0,2.0,1.2000000476837158,0.08884940296411514,0.08424265682697296,0.0046067433431744576,0.9508721828460693,0.8758518695831299,0.794018566608429,0.7981868982315063,1.2356406450271606
1,2,123,5,1,0,valid_not_selected,0.7216231226921082,0.06332141160964966,2.0096452236175537,0.060156505554914474,1503.91259765625,0.782884955406189,3550000.0,0.019999999552965164,0.0020000000949949026,60.0,180.0,300.0,0.02500000037252903,0.23000000417232513,0.07999999821186066,0.20000000298023224,0.027499999850988388,5.0,2.0,1.2000000476837158,0.07660607248544693,0.08178479969501495,-0.005178729072213173,1.1736676692962646,1.5948290824890137,0.915276050567627,0.78404700756073,1.2210794687271118
1,2,124,5,1,0,valid_not_selected,0.7440474629402161,0.05913009122014046,1.017702579498291,0.25534501671791077,6383.625,14.105467796325684,3550000.0,0.019999999552965164,0.0020000000949949026,60.0,180.0,300.0,0.02500000037252903,0.23000000417232513,0.07999999821186066,0.20000000298023224,0.027499999850988388,5.0,2.0,1.2000000476837158,1.0419023036956787,0.9837340116500854,0.058168280869722366,1.1581531763076782,1.888479232788086,0.6250870823860168,0.9930359125137329,0.8237560391426086
1,2,125,5,1,0,valid_not_selected,0.7615034580230713,0.05449211597442627,1.017702579498291,0.34843817353248596,8710.9541015625,26.265409469604492,3550000.0,0.019999999552965164,0.0020000000949949026,60.0,180.0,300.0,0.02500000037252903,0.23000000417232513,0.07999999821186066,0.20000000298023224,0.027499999850988388,5.0,2.0,1.2000000476837158,1.5966192483901978,1.514112114906311,0.0825071707367897,1.2164064645767212,1.9809948205947876,0.572270393371582,0.8873844742774963,0.7109195590019226
1,2,126,9,1,0,valid_not_selected,0.805840253829956,0.04317395016551018,1.4311835765838623,0.3150574266910553,7876.435546875,158.8178253173828,480000.0,0.019999999552965164,0.0020000000949949026,60.0,180.0,300.0,0.02500000037252903,0.23000000417232513,0.07999999821186066,0.20000000298023224,0.027499999850988388,5.0,2.0,1.2000000476837158,0.8153098821640015,0.7815665602684021,0.03374331444501877,1.3219680786132812,1.9157766103744507,0.5059224963188171,0.7735830545425415,0.5556216835975647
1,2,127,7,1,1,accepted,0.9996806383132935,6.388511974364519e-05,1.0,0.40517500042915344,10129.3740234375,35.5155029296875,3550000.0,0.009999999776482582,0.0020000000949949026,60.0,180.0,300.0,0.02500000037252903,0.23000000417232513,0.07999999821186066,0.20000000298023224,0.027499999850988388,5.0,2.0,1.2000000476837158,1.105355143547058,1.1054257154464722,-7.062025542836636e-05,1.1898679733276367,2.0366129875183105,0.5052117109298706,0.9715083241462708,0.7564964294433594
1,2,128,4,1,0,valid_not_selected,0.7741673588752747,0.05119344964623451,1.8397393226623535,0.08029315620660782,2007.328857421875,1.3947288990020752,3550000.0,0.019999999552965164,0.0020000000949949026,20.0,120.0,240.0,0.02500000037252903,0.23000000417232513,0.07999999821186066,0.20000000298023224,0.027499999850988388,5.0,2.0,1.2000000476837158,0.0768912211060524,0.08103993535041809,-0.004148713778704405,1.1456847190856934,1.4588253498077393,0.6279426217079163,1.4372632503509521,1.0521434545516968
1,2,129,0,1,0,valid_not_selected,0.9304550886154175,0.01441629882901907,1.8397393226623535,0.24221865832805634,6055.46630859375,3.6046764850616455,12500000.0,0.019999999552965164,0.0020000000949949026,20.0,120.0,240.0,0.02500000037252903,0.23000000417232513,0.07999999821186066,0.20000000298023224,0.027499999850988388,5.0,2.0,1.2000000476837158,0.7763242721557617,0.7652915716171265,0.01103267166763544,1.2439157962799072,2.018395185470581,0.5062789916992188,1.3346083164215088,0.9065890908241272
1,2,130,11,1,0,valid_not_selected,0.730294942855835,0.0628613531589508,1.6799546480178833,0.39015623927116394,9753.90625,243.55494689941406,480000.0,0.009999999776482582,0.0020000000949949026,60.0,180.0,300.0,0.02500000037252903,0.23000000417232513,0.07999999821186066,0.20000000298023224,0.027499999850988388,5.0,2.0,1.2000000476837158,0.7100998759269714,0.7577319145202637,-0.04763205349445343,1.1505862474441528,1.7671308517456055,0.4754876494407654,0.7658227682113647,0.5575900077819824
1,2,131,7,1,0,valid_not_selected,0.7279647588729858,0.0635005310177803,1.0,0.2486836463212967,6217.0908203125,13.379108428955078,3550000.0,0.009999999776482582,0.0020000000949949026,60.0,180.0,300.0,0.02500000037252903,0.23000000417232513,0.07999999821186066,0.20000000298023224,0.027499999850988388,5.0,2.0,1.2000000476837158,0.6395105123519897,0.6013259887695312,0.0381845198571682,1.1076098680496216,2.080724000930786,0.5626475214958191,1.2340158224105835,0.9342589974403381
1,2,132,0,1,0,valid_not_selected,0.9250891804695129,0.015573025681078434,1.8397393226623535,0.22876062989234924,5719.015625,3.2152419090270996,12500000.0,0.019999999552965164,0.0020000000949949026,20.0,120.0,240.0,0.02500000037252903,0.23000000417232513,0.07999999821186066,0.20000000298023224,0.027499999850988388,5.0,2.0,1.2000000476837158,0.6884980797767639,0.6779404878616333,0.010557584464550018,1.2386608123779297,1.976726770401001,0.5100817680358887,1.3457168340682983,0.9135800004005432
1,2,133,0,1,1,accepted,0.9879158735275269,0.0024315451737493277,1.8397393226623535,0.4356783628463745,10891.958984375,11.66226863861084,12500000.0,0.019999999552965164,0.0020000000949949026,20.0,120.0,240.0,0.02500000037252903,0.23000000417232513,0.07999999821186066,0.20000000298023224,0.027499999850988388,5.0,2.0,1.2000000476837158,2.5315401554107666,2.537710666656494,-0.006170558277517557,1.272343397140503,2.458353042602539,0.46422716975212097,1.188904881477356,0.813075065612793
1,2,134,8,1,0,valid_not_selected,0.801142156124115,0.044343382120132446,1.6813743114471436,0.3906325697898865,9765.814453125,244.15000915527344,480000.0,0.019999999552965164,0.0020000000949949026,60.0,120.0,240.0,0.02500000037252903,0.23000000417232513,0.07999999821186066,0.20000000298023224,0.027499999850988388,5.0,2.0,1.2000000476837158,0.8851791024208069,0.9262522459030151,-0.041073158383369446,1.0488197803497314,1.8723459243774414,0.4155513644218445,0.5178797245025635,0.3309006690979004
1,2,135,5,1,0,valid_not_selected,0.7798858284950256,0.04972154274582863,1.017702579498291,0.1732492297887802,4331.23095703125,6.493447780609131,3550000.0,0.019999999552965164,0.0020000000949949026,60.0,180.0,300.0,0.02500000037252903,0.23000000417232513,0.07999999821186066,0.20000000298023224,0.027499999850988388,5.0,2.0,1.2000000476837158,0.5190185904502869,0.49443453550338745,0.024584047496318817,1.1456836462020874,1.7249544858932495,0.6821047067642212,1.0549235343933105,0.9316914081573486
1,2,136,3,1,1,accepted,0.8133271336555481,0.04132437705993652,1.129174828529358,0.396805077791214,9920.1259765625,9.67398738861084,12500000.0,0.009999999776482582,0.0020000000949949026,60.0,180.0,300.0,0.02500000037252903,0.23000000417232513,0.07999999821186066,0.20000000298023224,0.027499999850988388,5.0,2.0,1.2000000476837158,1.687859058380127,1.6208772659301758,0.066981740295887,1.435970664024353,1.968273401260376,0.6280049681663513,1.0491039752960205,0.7832686901092529
1,2,137,6,1,0,valid_not_selected,0.6688399910926819,0.08044208586215973,1.005865216255188,0.3119344413280487,7798.36083984375,21.050352096557617,3550000.0,0.009999999776482582,0.0020000000949949026,60.0,120.0,240.0,0.02500000037252903,0.23000000417232513,0.07999999821186066,0.20000000298023224,0.027499999850988388,5.0,2.0,1.2000000476837158,0.6647680401802063,0.7229213714599609,-0.05815330520272255,1.266918659210205,2.1146767139434814,0.4948270320892334,0.9141117334365845,0.617616593837738
1,2,138,5,1,0,valid_not_selected,0.7926257848739624,0.04648081585764885,1.017702579498291,0.16185975074768066,4046.493896484375,5.6677470207214355,3550000.0,0.019999999552965164,0.0020000000949949026,60.0,180.0,300.0,0.02500000037252903,0.23000000417232513,0.07999999821186066,0.20000000298023224,0.027499999850988388,5.0,2.0,1.2000000476837158,0.4560393989086151,0.4357838034629822,0.02025558613240719,1.1466400623321533,1.693210482597351,0.6921218633651733,1.0588117837905884,0.9511558413505554
1,2,139,11,1,1,accepted,0.8349735736846924,0.0360710434615612,1.3678209781646729,0.2734798491001129,6836.99609375,119.66593170166016,480000.0,0.009999999776482582,0.0020000000949949026,60.0,180.0,300.0,0.02500000037252903,0.23000000417232513,0.07999999821186066,0.20000000298023224,0.027499999850988388,5.0,2.0,1.2000000476837158,0.39898428320884705,0.41391462087631226,-0.014930333010852337,1.0417442321777344,1.9313256740570068,0.4887699484825134,0.9741306900978088,0.7086638808250427
1,2,140,2,1,0,valid_not_selected,0.8006240725517273,0.04447275772690773,1.8397393226623535,0.31390443444252014,7847.61083984375,6.054049491882324,12500000.0,0.009999999776482582,0.0020000000949949026,20.0,120.0,240.0,0.02500000037252903,0.23000000417232513,0.07999999821186066,0.20000000298023224,0.027499999850988388,5.0,2.0,1.2000000476837158,0.8501644134521484,0.8897333145141602,-0.03956889361143112,1.455856442451477,2.1424782276153564,0.5771428942680359,1.2625573873519897,0.8639985918998718
1,2,141,8,1,0,valid_not_selected,0.8043762445449829,0.04353763908147812,1.3678209781646729,0.17022383213043213,4255.595703125,46.3618278503418,480000.0,0.019999999552965164,0.0020000000949949026,60.0,120.0,240.0,0.02500000037252903,0.23000000417232513,0.07999999821186066,0.20000000298023224,0.027499999850988388,5.0,2.0,1.2000000476837158,0.2782120704650879,0.2666047215461731,0.011607340537011623,1.1899254322052002,1.8843101263046265,0.4705358147621155,0.8256879448890686,0.5248881578445435
1,2,142,5,1,0,valid_not_selected,0.7498572468757629,0.05757449194788933,1.017702579498291,0.22232003509998322,5558.0009765625,10.69276237487793,3550000.0,0.019999999552965164,0.0020000000949949026,60.0,180.0,300.0,0.02500000037252903,0.23000000417232513,0.07999999821186066,0.20000000298023224,0.027499999850988388,5.0,2.0,1.2000000476837158,0.8223830461502075,0.7776123881340027,0.04477063938975334,1.1491179466247559,1.8337693214416504,0.6461156606674194,1.0233454704284668,0.8639734387397766
1,2,143,3,1,0,valid_not_selected,0.7239874601364136,0.0645962506532669,1.22348153591156,0.16421930491924286,4105.482421875,1.656912088394165,12500000.0,0.009999999776482582,0.0020000000949949026,60.0,180.0,300.0,0.02500000037252903,0.23000000417232513,0.07999999821186066,0.20000000298023224,0.027499999850988388,5.0,2.0,1.2000000476837158,0.305042028427124,0.28653305768966675,0.01850896142423153,1.2838503122329712,1.7819368839263916,0.7164289355278015,1.190361738204956,0.8991577625274658
1,2,144,6,1,0,valid_not_selected,0.5689917802810669,0.11277785152196884,1.0362579822540283,0.443891316652298,11097.283203125,42.62712097167969,3550000.0,0.009999999776482582,0.0020000000949949026,60.0,120.0,240.0,0.02500000037252903,0.23000000417232513,0.07999999821186066,0.20000000298023224,0.027499999850988388,5.0,2.0,1.2000000476837158,1.0279834270477295,1.158653974533081,-0.13067050278186798,1.0947325229644775,1.9447227716445923,0.45418739318847656,0.7603569626808167,0.5337408781051636
1,2,145,9,1,0,valid_not_selected,0.6852707862854004,0.07558824867010117,1.3678209781646729,0.2403949499130249,6009.87353515625,92.46353912353516,480000.0,0.019999999552965164,0.0020000000949949026,60.0,180.0,300.0,0.02500000037252903,0.23000000417232513,0.07999999821186066,0.20000000298023224,0.027499999850988388,5.0,2.0,1.2000000476837158,0.6245313286781311,0.5806416273117065,0.04388968273997307,1.221994400024414,2.1255977153778076,0.5308401584625244,0.8986806273460388,0.6714205145835876
1,2,146,10,1,0,valid_not_selected,0.5887822508811951,0.10593977570533752,1.540794014930725,0.34617817401885986,8654.4541015625,191.74285888671875,480000.0,0.009999999776482582,0.0020000000949949026,60.0,120.0,240.0,0.02500000037252903,0.23000000417232513,0.07999999821186066,0.20000000298023224,0.027499999850988388,5.0,2.0,1.2000000476837158,0.5147873759269714,0.5757859945297241,-0.060998640954494476,1.0245486497879028,1.8285229206085205,0.42615169286727905,0.6408172845840454,0.42434054613113403
1,2,147,7,1,0,valid_not_selected,0.6846963763237,0.07575596123933792,1.0,0.21964578330516815,5491.14453125,10.437067031860352,3550000.0,0.009999999776482582,0.0020000000949949026,60.0,180.0,300.0,0.02500000037252903,0.23000000417232513,0.07999999821186066,0.20000000298023224,0.027499999850988388,5.0,2.0,1.2000000476837158,0.534295916557312,0.4966701865196228,0.03762572631239891,1.1186044216156006,2.0720856189727783,0.5776208639144897,1.267780065536499,0.9594743847846985
1,2,148,5,1,0,valid_not_selected,0.7445341348648071,0.05899931862950325,1.017702579498291,0.2776716649532318,6941.791015625,16.67999267578125,3550000.0,0.019999999552965164,0.0020000000949949026,60.0,180.0,300.0,0.02500000037252903,0.23000000417232513,0.07999999821186066,0.20000000298023224,0.027499999850988388,5.0,2.0,1.2000000476837158,1.1888741254806519,1.1226391792297363,0.06623494625091553,1.167586326599121,1.9188194274902344,0.6115863919258118,0.9697336554527283,0.7968915104866028
1,2,149,7,1,0,valid_not_selected,0.6149450540542603,0.09724447876214981,1.0,0.16357122361660004,4089.280517578125,5.7882399559021,3550000.0,0.009999999776482582,0.0020000000949949026,60.0,180.0,300.0,0.02500000037252903,0.23000000417232513,0.07999999821186066,0.20000000298023224,0.027499999850988388,5.0,2.0,1.2000000476837158,0.33040890097618103,0.30112606287002563,0.02928284741938114,1.1609814167022705,2.0388083457946777,0.6129153966903687,1.3201946020126343,1.0123605728149414
1,2,150,7,1,0,valid_not_selected,0.5599523186683655,0.11598072946071625,1.0,0.11703711748123169,2925.927734375,2.963329553604126,3550000.0,0.009999999776482582,0.0020000000949949026,60.0,180.0,300.0,0.02500000037252903,0.23000000417232513,0.07999999821186066,0.20000000298023224,0.027499999850988388,5.0,2.0,1.2000000476837158,0.18943224847316742,0.1697450876235962,0.01968715898692608,1.207922101020813,2.0526740550994873,0.6648828983306885,1.3539247512817383,1.0849244594573975
1,2,151,6,1,0,valid_not_selected,0.7002036571502686,0.07127680629491806,1.005865216255188,0.2857324779033661,7143.3115234375,17.662490844726562,3550000.0,0.009999999776482582,0.0020000000949949026,60.0,120.0,240.0,0.02500000037252903,0.23000000417232513,0.07999999821186066,0.20000000298023224,0.027499999850988388,5.0,2.0,1.2000000476837158,0.5863045454025269,0.6313017010688782,-0.044997166842222214,1.3005881309509277,2.135864734649658,0.5042076110839844,0.9427863359451294,0.6309515833854675
1,2,152,10,1,0,valid_not_selected,0.7160095572471619,0.06681235879659653,1.3678209781646729,0.23798024654388428,5949.505859375,90.61532592773438,480000.0,0.009999999776482582,0.0020000000949949026,60.0,120.0,240.0,0.02500000037252903,0.23000000417232513,0.07999999821186066,0.20000000298023224,0.027499999850988388,5.0,2.0,1.2000000476837158,0.32083892822265625,0.34380966424942017,-0.022970734164118767,1.1496374607086182,2.097841501235962,0.4416566491127014,0.805338978767395,0.5254196524620056
1,2,153,11,1,0,valid_not_selected,0.7298796772956848,0.06297510862350464,1.7584718465805054,0.41739144921302795,10434.7861328125,278.744873046875,480000.0,0.009999999776482582,0.0020000000949949026,60.0,180.0,300.0,0.02500000037252903,0.23000000417232513,0.07999999821186066,0.20000000298023224,0.027499999850988388,5.0,2.0,1.2000000476837158,0.8062532544136047,0.8604395389556885,-0.054186273366212845,1.1745100021362305,1.739349603652954,0.4734227955341339,0.7340835332870483,0.5344958305358887
1,2,154,10,1,0,valid_not_selected,0.6745892763137817,0.07873024791479111,1.3678209781646729,0.2617764174938202,6544.41015625,109.64299774169922,480000.0,0.009999999776482582,0.0020000000949949026,60.0,120.0,240.0,0.02500000037252903,0.23000000417232513,0.07999999821186066,0.20000000298023224,0.027499999850988388,5.0,2.0,1.2000000476837158,0.3616064786911011,0.3925088047981262,-0.0309023167937994,1.1177501678466797,2.0333895683288574,0.43753769993782043,0.7618547677993774,0.4985988140106201
1,2,155,0,1,0,valid_not_selected,0.9411565661430359,0.012129157781600952,1.8397393226623535,0.26955199241638184,6738.7998046875,4.464123249053955,12500000.0,0.019999999552965164,0.0020000000949949026,20.0,120.0,240.0,0.02500000037252903,0.23000000417232513,0.07999999821186066,0.20000000298023224,0.027499999850988388,5.0,2.0,1.2000000476837158,0.9719419479370117,0.9602943658828735,0.011647561565041542,1.2535099983215332,2.1000783443450928,0.49917978048324585,1.3130491971969604,0.8933021426200867
1,2,156,7,1,0,valid_not_selected,0.5556897521018982,0.11750903725624084,1.0419542789459229,0.11351356655359268,2837.839111328125,2.787586212158203,3550000.0,0.009999999776482582,0.0020000000949949026,60.0,180.0,300.0,0.02500000037252903,0.23000000417232513,0.07999999821186066,0.20000000298023224,0.027499999850988388,5.0,2.0,1.2000000476837158,0.18061663210391998,0.16162431240081787,0.018992317840456963,1.2106164693832397,2.062868118286133,0.6711161732673645,1.3556774854660034,1.0935776233673096
1,2,157,0,1,0,valid_not_selected,0.9690351486206055,0.006290876306593418,1.8397393226623535,0.4755801558494568,11889.50390625,13.896279335021973,12500000.0,0.019999999552965164,0.0020000000949949026,20.0,120.0,240.0,0.02500000037252903,0.23000000417232513,0.07999999821186066,0.20000000298023224,0.027499999850988388,5.0,2.0,1.2000000476837158,2.949608325958252,2.9682815074920654,-0.018673092126846313,1.265169620513916,2.503133773803711,0.45690661668777466,1.1571862697601318,0.7909150123596191
1,2,158,6,1,0,valid_not_selected,0.7163533568382263,0.06671633571386337,1.005865216255188,0.273013710975647,6825.34228515625,16.125072479248047,3550000.0,0.009999999776482582,0.0020000000949949026,60.0,120.0,240.0,0.02500000037252903,0.23000000417232513,0.07999999821186066,0.20000000298023224,0.027499999850988388,5.0,2.0,1.2000000476837158,0.5476990938186646,0.5868517160415649,-0.0391525961458683,1.3165653944015503,2.1434998512268066,0.5088294744491577,0.9559583067893982,0.6367749571800232
1,2,159,8,1,0,valid_not_selected,0.8890489339828491,0.023520605638623238,1.4450981616973877,0.31884753704071045,7971.18798828125,162.66195678710938,480000.0,0.019999999552965164,0.0020000000949949026,60.0,120.0,240.0,0.02500000037252903,0.23000000417232513,0.07999999821186066,0.20000000298023224,0.027499999850988388,5.0,2.0,1.2000000476837158,0.6944245100021362,0.7111512422561646,-0.01672670803964138,1.1044832468032837,2.014179229736328,0.42419883608818054,0.5868005156517029,0.3723942041397095
1,2,160,3,1,1,accepted,0.8301876783370972,0.037220701575279236,1.129174828529358,0.4468211531639099,11170.529296875,12.266440391540527,12500000.0,0.009999999776482582,0.0020000000949949026,60.0,180.0,300.0,0.02500000037252903,0.23000000417232513,0.07999999821186066,0.20000000298023224,0.027499999850988388,5.0,2.0,1.2000000476837158,2.1585066318511963,2.0810484886169434,0.07745808362960815,1.5113201141357422,2.056464433670044,0.6073729991912842,1.0135072469711304,0.7656705975532532
1,2,161,9,1,0,valid_not_selected,0.5921865701675415,0.1047867089509964,1.3678209781646729,0.18540845811367035,4635.21142578125,55.00205612182617,480000.0,0.019999999552965164,0.0020000000949949026,60.0,180.0,300.0,0.02500000037252903,0.23000000417232513,0.07999999821186066,0.20000000298023224,0.027499999850988388,5.0,2.0,1.2000000476837158,0.5080897212028503,0.4598984718322754,0.04819124564528465,1.1629947423934937,2.277759313583374,0.5622090101242065,1.0056054592132568,0.7960603833198547
1,2,162,11,1,1,accepted,0.9548083543777466,0.009248931892216206,1.3678209781646729,0.23157575726509094,5789.3935546875,85.80370330810547,480000.0,0.009999999776482582,0.0020000000949949026,60.0,180.0,300.0,0.02500000037252903,0.23000000417232513,0.07999999821186066,0.20000000298023224,0.027499999850988388,5.0,2.0,1.2000000476837158,0.32315680384635925,0.3261735737323761,-0.0030167573131620884,1.0132988691329956,2.0052649974823,0.4983057379722595,1.0778224468231201,0.7847222685813904
1,2,163,4,1,0,valid_not_selected,0.817782461643219,0.04023177921772003,1.8397393226623535,0.1383638232946396,3459.095458984375,4.141692638397217,3550000.0,0.019999999552965164,0.0020000000949949026,20.0,120.0,240.0,0.02500000037252903,0.23000000417232513,0.07999999821186066,0.20000000298023224,0.027499999850988388,5.0,2.0,1.2000000476837158,0.2022160440683365,0.21069258451461792,-0.00847653765231371,1.167891263961792,1.6035807132720947,0.5479648113250732,1.3516035079956055,0.8994415998458862
1,2,164,7,1,0,valid_not_selected,0.9462853670120239,0.011042213998734951,1.0,0.36807793378829956,9201.9482421875,29.309762954711914,3550000.0,0.009999999776482582,0.0020000000949949026,60.0,180.0,300.0,0.02500000037252903,0.23000000417232513,0.07999999821186066,0.20000000298023224,0.027499999850988388,5.0,2.0,1.2000000476837158,0.9874451160430908,0.9766606092453003,0.010784495621919632,1.1512815952301025,2.0557405948638916,0.5149112343788147,1.0390678644180298,0.8039504289627075
1,2,165,7,1,0,valid_not_selected,0.795409619808197,0.04577960819005966,1.0,0.2874642014503479,7186.6044921875,17.87723159790039,3550000.0,0.009999999776482582,0.0020000000949949026,60.0,180.0,300.0,0.02500000037252903,0.23000000417232513,0.07999999821186066,0.20000000298023224,0.027499999850988388,5.0,2.0,1.2000000476837158,0.7655822038650513,0.7320684194564819,0.03351380676031113,1.1059266328811646,2.0814061164855957,0.5445467233657837,1.179662823677063,0.8976234793663025
1,2,166,5,1,1,accepted,0.8135844469070435,0.041261106729507446,1.017702579498291,0.1475554257631302,3688.88525390625,4.710240364074707,3550000.0,0.019999999552965164,0.0020000000949949026,60.0,180.0,300.0,0.02500000037252903,0.23000000417232513,0.07999999821186066,0.20000000298023224,0.027499999850988388,5.0,2.0,1.2000000476837158,0.38212254643440247,0.36698052287101746,0.015142022632062435,1.1489871740341187,1.6487668752670288,0.7063232660293579,1.0608536005020142,0.9797563552856445
1,2,167,9,1,0,valid_not_selected,0.8428242802619934,0.03419935703277588,1.5348132848739624,0.3444034159183502,8610.0849609375,189.78187561035156,480000.0,0.019999999552965164,0.0020000000949949026,60.0,180.0,300.0,0.02500000037252903,0.23000000417232513,0.07999999821186066,0.20000000298023224,0.027499999850988388,5.0,2.0,1.2000000476837158,0.9138608574867249,0.8836408853530884,0.030219949781894684,1.3586193323135376,1.8471623659133911,0.4998682737350464,0.7344248294830322,0.5226097702980042
1,2,168,9,1,0,valid_not_selected,0.7427855730056763,0.05946958437561989,1.3678209781646729,0.2738836109638214,6847.08984375,120.01952362060547,480000.0,0.019999999552965164,0.0020000000949949026,60.0,180.0,300.0,0.02500000037252903,0.23000000417232513,0.07999999821186066,0.20000000298023224,0.027499999850988388,5.0,2.0,1.2000000476837158,0.7006935477256775,0.6613625884056091,0.03933095932006836,1.266539454460144,2.027125358581543,0.5176082849502563,0.8383185863494873,0.6131384372711182
1,2,169,9,1,0,valid_not_selected,0.8517340421676636,0.032096199691295624,1.5617897510528564,0.3524811863899231,8812.029296875,198.7886962890625,480000.0,0.019999999552965164,0.0020000000949949026,60.0,180.0,300.0,0.02500000037252903,0.23000000417232513,0.07999999821186066,0.20000000298023224,0.027499999850988388,5.0,2.0,1.2000000476837158,0.943474531173706,0.9141342639923096,0.029340237379074097,1.3680641651153564,1.8299933671951294,0.4984515905380249,0.7246232032775879,0.5145182013511658
1,2,170,5,1,0,valid_not_selected,0.7457537651062012,0.058671966195106506,1.017702579498291,0.2881164848804474,7202.912109375,17.958452224731445,3550000.0,0.019999999552965164,0.0020000000949949026,60.0,180.0,300.0,0.02500000037252903,0.23000000417232513,0.07999999821186066,0.20000000298023224,0.027499999850988388,5.0,2.0,1.2000000476837158,1.255671739578247,1.1860820055007935,0.069589763879776,1.1729718446731567,1.9312628507614136,0.605435848236084,0.9582310914993286,0.7842825055122375
1,2,171,5,1,0,valid_not_selected,0.754763662815094,0.05627012252807617,1.017702579498291,0.3275630474090576,8189.076171875,23.212533950805664,3550000.0,0.019999999552965164,0.0020000000949949026,60.0,180.0,300.0,0.02500000037252903,0.23000000417232513,0.07999999821186066,0.20000000298023224,0.027499999850988388,5.0,2.0,1.2000000476837158,1.488547921180725,1.4092493057250977,0.07929863035678864,1.1990374326705933,1.9681144952774048,0.5832350254058838,0.9124321341514587,0.7363223433494568
1,2,172,11,1,0,valid_not_selected,0.7294895648956299,0.06308203935623169,1.7206496000289917,0.404042512178421,10101.0625,261.2004699707031,480000.0,0.009999999776482582,0.0020000000949949026,60.0,180.0,300.0,0.02500000037252903,0.23000000417232513,0.07999999821186066,0.20000000298023224,0.027499999850988388,5.0,2.0,1.2000000476837158,0.7580236792564392,0.8090608716011047,-0.05103721097111702,1.1630014181137085,1.752539038658142,0.47441667318344116,0.7490069270133972,0.5453600883483887
1,2,173,2,1,0,valid_not_selected,0.7668113708496094,0.053102895617485046,1.8397393226623535,0.43514078855514526,10878.51953125,11.63350772857666,12500000.0,0.009999999776482582,0.0020000000949949026,20.0,120.0,240.0,0.02500000037252903,0.23000000417232513,0.07999999821186066,0.20000000298023224,0.027499999850988388,5.0,2.0,1.2000000476837158,1.6323413848876953,1.7238847017288208,-0.0915432721376419,1.4251916408538818,2.248675584793091,0.5397986173629761,1.2344324588775635,0.875177264213562
1,2,174,3,1,0,valid_not_selected,0.7749394178390503,0.050994087010622025,1.129174828529358,0.299899697303772,7497.4921875,5.525901794433594,12500000.0,0.009999999776482582,0.0020000000949949026,60.0,180.0,300.0,0.02500000037252903,0.23000000417232513,0.07999999821186066,0.20000000298023224,0.027499999850988388,5.0,2.0,1.2000000476837158,0.95673006772995,0.9103096723556519,0.04642041027545929,1.3354923725128174,1.8388400077819824,0.6623766422271729,1.1117228269577026,0.8203702569007874
1,2,175,6,1,0,valid_not_selected,0.5999494791030884,0.10218197107315063,1.005865216255188,0.3870759904384613,9676.8994140625,32.41344451904297,3550000.0,0.009999999776482582,0.0020000000949949026,60.0,120.0,240.0,0.02500000037252903,0.23000000417232513,0.07999999821186066,0.20000000298023224,0.027499999850988388,5.0,2.0,1.2000000476837158,0.8771100044250488,0.9769351482391357,-0.09982515871524811,1.1662147045135498,2.0253074169158936,0.4699106812477112,0.8255336284637451,0.571509599685669
1,2,176,5,1,1,accepted,0.9103646874427795,0.0187819954007864,1.0693265199661255,0.11149290949106216,2787.322509765625,2.689225673675537,3550000.0,0.019999999552965164,0.0020000000949949026,60.0,180.0,300.0,0.02500000037252903,0.23000000417232513,0.07999999821186066,0.20000000298023224,0.027499999850988388,5.0,2.0,1.2000000476837158,0.22533971071243286,0.22118540108203888,0.00415430311113596,1.1632195711135864,1.5124506950378418,0.7569103837013245,1.0407222509384155,1.0930273532867432
1,2,177,1,1,0,valid_not_selected,0.9546565413475037,0.009280724450945854,1.129174828529358,0.3407990038394928,8519.9755859375,7.13588285446167,12500000.0,0.019999999552965164,0.0020000000949949026,60.0,180.0,300.0,0.02500000037252903,0.23000000417232513,0.07999999821186066,0.20000000298023224,0.027499999850988388,5.0,2.0,1.2000000476837158,1.8754854202270508,1.8582396507263184,0.017245810478925705,1.2960784435272217,1.841333031654358,0.6714967489242554,0.9635108709335327,0.7965826392173767
1,2,178,11,1,0,valid_not_selected,0.7563009262084961,0.055863186717033386,1.480901837348938,0.32881081104278564,8220.2705078125,172.98643493652344,480000.0,0.009999999776482582,0.0020000000949949026,60.0,180.0,300.0,0.02500000037252903,0.23000000417232513,0.07999999821186066,0.20000000298023224,0.027499999850988388,5.0,2.0,1.2000000476837158,0.526280403137207,0.5574196577072144,-0.03113923780620098,1.0921975374221802,1.8436789512634277,0.48104768991470337,0.8590357303619385,0.6252104043960571
1,2,179,10,1,0,valid_not_selected,0.568507194519043,0.11294826120138168,1.6797796487808228,0.39009758830070496,9752.4404296875,243.48171997070312,480000.0,0.009999999776482582,0.0020000000949949026,60.0,120.0,240.0,0.02500000037252903,0.23000000417232513,0.07999999821186066,0.20000000298023224,0.027499999850988388,5.0,2.0,1.2000000476837158,0.6062774658203125,0.6834747195243835,-0.07719728350639343,0.9913167953491211,1.7479712963104248,0.42196595668792725,0.59709233045578,0.39751896262168884
1,2,180,10,1,0,valid_not_selected,0.5592046976089478,0.11624793708324432,1.7795681953430176,0.4250278174877167,10625.6953125,289.0377197265625,480000.0,0.009999999776482582,0.0020000000949949026,60.0,120.0,240.0,0.02500000037252903,0.23000000417232513,0.07999999821186066,0.20000000298023224,0.027499999850988388,5.0,2.0,1.2000000476837158,0.6869911551475525,0.7773573398590088,-0.0903661847114563,0.971459150314331,1.6961159706115723,0.41926872730255127,0.5696835517883301,0.3806931972503662
1,2,181,1,1,0,valid_not_selected,0.9371442794799805,0.012983611784875393,1.129174828529358,0.42479634284973145,10619.9091796875,11.086962699890137,12500000.0,0.019999999552965164,0.0020000000949949026,60.0,180.0,300.0,0.02500000037252903,0.23000000417232513,0.07999999821186066,0.20000000298023224,0.027499999850988388,5.0,2.0,1.2000000476837158,2.8997933864593506,2.862626075744629,0.037167225033044815,1.373086929321289,1.9668374061584473,0.6415224075317383,0.9138641953468323,0.7520481944084167
1,2,182,10,1,0,valid_not_selected,0.5851655602455139,0.10717210173606873,1.5615670680999756,0.35241368412971497,8810.3427734375,198.7125701904297,480000.0,0.009999999776482582,0.0020000000949949026,60.0,120.0,240.0,0.02500000037252903,0.23000000417232513,0.07999999821186066,0.20000000298023224,0.027499999850988388,5.0,2.0,1.2000000476837158,0.5271588563919067,0.5904372930526733,-0.06327840685844421,1.0192081928253174,1.815955400466919,0.4254950284957886,0.6338913440704346,0.4200935363769531
1,2,183,3,1,0,valid_not_selected,0.7617712020874023,0.054421816021203995,1.129174828529358,0.266609787940979,6665.24462890625,4.367201805114746,12500000.0,0.009999999776482582,0.0020000000949949026,60.0,180.0,300.0,0.02500000037252903,0.23000000417232513,0.07999999821186066,0.20000000298023224,0.027499999850988388,5.0,2.0,1.2000000476837158,0.7599596381187439,0.7207359075546265,0.03922375664114952,1.3166351318359375,1.8085765838623047,0.6730177402496338,1.131977915763855,0.8356298208236694
1,2,184,9,1,0,valid_not_selected,0.5085031986236572,0.13525675237178802,1.3678209781646729,0.1240842267870903,3102.105712890625,24.63502311706543,480000.0,0.019999999552965164,0.0020000000949949026,60.0,180.0,300.0,0.02500000037252903,0.23000000417232513,0.07999999821186066,0.20000000298023224,0.027499999850988388,5.0,2.0,1.2000000476837158,0.3457179069519043,0.3045283854007721,0.0411895215511322,1.1429535150527954,2.379807233810425,0.6196702718734741,1.1139299869537354,1.0294381380081177
1,2,185,2,1,0,valid_not_selected,0.8044217228889465,0.04352632537484169,1.8397393226623535,0.17200306057929993,4300.07666015625,1.8177051544189453,12500000.0,0.009999999776482582,0.0020000000949949026,20.0,120.0,240.0,0.02500000037252903,0.23000000417232513,0.07999999821186066,0.20000000298023224,0.027499999850988388,5.0,2.0,1.2000000476837158,0.23209679126739502,0.2426588386297226,-0.010562047362327576,1.4681940078735352,1.8678205013275146,0.6209405064582825,1.284684181213379,0.8386061191558838
1,2,186,6,1,1,accepted,0.8400629162788391,0.03485569730401039,1.005865216255188,0.14250552654266357,3562.637939453125,4.393353462219238,3550000.0,0.009999999776482582,0.0020000000949949026,60.0,120.0,240.0,0.02500000037252903,0.23000000417232513,0.07999999821186066,0.20000000298023224,0.027499999850988388,5.0,2.0,1.2000000476837158,0.17369553446769714,0.17996846139431,-0.006272925995290279,1.4977823495864868,2.014298439025879,0.568284273147583,1.058258295059204,0.6738494038581848
1,2,187,6,1,0,valid_not_selected,0.6394294500350952,0.08943580090999603,1.005865216255188,0.33973896503448486,8493.4736328125,24.97028160095215,3550000.0,0.009999999776482582,0.0020000000949949026,60.0,120.0,240.0,0.02500000037252903,0.23000000417232513,0.07999999821186066,0.20000000298023224,0.027499999850988388,5.0,2.0,1.2000000476837158,0.7456867694854736,0.8189282417297363,-0.07324150204658508,1.23000168800354,2.0856101512908936,0.485179603099823,0.8819531798362732,0.6016750335693359
1,2,188,1,1,0,valid_not_selected,0.9639461040496826,0.007343985605984926,1.2681065797805786,0.15804064273834229,3951.01611328125,1.5345768928527832,12500000.0,0.019999999552965164,0.0020000000949949026,60.0,180.0,300.0,0.02500000037252903,0.23000000417232513,0.07999999821186066,0.20000000298023224,0.027499999850988388,5.0,2.0,1.2000000476837158,0.44209638237953186,0.44536715745925903,-0.0032707699574530125,1.1976871490478516,1.6511292457580566,0.7480400800704956,1.042017936706543,0.9594535231590271
1,2,189,9,1,0,valid_not_selected,0.4837721884250641,0.14522823691368103,1.3678209781646729,0.0989300087094307,2473.25,15.659429550170898,480000.0,0.019999999552965164,0.0020000000949949026,60.0,180.0,300.0,0.02500000037252903,0.23000000417232513,0.07999999821186066,0.20000000298023224,0.027499999850988388,5.0,2.0,1.2000000476837158,0.2717777192592621,0.2373131513595581,0.03446457162499428,1.1634870767593384,2.3798422813415527,0.6594330072402954,1.1416746377944946,1.21920907497406
1,2,190,0,1,0,valid_not_selected,0.9138949513435364,0.018007924780249596,1.8397393226623535,0.2021126002073288,5052.81494140625,2.5097925662994385,12500000.0,0.019999999552965164,0.0020000000949949026,20.0,120.0,240.0,0.02500000037252903,0.23000000417232513,0.07999999821186066,0.20000000298023224,0.027499999850988388,5.0,2.0,1.2000000476837158,0.5318003296852112,0.5223931074142456,0.009407215751707554,1.22704017162323,1.8930635452270508,0.5184926986694336,1.369095802307129,0.9289842247962952
1,2,191,10,1,1,accepted,0.8924366235733032,0.02275995723903179,1.3678209781646729,0.17159812152385712,4289.95263671875,47.11344909667969,480000.0,0.009999999776482582,0.0020000000949949026,60.0,120.0,240.0,0.02500000037252903,0.23000000417232513,0.07999999821186066,0.20000000298023224,0.027499999850988388,5.0,2.0,1.2000000476837158,0.20565015077590942,0.2104397565126419,-0.004789599683135748,1.2380485534667969,2.2443113327026367,0.45569175481796265,0.9442460536956787,0.6138061285018921
1,2,192,0,1,0,valid_not_selected,0.9724445343017578,0.005588443484157324,1.8397393226623535,0.468423992395401,11710.599609375,13.48122501373291,12500000.0,0.019999999552965164,0.0020000000949949026,20.0,120.0,240.0,0.02500000037252903,0.23000000417232513,0.07999999821186066,0.20000000298023224,0.027499999850988388,5.0,2.0,1.2000000476837158,2.874783754348755,2.890939712524414,-0.016155853867530823,1.266768217086792,2.4963090419769287,0.45819616317749023,1.1629747152328491,0.7949914932250977
1,2,193,3,1,0,valid_not_selected,0.7909570336341858,0.04690232500433922,1.129174828529358,0.33977681398391724,8494.4208984375,7.093140602111816,12500000.0,0.009999999776482582,0.0020000000949949026,60.0,180.0,300.0,0.02500000037252903,0.23000000417232513,0.07999999821186066,0.20000000298023224,0.027499999850988388,5.0,2.0,1.2000000476837158,1.2280114889144897,1.1729953289031982,0.055016208440065384,1.3686916828155518,1.8846429586410522,0.6491224765777588,1.0867643356323242,0.8041177988052368
1,2,194,1,1,0,valid_not_selected,0.9609373807907104,0.00796920619904995,1.129174828529358,0.31511566042900085,7877.89111328125,6.100860595703125,12500000.0,0.019999999552965164,0.0020000000949949026,60.0,180.0,300.0,0.02500000037252903,0.23000000417232513,0.07999999821186066,0.20000000298023224,0.027499999850988388,5.0,2.0,1.2000000476837158,1.6065787076950073,1.5938767194747925,0.012701932340860367,1.2770130634307861,1.8071452379226685,0.6801749467849731,0.9777142405509949,0.8109462261199951
1,2,195,10,1,0,valid_not_selected,0.6349481344223022,0.09084239602088928,1.3744958639144897,0.09126044064760208,2281.510986328125,13.325543403625488,480000.0,0.009999999776482582,0.0020000000949949026,60.0,120.0,240.0,0.02500000037252903,0.23000000417232513,0.07999999821186066,0.20000000298023224,0.027499999850988388,5.0,2.0,1.2000000476837158,0.08107228577136993,0.07432080805301666,0.006751480046659708,1.2807165384292603,2.1369993686676025,0.5220537781715393,1.1538817882537842,0.841381847858429
1,2,196,11,1,0,valid_not_selected,0.7342051267623901,0.06179336830973625,1.6181247234344482,0.3699660003185272,9249.1494140625,218.99966430664062,480000.0,0.009999999776482582,0.0020000000949949026,60.0,180.0,300.0,0.02500000037252903,0.23000000417232513,0.07999999821186066,0.20000000298023224,0.027499999850988388,5.0,2.0,1.2000000476837158,0.6445543169975281,0.6870067715644836,-0.04245246201753616,1.1318447589874268,1.7900493144989014,0.47713565826416016,0.7928757071495056,0.5772414207458496
1,2,197,1,1,1,accepted,0.9987635612487793,0.00024743610993027687,1.129174828529358,0.21480365097522736,5370.09130859375,2.834878444671631,12500000.0,0.019999999552965164,0.0020000000949949026,60.0,180.0,300.0,0.02500000037252903,0.23000000417232513,0.07999999821186066,0.20000000298023224,0.027499999850988388,5.0,2.0,1.2000000476837158,0.7669905424118042,0.7668008208274841,0.00018973421538248658,1.2222352027893066,1.6926450729370117,0.7165428400039673,1.0260181427001953,0.8820793032646179
1,2,198,7,1,1,accepted,0.9607171416282654,0.008015052415430546,1.0568331480026245,0.44992485642433167,11248.1220703125,43.79380798339844,3550000.0,0.009999999776482582,0.0020000000949949026,60.0,180.0,300.0,0.02500000037252903,0.23000000417232513,0.07999999821186066,0.20000000298023224,0.027499999850988388,5.0,2.0,1.2000000476837158,1.2808359861373901,1.291184902191162,-0.010348915122449398,1.2428393363952637,2.0091779232025146,0.49613434076309204,0.8965850472450256,0.7016831040382385
1,2,199,1,1,0,valid_not_selected,0.967258632183075,0.006657877005636692,1.129174828529358,0.2925873100757599,7314.6826171875,5.2597126960754395,12500000.0,0.019999999552965164,0.0020000000949949026,60.0,180.0,300.0,0.02500000037252903,0.23000000417232513,0.07999999821186066,0.20000000298023224,0.027499999850988388,5.0,2.0,1.2000000476837158,1.388741135597229,1.3795561790466309,0.009184915572404861,1.262120246887207,1.778807282447815,0.6877592206001282,0.9896897077560425,0.8242604732513428
1,2,200,0,1,0,valid_not_selected,0.9510670900344849,0.010034135542809963,1.8397393226623535,0.29479026794433594,7369.7568359375,5.339213848114014,12500000.0,0.019999999552965164,0.0020000000949949026,20.0,120.0,240.0,0.02500000037252903,0.23000000417232513,0.07999999821186066,0.20000000298023224,0.027499999850988388,5.0,2.0,1.2000000476837158,1.1719201803207397,1.1602778434753418,0.01164238527417183,1.2610340118408203,2.1708483695983887,0.493158221244812,1.2939471006393433,0.8815938234329224
1,2,201,1,1,1,accepted,0.9959495067596436,0.0008117425022646785,1.129174828529358,0.20529480278491974,5132.36962890625,2.589446783065796,12500000.0,0.019999999552965164,0.0020000000949949026,60.0,180.0,300.0,0.02500000037252903,0.23000000417232513,0.07999999821186066,0.20000000298023224,0.027499999850988388,5.0,2.0,1.2000000476837158,0.7048840522766113,0.7054566740989685,-0.0005726491799578071,1.218225359916687,1.6836330890655518,0.7207920551300049,1.0296423435211182,0.891621470451355
1,2,202,8,1,1,accepted,0.9246255159378052,0.01567329652607441,1.3678209781646729,0.2982306480407715,7455.765625,142.30638122558594,480000.0,0.019999999552965164,0.0020000000949949026,60.0,120.0,240.0,0.02500000037252903,0.23000000417232513,0.07999999821186066,0.20000000298023224,0.027499999850988388,5.0,2.0,1.2000000476837158,0.6424432992935181,0.6526728272438049,-0.010229534469544888,1.123622179031372,2.053452968597412,0.42766377329826355,0.6129326224327087,0.3882564306259155
1,2,203,3,1,0,valid_not_selected,0.7215068340301514,0.06528268754482269,1.284447193145752,0.1558367908000946,3895.919677734375,1.4920763969421387,12500000.0,0.009999999776482582,0.0020000000949949026,60.0,180.0,300.0,0.02500000037252903,0.23000000417232513,0.07999999821186066,0.20000000298023224,0.027499999850988388,5.0,2.0,1.2000000476837158,0.27724015712738037,0.2602503299713135,0.01698984019458294,1.2778222560882568,1.7903920412063599,0.7223693132400513,1.1943153142929077,0.9063870906829834
1,2,204,5,1,0,valid_not_selected,0.7557185888290405,0.05601723864674568,1.017702579498291,0.20738209784030914,5184.55224609375,9.304119110107422,3550000.0,0.019999999552965164,0.0020000000949949026,60.0,180.0,300.0,0.02500000037252903,0.23000000417232513,0.07999999821186066,0.20000000298023224,0.027499999850988388,5.0,2.0,1.2000000476837158,0.7256886959075928,0.6871939897537231,0.03849470987915993,1.1468355655670166,1.8046562671661377,0.6562434434890747,1.0349808931350708,0.8829529881477356
1,2,205,11,1,1,accepted,0.8043919801712036,0.04353371262550354,1.3678209781646729,0.28955531120300293,7238.88232421875,134.14759826660156,480000.0,0.009999999776482582,0.0020000000949949026,60.0,180.0,300.0,0.02500000037252903,0.23000000417232513,0.07999999821186066,0.20000000298023224,0.027499999850988388,5.0,2.0,1.2000000476837158,0.4324050843715668,0.45208606123924255,-0.019680984318256378,1.0554369688034058,1.904137372970581,0.4860893487930298,0.9376288056373596,0.6821566820144653
1,2,206,6,1,1,accepted,0.8331823945045471,0.03650054335594177,1.005865216255188,0.16532155871391296,4133.03857421875,5.912779331207275,3550000.0,0.009999999776482582,0.0020000000949949026,60.0,120.0,240.0,0.02500000037252903,0.23000000417232513,0.07999999821186066,0.20000000298023224,0.027499999850988388,5.0,2.0,1.2000000476837158,0.23210284113883972,0.24089565873146057,-0.008792822249233723,1.464191198348999,2.0855069160461426,0.5531351566314697,1.0444881916046143,0.6700259447097778
1,2,207,1,1,0,valid_not_selected,0.8823592662811279,0.025031190365552902,1.9979923963546753,0.0844021812081337,2110.0546875,0.43768176436424255,12500000.0,0.019999999552965164,0.0020000000949949026,60.0,180.0,300.0,0.02500000037252903,0.23000000417232513,0.07999999821186066,0.20000000298023224,0.027499999850988388,5.0,2.0,1.2000000476837158,0.19860805571079254,0.20370708405971527,-0.005099030677229166,1.1112380027770996,1.9385110139846802,0.8501254320144653,0.985745906829834,1.2958743572235107
1,2,208,5,1,1,accepted,0.8002586364746094,0.04456406459212303,1.1467238664627075,0.4772614538669586,11931.5361328125,49.27713394165039,3550000.0,0.019999999552965164,0.0020000000949949026,60.0,180.0,300.0,0.02500000037252903,0.23000000417232513,0.07999999821186066,0.20000000298023224,0.027499999850988388,5.0,2.0,1.2000000476837158,2.1605746746063232,2.0683984756469727,0.09217624366283417,1.3567954301834106,1.9697016477584839,0.5207357406616211,0.7440932393074036,0.5693343877792358
1,2,209,10,1,0,valid_not_selected,0.5524405837059021,0.11868187040090561,1.9181852340698242,0.47879910469055176,11969.9765625,366.7975769042969,480000.0,0.009999999776482582,0.0020000000949949026,60.0,120.0,240.0,0.02500000037252903,0.23000000417232513,0.07999999821186066,0.20000000298023224,0.027499999850988388,5.0,2.0,1.2000000476837158,0.826460599899292,0.9377551674842834,-0.11129453778266907,0.9497736096382141,1.6333564519882202,0.415935754776001,0.5371511578559875,0.3607105612754822
1,2,210,7,1,0,valid_not_selected,0.8599876761436462,0.03016744554042816,1.0,0.3211871087551117,8029.67724609375,22.317672729492188,3550000.0,0.009999999776482582,0.0020000000949949026,60.0,180.0,300.0,0.02500000037252903,0.23000000417232513,0.07999999821186066,0.20000000298023224,0.027499999850988388,5.0,2.0,1.2000000476837158,0.8600791096687317,0.8348925113677979,0.025186574086546898,1.117153286933899,2.074052333831787,0.5307062864303589,1.1241165399551392,0.8611699342727661
1,2,211,10,1,1,accepted,0.8063153028488159,0.04305608943104744,1.3678209781646729,0.1126120537519455,2815.30126953125,20.290353775024414,480000.0,0.009999999776482582,0.0020000000949949026,60.0,120.0,240.0,0.02500000037252903,0.23000000417232513,0.07999999821186066,0.20000000298023224,0.027499999850988388,5.0,2.0,1.2000000476837158,0.1082119345664978,0.10374508053064346,0.004466857295483351,1.2872285842895508,2.217900037765503,0.48508137464523315,1.0919164419174194,0.7336695194244385
1,2,212,9,1,1,accepted,0.9272907972335815,0.015097611583769321,1.8840360641479492,0.4649517238140106,11623.79296875,345.8880310058594,480000.0,0.019999999552965164,0.0020000000949949026,60.0,180.0,300.0,0.02500000037252903,0.23000000417232513,0.07999999821186066,0.20000000298023224,0.027499999850988388,5.0,2.0,1.2000000476837158,1.4584976434707642,1.4368053674697876,0.02169233001768589,1.4667788743972778,1.6580723524093628,0.485105037689209,0.6228584051132202,0.433808296918869
1,2,213,1,1,0,valid_not_selected,0.899576723575592,0.021166186779737473,1.8530527353286743,0.09559815376996994,2389.953857421875,0.5615004301071167,12500000.0,0.019999999552965164,0.0020000000949949026,60.0,180.0,300.0,0.02500000037252903,0.23000000417232513,0.07999999821186066,0.20000000298023224,0.027499999850988388,5.0,2.0,1.2000000476837158,0.22192686796188354,0.22672578692436218,-0.0047989203594625,1.13714599609375,1.7974247932434082,0.8255410194396973,1.0105262994766235,1.2146732807159424
1,2,214,3,1,0,valid_not_selected,0.7567151784896851,0.0557536743581295,1.129174828529358,0.2536368668079376,6340.92138671875,3.95253586769104,12500000.0,0.009999999776482582,0.0020000000949949026,60.0,180.0,300.0,0.02500000037252903,0.23000000417232513,0.07999999821186066,0.20000000298023224,0.027499999850988388,5.0,2.0,1.2000000476837158,0.690148115158081,0.6537018418312073,0.036446280777454376,1.3112918138504028,1.7987886667251587,0.6772313117980957,1.1397593021392822,0.8421025276184082
1,2,215,3,1,0,valid_not_selected,0.7767289876937866,0.05053276568651199,1.129174828529358,0.30437615513801575,7609.40380859375,5.692097187042236,12500000.0,0.009999999776482582,0.0020000000949949026,60.0,180.0,300.0,0.02500000037252903,0.23000000417232513,0.07999999821186066,0.20000000298023224,0.027499999850988388,5.0,2.0,1.2000000476837158,0.9851998686790466,0.9378097653388977,0.04739012196660042,1.3386329412460327,1.843461036682129,0.6609322428703308,1.1089636087417603,0.8184478878974915
1,2,216,4,1,0,valid_not_selected,0.8130124807357788,0.04140176624059677,1.8397393226623535,0.13051509857177734,3262.87744140625,3.6851422786712646,3550000.0,0.019999999552965164,0.0020000000949949026,20.0,120.0,240.0,0.02500000037252903,0.23000000417232513,0.07999999821186066,0.20000000298023224,0.027499999850988388,5.0,2.0,1.2000000476837158,0.1796630322933197,0.18742266297340393,-0.007759629283100367,1.168068766593933,1.5716893672943115,0.5537258386611938,1.361876368522644,0.9088842868804932
1,2,217,4,1,0,valid_not_selected,0.8112241625785828,0.04184217005968094,1.8397393226623535,0.3274810016155243,8187.02490234375,23.20090675354004,3550000.0,0.019999999552965164,0.0020000000949949026,20.0,120.0,240.0,0.02500000037252903,0.23000000417232513,0.07999999821186066,0.20000000298023224,0.027499999850988388,5.0,2.0,1.2000000476837158,1.14009690284729,1.1898841857910156,-0.049787335097789764,1.1675119400024414,2.168114185333252,0.4740179181098938,1.146889090538025,0.751762330532074
1,2,218,8,1,1,accepted,0.9500807523727417,0.01024166401475668,1.3678209781646729,0.28506171703338623,7126.5419921875,130.01625061035156,480000.0,0.019999999552965164,0.0020000000949949026,60.0,120.0,240.0,0.02500000037252903,0.23000000417232513,0.07999999821186066,0.20000000298023224,0.027499999850988388,5.0,2.0,1.2000000476837158,0.6091181039810181,0.6154210567474365,-0.006302935536950827,1.1361855268478394,2.075796604156494,0.4301721453666687,0.6312411427497864,0.39941513538360596
1,2,219,8,1,0,valid_not_selected,0.6625126004219055,0.08234313875436783,1.4862765073776245,0.08480627089738846,2120.156982421875,11.507362365722656,480000.0,0.019999999552965164,0.0020000000949949026,60.0,120.0,240.0,0.02500000037252903,0.23000000417232513,0.07999999821186066,0.20000000298023224,0.027499999850988388,5.0,2.0,1.2000000476837158,0.11238294094800949,0.10383300483226776,0.008549935184419155,0.917227566242218,0.8848183751106262,0.7155169248580933,0.8476645946502686,1.1501591205596924
1,2,220,1,1,0,valid_not_selected,0.9476034045219421,0.01076383888721466,1.129174828529358,0.3733586072921753,9333.96484375,8.564528465270996,12500000.0,0.019999999552965164,0.0020000000949949026,60.0,180.0,300.0,0.02500000037252903,0.23000000417232513,0.07999999821186066,0.20000000298023224,0.027499999850988388,5.0,2.0,1.2000000476837158,2.247236728668213,2.2233054637908936,0.02393130213022232,1.32340669631958,1.8876032829284668,0.6602317094802856,0.9447876811027527,0.7790989279747009
1,2,221,8,1,1,accepted,0.9857114553451538,0.0028783264569938183,1.3678209781646729,0.26822131872177124,6705.53271484375,115.10823822021484,480000.0,0.019999999552965164,0.0020000000949949026,60.0,120.0,240.0,0.02500000037252903,0.23000000417232513,0.07999999821186066,0.20000000298023224,0.027499999850988388,5.0,2.0,1.2000000476837158,0.565832257270813,0.567465603351593,-0.0016333513194695115,1.1521869897842407,2.099031925201416,0.4337586760520935,0.6564489006996155,0.41484853625297546
1,2,222,3,1,1,accepted,0.8358892798423767,0.035851821303367615,1.129174828529358,0.4685865640640259,11714.6640625,13.490584373474121,12500000.0,0.009999999776482582,0.0020000000949949026,60.0,180.0,300.0,0.02500000037252903,0.23000000417232513,0.07999999821186066,0.20000000298023224,0.027499999850988388,5.0,2.0,1.2000000476837158,2.3794121742248535,2.297058343887329,0.08235372602939606,1.5476046800613403,2.0972981452941895,0.598019003868103,0.9971855282783508,0.7577848434448242
1,2,223,7,1,1,accepted,0.9536290764808655,0.009496094658970833,1.1076771020889282,0.4651886522769928,11629.716796875,46.81563949584961,3550000.0,0.009999999776482582,0.0020000000949949026,60.0,180.0,300.0,0.02500000037252903,0.23000000417232513,0.07999999821186066,0.20000000298023224,0.027499999850988388,5.0,2.0,1.2000000476837158,1.34934663772583,1.3622829914093018,-0.012936367653310299,1.2611621618270874,1.9989089965820312,0.4935350716114044,0.873435914516449,0.6842964291572571
1,2,224,6,1,0,valid_not_selected,0.5547334551811218,0.11785349994897842,1.1811996698379517,0.48818114399909973,12204.5283203125,51.557838439941406,3550000.0,0.009999999776482582,0.0020000000949949026,60.0,120.0,240.0,0.02500000037252903,0.23000000417232513,0.07999999821186066,0.20000000298023224,0.027499999850988388,5.0,2.0,1.2000000476837158,1.14643394947052,1.299595832824707,-0.1531619131565094,1.0474250316619873,1.8827455043792725,0.44409388303756714,0.7147854566574097,0.5057743191719055
1,2,225,6,1,0,valid_not_selected,0.7777807712554932,0.05026211217045784,1.005865216255188,0.2250450998544693,5626.12744140625,10.956499099731445,3550000.0,0.009999999776482582,0.0020000000949949026,60.0,120.0,240.0,0.02500000037252903,0.23000000417232513,0.07999999821186066,0.20000000298023224,0.027499999850988388,5.0,2.0,1.2000000476837158,0.40210220217704773,0.4233822822570801,-0.021280087530612946,1.3769583702087402,2.1517887115478516,0.5266849994659424,1.0004740953445435,0.654905378818512
1,2,226,4,1,0,valid_not_selected,0.7780296206474304,0.05019813030958176,1.8397393226623535,0.3961353898048401,9903.3837890625,33.948455810546875,3550000.0,0.019999999552965164,0.0020000000949949026,20.0,120.0,240.0,0.02500000037252903,0.23000000417232513,0.07999999821186066,0.20000000298023224,0.027499999850988388,5.0,2.0,1.2000000476837158,1.5618302822113037,1.6443748474121094,-0.08254454284906387,1.1476715803146362,2.2396721839904785,0.4554058909416199,1.067725419998169,0.6978635191917419
1,2,227,2,1,1,accepted,0.8113486170768738,0.0418114960193634,1.8397393226623535,0.22108188271522522,5527.046875,3.003014087677002,12500000.0,0.009999999776482582,0.0020000000949949026,20.0,120.0,240.0,0.02500000037252903,0.23000000417232513,0.07999999821186066,0.20000000298023224,0.027499999850988388,5.0,2.0,1.2000000476837158,0.4041651785373688,0.4218013286590576,-0.017636144533753395,1.4718066453933716,1.9932531118392944,0.6050364971160889,1.2767773866653442,0.8479094505310059
1,2,228,2,1,0,valid_not_selected,0.7979888319969177,0.04513213038444519,1.8397393226623535,0.32624301314353943,8156.0751953125,6.539333820343018,12500000.0,0.009999999776482582,0.0020000000949949026,20.0,120.0,240.0,0.02500000037252903,0.23000000417232513,0.07999999821186066,0.20000000298023224,0.027499999850988388,5.0,2.0,1.2000000476837158,0.9206640124320984,0.964179515838623,-0.04351547732949257,1.4533988237380981,2.1571056842803955,0.5734291672706604,1.2604390382766724,0.865857720375061
1,2,229,3,1,0,valid_not_selected,0.7466183304786682,0.05844023823738098,1.129174828529358,0.22736214101314545,5684.05322265625,3.1760501861572266,12500000.0,0.009999999776482582,0.0020000000949949026,60.0,180.0,300.0,0.02500000037252903,0.23000000417232513,0.07999999821186066,0.20000000298023224,0.027499999850988388,5.0,2.0,1.2000000476837158,0.5599440932273865,0.5290275812149048,0.030916497111320496,1.3032399415969849,1.7828435897827148,0.6862682700157166,1.15532648563385,0.8563047051429749
1,2,230,8,1,0,valid_not_selected,0.7657098174095154,0.05339040607213974,1.3678209781646729,0.15129081904888153,3782.270263671875,36.62224578857422,480000.0,0.019999999552965164,0.0020000000949949026,60.0,120.0,240.0,0.02500000037252903,0.23000000417232513,0.07999999821186066,0.20000000298023224,0.027499999850988388,5.0,2.0,1.2000000476837158,0.21823477745056152,0.207173690199852,0.011061087250709534,1.162911295890808,1.695272445678711,0.48721593618392944,0.8553322553634644,0.5505509972572327
1,2,231,9,1,0,valid_not_selected,0.7211341261863708,0.06538602709770203,1.3678209781646729,0.26105210185050964,6526.30224609375,109.0370864868164,480000.0,0.019999999552965164,0.0020000000949949026,60.0,180.0,300.0,0.02500000037252903,0.23000000417232513,0.07999999821186066,0.20000000298023224,0.027499999850988388,5.0,2.0,1.2000000476837158,0.6700665354728699,0.6289424896240234,0.041124049574136734,1.2491397857666016,2.0644586086273193,0.5222289562225342,0.8607311248779297,0.6341457366943359
1,2,232,10,1,0,valid_not_selected,0.5537172555923462,0.11822022497653961,1.8785135746002197,0.46275031566619873,11568.7578125,342.6204528808594,480000.0,0.009999999776482582,0.0020000000949949026,60.0,120.0,240.0,0.02500000037252903,0.23000000417232513,0.07999999821186066,0.20000000298023224,0.027499999850988388,5.0,2.0,1.2000000476837158,0.7828384041786194,0.8877935409545898,-0.10495515167713165,0.9552862048149109,1.6502081155776978,0.41684234142303467,0.5458240509033203,0.3660386800765991
1,2,233,6,1,1,accepted,0.8062466382980347,0.04307311400771141,1.005865216255188,0.19963571429252625,4990.892578125,8.622023582458496,3550000.0,0.009999999776482582,0.0020000000949949026,60.0,120.0,240.0,0.02500000037252903,0.23000000417232513,0.07999999821186066,0.20000000298023224,0.027499999850988388,5.0,2.0,1.2000000476837158,0.3273102343082428,0.34204310178756714,-0.014732860960066319,1.4116312265396118,2.1379647254943848,0.536824107170105,1.0206530094146729,0.6622481346130371
1,2,234,9,1,0,valid_not_selected,0.47459977865219116,0.14905668795108795,1.597220540046692,0.07885189354419708,1971.297119140625,9.948190689086914,480000.0,0.019999999552965164,0.0020000000949949026,60.0,180.0,300.0,0.02500000037252903,0.23000000417232513,0.07999999821186066,0.20000000298023224,0.027499999850988388,5.0,2.0,1.2000000476837158,0.2097514122724533,0.18254226446151733,0.027209145948290825,1.208673119544983,2.340446949005127,0.7092623114585876,1.137587547302246,1.4539457559585571
1,2,235,2,1,0,valid_not_selected,0.7600535154342651,0.054873280227184296,1.8397393226623535,0.11698548495769501,2924.636962890625,0.8408432602882385,12500000.0,0.009999999776482582,0.0020000000949949026,20.0,120.0,240.0,0.02500000037252903,0.23000000417232513,0.07999999821186066,0.20000000298023224,0.027499999850988388,5.0,2.0,1.2000000476837158,0.09337538480758667,0.09879668056964874,-0.005421298090368509,1.3874075412750244,1.6497294902801514,0.6445585489273071,1.2939059734344482,0.8272296786308289
1,2,236,8,1,0,valid_not_selected,0.8604949712753296,0.030049502849578857,1.5129551887512207,0.3379943072795868,8449.857421875,182.7841796875,480000.0,0.019999999552965164,0.0020000000949949026,60.0,120.0,240.0,0.02500000037252903,0.23000000417232513,0.07999999821186066,0.20000000298023224,0.027499999850988388,5.0,2.0,1.2000000476837158,0.7432438731193542,0.7662699222564697,-0.023026030510663986,1.0877580642700195,1.9755886793136597,0.42142564058303833,0.5652353167533875,0.35935765504837036
1,2,237,3,1,1,accepted,0.8298775553703308,0.03729542717337608,1.129174828529358,0.4457540810108185,11143.8515625,12.207921981811523,12500000.0,0.009999999776482582,0.0020000000949949026,60.0,180.0,300.0,0.02500000037252903,0.23000000417232513,0.07999999821186066,0.20000000298023224,0.027499999850988388,5.0,2.0,1.2000000476837158,2.147892951965332,2.070666551589966,0.07722639292478561,1.5095864534378052,2.0544848442077637,0.60782790184021,1.0142942667007446,0.7660509943962097
1,2,238,0,1,0,valid_not_selected,0.8567620515823364,0.03091900423169136,1.8397393226623535,0.11823298782110214,2955.824462890625,0.8588719367980957,12500000.0,0.019999999552965164,0.0020000000949949026,20.0,120.0,240.0,0.02500000037252903,0.23000000417232513,0.07999999821186066,0.20000000298023224,0.027499999850988388,5.0,2.0,1.2000000476837158,0.19555231928825378,0.18968737125396729,0.005864944774657488,1.1509019136428833,1.7309751510620117,0.5688973665237427,1.4643027782440186,1.032442569732666
1,2,239,0,1,0,valid_not_selected,0.9086877107620239,0.019150761887431145,1.8397393226623535,0.19072069227695465,4768.01708984375,2.2348413467407227,12500000.0,0.019999999552965164,0.0020000000949949026,20.0,120.0,240.0,0.02500000037252903,0.23000000417232513,0.07999999821186066,0.20000000298023224,0.027499999850988388,5.0,2.0,1.2000000476837158,0.4719353914260864,0.46306729316711426,0.008868091739714146,1.221399188041687,1.8577110767364502,0.5225853323936462,1.3798190355300903,0.9365392923355103
1,2,240,2,1,0,valid_not_selected,0.7824647426605225,0.049061279743909836,1.8397393226623535,0.3860412836074829,9651.0322265625,9.156270027160645,12500000.0,0.009999999776482582,0.0020000000949949026,20.0,120.0,240.0,0.02500000037252903,0.23000000417232513,0.07999999821186066,0.20000000298023224,0.027499999850988388,5.0,2.0,1.2000000476837158,1.2942979335784912,1.3610739707946777,-0.06677602976560593,1.4399034976959229,2.21543025970459,0.5551508665084839,1.2481533288955688,0.8729208111763
1,2,241,6,1,1,accepted,0.8282580375671387,0.03768610581755638,1.0121264457702637,0.11575712263584137,2893.92822265625,2.8988664150238037,3550000.0,0.009999999776482582,0.0020000000949949026,60.0,120.0,240.0,0.02500000037252903,0.23000000417232513,0.07999999821186066,0.20000000298023224,0.027499999850988388,5.0,2.0,1.2000000476837158,0.11056918650865555,0.11489929258823395,-0.004330107010900974,1.4960328340530396,1.8611754179000854,0.5987458229064941,1.070822834968567,0.6763783097267151
1,2,242,5,1,0,valid_not_selected,0.7849926948547363,0.04841616749763489,1.017702579498291,0.4154588282108307,10386.470703125,37.34123611450195,3550000.0,0.019999999552965164,0.0020000000949949026,60.0,180.0,300.0,0.02500000037252903,0.23000000417232513,0.07999999821186066,0.20000000298023224,0.027499999850988388,5.0,2.0,1.2000000476837158,1.889212727546692,1.8019683361053467,0.08724439889192581,1.285399317741394,1.9921989440917969,0.5418325662612915,0.8086008429527283,0.6324853897094727
1,2,243,10,1,0,valid_not_selected,0.7451047897338867,0.058846086263656616,1.3678209781646729,0.22396381199359894,5599.09521484375,80.2556381225586,480000.0,0.009999999776482582,0.0020000000949949026,60.0,120.0,240.0,0.02500000037252903,0.23000000417232513,0.07999999821186066,0.20000000298023224,0.027499999850988388,5.0,2.0,1.2000000476837158,0.29678043723106384,0.31533676385879517,-0.01855633407831192,1.1688679456710815,2.13482403755188,0.4442695379257202,0.8326591849327087,0.5423776507377625
1,2,244,8,1,0,valid_not_selected,0.7773007750511169,0.050385575741529465,1.767538070678711,0.42065611481666565,10516.40234375,283.1224365234375,480000.0,0.019999999552965164,0.0020000000949949026,60.0,120.0,240.0,0.02500000037252903,0.23000000417232513,0.07999999821186066,0.20000000298023224,0.027499999850988388,5.0,2.0,1.2000000476837158,0.9736360907554626,1.0252962112426758,-0.05166013911366463,1.0314123630523682,1.819962978363037,0.41307348012924194,0.49733638763427734,0.3186366856098175
1,2,245,0,1,0,valid_not_selected,0.9685633778572083,0.006388276349753141,1.8397393226623535,0.33797547221183777,8449.3857421875,7.018130302429199,12500000.0,0.019999999552965164,0.0020000000949949026,20.0,120.0,240.0,0.02500000037252903,0.23000000417232513,0.07999999821186066,0.20000000298023224,0.027499999850988388,5.0,2.0,1.2000000476837158,1.5521066188812256,1.5422543287277222,0.00985234696418047,1.270445704460144,2.2794456481933594,0.48363298177719116,1.2621045112609863,0.8617237210273743
1,2,246,1,1,0,valid_not_selected,0.9434435367584229,0.011643758043646812,1.129174828529358,0.39376866817474365,9844.216796875,9.526500701904297,12500000.0,0.019999999552965164,0.0020000000949949026,60.0,180.0,300.0,0.02500000037252903,0.23000000417232513,0.07999999821186066,0.20000000298023224,0.027499999850988388,5.0,2.0,1.2000000476837158,2.497122049331665,2.468380928039551,0.028741229325532913,1.3422350883483887,1.9182190895080566,0.6529512405395508,0.9326968193054199,0.7683432698249817
1,2,247,5,1,1,accepted,0.9906980395317078,0.0018690935103222728,1.3432031869888306,0.0931537002325058,2328.842529296875,1.8772969245910645,3550000.0,0.019999999552965164,0.0020000000949949026,60.0,180.0,300.0,0.02500000037252903,0.23000000417232513,0.07999999821186066,0.20000000298023224,0.027499999850988388,5.0,2.0,1.2000000476837158,0.16339877247810364,0.1637047529220581,-0.0003059794835280627,1.1768605709075928,1.441924810409546,0.7986264228820801,0.9999738335609436,1.1903581619262695
1,2,248,5,1,0,valid_not_selected,0.7951281666755676,0.04585038870573044,1.0630345344543457,0.451759397983551,11293.984375,44.15166473388672,3550000.0,0.019999999552965164,0.0020000000949949026,60.0,180.0,300.0,0.02500000037252903,0.23000000417232513,0.07999999821186066,0.20000000298023224,0.027499999850988388,5.0,2.0,1.2000000476837158,2.0427029132843018,1.9531501531600952,0.08955269306898117,1.327324390411377,1.9818953275680542,0.5286648273468018,0.769472599029541,0.5940471291542053
1,2,249,11,1,0,valid_not_selected,0.7663835287094116,0.05321450158953667,1.4418971538543701,0.3179716169834137,7949.29052734375,161.7694549560547,480000.0,0.009999999776482582,0.0020000000949949026,60.0,180.0,300.0,0.02500000037252903,0.23000000417232513,0.07999999821186066,0.20000000298023224,0.027499999850988388,5.0,2.0,1.2000000476837158,0.4985465407371521,0.5265675783157349,-0.028021031990647316,1.0817649364471436,1.8594609498977661,0.4822714924812317,0.8791832327842712,0.639804482460022
1,2,250,8,1,0,valid_not_selected,0.759579062461853,0.05499817803502083,1.844327688217163,0.44935280084609985,11233.8203125,323.0686340332031,480000.0,0.019999999552965164,0.0020000000949949026,60.0,120.0,240.0,0.02500000037252903,0.23000000417232513,0.07999999821186066,0.20000000298023224,0.027499999850988388,5.0,2.0,1.2000000476837158,1.0643608570098877,1.1263055801391602,-0.06194475665688515,1.0177085399627686,1.7754170894622803,0.4111369252204895,0.4811025559902191,0.30898773670196533
1,2,251,4,1,0,valid_not_selected,0.5687772035598755,0.0642206147313118,2.2431633472442627,0.05161028727889061,1290.2572021484375,0.5762425065040588,3550000.0,0.019999999552965164,0.0020000000949949026,20.0,120.0,240.0,0.02500000037252903,0.23000000417232513,0.07999999821186066,0.20000000298023224,0.027499999850988388,5.0,2.0,1.2000000476837158,0.07545105367898941,0.08062910288572311,-0.0051780506037175655,1.0186076164245605,2.0814738273620605,0.7753154635429382,1.3923333883285522,1.7697569131851196
1,2,252,9,1,1,accepted,0.9209121465682983,0.016478128731250763,1.8426716327667236,0.4487137198448181,11217.8427734375,322.1502685546875,480000.0,0.019999999552965164,0.0020000000949949026,60.0,180.0,300.0,0.02500000037252903,0.23000000417232513,0.07999999821186066,0.20000000298023224,0.027499999850988388,5.0,2.0,1.2000000476837158,1.3730568885803223,1.35079824924469,0.02225862629711628,1.456108808517456,1.6763997077941895,0.48656022548675537,0.6342995166778564,0.4426156282424927
1,2,253,4,1,0,valid_not_selected,0.7818840742111206,0.04920975863933563,1.8397393226623535,0.08929245918989182,2232.311279296875,1.7248934507369995,3550000.0,0.019999999552965164,0.0020000000949949026,20.0,120.0,240.0,0.02500000037252903,0.23000000417232513,0.07999999821186066,0.20000000298023224,0.027499999850988388,5.0,2.0,1.2000000476837158,0.08919567614793777,0.09381215274333954,-0.004616473335772753,1.157954454421997,1.4472392797470093,0.6052697896957397,1.4239909648895264,1.000490665435791
1,2,254,0,1,0,valid_not_selected,0.9609364867210388,0.007969390600919724,1.8397393226623535,0.3194153308868408,7985.38330078125,6.2684855461120605,12500000.0,0.019999999552965164,0.0020000000949949026,20.0,120.0,240.0,0.02500000037252903,0.23000000417232513,0.07999999821186066,0.20000000298023224,0.027499999850988388,5.0,2.0,1.2000000476837158,1.383317470550537,1.3723803758621216,0.010937035083770752,1.2669802904129028,2.23482608795166,0.4876291751861572,1.2757227420806885,0.8703020811080933
1,2,255,8,1,0,valid_not_selected,0.8644850254058838,0.02912425994873047,1.9809376001358032,0.061300408095121384,1532.5101318359375,6.0123820304870605,480000.0,0.019999999552965164,0.0020000000949949026,60.0,120.0,240.0,0.02500000037252903,0.23000000417232513,0.07999999821186066,0.20000000298023224,0.027499999850988388,5.0,2.0,1.2000000476837158,0.07024861127138138,0.0682605728507042,0.0019880386535078287,0.9949356317520142,0.9016260504722595,0.8266386389732361,0.7664414644241333,1.2130815982818604
1,2,256,6,1,0,valid_not_selected,0.7452442646026611,0.05880865082144737,1.005865216255188,0.2507523000240326,6268.8076171875,13.602620124816895,3550000.0,0.009999999776482582,0.0020000000949949026,60.0,120.0,240.0,0.02500000037252903,0.23000000417232513,0.07999999821186066,0.20000000298023224,0.027499999850988388,5.0,2.0,1.2000000476837158,0.47985318303108215,0.509835958480835,-0.029982764273881912,1.3442938327789307,2.1518609523773193,0.5170109868049622,0.9776659607887268,0.6459269523620605
1,2,257,9,1,0,valid_not_selected,0.7658286690711975,0.053359366953372955,1.3678209781646729,0.2881002128124237,7202.50537109375,132.802734375,480000.0,0.019999999552965164,0.0020000000949949026,60.0,180.0,300.0,0.02500000037252903,0.23000000417232513,0.07999999821186066,0.20000000298023224,0.027499999850988388,5.0,2.0,1.2000000476837158,0.737278938293457,0.6999310851097107,0.03734787926077843,1.2859270572662354,1.9869728088378906,0.5130718946456909,0.8146832585334778,0.591646671295166
1,2,258,1,1,0,valid_not_selected,0.9535723328590393,0.009508004412055016,1.3640756607055664,0.14552925527095795,3638.231201171875,1.301222801208496,12500000.0,0.019999999552965164,0.0020000000949949026,60.0,180.0,300.0,0.02500000037252903,0.23000000417232513,0.07999999821186066,0.20000000298023224,0.027499999850988388,5.0,2.0,1.2000000476837158,0.3857288062572479,0.38943153619766235,-0.0037027166690677404,1.1909244060516357,1.6499617099761963,0.7580918073654175,1.0425952672958374,0.9876472353935242
1,2,259,0,1,0,valid_not_selected,0.9051554203033447,0.01992972381412983,1.8397393226623535,0.18345001339912415,4586.25,2.0676956176757812,12500000.0,0.019999999552965164,0.0020000000949949026,20.0,120.0,240.0,0.02500000037252903,0.23000000417232513,0.07999999821186066,0.20000000298023224,0.027499999850988388,5.0,2.0,1.2000000476837158,0.4359889328479767,0.4274695813655853,0.008519350551068783,1.2174928188323975,1.8356517553329468,0.525409996509552,1.3869467973709106,0.9418021440505981
1,2,260,4,1,0,valid_not_selected,0.8240232467651367,0.0387113057076931,1.8397393226623535,0.2949434518814087,7373.5859375,18.81959342956543,3550000.0,0.019999999552965164,0.0020000000949949026,20.0,120.0,240.0,0.02500000037252903,0.23000000417232513,0.07999999821186066,0.20000000298023224,0.027499999850988388,5.0,2.0,1.2000000476837158,0.9413667321205139,0.9792757630348206,-0.037909042090177536,1.1718807220458984,2.1081862449645996,0.4836750030517578,1.1822280883789062,0.7759678363800049
1,2,261,9,1,1,accepted,0.8927898406982422,0.022680815309286118,1.7054810523986816,0.3988097310066223,9970.2431640625,254.47862243652344,480000.0,0.019999999552965164,0.0020000000949949026,60.0,180.0,300.0,0.02500000037252903,0.23000000417232513,0.07999999821186066,0.20000000298023224,0.027499999850988388,5.0,2.0,1.2000000476837158,1.1332123279571533,1.1080801486968994,0.025132160633802414,1.4160683155059814,1.745213508605957,0.49182432889938354,0.675653338432312,0.47498276829719543
1,2,262,8,1,0,valid_not_selected,0.7661475539207458,0.05327610671520233,1.8142169713974,0.43787404894828796,10946.8515625,306.7738037109375,480000.0,0.019999999552965164,0.0020000000949949026,60.0,120.0,240.0,0.02500000037252903,0.23000000417232513,0.07999999821186066,0.20000000298023224,0.027499999850988388,5.0,2.0,1.2000000476837158,1.0273123979568481,1.0851235389709473,-0.057811155915260315,1.0228700637817383,1.7925862073898315,0.4118674099445343,0.48724159598350525,0.312631756067276
1,2,263,10,1,0,valid_not_selected,0.6354305744171143,0.0906904861330986,1.3678209781646729,0.29112645983695984,7278.1611328125,135.6073455810547,480000.0,0.009999999776482582,0.0020000000949949026,60.0,120.0,240.0,0.02500000037252903,0.23000000417232513,0.07999999821186066,0.20000000298023224,0.027499999850988388,5.0,2.0,1.2000000476837158,0.41260555386543274,0.45375698804855347,-0.041151441633701324,1.081162691116333,1.9558031558990479,0.4330157935619354,0.7137840390205383,0.4690776765346527
1,2,264,4,1,0,valid_not_selected,0.7628700733184814,0.05413350835442543,1.8397393226623535,0.4254865348339081,10637.1640625,39.165565490722656,3550000.0,0.019999999552965164,0.0020000000949949026,20.0,120.0,240.0,0.02500000037252903,0.23000000417232513,0.07999999821186066,0.20000000298023224,0.027499999850988388,5.0,2.0,1.2000000476837158,1.734480619430542,1.8337478637695312,-0.09926720708608627,1.1356779336929321,2.249066114425659,0.4482123553752899,1.0322680473327637,0.6739168167114258
1,2,265,8,1,1,accepted,0.9829777479171753,0.0034337532706558704,1.3678209781646729,0.25443145632743835,6360.7861328125,103.57655334472656,480000.0,0.019999999552965164,0.0020000000949949026,60.0,120.0,240.0,0.02500000037252903,0.23000000417232513,0.07999999821186066,0.20000000298023224,0.027499999850988388,5.0,2.0,1.2000000476837158,0.5294367074966431,0.5276249647140503,0.0018117339350283146,1.1647909879684448,2.1115219593048096,0.4370504915714264,0.6784865856170654,0.42841970920562744
1,2,266,10,1,0,valid_not_selected,0.5515486598014832,0.11900503933429718,1.9649171829223633,0.49841955304145813,12460.48828125,397.47515869140625,480000.0,0.009999999776482582,0.0020000000949949026,60.0,120.0,240.0,0.02500000037252903,0.23000000417232513,0.07999999821186066,0.20000000298023224,0.027499999850988388,5.0,2.0,1.2000000476837158,0.8821460008621216,1.0013065338134766,-0.11916052550077438,0.9439682364463806,1.6146219968795776,0.41491419076919556,0.5275585651397705,0.3548170328140259
1,2,267,2,1,0,valid_not_selected,0.7532055377960205,0.05668342858552933,1.8397393226623535,0.47326231002807617,11831.556640625,13.76115608215332,12500000.0,0.009999999776482582,0.0020000000949949026,20.0,120.0,240.0,0.02500000037252903,0.23000000417232513,0.07999999821186066,0.20000000298023224,0.027499999850988388,5.0,2.0,1.2000000476837158,1.9061460494995117,2.0206854343414307,-0.11453937739133835,1.4104523658752441,2.265307664871216,0.5277606248855591,1.220778465270996,0.8739134669303894
1,2,268,0,1,1,accepted,0.9782990217208862,0.004387976136058569,1.8397393226623535,0.36101242899894714,9025.310546875,8.007471084594727,12500000.0,0.019999999552965164,0.0020000000949949026,20.0,120.0,240.0,0.02500000037252903,0.23000000417232513,0.07999999821186066,0.20000000298023224,0.027499999850988388,5.0,2.0,1.2000000476837158,1.7713396549224854,1.7636010646820068,0.00773863960057497,1.2734265327453613,2.3302817344665527,0.4788357615470886,1.245195984840393,0.8508674502372742
1,2,269,3,1,0,valid_not_selected,0.7301511168479919,0.06290074437856674,1.129174828529358,0.18272747099399567,4568.18701171875,2.0514397621154785,12500000.0,0.009999999776482582,0.0020000000949949026,60.0,180.0,300.0,0.02500000037252903,0.23000000417232513,0.07999999821186066,0.20000000298023224,0.027499999850988388,5.0,2.0,1.2000000476837158,0.3714611530303955,0.34947869181632996,0.021982470527291298,1.2922515869140625,1.7733811140060425,0.7054853439331055,1.180749535560608,0.8848557472229004
1,2,270,3,1,0,valid_not_selected,0.7331572771072388,0.06207900121808052,1.129174828529358,0.19118548929691315,4779.63720703125,2.2457475662231445,12500000.0,0.009999999776482582,0.0020000000949949026,60.0,180.0,300.0,0.02500000037252903,0.23000000417232513,0.07999999821186066,0.20000000298023224,0.027499999850988388,5.0,2.0,1.2000000476837158,0.4040968716144562,0.3804772198200226,0.023619646206498146,1.2947722673416138,1.7726715803146362,0.7012315392494202,1.1761012077331543,0.8789000511169434
1,2,271,9,1,0,valid_not_selected,0.6501321792602539,0.08611591160297394,1.3678209781646729,0.22025185823440552,5506.29638671875,77.61738586425781,480000.0,0.019999999552965164,0.0020000000949949026,60.0,180.0,300.0,0.02500000037252903,0.23000000417232513,0.07999999821186066,0.20000000298023224,0.027499999850988388,5.0,2.0,1.2000000476837158,0.5826647877693176,0.5364664793014526,0.04619830101728439,1.1975164413452148,2.18454909324646,0.5407902598381042,0.9373453259468079,0.7122889757156372
1,2,272,0,1,0,valid_not_selected,0.8334178328514099,0.036444034427404404,1.8397393226623535,0.09791842848062515,2447.96044921875,0.589087724685669,12500000.0,0.019999999552965164,0.0020000000949949026,20.0,120.0,240.0,0.02500000037252903,0.23000000417232513,0.07999999821186066,0.20000000298023224,0.027499999850988388,5.0,2.0,1.2000000476837158,0.15663088858127594,0.15112334489822388,0.00550754414871335,1.0959281921386719,1.8397589921951294,0.6029798984527588,1.4900084733963013,1.1264960765838623
1,2,273,6,1,0,valid_not_selected,0.5794576406478882,0.1091325581073761,1.005865216255188,0.42114245891571045,10528.5615234375,38.36990737915039,3550000.0,0.009999999776482582,0.0020000000949949026,60.0,120.0,240.0,0.02500000037252903,0.23000000417232513,0.07999999821186066,0.20000000298023224,0.027499999850988388,5.0,2.0,1.2000000476837158,0.9679518342018127,1.0865273475646973,-0.11857550591230392,1.1221697330474854,1.9773257970809937,0.46011021733283997,0.7857467532157898,0.5487878322601318
1,2,274,1,1,0,valid_not_selected,0.9420235753059387,0.011944994330406189,1.129174828529358,0.4008043706417084,10020.109375,9.869973182678223,12500000.0,0.019999999552965164,0.0020000000949949026,60.0,180.0,300.0,0.02500000037252903,0.23000000417232513,0.07999999821186066,0.20000000298023224,0.027499999850988388,5.0,2.0,1.2000000476837158,2.5861124992370605,2.555586099624634,0.030526461079716682,1.349007248878479,1.9290385246276855,0.6503979563713074,0.9284716248512268,0.7646495699882507
1,2,275,9,1,0,valid_not_selected,0.5728039741516113,0.11144235730171204,1.3678209781646729,0.17279697954654694,4319.9248046875,47.77405548095703,480000.0,0.019999999552965164,0.0020000000949949026,60.0,180.0,300.0,0.02500000037252903,0.23000000417232513,0.07999999821186066,0.20000000298023224,0.027499999850988388,5.0,2.0,1.2000000476837158,0.4783281981945038,0.4303670823574066,0.047961123287677765,1.1538132429122925,2.306687355041504,0.5715169310569763,1.0299060344696045,0.8319262266159058
1,2,276,5,1,0,valid_not_selected,0.7946892976760864,0.04596080631017685,1.0567710399627686,0.44990649819374084,11247.662109375,43.79022979736328,3550000.0,0.019999999552965164,0.0020000000949949026,60.0,180.0,300.0,0.02500000037252903,0.23000000417232513,0.07999999821186066,0.20000000298023224,0.027499999850988388,5.0,2.0,1.2000000476837158,2.0345356464385986,1.9451355934143066,0.08940000087022781,1.325168251991272,1.9826412200927734,0.5292819738388062,0.7713870406150818,0.5959190726280212
1,2,277,10,1,1,accepted,0.8271268606185913,0.03795943409204483,1.3678209781646729,0.19183894991874695,4795.9736328125,58.88347625732422,480000.0,0.009999999776482582,0.0020000000949949026,60.0,120.0,240.0,0.02500000037252903,0.23000000417232513,0.07999999821186066,0.20000000298023224,0.027499999850988388,5.0,2.0,1.2000000476837158,0.2410563826560974,0.25056779384613037,-0.009511412121355534,1.2124055624008179,2.209986686706543,0.4508535861968994,0.899422287940979,0.5845010280609131
1,2,278,8,1,0,valid_not_selected,0.7486009001731873,0.05790986493229866,1.3678209781646729,0.14355610311031342,3588.902587890625,32.97335433959961,480000.0,0.019999999552965164,0.0020000000949949026,60.0,120.0,240.0,0.02500000037252903,0.23000000417232513,0.07999999821186066,0.20000000298023224,0.027499999850988388,5.0,2.0,1.2000000476837158,0.19472530484199524,0.1840660572052002,0.010659240186214447,1.1444406509399414,1.5963184833526611,0.49683791399002075,0.8659031391143799,0.5628435611724854
1,2,279,1,1,1,accepted,0.9899941682815552,0.0020112437196075916,1.129174828529358,0.23227082192897797,5806.7705078125,3.314671039581299,12500000.0,0.019999999552965164,0.0020000000949949026,60.0,180.0,300.0,0.02500000037252903,0.23000000417232513,0.07999999821186066,0.20000000298023224,0.027499999850988388,5.0,2.0,1.2000000476837158,0.888992428779602,0.8872080445289612,0.001784391701221466,1.2299257516860962,1.710270643234253,0.7093480825424194,1.0187644958496094,0.8665189743041992
1,2,280,10,1,0,valid_not_selected,0.3395272195339203,0.1754140406847,2.2031309604644775,0.05298393964767456,1324.5985107421875,4.49167537689209,480000.0,0.009999999776482582,0.0020000000949949026,60.0,120.0,240.0,0.02500000037252903,0.23000000417232513,0.07999999821186066,0.20000000298023224,0.027499999850988388,5.0,2.0,1.2000000476837158,0.06977452337741852,0.05936165526509285,0.010412868112325668,1.1761178970336914,2.278503179550171,0.819826602935791,1.0691895484924316,1.6642472743988037
1,2,281,5,1,0,valid_not_selected,0.7874531149864197,0.047790296375751495,1.017702579498291,0.423358291387558,10583.9560546875,38.77473449707031,3550000.0,0.019999999552965164,0.0020000000949949026,60.0,180.0,300.0,0.02500000037252903,0.23000000417232513,0.07999999821186066,0.20000000298023224,0.027499999850988388,5.0,2.0,1.2000000476837158,1.921769618988037,1.8341166973114014,0.08765298128128052,1.2944092750549316,1.9907903671264648,0.5387694835662842,0.7998085021972656,0.6238182187080383
1,2,282,3,1,0,valid_not_selected,0.8007336854934692,0.04444536939263344,1.129174828529358,0.3642255961894989,9105.638671875,8.150646209716797,12500000.0,0.009999999776482582,0.0020000000949949026,60.0,180.0,300.0,0.02500000037252903,0.23000000417232513,0.07999999821186066,0.20000000298023224,0.027499999850988388,5.0,2.0,1.2000000476837158,1.4146459102630615,1.3544470071792603,0.06019889563322067,1.3947983980178833,1.917936086654663,0.6404169201850891,1.0709518194198608,0.7949384450912476
1,2,283,0,1,0,valid_not_selected,0.8789872527122498,0.025796981528401375,1.8397393226623535,0.14160113036632538,3540.028076171875,1.2319256067276,12500000.0,0.019999999552965164,0.0020000000949949026,20.0,120.0,240.0,0.02500000037252903,0.23000000417232513,0.07999999821186066,0.20000000298023224,0.027499999850988388,5.0,2.0,1.2000000476837158,0.2640274167060852,0.25738760828971863,0.006639823317527771,1.1855578422546387,1.7330186367034912,0.5473164319992065,1.4335979223251343,0.9847564101219177
1,2,284,3,1,1,accepted,0.822913646697998,0.03898080810904503,1.129174828529358,0.42369216680526733,10592.3037109375,11.029401779174805,12500000.0,0.009999999776482582,0.0020000000949949026,60.0,180.0,300.0,0.02500000037252903,0.23000000417232513,0.07999999821186066,0.20000000298023224,0.027499999850988388,5.0,2.0,1.2000000476837158,1.933721661567688,1.8611717224121094,0.0725499764084816,1.4748698472976685,2.014353036880493,0.6171101331710815,1.0302966833114624,0.773840069770813
1,2,285,4,1,1,accepted,0.8319583535194397,0.036794573068618774,1.8397393226623535,0.2688198983669281,6720.49658203125,15.633475303649902,3550000.0,0.019999999552965164,0.0020000000949949026,20.0,120.0,240.0,0.02500000037252903,0.23000000417232513,0.07999999821186066,0.20000000298023224,0.027499999850988388,5.0,2.0,1.2000000476837158,0.7879387736320496,0.8180381655693054,-0.03009936399757862,1.1730613708496094,2.0480427742004395,0.4918552339076996,1.2097572088241577,0.7948777079582214
1,2,286,9,1,0,valid_not_selected,0.489694744348526,0.13749143481254578,2.0265159606933594,0.059494223445653915,1487.35546875,5.6632981300354,480000.0,0.019999999552965164,0.0020000000949949026,60.0,180.0,300.0,0.02500000037252903,0.23000000417232513,0.07999999821186066,0.20000000298023224,0.027499999850988388,5.0,2.0,1.2000000476837158,0.13311098515987396,0.11702153086662292,0.016089458018541336,1.2926616668701172,2.2465298175811768,0.7892119884490967,1.0584486722946167,1.6118338108062744
1,2,287,2,1,0,valid_not_selected,0.2831884026527405,0.13558238744735718,2.583730936050415,0.05101978778839111,1275.49462890625,0.15992942452430725,12500000.0,0.009999999776482582,0.0020000000949949026,20.0,120.0,240.0,0.02500000037252903,0.23000000417232513,0.07999999821186066,0.20000000298023224,0.027499999850988388,5.0,2.0,1.2000000476837158,0.010618164204061031,0.012283604592084885,-0.0016654405044391751,0.7519881725311279,1.590156078338623,0.7489660978317261,1.2016582489013672,0.8109918236732483
1,2,288,2,1,0,valid_not_selected,0.7963796854019165,0.04553583636879921,1.8397393226623535,0.15354134142398834,3838.533203125,1.4484442472457886,12500000.0,0.009999999776482582,0.0020000000949949026,20.0,120.0,240.0,0.02500000037252903,0.23000000417232513,0.07999999821186066,0.20000000298023224,0.027499999850988388,5.0,2.0,1.2000000476837158,0.1790877729654312,0.1876317411661148,-0.008543968200683594,1.4570895433425903,1.805904507637024,0.6276947259902954,1.2878934144973755,0.8349315524101257
1,2,289,7,1,0,valid_not_selected,0.561590850353241,0.11297386139631271,2.0121123790740967,0.06005917862057686,1501.4794921875,0.7803537249565125,3550000.0,0.009999999776482582,0.0020000000949949026,60.0,180.0,300.0,0.02500000037252903,0.23000000417232513,0.07999999821186066,0.20000000298023224,0.027499999850988388,5.0,2.0,1.2000000476837158,0.10307133197784424,0.09260894358158112,0.010462390258908272,1.0055773258209229,3.611248254776001,0.8966545462608337,1.1589714288711548,1.5006256103515625
1,2,290,2,1,1,accepted,0.8090164661407471,0.042387209832668304,1.8397393226623535,0.26196321845054626,6549.08056640625,4.216301918029785,12500000.0,0.009999999776482582,0.0020000000949949026,20.0,120.0,240.0,0.02500000037252903,0.23000000417232513,0.07999999821186066,0.20000000298023224,0.027499999850988388,5.0,2.0,1.2000000476837158,0.5816040635108948,0.607347846031189,-0.02574378065764904,1.4656565189361572,2.069054365158081,0.5926719903945923,1.2706583738327026,0.8553073406219482
1,2,291,2,1,0,valid_not_selected,0.744893491268158,0.058902811259031296,1.8397393226623535,0.4952855110168457,12382.1376953125,15.07170295715332,12500000.0,0.009999999776482582,0.0020000000949949026,20.0,120.0,240.0,0.02500000037252903,0.23000000417232513,0.07999999821186066,0.20000000298023224,0.027499999850988388,5.0,2.0,1.2000000476837158,2.0660815238952637,2.195396661758423,-0.12931503355503082,1.4004489183425903,2.2711682319641113,0.5208098292350769,1.211532473564148,0.8717843294143677
1,2,292,3,1,0,valid_not_selected,0.8101595640182495,0.0421048104763031,1.129174828529358,0.3884143829345703,9710.359375,9.269187927246094,12500000.0,0.009999999776482582,0.0020000000949949026,60.0,180.0,300.0,0.02500000037252903,0.23000000417232513,0.07999999821186066,0.20000000298023224,0.027499999850988388,5.0,2.0,1.2000000476837158,1.6148391962051392,1.5495938062667847,0.06524535268545151,1.4247061014175415,1.9546887874603271,0.6312896013259888,1.0548244714736938,0.7862331867218018
1,2,293,1,1,0,valid_not_selected,0.5919216871261597,0.036240819841623306,2.34317684173584,0.06273654103279114,1568.41357421875,0.24182000756263733,12500000.0,0.019999999552965164,0.0020000000949949026,60.0,180.0,300.0,0.02500000037252903,0.23000000417232513,0.07999999821186066,0.20000000298023224,0.027499999850988388,5.0,2.0,1.2000000476837158,0.1546073704957962,0.16042116284370422,-0.0058137946762144566,1.0346616506576538,2.599424362182617,0.9033142924308777,0.897251546382904,1.3718740940093994
1,2,294,7,1,1,accepted,0.9470139145851135,0.010888292454183102,1.1967023611068726,0.49317246675491333,12329.310546875,52.617515563964844,3550000.0,0.009999999776482582,0.0020000000949949026,60.0,180.0,300.0,0.02500000037252903,0.23000000417232513,0.07999999821186066,0.20000000298023224,0.027499999850988388,5.0,2.0,1.2000000476837158,1.485816240310669,1.5021723508834839,-0.01635609194636345,1.2938289642333984,1.979192852973938,0.48925694823265076,0.8345056772232056,0.6545923352241516
1,2,295,4,1,1,accepted,0.8387222290039062,0.0351751446723938,1.8397393226623535,0.2068174034357071,5170.4345703125,9.253518104553223,3550000.0,0.019999999552965164,0.0020000000949949026,20.0,120.0,240.0,0.02500000037252903,0.23000000417232513,0.07999999821186066,0.20000000298023224,0.027499999850988388,5.0,2.0,1.2000000476837158,0.4642297327518463,0.4811544120311737,-0.016924675554037094,1.1701782941818237,1.8645739555358887,0.5135900974273682,1.2740402221679688,0.8395822048187256
1,2,296,7,1,0,valid_not_selected,0.6534835696220398,0.08508758246898651,1.0,0.19585038721561432,4896.259765625,8.298155784606934,3550000.0,0.009999999776482582,0.0020000000949949026,60.0,180.0,300.0,0.02500000037252903,0.23000000417232513,0.07999999821186066,0.20000000298023224,0.027499999850988388,5.0,2.0,1.2000000476837158,0.44588539004325867,0.4109210968017578,0.03496428206562996,1.1333938837051392,2.0597140789031982,0.5911270380020142,1.2917066812515259,0.9803439378738403
1,2,297,8,1,0,valid_not_selected,0.786685049533844,0.047985468059778214,1.731729507446289,0.40790826082229614,10197.70703125,266.2225341796875,480000.0,0.019999999552965164,0.0020000000949949026,60.0,120.0,240.0,0.02500000037252903,0.23000000417232513,0.07999999821186066,0.20000000298023224,0.027499999850988388,5.0,2.0,1.2000000476837158,0.9353082776069641,0.9824516773223877,-0.04714340344071388,1.0383973121643066,1.8414958715438843,0.4140625,0.5055694580078125,0.32354503870010376
1,2,298,9,1,0,valid_not_selected,0.5300440192222595,0.12695905566215515,1.3678209781646729,0.14198565483093262,3549.64111328125,32.2558708190918,480000.0,0.019999999552965164,0.0020000000949949026,60.0,180.0,300.0,0.02500000037252903,0.23000000417232513,0.07999999821186066,0.20000000298023224,0.027499999850988388,5.0,2.0,1.2000000476837158,0.3971690833568573,0.3524254858493805,0.0447436086833477,1.1413997411727905,2.3614468574523926,0.5990487933158875,1.0857501029968262,0.9410834908485413
1,2,299,2,1,0,valid_not_selected,0.4967194199562073,0.09840593487024307,2.207700252532959,0.0704830139875412,1762.0753173828125,0.3052249550819397,12500000.0,0.009999999776482582,0.0020000000949949026,20.0,120.0,240.0,0.02500000037252903,0.23000000417232513,0.07999999821186066,0.20000000298023224,0.027499999850988388,5.0,2.0,1.2000000476837158,0.024011364206671715,0.026632122695446014,-0.002620758954435587,1.0201185941696167,1.4464428424835205,0.6944047212600708,1.2776693105697632,0.8135692477226257
1,2,300,5,1,0,valid_not_selected,0.7452833652496338,0.058798156678676605,1.017702579498291,0.24245190620422363,6061.29736328125,12.716979026794434,3550000.0,0.019999999552965164,0.0020000000949949026,60.0,180.0,300.0,0.02500000037252903,0.23000000417232513,0.07999999821186066,0.20000000298023224,0.027499999850988388,5.0,2.0,1.2000000476837158,0.9558628797531128,0.9027810096740723,0.05308185890316963,1.1539503335952759,1.8685804605484009,0.6331217288970947,1.0055339336395264,0.8393088579177856
1,2,301,4,1,0,valid_not_selected,0.8275200724601746,0.03786439076066017,1.8397393226623535,0.2843836843967438,7109.59228515625,17.49613380432129,3550000.0,0.019999999552965164,0.0020000000949949026,20.0,120.0,240.0,0.02500000037252903,0.23000000417232513,0.07999999821186066,0.20000000298023224,0.027499999850988388,5.0,2.0,1.2000000476837158,0.8784785866737366,0.9130507111549377,-0.03457210958003998,1.1725919246673584,2.085145950317383,0.48693183064460754,1.1934317350387573,0.7836569547653198
1,2,302,9,1,0,valid_not_selected,0.6176029443740845,0.09638190269470215,1.3678209781646729,0.20109786093235016,5027.44580078125,64.70454406738281,480000.0,0.019999999552965164,0.0020000000949949026,60.0,180.0,300.0,0.02500000037252903,0.23000000417232513,0.07999999821186066,0.20000000298023224,0.027499999850988388,5.0,2.0,1.2000000476837158,0.5426794290542603,0.49497300386428833,0.04770644009113312,1.177058458328247,2.2377734184265137,0.5518467426300049,0.9748857021331787,0.75596684217453
1,2,303,4,1,1,accepted,0.8366585373878479,0.03566785156726837,1.8397393226623535,0.18927375972270966,4731.84375,7.750211238861084,3550000.0,0.019999999552965164,0.0020000000949949026,20.0,120.0,240.0,0.02500000037252903,0.23000000417232513,0.07999999821186066,0.20000000298023224,0.027499999850988388,5.0,2.0,1.2000000476837158,0.3864159882068634,0.40070840716362,-0.014292407780885696,1.1689292192459106,1.8028069734573364,0.5207735300064087,1.2926567792892456,0.8529390692710876
1,2,304,6,1,0,valid_not_selected,0.6500069499015808,0.08615444600582123,1.748887062072754,0.07138244807720184,1784.56103515625,1.1023401021957397,3550000.0,0.009999999776482582,0.0020000000949949026,60.0,120.0,240.0,0.02500000037252903,0.23000000417232513,0.07999999821186066,0.20000000298023224,0.027499999850988388,5.0,2.0,1.2000000476837158,0.028793880715966225,0.03150847554206848,-0.002714595291763544,0.8007104396820068,1.6062304973602295,0.8091692924499512,0.9734243154525757,0.7087633609771729
1,2,305,7,1,0,valid_not_selected,0.6318410634994507,0.09182347357273102,1.0,0.17800182104110718,4450.04541015625,6.854592800140381,3550000.0,0.009999999776482582,0.0020000000949949026,60.0,180.0,300.0,0.02500000037252903,0.23000000417232513,0.07999999821186066,0.20000000298023224,0.027499999850988388,5.0,2.0,1.2000000476837158,0.3808966279029846,0.34886282682418823,0.03203379735350609,1.147660255432129,2.0481982231140137,0.6024796962738037,1.3079289197921753,0.9972035884857178
1,2,306,9,1,0,valid_not_selected,0.5485556721687317,0.12009331583976746,1.3678209781646729,0.15593470633029938,3898.367431640625,38.904998779296875,480000.0,0.019999999552965164,0.0020000000949949026,60.0,180.0,300.0,0.02500000037252903,0.23000000417232513,0.07999999821186066,0.20000000298023224,0.027499999850988388,5.0,2.0,1.2000000476837158,0.43534302711486816,0.3886667490005493,0.04667627811431885,1.1450368165969849,2.3398020267486572,0.5856006741523743,1.0612950325012207,0.886867105960846
1,2,307,8,1,1,accepted,0.9012680053710938,0.020790517330169678,1.4176806211471558,0.3114226162433624,7785.56494140625,155.17440795898438,480000.0,0.019999999552965164,0.0020000000949949026,60.0,120.0,240.0,0.02500000037252903,0.23000000417232513,0.07999999821186066,0.20000000298023224,0.027499999850988388,5.0,2.0,1.2000000476837158,0.67568039894104,0.6900264024734497,-0.014346006326377392,1.1112663745880127,2.0287418365478516,0.4253857135772705,0.5958572626113892,0.3778834342956543
1,2,308,0,1,1,accepted,0.9961086511611938,0.0007797855068929493,1.8397393226623535,0.4181205928325653,10453.0146484375,10.74123477935791,12500000.0,0.019999999552965164,0.0020000000949949026,20.0,120.0,240.0,0.02500000037252903,0.23000000417232513,0.07999999821186066,0.20000000298023224,0.027499999850988388,5.0,2.0,1.2000000476837158,2.348412275314331,2.3502449989318848,-0.0018326869467273355,1.2740870714187622,2.433408737182617,0.4675503373146057,1.2024534940719604,0.8223798871040344
1,2,309,11,1,1,accepted,0.8993027210235596,0.021227113902568817,1.3678209781646729,0.24829982221126556,6207.49560546875,98.64444732666016,480000.0,0.009999999776482582,0.0020000000949949026,60.0,180.0,300.0,0.02500000037252903,0.23000000417232513,0.07999999821186066,0.20000000298023224,0.027499999850988388,5.0,2.0,1.2000000476837158,0.35173913836479187,0.3593674600124359,-0.0076283342204988,1.0231328010559082,1.9757020473480225,0.49399334192276,1.0353634357452393,0.7533784508705139
1,2,310,9,1,1,accepted,0.8837848901748657,0.024708323180675507,1.6702234745025635,0.38690701127052307,9672.6748046875,239.5151824951172,480000.0,0.019999999552965164,0.0020000000949949026,60.0,180.0,300.0,0.02500000037252903,0.23000000417232513,0.07999999821186066,0.20000000298023224,0.027499999850988388,5.0,2.0,1.2000000476837158,1.0813170671463013,1.055243730545044,0.026073303073644638,1.404758334159851,1.764876365661621,0.49332374334335327,0.6871417760848999,0.48413288593292236
1,2,311,7,1,0,valid_not_selected,0.6687135696411133,0.08047989010810852,1.0,0.2077733874320984,5194.3349609375,9.339262008666992,3550000.0,0.009999999776482582,0.0020000000949949026,60.0,180.0,300.0,0.02500000037252903,0.23000000417232513,0.07999999821186066,0.20000000298023224,0.027499999850988388,5.0,2.0,1.2000000476837158,0.4901406168937683,0.45363232493400574,0.03650828078389168,1.1253567934036255,2.066455602645874,0.5841808915138245,1.2800873517990112,0.9697574377059937
1,2,312,0,1,0,valid_not_selected,0.8938090205192566,0.022452635690569878,1.8397393226623535,0.16279713809490204,4069.928466796875,1.628338098526001,12500000.0,0.019999999552965164,0.0020000000949949026,20.0,120.0,240.0,0.02500000037252903,0.23000000417232513,0.07999999821186066,0.20000000298023224,0.027499999850988388,5.0,2.0,1.2000000476837158,0.34359464049339294,0.3360494375228882,0.007545195519924164,1.2044153213500977,1.7775013446807861,0.5346869230270386,1.4086432456970215,0.9594725370407104
1,2,313,6,1,1,accepted,0.8313772082328796,0.03693433105945587,1.005865216255188,0.1187792643904686,2969.4814453125,3.0522067546844482,3550000.0,0.009999999776482582,0.0020000000949949026,60.0,120.0,240.0,0.02500000037252903,0.23000000417232513,0.07999999821186066,0.20000000298023224,0.027499999850988388,5.0,2.0,1.2000000476837158,0.11743015795946121,0.1219336986541748,-0.004503539763391018,1.5020537376403809,1.883861780166626,0.5940119028091431,1.0697715282440186,0.6762455701828003
1,2,314,0,1,1,accepted,0.9873958826065063,0.002536844927817583,1.8397393226623535,0.38186419010162354,9546.6044921875,8.95919418334961,12500000.0,0.019999999552965164,0.0020000000949949026,20.0,120.0,240.0,0.02500000037252903,0.23000000417232513,0.07999999821186066,0.20000000298023224,0.027499999850988388,5.0,2.0,1.2000000476837158,1.9774885177612305,1.9724845886230469,0.005003887694329023,1.2747962474822998,2.3717873096466064,0.4746241867542267,1.2297766208648682,0.8407579064369202
1,2,315,11,1,0,valid_not_selected,0.4546473026275635,0.15764667093753815,1.769917607307434,0.07040413469076157,1760.1033935546875,7.930784702301025,480000.0,0.009999999776482582,0.0020000000949949026,60.0,180.0,300.0,0.02500000037252903,0.23000000417232513,0.07999999821186066,0.20000000298023224,0.027499999850988388,5.0,2.0,1.2000000476837158,0.06943659484386444,0.05998082086443901,0.009455776773393154,1.1205570697784424,2.146620035171509,0.6386292576789856,1.4343723058700562,1.3077484369277954
1,2,316,9,1,1,accepted,0.9185366630554199,0.016994696110486984,1.8286528587341309,0.4433401823043823,11083.50390625,314.480712890625,480000.0,0.019999999552965164,0.0020000000949949026,60.0,180.0,300.0,0.02500000037252903,0.23000000417232513,0.07999999821186066,0.20000000298023224,0.027499999850988388,5.0,2.0,1.2000000476837158,1.3455631732940674,1.323077917098999,0.022485308349132538,1.452338457107544,1.6828638315200806,0.4870647192001343,0.6382831931114197,0.4456966817378998
1,2,317,3,1,0,valid_not_selected,0.7957541942596436,0.04569299519062042,1.129174828529358,0.3517287075519562,8793.216796875,7.6009297370910645,12500000.0,0.009999999776482582,0.0020000000949949026,60.0,180.0,300.0,0.02500000037252903,0.23000000417232513,0.07999999821186066,0.20000000298023224,0.027499999850988388,5.0,2.0,1.2000000476837158,1.31727933883667,1.2597190141677856,0.05756033584475517,1.3809195756912231,1.900423288345337,0.6449304223060608,1.0790903568267822,0.7995713949203491
1,2,318,9,1,0,valid_not_selected,0.4773710072040558,0.14789226651191711,1.4070485830307007,0.0893317461013794,2233.293701171875,12.7682523727417,480000.0,0.019999999552965164,0.0020000000949949026,60.0,180.0,300.0,0.02500000037252903,0.23000000417232513,0.07999999821186066,0.20000000298023224,0.027499999850988388,5.0,2.0,1.2000000476837158,0.24307650327682495,0.21175898611545563,0.031317517161369324,1.1806243658065796,2.367164134979248,0.680341362953186,1.1446399688720703,1.3229392766952515
1,2,319,3,1,0,valid_not_selected,0.7164926528930664,0.06667745858430862,1.5385810136795044,0.1252620965242386,3131.55224609375,0.9640297293663025,12500000.0,0.009999999776482582,0.0020000000949949026,60.0,180.0,300.0,0.02500000037252903,0.23000000417232513,0.07999999821186066,0.20000000298023224,0.027499999850988388,5.0,2.0,1.2000000476837158,0.1885577142238617,0.17677107453346252,0.011786646209657192,1.2304551601409912,1.871422290802002,0.7526023387908936,1.2037322521209717,0.9400739669799805
