cycle_id,source_id,candidate_index,base_config_id,filter_pass,selected,rejection_reason,confidence_score,residual_ratio,max_abs_feature_z,U,Re,Ca,E,h,t,theta1_init_deg,theta2_init_deg,theta3_init_deg,D,H,L,H_soft,b,N_per_column,Cd_soft,Cd_cyl,force,F_physics,F_residual,Cd_stem_eff,Cd_leaf_eff,shielding_coef,reconfiguration_factor,reconfiguration_gain
1,2,0,1,1,0,valid_not_selected,0.5818364024162292,0.10831318795681,1.129174828529358,0.4315558969974518,10788.8974609375,11.442612648010254,12500000.0,0.019999999552965164,0.0020000000949949026,60.0,180.0,300.0,0.02500000037252903,0.23000000417232513,0.07999999821186066,0.20000000298023224,0.027499999850988388,5.0,2.0,1.2000000476837158,2.952836036682129,3.3115170001983643,-0.35868096351623535,2.001620292663574,2.7773919105529785,0.7538049221038818,0.38811391592025757,0.4350300431251526
1,2,1,4,1,0,valid_not_selected,0.4918314218521118,0.14192385971546173,1.8397393226623535,0.3491722345352173,8729.3056640625,26.37619400024414,3550000.0,0.019999999552965164,0.0020000000949949026,20.0,120.0,240.0,0.02500000037252903,0.23000000417232513,0.07999999821186066,0.20000000298023224,0.027499999850988388,5.0,2.0,1.2000000476837158,1.2407156229019165,1.4459271430969238,-0.2052115648984909,1.7221571207046509,2.2863409519195557,0.6448341012001038,0.34523674845695496,0.3717169463634491
1,2,2,10,1,0,valid_not_selected,0.6778004765510559,0.07778047025203705,1.4584965705871582,0.32254013419151306,8063.5029296875,166.4513702392578,480000.0,0.009999999776482582,0.0020000000949949026,60.0,120.0,240.0,0.02500000037252903,0.23000000417232513,0.07999999821186066,0.20000000298023224,0.027499999850988388,5.0,2.0,1.2000000476837158,0.4551774561405182,0.4935673475265503,-0.0383898988366127,0.9776191711425781,1.80988609790802,0.4820491075515747,0.3757399022579193,0.4049137830734253
1,2,3,2,1,0,valid_not_selected,0.43723177909851074,0.16545836627483368,1.8397393226623535,0.40015697479248047,10003.923828125,9.838113784790039,12500000.0,0.009999999776482582,0.0020000000949949026,20.0,120.0,240.0,0.02500000037252903,0.23000000417232513,0.07999999821186066,0.20000000298023224,0.027499999850988388,5.0,2.0,1.2000000476837158,1.3752186298370361,1.6478729248046875,-0.27265435457229614,1.8573862314224243,2.4577462673187256,0.6323978304862976,0.45545950531959534,0.49933356046676636
1,2,4,6,1,1,accepted,0.5137733817100525,0.13319459557533264,1.1164007186889648,0.4678591191768646,11696.478515625,47.354679107666016,3550000.0,0.009999999776482582,0.0020000000949949026,60.0,120.0,240.0,0.02500000037252903,0.23000000417232513,0.07999999821186066,0.20000000298023224,0.027499999850988388,5.0,2.0,1.2000000476837158,1.0361524820327759,1.1953692436218262,-0.1592167317867279,1.1048327684402466,1.872283935546875,0.5019859075546265,0.35033121705055237,0.3761995732784271
1,2,5,4,1,0,valid_not_selected,0.4897119104862213,0.1427876055240631,1.8397393226623535,0.36367884278297424,9091.970703125,28.613357543945312,3550000.0,0.019999999552965164,0.0020000000949949026,20.0,120.0,240.0,0.02500000037252903,0.23000000417232513,0.07999999821186066,0.20000000298023224,0.027499999850988388,5.0,2.0,1.2000000476837158,1.3259401321411133,1.546804666519165,-0.22086453437805176,1.7142672538757324,2.281540870666504,0.6391974687576294,0.3422069251537323,0.3680860102176666
1,2,6,0,1,1,accepted,0.587777853012085,0.10628123581409454,1.8397393226623535,0.12462053447961807,3115.513427734375,0.9541800618171692,12500000.0,0.019999999552965164,0.0020000000949949026,20.0,120.0,240.0,0.02500000037252903,0.23000000417232513,0.07999999821186066,0.20000000298023224,0.027499999850988388,5.0,2.0,1.2000000476837158,0.22150982916355133,0.24785183370113373,-0.02634199894964695,1.2814717292785645,1.877449631690979,0.8245483636856079,0.532869279384613,0.6659982800483704
1,2,7,0,1,0,valid_not_selected,0.4862527847290039,0.14420533180236816,1.8397393226623535,0.353660523891449,8841.513671875,7.684653282165527,12500000.0,0.019999999552965164,0.0020000000949949026,20.0,120.0,240.0,0.02500000037252903,0.23000000417232513,0.07999999821186066,0.20000000298023224,0.027499999850988388,5.0,2.0,1.2000000476837158,1.6492537260055542,1.9271605014801025,-0.2779068052768707,1.949219822883606,2.5004358291625977,0.706400990486145,0.37874430418014526,0.41908809542655945
1,2,8,6,1,0,valid_not_selected,0.5043631792068481,0.13689175248146057,1.005865216255188,0.33190596103668213,8297.6494140625,23.832130432128906,3550000.0,0.009999999776482582,0.0020000000949949026,60.0,120.0,240.0,0.02500000037252903,0.23000000417232513,0.07999999821186066,0.20000000298023224,0.027499999850988388,5.0,2.0,1.2000000476837158,0.6875655055046082,0.7966156005859375,-0.10905010253190994,1.3541077375411987,2.1740827560424805,0.5351506471633911,0.39032071828842163,0.421405166387558
1,2,9,1,1,0,valid_not_selected,0.5604193210601807,0.11581400036811829,1.214234471321106,0.49887874722480774,12471.9677734375,15.291182518005371,12500000.0,0.019999999552965164,0.0020000000949949026,60.0,180.0,300.0,0.02500000037252903,0.23000000417232513,0.07999999821186066,0.20000000298023224,0.027499999850988388,5.0,2.0,1.2000000476837158,3.9336283206939697,4.448869705200195,-0.5152413845062256,2.1431806087493896,2.8967456817626953,0.738189160823822,0.3686726689338684,0.410229355096817
1,2,10,10,1,0,valid_not_selected,0.673608660697937,0.07902120053768158,1.3678209781646729,0.2761026620864868,6902.56591796875,121.97225189208984,480000.0,0.009999999776482582,0.0020000000949949026,60.0,120.0,240.0,0.02500000037252903,0.23000000417232513,0.07999999821186066,0.20000000298023224,0.027499999850988388,5.0,2.0,1.2000000476837158,0.3705594539642334,0.4023539423942566,-0.03179449215531349,1.0445512533187866,1.9611623287200928,0.48741614818573,0.395884245634079,0.4277013838291168
1,2,11,11,1,0,valid_not_selected,0.9414852261543274,0.012059328146278858,1.3678209781646729,0.1419609636068344,3549.024169921875,32.244651794433594,480000.0,0.009999999776482582,0.0020000000949949026,60.0,180.0,300.0,0.02500000037252903,0.23000000417232513,0.07999999821186066,0.20000000298023224,0.027499999850988388,5.0,2.0,1.2000000476837158,0.17747162282466888,0.1753569394350052,0.002114686882123351,1.0521517992019653,2.0495693683624268,0.46483272314071655,1.0704524517059326,1.3808701038360596
1,2,12,6,1,1,accepted,0.5087623596191406,0.1351548582315445,1.005865216255188,0.18294379115104675,4573.59423828125,7.24049186706543,3550000.0,0.009999999776482582,0.0020000000949949026,60.0,120.0,240.0,0.02500000037252903,0.23000000417232513,0.07999999821186066,0.20000000298023224,0.027499999850988388,5.0,2.0,1.2000000476837158,0.26333266496658325,0.3044853210449219,-0.04115267097949982,1.6714534759521484,2.1621899604797363,0.6019142270088196,0.44615915417671204,0.48512977361679077
1,2,13,10,1,0,valid_not_selected,0.6740264296531677,0.07889719307422638,1.3678209781646729,0.2106243520975113,5265.60888671875,70.98017120361328,480000.0,0.009999999776482582,0.0020000000949949026,60.0,120.0,240.0,0.02500000037252903,0.23000000417232513,0.07999999821186066,0.20000000298023224,0.027499999850988388,5.0,2.0,1.2000000476837158,0.25981590151786804,0.28207045793533325,-0.022254567593336105,1.1724143028259277,2.1921207904815674,0.49776598811149597,0.44111135601997375,0.48011958599090576
1,2,14,8,1,1,accepted,0.9220762848854065,0.016225462779402733,1.3678209781646729,0.11797675490379333,2949.418701171875,22.269615173339844,480000.0,0.019999999552965164,0.0020000000949949026,60.0,120.0,240.0,0.02500000037252903,0.23000000417232513,0.07999999821186066,0.20000000298023224,0.027499999850988388,5.0,2.0,1.2000000476837158,0.14104993641376495,0.14337627589702606,-0.002326346468180418,1.3369580507278442,2.136481761932373,0.6136494278907776,0.36134976148605347,0.38607269525527954
1,2,15,0,1,0,valid_not_selected,0.4703460931777954,0.15085729956626892,1.8397393226623535,0.49777716398239136,12444.4287109375,15.22372817993164,12500000.0,0.019999999552965164,0.0020000000949949026,20.0,120.0,240.0,0.02500000037252903,0.23000000417232513,0.07999999821186066,0.20000000298023224,0.027499999850988388,5.0,2.0,1.2000000476837158,3.133096218109131,3.6897170543670654,-0.5566207766532898,1.9474915266036987,2.6056790351867676,0.6681042909622192,0.3611757755279541,0.3964524269104004
1,2,16,3,1,0,valid_not_selected,0.6732240915298462,0.07913541048765182,1.129174828529358,0.411219984292984,10280.4990234375,10.389616012573242,12500000.0,0.009999999776482582,0.0020000000949949026,60.0,180.0,300.0,0.02500000037252903,0.23000000417232513,0.07999999821186066,0.20000000298023224,0.027499999850988388,5.0,2.0,1.2000000476837158,1.7898123264312744,1.9436216354370117,-0.1538092941045761,1.8296339511871338,2.3662514686584473,0.6957178711891174,0.5095058083534241,0.5707254409790039
1,2,17,7,1,0,valid_not_selected,0.90264892578125,0.02048431895673275,1.0,0.3134574294090271,7836.435546875,21.256406784057617,3550000.0,0.009999999776482582,0.0020000000949949026,60.0,180.0,300.0,0.02500000037252903,0.23000000417232513,0.07999999821186066,0.20000000298023224,0.027499999850988388,5.0,2.0,1.2000000476837158,0.8413074016571045,0.8589014410972595,-0.01759401150047779,1.2595415115356445,2.1207079887390137,0.5471557378768921,0.6812272667884827,0.7791393399238586
1,2,18,1,1,0,valid_not_selected,0.6188972592353821,0.09596320241689682,1.129174828529358,0.35178640484809875,8794.66015625,7.603423595428467,12500000.0,0.019999999552965164,0.0020000000949949026,60.0,180.0,300.0,0.02500000037252903,0.23000000417232513,0.07999999821186066,0.20000000298023224,0.027499999850988388,5.0,2.0,1.2000000476837158,1.95754873752594,2.165341854095459,-0.20779314637184143,1.8121135234832764,2.5846409797668457,0.769450843334198,0.4189818501472473,0.475649356842041
1,2,19,2,1,0,valid_not_selected,0.43087509274482727,0.16838739812374115,1.8397393226623535,0.14504943788051605,3626.23583984375,1.2926565408706665,12500000.0,0.009999999776482582,0.0020000000949949026,20.0,120.0,240.0,0.02500000037252903,0.23000000417232513,0.07999999821186066,0.20000000298023224,0.027499999850988388,5.0,2.0,1.2000000476837158,0.15260647237300873,0.18350668251514435,-0.03090021386742592,1.9154425859451294,1.7759742736816406,0.7583103775978088,0.4325832724571228,0.46656861901283264
1,2,20,2,1,0,valid_not_selected,0.4376002848148346,0.16528987884521484,1.8397393226623535,0.3815818130970001,9539.5458984375,8.94594955444336,12500000.0,0.009999999776482582,0.0020000000949949026,20.0,120.0,240.0,0.02500000037252903,0.23000000417232513,0.07999999821186066,0.20000000298023224,0.027499999850988388,5.0,2.0,1.2000000476837158,1.2521802186965942,1.5001378059387207,-0.24795758724212646,1.8668749332427979,2.4274044036865234,0.6391069889068604,0.4571521580219269,0.5012916922569275
1,2,21,2,1,0,valid_not_selected,0.43733304738998413,0.1654120534658432,1.8397393226623535,0.19877742230892181,4969.435546875,2.427644968032837,12500000.0,0.009999999776482582,0.0020000000949949026,20.0,120.0,240.0,0.02500000037252903,0.23000000417232513,0.07999999821186066,0.20000000298023224,0.027499999850988388,5.0,2.0,1.2000000476837158,0.31323152780532837,0.37531280517578125,-0.06208126246929169,1.9361704587936401,1.958824634552002,0.7195882797241211,0.4522370398044586,0.4921337962150574
1,2,22,10,1,0,valid_not_selected,0.6750566363334656,0.0785917341709137,1.5849529504776,0.07948919385671616,1987.2298583984375,10.109646797180176,480000.0,0.009999999776482582,0.0020000000949949026,60.0,120.0,240.0,0.02500000037252903,0.23000000417232513,0.07999999821186066,0.20000000298023224,0.027499999850988388,5.0,2.0,1.2000000476837158,0.06669501215219498,0.07238377630710602,-0.005688766483217478,1.2921497821807861,2.5571706295013428,0.5690783262252808,0.7522649168968201,0.9195323586463928
1,2,23,11,1,1,accepted,0.9979296326637268,0.00041450283606536686,1.539467215538025,0.34578362107276917,8644.5908203125,191.3060302734375,480000.0,0.009999999776482582,0.0020000000949949026,60.0,180.0,300.0,0.02500000037252903,0.23000000417232513,0.07999999821186066,0.20000000298023224,0.027499999850988388,5.0,2.0,1.2000000476837158,0.5906604528427124,0.5904157161712646,0.00024472898803651333,1.0809733867645264,1.6712623834609985,0.478234201669693,0.5491834282875061,0.626081109046936
1,2,24,9,1,1,accepted,0.9392551183700562,0.012533632107079029,1.7847261428833008,0.4269160032272339,10672.8994140625,291.611572265625,480000.0,0.019999999552965164,0.0020000000949949026,60.0,180.0,300.0,0.02500000037252903,0.23000000417232513,0.07999999821186066,0.20000000298023224,0.027499999850988388,5.0,2.0,1.2000000476837158,1.2921916246414185,1.2761962413787842,0.01599537394940853,1.5066882371902466,1.5835273265838623,0.5090605616569519,0.41600701212882996,0.4539628028869629
1,2,25,2,1,0,valid_not_selected,0.43689945340156555,0.1656104475259781,1.8397393226623535,0.418495237827301,10462.380859375,10.760491371154785,12500000.0,0.009999999776482582,0.0020000000949949026,20.0,120.0,240.0,0.02500000037252903,0.23000000417232513,0.07999999821186066,0.20000000298023224,0.027499999850988388,5.0,2.0,1.2000000476837158,1.500035285949707,1.7977638244628906,-0.2977284789085388,1.8475558757781982,2.4839868545532227,0.6259675025939941,0.4535740315914154,0.49711674451828003
1,2,26,5,1,0,valid_not_selected,0.8410816192626953,0.03461331129074097,1.017702579498291,0.31332120299339294,7833.02978515625,21.23793601989746,3550000.0,0.019999999552965164,0.0020000000949949026,60.0,180.0,300.0,0.02500000037252903,0.23000000417232513,0.07999999821186066,0.20000000298023224,0.027499999850988388,5.0,2.0,1.2000000476837158,1.4366532564163208,1.4881634712219238,-0.051510266959667206,1.5787005424499512,2.319547176361084,0.64994215965271,0.47083228826522827,0.5229316353797913
1,2,27,7,1,0,valid_not_selected,0.8723390698432922,0.02731541357934475,1.0,0.36270737648010254,9067.68359375,28.460695266723633,3550000.0,0.009999999776482582,0.0020000000949949026,60.0,180.0,300.0,0.02500000037252903,0.23000000417232513,0.07999999821186066,0.20000000298023224,0.027499999850988388,5.0,2.0,1.2000000476837158,0.9854526519775391,1.0131266117095947,-0.02767397277057171,1.3092427253723145,2.058412551879883,0.5370883941650391,0.6249512434005737,0.7093886137008667
1,2,28,7,1,0,valid_not_selected,0.8774115443229675,0.026155833154916763,1.580635905265808,0.07971470057964325,1992.867431640625,1.374705195426941,3550000.0,0.009999999776482582,0.0020000000949949026,60.0,180.0,300.0,0.02500000037252903,0.23000000417232513,0.07999999821186066,0.20000000298023224,0.027499999850988388,5.0,2.0,1.2000000476837158,0.10855735838413239,0.10579032450914383,0.0027670341078191996,0.8975613117218018,1.861488699913025,0.7955402135848999,1.0569689273834229,1.755615472793579
1,2,29,1,1,0,valid_not_selected,0.6604703664779663,0.08296061307191849,1.129174828529358,0.2821342945098877,7053.357421875,4.890607833862305,12500000.0,0.019999999552965164,0.0020000000949949026,60.0,180.0,300.0,0.02500000037252903,0.23000000417232513,0.07999999821186066,0.20000000298023224,0.027499999850988388,5.0,2.0,1.2000000476837158,1.2642079591751099,1.3785754442214966,-0.11436746269464493,1.6394994258880615,2.396301507949829,0.7816742658615112,0.4558585286140442,0.5265487432479858
1,2,30,8,1,0,valid_not_selected,0.7204791903495789,0.0655677542090416,1.3678209781646729,0.22204183042049408,5551.04541015625,78.88410186767578,480000.0,0.019999999552965164,0.0020000000949949026,60.0,120.0,240.0,0.02500000037252903,0.23000000417232513,0.07999999821186066,0.20000000298023224,0.027499999850988388,5.0,2.0,1.2000000476837158,0.4042695462703705,0.432636559009552,-0.02836700715124607,1.3496607542037964,2.2067034244537354,0.5462122559547424,0.3131565451622009,0.330672025680542
1,2,31,6,1,0,valid_not_selected,0.5064890384674072,0.1360505223274231,1.005865216255188,0.24390433728694916,6097.6083984375,12.86979866027832,3550000.0,0.009999999776482582,0.0020000000949949026,60.0,120.0,240.0,0.02500000037252903,0.23000000417232513,0.07999999821186066,0.20000000298023224,0.027499999850988388,5.0,2.0,1.2000000476837158,0.4364275336265564,0.505154013633728,-0.06872646510601044,1.5465718507766724,2.240359306335449,0.5693166255950928,0.4242485463619232,0.46032750606536865
1,2,32,3,1,1,accepted,0.8787853121757507,0.025842925533652306,1.4763776063919067,0.13214047253131866,3303.51171875,1.0728099346160889,12500000.0,0.009999999776482582,0.0020000000949949026,60.0,180.0,300.0,0.02500000037252903,0.23000000417232513,0.07999999821186066,0.20000000298023224,0.027499999850988388,5.0,2.0,1.2000000476837158,0.2107992172241211,0.2163913995027542,-0.005592186935245991,1.2403106689453125,2.012712001800537,0.8010202050209045,0.7184093594551086,0.9240749478340149
1,2,33,7,1,0,valid_not_selected,0.9422096014022827,0.011905505321919918,1.0,0.14112286269664764,3528.071533203125,4.308513641357422,3550000.0,0.009999999776482582,0.0020000000949949026,60.0,180.0,300.0,0.02500000037252903,0.23000000417232513,0.07999999821186066,0.20000000298023224,0.027499999850988388,5.0,2.0,1.2000000476837158,0.25642210245132446,0.2534051835536957,0.0030169168021529913,1.1946289539337158,1.8196260929107666,0.6332065463066101,0.9402262568473816,1.1652418375015259
1,2,34,8,1,0,valid_not_selected,0.6798348426818848,0.07718108594417572,1.5654997825622559,0.3536067605018616,8840.1689453125,200.06031799316406,480000.0,0.019999999552965164,0.0020000000949949026,60.0,120.0,240.0,0.02500000037252903,0.23000000417232513,0.07999999821186066,0.20000000298023224,0.027499999850988388,5.0,2.0,1.2000000476837158,0.7683395743370056,0.8326005935668945,-0.06426101922988892,1.153402328491211,1.8651052713394165,0.5112943649291992,0.2827051877975464,0.2974797785282135
1,2,35,11,1,0,valid_not_selected,0.9863373637199402,0.0027513678651303053,1.8825135231018066,0.46434369683265686,11608.591796875,344.9840087890625,480000.0,0.009999999776482582,0.0020000000949949026,60.0,180.0,300.0,0.02500000037252903,0.23000000417232513,0.07999999821186066,0.20000000298023224,0.027499999850988388,5.0,2.0,1.2000000476837158,0.994314968585968,0.9915867447853088,0.0027282198425382376,1.1219415664672852,1.4802207946777344,0.4768284559249878,0.48763149976730347,0.5506671667098999
1,2,36,11,1,0,valid_not_selected,0.9513115882873535,0.009982730261981487,1.3678209781646729,0.1658249944448471,4145.625,43.99666976928711,480000.0,0.009999999776482582,0.0020000000949949026,60.0,180.0,300.0,0.02500000037252903,0.23000000417232513,0.07999999821186066,0.20000000298023224,0.027499999850988388,5.0,2.0,1.2000000476837158,0.21856684982776642,0.21640652418136597,0.002160327974706888,1.043186902999878,2.0979883670806885,0.4657175540924072,0.9425267577171326,1.1705313920974731
1,2,37,2,1,1,accepted,0.43927615880966187,0.16452540457248688,1.8397393226623535,0.2841145694255829,7102.86376953125,4.959502220153809,12500000.0,0.009999999776482582,0.0020000000949949026,20.0,120.0,240.0,0.02500000037252903,0.23000000417232513,0.07999999821186066,0.20000000298023224,0.027499999850988388,5.0,2.0,1.2000000476837158,0.6811467409133911,0.8152812123298645,-0.1341344714164734,1.909135341644287,2.2113473415374756,0.6777645945549011,0.46122246980667114,0.5051595568656921
1,2,38,4,1,0,valid_not_selected,0.48275530338287354,0.14564907550811768,1.8397393226623535,0.4580208957195282,11450.521484375,45.38405990600586,3550000.0,0.019999999552965164,0.0020000000949949026,20.0,120.0,240.0,0.02500000037252903,0.23000000417232513,0.07999999821186066,0.20000000298023224,0.027499999850988388,5.0,2.0,1.2000000476837158,1.8745588064193726,2.194132089614868,-0.319573312997818,1.642876386642456,2.1825215816497803,0.6076226830482483,0.3243073523044586,0.34685641527175903
1,2,39,4,1,0,valid_not_selected,0.5515847206115723,0.11899196356534958,1.8397393226623535,0.1749076545238495,4372.69140625,6.618359565734863,3550000.0,0.019999999552965164,0.0020000000949949026,20.0,120.0,240.0,0.02500000037252903,0.23000000417232513,0.07999999821186066,0.20000000298023224,0.027499999850988388,5.0,2.0,1.2000000476837158,0.3298281729221344,0.3743759095668793,-0.04454772546887398,1.6472564935684204,1.9349440336227417,0.7417140007019043,0.3951937258243561,0.4340331256389618
1,2,40,3,1,0,valid_not_selected,0.7158179879188538,0.06686586886644363,1.129174828529358,0.328956663608551,8223.9169921875,6.648573398590088,12500000.0,0.009999999776482582,0.0020000000949949026,60.0,180.0,300.0,0.02500000037252903,0.23000000417232513,0.07999999821186066,0.20000000298023224,0.027499999850988388,5.0,2.0,1.2000000476837158,1.1390002965927124,1.2206180095672607,-0.08161768317222595,1.6512714624404907,2.2418625354766846,0.7179661393165588,0.541073203086853,0.613301694393158
1,2,41,8,1,0,valid_not_selected,0.7516070604324341,0.0571083202958107,1.3678209781646729,0.19174619019031525,4793.65478515625,58.8265380859375,480000.0,0.019999999552965164,0.0020000000949949026,60.0,120.0,240.0,0.02500000037252903,0.23000000417232513,0.07999999821186066,0.20000000298023224,0.027499999850988388,5.0,2.0,1.2000000476837158,0.32237812876701355,0.3419036865234375,-0.019525544717907906,1.3797816038131714,2.246401071548462,0.5595147609710693,0.323825865983963,0.3425869643688202
1,2,42,0,1,0,valid_not_selected,0.4806396961212158,0.1465274691581726,1.8397393226623535,0.39241907000541687,9810.4765625,9.461310386657715,12500000.0,0.019999999552965164,0.0020000000949949026,20.0,120.0,240.0,0.02500000037252903,0.23000000417232513,0.07999999821186066,0.20000000298023224,0.027499999850988388,5.0,2.0,1.2000000476837158,2.0239663124084473,2.3714487552642822,-0.3474823832511902,1.959367036819458,2.554842472076416,0.6948915719985962,0.37374356389045715,0.41257375478744507
1,2,43,7,1,0,valid_not_selected,0.9324394464492798,0.013990218751132488,1.0,0.2786058187484741,6965.14501953125,16.79241180419922,3550000.0,0.009999999776482582,0.0020000000949949026,60.0,180.0,300.0,0.02500000037252903,0.23000000417232513,0.07999999821186066,0.20000000298023224,0.027499999850988388,5.0,2.0,1.2000000476837158,0.7373610734939575,0.7478232979774475,-0.010462211444973946,1.2272045612335205,2.1280298233032227,0.5557706356048584,0.7260366678237915,0.8365550637245178
1,2,44,11,1,1,accepted,0.9955391883850098,0.0008941564592532814,1.3678209781646729,0.2971610724925995,7429.02685546875,141.28749084472656,480000.0,0.009999999776482582,0.0020000000949949026,60.0,180.0,300.0,0.02500000037252903,0.23000000417232513,0.07999999821186066,0.20000000298023224,0.027499999850988388,5.0,2.0,1.2000000476837158,0.4646703898906708,0.46425527334213257,0.0004151168395765126,1.0610277652740479,1.7918537855148315,0.4770384132862091,0.5975414514541626,0.6869310140609741
1,2,45,11,1,0,valid_not_selected,0.973584771156311,0.005354071501642466,1.3678209781646729,0.21587809920310974,5396.9521484375,74.56534576416016,480000.0,0.009999999776482582,0.0020000000949949026,60.0,180.0,300.0,0.02500000037252903,0.23000000417232513,0.07999999821186066,0.20000000298023224,0.027499999850988388,5.0,2.0,1.2000000476837158,0.3019558787345886,0.30034780502319336,0.001608083606697619,1.0373409986495972,2.0325279235839844,0.4709203243255615,0.7542374134063721,0.8946441411972046
1,2,46,0,1,0,valid_not_selected,0.4748605191707611,0.1489468365907669,1.8397393226623535,0.4434909224510193,11087.2734375,12.084274291992188,12500000.0,0.019999999552965164,0.0020000000949949026,20.0,120.0,240.0,0.02500000037252903,0.23000000417232513,0.07999999821186066,0.20000000298023224,0.027499999850988388,5.0,2.0,1.2000000476837158,2.5497288703918457,2.99596905708313,-0.4462401270866394,1.9593719244003296,2.595341444015503,0.681215763092041,0.3676328957080841,0.4046992361545563
1,2,47,7,1,1,accepted,0.9592429995536804,0.008322174660861492,1.0,0.2505572736263275,6263.931640625,13.581469535827637,3550000.0,0.009999999776482582,0.0020000000949949026,60.0,180.0,300.0,0.02500000037252903,0.23000000417232513,0.07999999821186066,0.20000000298023224,0.027499999850988388,5.0,2.0,1.2000000476837158,0.6466825604438782,0.6521095037460327,-0.005426968913525343,1.2069330215454102,2.107386350631714,0.5640074610710144,0.7644389867782593,0.887550413608551
1,2,48,7,1,0,valid_not_selected,0.8641409277915955,0.029203882440924644,1.0,0.3836815655231476,9592.0400390625,31.847444534301758,3550000.0,0.009999999776482582,0.0020000000949949026,60.0,180.0,300.0,0.02500000037252903,0.23000000417232513,0.07999999821186066,0.20000000298023224,0.027499999850988388,5.0,2.0,1.2000000476837158,1.0509390830993652,1.0825538635253906,-0.03161477670073509,1.3294150829315186,2.019033193588257,0.5333408117294312,0.6040304899215698,0.6839923858642578
1,2,49,4,1,0,valid_not_selected,0.48258736729621887,0.14571866393089294,1.8397393226623535,0.49024370312690735,12256.0927734375,51.99442672729492,3550000.0,0.019999999552965164,0.0020000000949949026,20.0,120.0,240.0,0.02500000037252903,0.23000000417232513,0.07999999821186066,0.20000000298023224,0.027499999850988388,5.0,2.0,1.2000000476837158,2.058500289916992,2.409627914428711,-0.3511277437210083,1.6143463850021362,2.132275342941284,0.5985268950462341,0.3191194534301758,0.340780645608902
1,2,50,3,1,1,accepted,0.9110283255577087,0.01863626390695572,1.7168389558792114,0.10747030377388,2686.757568359375,0.7096235752105713,12500000.0,0.009999999776482582,0.0020000000949949026,60.0,180.0,300.0,0.02500000037252903,0.23000000417232513,0.07999999821186066,0.20000000298023224,0.027499999850988388,5.0,2.0,1.2000000476837158,0.15422651171684265,0.15715530514717102,-0.0029287878423929214,1.090226173400879,2.111720561981201,0.8291657567024231,0.7655764818191528,1.0604875087738037
1,2,51,0,1,0,valid_not_selected,0.5077705979347229,0.13554510474205017,1.8397393226623535,0.25472041964530945,6368.01025390625,3.9863791465759277,12500000.0,0.019999999552965164,0.0020000000949949026,20.0,120.0,240.0,0.02500000037252903,0.23000000417232513,0.07999999821186066,0.20000000298023224,0.027499999850988388,5.0,2.0,1.2000000476837158,0.8382408618927002,0.9696756601333618,-0.13143478333950043,1.8568551540374756,2.2543952465057373,0.7421319484710693,0.39835163950920105,0.445481538772583
1,2,52,2,1,0,valid_not_selected,0.43633756041526794,0.16586782038211823,1.8397393226623535,0.45854976773262024,11463.7431640625,12.918855667114258,12500000.0,0.009999999776482582,0.0020000000949949026,20.0,120.0,240.0,0.02500000037252903,0.23000000417232513,0.07999999821186066,0.20000000298023224,0.027499999850988388,5.0,2.0,1.2000000476837158,1.781882643699646,2.136211395263672,-0.3543287217617035,1.8245714902877808,2.5282700061798096,0.6125898361206055,0.44881734251976013,0.4914388060569763
1,2,53,2,1,0,valid_not_selected,0.43836709856987,0.16493971645832062,1.8397393226623535,0.34447789192199707,8611.947265625,7.29077672958374,12500000.0,0.009999999776482582,0.0020000000949949026,20.0,120.0,240.0,0.02500000037252903,0.23000000417232513,0.07999999821186066,0.20000000298023224,0.027499999850988388,5.0,2.0,1.2000000476837158,1.0185811519622803,1.2197695970535278,-0.20118844509124756,1.8843904733657837,2.355875015258789,0.6531059741973877,0.45977649092674255,0.5041959881782532
1,2,54,6,1,0,valid_not_selected,0.5080282092094421,0.13544365763664246,1.005865216255188,0.40877676010131836,10219.4189453125,36.14973068237305,3550000.0,0.009999999776482582,0.0020000000949949026,60.0,120.0,240.0,0.02500000037252903,0.23000000417232513,0.07999999821186066,0.20000000298023224,0.027499999850988388,5.0,2.0,1.2000000476837158,0.8876113891601562,1.0266668796539307,-0.1390555202960968,1.2000652551651,2.012223482131958,0.5141263008117676,0.3652447760105133,0.39291682839393616
1,2,55,2,1,0,valid_not_selected,0.42238926887512207,0.17236559092998505,1.8397393226623535,0.10907983779907227,2726.995849609375,0.7310382723808289,12500000.0,0.009999999776482582,0.0020000000949949026,20.0,120.0,240.0,0.02500000037252903,0.23000000417232513,0.07999999821186066,0.20000000298023224,0.027499999850988388,5.0,2.0,1.2000000476837158,0.07509760558605194,0.09073765575885773,-0.015640050172805786,1.7610262632369995,1.6504013538360596,0.8020853400230408,0.41324323415756226,0.4432612359523773
1,2,56,11,1,0,valid_not_selected,0.9901383519172668,0.0019821198657155037,1.8135014772415161,0.43760499358177185,10940.1240234375,306.3968811035156,480000.0,0.009999999776482582,0.0020000000949949026,60.0,180.0,300.0,0.02500000037252903,0.23000000417232513,0.07999999821186066,0.20000000298023224,0.027499999850988388,5.0,2.0,1.2000000476837158,0.891582727432251,0.8898190259933472,0.0017637278651818633,1.1141104698181152,1.5134541988372803,0.4774509072303772,0.4974002540111542,0.5624859929084778
1,2,57,5,1,0,valid_not_selected,0.8076650500297546,0.04272157698869705,1.017702579498291,0.35544389486312866,8886.09765625,27.332216262817383,3550000.0,0.019999999552965164,0.0020000000949949026,60.0,180.0,300.0,0.02500000037252903,0.23000000417232513,0.07999999821186066,0.20000000298023224,0.027499999850988388,5.0,2.0,1.2000000476837158,1.6834967136383057,1.7586281299591064,-0.0751313641667366,1.663377046585083,2.291311740875244,0.6308008432388306,0.4389651119709015,0.48293644189834595
1,2,58,10,1,1,accepted,0.6894285678863525,0.07437843829393387,1.713608741760254,0.40160512924194336,10040.1279296875,258.0586242675781,480000.0,0.009999999776482582,0.0020000000949949026,60.0,120.0,240.0,0.02500000037252903,0.23000000417232513,0.07999999821186066,0.20000000298023224,0.027499999850988388,5.0,2.0,1.2000000476837158,0.6201133131980896,0.6699426174163818,-0.049829285591840744,0.902435839176178,1.6094998121261597,0.4750453233718872,0.3542764186859131,0.38108545541763306
1,2,59,1,1,0,valid_not_selected,0.6751636862754822,0.07856001704931259,1.129174828529358,0.2601185441017151,6502.96337890625,4.157130718231201,12500000.0,0.019999999552965164,0.0020000000949949026,60.0,180.0,300.0,0.02500000037252903,0.23000000417232513,0.07999999821186066,0.20000000298023224,0.027499999850988388,5.0,2.0,1.2000000476837158,1.0797412395477295,1.1717976331710815,-0.09205644577741623,1.5844119787216187,2.3366684913635254,0.7856895923614502,0.4701560139656067,0.5471102595329285
1,2,60,7,1,0,valid_not_selected,0.8542298078536987,0.03151100501418114,1.1431281566619873,0.476136714220047,11903.41796875,49.04515075683594,3550000.0,0.009999999776482582,0.0020000000949949026,60.0,180.0,300.0,0.02500000037252903,0.23000000417232513,0.07999999821186066,0.20000000298023224,0.027499999850988388,5.0,2.0,1.2000000476837158,1.3993092775344849,1.4448375701904297,-0.04552828148007393,1.3993576765060425,1.8174225091934204,0.5191113352775574,0.5344401597976685,0.6013302803039551
1,2,61,11,1,0,valid_not_selected,0.9295810461044312,0.014604257419705391,1.3678209781646729,0.11155888438224792,2788.971923828125,19.912609100341797,480000.0,0.009999999776482582,0.0020000000949949026,60.0,180.0,300.0,0.02500000037252903,0.23000000417232513,0.07999999821186066,0.20000000298023224,0.027499999850988388,5.0,2.0,1.2000000476837158,0.1224556714296341,0.12069304287433624,0.00176263228058815,1.0524193048477173,1.8794227838516235,0.47161656618118286,1.2723076343536377,1.7798007726669312
1,2,62,4,1,0,valid_not_selected,0.48519057035446167,0.14464271068572998,1.8397393226623535,0.4067002236843109,10167.505859375,35.78339385986328,3550000.0,0.019999999552965164,0.0020000000949949026,20.0,120.0,240.0,0.02500000037252903,0.23000000417232513,0.07999999821186066,0.20000000298023224,0.027499999850988388,5.0,2.0,1.2000000476837158,1.5779478549957275,1.8447821140289307,-0.2668342888355255,1.6850849390029907,2.24845552444458,0.6237972378730774,0.33360594511032104,0.3578362762928009
1,2,63,4,1,0,valid_not_selected,0.49861785769462585,0.13918305933475494,1.8397393226623535,0.31295400857925415,7823.849609375,21.18818473815918,3550000.0,0.019999999552965164,0.0020000000949949026,20.0,120.0,240.0,0.02500000037252903,0.23000000417232513,0.07999999821186066,0.20000000298023224,0.027499999850988388,5.0,2.0,1.2000000476837158,1.0292656421661377,1.1956846714019775,-0.16641904413700104,1.7360190153121948,2.280616283416748,0.660064697265625,0.3530527651309967,0.3811332881450653
1,2,64,1,1,1,accepted,0.7898295521736145,0.047187622636556625,1.5596789121627808,0.12301138788461685,3075.28466796875,0.929697573184967,12500000.0,0.019999999552965164,0.0020000000949949026,60.0,180.0,300.0,0.02500000037252903,0.23000000417232513,0.07999999821186066,0.20000000298023224,0.027499999850988388,5.0,2.0,1.2000000476837158,0.29646167159080505,0.31114381551742554,-0.014682137407362461,1.1765083074569702,2.095463514328003,0.8303005695343018,0.6279023885726929,0.8275352120399475
1,2,65,10,1,0,valid_not_selected,0.6825764775276184,0.07637614756822586,1.3678209781646729,0.15038743615150452,3759.685791015625,36.186195373535156,480000.0,0.009999999776482582,0.0020000000949949026,60.0,120.0,240.0,0.02500000037252903,0.23000000417232513,0.07999999821186066,0.20000000298023224,0.027499999850988388,5.0,2.0,1.2000000476837158,0.1623423993587494,0.17576679587364197,-0.01342439092695713,1.3069846630096436,2.3595895767211914,0.5128459930419922,0.5164251923561096,0.571576714515686
1,2,66,2,1,0,valid_not_selected,0.43807801604270935,0.16507165133953094,1.8397393226623535,0.3585609495639801,8964.0234375,7.899089813232422,12500000.0,0.009999999776482582,0.0020000000949949026,20.0,120.0,240.0,0.02500000037252903,0.23000000417232513,0.07999999821186066,0.20000000298023224,0.027499999850988388,5.0,2.0,1.2000000476837158,1.1051671504974365,1.323667049407959,-0.21849989891052246,1.8779658079147339,2.384690284729004,0.6476973295211792,0.4589094817638397,0.5032657384872437
1,2,67,2,1,1,accepted,0.4393225610256195,0.164504274725914,1.8397393226623535,0.26683712005615234,6670.92822265625,4.37465238571167,12500000.0,0.009999999776482582,0.0020000000949949026,20.0,120.0,240.0,0.02500000037252903,0.23000000417232513,0.07999999821186066,0.20000000298023224,0.027499999850988388,5.0,2.0,1.2000000476837158,0.5957714319229126,0.7130753993988037,-0.11730395257472992,1.915511965751648,2.1643574237823486,0.6853638291358948,0.46074825525283813,0.5042606592178345
1,2,68,10,1,1,accepted,0.6953103542327881,0.07267939299345016,1.8079028129577637,0.4355044960975647,10887.6123046875,303.4625549316406,480000.0,0.009999999776482582,0.0020000000949949026,60.0,120.0,240.0,0.02500000037252903,0.23000000417232513,0.07999999821186066,0.20000000298023224,0.027499999850988388,5.0,2.0,1.2000000476837158,0.7007508873939514,0.7556726932525635,-0.05492183193564415,0.8810088634490967,1.5445032119750977,0.4725947380065918,0.34818437695503235,0.37443503737449646
1,2,69,8,1,0,valid_not_selected,0.6914339065551758,0.0737975463271141,1.9017400741577148,0.4720798432826996,11801.99609375,356.5748596191406,480000.0,0.019999999552965164,0.0020000000949949026,60.0,120.0,240.0,0.02500000037252903,0.23000000417232513,0.07999999821186066,0.20000000298023224,0.027499999850988388,5.0,2.0,1.2000000476837158,1.1458003520965576,1.2370948791503906,-0.09129456430673599,1.02961266040802,1.6062374114990234,0.49596667289733887,0.27106955647468567,0.2852674126625061
1,2,70,1,1,0,valid_not_selected,0.5721814632415771,0.11165980994701385,1.129174828529358,0.4584234654903412,11460.5859375,12.911739349365234,12500000.0,0.019999999552965164,0.0020000000949949026,60.0,180.0,300.0,0.02500000037252903,0.23000000417232513,0.07999999821186066,0.20000000298023224,0.027499999850988388,5.0,2.0,1.2000000476837158,3.3313324451446533,3.750063896179199,-0.4187314212322235,2.0608088970184326,2.8310370445251465,0.7478431463241577,0.3797532320022583,0.42429691553115845
1,2,71,3,1,0,valid_not_selected,0.7484152317047119,0.05795947462320328,1.129174828529358,0.2802775204181671,7006.93798828125,4.8264479637146,12500000.0,0.009999999776482582,0.0020000000949949026,60.0,180.0,300.0,0.02500000037252903,0.23000000417232513,0.07999999821186066,0.20000000298023224,0.027499999850988388,5.0,2.0,1.2000000476837158,0.8312810659408569,0.8824260234832764,-0.05114495009183884,1.5588754415512085,2.1553077697753906,0.7300822734832764,0.5687142610549927,0.6525622606277466
1,2,72,6,1,0,valid_not_selected,0.47044453024864197,0.1508154422044754,1.3765331506729126,0.09113848954439163,2278.462158203125,1.7969516515731812,3550000.0,0.009999999776482582,0.0020000000949949026,60.0,120.0,240.0,0.02500000037252903,0.23000000417232513,0.07999999821186066,0.20000000298023224,0.027499999850988388,5.0,2.0,1.2000000476837158,0.05329272896051407,0.06275753676891327,-0.009464805945754051,1.502211332321167,1.7946418523788452,0.7331856489181519,0.4161328673362732,0.447040855884552
1,2,73,9,1,0,valid_not_selected,0.9068006277084351,0.019566532224416733,1.4621224403381348,0.323546826839447,8088.67041015625,167.49200439453125,480000.0,0.019999999552965164,0.0020000000949949026,60.0,180.0,300.0,0.02500000037252903,0.23000000417232513,0.07999999821186066,0.20000000298023224,0.027499999850988388,5.0,2.0,1.2000000476837158,0.8712374567985535,0.8545175194740295,0.016719944775104523,1.4986485242843628,1.8656281232833862,0.5143605470657349,0.4650333821773529,0.5109692215919495
1,2,74,8,1,0,valid_not_selected,0.6800596117973328,0.07711496204137802,1.616465449333191,0.3694388270378113,9235.9697265625,218.37599182128906,480000.0,0.019999999552965164,0.0020000000949949026,60.0,120.0,240.0,0.02500000037252903,0.23000000417232513,0.07999999821186066,0.20000000298023224,0.027499999850988388,5.0,2.0,1.2000000476837158,0.8145723938941956,0.8826369047164917,-0.06806451082229614,1.132608413696289,1.8241677284240723,0.5086632966995239,0.28046855330467224,0.2950964570045471
1,2,75,0,1,1,accepted,0.6548147797584534,0.08468057215213776,1.931266188621521,0.08938360959291458,2234.590087890625,0.4908704459667206,12500000.0,0.019999999552965164,0.0020000000949949026,20.0,120.0,240.0,0.02500000037252903,0.23000000417232513,0.07999999821186066,0.20000000298023224,0.027499999850988388,5.0,2.0,1.2000000476837158,0.18207474052906036,0.19891934096813202,-0.016844604164361954,0.9022229909896851,2.1004762649536133,0.8674572110176086,0.7043334245681763,1.1007274389266968
1,2,76,4,1,0,valid_not_selected,0.5556690692901611,0.11751648783683777,1.8397393226623535,0.16839326918125153,4209.83154296875,6.134542465209961,3550000.0,0.019999999552965164,0.0020000000949949026,20.0,120.0,240.0,0.02500000037252903,0.23000000417232513,0.07999999821186066,0.20000000298023224,0.027499999850988388,5.0,2.0,1.2000000476837158,0.3048882484436035,0.34548890590667725,-0.04060064256191254,1.6328169107437134,1.9039485454559326,0.747086763381958,0.3988460302352905,0.43886348605155945
1,2,77,3,1,0,valid_not_selected,0.8077290058135986,0.04270573705434799,1.129174828529358,0.2043004035949707,5107.509765625,2.564422369003296,12500000.0,0.009999999776482582,0.0020000000949949026,60.0,180.0,300.0,0.02500000037252903,0.23000000417232513,0.07999999821186066,0.20000000298023224,0.027499999850988388,5.0,2.0,1.2000000476837158,0.4565674960613251,0.47693538665771484,-0.020367877557873726,1.433604121208191,2.028665065765381,0.7537304162979126,0.6291811466217041,0.7463197708129883
1,2,78,5,1,0,valid_not_selected,0.7725266814231873,0.05161774158477783,1.2023036479949951,0.49498841166496277,12374.7099609375,53.00572967529297,3550000.0,0.019999999552965164,0.0020000000949949026,60.0,180.0,300.0,0.02500000037252903,0.23000000417232513,0.07999999821186066,0.20000000298023224,0.027499999850988388,5.0,2.0,1.2000000476837158,2.328097343444824,2.4548089504241943,-0.12671169638633728,1.8324182033538818,1.9652130603790283,0.5837333798408508,0.3654616177082062,0.3949975073337555
1,2,79,3,1,0,valid_not_selected,0.7760043144226074,0.05071944743394852,1.129174828529358,0.24334362149238586,6083.5908203125,3.638237476348877,12500000.0,0.009999999776482582,0.0020000000949949026,60.0,180.0,300.0,0.02500000037252903,0.23000000417232513,0.07999999821186066,0.20000000298023224,0.027499999850988388,5.0,2.0,1.2000000476837158,0.633878767490387,0.6677464842796326,-0.0338677316904068,1.4968023300170898,2.0900111198425293,0.7401336431503296,0.5951469540596008,0.69200599193573
1,2,80,8,1,1,accepted,0.9918639063835144,0.0016338704153895378,1.3678209781646729,0.09912215173244476,2478.0537109375,15.720315933227539,480000.0,0.019999999552965164,0.0020000000949949026,60.0,120.0,240.0,0.02500000037252903,0.23000000417232513,0.07999999821186066,0.20000000298023224,0.027499999850988388,5.0,2.0,1.2000000476837158,0.10354053229093552,0.10337163507938385,0.00016889585822355002,1.27755868434906,2.0343844890594482,0.6399898529052734,0.376386433839798,0.40446922183036804
1,2,81,0,1,0,valid_not_selected,0.49629729986190796,0.14011602103710175,1.8397393226623535,0.3001191318035126,7502.978515625,5.53399133682251,12500000.0,0.019999999552965164,0.0020000000949949026,20.0,120.0,240.0,0.02500000037252903,0.23000000417232513,0.07999999821186066,0.20000000298023224,0.027499999850988388,5.0,2.0,1.2000000476837158,1.1802003383636475,1.3725111484527588,-0.19231079518795013,1.914490818977356,2.3870437145233154,0.7243795394897461,0.3873439431190491,0.430489182472229
1,2,82,11,1,0,valid_not_selected,0.9198791980743408,0.016702579334378242,1.3678209781646729,0.09490063041448593,2372.515625,14.40980339050293,480000.0,0.009999999776482582,0.0020000000949949026,60.0,180.0,300.0,0.02500000037252903,0.23000000417232513,0.07999999821186066,0.20000000298023224,0.027499999850988388,5.0,2.0,1.2000000476837158,0.0934314876794815,0.09189657866954803,0.0015349099412560463,1.0232040882110596,1.7452378273010254,0.48710328340530396,1.394301414489746,2.11307692527771
1,2,83,6,1,0,valid_not_selected,0.5081495642662048,0.13539589941501617,1.005865216255188,0.21227996051311493,5306.99853515625,9.74878978729248,3550000.0,0.009999999776482582,0.0020000000949949026,60.0,120.0,240.0,0.02500000037252903,0.23000000417232513,0.07999999821186066,0.20000000298023224,0.027499999850988388,5.0,2.0,1.2000000476837158,0.34488770365715027,0.3988966941833496,-0.054008979350328445,1.6128689050674438,2.2139008045196533,0.5850094556808472,0.4363570213317871,0.4741569757461548
1,2,84,4,1,0,valid_not_selected,0.5173659920692444,0.13180093467235565,1.8397393226623535,0.24739639461040497,6184.90966796875,13.240959167480469,3550000.0,0.019999999552965164,0.0020000000949949026,20.0,120.0,240.0,0.02500000037252903,0.23000000417232513,0.07999999821186066,0.20000000298023224,0.027499999850988388,5.0,2.0,1.2000000476837158,0.6650984287261963,0.7660667300224304,-0.10096831619739532,1.7310711145401,2.1890134811401367,0.6929951906204224,0.3687072694301605,0.40026259422302246
1,2,85,10,1,0,valid_not_selected,0.6857718825340271,0.07544204592704773,1.3678209781646729,0.12614701688289642,3153.67529296875,25.46090316772461,480000.0,0.009999999776482582,0.0020000000949949026,60.0,120.0,240.0,0.02500000037252903,0.23000000417232513,0.07999999821186066,0.20000000298023224,0.027499999850988388,5.0,2.0,1.2000000476837158,0.12566518783569336,0.1359192132949829,-0.010254023596644402,1.3510661125183105,2.405550479888916,0.5225514769554138,0.5665704011917114,0.6360422968864441
1,2,86,10,1,0,valid_not_selected,0.676171064376831,0.0782618299126625,1.4037854671478271,0.30772584676742554,7693.146484375,151.51226806640625,480000.0,0.009999999776482582,0.0020000000949949026,60.0,120.0,240.0,0.02500000037252903,0.23000000417232513,0.07999999821186066,0.20000000298023224,0.027499999850988388,5.0,2.0,1.2000000476837158,0.4273833632469177,0.46367111802101135,-0.03628775104880333,0.9968541860580444,1.8556932210922241,0.48363298177719116,0.3813847005367279,0.41126224398612976
1,2,87,4,1,0,valid_not_selected,0.4833991527557373,0.14538250863552094,1.8397393226623535,0.4371206760406494,10928.0166015625,41.336666107177734,3550000.0,0.019999999552965164,0.0020000000949949026,20.0,120.0,240.0,0.02500000037252903,0.23000000417232513,0.07999999821186066,0.20000000298023224,0.027499999850988388,5.0,2.0,1.2000000476837158,1.7543699741363525,2.0528130531311035,-0.29844310879707336,1.6607282161712646,2.2119946479797363,0.613946795463562,0.3279498219490051,0.35114431381225586
1,2,88,6,1,1,accepted,0.5120841264724731,0.13385328650474548,1.0656541585922241,0.4525366425514221,11313.416015625,44.30372619628906,3550000.0,0.009999999776482582,0.0020000000949949026,60.0,120.0,240.0,0.02500000037252903,0.23000000417232513,0.07999999821186066,0.20000000298023224,0.027499999850988388,5.0,2.0,1.2000000476837158,0.9974139928817749,1.1515531539916992,-0.1541391760110855,1.1273620128631592,1.908155918121338,0.5048614144325256,0.35382911562919617,0.380100816488266
1,2,89,2,1,0,valid_not_selected,0.4380033016204834,0.16510576009750366,1.8397393226623535,0.21005024015903473,5251.25634765625,2.7107996940612793,12500000.0,0.009999999776482582,0.0020000000949949026,20.0,120.0,240.0,0.02500000037252903,0.23000000417232513,0.07999999821186066,0.20000000298023224,0.027499999850988388,5.0,2.0,1.2000000476837158,0.35394158959388733,0.42393583059310913,-0.0699942484498024,1.933747410774231,1.994972586631775,0.7132290005683899,0.45462748408317566,0.4953908920288086
1,2,90,7,1,0,valid_not_selected,0.8808323740959167,0.025377586483955383,1.0,0.3460704982280731,8651.7626953125,25.909669876098633,3550000.0,0.009999999776482582,0.0020000000949949026,60.0,180.0,300.0,0.02500000037252903,0.23000000417232513,0.07999999821186066,0.20000000298023224,0.027499999850988388,5.0,2.0,1.2000000476837158,0.9358503222465515,0.9602183699607849,-0.024368025362491608,1.2925658226013184,2.085021495819092,0.5402663350105286,0.642896831035614,0.7313900589942932
1,2,91,11,1,0,valid_not_selected,0.8806092143058777,0.02542825974524021,1.89464271068573,0.0648716539144516,1621.7911376953125,6.733327865600586,480000.0,0.009999999776482582,0.0020000000949949026,60.0,180.0,300.0,0.02500000037252903,0.23000000417232513,0.07999999821186066,0.20000000298023224,0.027499999850988388,5.0,2.0,1.2000000476837158,0.060492027550935745,0.058991964906454086,0.0015000629937276244,0.8208585381507874,1.6155420541763306,0.5999017357826233,1.5613380670547485,3.540015697479248
1,2,92,11,1,0,valid_not_selected,0.9374473094940186,0.012918948195874691,1.3678209781646729,0.13129262626171112,3282.31591796875,27.580398559570312,480000.0,0.009999999776482582,0.0020000000949949026,60.0,180.0,300.0,0.02500000037252903,0.23000000417232513,0.07999999821186066,0.20000000298023224,0.027499999850988388,5.0,2.0,1.2000000476837158,0.15837040543556213,0.1563505232334137,0.0020198842976242304,1.0554860830307007,2.0039618015289307,0.4656195044517517,1.136631727218628,1.5000908374786377
1,2,93,5,1,0,valid_not_selected,0.9674214720726013,0.006624209228903055,1.017702579498291,0.1860160529613495,4650.4013671875,7.485720157623291,3550000.0,0.019999999552965164,0.0020000000949949026,60.0,180.0,300.0,0.02500000037252903,0.23000000417232513,0.07999999821186066,0.20000000298023224,0.027499999850988388,5.0,2.0,1.2000000476837158,0.5871409773826599,0.5910562872886658,-0.003915280569344759,1.3182482719421387,2.099385976791382,0.7164574861526489,0.5777136087417603,0.6701430678367615
1,2,94,11,1,0,valid_not_selected,0.9826547503471375,0.0034994841553270817,1.941109538078308,0.4883253574371338,12208.1328125,381.53851318359375,480000.0,0.009999999776482582,0.0020000000949949026,60.0,180.0,300.0,0.02500000037252903,0.23000000417232513,0.07999999821186066,0.20000000298023224,0.027499999850988388,5.0,2.0,1.2000000476837158,1.0920984745025635,1.0882899761199951,0.003808453446254134,1.1282739639282227,1.4539378881454468,0.47619640827178955,0.4801257252693176,0.5416243076324463
1,2,95,2,1,0,valid_not_selected,0.4184899926185608,0.17422045767307281,1.8749842643737793,0.0938132107257843,2345.330078125,0.5407282710075378,12500000.0,0.009999999776482582,0.0020000000949949026,20.0,120.0,240.0,0.02500000037252903,0.23000000417232513,0.07999999821186066,0.20000000298023224,0.027499999850988388,5.0,2.0,1.2000000476837158,0.0494474396109581,0.05987970903515816,-0.010432270355522633,1.5750092267990112,1.6077065467834473,0.8298259377479553,0.4099946618080139,0.4409996271133423
1,2,96,4,1,0,valid_not_selected,0.48262205719947815,0.14570428431034088,1.8397393226623535,0.4662148356437683,11655.37109375,47.02241516113281,3550000.0,0.019999999552965164,0.0020000000949949026,20.0,120.0,240.0,0.02500000037252903,0.23000000417232513,0.07999999821186066,0.20000000298023224,0.027499999850988388,5.0,2.0,1.2000000476837158,1.9214727878570557,2.2491893768310547,-0.32771652936935425,1.6357094049453735,2.1702141761779785,0.6052361726760864,0.32293808460235596,0.34524911642074585
1,2,97,2,1,1,accepted,0.439145028591156,0.16458511352539062,1.8397393226623535,0.24548761546611786,6137.18994140625,3.702629566192627,12500000.0,0.009999999776482582,0.0020000000949949026,20.0,120.0,240.0,0.02500000037252903,0.23000000417232513,0.07999999821186066,0.20000000298023224,0.027499999850988388,5.0,2.0,1.2000000476837158,0.49774977564811707,0.5958114862442017,-0.098061703145504,1.9229938983917236,2.103252649307251,0.6952199935913086,0.4593978226184845,0.5021506547927856
1,2,98,9,1,0,valid_not_selected,0.820604681968689,0.03954276069998741,1.3678209781646729,0.23542751371860504,5885.68798828125,88.68174743652344,480000.0,0.019999999552965164,0.0020000000949949026,60.0,180.0,300.0,0.02500000037252903,0.23000000417232513,0.07999999821186066,0.20000000298023224,0.027499999850988388,5.0,2.0,1.2000000476837158,0.6256054043769836,0.6018082499504089,0.023797160014510155,1.4466254711151123,2.256507635116577,0.5254004001617432,0.5540634393692017,0.6193028688430786
1,2,99,11,1,0,valid_not_selected,0.9625920653343201,0.00762511370703578,1.3678209781646729,0.19082091748714447,4770.52294921875,58.26017761230469,480000.0,0.009999999776482582,0.0020000000949949026,60.0,180.0,300.0,0.02500000037252903,0.23000000417232513,0.07999999821186066,0.20000000298023224,0.027499999850988388,5.0,2.0,1.2000000476837158,0.25996971130371094,0.2580024003982544,0.0019672976341098547,1.0375505685806274,2.08547043800354,0.4681863784790039,0.8364493250846863,1.0110348463058472
1,2,100,6,1,0,valid_not_selected,0.5049986243247986,0.13663990795612335,1.005865216255188,0.3567340672016144,8918.3515625,27.530996322631836,3550000.0,0.009999999776482582,0.0020000000949949026,60.0,120.0,240.0,0.02500000037252903,0.23000000417232513,0.07999999821186066,0.20000000298023224,0.027499999850988388,5.0,2.0,1.2000000476837158,0.7540519833564758,0.8733922243118286,-0.11934023350477219,1.301423192024231,2.127997636795044,0.5275933146476746,0.38157716393470764,0.411429226398468
1,2,101,6,1,0,valid_not_selected,0.4571875035762787,0.13327142596244812,2.116304636001587,0.05609027296304703,1402.2568359375,0.6806249022483826,3550000.0,0.009999999776482582,0.0020000000949949026,60.0,120.0,240.0,0.02500000037252903,0.23000000417232513,0.07999999821186066,0.20000000298023224,0.027499999850988388,5.0,2.0,1.2000000476837158,0.021488500759005547,0.02479265257716179,-0.0033041522838175297,0.6347838640213013,1.9372020959854126,0.9113715291023254,0.5585575103759766,0.8031744956970215
1,2,102,10,1,0,valid_not_selected,0.6843307018280029,0.07586280256509781,1.6183706521987915,0.37004417181015015,9251.103515625,219.09222412109375,480000.0,0.009999999776482582,0.0020000000949949026,60.0,120.0,240.0,0.02500000037252903,0.23000000417232513,0.07999999821186066,0.20000000298023224,0.027499999850988388,5.0,2.0,1.2000000476837158,0.5506138801574707,0.5958139896392822,-0.04520011693239212,0.9275667667388916,1.6807154417037964,0.4775926172733307,0.36139270663261414,0.3889247477054596
1,2,103,5,1,1,accepted,0.9703595042228699,0.006017734296619892,1.8013784885406494,0.06896563619375229,1724.140869140625,1.0289592742919922,3550000.0,0.019999999552965164,0.0020000000949949026,60.0,180.0,300.0,0.02500000037252903,0.23000000417232513,0.07999999821186066,0.20000000298023224,0.027499999850988388,5.0,2.0,1.2000000476837158,0.09836816042661667,0.09777975082397461,0.0005884125712327659,0.9642260074615479,1.7840101718902588,0.8558522462844849,0.745851457118988,1.0514763593673706
1,2,104,1,1,1,accepted,0.734899640083313,0.061604272574186325,1.129174828529358,0.18054097890853882,4513.5244140625,2.002639055252075,12500000.0,0.019999999552965164,0.0020000000949949026,60.0,180.0,300.0,0.02500000037252903,0.23000000417232513,0.07999999821186066,0.20000000298023224,0.027499999850988388,5.0,2.0,1.2000000476837158,0.548316478729248,0.5843126177787781,-0.03599615395069122,1.374861478805542,2.142582416534424,0.804592490196228,0.5393952131271362,0.6555951833724976
1,2,105,1,1,0,valid_not_selected,0.5667718052864075,0.11355970054864883,1.1415022611618042,0.4756290018558502,11890.724609375,13.899133682250977,12500000.0,0.019999999552965164,0.0020000000949949026,60.0,180.0,300.0,0.02500000037252903,0.23000000417232513,0.07999999821186066,0.20000000298023224,0.027499999850988388,5.0,2.0,1.2000000476837158,3.583235025405884,4.042274475097656,-0.45903947949409485,2.096921920776367,2.861363649368286,0.7438333034515381,0.37483644485473633,0.4180334210395813
1,2,106,8,1,0,valid_not_selected,0.7093489766120911,0.06868153065443039,1.3678209781646729,0.23739314079284668,5934.82861328125,90.16877746582031,480000.0,0.019999999552965164,0.0020000000949949026,60.0,120.0,240.0,0.02500000037252903,0.23000000417232513,0.07999999821186066,0.20000000298023224,0.027499999850988388,5.0,2.0,1.2000000476837158,0.4461328983306885,0.4790336489677429,-0.03290076553821564,1.3292746543884277,2.1759278774261475,0.540481686592102,0.308360755443573,0.3253663182258606
1,2,107,4,1,0,valid_not_selected,0.5212064385414124,0.13032181560993195,1.8397393226623535,0.23712792992591858,5928.1982421875,12.1646089553833,3550000.0,0.019999999552965164,0.0020000000949949026,20.0,120.0,240.0,0.02500000037252903,0.23000000417232513,0.07999999821186066,0.20000000298023224,0.027499999850988388,5.0,2.0,1.2000000476837158,0.6121405959129333,0.7038702368736267,-0.09172964841127396,1.7254973649978638,2.163407802581787,0.6989471912384033,0.37153860926628113,0.40377548336982727
1,2,108,5,1,1,accepted,0.9842258095741272,0.0031799909193068743,1.017702579498291,0.12186344712972641,3046.586181640625,3.2127699851989746,3550000.0,0.019999999552965164,0.0020000000949949026,60.0,180.0,300.0,0.02500000037252903,0.23000000417232513,0.07999999821186066,0.20000000298023224,0.027499999850988388,5.0,2.0,1.2000000476837158,0.25577402114868164,0.2549632489681244,0.0008107807952910662,1.1860483884811401,1.8601276874542236,0.7675778269767761,0.6397580504417419,0.7758606672286987
1,2,109,6,1,0,valid_not_selected,0.5062716603279114,0.13613638281822205,1.005865216255188,0.38323935866355896,9580.9833984375,31.774078369140625,3550000.0,0.009999999776482582,0.0020000000949949026,60.0,120.0,240.0,0.02500000037252903,0.23000000417232513,0.07999999821186066,0.20000000298023224,0.027499999850988388,5.0,2.0,1.2000000476837158,0.8228493332862854,0.9525222778320312,-0.12967294454574585,1.2479900121688843,2.0712602138519287,0.5203636884689331,0.3728967607021332,0.4015677273273468
1,2,110,11,1,0,valid_not_selected,0.9572077393531799,0.008746971376240253,1.3678209781646729,0.17901086807250977,4475.271484375,51.27180862426758,480000.0,0.009999999776482582,0.0020000000949949026,60.0,180.0,300.0,0.02500000037252903,0.23000000417232513,0.07999999821186066,0.20000000298023224,0.027499999850988388,5.0,2.0,1.2000000476837158,0.24049688875675201,0.23841151595115662,0.0020853786263614893,1.0395416021347046,2.0979089736938477,0.46693381667137146,0.88326495885849,1.0800111293792725
1,2,111,9,1,1,accepted,0.9270511269569397,0.015149318613111973,1.6103776693344116,0.36751100420951843,9187.775390625,216.1028594970703,480000.0,0.019999999552965164,0.0020000000949949026,60.0,180.0,300.0,0.02500000037252903,0.23000000417232513,0.07999999821186066,0.20000000298023224,0.027499999850988388,5.0,2.0,1.2000000476837158,1.0331305265426636,1.0177128314971924,0.015417655929923058,1.506070613861084,1.7235760688781738,0.5117446184158325,0.4394875466823578,0.4810369908809662
1,2,112,5,1,0,valid_not_selected,0.7928035259246826,0.046435967087745667,1.017702579498291,0.38069161772727966,9517.291015625,31.353017807006836,3550000.0,0.019999999552965164,0.0020000000949949026,60.0,180.0,300.0,0.02500000037252903,0.23000000417232513,0.07999999821186066,0.20000000298023224,0.027499999850988388,5.0,2.0,1.2000000476837158,1.8128880262374878,1.9011707305908203,-0.08828270435333252,1.708277940750122,2.2517948150634766,0.6203153133392334,0.42170777916908264,0.4617810547351837
1,2,113,8,1,0,valid_not_selected,0.7711954712867737,0.051962681114673615,1.3678209781646729,0.17785748839378357,4446.43701171875,50.61324691772461,480000.0,0.019999999552965164,0.0020000000949949026,60.0,120.0,240.0,0.02500000037252903,0.23000000417232513,0.07999999821186066,0.20000000298023224,0.027499999850988388,5.0,2.0,1.2000000476837158,0.2855847179889679,0.3012378513813019,-0.015653125941753387,1.3870792388916016,2.2520997524261475,0.5667383670806885,0.3293655514717102,0.3488398492336273
1,2,114,11,1,0,valid_not_selected,0.9860445261001587,0.002810754580423236,1.8874200582504272,0.46630576252937317,11657.6435546875,347.90557861328125,480000.0,0.009999999776482582,0.0020000000949949026,60.0,180.0,300.0,0.02500000037252903,0.23000000417232513,0.07999999821186066,0.20000000298023224,0.027499999850988388,5.0,2.0,1.2000000476837158,1.0021153688430786,0.9993065595626831,0.0028088055551052094,1.1224830150604248,1.4779536724090576,0.47677910327911377,0.486976683139801,0.5498769879341125
1,2,115,10,1,0,valid_not_selected,0.6843869090080261,0.07584638148546219,1.3678209781646729,0.13890376687049866,3472.59375,30.870800018310547,480000.0,0.009999999776482582,0.0020000000949949026,60.0,120.0,240.0,0.02500000037252903,0.23000000417232513,0.07999999821186066,0.20000000298023224,0.027499999850988388,5.0,2.0,1.2000000476837158,0.14465034008026123,0.1565219610929489,-0.011871623806655407,1.3297215700149536,2.382307767868042,0.5169880390167236,0.5379809141159058,0.5988888740539551
1,2,116,7,1,0,valid_not_selected,0.8546123504638672,0.031421467661857605,1.0,0.4312298595905304,10780.74609375,40.23003005981445,3550000.0,0.009999999776482582,0.0020000000949949026,60.0,180.0,300.0,0.02500000037252903,0.23000000417232513,0.07999999821186066,0.20000000298023224,0.027499999850988388,5.0,2.0,1.2000000476837158,1.2167208194732666,1.2561922073364258,-0.039471402764320374,1.369654655456543,1.9165712594985962,0.5256516337394714,0.563827633857727,0.6359004378318787
1,2,117,1,1,0,valid_not_selected,0.6856054663658142,0.07549059391021729,1.129174828529358,0.24508889019489288,6127.22216796875,3.6906113624572754,12500000.0,0.019999999552965164,0.0020000000949949026,60.0,180.0,300.0,0.02500000037252903,0.23000000417232513,0.07999999821186066,0.20000000298023224,0.027499999850988388,5.0,2.0,1.2000000476837158,0.963225245475769,1.0418771505355835,-0.07865192741155624,1.5465128421783447,2.296644687652588,0.7885997891426086,0.48085641860961914,0.5628494620323181
1,2,118,1,1,1,accepted,0.794211208820343,0.04608117789030075,1.5968266725540161,0.11914633214473724,2978.658203125,0.8721926212310791,12500000.0,0.019999999552965164,0.0020000000949949026,60.0,180.0,300.0,0.02500000037252903,0.23000000417232513,0.07999999821186066,0.20000000298023224,0.027499999850988388,5.0,2.0,1.2000000476837158,0.2837897837162018,0.297498881816864,-0.013709099031984806,1.159427285194397,2.1009697914123535,0.8327708840370178,0.6364954113960266,0.8470350503921509
1,2,119,5,1,0,valid_not_selected,0.7900912761688232,0.047121357172727585,1.017702579498291,0.38624894618988037,9656.22265625,32.275081634521484,3550000.0,0.019999999552965164,0.0020000000949949026,60.0,180.0,300.0,0.02500000037252903,0.23000000417232513,0.07999999821186066,0.20000000298023224,0.027499999850988388,5.0,2.0,1.2000000476837158,1.8397178649902344,1.930694818496704,-0.09097696095705032,1.7173832654953003,2.2411999702453613,0.618122935295105,0.41813012957572937,0.4574359953403473
1,2,120,4,1,1,accepted,0.6165187358856201,0.09673330932855606,1.8397393226623535,0.10239813476800919,2559.953369140625,2.268385171890259,3550000.0,0.019999999552965164,0.0020000000949949026,20.0,120.0,240.0,0.02500000037252903,0.23000000417232513,0.07999999821186066,0.20000000298023224,0.027499999850988388,5.0,2.0,1.2000000476837158,0.11414393782615662,0.12636792659759521,-0.012223987840116024,1.32122802734375,1.584491491317749,0.822526216506958,0.4797084331512451,0.5580132603645325
1,2,121,7,1,0,valid_not_selected,0.8958000540733337,0.022007614374160767,1.2621313333511353,0.09824337065219879,2456.084228515625,2.0880420207977295,3550000.0,0.009999999776482582,0.0020000000949949026,60.0,180.0,300.0,0.02500000037252903,0.23000000417232513,0.07999999821186066,0.20000000298023224,0.027499999850988388,5.0,2.0,1.2000000476837158,0.13794785737991333,0.134977325797081,0.0029705290216952562,1.0641720294952393,1.7426460981369019,0.7294435501098633,1.0262314081192017,1.4378371238708496
1,2,122,8,1,1,accepted,0.8215727210044861,0.039306968450546265,1.7843847274780273,0.0697389617562294,1743.473876953125,7.7816338539123535,480000.0,0.019999999552965164,0.0020000000949949026,60.0,120.0,240.0,0.02500000037252903,0.23000000417232513,0.07999999821186066,0.20000000298023224,0.027499999850988388,5.0,2.0,1.2000000476837158,0.05682944506406784,0.05468013510107994,0.002149310428649187,1.103212594985962,1.8001656532287598,0.7143014669418335,0.4133734405040741,0.4535874128341675
1,2,123,5,1,0,valid_not_selected,0.9662793278694153,0.004931414965540171,2.0096452236175537,0.060156505554914474,1503.91259765625,0.782884955406189,3550000.0,0.019999999552965164,0.0020000000949949026,60.0,180.0,300.0,0.02500000037252903,0.23000000417232513,0.07999999821186066,0.20000000298023224,0.027499999850988388,5.0,2.0,1.2000000476837158,0.08621297031641006,0.08578990399837494,0.00042306561954319477,0.892902135848999,1.8628158569335938,0.8782830834388733,0.7859206795692444,1.201532006263733
1,2,124,5,1,0,valid_not_selected,0.8986642956733704,0.021369153633713722,1.017702579498291,0.25534501671791077,6383.625,14.105467796325684,3550000.0,0.019999999552965164,0.0020000000949949026,60.0,180.0,300.0,0.02500000037252903,0.23000000417232513,0.07999999821186066,0.20000000298023224,0.027499999850988388,5.0,2.0,1.2000000476837158,1.0476943254470825,1.0705715417861938,-0.022877207025885582,1.4558950662612915,2.272434711456299,0.6784961819648743,0.518485426902771,0.5854930281639099
1,2,125,5,1,0,valid_not_selected,0.8125134706497192,0.041524555534124374,1.017702579498291,0.34843817353248596,8710.9541015625,26.265409469604492,3550000.0,0.019999999552965164,0.0020000000949949026,60.0,180.0,300.0,0.02500000037252903,0.23000000417232513,0.07999999821186066,0.20000000298023224,0.027499999850988388,5.0,2.0,1.2000000476837158,1.645179033279419,1.716454029083252,-0.07127498835325241,1.6500039100646973,2.2994790077209473,0.6338538527488708,0.44402363896369934,0.4892015755176544
1,2,126,9,1,0,valid_not_selected,0.9013961553573608,0.020762087777256966,1.4311835765838623,0.3150574266910553,7876.435546875,158.8178253173828,480000.0,0.019999999552965164,0.0020000000949949026,60.0,180.0,300.0,0.02500000037252903,0.23000000417232513,0.07999999821186066,0.20000000298023224,0.027499999850988388,5.0,2.0,1.2000000476837158,0.8430194854736328,0.8258726596832275,0.017146840691566467,1.496169090270996,1.8974775075912476,0.5149903297424316,0.47108685970306396,0.5181350111961365
1,2,127,7,1,0,valid_not_selected,0.8584170341491699,0.030533049255609512,1.0,0.40517500042915344,10129.3740234375,35.5155029296875,3550000.0,0.009999999776482582,0.0020000000949949026,60.0,180.0,300.0,0.02500000037252903,0.23000000417232513,0.07999999821186066,0.20000000298023224,0.027499999850988388,5.0,2.0,1.2000000476837158,1.122588872909546,1.1579444408416748,-0.0353555753827095,1.3486628532409668,1.9741230010986328,0.5297456979751587,0.5846250653266907,0.6606646776199341
1,2,128,4,1,1,accepted,0.6538171172142029,0.08498551696538925,1.8397393226623535,0.08029315620660782,2007.328857421875,1.3947288990020752,3550000.0,0.019999999552965164,0.0020000000949949026,20.0,120.0,240.0,0.02500000037252903,0.23000000417232513,0.07999999821186066,0.20000000298023224,0.027499999850988388,5.0,2.0,1.2000000476837158,0.08106458187103271,0.08859376609325409,-0.007529187016189098,1.073129653930664,1.583634614944458,0.8645905256271362,0.5642120242118835,0.7139305472373962
1,2,129,0,1,0,valid_not_selected,0.5116076469421387,0.13403946161270142,1.8397393226623535,0.24221865832805634,6055.46630859375,3.6046764850616455,12500000.0,0.019999999552965164,0.0020000000949949026,20.0,120.0,240.0,0.02500000037252903,0.23000000417232513,0.07999999821186066,0.20000000298023224,0.027499999850988388,5.0,2.0,1.2000000476837158,0.7543880343437195,0.8711575269699097,-0.11676948517560959,1.834413766860962,2.2123820781707764,0.747556209564209,0.4024955928325653,0.4512385129928589
1,2,130,11,1,1,accepted,0.9955381155014038,0.0008943689172156155,1.6799546480178833,0.39015623927116394,9753.90625,243.55494689941406,480000.0,0.009999999776482582,0.0020000000949949026,60.0,180.0,300.0,0.02500000037252903,0.23000000417232513,0.07999999821186066,0.20000000298023224,0.027499999850988388,5.0,2.0,1.2000000476837158,0.7259103059768677,0.7252616286277771,0.0006486514466814697,1.0981301069259644,1.585176706314087,0.47820472717285156,0.5196993947029114,0.5896759033203125
1,2,131,7,1,1,accepted,0.9610655307769775,0.007942535914480686,1.0,0.2486836463212967,6217.0908203125,13.379108428955078,3550000.0,0.009999999776482582,0.0020000000949949026,60.0,180.0,300.0,0.02500000037252903,0.23000000417232513,0.07999999821186066,0.20000000298023224,0.027499999850988388,5.0,2.0,1.2000000476837158,0.6403529047966003,0.645479679107666,-0.005126745440065861,1.2058401107788086,2.1051392555236816,0.5646117925643921,0.7670737504959106,0.8911223411560059
1,2,132,0,1,0,valid_not_selected,0.5161712765693665,0.13226333260536194,1.8397393226623535,0.22876062989234924,5719.015625,3.2152419090270996,12500000.0,0.019999999552965164,0.0020000000949949026,20.0,120.0,240.0,0.02500000037252903,0.23000000417232513,0.07999999821186066,0.20000000298023224,0.027499999850988388,5.0,2.0,1.2000000476837158,0.6694511771202087,0.7714911699295044,-0.10203999280929565,1.8060669898986816,2.164983034133911,0.7537211179733276,0.40776336193084717,0.45864349603652954
1,2,133,0,1,0,valid_not_selected,0.4756401777267456,0.14861872792243958,1.8397393226623535,0.4356783628463745,10891.958984375,11.66226863861084,12500000.0,0.019999999552965164,0.0020000000949949026,20.0,120.0,240.0,0.02500000037252903,0.23000000417232513,0.07999999821186066,0.20000000298023224,0.027499999850988388,5.0,2.0,1.2000000476837158,2.4674811363220215,2.8982093334198,-0.4307281970977783,1.9601761102676392,2.591236114501953,0.683213472366333,0.3685568869113922,0.4058850109577179
1,2,134,8,1,0,valid_not_selected,0.68120276927948,0.07677905261516571,1.6813743114471436,0.3906325697898865,9765.814453125,244.15000915527344,480000.0,0.019999999552965164,0.0020000000949949026,60.0,120.0,240.0,0.02500000037252903,0.23000000417232513,0.07999999821186066,0.20000000298023224,0.027499999850988388,5.0,2.0,1.2000000476837158,0.8781636357307434,0.9511955380439758,-0.07303189486265182,1.1068940162658691,1.772260308265686,0.5054787993431091,0.27785658836364746,0.292328804731369
1,2,135,5,1,1,accepted,0.978562593460083,0.004334099590778351,1.017702579498291,0.1732492297887802,4331.23095703125,6.493447780609131,3550000.0,0.019999999552965164,0.0020000000949949026,60.0,180.0,300.0,0.02500000037252903,0.23000000417232513,0.07999999821186066,0.20000000298023224,0.027499999850988388,5.0,2.0,1.2000000476837158,0.511443555355072,0.5136698484420776,-0.0022262963466346264,1.2937757968902588,2.056220054626465,0.72459876537323,0.588978111743927,0.6875876188278198
1,2,136,3,1,0,valid_not_selected,0.6793841123580933,0.07731371372938156,1.129174828529358,0.396805077791214,9920.1259765625,9.67398738861084,12500000.0,0.009999999776482582,0.0020000000949949026,60.0,180.0,300.0,0.02500000037252903,0.23000000417232513,0.07999999821186066,0.20000000298023224,0.027499999850988388,5.0,2.0,1.2000000476837158,1.6639611721038818,1.8033877611160278,-0.1394266039133072,1.7973953485488892,2.3477790355682373,0.6998977065086365,0.5138861536979675,0.5764755606651306
1,2,137,6,1,0,valid_not_selected,0.5042649507522583,0.1369306892156601,1.005865216255188,0.3119344413280487,7798.36083984375,21.050352096557617,3550000.0,0.009999999776482582,0.0020000000949949026,60.0,120.0,240.0,0.02500000037252903,0.23000000417232513,0.07999999821186066,0.20000000298023224,0.027499999850988388,5.0,2.0,1.2000000476837158,0.6324697732925415,0.732814610004425,-0.10034480690956116,1.3976787328720093,2.2041940689086914,0.541839063167572,0.39771512150764465,0.4298684895038605
1,2,138,5,1,1,accepted,0.9879381060600281,0.002427050145342946,1.017702579498291,0.16185975074768066,4046.493896484375,5.6677470207214355,3550000.0,0.019999999552965164,0.0020000000949949026,60.0,180.0,300.0,0.02500000037252903,0.23000000417232513,0.07999999821186066,0.20000000298023224,0.027499999850988388,5.0,2.0,1.2000000476837158,0.44757580757141113,0.44866472482681274,-0.0010889318073168397,1.271714210510254,2.0152766704559326,0.7324570417404175,0.5992706418037415,0.7040700912475586
1,2,139,11,1,0,valid_not_selected,0.9916967749595642,0.0016675768420100212,1.3678209781646729,0.2734798491001129,6836.99609375,119.66593170166016,480000.0,0.009999999776482582,0.0020000000949949026,60.0,180.0,300.0,0.02500000037252903,0.23000000417232513,0.07999999821186066,0.20000000298023224,0.027499999850988388,5.0,2.0,1.2000000476837158,0.4115803837776184,0.4108951985836029,0.0006851993384771049,1.0518839359283447,1.8604909181594849,0.4758237600326538,0.6305640935897827,0.729322075843811
1,2,140,2,1,1,accepted,0.4389277696609497,0.16468408703804016,1.8397393226623535,0.31390443444252014,7847.61083984375,6.054049491882324,12500000.0,0.009999999776482582,0.0020000000949949026,20.0,120.0,240.0,0.02500000037252903,0.23000000417232513,0.07999999821186066,0.20000000298023224,0.027499999850988388,5.0,2.0,1.2000000476837158,0.8404309749603271,1.0061235427856445,-0.165692538022995,1.8974499702453613,2.2867212295532227,0.6652729511260986,0.4610253870487213,0.505370557308197
1,2,141,8,1,1,accepted,0.783772885799408,0.04872719570994377,1.3678209781646729,0.17022383213043213,4255.595703125,46.3618278503418,480000.0,0.019999999552965164,0.0020000000949949026,60.0,120.0,240.0,0.02500000037252903,0.23000000417232513,0.07999999821186066,0.20000000298023224,0.027499999850988388,5.0,2.0,1.2000000476837158,0.26570072770118713,0.27931076288223267,-0.01361003052443266,1.388798713684082,2.251054286956787,0.5710960626602173,0.3326266407966614,0.35254406929016113
1,2,142,5,1,0,valid_not_selected,0.9326755404472351,0.013939582742750645,1.017702579498291,0.22232003509998322,5558.0009765625,10.69276237487793,3550000.0,0.019999999552965164,0.0020000000949949026,60.0,180.0,300.0,0.02500000037252903,0.23000000417232513,0.07999999821186066,0.20000000298023224,0.027499999850988388,5.0,2.0,1.2000000476837158,0.8210781812667847,0.8326854705810547,-0.011607288382947445,1.3887330293655396,2.2039973735809326,0.6957314014434814,0.5464595556259155,0.6242564916610718
1,2,143,3,1,1,accepted,0.8441964983940125,0.03387400507926941,1.22348153591156,0.16421930491924286,4105.482421875,1.656912088394165,12500000.0,0.009999999776482582,0.0020000000949949026,60.0,180.0,300.0,0.02500000037252903,0.23000000417232513,0.07999999821186066,0.20000000298023224,0.027499999850988388,5.0,2.0,1.2000000476837158,0.306616872549057,0.3173673748970032,-0.010750504210591316,1.3524826765060425,1.9908870458602905,0.774759829044342,0.6728437542915344,0.8246637582778931
1,2,144,6,1,1,accepted,0.5111887454986572,0.13420328497886658,1.0362579822540283,0.443891316652298,11097.283203125,42.62712097167969,3550000.0,0.009999999776482582,0.0020000000949949026,60.0,120.0,240.0,0.02500000037252903,0.23000000417232513,0.07999999821186066,0.20000000298023224,0.027499999850988388,5.0,2.0,1.2000000476837158,0.9756829738616943,1.1269192695617676,-0.15123626589775085,1.1407442092895508,1.9286383390426636,0.506563127040863,0.3559150993824005,0.38243356347084045
1,2,145,9,1,0,valid_not_selected,0.8273285627365112,0.037910670042037964,1.3678209781646729,0.2403949499130249,6009.87353515625,92.46353912353516,480000.0,0.019999999552965164,0.0020000000949949026,60.0,180.0,300.0,0.02500000037252903,0.23000000417232513,0.07999999821186066,0.20000000298023224,0.027499999850988388,5.0,2.0,1.2000000476837158,0.6368972659111023,0.6136339902877808,0.023263275623321533,1.4514522552490234,2.232290029525757,0.524390459060669,0.5471850633621216,0.6106982231140137
1,2,146,10,1,0,valid_not_selected,0.6808369755744934,0.07688647508621216,1.540794014930725,0.34617817401885986,8654.4541015625,191.74285888671875,480000.0,0.009999999776482582,0.0020000000949949026,60.0,120.0,240.0,0.02500000037252903,0.23000000417232513,0.07999999821186066,0.20000000298023224,0.027499999850988388,5.0,2.0,1.2000000476837158,0.5013812184333801,0.5431414246559143,-0.04176022857427597,0.9506528973579407,1.7421998977661133,0.47972506284713745,0.3679635226726532,0.3962196707725525
1,2,147,7,1,1,accepted,0.9890656471252441,0.002198911737650633,1.0,0.21964578330516815,5491.14453125,10.437067031860352,3550000.0,0.009999999776482582,0.0020000000949949026,60.0,180.0,300.0,0.02500000037252903,0.23000000417232513,0.07999999821186066,0.20000000298023224,0.027499999850988388,5.0,2.0,1.2000000476837158,0.5383350253105164,0.5395213961601257,-0.0011863599065691233,1.19398033618927,2.0566623210906982,0.5751851201057434,0.8091217875480652,0.949661910533905
1,2,148,5,1,0,valid_not_selected,0.8756097555160522,0.02656695246696472,1.017702579498291,0.2776716649532318,6941.791015625,16.67999267578125,3550000.0,0.019999999552965164,0.0020000000949949026,60.0,180.0,300.0,0.02500000037252903,0.23000000417232513,0.07999999821186066,0.20000000298023224,0.027499999850988388,5.0,2.0,1.2000000476837158,1.2014902830123901,1.2342814207077026,-0.03279109671711922,1.5029255151748657,2.302238941192627,0.6672719717025757,0.4998200535774231,0.5605358481407166
1,2,149,7,1,1,accepted,0.9616368412971497,0.007823674939572811,1.0,0.16357122361660004,4089.280517578125,5.7882399559021,3550000.0,0.009999999776482582,0.0020000000949949026,60.0,180.0,300.0,0.02500000037252903,0.23000000417232513,0.07999999821186066,0.20000000298023224,0.027499999850988388,5.0,2.0,1.2000000476837158,0.33327242732048035,0.33068525791168213,0.002587173832580447,1.1966183185577393,1.8979562520980835,0.608462929725647,0.8991716504096985,1.0892101526260376
1,2,150,7,1,0,valid_not_selected,0.9180120229721069,0.017108965665102005,1.0,0.11703711748123169,2925.927734375,2.963329553604126,3550000.0,0.009999999776482582,0.0020000000949949026,60.0,180.0,300.0,0.02500000037252903,0.23000000417232513,0.07999999821186066,0.20000000298023224,0.027499999850988388,5.0,2.0,1.2000000476837158,0.1835203617811203,0.18043333292007446,0.003087027696892619,1.1573705673217773,1.7484911680221558,0.6766389012336731,0.9881757497787476,1.2814959287643433
1,2,151,6,1,0,valid_not_selected,0.5046944618225098,0.1367603987455368,1.005865216255188,0.2857324779033661,7143.3115234375,17.662490844726562,3550000.0,0.009999999776482582,0.0020000000949949026,60.0,120.0,240.0,0.02500000037252903,0.23000000417232513,0.07999999821186066,0.20000000298023224,0.027499999850988388,5.0,2.0,1.2000000476837158,0.5581291913986206,0.6465518474578857,-0.08842268586158752,1.4554686546325684,2.231633186340332,0.551515519618988,0.4077819287776947,0.44141829013824463
1,2,152,10,1,0,valid_not_selected,0.6727284789085388,0.07928270101547241,1.3678209781646729,0.23798024654388428,5949.505859375,90.61532592773438,480000.0,0.009999999776482582,0.0020000000949949026,60.0,120.0,240.0,0.02500000037252903,0.23000000417232513,0.07999999821186066,0.20000000298023224,0.027499999850988388,5.0,2.0,1.2000000476837158,0.3053422272205353,0.33163514733314514,-0.02629293128848076,1.1145892143249512,2.0966718196868896,0.4929291605949402,0.41912224888801575,0.454419881105423
1,2,153,11,1,0,valid_not_selected,0.9926974177360535,0.001465874956920743,1.7584718465805054,0.41739144921302795,10434.7861328125,278.744873046875,480000.0,0.009999999776482582,0.0020000000949949026,60.0,180.0,300.0,0.02500000037252903,0.23000000417232513,0.07999999821186066,0.20000000298023224,0.027499999850988388,5.0,2.0,1.2000000476837158,0.8183810114860535,0.8171831369400024,0.001197888283059001,1.1076292991638184,1.5418028831481934,0.47783899307250977,0.5060017108917236,0.5729390978813171
1,2,154,10,1,0,valid_not_selected,0.6729536056518555,0.07921577244997025,1.3678209781646729,0.2617764174938202,6544.41015625,109.64299774169922,480000.0,0.009999999776482582,0.0020000000949949026,60.0,120.0,240.0,0.02500000037252903,0.23000000417232513,0.07999999821186066,0.20000000298023224,0.027499999850988388,5.0,2.0,1.2000000476837158,0.3457205295562744,0.3754631280899048,-0.02974260039627552,1.069277286529541,2.01155161857605,0.48934754729270935,0.4037705957889557,0.4367184638977051
1,2,155,0,1,0,valid_not_selected,0.5036407709121704,0.13717840611934662,1.8397393226623535,0.26955199241638184,6738.7998046875,4.464123249053955,12500000.0,0.019999999552965164,0.0020000000949949026,20.0,120.0,240.0,0.02500000037252903,0.23000000417232513,0.07999999821186066,0.20000000298023224,0.027499999850988388,5.0,2.0,1.2000000476837158,0.9436813592910767,1.0937155485153198,-0.15003415942192078,1.8793805837631226,2.301318645477295,0.7360243201255798,0.3941677212715149,0.43973100185394287
1,2,156,7,1,0,valid_not_selected,0.9140269756317139,0.017979037016630173,1.0419542789459229,0.11351356655359268,2837.839111328125,2.787586212158203,3550000.0,0.009999999776482582,0.0020000000949949026,60.0,180.0,300.0,0.02500000037252903,0.23000000417232513,0.07999999821186066,0.20000000298023224,0.027499999850988388,5.0,2.0,1.2000000476837158,0.17405125498771667,0.17097724974155426,0.003074006410315633,1.1455122232437134,1.7421218156814575,0.6851259469985962,0.995415210723877,1.3043251037597656
1,2,157,0,1,0,valid_not_selected,0.4720102548599243,0.15015092492103577,1.8397393226623535,0.4755801558494568,11889.50390625,13.896279335021973,12500000.0,0.019999999552965164,0.0020000000949949026,20.0,120.0,240.0,0.02500000037252903,0.23000000417232513,0.07999999821186066,0.20000000298023224,0.027499999850988388,5.0,2.0,1.2000000476837158,2.892514705657959,3.4035627841949463,-0.5110480785369873,1.9535577297210693,2.6050796508789062,0.6733149290084839,0.3638291358947754,0.39983317255973816
1,2,158,6,1,0,valid_not_selected,0.5051168203353882,0.13659311830997467,1.005865216255188,0.273013710975647,6825.34228515625,16.125072479248047,3550000.0,0.009999999776482582,0.0020000000949949026,60.0,120.0,240.0,0.02500000037252903,0.23000000417232513,0.07999999821186066,0.20000000298023224,0.027499999850988388,5.0,2.0,1.2000000476837158,0.5213695168495178,0.6038514971733093,-0.08248195797204971,1.4834531545639038,2.2391881942749023,0.556607723236084,0.41276830434799194,0.44714584946632385
1,2,159,8,1,0,valid_not_selected,0.6818257570266724,0.07659623771905899,1.4450981616973877,0.31884753704071045,7971.18798828125,162.66195678710938,480000.0,0.019999999552965164,0.0020000000949949026,60.0,120.0,240.0,0.02500000037252903,0.23000000417232513,0.07999999821186066,0.20000000298023224,0.027499999850988388,5.0,2.0,1.2000000476837158,0.6697914004325867,0.7253504991531372,-0.05555912107229233,1.203427791595459,1.9600263833999634,0.5179769992828369,0.28857603669166565,0.30378085374832153
1,2,160,3,1,0,valid_not_selected,0.6605867743492126,0.08292534947395325,1.129174828529358,0.4468211531639099,11170.529296875,12.266440391540527,12500000.0,0.009999999776482582,0.0020000000949949026,60.0,180.0,300.0,0.02500000037252903,0.23000000417232513,0.07999999821186066,0.20000000298023224,0.027499999850988388,5.0,2.0,1.2000000476837158,2.1203243732452393,2.312052011489868,-0.19172772765159607,1.908514380455017,2.4035587310791016,0.6848844885826111,0.5003384947776794,0.5589069128036499
1,2,161,9,1,0,valid_not_selected,0.7426589131355286,0.05950368568301201,1.3678209781646729,0.18540845811367035,4635.21142578125,55.00205612182617,480000.0,0.019999999552965164,0.0020000000949949026,60.0,180.0,300.0,0.02500000037252903,0.23000000417232513,0.07999999821186066,0.20000000298023224,0.027499999850988388,5.0,2.0,1.2000000476837158,0.5193884968757629,0.4902186989784241,0.029169820249080658,1.3825645446777344,2.478585720062256,0.5400701761245728,0.6390896439552307,0.7293782234191895
1,2,162,11,1,0,valid_not_selected,0.9797070026397705,0.004100349731743336,1.3678209781646729,0.23157575726509094,5789.3935546875,85.80370330810547,480000.0,0.009999999776482582,0.0020000000949949026,60.0,180.0,300.0,0.02500000037252903,0.23000000417232513,0.07999999821186066,0.20000000298023224,0.027499999850988388,5.0,2.0,1.2000000476837158,0.3295412063598633,0.3281954824924469,0.0013457161840051413,1.0396299362182617,1.9885021448135376,0.47250890731811523,0.7127872705459595,0.8380165100097656
1,2,163,4,1,1,accepted,0.5778622627258301,0.10968396067619324,1.8397393226623535,0.1383638232946396,3459.095458984375,4.141692638397217,3550000.0,0.019999999552965164,0.0020000000949949026,20.0,120.0,240.0,0.02500000037252903,0.23000000417232513,0.07999999821186066,0.20000000298023224,0.027499999850988388,5.0,2.0,1.2000000476837158,0.20336267352104187,0.22841627895832062,-0.02505360171198845,1.5395783185958862,1.7496455907821655,0.7754311561584473,0.42193034291267395,0.470431387424469
1,2,164,7,1,0,valid_not_selected,0.8699790835380554,0.027857227250933647,1.0,0.36807793378829956,9201.9482421875,29.309762954711914,3550000.0,0.009999999776482582,0.0020000000949949026,60.0,180.0,300.0,0.02500000037252903,0.23000000417232513,0.07999999821186066,0.20000000298023224,0.027499999850988388,5.0,2.0,1.2000000476837158,1.0018616914749146,1.0305705070495605,-0.028708836063742638,1.3145167827606201,2.0488717555999756,0.536103367805481,0.6194098591804504,0.7026360630989075
1,2,165,7,1,0,valid_not_selected,0.9243712425231934,0.01572830229997635,1.0,0.2874642014503479,7186.6044921875,17.87723159790039,3550000.0,0.009999999776482582,0.0020000000949949026,60.0,180.0,300.0,0.02500000037252903,0.23000000417232513,0.07999999821186066,0.20000000298023224,0.027499999850988388,5.0,2.0,1.2000000476837158,0.7645158767700195,0.7767325639724731,-0.01221668440848589,1.234859585762024,2.1295294761657715,0.5534342527389526,0.7143221497535706,0.821351945400238
1,2,166,5,1,1,accepted,0.9989001154899597,0.00022009741223882884,1.017702579498291,0.1475554257631302,3688.88525390625,4.710240364074707,3550000.0,0.019999999552965164,0.0020000000949949026,60.0,180.0,300.0,0.02500000037252903,0.23000000417232513,0.07999999821186066,0.20000000298023224,0.027499999850988388,5.0,2.0,1.2000000476837158,0.37283027172088623,0.37291234731674194,-8.207704377127811e-05,1.2431663274765015,1.9611159563064575,0.743401050567627,0.6127228140830994,0.7265506982803345
1,2,167,9,1,0,valid_not_selected,0.9179039597511292,0.01713249832391739,1.5348132848739624,0.3444034159183502,8610.0849609375,189.78187561035156,480000.0,0.019999999552965164,0.0020000000949949026,60.0,180.0,300.0,0.02500000037252903,0.23000000417232513,0.07999999821186066,0.20000000298023224,0.027499999850988388,5.0,2.0,1.2000000476837158,0.9447752237319946,0.9288614988327026,0.015913717448711395,1.5031766891479492,1.7935842275619507,0.5130095481872559,0.45181000232696533,0.4954133629798889
1,2,168,9,1,0,valid_not_selected,0.8667873740196228,0.028592310845851898,1.3678209781646729,0.2738836109638214,6847.08984375,120.01952362060547,480000.0,0.019999999552965164,0.0020000000949949026,60.0,180.0,300.0,0.02500000037252903,0.23000000417232513,0.07999999821186066,0.20000000298023224,0.027499999850988388,5.0,2.0,1.2000000476837158,0.7202958464622498,0.7002733945846558,0.02002243511378765,1.4773882627487183,2.0720605850219727,0.5190701484680176,0.5072741508483887,0.5615666508674622
1,2,169,9,1,0,valid_not_selected,0.921449601650238,0.01636144332587719,1.5617897510528564,0.3524811863899231,8812.029296875,198.7886962890625,480000.0,0.019999999552965164,0.0020000000949949026,60.0,180.0,300.0,0.02500000037252903,0.23000000417232513,0.07999999821186066,0.20000000298023224,0.027499999850988388,5.0,2.0,1.2000000476837158,0.974847674369812,0.9591545462608337,0.01569315232336521,1.5044137239456177,1.7679810523986816,0.5125448107719421,0.44724905490875244,0.49007874727249146
1,2,170,5,1,0,valid_not_selected,0.8650926947593689,0.02898373082280159,1.017702579498291,0.2881164848804474,7202.912109375,17.958452224731445,3550000.0,0.019999999552965164,0.0020000000949949026,60.0,180.0,300.0,0.02500000037252903,0.23000000417232513,0.07999999821186066,0.20000000298023224,0.027499999850988388,5.0,2.0,1.2000000476837158,1.2722009420394897,1.3101747035980225,-0.03797375038266182,1.525173306465149,2.3112547397613525,0.6621143817901611,0.4911980926990509,0.5492144823074341
1,2,171,5,1,0,valid_not_selected,0.8286975026130676,0.03758001700043678,1.017702579498291,0.3275630474090576,8189.076171875,23.212533950805664,3550000.0,0.019999999552965164,0.0020000000949949026,60.0,180.0,300.0,0.02500000037252903,0.23000000417232513,0.07999999821186066,0.20000000298023224,0.027499999850988388,5.0,2.0,1.2000000476837158,1.5244486331939697,1.5839743614196777,-0.059525784105062485,1.6083139181137085,2.315753221511841,0.6432745456695557,0.4596973955631256,0.5088100433349609
1,2,172,11,1,0,valid_not_selected,0.9941906929016113,0.0011652527609840035,1.7206496000289917,0.404042512178421,10101.0625,261.2004699707031,480000.0,0.009999999776482582,0.0020000000949949026,60.0,180.0,300.0,0.02500000037252903,0.23000000417232513,0.07999999821186066,0.20000000298023224,0.027499999850988388,5.0,2.0,1.2000000476837158,0.7721686363220215,0.7712699174880981,0.0008987243636511266,1.1030819416046143,1.5622638463974,0.4780440926551819,0.5123783946037292,0.5807167291641235
1,2,173,2,1,0,valid_not_selected,0.4366351068019867,0.1657314896583557,1.8397393226623535,0.43514078855514526,10878.51953125,11.63350772857666,12500000.0,0.009999999776482582,0.0020000000949949026,20.0,120.0,240.0,0.02500000037252903,0.23000000417232513,0.07999999821186066,0.20000000298023224,0.027499999850988388,5.0,2.0,1.2000000476837158,1.6158013343811035,1.9367880821228027,-0.3209867775440216,1.8382469415664673,2.5045642852783203,0.620296835899353,0.45169568061828613,0.49488529562950134
1,2,174,3,1,0,valid_not_selected,0.734717845916748,0.0616537444293499,1.129174828529358,0.299899697303772,7497.4921875,5.525901794433594,12500000.0,0.009999999776482582,0.0020000000949949026,60.0,180.0,300.0,0.02500000037252903,0.23000000417232513,0.07999999821186066,0.20000000298023224,0.027499999850988388,5.0,2.0,1.2000000476837158,0.9485959410667419,1.010923147201538,-0.062327198684215546,1.594570517539978,2.190589427947998,0.7251713275909424,0.5566513538360596,0.6351987719535828
1,2,175,6,1,0,valid_not_selected,0.5065039396286011,0.13604465126991272,1.005865216255188,0.3870759904384613,9676.8994140625,32.41344451904297,3550000.0,0.009999999776482582,0.0020000000949949026,60.0,120.0,240.0,0.02500000037252903,0.23000000417232513,0.07999999821186066,0.20000000298023224,0.027499999850988388,5.0,2.0,1.2000000476837158,0.8326557278633118,0.9637717008590698,-0.13111598789691925,1.2405502796173096,2.0625946521759033,0.5193831920623779,0.3717013895511627,0.4002135396003723
1,2,176,5,1,1,accepted,0.9786674380302429,0.004312682896852493,1.0693265199661255,0.11149290949106216,2787.322509765625,2.689225673675537,3550000.0,0.019999999552965164,0.0020000000949949026,60.0,180.0,300.0,0.02500000037252903,0.23000000417232513,0.07999999821186066,0.20000000298023224,0.027499999850988388,5.0,2.0,1.2000000476837158,0.21540729701519012,0.21448230743408203,0.0009249941795133054,1.1586281061172485,1.8210071325302124,0.7797563076019287,0.6526511907577515,0.8017829060554504
1,2,177,1,1,0,valid_not_selected,0.624926745891571,0.0940241739153862,1.129174828529358,0.3407990038394928,8519.9755859375,7.13588285446167,12500000.0,0.019999999552965164,0.0020000000949949026,60.0,180.0,300.0,0.02500000037252903,0.23000000417232513,0.07999999821186066,0.20000000298023224,0.027499999850988388,5.0,2.0,1.2000000476837158,1.837037205696106,2.027688980102539,-0.1906517744064331,1.7850853204727173,2.5555248260498047,0.7714136242866516,0.4240877032279968,0.4825316369533539
1,2,178,11,1,1,accepted,0.9978174567222595,0.00043698918307200074,1.480901837348938,0.32881081104278564,8220.2705078125,172.98643493652344,480000.0,0.009999999776482582,0.0020000000949949026,60.0,180.0,300.0,0.02500000037252903,0.23000000417232513,0.07999999821186066,0.20000000298023224,0.027499999850988388,5.0,2.0,1.2000000476837158,0.5440403819084167,0.5438027381896973,0.00023763591889292002,1.0740242004394531,1.7100683450698853,0.47799092531204224,0.563694179058075,0.6441901326179504
1,2,179,10,1,1,accepted,0.6875181794166565,0.07493340224027634,1.6797796487808228,0.39009758830070496,9752.4404296875,243.48171997070312,480000.0,0.009999999776482582,0.0020000000949949026,60.0,120.0,240.0,0.02500000037252903,0.23000000417232513,0.07999999821186066,0.20000000298023224,0.027499999850988388,5.0,2.0,1.2000000476837158,0.5941691994667053,0.6422988176345825,-0.04812963679432869,0.9109559059143066,1.6341938972473145,0.47594153881073,0.35668885707855225,0.38373517990112305
1,2,180,10,1,1,accepted,0.6934588551521301,0.07321267575025558,1.7795681953430176,0.4250278174877167,10625.6953125,289.0377197265625,480000.0,0.009999999776482582,0.0020000000949949026,60.0,120.0,240.0,0.02500000037252903,0.23000000417232513,0.07999999821186066,0.20000000298023224,0.027499999850988388,5.0,2.0,1.2000000476837158,0.6751454472541809,0.7284793853759766,-0.05333392322063446,0.8870940804481506,1.5634214878082275,0.4733238220214844,0.3499204218387604,0.37632372975349426
1,2,181,1,1,0,valid_not_selected,0.5844957232475281,0.10740116238594055,1.129174828529358,0.42479634284973145,10619.9091796875,11.086962699890137,12500000.0,0.019999999552965164,0.0020000000949949026,60.0,180.0,300.0,0.02500000037252903,0.23000000417232513,0.07999999821186066,0.20000000298023224,0.027499999850988388,5.0,2.0,1.2000000476837158,2.860750198364258,3.204967498779297,-0.3442172408103943,1.9862598180770874,2.7628109455108643,0.7552465796470642,0.39035987854003906,0.43793177604675293
1,2,182,10,1,0,valid_not_selected,0.6817136406898499,0.07662911713123322,1.5615670680999756,0.35241368412971497,8810.3427734375,198.7125701904297,480000.0,0.009999999776482582,0.0020000000949949026,60.0,120.0,240.0,0.02500000037252903,0.23000000417232513,0.07999999821186066,0.20000000298023224,0.027499999850988388,5.0,2.0,1.2000000476837158,0.5139827728271484,0.5566374063491821,-0.04265463352203369,0.9442432522773743,1.7254751920700073,0.4791487157344818,0.3661334812641144,0.3941829800605774
1,2,183,3,1,0,valid_not_selected,0.7583591341972351,0.055319637060165405,1.129174828529358,0.266609787940979,6665.24462890625,4.367201805114746,12500000.0,0.009999999776482582,0.0020000000949949026,60.0,180.0,300.0,0.02500000037252903,0.23000000417232513,0.07999999821186066,0.20000000298023224,0.027499999850988388,5.0,2.0,1.2000000476837158,0.7547420263290405,0.798939049243927,-0.044197019189596176,1.5352139472961426,2.1308019161224365,0.733626127243042,0.5779054164886475,0.6660481691360474
1,2,184,9,1,0,valid_not_selected,0.6362438797950745,0.09043467044830322,1.3678209781646729,0.1240842267870903,3102.105712890625,24.63502311706543,480000.0,0.019999999552965164,0.0020000000949949026,60.0,180.0,300.0,0.02500000037252903,0.23000000417232513,0.07999999821186066,0.20000000298023224,0.027499999850988388,5.0,2.0,1.2000000476837158,0.3562721014022827,0.3267248570919037,0.029547253623604774,1.2662843465805054,2.567229747772217,0.5755811929702759,0.7844128608703613,0.9389241337776184
1,2,185,2,1,0,valid_not_selected,0.4349062442779541,0.1665249615907669,1.8397393226623535,0.17200306057929993,4300.07666015625,1.8177051544189453,12500000.0,0.009999999776482582,0.0020000000949949026,20.0,120.0,240.0,0.02500000037252903,0.23000000417232513,0.07999999821186066,0.20000000298023224,0.027499999850988388,5.0,2.0,1.2000000476837158,0.22632679343223572,0.27154597640037537,-0.04521918296813965,1.936426043510437,1.8697811365127563,0.7366377115249634,0.4443250894546509,0.4816332459449768
1,2,186,6,1,0,valid_not_selected,0.5039339065551758,0.13706204295158386,1.005865216255188,0.14250552654266357,3562.637939453125,4.393353462219238,3550000.0,0.009999999776482582,0.0020000000949949026,60.0,120.0,240.0,0.02500000037252903,0.23000000417232513,0.07999999821186066,0.20000000298023224,0.027499999850988388,5.0,2.0,1.2000000476837158,0.16077157855033875,0.18630722165107727,-0.025535648688673973,1.7370001077651978,2.046717405319214,0.6327242255210876,0.45190680027008057,0.4904157519340515
1,2,187,6,1,0,valid_not_selected,0.5045031905174255,0.1368362307548523,1.005865216255188,0.33973896503448486,8493.4736328125,24.97028160095215,3550000.0,0.009999999776482582,0.0020000000949949026,60.0,120.0,240.0,0.02500000037252903,0.23000000417232513,0.07999999821186066,0.20000000298023224,0.027499999850988388,5.0,2.0,1.2000000476837158,0.7087773084640503,0.821138858795166,-0.11236154288053513,1.3372676372528076,2.160461187362671,0.5326790809631348,0.3875039219856262,0.4181872010231018
1,2,188,1,1,1,accepted,0.7545415163040161,0.056328997015953064,1.2681065797805786,0.15804064273834229,3951.01611328125,1.5345768928527832,12500000.0,0.019999999552965164,0.0020000000949949026,60.0,180.0,300.0,0.02500000037252903,0.23000000417232513,0.07999999821186066,0.20000000298023224,0.027499999850988388,5.0,2.0,1.2000000476837158,0.4362081289291382,0.46224597096443176,-0.026037851348519325,1.3064106702804565,2.1051275730133057,0.8126700520515442,0.5675458908081055,0.7053167223930359
1,2,189,9,1,0,valid_not_selected,0.5944912433624268,0.10400985926389694,1.3678209781646729,0.0989300087094307,2473.25,15.659429550170898,480000.0,0.019999999552965164,0.0020000000949949026,60.0,180.0,300.0,0.02500000037252903,0.23000000417232513,0.07999999821186066,0.20000000298023224,0.027499999850988388,5.0,2.0,1.2000000476837158,0.26389506459236145,0.23903325200080872,0.024861814454197884,1.2029058933258057,2.4886090755462646,0.6022270917892456,0.8564400672912598,1.0601816177368164
1,2,190,0,1,0,valid_not_selected,0.5269280076026917,0.12813827395439148,1.8397393226623535,0.2021126002073288,5052.81494140625,2.5097925662994385,12500000.0,0.019999999552965164,0.0020000000949949026,20.0,120.0,240.0,0.02500000037252903,0.23000000417232513,0.07999999821186066,0.20000000298023224,0.027499999850988388,5.0,2.0,1.2000000476837158,0.5182745456695557,0.5944458246231079,-0.07617126405239105,1.7335379123687744,2.0668694972991943,0.7671704292297363,0.4216594696044922,0.47863954305648804
1,2,191,10,1,0,valid_not_selected,0.6789388656616211,0.07744484394788742,1.3678209781646729,0.17159812152385712,4289.95263671875,47.11344909667969,480000.0,0.009999999776482582,0.0020000000949949026,60.0,120.0,240.0,0.02500000037252903,0.23000000417232513,0.07999999821186066,0.20000000298023224,0.027499999850988388,5.0,2.0,1.2000000476837158,0.1960364282131195,0.2124929130077362,-0.0164564810693264,1.2606239318847656,2.3099188804626465,0.506567120552063,0.48410698771476746,0.531628429889679
1,2,192,0,1,0,valid_not_selected,0.4725988805294037,0.14990165829658508,1.8397393226623535,0.468423992395401,11710.599609375,13.48122501373291,12500000.0,0.019999999552965164,0.0020000000949949026,20.0,120.0,240.0,0.02500000037252903,0.23000000417232513,0.07999999821186066,0.20000000298023224,0.027499999850988388,5.0,2.0,1.2000000476837158,2.815476179122925,3.311941623687744,-0.4964655339717865,1.955178141593933,2.6038553714752197,0.6750369071960449,0.36468008160591125,0.40091970562934875
1,2,193,3,1,0,valid_not_selected,0.7092448472976685,0.06871088594198227,1.129174828529358,0.33977681398391724,8494.4208984375,7.093140602111816,12500000.0,0.009999999776482582,0.0020000000949949026,60.0,180.0,300.0,0.02500000037252903,0.23000000417232513,0.07999999821186066,0.20000000298023224,0.027499999850988388,5.0,2.0,1.2000000476837158,1.2151316404342651,1.3047845363616943,-0.0896529033780098,1.6734797954559326,2.260340452194214,0.7152366638183594,0.5359219312667847,0.6061865091323853
1,2,194,1,1,0,valid_not_selected,0.6398157477378845,0.0893150120973587,1.129174828529358,0.31511566042900085,7877.89111328125,6.100860595703125,12500000.0,0.019999999552965164,0.0020000000949949026,60.0,180.0,300.0,0.02500000037252903,0.23000000417232513,0.07999999821186066,0.20000000298023224,0.027499999850988388,5.0,2.0,1.2000000476837158,1.5716134309768677,1.7257486581802368,-0.15413525700569153,1.721547245979309,2.4862678050994873,0.7759097218513489,0.4369960129261017,0.5001581907272339
1,2,195,10,1,0,valid_not_selected,0.6806032657623291,0.0769551545381546,1.3744958639144897,0.09126044064760208,2281.510986328125,13.325543403625488,480000.0,0.009999999776482582,0.0020000000949949026,60.0,120.0,240.0,0.02500000037252903,0.23000000417232513,0.07999999821186066,0.20000000298023224,0.027499999850988388,5.0,2.0,1.2000000476837158,0.07940137386322021,0.08602114766836166,-0.006619771011173725,1.3487011194229126,2.4934537410736084,0.5497413873672485,0.6870584487915039,0.8086790442466736
1,2,196,11,1,1,accepted,0.9970377683639526,0.0005933240754529834,1.6181247234344482,0.3699660003185272,9249.1494140625,218.99966430664062,480000.0,0.009999999776482582,0.0020000000949949026,60.0,180.0,300.0,0.02500000037252903,0.23000000417232513,0.07999999821186066,0.20000000298023224,0.027499999850988388,5.0,2.0,1.2000000476837158,0.6619826555252075,0.6615900993347168,0.0003925373312085867,1.0905523300170898,1.6217596530914307,0.47832149267196655,0.5318205952644348,0.604579508304596
1,2,197,1,1,0,valid_not_selected,0.707726001739502,0.06913965195417404,1.129174828529358,0.21480365097522736,5370.09130859375,2.834878444671631,12500000.0,0.019999999552965164,0.0020000000949949026,60.0,180.0,300.0,0.02500000037252903,0.23000000417232513,0.07999999821186066,0.20000000298023224,0.027499999850988388,5.0,2.0,1.2000000476837158,0.7513678073883057,0.8071756362915039,-0.05580784007906914,1.4686001539230347,2.219313144683838,0.7951794862747192,0.5052985548973083,0.6000826358795166
1,2,198,7,1,0,valid_not_selected,0.8536394238471985,0.03164927661418915,1.0568331480026245,0.44992485642433167,11248.1220703125,43.79380798339844,3550000.0,0.009999999776482582,0.0020000000949949026,60.0,180.0,300.0,0.02500000037252903,0.23000000417232513,0.07999999821186066,0.20000000298023224,0.027499999850988388,5.0,2.0,1.2000000476837158,1.2895550727844238,1.331702470779419,-0.04214742034673691,1.3830184936523438,1.8748117685317993,0.5228586196899414,0.5506553053855896,0.6203425526618958
1,2,199,1,1,0,valid_not_selected,0.6537448167800903,0.08500763028860092,1.129174828529358,0.2925873100757599,7314.6826171875,5.2597126960754395,12500000.0,0.019999999552965164,0.0020000000949949026,60.0,180.0,300.0,0.02500000037252903,0.23000000417232513,0.07999999821186066,0.20000000298023224,0.027499999850988388,5.0,2.0,1.2000000476837158,1.357582926750183,1.4837095737457275,-0.12612663209438324,1.6655510663986206,2.4248199462890625,0.779830276966095,0.4495735466480255,0.5176669955253601
1,2,200,0,1,0,valid_not_selected,0.4974789321422577,0.1396404206752777,1.8397393226623535,0.29479026794433594,7369.7568359375,5.339213848114014,12500000.0,0.019999999552965164,0.0020000000949949026,20.0,120.0,240.0,0.02500000037252903,0.23000000417232513,0.07999999821186066,0.20000000298023224,0.027499999850988388,5.0,2.0,1.2000000476837158,1.1371912956237793,1.3217628002166748,-0.1845715194940567,1.9093199968338013,2.3731977939605713,0.7263277173042297,0.38839662075042725,0.431903600692749
1,2,201,1,1,0,valid_not_selected,0.7150061130523682,0.06709282845258713,1.129174828529358,0.20529480278491974,5132.36962890625,2.589446783065796,12500000.0,0.019999999552965164,0.0020000000949949026,60.0,180.0,300.0,0.02500000037252903,0.23000000417232513,0.07999999821186066,0.20000000298023224,0.027499999850988388,5.0,2.0,1.2000000476837158,0.6911237835884094,0.7408280372619629,-0.04970424994826317,1.4434059858322144,2.1964821815490723,0.7975297570228577,0.5139490962028503,0.6137388348579407
1,2,202,8,1,0,valid_not_selected,0.6851203441619873,0.07563214749097824,1.3678209781646729,0.2982306480407715,7455.765625,142.30638122558594,480000.0,0.019999999552965164,0.0020000000949949026,60.0,120.0,240.0,0.02500000037252903,0.23000000417232513,0.07999999821186066,0.20000000298023224,0.027499999850988388,5.0,2.0,1.2000000476837158,0.6126617789268494,0.6627900004386902,-0.050128232687711716,1.2353242635726929,2.017993211746216,0.5226424932479858,0.2927427887916565,0.30828532576560974
1,2,203,3,1,1,accepted,0.8526198267936707,0.03188830614089966,1.284447193145752,0.1558367908000946,3895.919677734375,1.4920763969421387,12500000.0,0.009999999776482582,0.0020000000949949026,60.0,180.0,300.0,0.02500000037252903,0.23000000417232513,0.07999999821186066,0.20000000298023224,0.027499999850988388,5.0,2.0,1.2000000476837158,0.27940380573272705,0.28860700130462646,-0.009203188121318817,1.3293482065200806,1.989863634109497,0.7806229591369629,0.6835640072822571,0.8460403084754944
1,2,204,5,1,0,valid_not_selected,0.9474478363990784,0.010796678252518177,1.017702579498291,0.20738209784030914,5184.55224609375,9.304119110107422,3550000.0,0.019999999552965164,0.0020000000949949026,60.0,180.0,300.0,0.02500000037252903,0.23000000417232513,0.07999999821186066,0.20000000298023224,0.027499999850988388,5.0,2.0,1.2000000476837158,0.7220242023468018,0.7299047708511353,-0.00788054708391428,1.3594038486480713,2.16440486907959,0.7039366364479065,0.5592308044433594,0.6426206231117249
1,2,205,11,1,1,accepted,0.9945228695869446,0.0010984359541907907,1.3678209781646729,0.28955531120300293,7238.88232421875,134.14759826660156,480000.0,0.009999999776482582,0.0020000000949949026,60.0,180.0,300.0,0.02500000037252903,0.23000000417232513,0.07999999821186066,0.20000000298023224,0.027499999850988388,5.0,2.0,1.2000000476837158,0.4470449388027191,0.44655442237854004,0.0004905114183202386,1.057997703552246,1.813279628753662,0.47669845819473267,0.60731440782547,0.6994043588638306
1,2,206,6,1,0,valid_not_selected,0.5078819990158081,0.1355012208223343,1.005865216255188,0.16532155871391296,4133.03857421875,5.912779331207275,3550000.0,0.009999999776482582,0.0020000000949949026,60.0,120.0,240.0,0.02500000037252903,0.23000000417232513,0.07999999821186066,0.20000000298023224,0.027499999850988388,5.0,2.0,1.2000000476837158,0.21697208285331726,0.2509801983833313,-0.034008122980594635,1.704004168510437,2.1183691024780273,0.6137816905975342,0.4503937363624573,0.4896078407764435
1,2,207,1,1,1,accepted,0.8387895226478577,0.035159096121788025,1.9979923963546753,0.0844021812081337,2110.0546875,0.43768176436424255,12500000.0,0.019999999552965164,0.0020000000949949026,60.0,180.0,300.0,0.02500000037252903,0.23000000417232513,0.07999999821186066,0.20000000298023224,0.027499999850988388,5.0,2.0,1.2000000476837158,0.19805888831615448,0.205276221036911,-0.0072173262014985085,0.9685221314430237,2.2825305461883545,0.861553966999054,0.7459806799888611,1.15943443775177
1,2,208,5,1,0,valid_not_selected,0.7715874910354614,0.05186104029417038,1.1467238664627075,0.4772614538669586,11931.5361328125,49.27713394165039,3550000.0,0.019999999552965164,0.0020000000949949026,60.0,180.0,300.0,0.02500000037252903,0.23000000417232513,0.07999999821186066,0.20000000298023224,0.027499999850988388,5.0,2.0,1.2000000476837158,2.2454843521118164,2.368307113647461,-0.12282287329435349,1.8214417695999146,2.013349771499634,0.5883264541625977,0.37187933921813965,0.4024515748023987
1,2,209,10,1,1,accepted,0.7031744718551636,0.07043004035949707,1.9181852340698242,0.47879910469055176,11969.9765625,366.7975769042969,480000.0,0.009999999776482582,0.0020000000949949026,60.0,120.0,240.0,0.02500000037252903,0.23000000417232513,0.07999999821186066,0.20000000298023224,0.027499999850988388,5.0,2.0,1.2000000476837158,0.8132602572441101,0.8748779296875,-0.061617687344551086,0.860083818435669,1.4760364294052124,0.4698162376880646,0.3421391248703003,0.3679053783416748
1,2,210,7,1,0,valid_not_selected,0.8968821167945862,0.021766165271401405,1.0,0.3211871087551117,8029.67724609375,22.317672729492188,3550000.0,0.009999999776482582,0.0020000000949949026,60.0,180.0,300.0,0.02500000037252903,0.23000000417232513,0.07999999821186066,0.20000000298023224,0.027499999850988388,5.0,2.0,1.2000000476837158,0.863665759563446,0.8828827142715454,-0.01921697147190571,1.267284631729126,2.1145262718200684,0.545433521270752,0.6717946529388428,0.7672850489616394
1,2,211,10,1,0,valid_not_selected,0.6857926249504089,0.07543600350618362,1.3678209781646729,0.1126120537519455,2815.30126953125,20.290353775024414,480000.0,0.009999999776482582,0.0020000000949949026,60.0,120.0,240.0,0.02500000037252903,0.23000000417232513,0.07999999821186066,0.20000000298023224,0.027499999850988388,5.0,2.0,1.2000000476837158,0.10654676705598831,0.11524001508951187,-0.00869324617087841,1.3655295372009277,2.431300640106201,0.5302086472511292,0.6041742563247681,0.686775803565979
1,2,212,9,1,1,accepted,0.9412834048271179,0.012102197855710983,1.8840360641479492,0.4649517238140106,11623.79296875,345.8880310058594,480000.0,0.019999999552965164,0.0020000000949949026,60.0,180.0,300.0,0.02500000037252903,0.23000000417232513,0.07999999821186066,0.20000000298023224,0.027499999850988388,5.0,2.0,1.2000000476837158,1.481119155883789,1.4634087085723877,0.01771046221256256,1.5039814710617065,1.5171273946762085,0.5075297355651855,0.40527328848838806,0.44172918796539307
1,2,213,1,1,1,accepted,0.8235122561454773,0.038835372775793076,1.8530527353286743,0.09559815376996994,2389.953857421875,0.5615004301071167,12500000.0,0.019999999552965164,0.0020000000949949026,60.0,180.0,300.0,0.02500000037252903,0.23000000417232513,0.07999999821186066,0.20000000298023224,0.027499999850988388,5.0,2.0,1.2000000476837158,0.21974360942840576,0.22862224280834198,-0.00887862965464592,1.0379997491836548,2.1893110275268555,0.8508729338645935,0.7027583122253418,1.0199826955795288
1,2,214,3,1,0,valid_not_selected,0.76808762550354,0.05277029424905777,1.129174828529358,0.2536368668079376,6340.92138671875,3.95253586769104,12500000.0,0.009999999776482582,0.0020000000949949026,60.0,180.0,300.0,0.02500000037252903,0.23000000417232513,0.07999999821186066,0.20000000298023224,0.027499999850988388,5.0,2.0,1.2000000476837158,0.6859101057052612,0.7241222262382507,-0.03821214288473129,1.513553500175476,2.1078453063964844,0.7371597290039062,0.5872622728347778,0.6800227761268616
1,2,215,3,1,0,valid_not_selected,0.7316945791244507,0.06247842311859131,1.129174828529358,0.30437615513801575,7609.40380859375,5.692097187042236,12500000.0,0.009999999776482582,0.0020000000949949026,60.0,180.0,300.0,0.02500000037252903,0.23000000417232513,0.07999999821186066,0.20000000298023224,0.027499999850988388,5.0,2.0,1.2000000476837158,0.9766148924827576,1.0416985750198364,-0.06508368253707886,1.6030092239379883,2.1985983848571777,0.7240642309188843,0.5540784597396851,0.6315422654151917
1,2,216,4,1,1,accepted,0.5848512649536133,0.10727955400943756,1.8397393226623535,0.13051509857177734,3262.87744140625,3.6851422786712646,3550000.0,0.019999999552965164,0.0020000000949949026,20.0,120.0,240.0,0.02500000037252903,0.23000000417232513,0.07999999821186066,0.20000000298023224,0.027499999850988388,5.0,2.0,1.2000000476837158,0.1807028353214264,0.20241816341876984,-0.021715329959988594,1.5051167011260986,1.7084733247756958,0.7841365337371826,0.4305415153503418,0.48268014192581177
1,2,217,4,1,0,valid_not_selected,0.4956260919570923,0.140386700630188,1.8397393226623535,0.3274810016155243,8187.02490234375,23.20090675354004,3550000.0,0.019999999552965164,0.0020000000949949026,20.0,120.0,240.0,0.02500000037252903,0.23000000417232513,0.07999999821186066,0.20000000298023224,0.027499999850988388,5.0,2.0,1.2000000476837158,1.1136846542358398,1.2955646514892578,-0.18188004195690155,1.731573224067688,2.2862019538879395,0.6537428498268127,0.3498736321926117,0.3772943317890167
1,2,218,8,1,0,valid_not_selected,0.6882877349853516,0.07470966875553131,1.3678209781646729,0.28506171703338623,7126.5419921875,130.01625061035156,480000.0,0.019999999552965164,0.0020000000949949026,60.0,120.0,240.0,0.02500000037252903,0.23000000417232513,0.07999999821186066,0.20000000298023224,0.027499999850988388,5.0,2.0,1.2000000476837158,0.5764662623405457,0.6230112314224243,-0.046544961631298065,1.2561674118041992,2.0547800064086914,0.5259454250335693,0.2956911623477936,0.31148675084114075
1,2,219,8,1,1,accepted,0.9125683307647705,0.01829846389591694,1.4862765073776245,0.08480627089738846,2120.156982421875,11.507362365722656,480000.0,0.019999999552965164,0.0020000000949949026,60.0,120.0,240.0,0.02500000037252903,0.23000000417232513,0.07999999821186066,0.20000000298023224,0.027499999850988388,5.0,2.0,1.2000000476837158,0.07876674085855484,0.07735133171081543,0.0014154105447232723,1.2088181972503662,1.9306256771087646,0.6688723564147949,0.39116600155830383,0.42334938049316406
1,2,220,1,1,0,valid_not_selected,0.6076844930648804,0.09961988776922226,1.129174828529358,0.3733586072921753,9333.96484375,8.564528465270996,12500000.0,0.019999999552965164,0.0020000000949949026,60.0,180.0,300.0,0.02500000037252903,0.23000000417232513,0.07999999821186066,0.20000000298023224,0.027499999850988388,5.0,2.0,1.2000000476837158,2.20617413520813,2.4502696990966797,-0.2440955936908722,1.864749789237976,2.640468120574951,0.7654878497123718,0.4096149802207947,0.46314895153045654
1,2,221,8,1,0,valid_not_selected,0.6938051581382751,0.07311281561851501,1.3678209781646729,0.26822131872177124,6705.53271484375,115.10823822021484,480000.0,0.019999999552965164,0.0020000000949949026,60.0,120.0,240.0,0.02500000037252903,0.23000000417232513,0.07999999821186066,0.20000000298023224,0.027499999850988388,5.0,2.0,1.2000000476837158,0.5303570628166199,0.572191596031189,-0.04183454066514969,1.282842993736267,2.1005256175994873,0.5305839776992798,0.2998010218143463,0.3159675896167755
1,2,222,3,1,0,valid_not_selected,0.6547021865844727,0.08471496403217316,1.129174828529358,0.4685865640640259,11714.6640625,13.490584373474121,12500000.0,0.009999999776482582,0.0020000000949949026,60.0,180.0,300.0,0.02500000037252903,0.23000000417232513,0.07999999821186066,0.20000000298023224,0.027499999850988388,5.0,2.0,1.2000000476837158,2.334784984588623,2.5508830547332764,-0.21609796583652496,1.9551366567611694,2.4197499752044678,0.6779522895812988,0.49569788575172424,0.5530619025230408
1,2,223,7,1,0,valid_not_selected,0.8537387251853943,0.03162601962685585,1.1076771020889282,0.4651886522769928,11629.716796875,46.81563949584961,3550000.0,0.009999999776482582,0.0020000000949949026,60.0,180.0,300.0,0.02500000037252903,0.23000000417232513,0.07999999821186066,0.20000000298023224,0.027499999850988388,5.0,2.0,1.2000000476837158,1.352382779121399,1.3965500593185425,-0.04416732117533684,1.3928687572479248,1.8411322832107544,0.5206542015075684,0.5409089922904968,0.6088960766792297
1,2,224,6,1,1,accepted,0.5161980390548706,0.13225296139717102,1.1811996698379517,0.48818114399909973,12204.5283203125,51.557838439941406,3550000.0,0.009999999776482582,0.0020000000949949026,60.0,120.0,240.0,0.02500000037252903,0.23000000417232513,0.07999999821186066,0.20000000298023224,0.027499999850988388,5.0,2.0,1.2000000476837158,1.0882153511047363,1.2540698051452637,-0.16585445404052734,1.0772535800933838,1.8259326219558716,0.4984297752380371,0.3460713326931,0.3714678883552551
1,2,225,6,1,0,valid_not_selected,0.5075156688690186,0.1356455385684967,1.005865216255188,0.2250450998544693,5626.12744140625,10.956499099731445,3550000.0,0.009999999776482582,0.0020000000949949026,60.0,120.0,240.0,0.02500000037252903,0.23000000417232513,0.07999999821186066,0.20000000298023224,0.027499999850988388,5.0,2.0,1.2000000476837158,0.38155850768089294,0.4414375424385071,-0.05987903103232384,1.5864371061325073,2.2281877994537354,0.5784114599227905,0.43156933784484863,0.46870625019073486
1,2,226,4,1,0,valid_not_selected,0.48607221245765686,0.1442796140909195,1.8397393226623535,0.3961353898048401,9903.3837890625,33.948455810546875,3550000.0,0.019999999552965164,0.0020000000949949026,20.0,120.0,240.0,0.02500000037252903,0.23000000417232513,0.07999999821186066,0.20000000298023224,0.027499999850988388,5.0,2.0,1.2000000476837158,1.5162806510925293,1.7719347476959229,-0.25565406680107117,1.692922830581665,2.2588582038879395,0.6274105310440063,0.3356586694717407,0.36027461290359497
1,2,227,2,1,0,valid_not_selected,0.4384993314743042,0.16487939655780792,1.8397393226623535,0.22108188271522522,5527.046875,3.003014087677002,12500000.0,0.009999999776482582,0.0020000000949949026,20.0,120.0,240.0,0.02500000037252903,0.23000000417232513,0.07999999821186066,0.20000000298023224,0.027499999850988388,5.0,2.0,1.2000000476837158,0.3961436450481415,0.474355012178421,-0.07821136713027954,1.9307585954666138,2.0295627117156982,0.7073428630828857,0.45651867985725403,0.4980134963989258
1,2,228,2,1,1,accepted,0.43871787190437317,0.16477975249290466,1.8397393226623535,0.32624301314353943,8156.0751953125,6.539333820343018,12500000.0,0.009999999776482582,0.0020000000949949026,20.0,120.0,240.0,0.02500000037252903,0.23000000417232513,0.07999999821186066,0.20000000298023224,0.027499999850988388,5.0,2.0,1.2000000476837158,0.9106299877166748,1.090287208557129,-0.1796572506427765,1.8923202753067017,2.3156814575195312,0.6602895259857178,0.46063432097435,0.505047082901001
1,2,229,3,1,0,valid_not_selected,0.7886483073234558,0.047486964613199234,1.129174828529358,0.22736214101314545,5684.05322265625,3.1760501861572266,12500000.0,0.009999999776482582,0.0020000000949949026,60.0,180.0,300.0,0.02500000037252903,0.23000000417232513,0.07999999821186066,0.20000000298023224,0.027499999850988388,5.0,2.0,1.2000000476837158,0.5575153231620789,0.5853099226951599,-0.027794592082500458,1.4712059497833252,2.0633740425109863,0.7451683282852173,0.6082471609115601,0.7123775482177734
1,2,230,8,1,1,accepted,0.8217917680740356,0.03925364837050438,1.3678209781646729,0.15129081904888153,3782.270263671875,36.62224578857422,480000.0,0.019999999552965164,0.0020000000949949026,60.0,120.0,240.0,0.02500000037252903,0.23000000417232513,0.07999999821186066,0.20000000298023224,0.027499999850988388,5.0,2.0,1.2000000476837158,0.2178344875574112,0.22673465311527252,-0.008900162763893604,1.3844830989837646,2.233384370803833,0.5834290385246277,0.34153544902801514,0.36275920271873474
1,2,231,9,1,0,valid_not_selected,0.8528975248336792,0.03182317689061165,1.3678209781646729,0.26105210185050964,6526.30224609375,109.0370864868164,480000.0,0.019999999552965164,0.0020000000949949026,60.0,180.0,300.0,0.02500000037252903,0.23000000417232513,0.07999999821186066,0.20000000298023224,0.027499999850988388,5.0,2.0,1.2000000476837158,0.6867236495018005,0.6655439138412476,0.021179720759391785,1.4687435626983643,2.1322593688964844,0.5208358764648438,0.5213049054145813,0.5786876082420349
1,2,232,10,1,1,accepted,0.7002289891242981,0.07126957923173904,1.8785135746002197,0.46275031566619873,11568.7578125,342.6204528808594,480000.0,0.009999999776482582,0.0020000000949949026,60.0,120.0,240.0,0.02500000037252903,0.23000000417232513,0.07999999821186066,0.20000000298023224,0.027499999850988388,5.0,2.0,1.2000000476837158,0.7702810764312744,0.8293914794921875,-0.059110384434461594,0.8671193718910217,1.4997144937515259,0.4708048701286316,0.3441880941390991,0.37010952830314636
1,2,233,6,1,0,valid_not_selected,0.5086179971694946,0.13521160185337067,1.005865216255188,0.19963571429252625,4990.892578125,8.622023582458496,3550000.0,0.009999999776482582,0.0020000000949949026,60.0,120.0,240.0,0.02500000037252903,0.23000000417232513,0.07999999821186066,0.20000000298023224,0.027499999850988388,5.0,2.0,1.2000000476837158,0.30918052792549133,0.35752159357070923,-0.048341065645217896,1.638548493385315,2.1948509216308594,0.5919575691223145,0.4408547878265381,0.47923803329467773
1,2,234,9,1,0,valid_not_selected,0.5635179877281189,0.1147112026810646,1.597220540046692,0.07885189354419708,1971.297119140625,9.948190689086914,480000.0,0.019999999552965164,0.0020000000949949026,60.0,180.0,300.0,0.02500000037252903,0.23000000417232513,0.07999999821186066,0.20000000298023224,0.027499999850988388,5.0,2.0,1.2000000476837158,0.1851787269115448,0.16612260043621063,0.01905612275004387,1.1370805501937866,2.3576865196228027,0.6371396780014038,0.9188323616981506,1.1855696439743042
1,2,235,2,1,0,valid_not_selected,0.424513041973114,0.17136250436306,1.8397393226623535,0.11698548495769501,2924.636962890625,0.8408432602882385,12500000.0,0.009999999776482582,0.0020000000949949026,20.0,120.0,240.0,0.02500000037252903,0.23000000417232513,0.07999999821186066,0.20000000298023224,0.027499999850988388,5.0,2.0,1.2000000476837158,0.09011968970298767,0.10875647515058517,-0.018636781722307205,1.819419503211975,1.6768335103988647,0.7902439832687378,0.41717612743377686,0.44772785902023315
1,2,236,8,1,0,valid_not_selected,0.680255651473999,0.07705732434988022,1.5129551887512207,0.3379943072795868,8449.857421875,182.7841796875,480000.0,0.019999999552965164,0.0020000000949949026,60.0,120.0,240.0,0.02500000037252903,0.23000000417232513,0.07999999821186066,0.20000000298023224,0.027499999850988388,5.0,2.0,1.2000000476837158,0.7236410975456238,0.7840585708618164,-0.06041745841503143,1.1751784086227417,1.907030463218689,0.5141297578811646,0.28517138957977295,0.3001194894313812
1,2,237,3,1,0,valid_not_selected,0.6609113812446594,0.08282710611820221,1.129174828529358,0.4457540810108185,11143.8515625,12.207921981811523,12500000.0,0.009999999776482582,0.0020000000949949026,60.0,180.0,300.0,0.02500000037252903,0.23000000417232513,0.07999999821186066,0.20000000298023224,0.027499999850988388,5.0,2.0,1.2000000476837158,2.110037088394165,2.3005881309509277,-0.1905510574579239,1.9061884880065918,2.4026296138763428,0.6852189302444458,0.500582754611969,0.5592174530029297
1,2,238,0,1,1,accepted,0.5970311760902405,0.10315719246864319,1.8397393226623535,0.11823298782110214,2955.824462890625,0.8588719367980957,12500000.0,0.019999999552965164,0.0020000000949949026,20.0,120.0,240.0,0.02500000037252903,0.23000000417232513,0.07999999821186066,0.20000000298023224,0.027499999850988388,5.0,2.0,1.2000000476837158,0.20839937031269073,0.23237000405788422,-0.02397063747048378,1.218474268913269,1.8886871337890625,0.8314336538314819,0.5536909103393555,0.7076283097267151
1,2,239,0,1,0,valid_not_selected,0.532451331615448,0.12605275213718414,1.8397393226623535,0.19072069227695465,4768.01708984375,2.2348413467407227,12500000.0,0.019999999552965164,0.0020000000949949026,20.0,120.0,240.0,0.02500000037252903,0.23000000417232513,0.07999999821186066,0.20000000298023224,0.027499999850988388,5.0,2.0,1.2000000476837158,0.46081310510635376,0.527277946472168,-0.06646483391523361,1.693922758102417,2.0247509479522705,0.7735607624053955,0.4295816719532013,0.4903411567211151
1,2,240,2,1,0,valid_not_selected,0.4375096559524536,0.16533130407333374,1.8397393226623535,0.3860412836074829,9651.0322265625,9.156270027160645,12500000.0,0.009999999776482582,0.0020000000949949026,20.0,120.0,240.0,0.02500000037252903,0.23000000417232513,0.07999999821186066,0.20000000298023224,0.027499999850988388,5.0,2.0,1.2000000476837158,1.281381368637085,1.5351976156234741,-0.2538162171840668,1.8646403551101685,2.435029983520508,0.637478232383728,0.4567672908306122,0.5008500814437866
1,2,241,6,1,0,valid_not_selected,0.4919610023498535,0.14187116920948029,1.0121264457702637,0.11575712263584137,2893.92822265625,2.8988664150238037,3550000.0,0.009999999776482582,0.0020000000949949026,60.0,120.0,240.0,0.02500000037252903,0.23000000417232513,0.07999999821186066,0.20000000298023224,0.027499999850988388,5.0,2.0,1.2000000476837158,0.10120834410190582,0.1179407387971878,-0.016732390969991684,1.724853277206421,1.935638666152954,0.666918158531189,0.44220858812332153,0.47741183638572693
1,2,242,5,1,0,valid_not_selected,0.7790955305099487,0.04992431402206421,1.017702579498291,0.4154588282108307,10386.470703125,37.34123611450195,3550000.0,0.019999999552965164,0.0020000000949949026,60.0,180.0,300.0,0.02500000037252903,0.23000000417232513,0.07999999821186066,0.20000000298023224,0.027499999850988388,5.0,2.0,1.2000000476837158,1.9735223054885864,2.077226400375366,-0.10370410233736038,1.760091781616211,2.1766769886016846,0.6073216795921326,0.4007372260093689,0.43650269508361816
1,2,243,10,1,0,valid_not_selected,0.6731707453727722,0.07915125042200089,1.3678209781646729,0.22396381199359894,5599.09521484375,80.2556381225586,480000.0,0.009999999776482582,0.0020000000949949026,60.0,120.0,240.0,0.02500000037252903,0.23000000417232513,0.07999999821186066,0.20000000298023224,0.027499999850988388,5.0,2.0,1.2000000476837158,0.2819252014160156,0.3061579763889313,-0.024232786148786545,1.1435507535934448,2.146305799484253,0.49529826641082764,0.4297274947166443,0.46676331758499146
1,2,244,8,1,0,valid_not_selected,0.6841038465499878,0.07592912018299103,1.767538070678711,0.42065611481666565,10516.40234375,283.1224365234375,480000.0,0.019999999552965164,0.0020000000949949026,60.0,120.0,240.0,0.02500000037252903,0.23000000417232513,0.07999999821186066,0.20000000298023224,0.027499999850988388,5.0,2.0,1.2000000476837158,0.9721735119819641,1.0520551204681396,-0.07988162338733673,1.0746022462844849,1.7048827409744263,0.5015296936035156,0.27481698989868164,0.2891360819339752
1,2,245,0,1,0,valid_not_selected,0.48888707160949707,0.1431247442960739,1.8397393226623535,0.33797547221183777,8449.3857421875,7.018130302429199,12500000.0,0.019999999552965164,0.0020000000949949026,20.0,120.0,240.0,0.02500000037252903,0.23000000417232513,0.07999999821186066,0.20000000298023224,0.027499999850988388,5.0,2.0,1.2000000476837158,1.505368947982788,1.7568122148513794,-0.2514432966709137,1.9419034719467163,2.4719831943511963,0.7113925814628601,0.38098156452178955,0.42202842235565186
1,2,246,1,1,0,valid_not_selected,0.5978695154190063,0.10287655144929886,1.129174828529358,0.39376866817474365,9844.216796875,9.526500701904297,12500000.0,0.019999999552965164,0.0020000000949949026,60.0,180.0,300.0,0.02500000037252903,0.23000000417232513,0.07999999821186066,0.20000000298023224,0.027499999850988388,5.0,2.0,1.2000000476837158,2.455777168273926,2.7373905181884766,-0.281613290309906,1.9137929677963257,2.6911399364471436,0.7615711092948914,0.4014894962310791,0.4524313509464264
1,2,247,5,1,1,accepted,0.971258819103241,0.005832454655319452,1.3432031869888306,0.0931537002325058,2328.842529296875,1.8772969245910645,3550000.0,0.019999999552965164,0.0020000000949949026,60.0,180.0,300.0,0.02500000037252903,0.23000000417232513,0.07999999821186066,0.20000000298023224,0.027499999850988388,5.0,2.0,1.2000000476837158,0.1546902358531952,0.15379324555397034,0.0008969921036623418,1.0971673727035522,1.7652781009674072,0.8064295053482056,0.6812812685966492,0.8660426735877991
1,2,248,5,1,0,valid_not_selected,0.7724164128303528,0.051646292209625244,1.0630345344543457,0.451759397983551,11293.984375,44.15166473388672,3550000.0,0.019999999552965164,0.0020000000949949026,60.0,180.0,300.0,0.02500000037252903,0.23000000417232513,0.07999999821186066,0.20000000298023224,0.027499999850988388,5.0,2.0,1.2000000476837158,2.131927251815796,2.2480297088623047,-0.11610239744186401,1.800734519958496,2.0828323364257812,0.5955665111541748,0.3825116455554962,0.41489800810813904
1,2,249,11,1,1,accepted,0.9973652958869934,0.0005276394658721983,1.4418971538543701,0.3179716169834137,7949.29052734375,161.7694549560547,480000.0,0.009999999776482582,0.0020000000949949026,60.0,180.0,300.0,0.02500000037252903,0.23000000417232513,0.07999999821186066,0.20000000298023224,0.027499999850988388,5.0,2.0,1.2000000476837158,0.5157536864280701,0.51548171043396,0.0002719885087572038,1.069546103477478,1.7366943359375,0.4777432382106781,0.5741810202598572,0.6573570370674133
1,2,250,8,1,0,valid_not_selected,0.6879069209098816,0.07482034713029861,1.844327688217163,0.44935280084609985,11233.8203125,323.0686340332031,480000.0,0.019999999552965164,0.0020000000949949026,60.0,120.0,240.0,0.02500000037252903,0.23000000417232513,0.07999999821186066,0.20000000298023224,0.027499999850988388,5.0,2.0,1.2000000476837158,1.066961646080017,1.1532480716705322,-0.08628641813993454,1.048002004623413,1.6473084688186646,0.4982631206512451,0.27252694964408875,0.28675976395606995
1,2,251,4,1,1,accepted,0.5647976994514465,0.06562486290931702,2.2431633472442627,0.05161028727889061,1290.2572021484375,0.5762425065040588,3550000.0,0.019999999552965164,0.0020000000949949026,20.0,120.0,240.0,0.02500000037252903,0.23000000417232513,0.07999999821186066,0.20000000298023224,0.027499999850988388,5.0,2.0,1.2000000476837158,0.08295442163944244,0.08878064155578613,-0.005826217122375965,0.6942398548126221,2.096449613571167,0.9275259375572205,0.8415176868438721,1.6866533756256104
1,2,252,9,1,1,accepted,0.9408263564109802,0.012199338525533676,1.8426716327667236,0.4487137198448181,11217.8427734375,322.1502685546875,480000.0,0.019999999552965164,0.0020000000949949026,60.0,180.0,300.0,0.02500000037252903,0.23000000417232513,0.07999999821186066,0.20000000298023224,0.027499999850988388,5.0,2.0,1.2000000476837158,1.3983219861984253,1.3814690113067627,0.016853008419275284,1.505337119102478,1.5436584949493408,0.5081735849380493,0.4095374643802643,0.44657817482948303
1,2,253,4,1,1,accepted,0.6367966532707214,0.09026098996400833,1.8397393226623535,0.08929245918989182,2232.311279296875,1.7248934507369995,3550000.0,0.019999999552965164,0.0020000000949949026,20.0,120.0,240.0,0.02500000037252903,0.23000000417232513,0.07999999821186066,0.20000000298023224,0.027499999850988388,5.0,2.0,1.2000000476837158,0.09203625470399857,0.10116775333881378,-0.00913150142878294,1.1871771812438965,1.564346194267273,0.8459464907646179,0.5215734243392944,0.6304870843887329
1,2,254,0,1,0,valid_not_selected,0.49231845140457153,0.14172589778900146,1.8397393226623535,0.3194153308868408,7985.38330078125,6.2684855461120605,12500000.0,0.019999999552965164,0.0020000000949949026,20.0,120.0,240.0,0.02500000037252903,0.23000000417232513,0.07999999821186066,0.20000000298023224,0.027499999850988388,5.0,2.0,1.2000000476837158,1.3418065309524536,1.5633776187896729,-0.22157108783721924,1.9303574562072754,2.4332613945007324,0.7175825834274292,0.38389191031455994,0.42587998509407043
1,2,255,8,1,0,valid_not_selected,0.7687340974807739,0.05260203778743744,1.9809376001358032,0.061300408095121384,1532.5101318359375,6.0123820304870605,480000.0,0.019999999552965164,0.0020000000949949026,60.0,120.0,240.0,0.02500000037252903,0.23000000417232513,0.07999999821186066,0.20000000298023224,0.027499999850988388,5.0,2.0,1.2000000476837158,0.04676072672009468,0.04442393779754639,0.002336789621040225,1.0225932598114014,1.7246705293655396,0.750634491443634,0.43270745873451233,0.4819236993789673
1,2,256,6,1,0,valid_not_selected,0.5061283707618713,0.13619299232959747,1.005865216255188,0.2507523000240326,6268.8076171875,13.602620124816895,3550000.0,0.009999999776482582,0.0020000000949949026,60.0,120.0,240.0,0.02500000037252903,0.23000000417232513,0.07999999821186066,0.20000000298023224,0.027499999850988388,5.0,2.0,1.2000000476837158,0.4564419686794281,0.5284073352813721,-0.07196537405252457,1.531877040863037,2.2422046661376953,0.5661883354187012,0.4215533435344696,0.4572353959083557
1,2,257,9,1,0,valid_not_selected,0.8804048299789429,0.02547468990087509,1.3678209781646729,0.2881002128124237,7202.50537109375,132.802734375,480000.0,0.019999999552965164,0.0020000000949949026,60.0,180.0,300.0,0.02500000037252903,0.23000000417232513,0.07999999821186066,0.20000000298023224,0.027499999850988388,5.0,2.0,1.2000000476837158,0.7600381374359131,0.7411574125289917,0.018880754709243774,1.4852938652038574,2.0082247257232666,0.5174270868301392,0.4933651089668274,0.5447511672973633
1,2,258,1,1,1,accepted,0.7663512825965881,0.053222931921482086,1.3640756607055664,0.14552925527095795,3638.231201171875,1.301222801208496,12500000.0,0.019999999552965164,0.0020000000949949026,60.0,180.0,300.0,0.02500000037252903,0.23000000417232513,0.07999999821186066,0.20000000298023224,0.027499999850988388,5.0,2.0,1.2000000476837158,0.3813062906265259,0.40274137258529663,-0.021435076370835304,1.2642220258712769,2.0924205780029297,0.8181174397468567,0.5861847996711731,0.7405641078948975
1,2,259,0,1,0,valid_not_selected,0.5363550782203674,0.12459178268909454,1.8397393226623535,0.18345001339912415,4586.25,2.0676956176757812,12500000.0,0.019999999552965164,0.0020000000949949026,20.0,120.0,240.0,0.02500000037252903,0.23000000417232513,0.07999999821186066,0.20000000298023224,0.027499999850988388,5.0,2.0,1.2000000476837158,0.4264603853225708,0.4871560335159302,-0.06069563701748848,1.6652227640151978,1.9984670877456665,0.7778915166854858,0.4354863166809082,0.4992079734802246
1,2,260,4,1,0,valid_not_selected,0.5028696060180664,0.13748487830162048,1.8397393226623535,0.2949434518814087,7373.5859375,18.81959342956543,3550000.0,0.019999999552965164,0.0020000000949949026,20.0,120.0,240.0,0.02500000037252903,0.23000000417232513,0.07999999821186066,0.20000000298023224,0.027499999850988388,5.0,2.0,1.2000000476837158,0.9258884191513062,1.0734750032424927,-0.14758658409118652,1.7391111850738525,2.266871452331543,0.6683449149131775,0.3570936918258667,0.3860320746898651
1,2,261,9,1,1,accepted,0.9351787567138672,0.013403522782027721,1.7054810523986816,0.3988097310066223,9970.2431640625,254.47862243652344,480000.0,0.019999999552965164,0.0020000000949949026,60.0,180.0,300.0,0.02500000037252903,0.23000000417232513,0.07999999821186066,0.20000000298023224,0.027499999850988388,5.0,2.0,1.2000000476837158,1.1640163660049438,1.148620843887329,0.015395565889775753,1.5073575973510742,1.6433913707733154,0.5102636814117432,0.4258827269077301,0.46529847383499146
1,2,262,8,1,0,valid_not_selected,0.6862863898277283,0.07529205083847046,1.8142169713974,0.43787404894828796,10946.8515625,306.7738037109375,480000.0,0.019999999552965164,0.0020000000949949026,60.0,120.0,240.0,0.02500000037252903,0.23000000417232513,0.07999999821186066,0.20000000298023224,0.027499999850988388,5.0,2.0,1.2000000476837158,1.0284309387207031,1.112168312072754,-0.08373743295669556,1.0581680536270142,1.6695517301559448,0.49951666593551636,0.27337801456451416,0.28763917088508606
1,2,263,10,1,0,valid_not_selected,0.6746529936790466,0.0787113606929779,1.3678209781646729,0.29112645983695984,7278.1611328125,135.6073455810547,480000.0,0.009999999776482582,0.0020000000949949026,60.0,120.0,240.0,0.02500000037252903,0.23000000417232513,0.07999999821186066,0.20000000298023224,0.027499999850988388,5.0,2.0,1.2000000476837158,0.3971715569496155,0.4311043620109558,-0.03393281251192093,1.0207265615463257,1.9098801612854004,0.4855438470840454,0.38853979110717773,0.41935136914253235
1,2,264,4,1,0,valid_not_selected,0.48395878076553345,0.14515110850334167,1.8397393226623535,0.4254865348339081,10637.1640625,39.165565490722656,3550000.0,0.019999999552965164,0.0020000000949949026,20.0,120.0,240.0,0.02500000037252903,0.23000000417232513,0.07999999821186066,0.20000000298023224,0.027499999850988388,5.0,2.0,1.2000000476837158,1.6871074438095093,1.973573923110962,-0.28646644949913025,1.6703137159347534,2.226961374282837,0.6176204681396484,0.33006560802459717,0.35364288091659546
1,2,265,8,1,0,valid_not_selected,0.6997784376144409,0.0713983029127121,1.3678209781646729,0.25443145632743835,6360.7861328125,103.57655334472656,480000.0,0.019999999552965164,0.0020000000949949026,60.0,120.0,240.0,0.02500000037252903,0.23000000417232513,0.07999999821186066,0.20000000298023224,0.027499999850988388,5.0,2.0,1.2000000476837158,0.4926670789718628,0.5305472612380981,-0.037880174815654755,1.304226279258728,2.1359987258911133,0.5347687005996704,0.30345964431762695,0.319973886013031
1,2,266,10,1,1,accepted,0.7068057656288147,0.0693998783826828,1.9649171829223633,0.49841955304145813,12460.48828125,397.47515869140625,480000.0,0.009999999776482582,0.0020000000949949026,60.0,120.0,240.0,0.02500000037252903,0.23000000417232513,0.07999999821186066,0.20000000298023224,0.027499999850988388,5.0,2.0,1.2000000476837158,0.8678761720657349,0.932598352432251,-0.0647222101688385,0.8524706363677979,1.4495065212249756,0.46866774559020996,0.3398945927619934,0.36550307273864746
1,2,267,2,1,0,valid_not_selected,0.43620121479034424,0.16593033075332642,1.8397393226623535,0.47326231002807617,11831.556640625,13.76115608215332,12500000.0,0.009999999776482582,0.0020000000949949026,20.0,120.0,240.0,0.02500000037252903,0.23000000417232513,0.07999999821186066,0.20000000298023224,0.027499999850988388,5.0,2.0,1.2000000476837158,1.887843370437622,2.2634119987487793,-0.375568687915802,1.8156520128250122,2.54006290435791,0.6079062223434448,0.4468827247619629,0.48911091685295105
1,2,268,0,1,0,valid_not_selected,0.48509451746940613,0.14468230307102203,1.8397393226623535,0.36101242899894714,9025.310546875,8.007471084594727,12500000.0,0.019999999552965164,0.0020000000949949026,20.0,120.0,240.0,0.02500000037252903,0.23000000417232513,0.07999999821186066,0.20000000298023224,0.027499999850988388,5.0,2.0,1.2000000476837158,1.7183406352996826,2.0090086460113525,-0.2906680107116699,1.951961874961853,2.5124616622924805,0.7041312456130981,0.3777480721473694,0.4177842140197754
1,2,269,3,1,1,accepted,0.8267015814781189,0.03806229680776596,1.129174828529358,0.18272747099399567,4568.18701171875,2.0514397621154785,12500000.0,0.009999999776482582,0.0020000000949949026,60.0,180.0,300.0,0.02500000037252903,0.23000000417232513,0.07999999821186066,0.20000000298023224,0.027499999850988388,5.0,2.0,1.2000000476837158,0.37183430790901184,0.38654717803001404,-0.014712872914969921,1.3942604064941406,2.003185987472534,0.7638081312179565,0.6513264179229736,0.7845405340194702
1,2,270,3,1,1,accepted,0.8191093802452087,0.039907537400722504,1.129174828529358,0.19118548929691315,4779.63720703125,2.2457475662231445,12500000.0,0.009999999776482582,0.0020000000949949026,60.0,180.0,300.0,0.02500000037252903,0.23000000417232513,0.07999999821186066,0.20000000298023224,0.027499999850988388,5.0,2.0,1.2000000476837158,0.40394327044487,0.4207337200641632,-0.016790445894002914,1.4105019569396973,2.012083053588867,0.7595627903938293,0.642311155796051,0.7686524987220764
1,2,271,9,1,0,valid_not_selected,0.798777163028717,0.04493466019630432,1.3678209781646729,0.22025185823440552,5506.29638671875,77.61738586425781,480000.0,0.019999999552965164,0.0020000000949949026,60.0,180.0,300.0,0.02500000037252903,0.23000000417232513,0.07999999821186066,0.20000000298023224,0.027499999850988388,5.0,2.0,1.2000000476837158,0.5924248099327087,0.5669491291046143,0.02547566592693329,1.4301872253417969,2.3295438289642334,0.5289249420166016,0.5767610669136047,0.6479979753494263
1,2,272,0,1,1,accepted,0.6347886919975281,0.09089261293411255,1.8397393226623535,0.09791842848062515,2447.96044921875,0.589087724685669,12500000.0,0.019999999552965164,0.0020000000949949026,20.0,120.0,240.0,0.02500000037252903,0.23000000417232513,0.07999999821186066,0.20000000298023224,0.027499999850988388,5.0,2.0,1.2000000476837158,0.18337881565093994,0.20171304047107697,-0.018334224820137024,0.9966214895248413,2.0023117065429688,0.8561655879020691,0.6480090022087097,0.9316964149475098
1,2,273,6,1,1,accepted,0.5090487003326416,0.13504232466220856,1.005865216255188,0.42114245891571045,10528.5615234375,38.36990737915039,3550000.0,0.009999999776482582,0.0020000000949949026,60.0,120.0,240.0,0.02500000037252903,0.23000000417232513,0.07999999821186066,0.20000000298023224,0.027499999850988388,5.0,2.0,1.2000000476837158,0.9186655282974243,1.0620930194854736,-0.1434275060892105,1.1782760620117188,1.9828768968582153,0.511337399482727,0.36180102825164795,0.3890383541584015
1,2,274,1,1,0,valid_not_selected,0.5946711897850037,0.10394932329654694,1.129174828529358,0.4008043706417084,10020.109375,9.869973182678223,12500000.0,0.019999999552965164,0.0020000000949949026,60.0,180.0,300.0,0.02500000037252903,0.23000000417232513,0.07999999821186066,0.20000000298023224,0.027499999850988388,5.0,2.0,1.2000000476837158,2.5449697971343994,2.84020733833313,-0.29523763060569763,1.9304741621017456,2.7080132961273193,0.7601780295372009,0.3988420367240906,0.4489637315273285
1,2,275,9,1,0,valid_not_selected,0.7209751009941101,0.06543014198541641,1.3678209781646729,0.17279697954654694,4319.9248046875,47.77405548095703,480000.0,0.019999999552965164,0.0020000000949949026,60.0,180.0,300.0,0.02500000037252903,0.23000000417232513,0.07999999821186066,0.20000000298023224,0.027499999850988388,5.0,2.0,1.2000000476837158,0.4916491210460663,0.4614560008049011,0.030193133279681206,1.362004041671753,2.520162343978882,0.5453927516937256,0.665290117263794,0.7648555040359497
1,2,276,5,1,0,valid_not_selected,0.7725903987884521,0.05160125717520714,1.0567710399627686,0.44990649819374084,11247.662109375,43.79022979736328,3550000.0,0.019999999552965164,0.0020000000949949026,60.0,180.0,300.0,0.02500000037252903,0.23000000417232513,0.07999999821186066,0.20000000298023224,0.027499999850988388,5.0,2.0,1.2000000476837158,2.123833179473877,2.2393884658813477,-0.11555525660514832,1.7989877462387085,2.08782696723938,0.5961238145828247,0.38335224986076355,0.4158870279788971
1,2,277,10,1,0,valid_not_selected,0.6759698390960693,0.07832136005163193,1.3678209781646729,0.19183894991874695,4795.9736328125,58.88347625732422,480000.0,0.009999999776482582,0.0020000000949949026,60.0,120.0,240.0,0.02500000037252903,0.23000000417232513,0.07999999821186066,0.20000000298023224,0.027499999850988388,5.0,2.0,1.2000000476837158,0.22892633080482483,0.24837976694107056,-0.019453441724181175,1.2145745754241943,2.2525484561920166,0.5016627311706543,0.4597223401069641,0.5022020936012268
1,2,278,8,1,1,accepted,0.8406887054443359,0.03470677137374878,1.3678209781646729,0.14355610311031342,3588.902587890625,32.97335433959961,480000.0,0.019999999552965164,0.0020000000949949026,60.0,120.0,240.0,0.02500000037252903,0.23000000417232513,0.07999999821186066,0.20000000298023224,0.027499999850988388,5.0,2.0,1.2000000476837158,0.1990336924791336,0.20618987083435059,-0.007156184408813715,1.3785741329193115,2.2191033363342285,0.5892638564109802,0.34558627009391785,0.36745426058769226
1,2,279,1,1,0,valid_not_selected,0.6947834491729736,0.07283100485801697,1.129174828529358,0.23227082192897797,5806.7705078125,3.314671039581299,12500000.0,0.019999999552965164,0.0020000000949949026,60.0,180.0,300.0,0.02500000037252903,0.23000000417232513,0.07999999821186066,0.20000000298023224,0.027499999850988388,5.0,2.0,1.2000000476837158,0.8698339462280273,0.9381611347198486,-0.06832721829414368,1.51386559009552,2.2632358074188232,0.7912441492080688,0.49068406224250793,0.5775942206382751
1,2,280,10,1,0,valid_not_selected,0.5649672150611877,0.07357130944728851,2.2031309604644775,0.05298393964767456,1324.5985107421875,4.49167537689209,480000.0,0.009999999776482582,0.0020000000949949026,60.0,120.0,240.0,0.02500000037252903,0.23000000417232513,0.07999999821186066,0.20000000298023224,0.027499999850988388,5.0,2.0,1.2000000476837158,0.049830980598926544,0.05378825217485428,-0.003957272041589022,0.9019525647163391,2.811997652053833,0.6855239272117615,0.9767642021179199,1.6312185525894165
1,2,281,5,1,0,valid_not_selected,0.7770223617553711,0.05045722797513008,1.017702579498291,0.423358291387558,10583.9560546875,38.77473449707031,3550000.0,0.019999999552965164,0.0020000000949949026,60.0,180.0,300.0,0.02500000037252903,0.23000000417232513,0.07999999821186066,0.20000000298023224,0.027499999850988388,5.0,2.0,1.2000000476837158,2.0082786083221436,2.1149954795837402,-0.1067168116569519,1.7701066732406616,2.1572022438049316,0.604609489440918,0.39645135402679443,0.4313919246196747
1,2,282,3,1,0,valid_not_selected,0.6954164505004883,0.07264889031648636,1.129174828529358,0.3642255961894989,9105.638671875,8.150646209716797,12500000.0,0.009999999776482582,0.0020000000949949026,60.0,180.0,300.0,0.02500000037252903,0.23000000417232513,0.07999999821186066,0.20000000298023224,0.027499999850988388,5.0,2.0,1.2000000476837158,1.397778868675232,1.5072811841964722,-0.10950230807065964,1.7254654169082642,2.3002047538757324,0.7088817954063416,0.5254775285720825,0.5919526815414429
1,2,283,0,1,1,accepted,0.5677841901779175,0.1132027804851532,1.8397393226623535,0.14160113036632538,3540.028076171875,1.2319256067276,12500000.0,0.019999999552965164,0.0020000000949949026,20.0,120.0,240.0,0.02500000037252903,0.23000000417232513,0.07999999821186066,0.20000000298023224,0.027499999850988388,5.0,2.0,1.2000000476837158,0.26615267992019653,0.3001280128955841,-0.033975325524806976,1.4267868995666504,1.8821252584457397,0.8083103895187378,0.4911009967327118,0.5893136858940125
1,2,284,3,1,0,valid_not_selected,0.6683751940727234,0.08058111369609833,1.129174828529358,0.42369216680526733,10592.3037109375,11.029401779174805,12500000.0,0.009999999776482582,0.0020000000949949026,60.0,180.0,300.0,0.02500000037252903,0.23000000417232513,0.07999999821186066,0.20000000298023224,0.027499999850988388,5.0,2.0,1.2000000476837158,1.9025163650512695,2.0692596435546875,-0.16674324870109558,1.8574849367141724,2.380743980407715,0.6920019388198853,0.5060434937477112,0.5662247538566589
1,2,285,4,1,0,valid_not_selected,0.5102034211158752,0.13458915054798126,1.8397393226623535,0.2688198983669281,6720.49658203125,15.633475303649902,3550000.0,0.019999999552965164,0.0020000000949949026,20.0,120.0,240.0,0.02500000037252903,0.23000000417232513,0.07999999821186066,0.20000000298023224,0.027499999850988388,5.0,2.0,1.2000000476837158,0.7798625826835632,0.9011472463607788,-0.12128464132547379,1.7379785776138306,2.232058525085449,0.6813383102416992,0.36324217915534973,0.39353400468826294
1,2,286,9,1,0,valid_not_selected,0.5253980755805969,0.12341663241386414,2.0265159606933594,0.059494223445653915,1487.35546875,5.6632981300354,480000.0,0.019999999552965164,0.0020000000949949026,60.0,180.0,300.0,0.02500000037252903,0.23000000417232513,0.07999999821186066,0.20000000298023224,0.027499999850988388,5.0,2.0,1.2000000476837158,0.11517984420061111,0.10252638161182404,0.01265346072614193,1.0435771942138672,2.178875207901001,0.6987414956092834,0.9839079976081848,1.3669919967651367
1,2,287,2,1,0,valid_not_selected,0.24442516267299652,0.16502301394939423,2.583730936050415,0.05101978778839111,1275.49462890625,0.15992942452430725,12500000.0,0.009999999776482582,0.0020000000949949026,20.0,120.0,240.0,0.02500000037252903,0.23000000417232513,0.07999999821186066,0.20000000298023224,0.027499999850988388,5.0,2.0,1.2000000476837158,0.0113937733694911,0.013645613566040993,-0.0022518401965498924,0.7031326293945312,1.8160141706466675,0.91569584608078,0.5738619565963745,0.7944424748420715
1,2,288,2,1,0,valid_not_selected,0.4323503077030182,0.16770382225513458,1.8397393226623535,0.15354134142398834,3838.533203125,1.4484442472457886,12500000.0,0.009999999776482582,0.0020000000949949026,20.0,120.0,240.0,0.02500000037252903,0.23000000417232513,0.07999999821186066,0.20000000298023224,0.027499999850988388,5.0,2.0,1.2000000476837158,0.17436164617538452,0.2094947099685669,-0.03513306379318237,1.9261282682418823,1.8059128522872925,0.7508035898208618,0.43671196699142456,0.47180449962615967
1,2,289,7,1,0,valid_not_selected,0.8748751878738403,0.024312341585755348,2.0121123790740967,0.06005917862057686,1501.4794921875,0.7803537249565125,3550000.0,0.009999999776482582,0.0020000000949949026,60.0,180.0,300.0,0.02500000037252903,0.23000000417232513,0.07999999821186066,0.20000000298023224,0.027499999850988388,5.0,2.0,1.2000000476837158,0.09481977671384811,0.09256920218467712,0.0022505740635097027,0.7128223776817322,2.2254014015197754,0.8569474816322327,1.071953535079956,2.504209041595459
1,2,290,2,1,1,accepted,0.43930763006210327,0.1645110696554184,1.8397393226623535,0.26196321845054626,6549.08056640625,4.216301918029785,12500000.0,0.009999999776482582,0.0020000000949949026,20.0,120.0,240.0,0.02500000037252903,0.23000000417232513,0.07999999821186066,0.20000000298023224,0.027499999850988388,5.0,2.0,1.2000000476837158,0.5726563334465027,0.6854146122932434,-0.11275829374790192,1.9172604084014893,2.150696039199829,0.6875641345977783,0.4605209231376648,0.5038844347000122
1,2,291,2,1,0,valid_not_selected,0.43607771396636963,0.16598695516586304,1.8397393226623535,0.4952855110168457,12382.1376953125,15.07170295715332,12500000.0,0.009999999776482582,0.0020000000949949026,20.0,120.0,240.0,0.02500000037252903,0.23000000417232513,0.07999999821186066,0.20000000298023224,0.027499999850988388,5.0,2.0,1.2000000476837158,2.048165798187256,2.4557957649230957,-0.407630056142807,1.8018780946731567,2.5533249378204346,0.6011263132095337,0.4438321590423584,0.485429972410202
1,2,292,3,1,0,valid_not_selected,0.6832386255264282,0.07618222385644913,1.129174828529358,0.3884143829345703,9710.359375,9.269187927246094,12500000.0,0.009999999776482582,0.0020000000949949026,60.0,180.0,300.0,0.02500000037252903,0.23000000417232513,0.07999999821186066,0.20000000298023224,0.027499999850988388,5.0,2.0,1.2000000476837158,1.5929527282714844,1.7243149280548096,-0.13136214017868042,1.778689980506897,2.3362467288970947,0.7022726535797119,0.51663738489151,0.580116331577301
1,2,293,1,1,0,valid_not_selected,0.6145796179771423,0.028727974742650986,2.34317684173584,0.06273654103279114,1568.41357421875,0.24182000756263733,12500000.0,0.019999999552965164,0.0020000000949949026,60.0,180.0,300.0,0.02500000037252903,0.23000000417232513,0.07999999821186066,0.20000000298023224,0.027499999850988388,5.0,2.0,1.2000000476837158,0.1737176775932312,0.17885585129261017,-0.00513816624879837,0.8190172910690308,2.627342939376831,0.8855125308036804,0.861441969871521,1.6857739686965942
1,2,294,7,1,0,valid_not_selected,0.8555859327316284,0.031193751841783524,1.1967023611068726,0.49317246675491333,12329.310546875,52.617515563964844,3550000.0,0.009999999776482582,0.0020000000949949026,60.0,180.0,300.0,0.02500000037252903,0.23000000417232513,0.07999999821186066,0.20000000298023224,0.027499999850988388,5.0,2.0,1.2000000476837158,1.4754002094268799,1.5229053497314453,-0.04750513285398483,1.408528447151184,1.7815276384353638,0.5167697668075562,0.525179922580719,0.5905451774597168
1,2,295,4,1,0,valid_not_selected,0.534304678440094,0.12535782158374786,1.8397393226623535,0.2068174034357071,5170.4345703125,9.253518104553223,3550000.0,0.019999999552965164,0.0020000000949949026,20.0,120.0,240.0,0.02500000037252903,0.23000000417232513,0.07999999821186066,0.20000000298023224,0.027499999850988388,5.0,2.0,1.2000000476837158,0.46543022990226746,0.5321378707885742,-0.06670764088630676,1.6985175609588623,2.067965269088745,0.7181430459022522,0.38121259212493896,0.4159421920776367
1,2,296,7,1,1,accepted,0.9890677332878113,0.002198487753048539,1.0,0.19585038721561432,4896.259765625,8.298155784606934,3550000.0,0.009999999776482582,0.0020000000949949026,60.0,180.0,300.0,0.02500000037252903,0.23000000417232513,0.07999999821186066,0.20000000298023224,0.027499999850988388,5.0,2.0,1.2000000476837158,0.4510340690612793,0.4500446617603302,0.0009894176619127393,1.1918485164642334,1.998716950416565,0.5863344669342041,0.8455966711044312,1.0032949447631836
1,2,297,8,1,0,valid_not_selected,0.6827146410942078,0.07633566111326218,1.731729507446289,0.40790826082229614,10197.70703125,266.2225341796875,480000.0,0.019999999552965164,0.0020000000949949026,60.0,120.0,240.0,0.02500000037252903,0.23000000417232513,0.07999999821186066,0.20000000298023224,0.027499999850988388,5.0,2.0,1.2000000476837158,0.93165123462677,1.0086469650268555,-0.07699573040008545,1.0877330303192139,1.7325910329818726,0.5031334161758423,0.2760198414325714,0.29039520025253296
1,2,298,9,1,0,valid_not_selected,0.667117714881897,0.08095775544643402,1.3678209781646729,0.14198565483093262,3549.64111328125,32.2558708190918,480000.0,0.019999999552965164,0.0020000000949949026,60.0,180.0,300.0,0.02500000037252903,0.23000000417232513,0.07999999821186066,0.20000000298023224,0.027499999850988388,5.0,2.0,1.2000000476837158,0.41271573305130005,0.3818055987358093,0.030910125002264977,1.3046517372131348,2.5754871368408203,0.5622594356536865,0.7374075651168823,0.8672979474067688
1,2,299,2,1,0,valid_not_selected,0.3400697410106659,0.17418086528778076,2.207700252532959,0.0704830139875412,1762.0753173828125,0.3052249550819397,12500000.0,0.009999999776482582,0.0020000000949949026,20.0,120.0,240.0,0.02500000037252903,0.23000000417232513,0.07999999821186066,0.20000000298023224,0.027499999850988388,5.0,2.0,1.2000000476837158,0.021205127239227295,0.025677688419818878,-0.004472562111914158,1.067193627357483,1.6160824298858643,0.8820120692253113,0.4457120895385742,0.5003004670143127
1,2,300,5,1,0,valid_not_selected,0.9120668768882751,0.0184083990752697,1.017702579498291,0.24245190620422363,6061.29736328125,12.716979026794434,3550000.0,0.019999999552965164,0.0020000000949949026,60.0,180.0,300.0,0.02500000037252903,0.23000000417232513,0.07999999821186066,0.20000000298023224,0.027499999850988388,5.0,2.0,1.2000000476837158,0.9585239291191101,0.9764997363090515,-0.01797579601407051,1.4292851686477661,2.2490110397338867,0.6851149797439575,0.5293655395507812,0.6003566384315491
1,2,301,4,1,0,valid_not_selected,0.5056602954864502,0.13637803494930267,1.8397393226623535,0.2843836843967438,7109.59228515625,17.49613380432129,3550000.0,0.019999999552965164,0.0020000000949949026,20.0,120.0,240.0,0.02500000037252903,0.23000000417232513,0.07999999821186066,0.20000000298023224,0.027499999850988388,5.0,2.0,1.2000000476837158,0.8661995530128479,1.002984642982483,-0.13678507506847382,1.739519715309143,2.2550182342529297,0.6734484434127808,0.3595291078090668,0.38899606466293335
1,2,302,9,1,0,valid_not_selected,0.7687891125679016,0.05258771404623985,1.3678209781646729,0.20109786093235016,5027.44580078125,64.70454406738281,480000.0,0.019999999552965164,0.0020000000949949026,60.0,180.0,300.0,0.02500000037252903,0.23000000417232513,0.07999999821186066,0.20000000298023224,0.027499999850988388,5.0,2.0,1.2000000476837158,0.5523130893707275,0.5247192978858948,0.027593787759542465,1.4057084321975708,2.416255474090576,0.5344630479812622,0.6092135310173035,0.6898722648620605
1,2,303,4,1,0,valid_not_selected,0.543290376663208,0.12202227860689163,1.8397393226623535,0.18927375972270966,4731.84375,7.750211238861084,3550000.0,0.019999999552965164,0.0020000000949949026,20.0,120.0,240.0,0.02500000037252903,0.23000000417232513,0.07999999821186066,0.20000000298023224,0.027499999850988388,5.0,2.0,1.2000000476837158,0.3882209360599518,0.44217628240585327,-0.053955357521772385,1.673901915550232,1.9988672733306885,0.7305916547775269,0.3882236182689667,0.42493587732315063
1,2,304,6,1,0,valid_not_selected,0.4630768597126007,0.15397244691848755,1.748887062072754,0.07138244807720184,1784.56103515625,1.1023401021957397,3550000.0,0.009999999776482582,0.0020000000949949026,60.0,120.0,240.0,0.02500000037252903,0.23000000417232513,0.07999999821186066,0.20000000298023224,0.027499999850988388,5.0,2.0,1.2000000476837158,0.02516254037618637,0.029741987586021423,-0.004579446744173765,0.9479677081108093,1.728636622428894,0.8411293029785156,0.42366647720336914,0.47293347120285034
1,2,305,7,1,1,accepted,0.9737173318862915,0.005326846614480019,1.0,0.17800182104110718,4450.04541015625,6.854592800140381,3550000.0,0.009999999776482582,0.0020000000949949026,60.0,180.0,300.0,0.02500000037252903,0.23000000417232513,0.07999999821186066,0.20000000298023224,0.027499999850988388,5.0,2.0,1.2000000476837158,0.3853335380554199,0.3832918107509613,0.0020417366176843643,1.194041132926941,1.945678472518921,0.5971957445144653,0.874530553817749,1.0483750104904175
1,2,306,9,1,0,valid_not_selected,0.6915151476860046,0.07377404719591141,1.3678209781646729,0.15593470633029938,3898.367431640625,38.904998779296875,480000.0,0.019999999552965164,0.0020000000949949026,60.0,180.0,300.0,0.02500000037252903,0.23000000417232513,0.07999999821186066,0.20000000298023224,0.027499999850988388,5.0,2.0,1.2000000476837158,0.4509429335594177,0.41996073722839355,0.030982203781604767,1.3318740129470825,2.5598654747009277,0.5538496375083923,0.703350841999054,0.8179571628570557
1,2,307,8,1,0,valid_not_selected,0.6828011870384216,0.07631030678749084,1.4176806211471558,0.3114226162433624,7785.56494140625,155.17440795898438,480000.0,0.019999999552965164,0.0020000000949949026,60.0,120.0,240.0,0.02500000037252903,0.23000000417232513,0.07999999821186066,0.20000000298023224,0.027499999850988388,5.0,2.0,1.2000000476837158,0.6491338014602661,0.7027617692947388,-0.05362796410918236,1.2147696018218994,1.9808673858642578,0.5195906162261963,0.29001495242118835,0.30533361434936523
1,2,308,0,1,0,valid_not_selected,0.4775247573852539,0.1478278487920761,1.8397393226623535,0.4181205928325653,10453.0146484375,10.74123477935791,12500000.0,0.019999999552965164,0.0020000000949949026,20.0,120.0,240.0,0.02500000037252903,0.23000000417232513,0.07999999821186066,0.20000000298023224,0.027499999850988388,5.0,2.0,1.2000000476837158,2.2848265171051025,2.6811795234680176,-0.39635300636291504,1.9609876871109009,2.5793449878692627,0.6878215074539185,0.3706406354904175,0.4085652232170105
1,2,309,11,1,0,valid_not_selected,0.9852984547615051,0.0029621317517012358,1.3678209781646729,0.24829982221126556,6207.49560546875,98.64444732666016,480000.0,0.009999999776482582,0.0020000000949949026,60.0,180.0,300.0,0.02500000037252903,0.23000000417232513,0.07999999821186066,0.20000000298023224,0.027499999850988388,5.0,2.0,1.2000000476837158,0.36063241958618164,0.3595673441886902,0.0010650858748704195,1.0436545610427856,1.9377304315567017,0.4740082621574402,0.6755974292755127,0.7882782816886902
1,2,310,9,1,1,accepted,0.9325927495956421,0.013957327231764793,1.6702234745025635,0.38690701127052307,9672.6748046875,239.5151824951172,480000.0,0.019999999552965164,0.0020000000949949026,60.0,180.0,300.0,0.02500000037252903,0.23000000417232513,0.07999999821186066,0.20000000298023224,0.027499999850988388,5.0,2.0,1.2000000476837158,1.1127474308013916,1.0974302291870117,0.015317193232476711,1.507165789604187,1.6720569133758545,0.5108040571212769,0.4306918978691101,0.4708457589149475
1,2,311,7,1,1,accepted,0.9998331665992737,3.336891677463427e-05,1.0,0.2077733874320984,5194.3349609375,9.339262008666992,3550000.0,0.009999999776482582,0.0020000000949949026,60.0,180.0,300.0,0.02500000037252903,0.23000000417232513,0.07999999821186066,0.20000000298023224,0.027499999850988388,5.0,2.0,1.2000000476837158,0.4949985146522522,0.4949820041656494,1.6517013136763126e-05,1.192075490951538,2.0296990871429443,0.580378532409668,0.8270572423934937,0.9756508469581604
1,2,312,0,1,1,accepted,0.5495514869689941,0.11973056197166443,1.8397393226623535,0.16279713809490204,4069.928466796875,1.628338098526001,12500000.0,0.019999999552965164,0.0020000000949949026,20.0,120.0,240.0,0.02500000037252903,0.23000000417232513,0.07999999821186066,0.20000000298023224,0.027499999850988388,5.0,2.0,1.2000000476837158,0.3390968441963196,0.38521939516067505,-0.046122536063194275,1.565564513206482,1.9302444458007812,0.7915362119674683,0.4571859538555145,0.5328985452651978
1,2,313,6,1,0,valid_not_selected,0.49387508630752563,0.14109453558921814,1.005865216255188,0.1187792643904686,2969.4814453125,3.0522067546844482,3550000.0,0.009999999776482582,0.0020000000949949026,60.0,120.0,240.0,0.02500000037252903,0.23000000417232513,0.07999999821186066,0.20000000298023224,0.027499999850988388,5.0,2.0,1.2000000476837158,0.10757482051849365,0.12524640560150146,-0.017671583220362663,1.7323391437530518,1.9501278400421143,0.6618784666061401,0.4442240595817566,0.47996148467063904
1,2,314,0,1,0,valid_not_selected,0.4820522367954254,0.14594055712223053,1.8397393226623535,0.38186419010162354,9546.6044921875,8.95919418334961,12500000.0,0.019999999552965164,0.0020000000949949026,20.0,120.0,240.0,0.02500000037252903,0.23000000417232513,0.07999999821186066,0.20000000298023224,0.027499999850988388,5.0,2.0,1.2000000476837158,1.9194822311401367,2.247480869293213,-0.3279986083507538,1.957602858543396,2.5421838760375977,0.6979182958602905,0.37505364418029785,0.41427332162857056
1,2,315,11,1,0,valid_not_selected,0.8898681402206421,0.02333640307188034,1.769917607307434,0.07040413469076157,1760.1033935546875,7.930784702301025,480000.0,0.009999999776482582,0.0020000000949949026,60.0,180.0,300.0,0.02500000037252903,0.23000000417232513,0.07999999821186066,0.20000000298023224,0.027499999850988388,5.0,2.0,1.2000000476837158,0.06283563375473022,0.061402712017297745,0.0014329184778034687,0.8731176257133484,1.6035751104354858,0.5643361806869507,1.5441880226135254,3.0964231491088867
1,2,316,9,1,1,accepted,0.9405487179756165,0.012258367612957954,1.8286528587341309,0.4433401823043823,11083.50390625,314.480712890625,480000.0,0.019999999552965164,0.0020000000949949026,60.0,180.0,300.0,0.02500000037252903,0.23000000417232513,0.07999999821186066,0.20000000298023224,0.027499999850988388,5.0,2.0,1.2000000476837158,1.3716219663619995,1.3550117015838623,0.01661023125052452,1.5057252645492554,1.5530102252960205,0.5083894729614258,0.41104796528816223,0.4482993483543396
1,2,317,3,1,0,valid_not_selected,0.702302098274231,0.07067831605672836,1.129174828529358,0.3517287075519562,8793.216796875,7.6009297370910645,12500000.0,0.009999999776482582,0.0020000000949949026,60.0,180.0,300.0,0.02500000037252903,0.23000000417232513,0.07999999821186066,0.20000000298023224,0.027499999850988388,5.0,2.0,1.2000000476837158,1.302574872970581,1.4016404151916504,-0.09906557947397232,1.6986088752746582,2.280195474624634,0.7121666669845581,0.5306156873703003,0.5989225506782532
1,2,318,9,1,0,valid_not_selected,0.5793096423149109,0.10918363928794861,1.4070485830307007,0.0893317461013794,2233.293701171875,12.7682523727417,480000.0,0.019999999552965164,0.0020000000949949026,60.0,180.0,300.0,0.02500000037252903,0.23000000417232513,0.07999999821186066,0.20000000298023224,0.027499999850988388,5.0,2.0,1.2000000476837158,0.2262284755706787,0.20395943522453308,0.022269032895565033,1.1739044189453125,2.434098243713379,0.6166627407073975,0.8857106566429138,1.1156551837921143
1,2,319,3,1,1,accepted,0.8872018456459045,0.0239365566521883,1.5385810136795044,0.1252620965242386,3131.55224609375,0.9640297293663025,12500000.0,0.009999999776482582,0.0020000000949949026,60.0,180.0,300.0,0.02500000037252903,0.23000000417232513,0.07999999821186066,0.20000000298023224,0.027499999850988388,5.0,2.0,1.2000000476837158,0.1933700144290924,0.1981121301651001,-0.004742122255265713,1.205417275428772,2.0300240516662598,0.8081416487693787,0.730180561542511,0.9541903138160706
