sample_index,split,source_id,sample_weight,aux_weight,config_index,config_name,velocity_index,U,Re,Ca,F_target,F_pred,F_physics,F_residual,F_stem,F_leaf,Fcol_1_pred,Fcol_2_pred,Fcol_3_pred,Fcol_1_true,Fcol_2_true,Fcol_3_true,Cd_stem_eff,Cd_leaf_eff,shielding_coef,shielding_target,angle_diff_deg,reconfiguration_factor,reconfiguration_correction,reconfiguration_gain,column_correction_1,column_correction_2,column_correction_3
0,train,0,1.0,1.0,0,PVC_20_0,0,0.05000000074505806,1250.0,0.15360000729560852,0.07093784958124161,0.06727276742458344,0.05196036398410797,0.01531240250915289,0.003478096332401037,0.048482269048690796,0.004847454838454723,0.00880440417677164,0.03483041003346443,0.0008135348907671869,0.012708019465208054,0.012708019465208054,0.4839089810848236,4.869468688964844,0.6484910249710083,0.9039982557296753,100.79964447021484,0.6600985527038574,0.6772992610931396,0.794223964214325,1.0714844465255737,0.46806931495666504,1.2008056640625
1,train,0,1.0,1.0,0,PVC_20_0,1,0.07500000298023224,1875.0,0.3456000089645386,0.17443148791790009,0.10255388915538788,0.07913489639759064,0.023418990895152092,0.010546869598329067,0.068588025867939,0.005906838458031416,0.01013600267469883,0.05254518240690231,0.0018697602208703756,0.027825873345136642,0.027825873345136642,0.6521735787391663,4.145179748535156,0.7158997654914856,0.9087178111076355,101.7435531616211,0.3773764371871948,0.5226278305053711,0.43654465675354004,1.24021577835083,0.46365904808044434,1.7207473516464233
2,val,0,1.0,1.0,0,PVC_20_0,2,0.10000000149011612,2500.0,0.6144000291824341,0.14795003831386566,0.1221940889954567,0.09433448314666748,0.027859605848789215,0.043145012110471725,0.05118946731090546,0.004134278744459152,0.007045124191790819,0.04001006484031677,0.003428105963394046,0.0476507768034935,0.0476507768034935,1.500695824623108,2.924422264099121,0.7798303365707397,0.91482013463974,102.96401977539062,0.2058730125427246,0.2658173441886902,0.22229039669036865,1.3591759204864502,0.46324050426483154,2.0515739917755127
3,val,0,1.0,1.0,0,PVC_20_0,3,0.125,3125.0,0.9599999785423279,0.20464740693569183,0.19544699788093567,0.1511583924293518,0.04428860917687416,0.116612009704113,0.0345463752746582,0.0027381081599742174,0.004777241963893175,0.027031024917960167,0.005584338214248419,0.07105002552270889,0.07105002552270889,2.5958847999572754,1.9876350164413452,0.8178030252456665,0.9218372106552124,104.36743927001953,0.13423123955726624,0.0062960293143987656,0.13448476791381836,1.4010624885559082,0.4662056565284729,2.157304525375366
4,val,0,1.0,1.0,0,PVC_20_0,4,0.15000000596046448,3750.0,1.3824000358581543,0.270246684551239,0.2897658944129944,0.2246633768081665,0.06510251015424728,0.1940022110939026,0.030661173164844513,0.002382440958172083,0.004288637079298496,0.023990094661712646,0.008491037413477898,0.09684506058692932,0.09684506058692932,2.999067783355713,1.5826932191848755,0.8305898904800415,0.9292217493057251,105.84434509277344,0.10769431293010712,-0.15655262768268585,0.10263636708259583,1.393087387084961,0.4709024131298065,2.187913656234741
5,train,0,1.0,1.0,0,PVC_20_0,5,0.17499999701976776,4375.0,1.881600022315979,0.3938428461551666,0.39734041690826416,0.3086852729320526,0.08865515887737274,0.2749522626399994,0.03373301774263382,0.002565560396760702,0.004738438408821821,0.02642901800572872,0.012395291589200497,0.12395953387022018,0.12395953387022018,3.1227941513061523,1.4346683025360107,0.8288584351539612,0.9363734722137451,107.27469635009766,0.0980251282453537,-0.23195241391658783,0.09120398014783859,1.368288278579712,0.4755457937717438,2.1984591484069824
6,train,0,1.0,1.0,0,PVC_20_0,6,0.20000000298023224,5000.0,2.4576001167297363,0.43085381388664246,0.5217922925949097,0.4057405889034271,0.11605171859264374,0.36467117071151733,0.041069429367780685,0.0030672342982143164,0.00575470132753253,0.03224749490618706,0.01771606132388115,0.1515229493379593,0.1515229493379593,3.171053171157837,1.3877395391464233,0.8201077580451965,0.9426351189613342,108.52703094482422,0.09523390233516693,-0.25610262155532837,0.08791700750589371,1.343206524848938,0.4792805016040802,2.2025909423828125
7,val,0,1.0,1.0,0,PVC_20_0,7,0.22499999403953552,5625.0,3.1103999614715576,0.6180073022842407,0.6650890111923218,0.5171828269958496,0.14790616929531097,0.4650334417819977,0.05214935541152954,0.0038428273983299732,0.00725502148270607,0.041051506996154785,0.025219960138201714,0.178911954164505,0.178911954164505,3.1950767040252686,1.3847416639328003,0.8080433011054993,0.9472165703773499,109.44332122802734,0.09581013023853302,-0.25218629837036133,0.0885615274310112,1.322844386100769,0.4820632338523865,2.2040882110595703
8,val,0,1.0,1.0,0,PVC_20_0,8,0.25,6250.0,3.8399999141693115,0.8448036313056946,0.8285212516784668,0.6440194249153137,0.18450185656547546,0.576712429523468,0.0673069953918457,0.004913622047752142,0.009268938563764095,0.05312443524599075,0.03648537024855614,0.2057376205921173,0.2057376205921173,3.2095301151275635,1.4041268825531006,0.7943383455276489,0.9489527344703674,109.79054260253906,0.09839983284473419,-0.23221749067306519,0.09154478460550308,1.307129144668579,0.48415371775627136,2.2042107582092285
9,train,0,1.0,1.0,0,PVC_20_0,9,0.2750000059604645,6875.0,4.646399974822998,1.050018072128296,1.0132508277893066,0.7872836589813232,0.22596710920333862,0.6999951004981995,0.08728852868080139,0.0063280463218688965,0.011876490898430347,0.06908399611711502,0.055444035679101944,0.2318010926246643,0.2318010926246643,3.219524621963501,1.4367649555206299,0.7796928286552429,0.9455310702323914,109.10620880126953,0.10240821540355682,-0.20259739458560944,0.09618392586708069,1.2940549850463867,0.4858360290527344,2.203446626663208
10,train,0,1.0,1.0,0,PVC_20_0,10,0.30000001192092896,7500.0,5.529600143432617,1.2444380521774292,1.2204015254974365,0.9480751752853394,0.2723262906074524,0.8350256681442261,0.11304949969053268,0.008141005411744118,0.015178649686276913,0.08972984552383423,0.09599050879478455,0.25704047083854675,0.25704047083854675,3.227152109146118,1.4780049324035645,0.7643163204193115,0.9301102161407471,106.02204132080078,0.10750789940357208,-0.16728952527046204,0.10211241245269775,1.2809076309204102,0.4873509705066681,2.2020070552825928
11,train,0,1.0,1.0,0,PVC_20_0,11,0.32499998807907104,8125.0,6.48960018157959,1.354056715965271,1.4508345127105713,1.1274309158325195,0.323403537273407,0.9818841814994812,0.14554671943187714,0.01039043441414833,0.019268224015831947,0.1158880665898323,0.2500753104686737,0.28148239850997925,0.28148239850997925,3.2333719730377197,1.5246658325195312,0.7481498718261719,0.8688808679580688,93.77617645263672,0.1134340912103653,-0.1293567568063736,0.1090320572257042,1.2646632194519043,0.4889183044433594,2.19999623298645
12,train,0,1.0,1.0,0,PVC_20_0,12,0.3499999940395355,8750.0,7.526400089263916,1.6986725330352783,1.7045321464538574,1.326013445854187,0.3785187005996704,1.140610933303833,0.18540248274803162,0.01306084729731083,0.024187158793210983,0.14815448224544525,0.5733868479728699,0.30520471930503845,0.30520471930503845,3.238646984100342,1.5736242532730103,0.7309720516204834,0.778120756149292,75.62416076660156,0.11988003551959991,-0.09169705957174301,0.1165822446346283,1.2420483827590942,0.4907873272895813,2.1974751949310303
13,train,0,1.0,1.0,0,PVC_20_0,13,0.375,9375.0,8.640000343322754,1.9440239667892456,1.9793983697891235,1.543595790863037,0.4358026087284088,1.3112077713012695,0.2323879897594452,0.016031717881560326,0.029866691678762436,0.18648958206176758,0.8262953162193298,0.3283105492591858,0.3283105492591858,3.243180513381958,1.620835542678833,0.7124414443969727,0.7271667718887329,65.43335723876953,0.1264532059431076,-0.05730348452925682,0.12427934259176254,1.209529161453247,0.49330586194992065,2.194486379623413
14,train,0,1.0,1.0,0,PVC_20_0,14,0.4000000059604645,10000.0,9.830400466918945,2.125422716140747,2.2691638469696045,1.7784651517868042,0.49069875478744507,1.4936332702636719,0.2848318815231323,0.019029226154088974,0.03606793284416199,0.22973473370075226,1.0331017971038818,0.3509112596511841,0.3509112596511841,3.2470285892486572,1.6604468822479248,0.6921086311340332,0.6930793523788452,58.615875244140625,0.1327182650566101,-0.029218895360827446,0.13155490159988403,1.1636054515838623,0.49701976776123047,2.1910550594329834
15,train,0,1.0,1.0,0,PVC_20_0,15,0.42500001192092896,10625.0,11.097599983215332,2.3944380283355713,2.559751033782959,2.027146816253662,0.5326040983200073,1.6878046989440918,0.3393421769142151,0.021632593125104904,0.04237671568989754,0.27533286809921265,1.2118146419525146,0.3731164038181305,0.3731164038181305,3.2501730918884277,1.6844000816345215,0.6694843769073486,0.6676045656204224,53.52091598510742,0.13834519684314728,-0.010212927125394344,0.13792133331298828,1.1017694473266602,0.5028183460235596,2.187168598175049
16,train,0,1.0,1.0,0,PVC_20_0,16,0.44999998807907104,11250.0,12.44159984588623,2.6817269325256348,2.822845458984375,2.285097360610962,0.5377479791641235,1.893616795539856,0.39148062467575073,0.023399969562888145,0.048333540558815,0.31974712014198303,1.370949149131775,0.395028293132782,0.395028293132782,3.252589225769043,1.6837894916534424,0.644271194934845,0.6474189162254333,49.48377990722656,0.14330492913722992,-0.0022112855222076178,0.14320985972881317,1.0241564512252808,0.5121214389801025,2.1827282905578613
17,train,0,1.0,1.0,0,PVC_20_0,17,0.4749999940395355,11875.0,13.86240005493164,2.9678232669830322,3.0080583095550537,2.548664093017578,0.4593941867351532,2.1109676361083984,0.43769657611846924,0.024104317650198936,0.05372359976172447,0.3598686754703522,1.515420913696289,0.4167393147945404,0.4167393147945404,3.2542917728424072,1.6527621746063232,0.6167420148849487,0.6308286190032959,46.16572570800781,0.14797638356685638,-0.005558787379413843,0.14772962033748627,0.9351178407669067,0.5270783305168152,2.177497148513794
18,train,0,1.0,1.0,0,PVC_20_0,18,0.5,12500.0,15.359999656677246,3.0878708362579346,3.0564560890197754,2.8173394203186035,0.23911666870117188,2.3397789001464844,0.4775606095790863,0.023910528048872948,0.058875638991594315,0.3947744369506836,1.6484487056732178,0.4383312165737152,0.4383312165737152,3.2553443908691406,1.5929310321807861,0.5879802703857422,0.6168425679206848,43.36851501464844,0.15304909646511078,-0.018490618094801903,0.1522001028060913,0.8430899381637573,0.5506804585456848,2.1710798740386963
19,train,0,1.0,1.0,1,PVC_20_180,0,0.05000000074505806,1250.0,0.15360000729560852,0.30792152881622314,0.2546434700489044,0.19664475321769714,0.05799872800707817,0.0033405134454369545,0.19330424070358276,0.10673774778842926,2.8026139631265323e-08,0.08656647056341171,0.013280894607305527,1.3017747316988583e-22,0.013280894607305527,0.4647670388221741,4.203782081604004,0.8916416764259338,0.9950531721115112,119.01063537597656,1.3356149196624756,0.47151511907577515,1.5245437622070312,2.220632314682007,0.4904478192329407,1.8009775876998901
20,train,0,1.0,1.0,1,PVC_20_180,1,0.07500000298023224,1875.0,0.3456000089645386,0.17357100546360016,0.12837164103984833,0.09982229769229889,0.02854933962225914,0.012345248833298683,0.08747705072164536,0.054578933864831924,1.6389719803555636e-08,0.03289810195565224,0.030723044648766518,2.8289993467871503e-22,0.030723044648766518,0.7633776068687439,1.5791363716125488,0.9067804217338562,0.9886112809181213,117.72225952148438,1.052089810371399,-0.4162704348564148,0.920703649520874,2.224547863006592,0.5525192022323608,1.3408726453781128
21,train,0,1.0,1.0,1,PVC_20_180,2,0.10000000149011612,2500.0,0.6144000291824341,0.34319770336151123,0.16398949921131134,0.12882789969444275,0.03516159951686859,0.040424153208732605,0.08840375393629074,0.061481013894081116,1.9545590035363603e-08,0.026922719553112984,0.05678054317831993,4.807654095618108e-22,0.05678054317831993,1.406057357788086,1.2679229974746704,0.8735518455505371,0.9791058301925659,115.8211669921875,0.8872365355491638,-0.6030635237693787,0.7267186045646667,2.2241322994232178,0.6070731282234192,0.9739540815353394
22,train,0,1.0,1.0,1,PVC_20_180,3,0.125,3125.0,0.9599999785423279,0.31932196021080017,0.2554139792919159,0.20200638473033905,0.05340759828686714,0.08282600343227386,0.11918038129806519,0.0869688019156456,2.7939462299286788e-08,0.0322115458548069,0.09318999201059341,7.104417698677035e-22,0.09318999201059341,1.8437788486480713,1.2716413736343384,0.8463594317436218,0.9660651087760925,113.21302032470703,0.8089161515235901,-0.6294956207275391,0.6561533808708191,2.2235772609710693,0.6330138444900513,0.8235695362091064
23,train,0,1.0,1.0,1,PVC_20_180,4,0.15000000596046448,3750.0,1.3824000358581543,0.31083568930625916,0.37670087814331055,0.2991870045661926,0.07751388102769852,0.13542857766151428,0.16375842690467834,0.12240563333034515,3.924878555494615e-08,0.04135274887084961,0.14211547374725342,3.0935381589327246e-21,0.14211547374725342,2.0935819149017334,1.313355565071106,0.8267840147018433,0.9489836692810059,109.7967300415039,0.7648863792419434,-0.6265996098518372,0.6211031079292297,2.22306227684021,0.6466147899627686,0.751025378704071
24,train,0,1.0,1.0,1,PVC_20_180,5,0.17499999701976776,4375.0,1.881600022315979,0.5591400265693665,0.5231665372848511,0.41671818494796753,0.10644832253456116,0.19810740649700165,0.21861077845096588,0.16577011346817017,5.293075844292616e-08,0.05284060165286064,0.20557907223701477,4.078542853266631e-21,0.20557907223701477,2.2500221729278564,1.3520387411117554,0.8123127222061157,0.927563488483429,105.51270294189453,0.7368959188461304,-0.617308497428894,0.6004282832145691,2.222586154937744,0.6552371382713318,0.7084677815437317
25,val,0,1.0,1.0,1,PVC_20_180,6,0.20000000298023224,5000.0,2.4576001167297363,0.6062102913856506,0.6931213140487671,0.5533333420753479,0.1397879421710968,0.2714557349681854,0.2818776071071625,0.2158534675836563,6.864155466246302e-08,0.0660240575671196,0.28418269753456116,5.143182058862414e-21,0.28418269753456116,2.3604843616485596,1.3788747787475586,0.8009241223335266,0.9021280407905579,100.42560577392578,0.7177826166152954,-0.6070439219474792,0.5870649218559265,2.222116708755493,0.6617056131362915,0.679688572883606
26,train,0,1.0,1.0,1,PVC_20_180,7,0.22499999403953552,5625.0,3.1103999614715576,0.8631705045700073,0.8853433132171631,0.7081788182258606,0.1771644800901413,0.3561537563800812,0.3520250618457794,0.2715699374675751,8.606826895629638e-08,0.08045504242181778,0.3756729066371918,6.2701978720074416e-21,0.3756729066371918,2.4470038414001465,1.3923397064208984,0.7912935614585876,0.8739358186721802,94.78716278076172,0.7042362689971924,-0.5971729755401611,0.5780709981918335,2.221616506576538,0.6673506498336792,0.6581738591194153
27,train,0,1.0,1.0,1,PVC_20_180,8,0.25,6250.0,3.8399999141693115,1.0573121309280396,1.0985162258148193,0.8803871273994446,0.21812905371189117,0.4528726041316986,0.42751452326774597,0.3317767083644867,1.0489861068663231e-07,0.09573769569396973,0.47503334283828735,2.200904255082346e-21,0.47503334283828735,2.520334482192993,1.3927664756774902,0.7825800180435181,0.8448962569236755,88.97925567626953,0.6945006847381592,-0.5878700613975525,0.5720178484916687,2.2210421562194824,0.672996997833252,0.6409052014350891
28,train,0,1.0,1.0,1,PVC_20_180,9,0.2750000059604645,6875.0,4.646399974822998,1.2427419424057007,1.3310309648513794,1.0689451694488525,0.26208579540252686,0.5622302889823914,0.5067148804664612,0.39522579312324524,1.2482399824875756e-07,0.11148897558450699,0.5766147971153259,2.6106018041597455e-21,0.5766147971153259,2.585895538330078,1.380948781967163,0.7742429375648499,0.8167735934257507,83.3547134399414,0.6875513792037964,-0.578881025314331,0.5681482553482056,2.22033953666687,0.6792915463447571,0.626334011554718
29,train,0,1.0,1.0,1,PVC_20_180,10,0.30000001192092896,7500.0,5.529600143432617,1.5060391426086426,1.5809217691421509,1.2726778984069824,0.30824387073516846,0.6847396492958069,0.5879381895065308,0.4605945944786072,1.4556331962012337e-07,0.12734344601631165,0.6762266159057617,3.0584045913771367e-21,0.6762266159057617,2.646336793899536,1.3578516244888306,0.7659249305725098,0.7906438708305359,78.12877655029297,0.6827673316001892,-0.5697888135910034,0.5660573840141296,2.2194342613220215,0.6868318319320679,0.6136206984519958
30,train,0,1.0,1.0,1,PVC_20_180,11,0.32499998807907104,8125.0,6.48960018157959,1.597334623336792,1.8459032773971558,1.4903223514556885,0.3555808961391449,0.820748507976532,0.6695737838745117,0.5265882015228271,1.669055222919269e-07,0.14298540353775024,0.771656334400177,3.5438832744536875e-21,0.771656334400177,2.7027478218078613,1.3246725797653198,0.7573776841163635,0.766912579536438,73.38251495361328,0.6797789335250854,-0.5601283311843872,0.565549910068512,2.2182154655456543,0.6962289214134216,0.6023157835006714
31,train,0,1.0,1.0,1,PVC_20_180,12,0.3499999940395355,8750.0,7.526400089263916,1.9695085287094116,2.123502731323242,1.7206904888153076,0.4028122127056122,0.9703889489173889,0.7503015398979187,0.592103123664856,1.8876721696869936e-07,0.15819823741912842,0.8621596693992615,1.1680538468040135e-22,0.8621596693992615,2.755319118499756,1.2830097675323486,0.7484126091003418,0.7455744743347168,69.1148910522461,0.6783716082572937,-0.5494510531425476,0.5665519833564758,2.2165133953094482,0.7081409692764282,0.5922084450721741
32,train,0,1.0,1.0,1,PVC_20_180,13,0.375,9375.0,8.640000343322754,2.2906291484832764,2.411243200302124,1.9628877639770508,0.4483555257320404,1.1335508823394775,0.8293368220329285,0.6564183831214905,2.1125542559730093e-07,0.17291821539402008,0.9478147625923157,1.0756810115930194e-22,0.9478147625923157,2.8037586212158203,1.2349919080734253,0.7388660907745361,0.7264378666877747,65.2875747680664,0.6784092783927917,-0.5373733043670654,0.5690416097640991,2.214057207107544,0.723288357257843,0.5832420587539673
33,val,0,1.0,1.0,1,PVC_20_180,14,0.4000000059604645,10000.0,9.830400466918945,2.650298833847046,2.7067837715148926,2.216519355773926,0.4902644753456116,1.3098978996276855,0.9066213965415955,0.7193495035171509,2.347188114981691e-07,0.18727165460586548,1.0290770530700684,9.475226058219414e-23,1.0290770530700684,2.8476037979125977,1.1832531690597534,0.7285773754119873,0.7092531323432922,61.850624084472656,0.6797720193862915,-0.5236079096794128,0.5729917883872986,2.2104086875915527,0.7424482107162476,0.5754461288452148
34,train,0,1.0,1.0,1,PVC_20_180,15,0.42500001192092896,10625.0,11.097599983215332,2.8269872665405273,3.007866144180298,2.481762409210205,0.526103675365448,1.4989230632781982,0.9828392267227173,0.7812615633010864,2.597612080990075e-07,0.20157739520072937,1.1065337657928467,8.751692933370289e-23,1.1065337657928467,2.886446952819824,1.1306973695755005,0.7173843383789062,0.6937710642814636,58.754215240478516,0.6823064088821411,-0.5079867839813232,0.578325629234314,2.204847812652588,0.7664182186126709,0.5688842535018921
35,train,0,1.0,1.0,1,PVC_20_180,16,0.44999998807907104,11250.0,12.44159984588623,3.2195968627929688,3.311958074569702,2.7591943740844727,0.5527637600898743,1.7000254392623901,1.059168815612793,0.8428635001182556,2.8720273803628515e-07,0.2163049578666687,1.1807831525802612,1.4413170314209997e-23,1.1807831525802612,2.92006516456604,1.0800933837890625,0.7051417827606201,0.6797662973403931,55.95326232910156,0.6858096122741699,-0.4904724955558777,0.5848984122276306,2.1961867809295654,0.7959492802619934,0.5636096596717834
36,train,0,1.0,1.0,1,PVC_20_180,17,0.4749999940395355,11875.0,13.86240005493164,3.643343448638916,3.615602970123291,3.0493178367614746,0.5662850737571716,1.9125701189041138,1.1367478370666504,0.9047471880912781,3.179816019382997e-07,0.23200029134750366,1.2523813247680664,2.179188649855603e-23,1.2523813247680664,2.948439836502075,1.0336554050445557,0.691763162612915,0.6670430302619934,53.408607482910156,0.690041720867157,-0.4711664319038391,0.5925043821334839,2.182485580444336,0.8316296935081482,0.5596449971199036
37,val,0,1.0,1.0,1,PVC_20_180,18,0.5,12500.0,15.359999656677246,4.037886619567871,3.9137139320373535,3.3518600463867188,0.5618539452552795,2.135935068130493,1.2159250974655151,0.966723620891571,3.530143999341817e-07,0.24920114874839783,1.3218237161636353,7.380154498657305e-22,1.3218237161636353,2.9717352390289307,0.9927860498428345,0.6772656440734863,0.6554343104362488,51.08686828613281,0.6947533488273621,-0.45031771063804626,0.6008954644203186,2.1606602668762207,0.8737331032752991,0.5569730401039124
38,val,0,1.0,1.0,2,PVC_10_0,0,0.05000000074505806,1250.0,0.15360000729560852,0.004296653904020786,0.016323352232575417,0.012610101141035557,0.003713250858709216,0.0034182912204414606,0.00919181015342474,0.0009847648907452822,0.0023444145917892456,0.005862630903720856,0.00040676744538359344,0.006354009732604027,0.006354009732604027,0.47558829188346863,4.307231903076172,0.5998249650001526,0.9039982557296753,100.79964447021484,0.4230889081954956,0.7002217173576355,0.5119657516479492,0.763519287109375,0.4726497232913971,0.7089605331420898
39,train,0,1.0,1.0,2,PVC_10_0,1,0.07500000298023224,1875.0,0.3456000089645386,0.0044425735250115395,0.022783387452363968,0.01764238253235817,0.005141004454344511,0.013095310889184475,0.00454707071185112,0.00042170105734840035,0.0011694962158799171,0.002955873729661107,0.0009348801104351878,0.013912936672568321,0.013912936672568321,0.8097583651542664,2.574709892272949,0.6800562143325806,0.9087178111076355,101.7435531616211,0.14344365894794464,0.5327821969985962,0.1663709282875061,0.748071551322937,0.47581103444099426,0.8178362846374512
40,train,0,1.0,1.0,2,PVC_10_0,2,0.10000000149011612,2500.0,0.6144000291824341,0.11792551726102829,0.10611346364021301,0.08509387820959091,0.02101958729326725,0.08264324814081192,0.002450626576319337,0.00015198129403870553,0.0005835004849359393,0.001715144724585116,0.001714052981697023,0.02382538840174675,0.02382538840174675,2.8745474815368652,1.4754598140716553,0.7791449427604675,0.91482013463974,102.96401977539062,0.06244012713432312,0.2017020434141159,0.06621842086315155,0.664891242980957,0.5110054016113281,1.1703163385391235
41,train,0,1.0,1.0,2,PVC_10_0,3,0.125,3125.0,0.9599999785423279,0.3397746682167053,0.15329919755458832,0.14867982268333435,0.00461936928331852,0.1446477472782135,0.0040320828557014465,0.0001759762963047251,0.0009556763106957078,0.0029004300013184547,0.0027921691071242094,0.035525012761354446,0.035525012761354446,3.219984292984009,1.3457233905792236,0.8257750272750854,0.9218372106552124,104.36743927001953,0.059029895812273026,-0.04225653409957886,0.05828158184885979,0.6137815117835999,0.6295796632766724,1.5778437852859497
42,train,0,1.0,1.0,2,PVC_10_0,4,0.15000000596046448,3750.0,1.3824000358581543,0.16250543296337128,0.18902574479579926,0.21872113645076752,-0.02969539724290371,0.20984295010566711,0.008878190070390701,0.00032889211433939636,0.0022699632681906223,0.006279334891587496,0.004245518706738949,0.04842253029346466,0.04842253029346466,3.2439491748809814,1.470801830291748,0.8319159150123596,0.9292217493057251,105.84434509277344,0.07330644875764847,-0.1036284863948822,0.07102745771408081,0.5980770587921143,0.77390056848526,1.7809813022613525
43,train,0,1.0,1.0,2,PVC_10_0,5,0.17499999701976776,4375.0,1.881600022315979,0.17313167452812195,0.24558386206626892,0.3038593828678131,-0.05827551335096359,0.2859949767589569,0.0178644098341465,0.0006165121449157596,0.004764503799378872,0.012483394704759121,0.006197645794600248,0.06197976693511009,0.06197976693511009,3.2482128143310547,1.6413240432739258,0.8254008889198303,0.9363734722137451,107.27469635009766,0.09076452255249023,-0.09147908538579941,0.08827360719442368,0.5938913822174072,0.8672817945480347,1.8755998611450195
44,train,0,1.0,1.0,2,PVC_10_0,6,0.20000000298023224,5000.0,2.4576001167297363,0.32816481590270996,0.3196980953216553,0.4052467346191406,-0.08554863929748535,0.37366729974746704,0.03157944232225418,0.001056637498550117,0.008522028103470802,0.02200077474117279,0.008858030661940575,0.07576147466897964,0.07576147466897964,3.2492802143096924,1.8047946691513062,0.8155519366264343,0.9426351189613342,108.52703094482422,0.10732939839363098,-0.05904734134674072,0.10542813688516617,0.5934010744094849,0.9152835607528687,1.9270914793014526
45,train,0,1.0,1.0,2,PVC_10_0,7,0.22499999403953552,5625.0,3.1103999614715576,0.4748879671096802,0.4090840220451355,0.5233216881752014,-0.11423766613006592,0.47294625639915466,0.05037541314959526,0.0016634917119517922,0.013551849871873856,0.03516007214784622,0.012609980069100857,0.0894559770822525,0.0894559770822525,3.2494430541992188,1.949081301689148,0.8049455881118774,0.9472165703773499,109.44332122802734,0.12212887406349182,-0.02312040701508522,0.12128177285194397,0.5941510200500488,0.9378865957260132,1.95870041847229
46,train,0,1.0,1.0,2,PVC_10_0,8,0.25,6250.0,3.8399999141693115,0.5574852824211121,0.5128173828125,0.6583057641983032,-0.14548835158348083,0.5838512778282166,0.07445446401834488,0.00244539394043386,0.019843723624944687,0.05216534808278084,0.01824268512427807,0.10286881029605865,0.10286881029605865,3.2492592334747314,2.0725362300872803,0.7942326068878174,0.9489527344703674,109.79054260253906,0.13518425822257996,0.010960952378809452,0.13562877476215363,0.5949515104293823,0.9480915665626526,1.979506254196167
47,train,0,1.0,1.0,2,PVC_10_0,9,0.2750000059604645,6875.0,4.646399974822998,0.5972995758056641,0.6301395893096924,0.8102325201034546,-0.1800929605960846,0.7063847184181213,0.10384782403707504,0.003401217982172966,0.027374375611543655,0.07307223230600357,0.027722017839550972,0.11590054631233215,0.11590054631233215,3.2489125728607178,2.175571918487549,0.7834438681602478,0.9455310702323914,109.10620880126953,0.14670130610466003,0.04133442044258118,0.14852043986320496,0.5949440002441406,0.9532789587974548,1.9935908317565918
48,train,0,1.0,1.0,2,PVC_10_0,10,0.30000001192092896,7500.0,5.529600143432617,0.7768981456756592,0.7600140571594238,0.9789083003997803,-0.21889421343803406,0.840543270111084,0.13836504518985748,0.004516939166933298,0.0361006036400795,0.09774749726057053,0.04799525439739227,0.12852023541927338,0.12852023541927338,3.248476266860962,2.2585983276367188,0.7723901271820068,0.9301102161407471,106.02204132080078,0.15688356757164001,0.06728807091712952,0.16005048155784607,0.5934340357780457,0.9577409029006958,2.002976655960083
49,train,0,1.0,1.0,2,PVC_10_0,11,0.32499998807907104,8125.0,6.48960018157959,0.982464611530304,0.9009890556335449,1.1638619899749756,-0.26287296414375305,0.9863197803497314,0.17754222452640533,0.005763681139796972,0.04594901576638222,0.1258295327425003,0.12503765523433685,0.14074119925498962,0.14074119925498962,3.247978687286377,2.321664333343506,0.7608110904693604,0.8688808679580688,93.77617645263672,0.16589275002479553,0.08851998299360275,0.17029820382595062,0.5899163484573364,0.9641218185424805,2.008700132369995
50,train,0,1.0,1.0,2,PVC_10_0,12,0.3499999940395355,8750.0,7.526400089263916,1.096636176109314,1.0512330532073975,1.364293098449707,-0.31306004524230957,1.143702745437622,0.22059032320976257,0.007098027039319277,0.05680108070373535,0.15669122338294983,0.28669342398643494,0.15260235965251923,0.15260235965251923,3.2474257946014404,2.3644843101501465,0.7484452724456787,0.778120756149292,75.62416076660156,0.17384320497512817,0.10488708317279816,0.17931337654590607,0.5841429233551025,0.9741371870040894,2.0112600326538086
51,val,0,1.0,1.0,2,PVC_10_0,13,0.375,9375.0,8.640000343322754,1.2108826637268066,1.2087163925170898,1.579034447669983,-0.37031808495521545,1.3126730918884277,0.2663613557815552,0.008465350605547428,0.06847668439149857,0.18941932916641235,0.4131476581096649,0.1641552746295929,0.1641552746295929,3.24680495262146,2.3865723609924316,0.7350770831108093,0.7271667718887329,65.43335723876953,0.1808115690946579,0.11630675941705704,0.1871204823255539,0.5761734843254089,0.9889177680015564,2.010826587677002
52,val,0,1.0,1.0,2,PVC_10_0,14,0.4000000059604645,10000.0,9.830400466918945,1.3690028190612793,1.3714957237243652,1.8065612316131592,-0.43506550788879395,1.4932001829147339,0.3133610188961029,0.009806233458220959,0.08072207868099213,0.22283270955085754,0.5165508985519409,0.17545562982559204,0.17545562982559204,3.246087074279785,2.3874709606170654,0.7205742597579956,0.6930793523788452,58.615875244140625,0.18685244023799896,0.1227632388472557,0.1937340348958969,0.5663760900497437,1.0091559886932373,2.007352352142334
53,train,0,1.0,1.0,2,PVC_10_0,15,0.42500001192092896,10625.0,11.097599983215332,1.6664570569992065,1.53802490234375,2.0450894832611084,-0.5070645213127136,1.6852375268936157,0.3598518967628479,0.01106506772339344,0.0932152196764946,0.2555716037750244,0.6059073209762573,0.18655820190906525,0.18655820190906525,3.245229482650757,2.367138147354126,0.7049156427383423,0.6676045656204224,53.52091598510742,0.19201776385307312,0.12436969578266144,0.19918213784694672,0.5553527474403381,1.0351579189300537,2.0006422996520996
54,train,0,1.0,1.0,2,PVC_10_0,16,0.44999998807907104,11250.0,12.44159984588623,1.7020379304885864,1.7073924541473389,2.2927944660186768,-0.5854020714759827,1.8887192010879517,0.4040752947330475,0.012199196964502335,0.10559934377670288,0.28627675771713257,0.6854745745658875,0.197514146566391,0.197514146566391,3.2441771030426025,2.3264029026031494,0.688204288482666,0.6474189162254333,49.48377990722656,0.19637921452522278,0.12145990878343582,0.20353488624095917,0.5438124537467957,1.066851019859314,1.9904260635375977
55,train,0,1.0,1.0,2,PVC_10_0,17,0.4749999940395355,11875.0,13.86240005493164,1.914313793182373,1.8793889284133911,2.5480992794036865,-0.6687103509902954,2.1035547256469727,0.44454455375671387,0.013185638934373856,0.11754056066274643,0.3138183355331421,0.7577104568481445,0.2083696573972702,0.2083696573972702,3.2428641319274902,2.267334461212158,0.6706619262695312,0.6308286190032959,46.16572570800781,0.20004042983055115,0.11464310437440872,0.20692043006420135,0.5324289798736572,1.1037906408309937,1.976427435874939
56,train,0,1.0,1.0,2,PVC_10_0,18,0.5,12500.0,15.359999656677246,2.087332010269165,2.054415464401245,2.809950590133667,-0.7555351853370667,2.3296284675598145,0.4803221523761749,0.014023630879819393,0.1287935972213745,0.33750492334365845,0.8242243528366089,0.2191656082868576,0.2191656082868576,3.2412221431732178,2.1933155059814453,0.6526060104370117,0.6168425679206848,43.36851501464844,0.20313988626003265,0.10478444397449493,0.20952565968036652,0.5217337012290955,1.1451797485351562,1.9584412574768066
57,train,0,1.0,1.0,3,PVC_10_180,0,0.05000000074505806,1250.0,0.15360000729560852,0.1761522889137268,0.15922382473945618,0.12297453731298447,0.03624929487705231,0.0032457916531711817,0.11972874402999878,0.06615625321865082,1.5821584042896575e-08,0.053572479635477066,0.006640447303652763,6.508873658494291e-23,0.006640447303652763,0.45158836245536804,4.977101802825928,0.8206126689910889,0.9950531721115112,119.01063537597656,1.3037034273147583,0.8261532187461853,1.6268211603164673,2.1788294315338135,0.476239413022995,1.764387607574463
58,train,0,1.0,1.0,3,PVC_10_180,1,0.07500000298023224,1875.0,0.3456000089645386,0.1749381422996521,0.1224173754453659,0.09556356072425842,0.026853812858462334,0.009288446046411991,0.086275115609169,0.053375232964754105,1.5271515607651054e-08,0.032899871468544006,0.015361522324383259,1.4144996733935752e-22,0.015361522324383259,0.5743579864501953,2.655721426010132,0.8949964642524719,0.9886112809181213,117.72225952148438,0.9953150749206543,0.25517767667770386,1.0715097188949585,2.2230405807495117,0.5330030918121338,1.3702563047409058
59,train,0,1.0,1.0,3,PVC_10_180,2,0.10000000149011612,2500.0,0.6144000291824341,0.10751472413539886,0.11423540115356445,0.09205816686153412,0.022177230566740036,0.03067878820002079,0.06137938052415848,0.0433674156665802,1.4320204577700224e-08,0.018011948093771935,0.028390271589159966,2.403827047809054e-22,0.028390271589159966,1.0670881271362305,1.7142335176467896,0.8802882432937622,0.9791058301925659,115.8211669921875,0.7933850884437561,-0.14603491127490997,0.7586265206336975,2.2231781482696533,0.625455379486084,0.9233607053756714
60,train,0,1.0,1.0,3,PVC_10_180,3,0.125,3125.0,0.9599999785423279,0.198393777012825,0.17116525769233704,0.1417243778705597,0.029440876096487045,0.06718140840530396,0.07454296201467514,0.05547703802585602,1.9248471261335e-08,0.01906590349972248,0.04659499600529671,3.5522088493385176e-22,0.04659499600529671,1.4955164194107056,1.6240055561065674,0.8594533205032349,0.9660651087760925,113.21302032470703,0.7047284245491028,-0.23135825991630554,0.6558150053024292,2.2224559783935547,0.6729070544242859,0.7637957334518433
61,train,0,1.0,1.0,3,PVC_10_180,4,0.15000000596046448,3750.0,1.3824000358581543,0.27636855840682983,0.2508288025856018,0.21137043833732605,0.03945835679769516,0.11199747771024704,0.09937296062707901,0.07561996579170227,2.6606667091755298e-08,0.023752963170409203,0.07105773687362671,1.5467690794663623e-21,0.07105773687362671,1.7313618659973145,1.6529316902160645,0.8430023193359375,0.9489836692810059,109.7967300415039,0.6571652293205261,-0.23857319355010986,0.6101306080818176,2.221698045730591,0.6954590082168579,0.6978567838668823
62,train,0,1.0,1.0,3,PVC_10_180,5,0.17499999701976776,4375.0,1.881600022315979,0.3855060040950775,0.3457876741886139,0.2948681116104126,0.05091957002878189,0.16370049118995667,0.13116763532161713,0.10101789236068726,3.571946649572055e-08,0.030149707570672035,0.10278953611850739,2.0392714266333154e-21,0.10278953611850739,1.859242558479309,1.6929556131362915,0.8304967284202576,0.927563488483429,105.51270294189453,0.6273987293243408,-0.226076140999794,0.5848467946052551,2.220973014831543,0.7092074751853943,0.6628695130348206
63,train,0,1.0,1.0,3,PVC_10_180,6,0.20000000298023224,5000.0,2.4576001167297363,0.4729076027870178,0.454141229391098,0.3906049132347107,0.06353630870580673,0.22240664064884186,0.16819828748703003,0.1305326223373413,4.631304761915089e-08,0.03766561672091484,0.14209134876728058,2.571591029431207e-21,0.14209134876728058,1.93397057056427,1.7225298881530762,0.8205554485321045,0.9021280407905579,100.42560577392578,0.6067729592323303,-0.20833556354045868,0.5688492655754089,2.2202601432800293,0.7200149297714233,0.6406632661819458
64,train,0,1.0,1.0,3,PVC_10_180,7,0.22499999403953552,5625.0,3.1103999614715576,0.585237979888916,0.5750806927680969,0.49785947799682617,0.07722120732069016,0.2885499596595764,0.20930951833724976,0.1633419245481491,5.8181100826004695e-08,0.04596753790974617,0.1878364533185959,3.1350989360037208e-21,0.1878364533185959,1.9825226068496704,1.7374975681304932,0.812079906463623,0.8739358186721802,94.78716278076172,0.5914328098297119,-0.1896989941596985,0.557774543762207,2.219517469406128,0.7301385998725891,0.6246145367622375
65,train,0,1.0,1.0,3,PVC_10_180,8,0.25,6250.0,3.8399999141693115,0.6845232844352722,0.7081260085105896,0.6161628365516663,0.09196315705776215,0.36273857951164246,0.2534242570400238,0.19864773750305176,7.11145915488487e-08,0.05477644130587578,0.23751667141914368,1.100452127541173e-21,0.23751667141914368,2.018718957901001,1.7378031015396118,0.8043081164360046,0.8448962569236755,88.97925567626953,0.579400897026062,-0.17167514562606812,0.5495603084564209,2.21868896484375,0.7406454086303711,0.6117959022521973
66,train,0,1.0,1.0,3,PVC_10_180,9,0.2750000059604645,6875.0,4.646399974822998,0.8764917254447937,0.8529298305511475,0.7451536655426025,0.10777615755796432,0.4457641541957855,0.29938948154449463,0.23557724058628082,8.487995017958383e-08,0.06381215900182724,0.28830739855766296,1.3053009020798728e-21,0.28830739855766296,2.0502266883850098,1.7242522239685059,0.7967081069946289,0.8167735934257507,83.3547134399414,0.5695474743843079,-0.15483248233795166,0.5430921316146851,2.217697858810425,0.7522050142288208,0.6007204651832581
67,train,0,1.0,1.0,3,PVC_10_180,10,0.30000001192092896,7500.0,5.529600143432617,0.9029657244682312,1.0091962814331055,0.884546160697937,0.12465013563632965,0.5386140942573547,0.3459320664405823,0.273151159286499,9.921364352294404e-08,0.07278081029653549,0.33811330795288086,1.5292022956885683e-21,0.33811330795288086,2.0816001892089844,1.6977038383483887,0.7888851165771484,0.7906438708305359,78.12877655029297,0.5611849427223206,-0.1394023448228836,0.5377157926559448,2.216432809829712,0.7653682231903076,0.5905659198760986
68,train,0,1.0,1.0,3,PVC_10_180,11,0.32499998807907104,8125.0,6.48960018157959,1.0138746500015259,1.1766250133514404,1.0341384410858154,0.14248663187026978,0.6424509286880493,0.3916875720024109,0.3103017508983612,1.1383058762248766e-07,0.08138568699359894,0.3858281672000885,1.7719416372268438e-21,0.3858281672000885,2.1156089305877686,1.6589994430541992,0.7805231213569641,0.766912579536438,73.38251495361328,0.5538982152938843,-0.1255122870206833,0.5330418944358826,2.214719772338867,0.7806726098060608,0.5808747410774231
69,train,0,1.0,1.0,3,PVC_10_180,12,0.3499999940395355,8750.0,7.526400089263916,1.313947081565857,1.3548587560653687,1.1938483715057373,0.16101033985614777,0.7585501670837402,0.43529820442199707,0.34594112634658813,1.2844866148498113e-07,0.08935697376728058,0.43107983469963074,5.840269234020067e-23,0.43107983469963074,2.153824806213379,1.609141230583191,0.7713541984558105,0.7455744743347168,69.1148910522461,0.5474666357040405,-0.11328215897083282,0.5288611650466919,2.2122747898101807,0.798681914806366,0.5714329481124878
70,train,0,1.0,1.0,3,PVC_10_180,13,0.375,9375.0,8.640000343322754,1.5928974151611328,1.5434026718139648,1.3637518882751465,0.17965081334114075,0.8881734609603882,0.4755784869194031,0.3790808320045471,1.4283216387411812e-07,0.09649750590324402,0.47390738129615784,5.378405057965097e-23,0.47390738129615784,2.1968348026275635,1.5495612621307373,0.7611481547355652,0.7264378666877747,65.2875747680664,0.541826605796814,-0.10284902900457382,0.5251086950302124,2.20861554145813,0.8199858665466309,0.5622174739837646
71,train,0,1.0,1.0,3,PVC_10_180,14,0.4000000059604645,10000.0,9.830400466918945,1.7449835538864136,1.7414922714233398,1.544093370437622,0.19739888608455658,1.0323772430419922,0.5117161870002747,0.40898117423057556,1.5685344578741933e-07,0.10273486375808716,0.5145385265350342,4.737613029109707e-23,0.5145385265350342,2.244297981262207,1.4823553562164307,0.7497184872627258,0.7092531323432922,61.850624084472656,0.5370475649833679,-0.09432955086231232,0.5218497514724731,2.202897310256958,0.8451777100563049,0.5533612966537476
72,train,0,1.0,1.0,3,PVC_10_180,15,0.42500001192092896,10625.0,11.097599983215332,1.9275760650634766,1.947829246520996,1.7351804971694946,0.21264880895614624,1.191762924194336,0.5434175729751587,0.4352569878101349,1.7055572243407369e-07,0.10816043615341187,0.5532668828964233,4.3758464666851443e-23,0.5532668828964233,2.294954776763916,1.4103584289550781,0.7369365692138672,0.6937710642814636,58.754215240478516,0.533301055431366,-0.08774024993181229,0.5192634463310242,2.1936097145080566,0.874804675579071,0.5451073050498962
73,val,0,1.0,1.0,3,PVC_10_180,16,0.44999998807907104,11250.0,12.44159984588623,2.2017436027526855,2.160170078277588,1.9371070861816406,0.2230629026889801,1.3662443161010742,0.5708627700805664,0.45782825350761414,1.8419207492570422e-07,0.11303436756134033,0.5903915762901306,7.206585157104998e-24,0.5903915762901306,2.346742868423462,1.3369522094726562,0.7227591276168823,0.6797662973403931,55.95326232910156,0.5308141708374023,-0.08291065692901611,0.5176111459732056,2.1780452728271484,0.90929114818573,0.5377430319786072
74,train,0,1.0,1.0,3,PVC_10_180,17,0.4749999940395355,11875.0,13.86240005493164,2.481191635131836,2.374795913696289,2.1492691040039062,0.2255268543958664,1.5549346208572388,0.5943344831466675,0.4765903055667877,1.9820730301489675e-07,0.11774399131536484,0.6261906623840332,1.0895943249278015e-23,0.6261906623840332,2.3971049785614014,1.265612006187439,0.7072504758834839,0.6670430302619934,53.408607482910156,0.52979975938797,-0.07945021986961365,0.5171719193458557,2.1514499187469482,0.9488416314125061,0.5315262675285339
75,train,0,1.0,1.0,3,PVC_10_180,18,0.5,12500.0,15.359999656677246,2.5872838497161865,2.5860676765441895,2.3697550296783447,0.2163127213716507,1.7562544345855713,0.6135006546974182,0.49077606201171875,2.131533278770803e-07,0.12272436171770096,0.6609118580818176,3.6900772493286525e-22,0.6609118580818176,2.443484306335449,1.1993542909622192,0.6905980110168457,0.6554343104362488,51.08686828613281,0.5303695201873779,-0.07681408524513245,0.5181475877761841,2.1059651374816895,0.9933352470397949,0.5266214609146118
76,train,0,1.0,1.0,4,Rguijiao_20_0,0,0.05000000074505806,1250.0,0.5408450961112976,0.0793856531381607,0.05732396990060806,0.04438205063343048,0.012941921129822731,0.004005097318440676,0.04037695378065109,0.0035554743371903896,0.00635109655559063,0.030470384284853935,0.0008497143280692399,0.012034342624247074,0.012034342624247074,0.5572308301925659,3.7580881118774414,0.7754201292991638,0.9132076501846313,102.64153289794922,0.5801100730895996,0.1826356053352356,0.6118947267532349,1.321753740310669,0.4749049246311188,1.7667412757873535
77,train,0,1.0,1.0,4,Rguijiao_20_0,1,0.07500000298023224,1875.0,1.216901421546936,0.06598012149333954,0.06434748321771622,0.050477124750614166,0.013870357535779476,0.02893160469830036,0.021545520052313805,0.0016501047648489475,0.003254709765315056,0.01664070598781109,0.002076980657875538,0.024730108678340912,0.024730108678340912,1.7890074253082275,1.9556050300598145,0.8524695038795471,0.9264792203903198,105.29583740234375,0.2545807957649231,-0.26172012090682983,0.23459212481975555,1.3665674924850464,0.4931682348251343,2.149479627609253
78,train,0,1.0,1.0,4,Rguijiao_20_0,2,0.10000000149011612,2500.0,2.1633803844451904,0.13217772543430328,0.12375808507204056,0.10065911710262299,0.023098966106772423,0.08205749839544296,0.018601616844534874,0.0012721192324534059,0.00300243659876287,0.01432706043124199,0.004223970230668783,0.03916126862168312,0.03916126862168312,2.8541736602783203,1.4452438354492188,0.8570649027824402,0.9396970868110657,107.93941497802734,0.16871994733810425,-0.3569682240486145,0.15065164864063263,1.248674988746643,0.5363197922706604,2.1934146881103516
79,train,0,1.0,1.0,4,Rguijiao_20_0,3,0.125,3125.0,3.380281686782837,0.19640156626701355,0.19373437762260437,0.16285178065299988,0.030882593244314194,0.13807246088981628,0.024779316037893295,0.0015360356774181128,0.004212431143969297,0.019030850380659103,0.008221819996833801,0.053746797144412994,0.053746797144412994,3.073612928390503,1.3746869564056396,0.8400288224220276,0.9483026266098022,109.66053009033203,0.14771053194999695,-0.304706871509552,0.13420800864696503,1.138769268989563,0.5798493027687073,2.2005672454833984
80,train,0,1.0,1.0,4,Rguijiao_20_0,4,0.15000000596046448,3750.0,4.867605686187744,0.2594616115093231,0.2800958752632141,0.23962609469890594,0.040469780564308167,0.20338240265846252,0.03624369576573372,0.0020817420445382595,0.006363800261169672,0.027798153460025787,0.01782258413732052,0.06770908087491989,0.06770908087491989,3.144075870513916,1.4048514366149902,0.818378746509552,0.9432054162025452,108.6410903930664,0.14219056069850922,-0.21229487657546997,0.133134663105011,1.0572059154510498,0.6159378290176392,2.201864719390869
81,train,0,1.0,1.0,4,Rguijiao_20_0,5,0.17499999701976776,4375.0,6.625351905822754,0.35800719261169434,0.3854012191295624,0.333490788936615,0.051910437643527985,0.2798837721347809,0.0536070242524147,0.0028835677076131105,0.009657515212893486,0.041065942496061325,0.0833248496055603,0.08086365461349487,0.08086365461349487,3.178804397583008,1.4724411964416504,0.7951087951660156,0.8541660308837891,90.83320617675781,0.14257852733135223,-0.10907422006130219,0.1379130333662033,0.9909403920173645,0.6510258913040161,2.2011072635650635
82,train,0,1.0,1.0,4,Rguijiao_20_0,6,0.20000000298023224,5000.0,8.653521537780762,0.47495365142822266,0.5080857276916504,0.4469599723815918,0.0611257441341877,0.36799710988998413,0.07896285504102707,0.00397420022636652,0.01466757245361805,0.060321081429719925,0.23541828989982605,0.09331627935171127,0.09331627935171127,3.199974298477173,1.5626840591430664,0.7701193690299988,0.7266942262649536,65.3388442993164,0.1466553509235382,-0.00822522584348917,0.14629346132278442,0.9288173317909241,0.6942610740661621,2.1988301277160645
83,train,0,1.0,1.0,4,Rguijiao_20_0,7,0.22499999403953552,5625.0,10.952113151550293,0.5159441232681274,0.640974760055542,0.5830720663070679,0.05790272355079651,0.4677765667438507,0.11529546976089478,0.0053704362362623215,0.02238750457763672,0.08753752708435059,0.33878958225250244,0.10526465624570847,0.10526465624570847,3.213923692703247,1.6691776514053345,0.7421634197235107,0.6701484322547913,54.029693603515625,0.15361756086349487,0.08056030422449112,0.1573302149772644,0.8633095622062683,0.7563193440437317,2.194791793823242
84,train,0,1.0,1.0,4,Rguijiao_20_0,8,0.25,6250.0,13.521126747131348,0.5834466218948364,0.7676175236701965,0.7447912693023682,0.02282622829079628,0.5791288614273071,0.16566242277622223,0.007018872071057558,0.03428363427519798,0.12435991317033768,0.4210447072982788,0.11690676212310791,0.11690676212310791,3.222977876663208,1.782617211341858,0.7099733352661133,0.6344692707061768,46.893856048583984,0.16274388134479523,0.1492149382829666,0.17002902925014496,0.7918498516082764,0.8496936559677124,2.1882550716400146
85,train,0,1.0,1.0,4,Rguijiao_20_0,9,0.2750000059604645,6875.0,16.360563278198242,0.8144222497940063,0.8701555132865906,0.9334396123886108,-0.06328412145376205,0.7018711566925049,0.23156842589378357,0.008794098161160946,0.051961008459329605,0.17081332206726074,0.4909791052341461,0.1284092366695404,0.1284092366695404,3.2281532287597656,1.8855280876159668,0.6737546920776367,0.6089425683021545,41.788509368896484,0.17336419224739075,0.19182071089744568,0.1833406537771225,0.7189038991928101,0.9833256006240845,2.177926778793335
86,train,0,1.0,1.0,4,Rguijiao_20_0,10,0.30000001192092896,7500.0,19.470422744750977,0.9322099089622498,0.9597047567367554,1.1471374034881592,-0.18743263185024261,0.8357745409011841,0.3113628923892975,0.010597520507872105,0.07603172212839127,0.2247336506843567,0.552803099155426,0.13990218937397003,0.13990218937397003,3.230046510696411,1.9555820226669312,0.6360384225845337,0.5894266963005066,37.88533401489258,0.18530990183353424,0.20778168737888336,0.19686110317707062,0.6536759734153748,1.1500369310379028,2.1620633602142334
87,train,0,1.0,1.0,4,Rguijiao_20_0,11,0.32499998807907104,8125.0,22.850704193115234,0.985845148563385,1.0693382024765015,1.380982756614685,-0.3116445243358612,0.9806037545204163,0.4003790318965912,0.012432740069925785,0.10504559427499771,0.28290069103240967,0.6090114116668701,0.15148326754570007,0.15148326754570007,3.2291557788848877,1.9801428318023682,0.6004823446273804,0.5738567113876343,34.77134704589844,0.19863666594028473,0.2037724107503891,0.21077966690063477,0.602714478969574,1.3227094411849976,2.1390492916107178
88,train,0,1.0,1.0,4,Rguijiao_20_0,12,0.3499999940395355,8750.0,26.501407623291016,1.1948415040969849,1.2093944549560547,1.6292686462402344,-0.4198741912841797,1.136149287223816,0.49311938881874084,0.014344860799610615,0.13632826507091522,0.3424462676048279,0.6612422466278076,0.1632239818572998,0.1632239818572998,3.2259786128997803,1.964596152305603,0.5696834325790405,0.5610531568527222,32.210636138916016,0.2128848433494568,0.18933884799480438,0.2249770611524582,0.5662203431129456,1.4732739925384521,2.108257293701172
89,train,0,1.0,1.0,4,Rguijiao_20_0,13,0.375,9375.0,30.422534942626953,1.4401521682739258,1.3717795610427856,1.8878568410873413,-0.5160772800445557,1.3022433519363403,0.585613489151001,0.016356321051716805,0.16784785687923431,0.4014092981815338,0.7106358408927917,0.1751757562160492,0.1751757562160492,3.221007823944092,1.9237380027770996,0.5443717837333679,0.5502814054489136,30.056276321411133,0.2272120863199234,0.17140094935894012,0.23889540135860443,0.540886402130127,1.59031343460083,2.0703790187835693
90,train,0,1.0,1.0,4,Rguijiao_20_0,14,0.4000000059604645,10000.0,34.61408615112305,1.5939713716506958,1.5484610795974731,2.154855728149414,-0.6063946485519409,1.478759765625,0.6760960221290588,0.018470048904418945,0.19884276390075684,0.45878320932388306,0.7580162286758423,0.1873747855424881,0.1873747855424881,3.2146944999694824,1.8710863590240479,0.5240657329559326,0.5410550832748413,28.211017608642578,0.24093057215213776,0.15331007540225983,0.2520116865634918,0.5232029557228088,1.6763637065887451,2.0269904136657715
91,train,0,1.0,1.0,4,Rguijiao_20_0,15,0.42500001192092896,10625.0,39.07605743408203,1.847556233406067,1.7352885007858276,2.4299633502960205,-0.6946748495101929,1.6656039953231812,0.7643592953681946,0.02068621665239334,0.2293674349784851,0.5143056511878967,0.803994357585907,0.19984598457813263,0.19984598457813263,3.2074215412139893,1.8153588771820068,0.5078769326210022,0.5330373644828796,26.607471466064453,0.2536866068840027,0.13632388412952423,0.26406165957450867,0.5105897188186646,1.7386267185211182,1.9799504280090332
92,val,0,1.0,1.0,4,Rguijiao_20_0,16,0.44999998807907104,11250.0,43.80845260620117,1.9395111799240112,1.9305801391601562,2.7136363983154297,-0.7830561995506287,1.862707257270813,0.8509290814399719,0.023007366806268692,0.25977250933647156,0.568149209022522,0.8490321040153503,0.21260574460029602,0.21260574460029602,3.1994972229003906,1.7612255811691284,0.4949292540550232,0.5259861946105957,25.19723892211914,0.2653723657131195,0.1208062469959259,0.2749899625778198,0.5013566613197327,1.783906102180481,1.93100905418396
93,train,0,1.0,1.0,4,Rguijiao_20_0,17,0.4749999940395355,11875.0,48.8112678527832,2.0250658988952637,2.1338093280792236,3.006575345993042,-0.8727660775184631,2.0700180530548096,0.9365572333335876,0.02543761394917965,0.2904371917247772,0.620682418346405,0.8934834003448486,0.2256641983985901,0.2256641983985901,3.1911633014678955,1.7108299732208252,0.4844927489757538,0.519722580909729,23.944515228271484,0.2760104537010193,0.10677960515022278,0.28485214710235596,0.4944240152835846,1.8173149824142456,1.881631851196289
94,train,0,1.0,1.0,4,Rguijiao_20_0,18,0.5,12500.0,54.08450698852539,2.1159510612487793,2.3449246883392334,3.309479236602783,-0.9645545482635498,2.28749680519104,1.0219824314117432,0.027981095016002655,0.321676105260849,0.6723252534866333,0.9382701516151428,0.23902688920497894,0.23902688920497894,3.1826040744781494,1.664925456047058,0.475996732711792,0.5142316222190857,22.84632110595703,0.28567761182785034,0.09414660930633545,0.29374629259109497,0.48909613490104675,1.8424105644226074,1.832951545715332
95,train,0,1.0,1.0,5,Rguijiao_20_180,0,0.05000000074505806,1250.0,0.5408450961112976,0.03256566822528839,0.04346542805433273,0.034193944185972214,0.00927148386836052,0.006637703627347946,0.027556240558624268,0.020010052248835564,7.413267333333806e-09,0.007546181324869394,0.014045508578419685,4.771743885034999e-23,0.014045508578419685,0.9235064387321472,1.2909176349639893,0.8781724572181702,0.9817633032798767,116.3526611328125,1.038206696510315,-0.34895098209381104,0.9295217394828796,2.2234575748443604,0.70351243019104,0.8385093212127686
96,val,0,1.0,1.0,5,Rguijiao_20_180,1,0.07500000298023224,1875.0,1.216901421546936,0.1428789347410202,0.09256905317306519,0.07428406924009323,0.018284980207681656,0.02621310018002987,0.04807096719741821,0.03716026991605759,1.3867818893231743e-08,0.010910683311522007,0.034756336361169815,9.746242062107351e-23,0.034756336361169815,1.6209065914154053,1.366286277770996,0.8201821446418762,0.955812931060791,111.16258239746094,0.8241310119628906,-0.39915311336517334,0.7254446148872375,2.2217187881469727,0.7581748366355896,0.6523221731185913
97,train,0,1.0,1.0,5,Rguijiao_20_180,2,0.10000000149011612,2500.0,2.1633803844451904,0.154811292886734,0.17050960659980774,0.13847962021827698,0.032029978930950165,0.055602677166461945,0.08287693560123444,0.06529462337493896,2.4221124661494287e-08,0.01758228987455368,0.06915778666734695,1.5577213465954122e-22,0.06915778666734695,1.934005856513977,1.4908406734466553,0.7899188995361328,0.9151419997215271,103.02839660644531,0.7415012121200562,-0.3771588206291199,0.657602071762085,2.2200448513031006,0.7819111347198486,0.5978052616119385
98,train,0,1.0,1.0,5,Rguijiao_20_180,3,0.125,3125.0,3.380281686782837,0.3438483476638794,0.2703888416290283,0.221640944480896,0.048747897148132324,0.0942949429154396,0.1273459941148758,0.10135582834482193,3.7713185463417176e-08,0.02599012851715088,0.11730728298425674,3.3007464984804745e-22,0.11730728298425674,2.0990874767303467,1.5679092407226562,0.7716987133026123,0.8628255128860474,92.56509399414062,0.6956385374069214,-0.3544103503227234,0.6216760873794556,2.218310832977295,0.8021958470344543,0.5688294768333435
99,val,0,1.0,1.0,5,Rguijiao_20_180,4,0.15000000596046448,3750.0,4.867605686187744,0.366254061460495,0.3892287313938141,0.32192039489746094,0.06730833649635315,0.14297181367874146,0.17894859611988068,0.14342184364795685,5.3885319317714675e-08,0.035526689141988754,0.17116811871528625,3.0512473384256006e-22,0.17116811871528625,2.2101924419403076,1.6034085750579834,0.7582794427871704,0.8097938895225525,81.95877838134766,0.6645085215568542,-0.33387476205825806,0.597949743270874,2.216167688369751,0.8235496282577515,0.5489616990089417
100,train,0,1.0,1.0,5,Rguijiao_20_180,5,0.17499999701976776,4375.0,6.625351905822754,0.5469441413879395,0.5240337252616882,0.4377099275588989,0.08632379025220871,0.20246736705303192,0.2352425754070282,0.18952350318431854,7.228020137972635e-08,0.04571900516748428,0.22271017730236053,4.1042529535057127e-22,0.22271017730236053,2.2995407581329346,1.6062453985214233,0.7465096712112427,0.7638893723487854,72.77787780761719,0.6408226490020752,-0.3148879408836365,0.58028644323349,2.213153123855591,0.8479955196380615,0.5338818430900574
101,train,0,1.0,1.0,5,Rguijiao_20_180,6,0.20000000298023224,5000.0,8.653521537780762,0.6811033487319946,0.6714242100715637,0.5673923492431641,0.10403186082839966,0.27367421984672546,0.2937181293964386,0.23755690455436707,9.245262333479332e-08,0.05616112798452377,0.269457072019577,5.165577832583413e-22,0.269457072019577,2.3797755241394043,1.5833239555358887,0.7348463535308838,0.7262254357337952,65.24508666992188,0.6214990019798279,-0.2969911992549896,0.5661250948905945,2.2085347175598145,0.8772441148757935,0.5221224427223206
102,train,0,1.0,1.0,5,Rguijiao_20_180,7,0.22499999403953552,5625.0,10.952113151550293,0.8595311641693115,0.8277974128723145,0.7095011472702026,0.11829623579978943,0.35738739371299744,0.3521137237548828,0.28554975986480713,1.1407257716200547e-07,0.06656385958194733,0.31184452772140503,6.088031133035027e-22,0.31184452772140503,2.455479860305786,1.5409862995147705,0.7224345207214355,0.6954247355461121,59.08494186401367,0.6051693558692932,-0.2800140976905823,0.5543325543403625,2.2010321617126465,0.9128273725509644,0.5130776166915894
103,val,0,1.0,1.0,5,Rguijiao_20_180,8,0.25,6250.0,13.521126747131348,0.9238037467002869,0.9896093010902405,0.8629390001296997,0.12667028605937958,0.45411065220832825,0.4088283181190491,0.33199936151504517,1.3705222556836816e-07,0.07682882249355316,0.35095101594924927,4.4343872033728714e-23,0.35095101594924927,2.52722430229187,1.4858264923095703,0.7087793946266174,0.6699312329292297,53.986244201660156,0.5913864374160767,-0.26390334963798523,0.5445657968521118,2.1883535385131836,0.955909013748169,0.5064125061035156
104,train,0,1.0,1.0,5,Rguijiao_20_180,9,0.2750000059604645,6875.0,16.360563278198242,1.1566203832626343,1.1534143686294556,1.0269166231155396,0.12649771571159363,0.5639181733131409,0.46299847960472107,0.3759171664714813,1.616034239759756e-07,0.08708115667104721,0.3877774477005005,1.5124849068464185e-22,0.3877774477005005,2.593658924102783,1.424358606338501,0.6936616897583008,0.6485117077827454,49.702335357666016,0.5802105665206909,-0.2485448718070984,0.5369480848312378,2.166475772857666,1.0069915056228638,0.5018637776374817
105,train,0,1.0,1.0,5,Rguijiao_20_180,10,0.30000001192092896,7500.0,19.470422744750977,1.4060606956481934,1.3155241012573242,1.2004079818725586,0.11511609703302383,0.6864379048347473,0.5139700174331665,0.4163404703140259,1.8816528779552755e-07,0.09762939065694809,0.42311134934425354,2.1849816341358754e-22,0.42311134934425354,2.652899980545044,1.3621394634246826,0.6771376729011536,0.6302563548088074,46.05126953125,0.5718802213668823,-0.23369698226451874,0.5317862033843994,2.128757953643799,1.0656176805496216,0.4991811513900757
106,train,0,1.0,1.0,5,Rguijiao_20_180,11,0.32499998807907104,8125.0,22.850704193115234,1.4605861902236938,1.4715888500213623,1.3812737464904785,0.09031512588262558,0.8209669589996338,0.5603068470954895,0.4514390528202057,2.1722404142110463e-07,0.1088676005601883,0.4575432538986206,2.0516508882903167e-22,0.4575432538986206,2.70346736907959,1.3031600713729858,0.659523606300354,0.6144993305206299,42.899864196777344,0.5665249228477478,-0.2191462367773056,0.5292794108390808,2.0655155181884766,1.1302334070205688,0.49811306595802307
107,train,0,1.0,1.0,5,Rguijiao_20_180,12,0.3499999940395355,8750.0,26.501407623291016,1.5938189029693604,1.6167834997177124,1.565704345703125,0.05107914283871651,0.966667115688324,0.5990371704101562,0.47786593437194824,2.4912398544074676e-07,0.1211710199713707,0.49150949716567993,1.0935382981323264e-22,0.49150949716567993,2.744751453399658,1.2498133182525635,0.6413202285766602,0.60074782371521,40.14957046508789,0.5639904737472534,-0.2049388587474823,0.5293154120445251,1.9655725955963135,1.1983531713485718,0.49840423464775085
108,val,0,1.0,1.0,5,Rguijiao_20_180,13,0.375,9375.0,30.422534942626953,1.7949695587158203,1.7472074031829834,1.7489464282989502,-0.0017389720305800438,1.122746229171753,0.626200258731842,0.49137550592422485,2.8395871254360827e-07,0.13482443988323212,0.5253316760063171,1.495270447281558e-22,0.5253316760063171,2.777034044265747,1.2031952142715454,0.6230948567390442,0.588631272315979,37.72625732421875,0.5638248324394226,-0.1914553940296173,0.5314406156539917,1.8215409517288208,1.2670323848724365,0.49979737401008606
109,train,0,1.0,1.0,5,Rguijiao_20_180,14,0.4000000059604645,10000.0,34.61408615112305,1.8172143697738647,1.8623769283294678,1.9278266429901123,-0.06544972211122513,1.288569450378418,0.6392572522163391,0.4892621338367462,3.2157689133782696e-07,0.14999477565288544,0.5592469573020935,1.9560245382707015e-22,0.5592469573020935,2.8012373447418213,1.1634666919708252,0.6053695678710938,0.5778660178184509,35.57320785522461,0.5653942823410034,-0.17927047610282898,0.5349867343902588,1.6375832557678223,1.3334823846817017,0.5020394921302795
110,train,0,1.0,1.0,5,Rguijiao_20_180,15,0.42500001192092896,10625.0,39.07605743408203,1.9982558488845825,1.966983437538147,2.1035752296447754,-0.1365918219089508,1.4636825323104858,0.6398928165435791,0.4731500446796417,3.6167480743642955e-07,0.16674238443374634,0.593430757522583,4.209740443493825e-22,0.593430757522583,2.818585157394409,1.1301910877227783,0.58855140209198,0.5682315826416016,33.64631271362305,0.5680423378944397,-0.16891536116600037,0.5392569899559021,1.4326897859573364,1.395559549331665,0.504892885684967
111,train,0,1.0,1.0,5,Rguijiao_20_180,16,0.44999998807907104,11250.0,43.80845260620117,2.1439406871795654,2.0695722103118896,2.2819254398345947,-0.2123531997203827,1.647790789604187,0.6341346502304077,0.4490835666656494,4.0390830235992325e-07,0.18505066633224487,0.6280124187469482,7.673410321620723e-23,0.6280124187469482,2.8303439617156982,1.1026110649108887,0.5729091167449951,0.5595534443855286,31.910694122314453,0.5712050199508667,-0.1607016623020172,0.5436669588088989,1.2331777811050415,1.4519672393798828,0.5081467032432556
112,train,0,1.0,1.0,5,Rguijiao_20_180,17,0.4749999940395355,11875.0,48.8112678527832,2.1708872318267822,2.1786999702453613,2.4699273109436035,-0.29122740030288696,1.8407188653945923,0.6292083263397217,0.4243469834327698,4.4797988607570005e-07,0.2048608809709549,0.6630873680114746,1.0249265592317644e-21,0.6630873680114746,2.8376731872558594,1.0798593759536743,0.5585819482803345,0.5516924262046814,30.33848762512207,0.5744678974151611,-0.15467950701713562,0.5478103756904602,1.0597788095474243,1.5021973848342896,0.5116266012191772
113,train,0,1.0,1.0,5,Rguijiao_20_180,18,0.5,12500.0,54.08450698852539,2.288050651550293,2.2999539375305176,2.672647476196289,-0.37269356846809387,2.0423660278320312,0.6302814483642578,0.40418198704719543,4.936776463182468e-07,0.2260989397764206,0.6987252831459045,1.5449125679011279e-21,0.6987252831459045,2.841552734375,1.0610960721969604,0.5456075668334961,0.544535219669342,28.90704917907715,0.5775633454322815,-0.15068772435188293,0.5514538288116455,0.9209835529327393,1.546319603919983,0.5151970982551575
114,train,0,1.0,1.0,6,Rguijiao_10_0,0,0.05000000074505806,1250.0,0.5408450961112976,0.032475970685482025,0.027435624971985817,0.021141426637768745,0.0062941983342170715,0.0032970306929200888,0.017844395712018013,0.0064970701932907104,0.002226831391453743,0.00912049412727356,0.007022754289209843,0.006017171312123537,0.006017171312123537,0.4587172567844391,3.0715389251708984,0.5923584699630737,0.6977755427360535,59.55510711669922,0.5838592052459717,0.5700793862342834,0.6837131381034851,0.8250045776367188,0.477355033159256,1.1581294536590576
115,train,0,1.0,1.0,6,Rguijiao_10_0,1,0.07500000298023224,1875.0,1.216901421546936,0.01790078543126583,0.021592456847429276,0.01667114533483982,0.004921311978250742,0.010391621850430965,0.0062795234844088554,0.0023738963063806295,0.000797117711044848,0.0031085095833986998,0.017378168180584908,0.012365054339170456,0.012365054339170456,0.6425737142562866,1.3179665803909302,0.6458327174186707,0.6890503168106079,57.810062408447266,0.20480766892433167,0.25661328434944153,0.22057457268238068,0.9678057432174683,0.5031863451004028,1.2672975063323975
116,val,0,1.0,1.0,6,Rguijiao_10_0,2,0.10000000149011612,2500.0,2.1633803844451904,0.07656078040599823,0.08591119945049286,0.06834925711154938,0.01756194420158863,0.06465921550989151,0.003690039739012718,0.0014062155969440937,0.0006002185982652009,0.0016836056020110846,0.03457889333367348,0.01958063431084156,0.01958063431084156,2.2490158081054688,1.021000623703003,0.7166122794151306,0.6682419776916504,53.64839553833008,0.08995719254016876,-0.014577099122107029,0.08956379443407059,1.0251847505569458,0.610626220703125,1.2274125814437866
117,train,0,1.0,1.0,6,Rguijiao_10_0,3,0.125,3125.0,3.380281686782837,0.23806096613407135,0.15008953213691711,0.14092224836349487,0.009167277254164219,0.1360098421573639,0.004912411794066429,0.0017917584627866745,0.0010938894702121615,0.0020267637446522713,0.05865364149212837,0.026873398572206497,0.026873398572206497,3.0276970863342285,1.0859885215759277,0.7569031119346619,0.6360481977462769,47.20964050292969,0.07138269394636154,-0.06952988356351852,0.0698937252163887,1.0071746110916138,0.8123785257339478,1.1392744779586792
118,train,0,1.0,1.0,6,Rguijiao_10_0,4,0.15000000596046448,3750.0,4.867605686187744,0.1772611141204834,0.1853388249874115,0.21197597682476044,-0.026637151837348938,0.20327799022197723,0.00869799219071865,0.002994910813868046,0.0023922869004309177,0.0033107949420809746,0.08558405935764313,0.033854540437459946,0.033854540437459946,3.1424615383148193,1.267502784729004,0.768491804599762,0.6019469499588013,40.38938522338867,0.07333455979824066,-0.022946234792470932,0.07282973825931549,0.9612857103347778,0.9991773962974548,1.0626758337020874
119,train,0,1.0,1.0,6,Rguijiao_10_0,5,0.17499999701976776,4375.0,6.625351905822754,0.18364696204662323,0.2333976775407791,0.29387137293815613,-0.060473691672086716,0.27832460403442383,0.015546761453151703,0.005047498736530542,0.004898425191640854,0.005600838456302881,0.11135508865118027,0.040431827306747437,0.040431827306747437,3.1610958576202393,1.4938929080963135,0.7651046514511108,0.5731584429740906,34.63169479370117,0.08078145980834961,0.039743684232234955,0.08174462616443634,0.899767279624939,1.1412731409072876,0.9984055757522583
120,train,0,1.0,1.0,6,Rguijiao_10_0,6,0.20000000298023224,5000.0,8.653521537780762,0.3012953996658325,0.29590070247650146,0.38857924938201904,-0.09267856180667877,0.36261868476867676,0.02596057578921318,0.007894516922533512,0.00909240823239088,0.008973651565611362,0.1347285360097885,0.04665813967585564,0.04665813967585564,3.153205633163452,1.7197649478912354,0.753233790397644,0.5506797432899475,30.13594627380371,0.09002958238124847,0.09083260595798492,0.09248287230730057,0.827263593673706,1.2649328708648682,0.9403456449508667
121,train,0,1.0,1.0,6,Rguijiao_10_0,7,0.22499999403953552,5625.0,10.952113151550293,0.3997516632080078,0.3694732189178467,0.49544385075569153,-0.12597063183784485,0.45534417033195496,0.04009968414902687,0.01133262924849987,0.015397021546959877,0.013370032422244549,0.15592226386070251,0.05263232812285423,0.05263232812285423,3.128505229949951,1.9178863763809204,0.7351493835449219,0.5332548022270203,26.650957107543945,0.09996996819972992,0.12414070963859558,0.10369306802749634,0.750415563583374,1.3868589401245117,0.8853268027305603
122,train,0,1.0,1.0,6,Rguijiao_10_0,8,0.25,6250.0,13.521126747131348,0.3755049407482147,0.45109161734580994,0.6120442152023315,-0.1609525978565216,0.5543814897537231,0.057662732899188995,0.015122092328965664,0.023955008015036583,0.018585631623864174,0.17547550797462463,0.058453381061553955,0.058453381061553955,3.0852534770965576,2.0728201866149902,0.7118016481399536,0.5195333957672119,23.90667724609375,0.11021783947944641,0.14037464559078217,0.11485937237739563,0.6775050163269043,1.5077799558639526,0.8326795697212219
123,train,0,1.0,1.0,6,Rguijiao_10_0,9,0.2750000059604645,6875.0,16.360563278198242,0.5174230337142944,0.5370714664459229,0.7339745759963989,-0.1969030797481537,0.6560927033424377,0.07788188010454178,0.019123723730444908,0.03442702442407608,0.02433113195002079,0.19388872385025024,0.0642046183347702,0.0642046183347702,3.01760196685791,2.1775670051574707,0.6842560172080994,0.5085000395774841,21.700002670288086,0.12059850990772247,0.142494335770607,0.12575389444828033,0.6156344413757324,1.619687795639038,0.7832722067832947
124,train,0,1.0,1.0,6,Rguijiao_10_0,10,0.30000001192092896,7500.0,19.470422744750977,0.7263884544372559,0.6227806806564331,0.8551113605499268,-0.23233067989349365,0.7553484439849854,0.0997629389166832,0.02333969622850418,0.04607360064983368,0.030349640175700188,0.21155567467212677,0.06995109468698502,0.06995109468698502,2.9192209243774414,2.23264741897583,0.6542139053344727,0.49944519996643066,19.889041900634766,0.13103903830051422,0.13391710817813873,0.13630354404449463,0.5681122541427612,1.7142388820648193,0.7387415170669556
125,train,0,1.0,1.0,6,Rguijiao_10_0,11,0.32499998807907104,8125.0,22.850704193115234,0.856721043586731,0.7036119103431702,0.9692619442939758,-0.26565003395080566,0.8467617034912109,0.1225002333521843,0.02784644067287445,0.05813199654221535,0.036521799862384796,0.2287716269493103,0.07574163377285004,0.07574163377285004,2.788410186767578,2.244508981704712,0.6237949728965759,0.491877019405365,18.37540626525879,0.14156782627105713,0.11788374185562134,0.14657439291477203,0.5342350006103516,1.7878702878952026,0.7006720304489136
126,val,0,1.0,1.0,6,Rguijiao_10_0,12,0.3499999940395355,8750.0,26.501407623291016,0.7031731605529785,0.7769203186035156,1.0729438066482544,-0.29602351784706116,0.9272206425666809,0.1457231491804123,0.032713908702135086,0.07013560086488724,0.04287363588809967,0.24575474858283997,0.0816119909286499,0.0816119909286499,2.632747173309326,2.222825765609741,0.5949374437332153,0.4854499101638794,17.08997917175293,0.1522543728351593,0.09735377132892609,0.15670113265514374,0.5111255049705505,1.8418842554092407,0.6698621511459351
127,train,0,1.0,1.0,6,Rguijiao_10_0,13,0.375,9375.0,30.422534942626953,0.7567718625068665,0.8433986902236938,1.1672608852386475,-0.3238621950149536,0.9978404641151428,0.16942039132118225,0.03797249495983124,0.0819481760263443,0.04949972406029701,0.26266583800315857,0.0875878781080246,0.0875878781080246,2.468088388442993,2.1779401302337646,0.5689353942871094,0.4799163043498993,15.983262062072754,0.16310665011405945,0.07487145811319351,0.16677026450634003,0.49562233686447144,1.8800009489059448,0.6460772752761841
128,train,0,1.0,1.0,6,Rguijiao_10_0,14,0.4000000059604645,10000.0,34.61408615112305,0.926590085029602,0.9064803123474121,1.2570414543151855,-0.35056111216545105,1.0633069276809692,0.19373449683189392,0.04361758753657341,0.09362894296646118,0.056487955152988434,0.27962347865104675,0.09368739277124405,0.09368739277124405,2.3115365505218506,2.1191365718841553,0.546353816986084,0.475095272064209,15.019055366516113,0.17402635514736176,0.05235376954078674,0.17675964534282684,0.48518601059913635,1.9062628746032715,0.6283512711524963
129,val,0,1.0,1.0,6,Rguijiao_10_0,15,0.42500001192092896,10625.0,39.07605743408203,0.9616321325302124,0.9703981876373291,1.3481645584106445,-0.37776634097099304,1.1293331384658813,0.21883141994476318,0.04962849244475365,0.10530887544155121,0.06389404833316803,0.2967153787612915,0.09992299228906631,0.09992299228906631,2.1747348308563232,2.053776979446411,0.5272054672241211,0.4708518087863922,14.17035961151123,0.18484871089458466,0.031018780544400215,0.18656884133815765,0.47804588079452515,1.9240819215774536,0.615458607673645
130,train,0,1.0,1.0,6,Rguijiao_10_0,16,0.44999998807907104,11250.0,43.80845260620117,1.140575885772705,1.038609266281128,1.4454104900360107,-0.40680116415023804,1.2005536556243896,0.2448568344116211,0.055983901023864746,0.11712563782930374,0.0717472955584526,0.3140062093734741,0.10630287230014801,0.10630287230014801,2.062142848968506,1.9871020317077637,0.5111887454986572,0.46708327531814575,13.416654586791992,0.19540077447891235,0.01149882934987545,0.19607484340667725,0.4730476438999176,1.936031460762024,0.6062437295913696
131,val,0,1.0,1.0,6,Rguijiao_10_0,17,0.4749999940395355,11875.0,48.8112678527832,1.0781452655792236,1.1133044958114624,1.5518033504486084,-0.438498854637146,1.2798688411712646,0.27193453907966614,0.06266982108354568,0.12920083105564117,0.08006387948989868,0.3315436840057373,0.11283209919929504,0.11283209919929504,1.9730604887008667,1.9224698543548584,0.4978736639022827,0.46371036767959595,12.742074966430664,0.2055431753396988,-0.005978285800665617,0.205174520611763,0.46945828199386597,1.9439481496810913,0.5997567176818848
132,train,0,1.0,1.0,6,Rguijiao_10_0,18,0.5,12500.0,54.08450698852539,1.1654129028320312,1.1956030130386353,1.6688882112503052,-0.47328516840934753,1.3687208890914917,0.3001673221588135,0.06968002766370773,0.14163276553153992,0.08885453641414642,0.34936264157295227,0.11951344460248947,0.11951344460248947,1.904307246208191,1.8617722988128662,0.48681414127349854,0.4606708288192749,12.13416576385498,0.21518278121948242,-0.02142624370753765,0.2137996107339859,0.46681368350982666,1.9491077661514282,0.5952711701393127
133,train,0,1.0,1.0,7,Rguijiao_10_180,0,0.05000000074505806,1250.0,0.5408450961112976,0.07105152308940887,0.05203225463628769,0.040847115218639374,0.01118514034897089,0.004840746987611055,0.036006368696689606,0.024547457695007324,8.100790260812119e-09,0.01145890261977911,0.007022754289209843,2.3858719425174996e-23,0.007022754289209843,0.6734951734542847,2.8376049995422363,0.8735089302062988,0.9817633032798767,116.3526611328125,0.9944860339164734,0.14761100709438324,1.038525104522705,2.2212953567504883,0.6293917894363403,1.0369141101837158
134,train,0,1.0,1.0,7,Rguijiao_10_180,1,0.07500000298023224,1875.0,1.216901421546936,0.12306200712919235,0.0734599232673645,0.060336723923683167,0.013123203068971634,0.021715322509407997,0.03862140327692032,0.02938082627952099,1.0994400057029452e-08,0.00924056675285101,0.017378168180584908,4.8731210310536756e-23,0.017378168180584908,1.3427832126617432,2.270493507385254,0.8270353674888611,0.955812931060791,111.16258239746094,0.6977589726448059,-0.0319485180079937,0.6910712718963623,2.219254732131958,0.7530986666679382,0.6979779601097107
135,train,0,1.0,1.0,7,Rguijiao_10_180,2,0.10000000149011612,2500.0,2.1633803844451904,0.1277802288532257,0.12654545903205872,0.1071738749742508,0.019371584057807922,0.04786601662635803,0.05930785462260246,0.04637956991791725,1.7756377701516612e-08,0.012928265146911144,0.03457889333367348,7.788606732977061e-23,0.03457889333367348,1.6649048328399658,2.3496150970458984,0.795973002910614,0.9151419997215271,103.02839660644531,0.598256528377533,-0.02488316409289837,0.593790590763092,2.216181993484497,0.7994586229324341,0.6177587509155273
136,train,0,1.0,1.0,7,Rguijiao_10_180,3,0.125,3125.0,3.380281686782837,0.20696482062339783,0.19369301199913025,0.16767236590385437,0.026020638644695282,0.08073978126049042,0.08693258464336395,0.0688684731721878,2.6880467629553095e-08,0.01806408353149891,0.05865364149212837,1.6503732492402373e-22,0.05865364149212837,1.7973376512527466,2.4327449798583984,0.7759754657745361,0.8628255128860474,92.56509399414062,0.5463374853134155,-0.0027688280679285526,0.5458836555480957,2.212649345397949,0.834722638130188,0.580374002456665
137,train,0,1.0,1.0,7,Rguijiao_10_180,4,0.15000000596046448,3750.0,4.867605686187744,0.25759854912757874,0.2710837423801422,0.23924894630908966,0.03183480724692345,0.12065451592206955,0.11859443038702011,0.09473448991775513,3.794002978452227e-08,0.02385990507900715,0.08558405935764313,1.5256236692128003e-22,0.08558405935764313,1.8651905059814453,2.4752652645111084,0.7603046894073486,0.8097938895225525,81.95877838134766,0.5105367302894592,0.020085470750927925,0.5136130452156067,2.207885503768921,0.8722473978996277,0.5560798048973083
138,train,0,1.0,1.0,7,Rguijiao_10_180,5,0.17499999701976776,4375.0,6.625351905822754,0.36598169803619385,0.35584011673927307,0.32029566168785095,0.03554445505142212,0.16846731305122375,0.1518283486366272,0.12200698256492615,5.049685469771248e-08,0.02982131391763687,0.11135508865118027,2.0521264767528563e-22,0.11135508865118027,1.9133821725845337,2.4743897914886475,0.7456372976303101,0.7638893723487854,72.77787780761719,0.481879860162735,0.04088626056909561,0.4877905547618866,2.200472116470337,0.9160709381103516,0.5378459692001343
139,train,0,1.0,1.0,7,Rguijiao_10_180,6,0.20000000298023224,5000.0,8.653521537780762,0.4905824661254883,0.4450930953025818,0.4093555212020874,0.03573755919933319,0.22534681856632233,0.18400871753692627,0.14847655594348907,6.39708872540723e-08,0.03553209453821182,0.1347285360097885,2.5827889162917066e-22,0.1347285360097885,1.9595372676849365,2.4304044246673584,0.7303398251533508,0.7262254357337952,65.24508666992188,0.45751112699508667,0.05757215619087219,0.46541309356689453,2.187708616256714,0.9679440855979919,0.5235430002212524
140,train,0,1.0,1.0,7,Rguijiao_10_180,7,0.22499999403953552,5625.0,10.952113151550293,0.5705785155296326,0.5362712740898132,0.5052207708358765,0.031050514429807663,0.2925601601600647,0.21266064047813416,0.17194335162639618,7.771528487410251e-08,0.040717218071222305,0.15592226386070251,3.0440155665175137e-22,0.15592226386070251,2.010075330734253,2.345754861831665,0.7137043476104736,0.6954247355461121,59.08494186401367,0.4370282292366028,0.0683702677488327,0.4459921419620514,2.164309024810791,1.0279767513275146,0.5125213265419006
141,train,0,1.0,1.0,7,Rguijiao_10_180,8,0.25,6250.0,13.521126747131348,0.6228553056716919,0.6274056434631348,0.6069687604904175,0.02043689787387848,0.3711473345756531,0.23582139611244202,0.19049608707427979,9.121139754597607e-08,0.045325227081775665,0.17547550797462463,2.2171936016864357e-23,0.17547550797462463,2.0655155181884766,2.227339506149292,0.6957011222839355,0.6699312329292297,53.986244201660156,0.4210781455039978,0.0724637433886528,0.4302320182323456,2.12043833732605,1.0945289134979248,0.5045213103294373
142,train,0,1.0,1.0,7,Rguijiao_10_180,9,0.2750000059604645,6875.0,16.360563278198242,0.7124390006065369,0.7169294953346252,0.7135644555091858,0.0033650649711489677,0.461620032787323,0.2519444227218628,0.20241662859916687,1.0425556240534206e-07,0.04952770471572876,0.19388872385025024,7.562424534232092e-23,0.19388872385025024,2.1231536865234375,2.087103843688965,0.6767956018447876,0.6485117077827454,49.702335357666016,0.4103529751300812,0.07043440639972687,0.41902387142181396,2.0403594970703125,1.1645642518997192,0.4992392063140869
143,train,0,1.0,1.0,7,Rguijiao_10_180,10,0.30000001192092896,7500.0,19.470422744750977,0.8545188307762146,0.8033521175384521,0.8234404921531677,-0.020088402554392815,0.5638558268547058,0.2595846652984619,0.20596198737621307,1.1698783453084616e-07,0.053622569888830185,0.21155567467212677,1.0924908170679377e-22,0.21155567467212677,2.1791529655456543,1.9397004842758179,0.6576706767082214,0.6302563548088074,46.05126953125,0.4049067795276642,0.06390900909900665,0.41266992688179016,1.9059689044952393,1.234588384628296,0.4962223470211029
144,val,0,1.0,1.0,7,Rguijiao_10_180,11,0.32499998807907104,8125.0,22.850704193115234,0.8390063047409058,0.8859714269638062,0.9352455139160156,-0.049274105578660965,0.6772441267967224,0.2580014169216156,0.20008940994739532,1.2974970786672202e-07,0.057911865413188934,0.2287716269493103,1.0258254441451584e-22,0.2287716269493103,2.2301838397979736,1.798380732536316,0.6389577984809875,0.6144993305206299,42.899864196777344,0.4040272533893585,0.05469336360692978,0.41065654158592224,1.7100380659103394,1.3015989065170288,0.4949361979961395
145,train,0,1.0,1.0,7,Rguijiao_10_180,12,0.3499999940395355,8750.0,26.501407623291016,0.9622376561164856,0.9665495157241821,1.0498474836349487,-0.0832979753613472,0.8009678721427917,0.2488795965909958,0.18625599145889282,1.4289722116700432e-07,0.06262345612049103,0.24575474858283997,5.467691490661632e-23,0.24575474858283997,2.2742655277252197,1.6718710660934448,0.6211063265800476,0.60074782371521,40.14957046508789,0.406545490026474,0.04410146549344063,0.41192427277565,1.4718470573425293,1.3635516166687012,0.49486812949180603
146,train,0,1.0,1.0,7,Rguijiao_10_180,13,0.375,9375.0,30.422534942626953,0.9720920324325562,1.0494675636291504,1.1709990501403809,-0.12153153866529465,0.934249758720398,0.23674935102462769,0.16885830461978912,1.5668690878101188e-07,0.06789088994264603,0.26266583800315857,7.47635223640779e-23,0.26266583800315857,2.3108012676239014,1.5638179779052734,0.6043851971626282,0.588631272315979,37.72625732421875,0.41123369336128235,0.03283000737428665,0.4152839183807373,1.2326431274414062,1.4193682670593262,0.49559441208839417
147,train,0,1.0,1.0,7,Rguijiao_10_180,14,0.4000000059604645,10000.0,34.61408615112305,1.132528305053711,1.1392543315887451,1.3030219078063965,-0.16376760601997375,1.0764832496643066,0.22653865814208984,0.1527678668498993,1.7125678652973875e-07,0.07377063482999802,0.27962347865104675,9.780122691353507e-23,0.27962347865104675,2.3401806354522705,1.4741342067718506,0.5889317393302917,0.5778660178184509,35.57320785522461,0.41706329584121704,0.0211758092045784,0.4197128117084503,1.0288013219833374,1.4687354564666748,0.49680155515670776
148,train,0,1.0,1.0,7,Rguijiao_10_180,15,0.42500001192092896,10625.0,39.07605743408203,1.1095962524414062,1.2383737564086914,1.4483022689819336,-0.20992854237556458,1.2272546291351318,0.22104761004447937,0.14077700674533844,1.8665980405785376e-07,0.08027040213346481,0.2967153787612915,2.1048702217469125e-22,0.2967153787612915,2.3633005619049072,1.4007666110992432,0.5747958421707153,0.5682315826416016,33.64631271362305,0.4232943654060364,0.00928444042801857,0.424473375082016,0.8738691210746765,1.511865258216858,0.49827608466148376
149,train,0,1.0,1.0,7,Rguijiao_10_180,16,0.44999998807907104,11250.0,43.80845260620117,1.2849382162094116,1.3472726345062256,1.6070995330810547,-0.2598268389701843,1.3863112926483154,0.22078822553157806,0.13341376185417175,2.029049142038275e-07,0.0873742550611496,0.3140062093734741,3.8367051608103614e-23,0.3140062093734741,2.381211280822754,1.34101402759552,0.5619679689407349,0.5595534443855286,31.910694122314453,0.42945554852485657,-0.002712215529754758,0.42910611629486084,0.7632843852043152,1.5492732524871826,0.4998839497566223
150,train,0,1.0,1.0,7,Rguijiao_10_180,17,0.4749999940395355,11875.0,48.8112678527832,1.3797824382781982,1.4654598236083984,1.7786297798156738,-0.3131698966026306,1.5535144805908203,0.22511525452136993,0.13005627691745758,2.1998693000568892e-07,0.09505875408649445,0.3315436840057373,5.124632796158822e-22,0.3315436840057373,2.3949155807495117,1.2922542095184326,0.5503970384597778,0.5516924262046814,30.33848762512207,0.43528127670288086,-0.014659857377409935,0.43336692452430725,0.6861975193023682,1.5816117525100708,0.5015450119972229
151,val,0,1.0,1.0,7,Rguijiao_10_180,18,0.5,12500.0,54.08450698852539,1.528909683227539,1.5922709703445435,1.9619221687316895,-0.3696511685848236,1.7287952899932861,0.2331269234418869,0.12982575595378876,2.3789982606103877e-07,0.10330092906951904,0.34936264157295227,7.7245628395056395e-22,0.34936264157295227,2.405280351638794,1.2522296905517578,0.5400044322013855,0.544535219669342,28.90704917907715,0.44064536690711975,-0.026399768888950348,0.43715548515319824,0.6324259042739868,1.6095588207244873,0.5032143592834473
152,train,1,3.0,3.0,12,synthetic_0000,0,0.31939631700515747,7984.90771484375,4.827890396118164,1.9296501874923706,1.8502659797668457,1.4779036045074463,0.3723624348640442,0.7940776944160461,0.6838259100914001,0.5266969799995422,1.5838945444102137e-07,0.15712875127792358,0.7764458656311035,3.489370537278666e-21,0.7764458656311035,2.7074804306030273,1.3580316305160522,0.7738993167877197,0.8110246062278748,82.20491790771484,0.7009173035621643,-0.6194843649864197,0.570655107498169,2.2207322120666504,0.6471998691558838,0.6625077724456787
153,train,1,3.0,3.0,13,synthetic_0001,1,0.43977925181388855,10994.4814453125,266.1661682128906,1.8583924770355225,1.7704124450683594,2.490408420562744,-0.71999591588974,1.6248505115509033,0.8655580282211304,0.0314502939581871,0.3937613070011139,0.4403464198112488,0.7258675694465637,0.10194704681634903,0.10194704681634903,2.9221739768981934,2.1217973232269287,0.48311495780944824,0.5617115497589111,32.34230422973633,0.32897111773490906,0.03883647173643112,0.3328039348125458,0.4921523928642273,1.9892964363098145,1.0747597217559814
154,train,1,3.0,3.0,14,synthetic_0002,2,0.4864594340324402,12161.4853515625,31.33639144897461,1.882183313369751,1.822278618812561,2.51271390914917,-0.6904352903366089,2.1504101753234863,0.36230361461639404,0.010711824521422386,0.12966686487197876,0.22192493081092834,0.5892670750617981,0.14530391991138458,0.14530391991138458,3.160750389099121,1.896510362625122,0.5728880763053894,0.5480977892875671,29.61956024169922,0.21055246889591217,0.048863839358091354,0.21363897621631622,0.4775305688381195,1.5737618207931519,1.5430707931518555
155,train,1,3.0,3.0,15,synthetic_0003,3,0.1325320303440094,3313.30078125,19.03525733947754,0.2495458871126175,0.2249632477760315,0.297109991312027,-0.07214673608541489,0.14972960948944092,0.14738038182258606,0.006201616022735834,0.055848151445388794,0.08533061295747757,0.10876335948705673,0.02761797234416008,0.02761797234416008,2.9650235176086426,2.5964465141296387,0.7120808362960815,0.5917947292327881,38.358951568603516,0.3457939624786377,0.1568726748228073,0.3620676100254059,0.8026585578918457,1.5832428932189941,1.7225539684295654
156,train,1,3.0,3.0,16,synthetic_0004,4,0.18105311691761017,4526.32763671875,9.444295883178711,0.3161894381046295,0.293385773897171,0.36324426531791687,-0.06985849142074585,0.2936529815196991,0.06959127634763718,0.002267301082611084,0.027681609615683556,0.03964236378669739,0.10354305058717728,0.036656640470027924,0.036656640470027924,3.1159074306488037,2.40641450881958,0.7687333226203918,0.7027266025543213,60.545318603515625,0.2011977732181549,0.15546493232250214,0.21058152616024017,0.5834090113639832,1.4451789855957031,1.5909829139709473
157,train,1,3.0,3.0,17,synthetic_0005,5,0.21486282348632812,5371.57080078125,68.13875579833984,0.3218056857585907,0.31199586391448975,0.42721518874168396,-0.11521931737661362,0.3575526475906372,0.06966254115104675,0.0028527264948934317,0.04141184315085411,0.025397974997758865,0.08663242310285568,0.02001045271754265,0.02001045271754265,2.6938884258270264,2.144237518310547,0.5927901864051819,0.5230057835578918,24.601152420043945,0.24303346872329712,0.0008793796878308058,0.24309758841991425,0.5066998600959778,1.9353352785110474,0.7036095857620239
158,train,1,3.0,3.0,18,synthetic_0006,6,0.281405508518219,7035.13720703125,7.56178617477417,1.2167948484420776,1.0702664852142334,0.8376379013061523,0.23262864351272583,0.7359983325004578,0.10163959860801697,0.0058798459358513355,0.014289137907326221,0.08147061616182327,0.37497296929359436,0.19686828553676605,0.19686828553676605,3.232762098312378,1.455773115158081,0.7469044923782349,0.7759909629821777,75.19819641113281,0.10978043079376221,-0.09228868037462234,0.10674098134040833,1.0212041139602661,0.5182384252548218,2.2069356441497803
159,train,1,3.0,3.0,19,synthetic_0007,7,0.1267358511686325,3168.396484375,35.174095153808594,0.12597081065177917,0.12426935881376266,0.14632292091846466,-0.022053562104701996,0.10065605491399765,0.04566686972975731,0.03473950922489166,2.636423523938447e-08,0.010927333496510983,0.027840513736009598,3.740899266048718e-23,0.027840513736009598,2.179731607437134,2.511270761489868,0.6204100847244263,0.576564610004425,35.31292724609375,0.34931251406669617,0.08340156823396683,0.35805249214172363,1.603589415550232,1.4711843729019165,0.5044099688529968
160,train,1,3.0,3.0,20,synthetic_0008,8,0.41377881169319153,10344.4697265625,8.165862083435059,3.0621743202209473,3.022078514099121,2.4401817321777344,0.5818968415260315,1.4190670251846313,1.0211148262023926,0.7973856925964355,2.4307573198711907e-07,0.22372888028621674,1.1756547689437866,1.5397923683770387e-22,1.1756547689437866,2.8828930854797363,1.2067574262619019,0.7418001890182495,0.7341731190681458,66.83463287353516,0.7036668658256531,-0.5831373929977417,0.5805665254592896,2.215841770172119,0.6829457879066467,0.6217163801193237
161,train,1,3.0,3.0,21,synthetic_0009,9,0.24806861579418182,6201.71533203125,108.45155334472656,0.38449859619140625,0.3857681155204773,0.489073783159256,-0.10330566763877869,0.4099307656288147,0.07914301007986069,0.04866388067603111,7.42551620191989e-08,0.030479056760668755,0.06267372518777847,1.5330850564422917e-21,0.06267372518777847,2.3170158863067627,1.8281172513961792,0.5589475631713867,0.5029579401016235,20.591585159301758,0.3604665696620941,-0.013858367688953876,0.35896793007850647,0.8033636808395386,1.6448347568511963,0.5031609535217285
162,train,1,3.0,3.0,22,synthetic_0010,10,0.4591941833496094,11479.8544921875,68.86920928955078,2.210259199142456,2.053084373474121,2.8948898315429688,-0.8418053984642029,1.8998353481292725,0.9950544834136963,0.02864912338554859,0.3452858328819275,0.6211195588111877,0.7913719415664673,0.18198835849761963,0.18198835849761963,3.133901834487915,1.9004225730895996,0.4850539565086365,0.5233942866325378,24.678852081298828,0.30084705352783203,0.10368708521127701,0.31020525097846985,0.4925564229488373,1.9088659286499023,1.6655662059783936
163,train,1,3.0,3.0,23,synthetic_0011,11,0.28403061628341675,7100.76513671875,12.959049224853516,0.759762167930603,0.741991400718689,0.9198392629623413,-0.17784787714481354,0.7410629391670227,0.178776353597641,0.005355263594537973,0.05935626104474068,0.11406482011079788,0.27270570397377014,0.07708706706762314,0.07708706706762314,3.1951181888580322,2.544158935546875,0.7221731543540955,0.640916109085083,48.183223724365234,0.19587667286396027,0.17650102078914642,0.20624838769435883,0.5407325029373169,1.2944012880325317,1.7963683605194092
164,train,1,3.0,3.0,24,synthetic_0012,12,0.3988097608089447,9970.244140625,193.67137145996094,0.9059556722640991,0.9367367029190063,1.2259023189544678,-0.2891656458377838,1.0801336765289307,0.14576858282089233,0.0774305984377861,1.6109474643144495e-07,0.0683378204703331,0.12860916554927826,2.2565403099915633e-20,0.12860916554927826,2.3621532917022705,1.4856302738189697,0.5205303430557251,0.47626402974128723,15.252806663513184,0.38955652713775635,-0.07940497249364853,0.38027670979499817,0.5744858384132385,1.7221195697784424,0.5070232152938843
165,train,1,3.0,3.0,25,synthetic_0013,13,0.46484339237213135,11621.0849609375,12.9608793258667,2.1210227012634277,2.301497459411621,2.068598747253418,0.23289862275123596,1.4772260189056396,0.5913727283477783,0.4740654230117798,1.922142303101282e-07,0.11730711907148361,0.6185199022293091,1.6847047282709454e-22,0.6185199022293091,2.3779118061065674,1.2950615882873535,0.7172825336456299,0.674895703792572,54.9791374206543,0.5341178178787231,-0.08555572479963303,0.5204087495803833,2.170194625854492,0.9200617671012878,0.5370129346847534
166,train,1,3.0,3.0,26,synthetic_0014,14,0.19639864563941956,4909.96630859375,44.803951263427734,0.4347597360610962,0.4324028491973877,0.5975773334503174,-0.1651744842529297,0.33428847789764404,0.26328885555267334,0.009530306793749332,0.11042158305644989,0.14333698153495789,0.15982189774513245,0.040087632834911346,0.040087632834911346,3.014439821243286,2.7143468856811523,0.5940388441085815,0.5246534943580627,24.93070411682129,0.30350881814956665,0.1624610871076584,0.31830134987831116,0.6111710667610168,1.8592472076416016,1.4336931705474854
167,train,1,3.0,3.0,27,synthetic_0015,15,0.21053899824619293,5263.47509765625,37.403072357177734,0.5328525304794312,0.552777111530304,0.5826144218444824,-0.029837287962436676,0.32406845688819885,0.25854599475860596,0.20597995817661285,1.20149380222756e-07,0.05256592854857445,0.1489114612340927,2.007589661963485e-22,0.1489114612340927,2.54292631149292,1.6933411359786987,0.6325482130050659,0.5716564059257507,34.331275939941406,0.48540204763412476,-0.09235523641109467,0.47195324301719666,1.9381848573684692,1.3404771089553833,0.4946232736110687
168,train,1,3.0,3.0,28,synthetic_0016,16,0.41098862886428833,10274.7158203125,45.10024642944336,1.2415413856506348,1.2307709455490112,1.6967971324920654,-0.4660262167453766,1.4557963609695435,0.24100077152252197,0.008198053576052189,0.11101918667554855,0.1217835396528244,0.3487221896648407,0.08751271665096283,0.08751271665096283,2.9978034496307373,1.9174504280090332,0.5651084184646606,0.5242657661437988,24.853153228759766,0.22458752989768982,0.027250394225120544,0.22642356157302856,0.4778284728527069,1.7859513759613037,1.1071128845214844
169,train,1,3.0,3.0,29,synthetic_0017,17,0.13942205905914307,3485.551513671875,0.7891212105751038,0.31864839792251587,0.33858606219291687,0.26592308282852173,0.07266297936439514,0.10223983973264694,0.16368325054645538,0.11376489698886871,3.413897786685993e-08,0.049918320029973984,0.11316884309053421,9.080680116372384e-22,0.11316884309053421,1.8294447660446167,1.3381401300430298,0.8593233227729797,0.9726255536079407,114.52510833740234,0.8208420872688293,-0.671376645565033,0.6555137634277344,2.224030017852783,0.5824887156486511,0.9758707880973816
170,train,1,3.0,3.0,30,synthetic_0018,18,0.378053218126297,9451.3310546875,12.003012657165527,2.356846332550049,2.3149783611297607,1.9367002248764038,0.37827810645103455,1.1486263275146484,0.7880738973617554,0.6329581141471863,2.257227720292576e-07,0.1551155298948288,0.8466885685920715,1.6823515751233328e-21,0.8466885685920715,2.795342445373535,1.1880152225494385,0.7140541076660156,0.6841011643409729,56.820228576660156,0.6513563394546509,-0.44208818674087524,0.5649692416191101,2.1993837356567383,0.823818564414978,0.5389907360076904
171,train,1,3.0,3.0,31,synthetic_0019,0,0.10214107483625412,2553.52685546875,20.32386016845703,0.14585594832897186,0.1367804855108261,0.18173626065254211,-0.044955771416425705,0.08382337540388107,0.09791289269924164,0.004544182680547237,0.04200739786028862,0.051361314952373505,0.06306549906730652,0.015869762748479843,0.015869762748479843,2.7946434020996094,2.7413880825042725,0.7163030505180359,0.5850543975830078,37.01087951660156,0.3938577473163605,0.13381923735141754,0.4096694886684418,0.8288720846176147,1.6684099435806274,1.4612007141113281
172,train,1,3.0,3.0,32,synthetic_0020,1,0.07860125601291656,1965.031494140625,1.1720293760299683,0.05651896446943283,0.05774909257888794,0.0541120283305645,0.0036370623856782913,0.05153452232480049,0.002577506937086582,0.00012577968300320208,0.0008008601726032794,0.0016508670523762703,0.001134017831645906,0.013660281896591187,0.013660281896591187,2.9013586044311523,1.5162010192871094,0.807488739490509,0.9257025718688965,105.14051055908203,0.09359252452850342,-0.10779672116041183,0.09056583046913147,0.6337195038795471,0.7793793082237244,1.2973008155822754
173,train,1,3.0,3.0,33,synthetic_0021,2,0.33690086007118225,8422.521484375,76.22600555419922,0.7565515041351318,0.716305136680603,0.897193968296051,-0.180888831615448,0.7668455243110657,0.13034842908382416,0.0776403397321701,1.2645537594835332e-07,0.052707962691783905,0.13494674861431122,9.818136068218808e-22,0.13494674861431122,2.3499889373779297,1.6126863956451416,0.5543634295463562,0.5225882530212402,24.51764678955078,0.38512706756591797,-0.02028045989573002,0.3827838897705078,0.7387344837188721,1.627814531326294,0.5015071630477905
174,train,1,3.0,3.0,34,synthetic_0022,3,0.37096014618873596,9274.00390625,49.5421142578125,0.9914396405220032,0.9839532375335693,1.354601263999939,-0.37064802646636963,1.1585537195205688,0.1960475593805313,0.006994593422859907,0.0974065363407135,0.09164643287658691,0.2703371047973633,0.06836585700511932,0.06836585700511932,2.9283554553985596,1.9630624055862427,0.5694937705993652,0.518890380859375,23.778076171875,0.22855228185653687,0.02193833515048027,0.2300565093755722,0.4810674488544464,1.8347829580307007,0.9831076860427856
175,train,1,3.0,3.0,35,synthetic_0023,4,0.27220800518989563,6805.20068359375,18.2852725982666,1.094096302986145,1.1038576364517212,1.0021733045578003,0.10168434679508209,0.5533203482627869,0.4488529562950134,0.3642313480377197,1.628640973194706e-07,0.08462147414684296,0.3595525920391083,1.3291665066830285e-22,0.3595525920391083,2.597388982772827,1.4400322437286377,0.6842492818832397,0.6367055773735046,47.34111404418945,0.5677992105484009,-0.22280831634998322,0.5298460721969604,2.147495746612549,1.052512526512146,0.4989253282546997
176,train,1,3.0,3.0,36,synthetic_0024,5,0.09855113923549652,2463.778564453125,4.2258734703063965,0.08139587938785553,0.07931298017501831,0.09841276705265045,-0.019099785014986992,0.08230152726173401,0.016111241653561592,0.0006028525531291962,0.007039839867502451,0.008468548767268658,0.003133670426905155,0.015435488894581795,0.015435488894581795,2.9474520683288574,2.019432306289673,0.8172132968902588,0.94815593957901,109.63118743896484,0.20069101452827454,0.03903414309024811,0.20304115116596222,0.64705491065979,1.4421133995056152,1.417689323425293
177,train,1,3.0,3.0,37,synthetic_0025,6,0.2788568139076233,6971.42041015625,13.95384693145752,1.1812527179718018,0.9824697971343994,0.9028772711753845,0.07959252595901489,0.7231489419937134,0.17972832918167114,0.007538855541497469,0.03392510488629341,0.13826437294483185,0.5218186378479004,0.1431504189968109,0.1431504189968109,3.2346506118774414,1.7338204383850098,0.6927462816238403,0.6298851370811462,45.977027893066406,0.1491815447807312,0.14616134762763977,0.15572291612625122,0.7674020528793335,0.7775111198425293,2.195178508758545
178,train,1,3.0,3.0,38,synthetic_0026,7,0.38999801874160767,9749.9501953125,140.9248504638672,1.0197232961654663,0.9898848533630371,1.3778693675994873,-0.3879845440387726,1.1763309240341187,0.20153844356536865,0.008266939781606197,0.11234667897224426,0.08092483133077621,0.28541886806488037,0.04986286163330078,0.04986286163330078,2.6900901794433594,1.8432565927505493,0.5242762565612793,0.546271800994873,29.25436019897461,0.26680922508239746,-0.04017552733421326,0.263593465089798,0.4781522750854492,1.9331409931182861,0.7300376296043396
179,train,1,3.0,3.0,39,synthetic_0027,8,0.12254957854747772,3063.739501953125,28.895038604736328,0.12157099694013596,0.10887722671031952,0.14561015367507935,-0.036732930690050125,0.11729151755571365,0.028318632394075394,0.0011728142853826284,0.017259031534194946,0.009886786341667175,0.03890944644808769,0.009590823203325272,0.009590823203325272,2.716470956802368,2.379430055618286,0.6847623586654663,0.5541852712631226,30.837053298950195,0.2442069947719574,0.048963408917188644,0.24779413640499115,0.5661197900772095,1.8975696563720703,0.744348406791687
180,train,1,3.0,3.0,40,synthetic_0028,9,0.4421572685241699,11053.931640625,16.93781852722168,1.8114657402038574,1.898137092590332,1.791663408279419,0.1064736545085907,1.3100227117538452,0.4816407561302185,0.3853229880332947,1.854531888056954e-07,0.0963175818324089,0.4927573502063751,1.8818018147670324e-22,0.4927573502063751,2.3307056427001953,1.3570666313171387,0.6755634546279907,0.6447774767875671,48.95549392700195,0.47988519072532654,-0.021728023886680603,0.47675713896751404,2.0308682918548584,1.0851413011550903,0.5076476335525513
181,train,1,3.0,3.0,41,synthetic_0029,10,0.2927040159702301,7317.60009765625,103.56944274902344,0.7837321162223816,0.7764246463775635,0.9369783997535706,-0.1605537235736847,0.6484913229942322,0.2884870767593384,0.20011912286281586,2.1058157528841548e-07,0.088367760181427,0.17796087265014648,3.71789897243883e-21,0.17796087265014648,2.6327457427978516,1.5122288465499878,0.5643751621246338,0.5053662061691284,21.0732364654541,0.4639586806297302,-0.08733407407999039,0.4518028497695923,1.1395764350891113,1.5935606956481934,0.5032092928886414
182,train,1,3.0,3.0,42,synthetic_0030,11,0.09952336549758911,2488.084228515625,0.5909401178359985,0.1514594703912735,0.12240815162658691,0.09449009597301483,0.027918053790926933,0.04072810336947441,0.05376199632883072,0.004358502570539713,0.0073996116407215595,0.04200388118624687,0.0033862008713185787,0.04735046997666359,0.04735046997666359,1.4302310943603516,3.0153346061706543,0.7757574915885925,0.9143104553222656,102.86209106445312,0.21143274009227753,0.2914673089981079,0.22992046177387238,1.3564717769622803,0.46301862597465515,2.0389420986175537
183,train,1,3.0,3.0,43,synthetic_0031,12,0.4373287558555603,10933.21875,83.36947631835938,1.2532860040664673,1.1735243797302246,1.4915119409561157,-0.3179875314235687,1.3110852241516113,0.18042674660682678,0.09888354688882828,1.9144866314491082e-07,0.08154300600290298,0.21838317811489105,2.164475188593768e-21,0.21838317811489105,2.3843882083892822,1.3919317722320557,0.5331902503967285,0.5173342823982239,23.466854095458984,0.41094788908958435,-0.04576766490936279,0.4053054749965668,0.6109650731086731,1.663886547088623,0.5038241744041443
184,train,1,3.0,3.0,44,synthetic_0032,13,0.14994850754737854,3748.712890625,6.874508857727051,0.3294670581817627,0.270621657371521,0.25974738597869873,0.010874275118112564,0.2021382749080658,0.05760911479592323,0.003049194347113371,0.01193960476666689,0.04262031614780426,0.07582564651966095,0.058391980826854706,0.058391980826854706,3.1269888877868652,1.5933208465576172,0.8032923340797424,0.8283227682113647,85.66455841064453,0.18587151169776917,-0.07686196267604828,0.18158559501171112,1.0017352104187012,0.7615987062454224,2.183868646621704
185,train,1,3.0,3.0,45,synthetic_0033,14,0.1954413205385208,4886.033203125,24.335302352905273,0.5199732780456543,0.5386880040168762,0.5275901556015015,0.011097826063632965,0.27301618456840515,0.2545739710330963,0.2059369683265686,1.0460345123419756e-07,0.04863688722252846,0.1601741462945938,3.623069005902028e-23,0.1601741462945938,2.486095428466797,1.7266682386398315,0.6628131866455078,0.6085634231567383,41.71268844604492,0.5140303373336792,-0.11544711887836456,0.49622735381126404,2.0974457263946533,1.2055147886276245,0.4953613877296448
186,train,1,3.0,3.0,46,synthetic_0034,15,0.48730194568634033,12182.548828125,32.12616729736328,1.8785157203674316,1.8218889236450195,2.514071226119995,-0.6921823620796204,2.154193162918091,0.35987797379493713,0.010700920596718788,0.1302289217710495,0.2189481258392334,0.5840396285057068,0.14407537877559662,0.14407537877559662,3.1553714275360107,1.8843165636062622,0.5703734159469604,0.5462936162948608,29.258718490600586,0.21138648688793182,0.046333227306604385,0.21432475745677948,0.4769417643547058,1.5872102975845337,1.5220448970794678
187,train,1,3.0,3.0,47,synthetic_0035,16,0.1853952407836914,4634.880859375,31.511869430541992,0.27304786443710327,0.253554105758667,0.3396158814430237,-0.0860617607831955,0.280253529548645,0.05936235189437866,0.002266146009787917,0.034026287496089935,0.023069916293025017,0.08535207808017731,0.021048203110694885,0.021048203110694885,2.836064338684082,2.3052375316619873,0.661750316619873,0.5476905107498169,29.538101196289062,0.2266421616077423,0.06248575448989868,0.23089075088500977,0.529462456703186,1.873741865158081,0.840688943862915
188,train,1,3.0,3.0,48,synthetic_0036,17,0.27620556950569153,6905.13916015625,173.98074340820312,0.44149747490882874,0.46055030822753906,0.5950629115104675,-0.13451260328292847,0.5106364488601685,0.08442647755146027,0.048584796488285065,8.667285555929993e-08,0.035841599106788635,0.0642484575510025,7.846638521852288e-21,0.0642484575510025,2.3281397819519043,1.725292444229126,0.542567253112793,0.480722039937973,16.144407272338867,0.3638557493686676,-0.041003067046403885,0.35938000679016113,0.6847430467605591,1.688565969467163,0.5051433444023132
189,train,1,3.0,3.0,49,synthetic_0037,18,0.15780285000801086,3945.0712890625,20.371952056884766,0.3566870093345642,0.37016311287879944,0.3569491505622864,0.013213968835771084,0.17157818377017975,0.18537095189094543,0.15031245350837708,7.447526684245531e-08,0.03505842015147209,0.11440745741128922,9.545683958830134e-23,0.11440745741128922,2.3965940475463867,1.8670779466629028,0.6739410758018494,0.625702977180481,45.14059829711914,0.5188287496566772,-0.0941821038722992,0.5041694641113281,2.1374945640563965,1.178586483001709,0.49854275584220886
190,train,1,3.0,3.0,50,synthetic_0038,0,0.1589248776435852,3973.121826171875,8.451969146728516,0.4489608705043793,0.43142199516296387,0.36936402320861816,0.06205796077847481,0.1660318374633789,0.20333218574523926,0.16460315883159637,6.686824605139918e-08,0.038728974759578705,0.17149753868579865,3.295786645979424e-22,0.17149753868579865,2.286492347717285,1.7224458456039429,0.7300383448600769,0.7294378280639648,65.88756561279297,0.6134344339370728,-0.2273508459329605,0.5715950131416321,2.2064757347106934,0.9208661317825317,0.5191548466682434
191,train,1,3.0,3.0,51,synthetic_0039,1,0.3776973485946655,9442.43359375,15.053218841552734,2.1356945037841797,1.853872299194336,1.59342622756958,0.26044610142707825,1.333457350730896,0.25996893644332886,0.010956626385450363,0.037794847041368484,0.21121744811534882,0.9447265267372131,0.2526983618736267,0.2526983618736267,3.251272439956665,1.630478024482727,0.6321282386779785,0.619475245475769,43.89504623413086,0.1344851702451706,0.08137305825948715,0.1377682089805603,0.7307380437850952,0.6219483613967896,2.1971347332000732
192,train,1,3.0,3.0,52,synthetic_0040,2,0.29109859466552734,7277.46533203125,15.472868919372559,1.3096569776535034,1.3044062852859497,1.146608829498291,0.1577974259853363,0.6386030912399292,0.5080057978630066,0.4122408330440521,1.7214613023952552e-07,0.09576480835676193,0.44645801186561584,1.8542678870477413e-23,0.44645801186561584,2.621277093887329,1.3752347230911255,0.6979408264160156,0.6546227931976318,50.924556732177734,0.5917431712150574,-0.27771398425102234,0.5424425601959229,2.1737968921661377,0.9754564166069031,0.50497967004776
193,train,1,3.0,3.0,53,synthetic_0041,3,0.13393333554267883,3348.333251953125,1.3849103450775146,0.26360249519348145,0.2280469834804535,0.17704321444034576,0.05100376904010773,0.15239480137825012,0.02464841492474079,0.0018586131045594811,0.003488981630653143,0.01930082030594349,0.006771755870431662,0.07718519121408463,0.07718519121408463,2.9549825191497803,1.5392975807189941,0.8351966738700867,0.9292618632316589,105.85237121582031,0.1132846474647522,-0.2017860859632492,0.10642686486244202,1.3516818284988403,0.47384631633758545,2.1892900466918945
194,train,1,3.0,3.0,54,synthetic_0042,4,0.05746452137827873,1436.613037109375,0.7187166810035706,0.053847186267375946,0.053997952491045,0.042790912091732025,0.011207039467990398,0.011262218467891216,0.031528692692518234,0.02360355667769909,8.838655141119034e-09,0.007925127632915974,0.019032662734389305,6.146999810986619e-23,0.019032662734389305,1.1862781047821045,1.2838129997253418,0.8563366532325745,0.9752650260925293,115.0530014038086,0.9449645280838013,-0.3883064389228821,0.8348838686943054,2.22294545173645,0.7290449142456055,0.7463758587837219
195,train,1,3.0,3.0,55,synthetic_0043,5,0.12846489250659943,3211.622314453125,16.842809677124023,0.15310516953468323,0.15415114164352417,0.16540594398975372,-0.011254807934165001,0.09874571114778519,0.06666023284196854,0.0530923493206501,3.03709057902779e-08,0.013567850925028324,0.04171134531497955,6.469579297736657e-22,0.04171134531497955,2.081188917160034,2.7517192363739014,0.6624663472175598,0.6453798413276672,49.075965881347656,0.37907689809799194,0.11355727910995483,0.39199098944664,1.9883447885513306,1.2877006530761719,0.5081252455711365
196,train,1,3.0,3.0,56,synthetic_0044,6,0.11188442260026932,2797.110595703125,6.475625038146973,0.23165810108184814,0.22336530685424805,0.19112242758274078,0.03224287927150726,0.07699032127857208,0.1141321063041687,0.09211882203817368,3.823155836357728e-08,0.02201324701309204,0.09149529039859772,1.6890256665476391e-22,0.09149529039859772,2.139237642288208,1.8572118282318115,0.734684944152832,0.7672281265258789,73.44562530517578,0.6306815147399902,-0.1728934645652771,0.5979692935943604,2.2087550163269043,0.9357962012290955,0.527816891670227
197,train,1,3.0,3.0,57,synthetic_0045,7,0.4448027014732361,11120.0673828125,326.0817565917969,1.4193170070648193,1.4628764390945435,1.9109596014022827,-0.44808313250541687,1.4957395792007446,0.4152200222015381,0.22615280747413635,4.3314395270499517e-07,0.18906676769256592,0.2652638554573059,2.6795357890797757e-19,0.2652638554573059,2.629561185836792,1.3586540222167969,0.5061899423599243,0.4573419690132141,11.468393325805664,0.46838557720184326,-0.12044049054384232,0.4514617919921875,0.6211780309677124,1.7627638578414917,0.5193130970001221
198,train,1,3.0,3.0,58,synthetic_0046,8,0.29984036087989807,7496.00927734375,14.598140716552734,0.860627293586731,0.883237361907959,0.8480837941169739,0.03515355661511421,0.5466940999031067,0.3013896942138672,0.24329817295074463,1.1643448516451826e-07,0.0580914169549942,0.24352537095546722,3.771556609636141e-23,0.24352537095546722,2.115077495574951,1.9643758535385132,0.6923207640647888,0.6611355543136597,52.227108001708984,0.4295264780521393,0.051945243030786514,0.4362200200557709,2.105412721633911,1.091525673866272,0.5027016997337341
199,train,1,3.0,3.0,59,synthetic_0047,9,0.45374709367752075,11343.677734375,196.875732421875,1.3602522611618042,1.3241528272628784,1.8489336967468262,-0.5247808694839478,1.5827125310897827,0.26622122526168823,0.011046800762414932,0.14711105823516846,0.10806336253881454,0.3863541781902313,0.06004916876554489,0.06004916876554489,2.6738462448120117,1.7638251781463623,0.5088239908218384,0.5549184083938599,30.983686447143555,0.2785329818725586,-0.0523967482149601,0.2741547226905823,0.4742684066295624,1.9360096454620361,0.7236160039901733
200,train,1,3.0,3.0,60,synthetic_0048,10,0.20714430510997772,5178.60791015625,7.808567047119141,0.4068351686000824,0.38812071084976196,0.4781591296195984,-0.09003843367099762,0.393377423286438,0.0847817212343216,0.002664366038516164,0.029077447950839996,0.05303990840911865,0.10894143581390381,0.052544791251420975,0.052544791251420975,3.1887876987457275,2.3896708488464355,0.767896294593811,0.7623324990272522,72.46649932861328,0.1848769634962082,0.15342631936073303,0.1933864802122116,0.5743154287338257,1.273070216178894,1.783205509185791
201,train,1,3.0,3.0,61,synthetic_0049,11,0.4009439945220947,10023.599609375,9.549579620361328,2.790534019470215,2.735612392425537,2.234921932220459,0.5006903409957886,1.3176370859146118,0.9172847867012024,0.726445198059082,2.3466063225896505e-07,0.19083933532238007,1.0453695058822632,1.066635743127138e-22,1.0453695058822632,2.8509562015533447,1.1872670650482178,0.7307318449020386,0.7130492329597473,62.60984420776367,0.6828098297119141,-0.5326534509658813,0.5736995339393616,2.2114710807800293,0.7331990599632263,0.5809600353240967
202,train,1,3.0,3.0,62,synthetic_0050,12,0.4543493986129761,11358.734375,385.2949523925781,1.330622673034668,1.3014380931854248,1.8168227672576904,-0.5153846144676208,1.5459039211273193,0.2709188461303711,0.011602883227169514,0.1533997356891632,0.10591621696949005,0.3873805105686188,0.048215821385383606,0.048215821385383606,2.6047422885894775,1.7767590284347534,0.5038459300994873,0.5688545107841492,33.77090072631836,0.2900352478027344,-0.06870709359645844,0.28405702114105225,0.4760128855705261,1.9481468200683594,0.6777307987213135
203,train,1,3.0,3.0,63,synthetic_0051,13,0.34857580065727234,8714.39453125,311.62017822265625,0.7888527512550354,0.7677741050720215,1.067773461341858,-0.29999932646751404,0.9021691083908081,0.1656043976545334,0.007134902756661177,0.09611779451370239,0.06235169991850853,0.2280091941356659,0.030405091121792793,0.030405091121792793,2.5825910568237305,1.8896842002868652,0.5203585624694824,0.5649094581604004,32.98188781738281,0.27989375591278076,-0.06127277389168739,0.2747488021850586,0.4834318161010742,1.9520474672317505,0.658927321434021
204,train,1,3.0,3.0,64,synthetic_0052,14,0.3613528311252594,9033.8212890625,176.06845092773438,1.0581281185150146,1.0466618537902832,1.321951150894165,-0.27528926730155945,0.9927711486816406,0.32917994260787964,0.20046649873256683,3.021845600414963e-07,0.12871313095092773,0.21893168985843658,2.783894769240541e-20,0.21893168985843658,2.644529104232788,1.4203966856002808,0.5328226685523987,0.48021572828292847,16.043148040771484,0.4669618308544159,-0.10114365816116333,0.452792763710022,0.7956984043121338,1.688330888748169,0.5108925104141235
205,train,1,3.0,3.0,65,synthetic_0053,15,0.15676209330558777,3919.05224609375,25.317920684814453,0.20775215327739716,0.20453885197639465,0.2306872308254242,-0.02614838443696499,0.15273559093475342,0.07795164734125137,0.060704849660396576,4.0416839652834824e-08,0.017246756702661514,0.050480153411626816,6.209985621103085e-23,0.050480153411626816,2.1618237495422363,2.4979560375213623,0.6365985870361328,0.6049033403396606,40.98067092895508,0.3634186387062073,0.08749407529830933,0.3729577362537384,1.7676880359649658,1.3865647315979004,0.5022149682044983
206,train,1,3.0,3.0,66,synthetic_0054,16,0.43215054273605347,10803.763671875,21.012235641479492,1.6479536294937134,1.6460331678390503,1.6465673446655273,-0.0005342038348317146,1.2487897872924805,0.3977774977684021,0.3096286654472351,1.8529620149365655e-07,0.08814866840839386,0.42228370904922485,2.0654568376558983e-22,0.42228370904922485,2.32584810256958,1.386879563331604,0.6430925726890564,0.6226348876953125,44.5269775390625,0.45353591442108154,0.008645751513540745,0.45471227169036865,1.7526869773864746,1.2232564687728882,0.49897515773773193
207,train,1,3.0,3.0,67,synthetic_0055,17,0.21547211706638336,5386.802734375,11.120707511901855,0.4446007013320923,0.42313504219055176,0.5216717720031738,-0.09853671491146088,0.4199770390987396,0.1016947329044342,0.0032035831827670336,0.03839702159166336,0.06009412929415703,0.15580061078071594,0.047903675585985184,0.047903675585985184,3.146338939666748,2.4888668060302734,0.7509939670562744,0.6672080755233765,53.44161605834961,0.1993984431028366,0.17010381817817688,0.20957396924495697,0.5654334425926208,1.4075007438659668,1.654320240020752
208,train,1,3.0,3.0,68,synthetic_0056,18,0.22689397633075714,5672.349609375,48.78363800048828,0.37575605511665344,0.3586204946041107,0.4319193959236145,-0.07329889386892319,0.3369902968406677,0.09492909163236618,0.06647928804159164,6.897883508827363e-08,0.028449736535549164,0.07566949725151062,1.4373112588531598e-22,0.07566949725151062,2.276845693588257,2.017800807952881,0.5925842523574829,0.5517326593399048,30.346529006958008,0.36193951964378357,0.0322493240237236,0.3654412031173706,1.1674906015396118,1.533183217048645,0.4996262192726135
209,train,1,3.0,3.0,69,synthetic_0057,0,0.2761867046356201,6904.66748046875,13.997344970703125,0.7367858290672302,0.7579220533370972,0.7292295098304749,0.028692523017525673,0.45789048075675964,0.2713390290737152,0.2191782295703888,1.045289863554899e-07,0.05216069892048836,0.21074740588665009,2.9414360702615356e-23,0.21074740588665009,2.0879409313201904,2.0876400470733643,0.6950019598007202,0.6659277081489563,53.185543060302734,0.4257534444332123,0.06150247901678085,0.43360891938209534,2.116151809692383,1.0890840291976929,0.5036081671714783
210,train,1,3.0,3.0,70,synthetic_0058,1,0.3751034438610077,9377.5859375,46.47632598876953,1.0275728702545166,1.0165766477584839,1.3977549076080322,-0.3811782896518707,1.1949036121368408,0.2028513252735138,0.0071075656451284885,0.09861040860414505,0.09713335335254669,0.28591156005859375,0.07191911339759827,0.07191911339759827,2.9538803100585938,1.9714457988739014,0.5729047060012817,0.522515594959259,24.503116607666016,0.22576792538166046,0.02767544984817505,0.22764240205287933,0.4811134338378906,1.8172262907028198,1.025503158569336
211,train,1,3.0,3.0,71,synthetic_0059,2,0.12969981133937836,3242.4951171875,40.4637565612793,0.12787452340126038,0.1263662874698639,0.1505836844444275,-0.024217402562499046,0.10616648197174072,0.04441719502210617,0.03334631398320198,2.6893799187632794e-08,0.0110708549618721,0.027149349451065063,3.433766685564866e-23,0.027149349451065063,2.195183515548706,2.4553439617156982,0.6137725114822388,0.5655414462089539,33.1082878112793,0.34657129645347595,0.07595942169427872,0.3544689118862152,1.518404245376587,1.4963924884796143,0.5041046142578125
212,train,1,3.0,3.0,72,synthetic_0060,3,0.21657142043113708,5414.28515625,2.189678430557251,0.5026059150695801,0.5352722406387329,0.459375262260437,0.07589700818061829,0.2664243280887604,0.19295091927051544,0.14809592068195343,5.1229182673750984e-08,0.04485495388507843,0.16260603070259094,3.0643630786753245e-21,0.16260603070259094,1.9757579565048218,1.6335325241088867,0.8310019373893738,0.9139779210090637,102.79558563232422,0.6282763481140137,-0.25527217984199524,0.5801619291305542,2.2211222648620605,0.693435549736023,0.672728419303894
213,train,1,3.0,3.0,73,synthetic_0061,4,0.48499467968940735,12124.8671875,12.240984916687012,3.650383234024048,3.319871425628662,2.7160797119140625,0.6037917733192444,2.1994245052337646,0.5166552066802979,0.034433797001838684,0.06259353458881378,0.4196278750896454,1.592376470565796,0.46262457966804504,0.46262457966804504,3.252349615097046,1.752544641494751,0.6423162817955017,0.6501062512397766,50.02125549316406,0.15701337158679962,-0.01459412556141615,0.15632592141628265,1.141951322555542,0.5040635466575623,2.170546054840088
214,train,1,3.0,3.0,74,synthetic_0062,5,0.2232939749956131,5582.349609375,3.5709893703460693,0.423092782497406,0.40845856070518494,0.5217570662498474,-0.11329850554466248,0.46543818712234497,0.056318894028663635,0.0018158720340579748,0.015623156912624836,0.038879867643117905,0.013671224005520344,0.08417809754610062,0.08417809754610062,3.2469093799591064,2.026055097579956,0.7967693209648132,0.9487646222114563,109.75292205810547,0.131257101893425,0.00775204598903656,0.13156236708164215,0.5840029120445251,0.9835762977600098,1.9502782821655273
215,train,1,3.0,3.0,75,synthetic_0063,6,0.3005605638027191,7514.01416015625,62.831478118896484,0.632882297039032,0.6206523776054382,0.8538510799407959,-0.23319870233535767,0.72480309009552,0.12904801964759827,0.005001734476536512,0.07160300016403198,0.052443280816078186,0.16952036321163177,0.040503621101379395,0.040503621101379395,2.7907326221466064,2.0289530754089355,0.5734275579452515,0.5200037956237793,24.000761032104492,0.23814505338668823,0.005002081859856844,0.23850242793560028,0.4890559911727905,1.9042880535125732,0.7997786998748779
216,train,1,3.0,3.0,76,synthetic_0064,7,0.0937294214963913,2343.235595703125,1.224294900894165,0.0894884467124939,0.10468494892120361,0.08660637587308884,0.018078576773405075,0.03664305806159973,0.049963317811489105,0.038072310388088226,1.3995585135262445e-08,0.011890992522239685,0.027168547734618187,7.603260392307401e-23,0.027168547734618187,1.4507814645767212,1.9761632680892944,0.8339436054229736,0.9555113911628723,111.1022720336914,0.680173397064209,-0.10671059042215347,0.6583988666534424,2.220517873764038,0.7341091632843018,0.693526566028595
217,train,1,3.0,3.0,77,synthetic_0065,8,0.28324833512306213,7081.20849609375,3.213536024093628,0.6865761280059814,0.6446105241775513,0.8334184885025024,-0.18880796432495117,0.7502222657203674,0.08319619297981262,0.0030715966131538153,0.020368464291095734,0.05975612998008728,0.020396659150719643,0.1402955949306488,0.1402955949306488,3.252500534057617,1.9755184650421143,0.8111065030097961,0.9476897120475769,109.5379409790039,0.1268041729927063,-0.04000746086239815,0.12528224289417267,0.6611888408660889,0.843109130859375,2.006253719329834
218,train,1,3.0,3.0,78,synthetic_0066,9,0.36611783504486084,9152.9462890625,15.451948165893555,1.2674291133880615,1.3071726560592651,1.2372748851776123,0.06989776343107224,0.8481438755989075,0.38913094997406006,0.31351903080940247,1.4826416361302108e-07,0.07561178505420685,0.35334235429763794,1.4643908973543522e-23,0.35334235429763794,2.2008473873138428,1.6463868618011475,0.6888502836227417,0.6547725796699524,50.95452117919922,0.450851172208786,0.01677580550312996,0.4531202018260956,2.090189218521118,1.0762033462524414,0.504093587398529
219,train,1,3.0,3.0,79,synthetic_0067,10,0.4145510196685791,10363.775390625,131.957763671875,1.4845365285873413,1.3911595344543457,1.7421338558197021,-0.35097435116767883,1.333579659461975,0.40855416655540466,0.24437931180000305,3.793545886310312e-07,0.16417448222637177,0.322755366563797,3.2655494383505247e-20,0.322755366563797,2.6991384029388428,1.3026747703552246,0.5294246673583984,0.4931953251361847,18.639062881469727,0.4940602481365204,-0.11330413073301315,0.4772665500640869,0.7624129056930542,1.6765952110290527,0.5121903419494629
220,train,1,3.0,3.0,80,synthetic_0068,11,0.27568233013153076,6892.05810546875,4.21627140045166,0.850829005241394,0.8620173931121826,0.7514673471450806,0.11055004596710205,0.4509241282939911,0.3005431890487671,0.2353476881980896,8.368255066670827e-08,0.06519540399312973,0.2899787127971649,1.3258821695011186e-21,0.2899787127971649,2.0637056827545166,1.688761830329895,0.8031911849975586,0.8312411904335022,86.24823760986328,0.5821227431297302,-0.17822648584842682,0.5509978532791138,2.2186179161071777,0.7366306781768799,0.6145957112312317
221,train,1,3.0,3.0,81,synthetic_0069,12,0.4081067144870758,10202.66796875,28.217479705810547,2.172137975692749,2.104935646057129,2.0725812911987305,0.0323544442653656,1.35092031955719,0.7216610312461853,0.5662131905555725,3.1720267656965007e-07,0.1554475575685501,0.6468876600265503,9.711635680828392e-23,0.6468876600265503,2.821268320083618,1.1276679039001465,0.6231206655502319,0.5951583981513977,39.03168487548828,0.5859537720680237,-0.21818244457244873,0.5476003289222717,1.8351280689239502,1.2374062538146973,0.5038139820098877
222,train,1,3.0,3.0,82,synthetic_0070,13,0.09229186922311783,2307.296875,5.417901515960693,0.07088303565979004,0.06902012974023819,0.08627252280712128,-0.017252394929528236,0.06922996789216995,0.017042551189661026,0.0006671753362752497,0.008108044043183327,0.00826733186841011,0.004280332010239363,0.012267816811800003,0.012267816811800003,2.8270232677459717,2.1590523719787598,0.814080536365509,0.9331978559494019,106.63957214355469,0.23054003715515137,0.04926823452115059,0.23394756019115448,0.6628239154815674,1.54329514503479,1.2810485363006592
223,train,1,3.0,3.0,83,synthetic_0071,14,0.29419007897377014,7354.751953125,198.16737365722656,0.5716509222984314,0.5532912611961365,0.7670565247535706,-0.2137652486562729,0.6464030146598816,0.12065351009368896,0.005155280232429504,0.0707736685872078,0.044724564999341965,0.1624104380607605,0.025186359882354736,0.025186359882354736,2.597822666168213,1.9636789560317993,0.5365350246429443,0.5550755858421326,31.015113830566406,0.269012451171875,-0.04780159145593643,0.2651546895503998,0.48898231983184814,1.9514461755752563,0.661651074886322
224,train,1,3.0,3.0,84,synthetic_0072,15,0.06680668145418167,1670.1671142578125,0.9716455936431885,0.041160471737384796,0.03640572354197502,0.030622106045484543,0.005783617030829191,0.028591645881533623,0.0020304610952734947,0.00012332694313954562,0.0006043220637366176,0.0013028120156377554,0.0007987113785929978,0.010131679475307465,0.010131679475307465,2.2282376289367676,1.679313063621521,0.7903952598571777,0.9220579862594604,104.4115982055664,0.1070920079946518,-0.087368443608284,0.10428506880998611,0.6744210124015808,0.6521377563476562,1.1112120151519775
225,train,1,3.0,3.0,85,synthetic_0073,16,0.2850094735622406,7125.23681640625,47.026939392089844,0.9032544493675232,0.8800356388092041,1.2259962558746338,-0.3459606468677521,0.7256118655204773,0.5003843903541565,0.015456179156899452,0.18517979979515076,0.29974839091300964,0.3280763328075409,0.08260387182235718,0.08260387182235718,3.1070475578308105,2.4774436950683594,0.554010808467865,0.5218376517295837,24.367528915405273,0.2827870547771454,0.1702832132577896,0.2972332239151001,0.5522288680076599,1.8626636266708374,1.6703822612762451
226,train,1,3.0,3.0,86,synthetic_0074,17,0.08840636163949966,2210.158935546875,8.345870971679688,0.13924625515937805,0.1393730640411377,0.12413237988948822,0.015240686014294624,0.04736323654651642,0.0767691433429718,0.06207091733813286,2.814266863992998e-08,0.014698193408548832,0.053290560841560364,6.941702325874101e-22,0.053290560841560364,2.1078341007232666,2.0672333240509033,0.7151918411254883,0.7311691641807556,66.23383331298828,0.5953309535980225,-0.07147642225027084,0.5825653076171875,2.198192596435547,1.0451570749282837,0.5205248594284058
227,train,1,3.0,3.0,87,synthetic_0075,18,0.33684346079826355,8421.0859375,31.78793716430664,1.4295263290405273,1.4099040031433105,1.424201250076294,-0.01429728977382183,0.8891564011573792,0.5350448489189148,0.42188018560409546,2.435324120142468e-07,0.11316443234682083,0.41436153650283813,1.207891070082185e-22,0.41436153650283813,2.7257378101348877,1.2977547645568848,0.6269146203994751,0.5849093198776245,36.98186492919922,0.5434256196022034,-0.1701817512512207,0.515681266784668,1.8519858121871948,1.2789636850357056,0.49677354097366333
228,train,1,3.0,3.0,88,synthetic_0076,0,0.195330411195755,4883.26025390625,1.6230902671813965,0.6634956002235413,0.6791091561317444,0.5371159315109253,0.14199323952198029,0.254550039768219,0.2825659215450287,0.20805487036705017,6.271794461554236e-08,0.07451098412275314,0.24845391511917114,5.164992485169965e-21,0.24845391511917114,2.3205747604370117,1.3676707744598389,0.8228182792663574,0.9387860894203186,107.75720977783203,0.7486526370048523,-0.6716549396514893,0.5978017449378967,2.223198175430298,0.6108709573745728,0.7961971163749695
229,train,1,3.0,3.0,89,synthetic_0077,1,0.08530537039041519,2132.63427734375,6.153846263885498,0.09866410493850708,0.09390032291412354,0.10823357105255127,-0.014333251863718033,0.05484244227409363,0.05339112505316734,0.0029611666686832905,0.015235877595841885,0.03519408032298088,0.012194276787340641,0.019851811230182648,0.019851811230182648,2.6213572025299072,2.070472240447998,0.8296176195144653,0.8999322056770325,99.98644256591797,0.3930680751800537,-0.06201525032520294,0.3857552111148834,1.0888439416885376,1.0532569885253906,2.0184333324432373
230,train,1,3.0,3.0,90,synthetic_0078,2,0.36318838596343994,9079.7099609375,5.934487819671631,2.4635112285614014,2.3960301876068115,1.9171231985092163,0.4789069592952728,1.0616073608398438,0.8555158376693726,0.6604516506195068,1.9668817685669637e-07,0.1950640231370926,0.9805110096931458,4.446856734012587e-21,0.9805110096931458,2.799381732940674,1.3092803955078125,0.7629147171974182,0.7801018357276917,76.02037048339844,0.7044020295143127,-0.615706741809845,0.5742905139923096,2.219686269760132,0.6498513221740723,0.6555829644203186
231,train,1,3.0,3.0,91,synthetic_0079,3,0.1626093089580536,4065.232666015625,33.815372467041016,0.3224865198135376,0.31137174367904663,0.42576104402542114,-0.11438930779695511,0.22736351191997528,0.19839751720428467,0.007642974611371756,0.08307284116744995,0.10768169164657593,0.12676192820072174,0.03131064027547836,0.03131064027547836,2.990832805633545,2.7423601150512695,0.6341126561164856,0.5426682829856873,28.533655166625977,0.31928902864456177,0.168999582529068,0.33547696471214294,0.6714615225791931,1.7951196432113647,1.4755115509033203
