sample_index,split,source_id,sample_weight,aux_weight,config_index,config_name,velocity_index,U,Re,Ca,F_target,F_pred,F_physics,F_residual,F_stem,F_leaf,Fcol_1_pred,Fcol_2_pred,Fcol_3_pred,Fcol_1_true,Fcol_2_true,Fcol_3_true,Cd_stem_eff,Cd_leaf_eff,shielding_coef,shielding_target,angle_diff_deg,reconfiguration_factor,reconfiguration_quad_coef,reconfiguration_cubic_coef,reconfiguration_gain,column_correction_1,column_correction_2,column_correction_3
0,val,0,1.0,1.0,0,PVC_20_0,0,0.05000000074505806,1250.0,0.15360000729560852,0.07093784958124161,0.13736991584300995,0.14377333223819733,-0.006403409875929356,0.005865693092346191,0.13790763914585114,0.018728217110037804,0.08651421219110489,0.03266521170735359,0.0008135348907671869,0.012708019465208054,0.012708019465208054,0.816096305847168,2.0959179401397705,0.7465782165527344,0.9039982557296753,100.79964447021484,1.4097089767456055,0.45025113224983215,0.7365713715553284,4.367978096008301,1.7487926483154297,1.6877036094665527,0.4757397472858429
1,train,0,1.0,1.0,0,PVC_20_0,1,0.07500000298023224,1875.0,0.3456000089645386,0.17443148791790009,0.1612735539674759,0.17626789212226868,-0.01499433908611536,0.015431143343448639,0.16083675622940063,0.022146066650748253,0.10096398741006851,0.03772670403122902,0.0018697602208703756,0.027825873345136642,0.027825873345136642,0.9541962742805481,1.902870535850525,0.713381290435791,0.9087178111076355,101.7435531616211,1.199594497680664,0.3198660910129547,0.46289217472076416,2.4589574337005615,1.798251986503601,1.792424201965332,0.47779858112335205
2,val,0,1.0,1.0,0,PVC_20_0,2,0.10000000149011612,2500.0,0.6144000291824341,0.14795003831386566,0.19083890318870544,0.21541038155555725,-0.02457147277891636,0.031159279868006706,0.1842510998249054,0.025963881984353065,0.11450190842151642,0.043785300105810165,0.003428105963394046,0.0476507768034935,0.0476507768034935,1.0838009119033813,1.7971123456954956,0.6791766881942749,0.91482013463974,102.96401977539062,1.0564959049224854,0.24289534986019135,0.3067086935043335,1.6892958879470825,1.8277860879898071,1.8510910272598267,0.48075753450393677
3,train,0,1.0,1.0,0,PVC_20_0,3,0.125,3125.0,0.9599999785423279,0.20464740693569183,0.236105814576149,0.27294960618019104,-0.03684379160404205,0.054233986884355545,0.2187156081199646,0.03168754279613495,0.13372012972831726,0.05330794304609299,0.005584338214248419,0.07105002552270889,0.07105002552270889,1.2072956562042236,1.7379075288772583,0.6438566446304321,0.9218372106552124,104.36743927001953,0.9731162190437317,0.19309158623218536,0.21081455051898956,1.3502304553985596,1.8470159769058228,1.888129472732544,0.48463645577430725
4,val,0,1.0,1.0,0,PVC_20_0,4,0.15000000596046448,3750.0,1.3824000358581543,0.270246684551239,0.300936222076416,0.3540915846824646,-0.05315535515546799,0.08575431257486343,0.26833727955818176,0.04007465019822121,0.1606111079454422,0.06765153259038925,0.008491037413477898,0.09684506058692932,0.09684506058692932,1.3256704807281494,1.7074824571609497,0.6078016757965088,0.9292217493057251,105.84434509277344,0.9364306926727295,0.1591733992099762,0.14930371940135956,1.1986122131347656,1.859897494316101,1.9128239154815674,0.4897099435329437
5,val,0,1.0,1.0,0,PVC_20_0,5,0.17499999701976776,4375.0,1.881600022315979,0.3938428461551666,0.3884490430355072,0.46301329135894775,-0.07456424087285995,0.12659458816051483,0.33641868829727173,0.0518319271504879,0.19630181789398193,0.08828495442867279,0.012395291589200497,0.12395953387022018,0.12395953387022018,1.4378089904785156,1.6966314315795898,0.5720542669296265,0.9363734722137451,107.27469635009766,0.9341293573379517,0.1354646235704422,0.10888005048036575,1.1410857439041138,1.868323802947998,1.9292298555374146,0.4963448941707611
6,train,0,1.0,1.0,0,PVC_20_0,6,0.20000000298023224,5000.0,2.4576001167297363,0.43085381388664246,0.5012776255607605,0.6031242609024048,-0.10184663534164429,0.17720673978328705,0.42591750621795654,0.06761214882135391,0.2414615899324417,0.11684375256299973,0.01771606132388115,0.1515229493379593,0.1515229493379593,1.5409278869628906,1.6997126340866089,0.538068950176239,0.9426351189613342,108.52703094482422,0.9548316597938538,0.11879461258649826,0.08202473819255829,1.134541630744934,1.873292088508606,1.9392461776733398,0.5049266219139099
7,val,0,1.0,1.0,0,PVC_20_0,7,0.22499999403953552,5625.0,3.1103999614715576,0.6180073022842407,0.6408198475837708,0.776194155216217,-0.1353742927312851,0.23748858273029327,0.538705587387085,0.08781864494085312,0.2960345149040222,0.15485243499279022,0.025219960138201714,0.178911954164505,0.178911954164505,1.6316983699798584,1.7126967906951904,0.5072665810585022,0.9472165703773499,109.44332122802734,0.9877572059631348,0.107240691781044,0.06413759291172028,1.1541987657546997,1.8754148483276367,1.9438320398330688,0.5157873034477234
8,train,0,1.0,1.0,0,PVC_20_0,8,0.25,6250.0,3.8399999141693115,0.8448036313056946,0.8067530989646912,0.9817996025085449,-0.17504651844501495,0.30680790543556213,0.6749916672706604,0.11244286596775055,0.3591253459453583,0.2034234255552292,0.03648537024855614,0.2057376205921173,0.2057376205921173,1.707452654838562,1.7324295043945312,0.4806106686592102,0.9489527344703674,109.79054260253906,1.0233266353607178,0.09954136610031128,0.052245549857616425,1.183553695678711,1.875189185142517,1.943604588508606,0.5291224718093872
9,train,0,1.0,1.0,0,PVC_20_0,9,0.2750000059604645,6875.0,4.646399974822998,1.050018072128296,0.9971418380737305,1.217496633529663,-0.22035478055477142,0.38417351245880127,0.8333231210708618,0.1410498023033142,0.42918694019317627,0.26308634877204895,0.055444035679101944,0.2318010926246643,0.2318010926246643,1.7669496536254883,1.756332516670227,0.45842015743255615,0.9455310702323914,109.10620880126953,1.0542738437652588,0.09480052441358566,0.044374607503414154,1.2116429805755615,1.8731061220169067,1.9391648769378662,0.5449168086051941
10,train,0,1.0,1.0,0,PVC_20_0,10,0.30000001192092896,7500.0,5.529600143432617,1.2444380521774292,1.2089273929595947,1.4794573783874512,-0.27053001523017883,0.468472421169281,1.0109848976135254,0.1728983074426651,0.50433748960495,0.3337491750717163,0.09599050879478455,0.25704047083854675,0.25704047083854675,1.8105214834213257,1.782263994216919,0.4404539465904236,0.9301102161407471,106.02204132080078,1.076271653175354,0.09233828634023666,0.03920673951506615,1.232112169265747,1.8696600198745728,1.9312331676483154,0.5629037022590637
11,train,0,1.0,1.0,0,PVC_20_0,11,0.32499998807907104,8125.0,6.48960018157959,1.354056715965271,1.438415288925171,1.763091802597046,-0.324676513671875,0.5586850047111511,1.2044068574905396,0.2070934772491455,0.5826123356819153,0.41470104455947876,0.2500753104686737,0.28148239850997925,0.28148239850997925,1.8397654294967651,1.8084336519241333,0.4261426329612732,0.8688808679580688,93.77617645263672,1.0876569747924805,0.09161411225795746,0.03586353734135628,1.242181658744812,1.8653002977371216,1.9206537008285522,0.5825852155685425
12,val,0,1.0,1.0,0,PVC_20_0,12,0.3499999940395355,8750.0,7.526400089263916,1.6986725330352783,1.6816024780273438,2.0634562969207764,-0.38185375928878784,0.6540173888206482,1.4094388484954834,0.24270351231098175,0.6621096134185791,0.5046257972717285,0.5733868479728699,0.30520471930503845,0.30520471930503845,1.857014775276184,1.8334070444107056,0.4148118495941162,0.778120756149292,75.62416076660156,1.088603138923645,0.09218938648700714,0.033759985119104385,1.2414051294326782,1.8603910207748413,1.9083101749420166,0.6033087968826294
13,train,0,1.0,1.0,0,PVC_20_0,13,0.375,9375.0,8.640000343322754,1.9440239667892456,1.9343994855880737,2.3755221366882324,-0.4411226809024811,0.7539482712745667,1.621573805809021,0.27883070707321167,0.7410756349563599,0.6016675233840942,0.8262953162193298,0.3283105492591858,0.3283105492591858,1.8648380041122437,1.8561466932296753,0.405825674533844,0.7271667718887329,65.43335723876953,1.0802589654922485,0.09370847046375275,0.032504722476005554,1.2305890321731567,1.8551945686340332,1.895020604133606,0.6243778467178345
14,val,0,1.0,1.0,0,PVC_20_0,14,0.4000000059604645,10000.0,9.830400466918945,2.125422716140747,2.1928422451019287,2.694427967071533,-0.5015857815742493,0.8582024574279785,1.8362255096435547,0.3146596848964691,0.8179755806922913,0.7035902738571167,1.0331017971038818,0.3509112596511841,0.3509112596511841,1.8656572103500366,1.8760390281677246,0.3986492156982422,0.6930793523788452,58.615875244140625,1.0641348361968994,0.09588713943958282,0.03183357045054436,1.2110755443572998,1.8498849868774414,1.881460428237915,0.6451570391654968
15,train,0,1.0,1.0,0,PVC_20_0,15,0.42500001192092896,10625.0,11.097599983215332,2.3944380283355713,2.453303813934326,3.0157320499420166,-0.5624281764030457,0.9666962623596191,2.0490357875823975,0.3494900166988373,0.8915442228317261,0.8080015182495117,1.2118146419525146,0.3731164038181305,0.3731164038181305,1.8615484237670898,1.8928589820861816,0.3928600549697876,0.6676045656204224,53.52091598510742,1.0417594909667969,0.0985037088394165,0.03156623616814613,1.1843501329421997,1.8445706367492676,1.8681319952011108,0.6651424765586853
16,train,0,1.0,1.0,0,PVC_20_0,16,0.44999998807907104,11250.0,12.44159984588623,2.6817269325256348,2.712667942047119,3.3356194496154785,-0.6229515671730042,1.079473853111267,2.256145715713501,0.3827551007270813,0.9608112573623657,0.9125792384147644,1.370949149131775,0.395028293132782,0.395028293132782,1.8541687726974487,1.906679391860962,0.38813644647598267,0.6474189162254333,49.48377990722656,1.014525055885315,0.101390041410923,0.031578537076711655,1.1518566608428955,1.839316964149475,1.855373501777649,0.683987557888031
17,train,0,1.0,1.0,0,PVC_20_0,17,0.4749999940395355,11875.0,13.86240005493164,2.9678232669830322,2.9684205055236816,3.651014566421509,-0.6825939416885376,1.1966519355773926,2.454362630844116,0.4140256643295288,1.02509343624115,1.0152435302734375,1.515420913696289,0.4167393147945404,0.4167393147945404,1.844772458076477,1.9177616834640503,0.3842369318008423,0.6308286190032959,46.16572570800781,0.9836397171020508,0.10442108660936356,0.03178387135267258,1.1149213314056396,1.8341628313064575,1.8433891534805298,0.7014923095703125
18,train,0,1.0,1.0,0,PVC_20_0,18,0.5,12500.0,15.359999656677246,3.0878708362579346,3.2186930179595947,3.9596304893493652,-0.7409374713897705,1.3183835744857788,2.641247034072876,0.44300577044487,1.0839707851409912,1.1142704486846924,1.6484487056732178,0.4383312165737152,0.4383312165737152,1.8342727422714233,1.9264628887176514,0.38098129630088806,0.6168425679206848,43.36851501464844,0.9501281976699829,0.10750708729028702,0.03212155029177666,1.0747309923171997,1.829134464263916,1.8322817087173462,0.7175776958465576
19,train,0,1.0,1.0,1,PVC_20_180,0,0.05000000074505806,1250.0,0.15360000729560852,0.30792152881622314,0.2254500538110733,0.19490991532802582,0.030540144070982933,0.005058723967522383,0.18985119462013245,0.15120914578437805,4.599791836312761e-08,0.03864200785756111,0.013280894607305527,1.3017747316988583e-22,0.013280894607305527,0.7038223743438721,3.2530579566955566,0.8347408771514893,0.9950531721115112,119.01063537597656,0.9919914603233337,0.5672439336776733,1.4613624811172485,2.9767189025878906,2.082030773162842,0.5690584182739258,0.532069981098175
20,val,0,1.0,1.0,1,PVC_20_180,1,0.07500000298023224,1875.0,0.3456000089645386,0.17357100546360016,0.21706688404083252,0.18862538039684296,0.02844150736927986,0.012944863177835941,0.1756805181503296,0.14121346175670624,4.174676604407068e-08,0.03446700796484947,0.030723044648766518,2.8289993467871503e-22,0.030723044648766518,0.8004552721977234,2.9414942264556885,0.8209861516952515,0.9886112809181213,117.72225952148438,0.7316789031028748,0.3804134726524353,1.0007684230804443,1.3273429870605469,2.1432912349700928,0.5788331627845764,0.523128867149353
21,val,0,1.0,1.0,1,PVC_20_180,2,0.10000000149011612,2500.0,0.6144000291824341,0.34319770336151123,0.24629300832748413,0.21584364771842957,0.030449368059635162,0.026162756606936455,0.18968088924884796,0.153126522898674,4.619029780883466e-08,0.03655431792140007,0.05678054317831993,4.807654095618108e-22,0.05678054317831993,0.9100088477134705,2.625519037246704,0.8346391916275024,0.9791058301925659,115.8211669921875,0.6320537328720093,0.2519857585430145,0.639106035232544,0.8940945267677307,2.1743552684783936,0.589377224445343,0.5190613865852356
22,train,0,1.0,1.0,1,PVC_20_180,3,0.125,3125.0,0.9599999785423279,0.31932196021080017,0.30859509110450745,0.2739124596118927,0.034682631492614746,0.04617028683423996,0.22774218022823334,0.184117391705513,5.7021747323915406e-08,0.04362473264336586,0.09318999201059341,7.104417698677035e-22,0.09318999201059341,1.0277906656265259,2.3150787353515625,0.8437685966491699,0.9660651087760925,113.21302032470703,0.6185575723648071,0.16851966083049774,0.386324405670166,0.7744662761688232,2.1907122135162354,0.6030716896057129,0.5190667510032654
23,train,0,1.0,1.0,1,PVC_20_180,4,0.15000000596046448,3750.0,1.3824000358581543,0.31083568930625916,0.40042436122894287,0.3618674576282501,0.038556914776563644,0.07434418797492981,0.2875232696533203,0.23228809237480164,7.029159121429984e-08,0.055235106498003006,0.14211547374725342,3.0935381589327246e-21,0.14211547374725342,1.1492820978164673,2.027533531188965,0.8028020262718201,0.9489836692810059,109.7967300415039,0.6567100286483765,0.11657562106847763,0.2284800261259079,0.7716950178146362,2.1994266510009766,0.6217828392982483,0.5229951739311218
24,train,0,1.0,1.0,1,PVC_20_180,5,0.17499999701976776,4375.0,1.881600022315979,0.5591400265693665,0.5197887420654297,0.4810516834259033,0.03873708099126816,0.11189966648817062,0.3691520094871521,0.2974725365638733,8.515355176541561e-08,0.07167938351631165,0.20557907223701477,4.078542853266631e-21,0.20557907223701477,1.2709102630615234,1.7796012163162231,0.7313228845596313,0.927563488483429,105.51270294189453,0.7276197671890259,0.08508852124214172,0.13724829256534576,0.8255395889282227,2.203885316848755,0.646989107131958,0.5310510993003845
25,train,0,1.0,1.0,1,PVC_20_180,6,0.20000000298023224,5000.0,2.4576001167297363,0.6062102913856506,0.6640966534614563,0.632911741733551,0.031184889376163483,0.15984417498111725,0.47306758165359497,0.3795187771320343,1.0034906949840661e-07,0.09354870766401291,0.28418269753456116,5.143182058862414e-21,0.28418269753456116,1.3899492025375366,1.580301284790039,0.6434891223907471,0.9021280407905579,100.42560577392578,0.8162212371826172,0.06632628291845322,0.08626922219991684,0.907320499420166,2.2057251930236816,0.6797536611557007,0.5436956882476807
26,train,0,1.0,1.0,1,PVC_20_180,7,0.22499999403953552,5625.0,3.1103999614715576,0.8631705045700073,0.8303918838500977,0.8183109164237976,0.0120809655636549,0.21894431114196777,0.5993666052818298,0.47773608565330505,1.1582621084471612e-07,0.12163040041923523,0.3756729066371918,6.2701978720074416e-21,0.3756729066371918,1.5042873620986938,1.429532766342163,0.5566105842590332,0.8739358186721802,94.78716278076172,0.9085469245910645,0.055415790528059006,0.057761624455451965,0.9976096153259277,2.205703020095825,0.7205691337585449,0.5615663528442383
27,train,0,1.0,1.0,1,PVC_20_180,8,0.25,6250.0,3.8399999141693115,1.0573121309280396,1.0167903900146484,1.0377662181854248,-0.020975861698389053,0.289689302444458,0.7480769157409668,0.5910947322845459,1.4118823798980884e-07,0.15698203444480896,0.47503334283828735,2.200904255082346e-21,0.47503334283828735,1.612183928489685,1.321288824081421,0.513359785079956,0.8448962569236755,88.97925567626953,0.9930832982063293,0.04945803061127663,0.0414903461933136,1.082494854927063,2.2041046619415283,0.7691535949707031,0.5853627324104309
28,val,0,1.0,1.0,1,PVC_20_180,9,0.2750000059604645,6875.0,4.646399974822998,1.2427419424057007,1.2234913110733032,1.2918729782104492,-0.06838171184062958,0.37222716212272644,0.9196457862854004,0.7186272144317627,1.7185040235290217e-07,0.20101839303970337,0.5766147971153259,2.6106018041597455e-21,0.5766147971153259,1.7120041847229004,1.2476292848587036,0.47887516021728516,0.8167735934257507,83.3547134399414,1.0623987913131714,0.04677075892686844,0.03195813298225403,1.1535100936889648,2.200949192047119,0.8243201971054077,0.6156617403030396
29,train,0,1.0,1.0,1,PVC_20_180,10,0.30000001192092896,7500.0,5.529600143432617,1.5060391426086426,1.452460765838623,1.5813301801681519,-0.12886947393417358,0.4662797451019287,1.1150504350662231,0.8595963716506958,2.085240851101844e-07,0.2554539144039154,0.6762266159057617,3.0584045913771367e-21,0.6762266159057617,1.8020472526550293,1.2011581659317017,0.4519757926464081,0.7906438708305359,78.12877655029297,1.1132094860076904,0.04637666791677475,0.026266692206263542,1.2069168090820312,2.19610595703125,0.884017825126648,0.6526363492012024
30,train,0,1.0,1.0,1,PVC_20_180,11,0.32499998807907104,8125.0,6.48960018157959,1.597334623336792,1.706082820892334,1.9063942432403564,-0.20031143724918365,0.5710954070091248,1.3352988958358765,1.0133012533187866,2.5189117991430976e-07,0.32199743390083313,0.771656334400177,3.5438832744536875e-21,0.771656334400177,1.8806332349777222,1.1758832931518555,0.43167123198509216,0.766912579536438,73.38251495361328,1.1452244520187378,0.047687381505966187,0.022872338071465492,1.242122769355774,2.1893837451934814,0.9455932974815369,0.6957218647003174
31,train,0,1.0,1.0,1,PVC_20_180,12,0.3499999940395355,8750.0,7.526400089263916,1.9695085287094116,1.9856212139129639,2.266005039215088,-0.2803838849067688,0.6855161786079407,1.5804888010025024,1.1786706447601318,3.0219581503843074e-07,0.40181782841682434,0.8621596693992615,1.1680538468040135e-22,0.8621596693992615,1.9464523792266846,1.1671533584594727,0.4167168140411377,0.7455744743347168,69.1148910522461,1.1598275899887085,0.050315119326114655,0.020929863676428795,1.2601662874221802,2.180617094039917,1.0062263011932373,0.7433888912200928
32,train,0,1.0,1.0,1,PVC_20_180,13,0.375,9375.0,8.640000343322754,2.2906291484832764,2.290116786956787,2.6569862365722656,-0.36686941981315613,0.8081784844398499,1.848807692527771,1.3538554906845093,3.591149209114519e-07,0.49495187401771545,0.9478147625923157,1.0756810115930194e-22,0.9478147625923157,1.998972773551941,1.1712793111801147,0.40589791536331177,0.7264378666877747,65.2875747680664,1.1591631174087524,0.053964417427778244,0.01995585486292839,1.2627545595169067,2.1697471141815186,1.0634441375732422,0.7932311296463013
33,train,0,1.0,1.0,1,PVC_20_180,14,0.4000000059604645,10000.0,9.830400466918945,2.650298833847046,2.616034746170044,3.0737380981445312,-0.4577033221721649,0.9377723336219788,2.1359658241271973,1.5360193252563477,4.217400544348493e-07,0.5999459624290466,1.0290770530700684,9.475226058219414e-23,1.0290770530700684,2.03863525390625,1.1851755380630493,0.39815884828567505,0.7092531323432922,61.850624084472656,1.145655870437622,0.05837637186050415,0.019656581804156303,1.2518341541290283,2.1568799018859863,1.1155242919921875,0.842444658279419
34,train,0,1.0,1.0,1,PVC_20_180,15,0.42500001192092896,10625.0,11.097599983215332,2.8269872665405273,2.9576826095581055,3.5086283683776855,-0.5509458780288696,1.0732479095458984,2.435380458831787,1.7214369773864746,4.886799160885857e-07,0.7139430642127991,1.1065337657928467,8.751692933370289e-23,1.1065337657928467,2.06673264503479,1.2061543464660645,0.3926447629928589,0.6937710642814636,58.754215240478516,1.1217719316482544,0.06331099569797516,0.019840065389871597,1.2294470071792603,2.1422953605651855,1.161646842956543,0.8884884119033813
35,val,0,1.0,1.0,1,PVC_20_180,16,0.44999998807907104,11250.0,12.44159984588623,3.2195968627929688,3.308156728744507,3.9529495239257812,-0.6447927951812744,1.2139040231704712,2.7390456199645996,1.9058717489242554,5.582425615102693e-07,0.8331732749938965,1.1807831525802612,1.4413170314209997e-23,1.1807831525802612,2.0850741863250732,1.2318673133850098,0.388698935508728,0.6797662973403931,55.95326232910156,1.0898743867874146,0.06854936480522156,0.02037164196372032,1.197671890258789,2.126403331756592,1.2017741203308105,0.9295810461044312
36,train,0,1.0,1.0,1,PVC_20_180,17,0.4749999940395355,11875.0,13.86240005493164,3.643343448638916,3.660454273223877,4.398100852966309,-0.7376464605331421,1.3593717813491821,3.038729190826416,2.0851075649261475,6.286516622822091e-07,0.9536207914352417,1.2523813247680664,2.179188649855603e-23,1.2523813247680664,2.095623254776001,1.2603317499160767,0.3858371376991272,0.6670430302619934,53.408607482910156,1.0521217584609985,0.07390469312667847,0.02115151286125183,1.1585655212402344,2.1096696853637695,1.2363837957382202,0.9648541808128357
37,train,0,1.0,1.0,1,PVC_20_180,18,0.5,12500.0,15.359999656677246,4.037886619567871,4.008360862731934,4.836551666259766,-0.8281909227371216,1.5095301866531372,3.327021598815918,2.2554221153259277,6.982344871175883e-07,1.0715986490249634,1.3218237161636353,7.380154498657305e-22,1.3218237161636353,2.1002159118652344,1.2899609804153442,0.38371512293815613,0.6554343104362488,51.08686828613281,1.0103918313980103,0.07923009246587753,0.02210393361747265,1.1140773296356201,2.0925445556640625,1.2661947011947632,0.9942120313644409
38,train,0,1.0,1.0,2,PVC_10_0,0,0.05000000074505806,1250.0,0.15360000729560852,0.004296653904020786,0.011761884205043316,0.01337344478815794,-0.0016115604666993022,0.006579400971531868,0.006794043816626072,0.0011841494124382734,0.0029856692999601364,0.0026242248713970184,0.00040676744538359344,0.006354009732604027,0.006354009732604027,0.9153947830200195,1.7991156578063965,0.7964557409286499,0.9039982557296753,100.79964447021484,0.5753503441810608,0.3120648264884949,0.5321628451347351,0.7800067067146301,1.4426989555358887,0.7123465538024902,0.49866893887519836
39,train,0,1.0,1.0,2,PVC_10_0,1,0.07500000298023224,1875.0,0.3456000089645386,0.0044425735250115395,0.03022078610956669,0.035883016884326935,-0.005662230774760246,0.02452438324689865,0.011358633637428284,0.0017097691306844354,0.006002641748636961,0.003646222874522209,0.0009348801104351878,0.013912936672568321,0.013912936672568321,1.5164835453033447,1.6029853820800781,0.8410212397575378,0.9087178111076355,101.7435531616211,0.47564199566841125,0.1525147706270218,0.1711096465587616,0.5285587906837463,1.5334118604660034,0.9983869194984436,0.5100427865982056
40,train,0,1.0,1.0,2,PVC_10_0,2,0.10000000149011612,2500.0,0.6144000291824341,0.11792551726102829,0.06512534618377686,0.07856041193008423,-0.013435067608952522,0.05710817873477936,0.02145223133265972,0.002942220773547888,0.012147994711995125,0.006362014915794134,0.001714052981697023,0.02382538840174675,0.02382538840174675,1.9863712787628174,1.568971037864685,0.8025993704795837,0.91482013463974,102.96401977539062,0.4743094742298126,0.10288825631141663,0.08102227002382278,0.506101667881012,1.5837595462799072,1.2707549333572388,0.534134566783905
41,val,0,1.0,1.0,2,PVC_10_0,3,0.125,3125.0,0.9599999785423279,0.3397746682167053,0.11270812153816223,0.1369786262512207,-0.02427050843834877,0.1003730297088623,0.036605603992938995,0.00480560353025794,0.02108290232717991,0.010717097669839859,0.0027921691071242094,0.035525012761354446,0.035525012761354446,2.2343909740448,1.5966390371322632,0.7625073194503784,0.9218372106552124,104.36743927001953,0.4832177460193634,0.08421051502227783,0.05157721787691116,0.5087003707885742,1.61854887008667,1.4524672031402588,0.562985360622406
42,train,0,1.0,1.0,2,PVC_10_0,4,0.15000000596046448,3750.0,1.3824000358581543,0.16250543296337128,0.1713988184928894,0.2092667520046234,-0.03786792606115341,0.1522533893585205,0.05701335519552231,0.0073686037212610245,0.03264601528644562,0.016998736187815666,0.004245518706738949,0.04842253029346466,0.04842253029346466,2.353675603866577,1.6468144655227661,0.7268915176391602,0.9292217493057251,105.84434509277344,0.49300751090049744,0.07591201364994049,0.038619544357061386,0.5160861015319824,1.647033929824829,1.5657411813735962,0.5926195979118347
43,val,0,1.0,1.0,2,PVC_10_0,5,0.17499999701976776,4375.0,1.881600022315979,0.17313167452812195,0.2412118762731552,0.2954869866371155,-0.05427510663866997,0.21176445484161377,0.08372253179550171,0.010828064754605293,0.047074269503355026,0.025820191949605942,0.006197645794600248,0.06197976693511009,0.06197976693511009,2.405133008956909,1.7046256065368652,0.6920794248580933,0.9363734722137451,107.27469635009766,0.5074959397315979,0.07199132442474365,0.031595390290021896,0.5301671624183655,1.6722438335418701,1.6383947134017944,0.6219425797462463
44,train,0,1.0,1.0,2,PVC_10_0,6,0.20000000298023224,5000.0,2.4576001167297363,0.32816481590270996,0.32280391454696655,0.3964720666408539,-0.07366813719272614,0.27796849608421326,0.11850357055664062,0.015509945340454578,0.06477642804384232,0.03821719437837601,0.008858030661940575,0.07576147466897964,0.07576147466897964,2.417117118835449,1.7640835046768188,0.6546387672424316,0.9426351189613342,108.52703094482422,0.5304410457611084,0.07038634270429611,0.027254821732640266,0.5543132424354553,1.6948939561843872,1.6865124702453613,0.6513780355453491
45,val,0,1.0,1.0,2,PVC_10_0,7,0.22499999403953552,5625.0,3.1103999614715576,0.4748879671096802,0.41707754135131836,0.513331949710846,-0.09625441581010818,0.34970623254776,0.16362571716308594,0.0218461062759161,0.0860832929611206,0.05569631978869438,0.012609980069100857,0.0894559770822525,0.0894559770822525,2.402705430984497,1.8226242065429688,0.6132520437240601,0.9472165703773499,109.44332122802734,0.5635021328926086,0.07031792402267456,0.024389401078224182,0.5901945233345032,1.7146813869476318,1.7184280157089233,0.6818328499794006
46,val,0,1.0,1.0,2,PVC_10_0,8,0.25,6250.0,3.8399999141693115,0.5574852824211121,0.5248644948005676,0.6470627784729004,-0.12219828367233276,0.4255724847316742,0.2214903086423874,0.03030458092689514,0.11103199422359467,0.08015373349189758,0.01824268512427807,0.10286881029605865,0.10286881029605865,2.368403434753418,1.8789937496185303,0.5689343214035034,0.9489527344703674,109.79054260253906,0.6059855222702026,0.07149258255958557,0.022491056472063065,0.6372438669204712,1.7308679819107056,1.7385361194610596,0.7140381932258606
47,train,0,1.0,1.0,2,PVC_10_0,9,0.2750000059604645,6875.0,4.646399974822998,0.5972995758056641,0.6466001868247986,0.7981486916542053,-0.15154851973056793,0.5040257573127747,0.29412293434143066,0.04125725477933884,0.13930413126945496,0.11356152594089508,0.027722017839550972,0.11590054631233215,0.11590054631233215,2.31819224357605,1.932325005531311,0.5246061086654663,0.9455310702323914,109.10620880126953,0.6548402309417725,0.07380420714616776,0.02132420428097248,0.6924765706062317,1.7426748275756836,1.7493983507156372,0.7481510043144226
48,train,0,1.0,1.0,2,PVC_10_0,10,0.30000001192092896,7500.0,5.529600143432617,0.7768981456756592,0.7820444107055664,0.9662262797355652,-0.1841818392276764,0.5836303234100342,0.382595956325531,0.05481516942381859,0.17038239538669586,0.15739840269088745,0.04799525439739227,0.12852023541927338,0.12852023541927338,2.2555761337280273,1.9817253351211548,0.4839130938053131,0.9301102161407471,106.02204132080078,0.7051572799682617,0.07719430327415466,0.020761732012033463,0.7508217096328735,1.7496237754821777,1.7528440952301025,0.7835851907730103
49,val,0,1.0,1.0,2,PVC_10_0,11,0.32499998807907104,8125.0,6.48960018157959,0.982464611530304,0.9300838112831116,1.1498525142669678,-0.2197687178850174,0.6633702516555786,0.48648226261138916,0.0707167536020279,0.20375971496105194,0.21200579404830933,0.12503765523433685,0.14074119925498962,0.14074119925498962,2.1844968795776367,2.0261871814727783,0.44972798228263855,0.8688808679580688,93.77617645263672,0.7513971328735352,0.08157534897327423,0.02071492187678814,0.8062424063682556,1.75177001953125,1.7505125999450684,0.8191143274307251
50,train,0,1.0,1.0,2,PVC_10_0,12,0.3499999940395355,8750.0,7.526400089263916,1.096636176109314,1.0886603593826294,1.3464298248291016,-0.25776946544647217,0.742892861366272,0.6035369038581848,0.08834945410490036,0.23897810280323029,0.27620935440063477,0.28669342398643494,0.15260235965251923,0.15260235965251923,2.109367609024048,2.0646748542785645,0.4232730567455292,0.778120756149292,75.62416076660156,0.788922131061554,0.08679502457380295,0.021103035658597946,0.8533052802085876,1.749759554862976,1.744030475616455,0.8532080054283142
51,train,0,1.0,1.0,2,PVC_10_0,13,0.375,9375.0,8.640000343322754,1.2108826637268066,1.254947543144226,1.5524311065673828,-0.2974835932254791,0.8225405812263489,0.7298905849456787,0.10689882189035416,0.2755388617515564,0.34745287895202637,0.4131476581096649,0.1641552746295929,0.1641552746295929,2.034496545791626,2.0963540077209473,0.40427207946777344,0.7271667718887329,65.43335723876953,0.815019965171814,0.09263888001441956,0.021843863651156425,0.8883819580078125,1.744667887687683,1.7349661588668823,0.8844591379165649
52,train,0,1.0,1.0,2,PVC_10_0,14,0.4000000059604645,10000.0,9.830400466918945,1.3690028190612793,1.4257862567901611,1.7639405727386475,-0.3381543457508087,0.9031598567962646,0.8607807159423828,0.12553618848323822,0.31286606192588806,0.42237845063209534,0.5165508985519409,0.17545562982559204,0.17545562982559204,1.963390827178955,2.120826005935669,0.39164698123931885,0.6930793523788452,58.615875244140625,0.8290203213691711,0.09885874390602112,0.022853976115584373,0.909984827041626,1.7377065420150757,1.724698543548584,0.9119084477424622
53,train,0,1.0,1.0,2,PVC_10_0,15,0.42500001192092896,10625.0,11.097599983215332,1.6664570569992065,1.598210096359253,1.9772987365722656,-0.3790886402130127,0.9858046174049377,0.9914941787719727,0.14355960488319397,0.35037654638290405,0.497558057308197,0.6059073209762573,0.18655820190906525,0.18655820190906525,1.898344874382019,2.1382675170898438,0.38413912057876587,0.6676045656204224,53.52091598510742,0.8317599892616272,0.10521285980939865,0.02405407465994358,0.9183903336524963,1.729942798614502,1.7143046855926514,0.9351586103439331
54,val,0,1.0,1.0,2,PVC_10_0,16,0.44999998807907104,11250.0,12.44159984588623,1.7020379304885864,1.7698475122451782,2.189591884613037,-0.4197443723678589,1.0714884996414185,1.1181035041809082,0.16045759618282318,0.3875725567340851,0.5700734257698059,0.6854745745658875,0.197514146566391,0.197514146566391,1.8404526710510254,2.1493802070617676,0.38063058257102966,0.6474189162254333,49.48377990722656,0.8248844742774963,0.11149752140045166,0.025374263525009155,0.9149932861328125,1.7221496105194092,1.704519510269165,0.9542967677116394
55,train,0,1.0,1.0,2,PVC_10_0,17,0.4749999940395355,11875.0,13.86240005493164,1.914313793182373,1.9390921592712402,2.3988561630249023,-0.4597640633583069,1.1610479354858398,1.2378082275390625,0.17591150104999542,0.4240897297859192,0.6378069519996643,0.7577104568481445,0.2083696573972702,0.2083696573972702,1.7898849248886108,2.155202865600586,0.3802334666252136,0.6308286190032959,46.16572570800781,0.8102996349334717,0.11756205558776855,0.026757370680570602,0.9017249345779419,1.714792013168335,1.69576895236969,0.9697248339653015
56,train,0,1.0,1.0,2,PVC_10_0,18,0.5,12500.0,15.359999656677246,2.087332010269165,2.10506534576416,2.6040263175964355,-0.49896103143692017,1.255104899406433,1.348921298980713,0.18976424634456635,0.4596894383430481,0.6994675993919373,0.8242243528366089,0.2191656082868576,0.2191656082868576,1.7462328672409058,2.1568806171417236,0.3822695314884186,0.6168425679206848,43.36851501464844,0.7898476123809814,0.12330986559391022,0.028159843757748604,0.8806514739990234,1.7080906629562378,1.688237190246582,0.9819880127906799
57,val,0,1.0,1.0,3,PVC_10_180,0,0.05000000074505806,1250.0,0.15360000729560852,0.1761522889137268,0.09930004179477692,0.08499903976917267,0.014301000162959099,0.005591008346527815,0.07940803468227386,0.05899064242839813,1.5226371274934536e-08,0.02041737362742424,0.006640447303652763,6.508873658494291e-23,0.006640447303652763,0.7778792977333069,2.8645269870758057,0.8055708408355713,0.9950531721115112,119.01063537597656,1.0346412658691406,0.3875412940979004,1.113588809967041,2.6828699111938477,2.046912431716919,0.49189239740371704,0.7084611058235168
58,val,0,1.0,1.0,3,PVC_10_180,1,0.07500000298023224,1875.0,0.3456000089645386,0.1749381422996521,0.10702768713235855,0.09196175634860992,0.015065930783748627,0.01505795307457447,0.0769038051366806,0.05820838734507561,1.4486407629021869e-08,0.01869540475308895,0.015361522324383259,1.4144996733935752e-22,0.015361522324383259,0.9311197996139526,2.636861801147461,0.7967542409896851,0.9886112809181213,117.72225952148438,0.7667439579963684,0.25300735235214233,0.7088001370429993,1.2349889278411865,2.1184654235839844,0.4962875247001648,0.6804099082946777
59,train,0,1.0,1.0,3,PVC_10_180,2,0.10000000149011612,2500.0,0.6144000291824341,0.10751472413539886,0.13743366301059723,0.11884729564189911,0.018586361780762672,0.03173474222421646,0.08711255341768265,0.0665978491306305,1.7316157396862764e-08,0.02051468752324581,0.028390271589159966,2.403827047809054e-22,0.028390271589159966,1.1038169860839844,2.438486099243164,0.8341876864433289,0.9791058301925659,115.8211669921875,0.6530590653419495,0.16878481209278107,0.42936405539512634,0.8446301817893982,2.1556689739227295,0.5039308071136475,0.6640285849571228
60,train,0,1.0,1.0,3,PVC_10_180,3,0.125,3125.0,0.9599999785423279,0.198393777012825,0.19031083583831787,0.16622669994831085,0.024084143340587616,0.057047415524721146,0.10917928069829941,0.08379831165075302,2.2443973790586824e-08,0.025380944833159447,0.04659499600529671,3.5522088493385176e-22,0.04659499600529671,1.2699249982833862,2.267271041870117,0.8473870754241943,0.9660651087760925,113.21302032470703,0.6192732453346252,0.1173030436038971,0.25517481565475464,0.7248606085777283,2.175535202026367,0.5157153606414795,0.6589288711547852
61,train,0,1.0,1.0,3,PVC_10_180,4,0.15000000596046448,3750.0,1.3824000358581543,0.27636855840682983,0.2634955048561096,0.2335679829120636,0.029927514493465424,0.09080913662910461,0.14275884628295898,0.10947849601507187,2.9143922830598967e-08,0.03328032046556473,0.07105773687362671,1.5467690794663623e-21,0.07105773687362671,1.4038127660751343,2.121866464614868,0.8197802901268005,0.9489836692810059,109.7967300415039,0.6271615624427795,0.08635719120502472,0.1545962691307068,0.6992647647857666,2.186227560043335,0.5324493646621704,0.6645902991294861
62,train,0,1.0,1.0,3,PVC_10_180,5,0.17499999701976776,4375.0,1.881600022315979,0.3855060040950775,0.35346800088882446,0.31981098651885986,0.033656999468803406,0.1315290927886963,0.18828187882900238,0.14367665350437164,3.739065945751463e-08,0.044605180621147156,0.10278953611850739,2.0392714266333154e-21,0.10278953611850739,1.4938530921936035,2.000155448913574,0.7714826464653015,0.927563488483429,105.51270294189453,0.6563889980316162,0.06785544753074646,0.09827345609664917,0.713416337966919,2.1918561458587646,0.5545287132263184,0.6804733276367188
63,train,0,1.0,1.0,3,PVC_10_180,6,0.20000000298023224,5000.0,2.4576001167297363,0.4729076027870178,0.4560421407222748,0.42374974489212036,0.03229239583015442,0.17754334211349487,0.2462064027786255,0.1862773597240448,4.694058119980582e-08,0.059929002076387405,0.14209134876728058,2.571591029431207e-21,0.14209134876728058,1.5438549518585205,1.8991144895553589,0.7128909826278687,0.9021280407905579,100.42560577392578,0.6951608061790466,0.05682528391480446,0.06644025444984436,0.7449411749839783,2.194500684738159,0.5817846059799194,0.7060129046440125
64,train,0,1.0,1.0,3,PVC_10_180,7,0.22499999403953552,5625.0,3.1103999614715576,0.585237979888916,0.5679612159729004,0.5449421405792236,0.023019058629870415,0.227992981672287,0.31694912910461426,0.2369975596666336,5.759805432603571e-08,0.07995150238275528,0.1878364533185959,3.1350989360037208e-21,0.1878364533185959,1.5664573907852173,1.8153712749481201,0.6520777940750122,0.8739358186721802,94.78716278076172,0.7366954684257507,0.05036666616797447,0.04784335941076279,0.7831591367721558,2.1951904296875,0.6136178970336914,0.7405508756637573
65,train,0,1.0,1.0,3,PVC_10_180,8,0.25,6250.0,3.8399999141693115,0.6845232844352722,0.6881169676780701,0.6842769980430603,0.0038399642799049616,0.2832202911376953,0.401056706905365,0.29555678367614746,6.935673724228764e-08,0.10549987852573395,0.23751667141914368,1.100452127541173e-21,0.23751667141914368,1.5761823654174805,1.7460908889770508,0.5948272943496704,0.8448962569236755,88.97925567626953,0.7773346304893494,0.04683545231819153,0.036523427814245224,0.8227900862693787,2.194390058517456,0.6492798328399658,0.7832939624786377
66,train,0,1.0,1.0,3,PVC_10_180,9,0.2750000059604645,6875.0,4.646399974822998,0.8764917254447937,0.8178165555000305,0.8439241647720337,-0.026107611134648323,0.34463629126548767,0.49928784370422363,0.3617776930332184,8.242631821531177e-08,0.1375100463628769,0.28830739855766296,1.3053009020798728e-21,0.28830739855766296,1.5851041078567505,1.689572811126709,0.5444326400756836,0.8167735934257507,83.3547134399414,0.8150227069854736,0.045318812131881714,0.029379896819591522,0.8610321879386902,2.192243814468384,0.6880659461021423,0.8332617878913879
67,train,0,1.0,1.0,3,PVC_10_180,10,0.30000001192092896,7500.0,5.529600143432617,0.9029657244682312,0.9601413011550903,1.026700735092163,-0.06655942648649216,0.4142475426197052,0.6124531626701355,0.4355246126651764,9.719698823573708e-08,0.17692847549915314,0.33811330795288086,1.5292022956885683e-21,0.33811330795288086,1.6009567975997925,1.6452398300170898,0.5022952556610107,0.7906438708305359,78.12877655029297,0.8481814861297607,0.04532371461391449,0.024780206382274628,0.8959085941314697,2.188699245452881,0.7293370962142944,0.889141857624054
68,train,0,1.0,1.0,3,PVC_10_180,11,0.32499998807907104,8125.0,6.48960018157959,1.0138746500015259,1.1187111139297485,1.235018253326416,-0.11630717664957047,0.49402812123298645,0.740990161895752,0.5165008306503296,1.1417851197847995e-07,0.22448919713497162,0.3858281672000885,1.7719416372268438e-21,0.3858281672000885,1.626848578453064,1.613155484199524,0.4686858057975769,0.766912579536438,73.38251495361328,0.8751572370529175,0.046591635793447495,0.02183958888053894,0.9254804849624634,2.183582305908203,0.7724357843399048,0.9490606188774109
69,train,0,1.0,1.0,3,PVC_10_180,12,0.3499999940395355,8750.0,7.526400089263916,1.313947081565857,1.296224594116211,1.4697232246398926,-0.17349864542484283,0.5853080153465271,0.8844152092933655,0.6040163636207581,1.3391350250913092e-07,0.28039872646331787,0.43107983469963074,5.840269234020067e-23,0.43107983469963074,1.6619216203689575,1.5933905839920044,0.443221777677536,0.7455744743347168,69.1148910522461,0.894267201423645,0.04897749051451683,0.02005547657608986,0.947778046131134,2.1766695976257324,0.8165980577468872,1.0104615688323975
70,train,0,1.0,1.0,3,PVC_10_180,13,0.375,9375.0,8.640000343322754,1.5928974151611328,1.4932756423950195,1.7292938232421875,-0.23601824045181274,0.6883792281150818,1.0409146547317505,0.6968488097190857,1.5686988774632482e-07,0.34406569600105286,0.47390738129615784,5.378405057965097e-23,0.47390738129615784,1.7026578187942505,1.585524082183838,0.4251106381416321,0.7264378666877747,65.2875747680664,0.9042165279388428,0.05236548185348511,0.019120996817946434,0.9611669778823853,2.16776967048645,0.8609411716461182,1.0703256130218506
71,val,0,1.0,1.0,3,PVC_10_180,14,0.4000000059604645,10000.0,9.830400466918945,1.7449835538864136,1.7079461812973022,2.009779214859009,-0.30183306336402893,0.8024747371673584,1.2073044776916504,0.7932572960853577,1.833418536989484e-07,0.4140470623970032,0.5145385265350342,4.737613029109707e-23,0.5145385265350342,1.7445100545883179,1.5884344577789307,0.41332554817199707,0.7092531323432922,61.850624084472656,0.9045110940933228,0.05661744251847267,0.018830470740795135,0.9647669792175293,2.156805992126465,0.9045397639274597,1.1257622241973877
72,train,0,1.0,1.0,3,PVC_10_180,15,0.42500001192092896,10625.0,11.097599983215332,1.9275760650634766,1.9363009929656982,2.3054962158203125,-0.36919528245925903,0.9261153340339661,1.3793808221817017,0.8911264538764954,2.1339353395433136e-07,0.4882541596889496,0.5532668828964233,4.3758464666851443e-23,0.5532668828964233,1.7834025621414185,1.600365161895752,0.40677255392074585,0.6937710642814636,58.754215240478516,0.8955909013748169,0.06155659258365631,0.01903274655342102,0.9586363434791565,2.143864393234253,0.9465615153312683,1.1746374368667603
73,train,0,1.0,1.0,3,PVC_10_180,16,0.44999998807907104,11250.0,12.44159984588623,2.2017436027526855,2.173391103744507,2.610090732574463,-0.4366995394229889,1.0576157569885254,1.5524749755859375,0.988172173500061,2.4685201083229913e-07,0.5643025636672974,0.5903915762901306,7.206585157104998e-24,0.5903915762901306,1.8166238069534302,1.6191890239715576,0.4044264554977417,0.6797662973403931,55.95326232910156,0.8786266446113586,0.0669812336564064,0.01961016282439232,0.9436364769935608,2.1291887760162354,0.9863701462745667,1.2158879041671753
74,train,0,1.0,1.0,3,PVC_10_180,17,0.4749999940395355,11875.0,13.86240005493164,2.481191635131836,2.414238929748535,2.917506694793701,-0.5032678246498108,1.1954988241195679,1.7220079898834229,1.0821576118469238,2.8334005719443667e-07,0.6398501992225647,0.6261906623840332,1.0895943249278015e-23,0.6261906623840332,1.8429945707321167,1.6427077054977417,0.40540167689323425,0.6670430302619934,53.408607482910156,0.8551777601242065,0.07269007712602615,0.02046877332031727,0.921139657497406,2.1131303310394287,1.0235744714736938,1.2494361400604248
75,val,0,1.0,1.0,3,PVC_10_180,18,0.5,12500.0,15.359999656677246,2.5872838497161865,2.6545255184173584,3.2226409912109375,-0.5681155323982239,1.3387006521224976,1.8839402198791504,1.1710994243621826,3.223296118903818e-07,0.7128404974937439,0.6609118580818176,3.6900772493286525e-22,0.6609118580818176,1.8625398874282837,1.6689178943634033,0.4089670479297638,0.6554343104362488,51.08686828613281,0.8268765807151794,0.07850605249404907,0.02153349667787552,0.8927271962165833,2.0960843563079834,1.0580060482025146,1.2758727073669434
76,train,0,1.0,1.0,4,Rguijiao_20_0,0,0.05000000074505806,1250.0,0.5408450961112976,0.0793856531381607,0.061979521065950394,0.0679602101445198,-0.005980688147246838,0.006979821249842644,0.06098038703203201,0.007609499152749777,0.03934912011027336,0.014021767303347588,0.0008497143280692399,0.012034342624247074,0.012034342624247074,0.9711053967475891,1.8558226823806763,0.700772762298584,0.9132076501846313,102.64153289794922,1.113717794418335,0.333914190530777,0.3936002254486084,2.0716209411621094,1.6920217275619507,1.9473756551742554,0.48628920316696167
77,train,0,1.0,1.0,4,Rguijiao_20_0,1,0.07500000298023224,1875.0,1.216901421546936,0.06598012149333954,0.08134964853525162,0.09272141009569168,-0.011371761560440063,0.018213609233498573,0.07450780272483826,0.009749111719429493,0.04692239686846733,0.017836296930909157,0.002076980657875538,0.024730108678340912,0.024730108678340912,1.1262521743774414,1.7459428310394287,0.6521530151367188,0.9264792203903198,105.29583740234375,0.8785991072654724,0.2412412464618683,0.23843368887901306,1.226533055305481,1.7296967506408691,1.991029143333435,0.49357327818870544
78,train,0,1.0,1.0,4,Rguijiao_20_0,2,0.10000000149011612,2500.0,2.1633803844451904,0.13217772543430328,0.11455104500055313,0.13370445370674133,-0.01915341056883335,0.036156341433525085,0.09754811972379684,0.012913446873426437,0.061001166701316833,0.023633504286408424,0.004223970230668783,0.03916126862168312,0.03916126862168312,1.2576117515563965,1.7170079946517944,0.6440830826759338,0.9396970868110657,107.93941497802734,0.7438545823097229,0.19045482575893402,0.1605890840291977,0.9153337478637695,1.7560100555419922,2.008737325668335,0.501250684261322
79,train,0,1.0,1.0,4,Rguijiao_20_0,3,0.125,3125.0,3.380281686782837,0.19640156626701355,0.1648743599653244,0.19548475742340088,-0.03061039373278618,0.06188688427209854,0.13359786570072174,0.01750243827700615,0.0838954746723175,0.03219994530081749,0.008221819996833801,0.053746797144412994,0.053746797144412994,1.3776557445526123,1.7239723205566406,0.6592801809310913,0.9483026266098022,109.66053009033203,0.6740474700927734,0.15851162374019623,0.1150917336344719,0.781312108039856,1.7772984504699707,2.015451669692993,0.5099868774414062
80,val,0,1.0,1.0,4,Rguijiao_20_0,4,0.15000000596046448,3750.0,4.867605686187744,0.2594616115093231,0.23015925288200378,0.2758629024028778,-0.04570365324616432,0.09634925425052643,0.17951364815235138,0.023966141045093536,0.11101016402244568,0.04453735426068306,0.01782258413732052,0.06770908087491989,0.06770908087491989,1.4894570112228394,1.748750925064087,0.6434656381607056,0.9432054162025452,108.6410903930664,0.6449693441390991,0.13685975968837738,0.08620011806488037,0.7250283360481262,1.795433521270752,2.015815019607544,0.5204004645347595
81,train,0,1.0,1.0,4,Rguijiao_20_0,5,0.17499999701976776,4375.0,6.625351905822754,0.35800719261169434,0.3126407861709595,0.37759140133857727,-0.0649506077170372,0.1401064544916153,0.23748494684696198,0.032710444182157516,0.14304205775260925,0.06173244118690491,0.0833248496055603,0.08086365461349487,0.08086365461349487,1.5912710428237915,1.7822580337524414,0.6139872074127197,0.8541660308837891,90.83320617675781,0.6399127840995789,0.12173885852098465,0.06713953614234924,0.7073564529418945,1.810665249824524,2.011399030685425,0.532975435256958
82,train,0,1.0,1.0,4,Rguijiao_20_0,6,0.20000000298023224,5000.0,8.653521537780762,0.47495365142822266,0.4129716157913208,0.5014516115188599,-0.08848001062870026,0.1931973397731781,0.30825430154800415,0.043906766921281815,0.17971499264240265,0.08463256061077118,0.23541828989982605,0.09331627935171127,0.09331627935171127,1.6799767017364502,1.8193188905715942,0.581048846244812,0.7266942262649536,65.3388442993164,0.6462271213531494,0.11127694696187973,0.05442360043525696,0.7073847055435181,1.8228193521499634,2.002746105194092,0.5480139851570129
83,train,0,1.0,1.0,4,Rguijiao_20_0,7,0.22499999403953552,5625.0,10.952113151550293,0.5159441232681274,0.5302003026008606,0.6462178230285645,-0.11601752042770386,0.2551666498184204,0.39105117321014404,0.05734623223543167,0.22018912434577942,0.11351580917835236,0.33878958225250244,0.10526465624570847,0.10526465624570847,1.7531579732894897,1.8567086458206177,0.5512114763259888,0.6701484322547913,54.029693603515625,0.6542305946350098,0.10437927395105362,0.0459674671292305,0.7117787003517151,1.831841230392456,1.990227222442627,0.565563440322876
84,train,0,1.0,1.0,4,Rguijiao_20_0,8,0.25,6250.0,13.521126747131348,0.5834466218948364,0.661993145942688,0.808949887752533,-0.14695677161216736,0.3252410292625427,0.48370885848999023,0.07243240624666214,0.26337143778800964,0.14790503680706024,0.4210447072982788,0.11690676212310791,0.11690676212310791,1.8100371360778809,1.8922247886657715,0.5279210209846497,0.6344692707061768,46.893856048583984,0.6573635339736938,0.10027628391981125,0.04040798544883728,0.712174117565155,1.837937355041504,1.974420189857483,0.5853596329689026
85,train,0,1.0,1.0,4,Rguijiao_20_0,9,0.2750000059604645,6875.0,16.360563278198242,0.8144222497940063,0.805051326751709,0.985528826713562,-0.18047752976417542,0.4025600254535675,0.5829688310623169,0.08831913024187088,0.30805090069770813,0.18659883737564087,0.4909791052341461,0.1284092366695404,0.1284092366695404,1.851515769958496,1.9242826700210571,0.5121213793754578,0.6089425683021545,41.788509368896484,0.6522783041000366,0.09834904223680496,0.036823779344558716,0.7043420076370239,1.841507911682129,1.95618736743927,0.6068338751792908
86,train,0,1.0,1.0,4,Rguijiao_20_0,10,0.30000001192092896,7500.0,19.470422744750977,0.9322099089622498,0.9556545615196228,1.1713366508483887,-0.21568210422992706,0.48636555671691895,0.6849710941314697,0.10411138087511063,0.35297244787216187,0.22788724303245544,0.552803099155426,0.13990218937397003,0.13990218937397003,1.8796736001968384,1.9518288373947144,0.5032528638839722,0.5894266963005066,37.88533401489258,0.6383011341094971,0.09807547926902771,0.034588027745485306,0.6872549057006836,1.8430317640304565,1.9365614652633667,0.6292114853858948
87,val,0,1.0,1.0,4,Rguijiao_20_0,11,0.32499998807907104,8125.0,22.850704193115234,0.985845148563385,1.1102116107940674,1.3619353771209717,-0.2517237067222595,0.5760977864265442,0.7858376502990723,0.11903581768274307,0.3969384431838989,0.2698633372783661,0.6090114116668701,0.15148326754570007,0.15148326754570007,1.8971062898635864,1.974376916885376,0.5001316070556641,0.5738567113876343,34.77134704589844,0.6164835691452026,0.09901652485132217,0.03327394649386406,0.6619109511375427,1.8429690599441528,1.9165551662445068,0.6516678333282471
88,train,0,1.0,1.0,4,Rguijiao_20_0,12,0.3499999940395355,8750.0,26.501407623291016,1.1948415040969849,1.2656915187835693,1.5535924434661865,-0.2879009544849396,0.6714065074920654,0.8821859955787659,0.1325358897447586,0.43891358375549316,0.3107365369796753,0.6612422466278076,0.1632239818572998,0.1632239818572998,1.9063893556594849,1.9919664859771729,0.5014646649360657,0.5610531568527222,32.210636138916016,0.588688850402832,0.10081461817026138,0.032590266317129135,0.6302754282951355,1.8417119979858398,1.897006869316101,0.6734766960144043
89,train,0,1.0,1.0,4,Rguijiao_20_0,13,0.375,9375.0,30.422534942626953,1.4401521682739258,1.4198485612869263,1.7435522079467773,-0.3237036168575287,0.7721118330955505,0.9714403748512268,0.14429083466529846,0.478088915348053,0.349060595035553,0.7106358408927917,0.1751757562160492,0.1751757562160492,1.9097646474838257,2.005035877227783,0.5060772895812988,0.5502814054489136,30.056276321411133,0.556935727596283,0.10318867862224579,0.03233760967850685,0.5945287942886353,1.8395764827728271,1.8785078525543213,0.6940999031066895
90,val,0,1.0,1.0,4,Rguijiao_20_0,14,0.4000000059604645,10000.0,34.61408615112305,1.5939713716506958,1.5712692737579346,1.9300868511199951,-0.35881751775741577,0.8781548142433167,1.0519319772720337,0.1541857272386551,0.5139023065567017,0.38384395837783813,0.7580162286758423,0.1873747855424881,0.1873747855424881,1.9090319871902466,2.0142452716827393,0.5129789113998413,0.5410550832748413,28.211017608642578,0.5230422019958496,0.10592558979988098,0.03237883001565933,0.5566536784172058,1.8368065357208252,1.861411213874817,0.7132076025009155
91,train,0,1.0,1.0,4,Rguijiao_20_0,15,0.42500001192092896,10625.0,39.07605743408203,1.847556233406067,1.71928071975708,2.1123809814453125,-0.3931002914905548,0.9895511865615845,1.1228299140930176,0.1622590571641922,0.5460230708122253,0.4145478308200836,0.803994357585907,0.19984598457813263,0.19984598457813263,1.9055596590042114,2.020324945449829,0.5213679671287537,0.5330373644828796,26.607471466064453,0.4884764552116394,0.10886858403682709,0.03261895850300789,0.5182554125785828,1.8335920572280884,1.845875859260559,0.73065185546875
92,val,0,1.0,1.0,4,Rguijiao_20_0,16,0.44999998807907104,11250.0,43.80845260620117,1.9395111799240112,1.8637995719909668,2.290343999862671,-0.4265443980693817,1.1063566207885742,1.1839873790740967,0.16864854097366333,0.5743246674537659,0.44101423025131226,0.8490321040153503,0.21260574460029602,0.21260574460029602,1.9003441333770752,2.0239624977111816,0.5306140184402466,0.5259861946105957,25.19723892211914,0.4543376564979553,0.11190560460090637,0.032992105931043625,0.4805317223072052,1.8300788402557373,1.8319262266159058,0.7464175820350647
93,val,0,1.0,1.0,4,Rguijiao_20_0,17,0.4749999940395355,11875.0,48.8112678527832,2.0250658988952637,2.0051684379577637,2.464406967163086,-0.45923855900764465,1.2286447286605835,1.2357622385025024,0.17354613542556763,0.5988488793373108,0.4633672535419464,0.8934834003448486,0.2256641983985901,0.2256641983985901,1.8940925598144531,2.0257568359375,0.5402352213859558,0.519722580909729,23.944515228271484,0.4213935434818268,0.11495829373598099,0.03345228359103203,0.44431012868881226,1.8263789415359497,1.819501280784607,0.7605772018432617
94,train,0,1.0,1.0,4,Rguijiao_20_0,18,0.5,12500.0,54.08450698852539,2.1159510612487793,2.1439967155456543,2.6353278160095215,-0.4913311004638672,1.356493592262268,1.2788342237472534,0.1771627515554428,0.6197635531425476,0.4819078743457794,0.9382701516151428,0.23902688920497894,0.23902688920497894,1.8872953653335571,2.0261971950531006,0.5498772859573364,0.5142316222190857,22.84632110595703,0.3901371657848358,0.11797383427619934,0.03396736830472946,0.4101106524467468,1.822579026222229,1.8084907531738281,0.7732501029968262
95,train,0,1.0,1.0,5,Rguijiao_20_180,0,0.05000000074505806,1250.0,0.5408450961112976,0.03256566822528839,0.058736853301525116,0.050079502165317535,0.00865735299885273,0.005276510491967201,0.044802989810705185,0.03513382747769356,1.287386641735111e-08,0.009669152088463306,0.014045508578419685,4.771743885034999e-23,0.014045508578419685,0.7341231107711792,3.270636558532715,0.9484038949012756,0.9817633032798767,116.3526611328125,0.4824422299861908,0.3662931025028229,0.8667194843292236,0.6650199294090271,2.153759479522705,0.6240921020507812,0.5927343368530273
96,train,0,1.0,1.0,5,Rguijiao_20_180,1,0.07500000298023224,1875.0,1.216901421546936,0.1428789347410202,0.09390007704496384,0.0805787742137909,0.013321303762495518,0.013942467048764229,0.06663630902767181,0.05218156799674034,2.1213836021161114e-08,0.014454714953899384,0.034756336361169815,9.746242062107351e-23,0.034756336361169815,0.8621428608894348,2.6845285892486572,0.9468069672584534,0.955812931060791,111.16258239746094,0.45745429396629333,0.16631512343883514,0.3382856249809265,0.5246418714523315,2.195545196533203,0.7070404887199402,0.6081836223602295
97,train,0,1.0,1.0,5,Rguijiao_20_180,2,0.10000000149011612,2500.0,2.1633803844451904,0.154811292886734,0.17012885212898254,0.14832575619220734,0.02180309034883976,0.029323605820536613,0.11900215595960617,0.09203588217496872,3.765574518865833e-08,0.026966234669089317,0.06915778666734695,1.5577213465954122e-22,0.06915778666734695,1.019951343536377,2.0918102264404297,0.8253976106643677,0.9151419997215271,103.02839660644531,0.6076353788375854,0.08140205591917038,0.11889182031154633,0.6643642783164978,2.207533597946167,0.8206906914710999,0.646800696849823
98,train,0,1.0,1.0,5,Rguijiao_20_180,3,0.125,3125.0,3.380281686782837,0.3438483476638794,0.28346002101898193,0.2543281316757202,0.029131894931197166,0.05339202284812927,0.20093610882759094,0.15212586522102356,5.434278449456542e-08,0.04881018400192261,0.11730728298425674,3.3007464984804745e-22,0.11730728298425674,1.1885528564453125,1.6670461893081665,0.6256924867630005,0.8628255128860474,92.56509399414062,0.8187485337257385,0.051556140184402466,0.051099687814712524,0.8813551068305969,2.2088348865509033,0.9458067417144775,0.7087132930755615
99,train,0,1.0,1.0,5,Rguijiao_20_180,4,0.15000000596046448,3750.0,4.867605686187744,0.366254061460495,0.4169417917728424,0.389283150434494,0.027658654376864433,0.08703651279211044,0.302246630191803,0.2232089787721634,7.040636518240717e-08,0.07903756946325302,0.17116811871528625,3.0512473384256006e-22,0.17116811871528625,1.345491886138916,1.433912992477417,0.49280059337615967,0.8097938895225525,81.95877838134766,0.9778680801391602,0.042264003306627274,0.02957579866051674,1.0459372997283936,2.2048521041870117,1.0584486722946167,0.7807309031486511
100,val,0,1.0,1.0,5,Rguijiao_20_180,5,0.17499999701976776,4375.0,6.625351905822754,0.5469441413879395,0.5612162351608276,0.5479663610458374,0.01324984710663557,0.13077577948570251,0.4171905517578125,0.3009098470211029,9.261902533808097e-08,0.11628060787916183,0.22271017730236053,4.1042529535057127e-22,0.22271017730236053,1.4852972030639648,1.3220807313919067,0.44120633602142334,0.7638893723487854,72.77787780761719,1.0567516088485718,0.040797002613544464,0.021543247625231743,1.127733826637268,2.19671893119812,1.149364709854126,0.8488781452178955
101,val,0,1.0,1.0,5,Rguijiao_20_180,6,0.20000000298023224,5000.0,8.653521537780762,0.6811033487319946,0.7137044668197632,0.7280869483947754,-0.014382461085915565,0.1852000653743744,0.5428869128227234,0.38355445861816406,1.174009582882718e-07,0.15933232009410858,0.269457072019577,5.165577832583413e-22,0.269457072019577,1.610435128211975,1.2762210369110107,0.4111413359642029,0.7262254357337952,65.24508666992188,1.074418544769287,0.0428771898150444,0.018192296847701073,1.146478533744812,2.184509515762329,1.2197438478469849,0.9074668288230896
102,train,0,1.0,1.0,5,Rguijiao_20_180,7,0.22499999403953552,5625.0,10.952113151550293,0.8595311641693115,0.8723819255828857,0.925557553768158,-0.053175631910562515,0.2506088614463806,0.6749486923217773,0.468340665102005,1.443512900323185e-07,0.2066078931093216,0.31184452772140503,6.088031133035027e-22,0.31184452772140503,1.7218432426452637,1.2670447826385498,0.39362406730651855,0.6954247355461121,59.08494186401367,1.051029086112976,0.04692550376057625,0.01687372662127018,1.1224569082260132,2.1682732105255127,1.2733635902404785,0.9565308690071106
103,val,0,1.0,1.0,5,Rguijiao_20_180,8,0.25,6250.0,13.521126747131348,0.9238037467002869,1.034077763557434,1.133669137954712,-0.09959142655134201,0.32675179839134216,0.8069173097610474,0.5510632395744324,1.7227459636615094e-07,0.25585389137268066,0.35095101594924927,4.4343872033728714e-23,0.35095101594924927,1.818444848060608,1.2792201042175293,0.38338637351989746,0.6699312329292297,53.986244201660156,1.00045645236969,0.05223027244210243,0.01664021611213684,1.0693973302841187,2.1484031677246094,1.3138935565948486,0.9974849224090576
104,train,0,1.0,1.0,5,Rguijiao_20_180,9,0.2750000059604645,6875.0,16.360563278198242,1.1566203832626343,1.194678783416748,1.3442344665527344,-0.14955569803714752,0.4128761887550354,0.9313582181930542,0.6271072030067444,1.9993497346604272e-07,0.3042508363723755,0.3877774477005005,1.5124849068464185e-22,0.3877774477005005,1.8989633321762085,1.3037981986999512,0.3780587613582611,0.6485117077827454,49.702335357666016,0.9326956272125244,0.058365557342767715,0.017084471881389618,0.997330904006958,2.1257174015045166,1.3444803953170776,1.031324863433838
105,train,0,1.0,1.0,5,Rguijiao_20_180,10,0.30000001192092896,7500.0,19.470422744750977,1.4060606956481934,1.3501007556915283,1.5495760440826416,-0.1994752436876297,0.5079662203788757,1.041609764099121,0.6926725506782532,2.3650854075185634e-07,0.3489370048046112,0.42311134934425354,2.1849816341358754e-22,0.42311134934425354,1.9631544351577759,1.334883213043213,0.393428236246109,0.6302563548088074,46.05126953125,0.8557167649269104,0.06499847024679184,0.01798897236585617,0.9145838618278503,2.1013453006744385,1.3677667379379272,1.0585623979568481
106,train,0,1.0,1.0,5,Rguijiao_20_180,11,0.32499998807907104,8125.0,22.850704193115234,1.4605861902236938,1.4974619150161743,1.7443848848342896,-0.24692301452159882,0.6110261678695679,1.1333587169647217,0.745664119720459,2.74119486221025e-07,0.38769423961639404,0.4575432538986206,2.0516508882903167e-22,0.4575432538986206,2.0121264457702637,1.3683749437332153,0.41309255361557007,0.6144993305206299,42.899864196777344,0.7759485840797424,0.07183855772018433,0.01920793578028679,0.8281761407852173,2.0764787197113037,1.3859196901321411,1.0796265602111816
107,train,0,1.0,1.0,5,Rguijiao_20_180,12,0.3499999940395355,8750.0,26.501407623291016,1.5938189029693604,1.6357741355895996,1.9265522956848145,-0.29077816009521484,0.7212792038917542,1.2052730321884155,0.7858830094337463,3.1147027357292245e-07,0.4193897247314453,0.49150949716567993,1.0935382981323264e-22,0.49150949716567993,2.0479979515075684,1.401547908782959,0.4355162978172302,0.60074782371521,40.14957046508789,0.698160707950592,0.07864256948232651,0.020629165694117546,0.7435135245323181,2.0521249771118164,1.4006168842315674,1.0951248407363892
108,train,0,1.0,1.0,5,Rguijiao_20_180,13,0.375,9375.0,30.422534942626953,1.7949695587158203,1.7657997608184814,2.0967421531677246,-0.3309423327445984,0.8382203578948975,1.2585216760635376,0.8145586252212524,3.473290917099803e-07,0.4439627230167389,0.5253316760063171,1.495270447281558e-22,0.5253316760063171,2.07327938079834,1.4328064918518066,0.45919370651245117,0.588631272315979,37.72625732421875,0.6254059076309204,0.08522877097129822,0.022163808345794678,0.6641632914543152,2.0289723873138428,1.4130589962005615,1.1058602333068848
109,train,0,1.0,1.0,5,Rguijiao_20_180,14,0.4000000059604645,10000.0,34.61408615112305,1.8172143697738647,1.8893976211547852,2.257312297821045,-0.367914617061615,0.961574375629425,1.295737862586975,0.833640456199646,3.807130042332574e-07,0.46209701895713806,0.5592469573020935,1.9560245382707015e-22,0.5592469573020935,2.090378761291504,1.46140718460083,0.4828280210494995,0.5778660178184509,35.57320785522461,0.5592527389526367,0.09147973358631134,0.02374432422220707,0.5920174717903137,2.007390260696411,1.4240312576293945,1.1127206087112427
110,train,0,1.0,1.0,5,Rguijiao_20_180,15,0.42500001192092896,10625.0,39.07605743408203,1.9982558488845825,2.0088343620300293,2.411269187927246,-0.40243473649024963,1.0912199020385742,1.3200494050979614,0.8452149033546448,4.1099457348536816e-07,0.4748340845108032,0.593430757522583,4.209740443493825e-22,0.593430757522583,2.1013412475585938,1.487161636352539,0.5054579973220825,0.5682315826416016,33.64631271362305,0.5001964569091797,0.09733360260725021,0.025322388857603073,0.5277180671691895,1.9875037670135498,1.4340128898620605,1.1165614128112793
111,train,0,1.0,1.0,5,Rguijiao_20_180,16,0.44999998807907104,11250.0,43.80845260620117,2.1439406871795654,2.1263115406036377,2.561573028564453,-0.43526139855384827,1.227126955986023,1.3344461917877197,0.8511665463447571,4.3790160475509765e-07,0.4832792282104492,0.6280124187469482,7.673410321620723e-23,0.6280124187469482,2.1077864170074463,1.5101892948150635,0.5264809131622314,0.5595534443855286,31.910694122314453,0.44806724786758423,0.10276946425437927,0.026866059750318527,0.47111645340919495,1.969285249710083,1.4432756900787354,1.1181297302246094
112,train,0,1.0,1.0,5,Rguijiao_20_180,17,0.4749999940395355,11875.0,48.8112678527832,2.1708872318267822,2.2437233924865723,2.710789680480957,-0.46706631779670715,1.369308352470398,1.3414814472198486,0.8530440330505371,4.614448130269011e-07,0.4884369373321533,0.6630873680114746,1.0249265592317644e-21,0.6630873680114746,2.1109414100646973,1.5307493209838867,0.5455963611602783,0.5516924262046814,30.33848762512207,0.4023418128490448,0.10779343545436859,0.028355561196804047,0.4216381311416626,1.9526259899139404,1.4519685506820679,1.1180367469787598
113,train,0,1.0,1.0,5,Rguijiao_20_180,18,0.5,12500.0,54.08450698852539,2.288050651550293,2.3626019954681396,2.8610033988952637,-0.49840131402015686,1.5177973508834839,1.3432059288024902,0.8520564436912537,4.818266461370513e-07,0.4911489486694336,0.6987252831459045,1.5449125679011279e-21,0.6987252831459045,2.111717939376831,1.5491418838500977,0.5627231001853943,0.544535219669342,28.90704917907715,0.3623516857624054,0.11242705583572388,0.029780084267258644,0.3785300552845001,1.9373835325241089,1.4601738452911377,1.1167614459991455
114,train,0,1.0,1.0,6,Rguijiao_10_0,0,0.05000000074505806,1250.0,0.5408450961112976,0.032475970685482025,0.018762623891234398,0.017951129004359245,0.000811494595836848,0.0042288037948310375,0.01372232474386692,0.008098105899989605,0.0020723934285342693,0.003551826346665621,0.007022754289209843,0.006017171312123537,0.006017171312123537,0.5883552432060242,2.645608901977539,0.9426260590553284,0.6977755427360535,59.55510711669922,0.3412025570869446,0.4226936995983124,0.4582782983779907,0.40861618518829346,1.997611165046692,0.5423257946968079,0.8761513829231262
115,train,0,1.0,1.0,6,Rguijiao_10_0,1,0.07500000298023224,1875.0,1.216901421546936,0.01790078543126583,0.03320184350013733,0.03716558218002319,-0.003963739611208439,0.01452801562845707,0.022637564688920975,0.012067897245287895,0.004190624225884676,0.0063790432177484035,0.017378168180584908,0.012365054339170456,0.012365054339170456,0.898350715637207,2.019916296005249,0.8816709518432617,0.6890503168106079,57.810062408447266,0.33513981103897095,0.12300927937030792,0.0660274401307106,0.35144147276878357,2.0147976875305176,0.7935459017753601,1.065014123916626
116,train,0,1.0,1.0,6,Rguijiao_10_0,2,0.10000000149011612,2500.0,2.1633803844451904,0.07656078040599823,0.07563231140375137,0.08996777981519699,-0.014335467480123043,0.041464049369096756,0.048503730446100235,0.02284923940896988,0.01130697038024664,0.014347518794238567,0.03457889333367348,0.01958063431084156,0.01958063431084156,1.4422277212142944,1.7714015245437622,0.7332565784454346,0.6682419776916504,53.64839553833008,0.4352801442146301,0.06597382575273514,0.0249237772077322,0.4498356580734253,1.9116549491882324,1.290113925933838,1.2003682851791382
117,train,0,1.0,1.0,6,Rguijiao_10_0,3,0.125,3125.0,3.380281686782837,0.23806096613407135,0.12869375944137573,0.15528762340545654,-0.026593869552016258,0.07628868520259857,0.07899893075227737,0.03513021022081375,0.019702432677149773,0.02416628785431385,0.05865364149212837,0.026873398572206497,0.026873398572206497,1.6982523202896118,1.7240768671035767,0.6492177248001099,0.6360481977462769,47.20964050292969,0.4650777280330658,0.05936918780207634,0.020004233345389366,0.47993144392967224,1.8114802837371826,1.564884901046753,1.2461283206939697
118,train,0,1.0,1.0,6,Rguijiao_10_0,4,0.15000000596046448,3750.0,4.867605686187744,0.1772611141204834,0.18347322940826416,0.22269360721111298,-0.03922037407755852,0.11272239685058594,0.10997121036052704,0.04761902615427971,0.028100626543164253,0.03425155580043793,0.08558405935764313,0.033854540437459946,0.033854540437459946,1.7425684928894043,1.7267978191375732,0.6142414212226868,0.6019469499588013,40.38938522338867,0.4516555666923523,0.061830755323171616,0.01938987709581852,0.4660550653934479,1.7531861066818237,1.6843193769454956,1.2610368728637695
119,val,0,1.0,1.0,6,Rguijiao_10_0,5,0.17499999701976776,4375.0,6.625351905822754,0.18364696204662323,0.2415599524974823,0.29441726207733154,-0.05285731703042984,0.15026237070560455,0.144154891371727,0.061644699424505234,0.03705611824989319,0.04545406997203827,0.11135508865118027,0.040431827306747437,0.040431827306747437,1.7066179513931274,1.745415210723877,0.5942009091377258,0.5731584429740906,34.63169479370117,0.43167567253112793,0.06698502600193024,0.019539203494787216,0.44572967290878296,1.7248769998550415,1.7449742555618286,1.2718477249145508
120,train,0,1.0,1.0,6,Rguijiao_10_0,6,0.20000000298023224,5000.0,8.653521537780762,0.3012953996658325,0.305568128824234,0.3737717866897583,-0.06820366531610489,0.18900123238563538,0.18477055430412292,0.07863769680261612,0.04710015654563904,0.05903271213173866,0.1347285360097885,0.04665813967585564,0.04665813967585564,1.6434887647628784,1.7740345001220703,0.5769204497337341,0.5506797432899475,30.13594627380371,0.4168313443660736,0.07364454865455627,0.019904596731066704,0.4310685396194458,1.7138432264328003,1.7792900800704956,1.2865688800811768
121,val,0,1.0,1.0,6,Rguijiao_10_0,7,0.22499999403953552,5625.0,10.952113151550293,0.3997516632080078,0.3769242465496063,0.4624732732772827,-0.08554903417825699,0.22891674935817719,0.23355653882026672,0.09932269901037216,0.05847449600696564,0.07575935870409012,0.15592226386070251,0.05263232812285423,0.05263232812285423,1.57280433177948,1.8099277019500732,0.5603556632995605,0.5332548022270203,26.650957107543945,0.4072887897491455,0.08162199705839157,0.020474938675761223,0.4222119152545929,1.7115931510925293,1.7982693910598755,1.3055343627929688
122,train,0,1.0,1.0,6,Rguijiao_10_0,8,0.25,6250.0,13.521126747131348,0.3755049407482147,0.4548874795436859,0.5594888925552368,-0.1046014204621315,0.2699357867240906,0.28955310583114624,0.12321430444717407,0.0709599107503891,0.09537889808416367,0.17547550797462463,0.058453381061553955,0.058453381061553955,1.5022512674331665,1.8488103151321411,0.5459103584289551,0.5195333957672119,23.90667724609375,0.39928510785102844,0.09079885482788086,0.02132151834666729,0.41511833667755127,1.7124804258346558,1.8065757751464844,1.3256129026412964
123,train,0,1.0,1.0,6,Rguijiao_10_0,9,0.2750000059604645,6875.0,16.360563278198242,0.5174230337142944,0.5367372035980225,0.6613349914550781,-0.12459778040647507,0.31219688057899475,0.34913814067840576,0.14866887032985687,0.08392974734306335,0.11653953045606613,0.19388872385025024,0.0642046183347702,0.0642046183347702,1.4359036684036255,1.8855533599853516,0.5351886749267578,0.5085000395774841,21.700002670288086,0.3891073167324066,0.10081944614648819,0.02246144413948059,0.4056950807571411,1.713266134262085,1.8072315454483032,1.3430062532424927
124,train,0,1.0,1.0,6,Rguijiao_10_0,10,0.30000001192092896,7500.0,19.470422744750977,0.7263884544372559,0.6191621422767639,0.7638375759124756,-0.14467544853687286,0.35618147253990173,0.40765613317489624,0.173630490899086,0.09663285315036774,0.1373928040266037,0.21155567467212677,0.06995109468698502,0.06995109468698502,1.3765467405319214,1.9163182973861694,0.5287172794342041,0.49944519996643066,19.889041900634766,0.37498214840888977,0.11112381517887115,0.023840589448809624,0.39186447858810425,1.7127293348312378,1.8028684854507446,1.355272650718689
125,train,0,1.0,1.0,6,Rguijiao_10_0,11,0.32499998807907104,8125.0,22.850704193115234,0.856721043586731,0.6997066736221313,0.8639270067214966,-0.16422034800052643,0.40258222818374634,0.46134477853775024,0.19647158682346344,0.10847914218902588,0.15639406442642212,0.2287716269493103,0.07574163377285004,0.07574163377285004,1.3257145881652832,1.9396978616714478,0.5260363817214966,0.491877019405365,18.37540626525879,0.35707443952560425,0.12115223705768585,0.02537098340690136,0.37367668747901917,1.7108492851257324,1.7957359552383423,1.3618592023849487
126,train,0,1.0,1.0,6,Rguijiao_10_0,12,0.3499999940395355,8750.0,26.501407623291016,0.7031731605529785,0.7772958874702454,0.9602720737457275,-0.18297618627548218,0.4520832300186157,0.5081888437271118,0.21633881330490112,0.11914854496717453,0.17270149290561676,0.24575474858283997,0.0816119909286499,0.0816119909286499,1.2836436033248901,1.9562609195709229,0.52625972032547,0.4854499101638794,17.08997917175293,0.3365517258644104,0.13050521910190582,0.02696879208087921,0.3523617386817932,1.708014726638794,1.787498950958252,1.3634939193725586
127,train,0,1.0,1.0,6,Rguijiao_10_0,13,0.375,9375.0,30.422534942626953,0.7567718625068665,0.851970911026001,1.0529358386993408,-0.20096492767333984,0.5052281618118286,0.5477076768875122,0.2330417037010193,0.1285492479801178,0.18611669540405273,0.26266583800315857,0.0875878781080246,0.0875878781080246,1.2496464252471924,1.9674655199050903,0.5284889936447144,0.4799163043498993,15.983262062072754,0.3147560954093933,0.13897787034511566,0.028570644557476044,0.32941576838493347,1.7046232223510742,1.77921462059021,1.3613821268081665
128,train,0,1.0,1.0,6,Rguijiao_10_0,14,0.4000000059604645,10000.0,34.61408615112305,0.926590085029602,0.924397885799408,1.1427581310272217,-0.21836023032665253,0.5623936653137207,0.580364465713501,0.24679182469844818,0.13673035800457,0.1968422681093216,0.27962347865104675,0.09368739277124405,0.09368739277124405,1.2225947380065918,1.974843978881836,0.5319843292236328,0.475095272064209,15.019055366516113,0.29280179738998413,0.14651748538017273,0.030135180801153183,0.3061196506023407,1.700965404510498,1.7714577913284302,1.3566975593566895
129,train,0,1.0,1.0,6,Rguijiao_10_0,15,0.42500001192092896,10625.0,39.07605743408203,0.9616321325302124,0.9954735636711121,1.2308624982833862,-0.23538894951343536,0.6238188147544861,0.6070436835289001,0.2579781711101532,0.1438078135251999,0.20525771379470825,0.2967153787612915,0.09992299228906631,0.09992299228906631,1.2012758255004883,1.9796408414840698,0.536195695400238,0.4708518087863922,14.17035961151123,0.2714706063270569,0.15316243469715118,0.03163832426071167,0.2833910882472992,1.6972320079803467,1.7644829750061035,1.3503854274749756
130,train,0,1.0,1.0,6,Rguijiao_10_0,16,0.44999998807907104,11250.0,43.80845260620117,1.140575885772705,1.066103458404541,1.3183808326721191,-0.2522773742675781,0.6896458268165588,0.6287350654602051,0.2670324444770813,0.14992107450962067,0.2117815613746643,0.3140062093734741,0.10630287230014801,0.10630287230014801,1.1845768690109253,1.9827555418014526,0.5407378673553467,0.46708327531814575,13.416654586791992,0.2512470781803131,0.15899620950222015,0.033067770302295685,0.2618081867694855,1.6935398578643799,1.7583578824996948,1.3431344032287598
131,train,0,1.0,1.0,6,Rguijiao_10_0,17,0.4749999940395355,11875.0,48.8112678527832,1.0781452655792236,1.1371029615402222,1.4063305854797363,-0.26922765374183655,0.7599564790725708,0.6463741660118103,0.27436137199401855,0.1552099585533142,0.21680283546447754,0.3315436840057373,0.11283209919929504,0.11283209919929504,1.1715575456619263,1.9847971200942993,0.5453529953956604,0.46371036767959595,12.742074966430664,0.23239126801490784,0.16411709785461426,0.034418992698192596,0.24168649315834045,1.6899583339691162,1.7530524730682373,1.3354202508926392
132,train,0,1.0,1.0,6,Rguijiao_10_0,18,0.5,12500.0,54.08450698852539,1.1654129028320312,1.2091610431671143,1.4955706596374512,-0.2864096760749817,0.8347933292388916,0.6607772707939148,0.2803186774253845,0.15980412065982819,0.22065448760986328,0.34936264157295227,0.11951344460248947,0.11951344460248947,1.1614515781402588,1.986160397529602,0.5498766303062439,0.4606708288192749,12.13416576385498,0.21500854194164276,0.16862215101718903,0.035692062228918076,0.22315849363803864,1.6865260601043701,1.7484923601150513,1.3275587558746338
133,train,0,1.0,1.0,7,Rguijiao_10_180,0,0.05000000074505806,1250.0,0.5408450961112976,0.07105152308940887,0.060689013451337814,0.0513034351170063,0.009385577403008938,0.005920735653489828,0.045382700860500336,0.029056547209620476,7.223003084533275e-09,0.016326146200299263,0.007022754289209843,2.3858719425174996e-23,0.007022754289209843,0.8237544298171997,2.53401517868042,0.7533576488494873,0.9817633032798767,116.3526611328125,0.885585367679596,0.25689324736595154,0.5649621486663818,1.4794403314590454,2.066836357116699,0.5114932060241699,1.1613034009933472
134,train,0,1.0,1.0,7,Rguijiao_10_180,1,0.07500000298023224,1875.0,1.216901421546936,0.12306200712919235,0.0924701988697052,0.07851045578718185,0.013959742151200771,0.015535875223577023,0.06297457963228226,0.039855245500802994,9.645870768792975e-09,0.023119322955608368,0.017378168180584908,4.8731210310536756e-23,0.017378168180584908,0.9606724381446838,2.1618001461029053,0.7032668590545654,0.955812931060791,111.16258239746094,0.7966741323471069,0.15617021918296814,0.26859545707702637,1.0316065549850464,2.1180787086486816,0.5466874837875366,1.2286598682403564
135,train,0,1.0,1.0,7,Rguijiao_10_180,2,0.10000000149011612,2500.0,2.1633803844451904,0.1277802288532257,0.1433490812778473,0.12279941141605377,0.02054966427385807,0.030538273975253105,0.09226113557815552,0.057757481932640076,1.4361277500540837e-08,0.03450363501906395,0.03457889333367348,7.788606732977061e-23,0.03457889333367348,1.062200665473938,1.921295166015625,0.6651290655136108,0.9151419997215271,103.02839660644531,0.798620343208313,0.10555362701416016,0.13772274553775787,0.9360917210578918,2.140939712524414,0.6002671718597412,1.2789720296859741
136,train,0,1.0,1.0,7,Rguijiao_10_180,3,0.125,3125.0,3.380281686782837,0.20696482062339783,0.2111419141292572,0.18373867869377136,0.027403229847550392,0.050111643970012665,0.1336270421743393,0.08282545953989029,2.072571092526232e-08,0.050801556557416916,0.05865364149212837,1.6503732492402373e-22,0.05865364149212837,1.1155287027359009,1.783711552619934,0.6026450395584106,0.8628255128860474,92.56509399414062,0.8232953548431396,0.07914196699857712,0.07908794283866882,0.9210734367370605,2.1509668827056885,0.6698521375656128,1.319309949874878
137,train,0,1.0,1.0,7,Rguijiao_10_180,4,0.15000000596046448,3750.0,4.867605686187744,0.25759854912757874,0.29165858030319214,0.2603115737438202,0.031346991658210754,0.07319178432226181,0.18711978197097778,0.11489252746105194,2.878224591995604e-08,0.07222722470760345,0.08558405935764313,1.5256236692128003e-22,0.08558405935764313,1.1314672231674194,1.7128995656967163,0.5397416353225708,0.8097938895225525,81.95877838134766,0.8454638123512268,0.06523901224136353,0.05081908777356148,0.9228094816207886,2.1536448001861572,0.7496910095214844,1.3538892269134521
138,train,0,1.0,1.0,7,Rguijiao_10_180,5,0.17499999701976776,4375.0,6.625351905822754,0.36598169803619385,0.3788462281227112,0.35084372758865356,0.028002489358186722,0.0995488315820694,0.251294881105423,0.15292921662330627,3.876403553704222e-08,0.09836561232805252,0.11135508865118027,2.0521264767528563e-22,0.11135508865118027,1.1306345462799072,1.6813719272613525,0.4905305504798889,0.7638893723487854,72.77787780761719,0.8551930785179138,0.05848728120326996,0.03610127791762352,0.920547604560852,2.150864839553833,0.8335792422294617,1.3834577798843384
139,train,0,1.0,1.0,7,Rguijiao_10_180,6,0.20000000298023224,5000.0,8.653521537780762,0.4905824661254883,0.466208279132843,0.45269736647605896,0.013510927557945251,0.13007500767707825,0.3226223587989807,0.1947748363018036,5.082629783714765e-08,0.12784746289253235,0.1347285360097885,2.5827889162917066e-22,0.1347285360097885,1.131086826324463,1.6715118885040283,0.4578303396701813,0.7262254357337952,65.24508666992188,0.848541796207428,0.05627324804663658,0.02804245799779892,0.90619295835495,2.143144369125366,0.9161441326141357,1.4067296981811523
140,val,0,1.0,1.0,7,Rguijiao_10_180,7,0.22499999403953552,5625.0,10.952113151550293,0.5705785155296326,0.5495104789733887,0.5621970295906067,-0.012686531990766525,0.16646651923656464,0.39573049545288086,0.23729762434959412,6.485877435125076e-08,0.15843281149864197,0.15592226386070251,3.0440155665175137e-22,0.15592226386070251,1.1437313556671143,1.6729224920272827,0.4397575855255127,0.6954247355461121,59.08494186401367,0.82463538646698,0.05719348415732384,0.02360134944319725,0.8767632842063904,2.1304876804351807,0.9931212067604065,1.4224293231964111
141,train,0,1.0,1.0,7,Rguijiao_10_180,8,0.25,6250.0,13.521126747131348,0.6228553056716919,0.6283016800880432,0.675194263458252,-0.04689260572195053,0.21070918440818787,0.4644851088523865,0.2769796550273895,8.044528243544846e-08,0.1875053495168686,0.17547550797462463,2.2171936016864357e-23,0.17547550797462463,1.1726423501968384,1.6800227165222168,0.4334999918937683,0.6699312329292297,53.986244201660156,0.7848032712936401,0.060405466705560684,0.0213200394064188,0.8323134779930115,2.1128787994384766,1.0616941452026367,1.4303433895111084
142,train,0,1.0,1.0,7,Rguijiao_10_180,9,0.2750000059604645,6875.0,16.360563278198242,0.7124390006065369,0.7044439911842346,0.7880353927612305,-0.08359137922525406,0.26453420519828796,0.5235011577606201,0.3107604384422302,9.697409097952914e-08,0.21274064481258392,0.19388872385025024,7.562424534232092e-23,0.19388872385025024,1.2166862487792969,1.6901017427444458,0.4366098642349243,0.6485117077827454,49.702335357666016,0.732245683670044,0.065322145819664,0.020440736785531044,0.7752957344055176,2.090686321258545,1.1206928491592407,1.431243658065796
143,train,0,1.0,1.0,7,Rguijiao_10_180,10,0.30000001192092896,7500.0,19.470422744750977,0.8545188307762146,0.7798850536346436,0.8985300660133362,-0.11864499747753143,0.3289511799812317,0.5695788860321045,0.3368661403656006,1.1378726583188836e-07,0.23271259665489197,0.21155567467212677,1.0924908170679377e-22,0.21155567467212677,1.2713088989257812,1.7018177509307861,0.44697269797325134,0.6302563548088074,46.05126953125,0.6716324687004089,0.07144585251808167,0.020524606108665466,0.7100792527198792,2.064922332763672,1.1703622341156006,1.4264817237854004
144,train,0,1.0,1.0,7,Rguijiao_10_180,11,0.32499998807907104,8125.0,22.850704193115234,0.8390063047409058,0.8559863567352295,1.0064208507537842,-0.1504344642162323,0.4040628969669342,0.6023579835891724,0.3551861345767975,1.3029600154368381e-07,0.24717175960540771,0.2287716269493103,1.0258254441451584e-22,0.2287716269493103,1.3305904865264893,1.7143958806991577,0.46250537037849426,0.6144993305206299,42.899864196777344,0.6081501245498657,0.07830069959163666,0.02127740904688835,0.6418951749801636,2.03714919090271,1.2118319272994995,1.4176390171051025
145,val,0,1.0,1.0,7,Rguijiao_10_180,12,0.3499999940395355,8750.0,26.501407623291016,0.9622376561164856,0.9338499307632446,1.1129988431930542,-0.17914894223213196,0.48926064372062683,0.623738169670105,0.3669159710407257,1.460462755176195e-07,0.2568220794200897,0.24575474858283997,5.467691490661632e-23,0.24575474858283997,1.3892050981521606,1.7273976802825928,0.48112285137176514,0.60074782371521,40.14957046508789,0.5462281107902527,0.08545359969139099,0.022478757426142693,0.5753879547119141,2.0090291500091553,1.2465662956237793,1.4062156677246094
146,train,0,1.0,1.0,7,Rguijiao_10_180,13,0.375,9375.0,30.422534942626953,0.9720920324325562,1.0144610404968262,1.2201536893844604,-0.20569266378879547,0.5836072564125061,0.6365464329719543,0.37376168370246887,1.6073440178843157e-07,0.26278460025787354,0.26266583800315857,7.47635223640779e-23,0.26266583800315857,1.443511724472046,1.7406164407730103,0.5009657144546509,0.588631272315979,37.72625732421875,0.48873966932296753,0.09256276488304138,0.023959605023264885,0.5136469602584839,1.9818612337112427,1.275970220565796,1.393408179283142
147,val,0,1.0,1.0,7,Rguijiao_10_180,14,0.4000000059604645,10000.0,34.61408615112305,1.132528305053711,1.0986050367355347,1.3296122550964355,-0.23100723326206207,0.6861647963523865,0.6434473991394043,0.37729889154434204,1.7419252174022404e-07,0.26614829897880554,0.27962347865104675,9.780122691353507e-23,0.27962347865104675,1.4916625022888184,1.7539464235305786,0.5206139087677002,0.5778660178184509,35.57320785522461,0.437020868062973,0.09940110146999359,0.02559499815106392,0.4581415057182312,1.9564026594161987,1.3012111186981201,1.3800550699234009
148,train,0,1.0,1.0,7,Rguijiao_10_180,15,0.42500001192092896,10625.0,39.07605743408203,1.1095962524414062,1.186807632446289,1.4426357746124268,-0.2558280825614929,0.7961564064025879,0.6464793682098389,0.3787110447883606,1.8636045240327803e-07,0.26776811480522156,0.2967153787612915,2.1048702217469125e-22,0.2967153787612915,1.5331430435180664,1.767281174659729,0.5391458868980408,0.5682315826416016,33.64631271362305,0.39133355021476746,0.10584346950054169,0.02729741856455803,0.4091785252094269,1.9329490661621094,1.3231868743896484,1.3666939735412598
149,train,0,1.0,1.0,7,Rguijiao_10_180,16,0.44999998807907104,11250.0,43.80845260620117,1.2849382162094116,1.279381275177002,1.560049295425415,-0.2806679904460907,0.9130057096481323,0.6470435857772827,0.3787960112094879,1.9725558786376496e-07,0.2682473659515381,0.3140062093734741,3.8367051608103614e-23,0.3140062093734741,1.5682331323623657,1.7804800271987915,0.556066632270813,0.5595534443855286,31.910694122314453,0.3513517379760742,0.11183802783489227,0.029008785262703896,0.36641615629196167,1.9115139245986938,1.3425663709640503,1.3536533117294312
150,train,0,1.0,1.0,7,Rguijiao_10_180,17,0.4749999940395355,11875.0,48.8112678527832,1.3797824382781982,1.3765004873275757,1.6823697090148926,-0.3058692514896393,1.0363119840621948,0.646057665348053,0.3780660331249237,2.0694635338713852e-07,0.26799142360687256,0.3315436840057373,5.124632796158822e-22,0.3315436840057373,1.597590446472168,1.79338538646698,0.5711867809295654,0.5516924262046814,30.33848762512207,0.31649965047836304,0.11737898737192154,0.030692480504512787,0.32923081517219543,1.8919737339019775,1.3598415851593018,1.341122031211853
151,train,0,1.0,1.0,7,Rguijiao_10_180,18,0.5,12500.0,54.08450698852539,1.528909683227539,1.4782700538635254,1.8099308013916016,-0.3316607177257538,1.165810465812683,0.6441203355789185,0.37684887647628784,2.155325944386277e-07,0.2672712504863739,0.34936264157295227,7.7245628395056395e-22,0.34936264157295227,1.6219972372055054,1.8058525323867798,0.5845084190368652,0.544535219669342,28.90704917907715,0.28613948822021484,0.12248556315898895,0.03232662007212639,0.29692542552948,1.8741583824157715,1.3753793239593506,1.3292027711868286
152,train,0,1.0,1.0,8,guijiao_20_0,0,0.05000000074505806,1250.0,4.0,0.03274283930659294,0.04224637150764465,0.04631410166621208,-0.004067728761583567,0.006740477867424488,0.03957362473011017,0.018045466393232346,0.014667113311588764,0.006861046422272921,0.01904510147869587,0.008109244517982006,0.008109244517982006,0.9378054738044739,1.858516812324524,0.7040109634399414,0.6207086443901062,44.14173126220703,0.5920236706733704,0.25028690695762634,0.17433735728263855,0.7159221768379211,1.8083165884017944,2.087716817855835,0.6875379681587219
153,train,0,1.0,1.0,8,guijiao_20_0,1,0.07500000298023224,1875.0,9.0,0.1314956545829773,0.06647936999797821,0.07597124576568604,-0.009491872042417526,0.01815687119960785,0.057814374566078186,0.025897687301039696,0.021441426128149033,0.010475261136889458,0.03737829253077507,0.012877439148724079,0.012877439148724079,1.1227437257766724,1.8405616283416748,0.7256717085838318,0.5476172566413879,29.523452758789062,0.4192948639392853,0.17482097446918488,0.10798777639865875,0.45799019932746887,1.8205839395523071,2.077127695083618,0.7364013195037842
154,val,0,1.0,1.0,8,guijiao_20_0,2,0.10000000149011612,2500.0,16.0,0.1263606995344162,0.10002685338258743,0.11668294668197632,-0.016656095162034035,0.03670036047697067,0.07998258620500565,0.036101631820201874,0.028908349573612213,0.014972604811191559,0.05183761939406395,0.01717318408191204,0.01717318408191204,1.276534080505371,1.9072827100753784,0.713523805141449,0.5097271203994751,21.9454288482666,0.32583874464035034,0.13986574113368988,0.07728619128465652,0.34336209297180176,1.8375457525253296,2.062177896499634,0.7620941996574402
155,train,0,1.0,1.0,8,guijiao_20_0,3,0.125,3125.0,25.0,0.10596927255392075,0.14601165056228638,0.1726585030555725,-0.02664685808122158,0.06369701027870178,0.10896150022745132,0.0499543622136116,0.03799821063876152,0.02100893296301365,0.06461422890424728,0.02142789214849472,0.02142789214849472,1.4179506301879883,1.995660424232483,0.6894379258155823,0.48791635036468506,17.583267211914062,0.2773687541484833,0.1198040023446083,0.05854688957333565,0.2878350019454956,1.8552477359771729,2.0468993186950684,0.7802476286888123
156,train,0,1.0,1.0,8,guijiao_20_0,4,0.15000000596046448,3750.0,36.0,0.2565729320049286,0.2060660719871521,0.2461523413658142,-0.04008626565337181,0.09999220818281174,0.14616014063358307,0.06811583042144775,0.04901433363556862,0.029029982164502144,0.07707758992910385,0.02586590126156807,0.02586590126156807,1.5457732677459717,2.0878663063049316,0.6628414392471313,0.47369226813316345,14.738452911376953,0.2509585916996002,0.10765783488750458,0.04631897434592247,0.2584710121154785,1.8699488639831543,2.029995918273926,0.7969452142715454
157,train,0,1.0,1.0,8,guijiao_20_0,5,0.17499999701976776,4375.0,49.0,0.34047091007232666,0.27825498580932617,0.3349146246910095,-0.05665963888168335,0.14538289606571198,0.18953171372413635,0.08949705958366394,0.061249226331710815,0.0387854278087616,0.08983232080936432,0.030577916651964188,0.030577916651964188,1.6511988639831543,2.1726796627044678,0.6399180889129639,0.4635932743549347,12.71865463256836,0.23260712623596191,0.10099833458662033,0.038588423281908035,0.23855741322040558,1.87941575050354,2.0099735260009766,0.814484179019928
158,train,0,1.0,1.0,8,guijiao_20_0,6,0.20000000298023224,5000.0,64.0,0.37226971983909607,0.3572477102279663,0.43237119913101196,-0.07512349635362625,0.19867949187755585,0.23369170725345612,0.11124490201473236,0.07322405278682709,0.049222756177186966,0.1031419187784195,0.0355924554169178,0.0355924554169178,1.7276475429534912,2.240872621536255,0.6239141225814819,0.45599478483200073,11.198957443237305,0.21480688452720642,0.09854480624198914,0.03404761478304863,0.2196914106607437,1.8830792903900146,1.9866317510604858,0.8332098126411438
159,train,0,1.0,1.0,8,guijiao_20_0,7,0.22499999403953552,5625.0,81.0,0.4480170011520386,0.4369998276233673,0.5309678316116333,-0.0939679965376854,0.25832948088645935,0.27263838052749634,0.13020119071006775,0.08346444368362427,0.05897274240851402,0.11711513996124268,0.04091043025255203,0.04091043025255203,1.7748886346817017,2.287438154220581,0.6150709390640259,0.45003658533096313,10.007320404052734,0.19515837728977203,0.09921541064977646,0.031664054840803146,0.19917254149913788,1.8816980123519897,1.9611519575119019,0.852287769317627
160,val,0,1.0,1.0,8,guijiao_20_0,8,0.25,6250.0,100.0,0.5355852842330933,0.5136246681213379,0.625791609287262,-0.11216697096824646,0.3230383098125458,0.3027532994747162,0.14452925324440002,0.09118208289146423,0.06704197078943253,0.1317870318889618,0.046520885080099106,0.046520885080099106,1.7977783679962158,2.312659502029419,0.6117645502090454,0.4452192783355713,9.043856620788574,0.17434200644493103,0.1020008772611618,0.03066401369869709,0.17760483920574188,1.8766703605651855,1.9353407621383667,0.8705203533172607
161,train,0,1.0,1.0,8,guijiao_20_0,9,0.2750000059604645,6875.0,121.0,0.537065327167511,0.586178719997406,0.7155929803848267,-0.12941424548625946,0.3920225501060486,0.3235704302787781,0.15408241748809814,0.09637898951768875,0.07310902327299118,0.14715644717216492,0.052408237010240555,0.052408237010240555,1.80305016040802,2.320474624633789,0.6119498014450073,0.4412316679954529,8.246335983276367,0.1539383977651596,0.10605227947235107,0.030513355508446693,0.15656283497810364,1.8693944215774536,1.9107966423034668,0.8869901895523071
162,train,0,1.0,1.0,8,guijiao_20_0,10,0.30000001192092896,7500.0,144.0,0.6555957198143005,0.655704140663147,0.8016127347946167,-0.14590862393379211,0.46495452523231506,0.33665817975997925,0.15975148975849152,0.09953776001930237,0.07736890763044357,0.16320447623729706,0.05855567753314972,0.05855567753314972,1.796925663948059,2.3160033226013184,0.6139847040176392,0.43786895275115967,7.573787689208984,0.1351802498102188,0.11073901504278183,0.030864721164107323,0.13728010654449463,1.8609488010406494,1.8885124921798706,0.9012721180915833
163,train,0,1.0,1.0,8,guijiao_20_0,11,0.32499998807907104,8125.0,169.0,0.7337173223495483,0.7239812612533569,0.886031985282898,-0.1620507538318634,0.5418009757995605,0.3442310392856598,0.16271346807479858,0.10127519071102142,0.08024235814809799,0.17990387976169586,0.064946748316288,0.064946748316288,1.7841659784317017,2.3038694858551025,0.6168088316917419,0.43499016761779785,6.998030662536621,0.11866270005702972,0.11564028263092041,0.03150082379579544,0.1203436404466629,1.852057933807373,1.868889331817627,0.9133447408676147
164,train,0,1.0,1.0,8,guijiao_20_0,12,0.3499999940395355,8750.0,196.0,0.7751927375793457,0.7927584648132324,0.9710074067115784,-0.17824892699718475,0.6226783990859985,0.34832900762557983,0.16401520371437073,0.10214368999004364,0.08217012137174606,0.19722402095794678,0.07156606018543243,0.07156606018543243,1.7680310010910034,2.287562131881714,0.619823694229126,0.4324948787689209,6.498973846435547,0.10449689626693726,0.12049874663352966,0.03228853642940521,0.10584953427314758,1.843168020248413,1.8519283533096313,0.9234103560447693
165,val,0,1.0,1.0,8,guijiao_20_0,13,0.375,9375.0,225.0,0.7986027598381042,0.8634469509124756,1.0582860708236694,-0.19483911991119385,0.7077587842941284,0.3505273163318634,0.16444309055805206,0.1025640219449997,0.08352021127939224,0.2151336669921875,0.07839954644441605,0.07839954644441605,1.7505916357040405,2.2694458961486816,0.6227277517318726,0.43030932545661926,6.06186580657959,0.09252585470676422,0.1251702606678009,0.03314781188964844,0.09362369775772095,1.834535837173462,1.8374155759811401,0.9317558407783508
166,val,0,1.0,1.0,8,guijiao_20_0,14,0.4000000059604645,10000.0,256.0,0.884392499923706,0.9370805025100708,1.1491514444351196,-0.21207095682621002,0.7972198128700256,0.351931631565094,0.16453585028648376,0.10282852500677109,0.08456724137067795,0.23360233008861542,0.08543454110622406,0.08543454110622406,1.7330862283706665,2.250995635986328,0.6253886222839355,0.42837801575660706,5.675602912902832,0.08248141407966614,0.12958276271820068,0.03403093293309212,0.08338208496570587,1.8262989521026611,1.825050950050354,0.9386711716651917
167,train,0,1.0,1.0,8,guijiao_20_0,15,0.42500001192092896,10625.0,289.0,1.0040017366409302,1.0143779516220093,1.2444978952407837,-0.230119988322258,0.8912217617034912,0.3532761037349701,0.1646425873041153,0.10312938690185547,0.08550415188074112,0.2526010274887085,0.09265967458486557,0.09265967458486557,1.716208577156067,2.233071804046631,0.6277632713317871,0.4266582429409027,5.331648349761963,0.0740729570388794,0.13370834290981293,0.034909963607788086,0.07482077181339264,1.8185206651687622,1.814523458480835,0.9444156885147095
168,val,0,1.0,1.0,8,guijiao_20_0,16,0.44999998807907104,11250.0,324.0,1.018639326095581,1.0958200693130493,1.3449252843856812,-0.24910522997379303,0.9899016618728638,0.355023592710495,0.16497771441936493,0.10358596593141556,0.08645990490913391,0.2721027135848999,0.10006482899188995,0.10006482899188995,1.7003142833709717,2.2161285877227783,0.6298530101776123,0.4251165986061096,5.02332067489624,0.06702826172113419,0.13754427433013916,0.03576892986893654,0.0676569938659668,1.8112207651138306,1.8055429458618164,0.9492067098617554
169,train,0,1.0,1.0,8,guijiao_20_0,17,0.4749999940395355,11875.0,361.0,1.1686152219772339,1.1817224025726318,1.4508283138275146,-0.2691059708595276,1.0933717489242554,0.3574565649032593,0.16566798090934753,0.10426982492208481,0.08751874417066574,0.2920822501182556,0.10764095932245255,0.10764095932245255,1.6855543851852417,2.200374126434326,0.6316788196563721,0.42372652888298035,4.74530553817749,0.061110321432352066,0.1411008983850479,0.036599256098270416,0.06164561212062836,1.804394245147705,1.7978572845458984,0.9532217383384705
170,val,0,1.0,1.0,8,guijiao_20_0,18,0.5,12500.0,400.0,1.143523097038269,1.272287368774414,1.5624613761901855,-0.2901739776134491,1.2017234563827515,0.3607379198074341,0.16678310930728912,0.1052209883928299,0.08873383700847626,0.31251654028892517,0.11538002640008926,0.11538002640008926,1.6719629764556885,2.1858699321746826,0.6332689523696899,0.42246657609939575,4.493317604064941,0.05611978843808174,0.14439602196216583,0.03739657625555992,0.05658116191625595,1.798020601272583,1.7912523746490479,0.9566032290458679
171,train,0,1.0,1.0,9,guijiao_20_180,0,0.05000000074505806,1250.0,4.0,0.08496236801147461,0.09181390702724457,0.07775900512933731,0.014054905623197556,0.00665438873693347,0.07110461592674255,0.040191907435655594,2.0561486735459766e-08,0.030912689864635468,0.01904510147869587,3.115521200628112e-22,0.01904510147869587,0.9258279204368591,2.4594123363494873,0.5889703035354614,0.838975191116333,87.79503631591797,0.8706445693969727,0.1308898627758026,0.08013381063938141,1.0227477550506592,2.1304800510406494,1.3879096508026123,1.6386100053787231
172,train,0,1.0,1.0,9,guijiao_20_180,1,0.07500000298023224,1875.0,9.0,0.20686888694763184,0.1706591695547104,0.14678356051445007,0.023875605314970016,0.019397925585508347,0.12738563120365143,0.07286109030246735,3.6852775053830555e-08,0.054524507373571396,0.03737829253077507,3.9326089374331247e-22,0.03737829253077507,1.199485182762146,2.2896814346313477,0.5340763330459595,0.7209258079528809,64.1851577758789,0.8021029233932495,0.09371533989906311,0.04342464357614517,0.8848056793212891,2.131223201751709,1.5137752294540405,1.5948688983917236
173,train,0,1.0,1.0,9,guijiao_20_180,2,0.10000000149011612,2500.0,16.0,0.23048630356788635,0.2587471902370453,0.22718995809555054,0.03155723959207535,0.04123762995004654,0.1859523355960846,0.10804309695959091,5.5698198053732995e-08,0.0779091939330101,0.05183761939406395,7.925297521407882e-22,0.05183761939406395,1.434352159500122,2.2600324153900146,0.528849184513092,0.6509374380111694,50.1874885559082,0.6989801526069641,0.08103356510400772,0.031346771866083145,0.7492759823799133,2.1267635822296143,1.5548653602600098,1.5335958003997803
174,train,0,1.0,1.0,9,guijiao_20_180,3,0.125,3125.0,25.0,0.37194958329200745,0.3467789888381958,0.3126490116119385,0.03412998095154762,0.07336150854825974,0.23928751051425934,0.14117440581321716,7.478516295122972e-08,0.0981130301952362,0.06461422890424728,6.314029432525771e-23,0.06461422890424728,1.6330909729003906,2.2569680213928223,0.5365015268325806,0.6060657501220703,41.2131462097168,0.5970730185508728,0.07605654746294022,0.025926869362592697,0.6297054886817932,2.1191020011901855,1.5692843198776245,1.4727280139923096
175,val,0,1.0,1.0,9,guijiao_20_180,4,0.15000000596046448,3750.0,36.0,0.4915699362754822,0.4272434413433075,0.3978171646595001,0.029426276683807373,0.11646244674921036,0.28135472536087036,0.16839814186096191,9.212710239125954e-08,0.11295647919178009,0.07707758992910385,1.1234837105300057e-22,0.07707758992910385,1.800385594367981,2.2578823566436768,0.5500630140304565,0.5746968984603882,34.93937683105469,0.5022324323654175,0.07463828474283218,0.023350030183792114,0.5240169763565063,2.108564615249634,1.5728446245193481,1.4143624305725098
176,train,0,1.0,1.0,9,guijiao_20_180,5,0.17499999701976776,4375.0,49.0,0.4082214832305908,0.4965865910053253,0.47955772280693054,0.01702885702252388,0.17070594429969788,0.30885177850723267,0.18729640543460846,1.0613864986908084e-07,0.12155527621507645,0.08983232080936432,1.3686390868963706e-22,0.08983232080936432,1.938807487487793,2.2576005458831787,0.5666153430938721,0.551417887210846,30.2835750579834,0.4162977635860443,0.07537329196929932,0.022326193749904633,0.4309709966182709,2.0952553749084473,1.571643352508545,1.3598196506500244
177,train,0,1.0,1.0,9,guijiao_20_180,6,0.20000000298023224,5000.0,64.0,0.6384890079498291,0.5559512972831726,0.5574319362640381,-0.0014806290855631232,0.23573343455791473,0.32169848680496216,0.19733093678951263,1.1592410942284914e-07,0.12436742335557938,0.1031419187784195,1.1510744046800364e-22,0.1031419187784195,2.0498557090759277,2.254385471343994,0.5841497182846069,0.533397376537323,26.679471969604492,0.3408764600753784,0.07763797044754028,0.022284599021077156,0.3507803976535797,2.0794591903686523,1.5684336423873901,1.3105748891830444
178,val,0,1.0,1.0,9,guijiao_20_180,7,0.22499999403953552,5625.0,81.0,0.6797599196434021,0.6099764108657837,0.6334794759750366,-0.02350306324660778,0.31085869669914246,0.3226207494735718,0.19978022575378418,1.2149874351052858e-07,0.12284039705991745,0.11711513996124268,1.050909643209376e-21,0.11711513996124268,2.1357977390289307,2.2475171089172363,0.6010552644729614,0.5190048217773438,23.800962448120117,0.277161568403244,0.08102654665708542,0.022901538759469986,0.2838734984397888,2.0617613792419434,1.5646042823791504,1.267730951309204
179,train,0,1.0,1.0,9,guijiao_20_180,8,0.25,6250.0,100.0,0.6456429958343506,0.6641897559165955,0.7110480070114136,-0.046858225017786026,0.3953433036804199,0.31570470333099365,0.1969623863697052,1.236534643567211e-07,0.11874218285083771,0.1317870318889618,2.441323209599568e-21,0.1317870318889618,2.20017147064209,2.237003803253174,0.6162602305412292,0.507230281829834,21.44605827331543,0.22526061534881592,0.08519315719604492,0.023953877389431,0.22985731065273285,2.0429463386535645,1.5609071254730225,1.2316255569458008
180,train,0,1.0,1.0,9,guijiao_20_180,9,0.2750000059604645,6875.0,121.0,0.7804605960845947,0.7229619026184082,0.7934054136276245,-0.0704435259103775,0.48857635259628296,0.30482903122901917,0.19125157594680786,1.2351731015769474e-07,0.11357733607292175,0.14715644717216492,7.467274025110506e-22,0.14715644717216492,2.2471351623535156,2.2234485149383545,0.6293023824691772,0.49741220474243164,19.482440948486328,0.18413284420967102,0.08983319252729416,0.02527507394552231,0.18733641505241394,2.0238070487976074,1.5577359199523926,1.2018650770187378
181,train,0,1.0,1.0,9,guijiao_20_180,10,0.30000001192092896,7500.0,144.0,0.7066598534584045,0.7889277935028076,0.8829577565193176,-0.09402994811534882,0.5901228189468384,0.29283493757247925,0.18448157608509064,1.221473269197304e-07,0.10835324972867966,0.16320447623729706,1.0497243475137566e-20,0.16320447623729706,2.280667781829834,2.207768678665161,0.6401792764663696,0.48909759521484375,17.819517135620117,0.15207168459892273,0.09469694644212723,0.026741361245512962,0.15435567498207092,2.0049939155578613,1.555262565612793,1.1776113510131836
182,train,0,1.0,1.0,9,guijiao_20_180,11,0.32499998807907104,8125.0,169.0,0.8475066423416138,0.8633283972740173,0.981140673160553,-0.11781229823827744,0.6996989250183105,0.28144174814224243,0.17781896889209747,1.2033075336148613e-07,0.10362266004085541,0.17990387976169586,1.9914623663219895e-20,0.17990387976169586,2.3041281700134277,2.190925359725952,0.6491293907165527,0.48196521401405334,16.393043518066406,0.12723582983016968,0.09959729015827179,0.028265012428164482,0.12890642881393433,1.9869548082351685,1.5535190105438232,1.157882809638977
183,train,0,1.0,1.0,9,guijiao_20_180,12,0.3499999940395355,8750.0,196.0,0.8986618518829346,0.9465523958206177,1.0886489152908325,-0.14209651947021484,0.8171272873878479,0.2715216279029846,0.17189419269561768,1.1857088821898287e-07,0.09962731599807739,0.19722402095794678,3.602878215793624e-20,0.19722402095794678,2.320148468017578,2.173740863800049,0.6564666628837585,0.4757799208164215,15.155984878540039,0.10797509551048279,0.10440529137849808,0.029786963015794754,0.10922981798648834,1.9699488878250122,1.552459955215454,1.1417529582977295
184,val,0,1.0,1.0,9,guijiao_20_180,13,0.375,9375.0,225.0,0.9627761244773865,1.0385551452636719,1.2057163715362549,-0.16716119647026062,0.9422962069511414,0.26342013478279114,0.16698844730854034,1.17153703627082e-07,0.09643157571554184,0.2151336669921875,6.256844559669679e-20,0.2151336669921875,2.3307034969329834,2.156834363937378,0.6624941825866699,0.4703657627105713,14.073150634765625,0.0929492712020874,0.1090400293469429,0.03127023205161095,0.09391643851995468,1.9540884494781494,1.5520046949386597,1.1284363269805908
185,train,0,1.0,1.0,9,guijiao_20_180,14,0.4000000059604645,10000.0,256.0,1.150991439819336,1.1391088962554932,1.3323290348052979,-0.19322018325328827,1.0751346349716187,0.2571943402290344,0.16318261623382568,1.1622206130823542e-07,0.09401161223649979,0.23360233008861542,1.048540348326812e-19,0.23360233008861542,2.3372488021850586,2.140619993209839,0.6674708127975464,0.4655887186527252,13.117743492126465,0.08112532645463943,0.11345531791448593,0.03269316256046295,0.08188946545124054,1.9393892288208008,1.5520604848861694,1.1173070669174194
186,val,0,1.0,1.0,9,guijiao_20_180,15,0.42500001192092896,10625.0,289.0,1.2544622421264648,1.2479286193847656,1.4683541059494019,-0.22042551636695862,1.2155934572219849,0.252760648727417,0.16045427322387695,1.1583333758835579e-07,0.09230627119541168,0.2526010274887085,1.7030078461772696e-19,0.2526010274887085,2.3408448696136475,2.12534761428833,0.671606183052063,0.4613442122936249,12.268844604492188,0.07172731310129166,0.11762961745262146,0.03404463082551956,0.0723450556397438,1.9258098602294922,1.5525380373001099,1.1078814268112183
187,train,0,1.0,1.0,9,guijiao_20_180,16,0.44999998807907104,11250.0,324.0,1.3411883115768433,1.3647356033325195,1.6136175394058228,-0.24888190627098083,1.36363685131073,0.24998068809509277,0.15873578190803528,1.159985245635653e-07,0.09124478697776794,0.2721027135848999,2.690328686616003e-19,0.2721027135848999,2.342264175415039,2.111142158508301,0.6750657558441162,0.4575488269329071,11.509765625,0.06417936086654663,0.12155727297067642,0.03532032296061516,0.06468939036130905,1.9132778644561768,1.5533555746078491,1.099793791770935
188,train,0,1.0,1.0,9,guijiao_20_180,17,0.4749999940395355,11875.0,361.0,1.5874711275100708,1.4892774820327759,1.7679370641708374,-0.2786596119403839,1.5192358493804932,0.24870121479034424,0.1579432189464569,1.1670417165987601e-07,0.09075786918401718,0.2920822501182556,2.5470766692546686e-18,0.2920822501182556,2.342071533203125,2.0980424880981445,0.6779788732528687,0.45413661003112793,10.827320098876953,0.0580543652176857,0.12524284422397614,0.03652024641633034,0.05848361924290657,1.901708722114563,1.554442048072815,1.092766284942627
189,val,0,1.0,1.0,9,guijiao_20_180,18,0.5,12500.0,400.0,1.6530265808105469,1.6213371753692627,1.9311432838439941,-0.30980610847473145,1.682367205619812,0.24877601861953735,0.15799234807491302,1.179263691142296e-07,0.09078355878591537,0.31251654028892517,1.337401227409797e-18,0.31251654028892517,2.3406848907470703,2.0860342979431152,0.6804471015930176,0.45105257630348206,10.210517883300781,0.053034503012895584,0.12869668006896973,0.037646666169166565,0.053402096033096313,1.8910154104232788,1.5557395219802856,1.0865912437438965
190,train,0,1.0,1.0,10,guijiao_10_0,0,0.05000000074505806,1250.0,4.0,0.061789702624082565,0.051038675010204315,0.048278920352458954,0.0027597558218985796,0.007024804130196571,0.04125411808490753,0.017437301576137543,0.007160196080803871,0.016656620427966118,0.009522550739347935,0.004054622258991003,0.004054622258991003,0.9773638844490051,2.292957067489624,0.4704981744289398,0.6207086443901062,44.14173126220703,0.9478824734687805,0.1590636968612671,0.044979192316532135,1.1291049718856812,1.796047329902649,1.5674924850463867,1.7156367301940918
191,train,0,1.0,1.0,10,guijiao_10_0,1,0.07500000298023224,1875.0,9.0,0.07487817108631134,0.07182510942220688,0.07573356479406357,-0.003908452112227678,0.021734794601798058,0.05399876832962036,0.022163942456245422,0.011760575696825981,0.02007424645125866,0.018689146265387535,0.0064387195743620396,0.0064387195743620396,1.343987226486206,2.23956561088562,0.5228309035301208,0.5476172566413879,29.523452758789062,0.6186452507972717,0.1106119453907013,0.031415604054927826,0.6684170961380005,1.754776954650879,1.7809110879898071,1.5893301963806152
192,train,0,1.0,1.0,10,guijiao_10_0,2,0.10000000149011612,2500.0,16.0,0.08106280863285065,0.09516635537147522,0.10681664943695068,-0.011650297790765762,0.044036731123924255,0.06277991831302643,0.025475485250353813,0.015672776848077774,0.02163166180253029,0.025918809697031975,0.00858659204095602,0.00858659204095602,1.5317121744155884,2.276111364364624,0.5745752453804016,0.5097271203994751,21.9454288482666,0.4091242849826813,0.09771544486284256,0.02716130018234253,0.42734017968177795,1.7460793256759644,1.8695648908615112,1.4826250076293945
193,train,0,1.0,1.0,10,guijiao_10_0,3,0.125,3125.0,25.0,0.11539952456951141,0.12409397959709167,0.144278883934021,-0.02018490619957447,0.07287120819091797,0.07140766829252243,0.02919924631714821,0.018914299085736275,0.023294121026992798,0.03230711445212364,0.01071394607424736,0.01071394607424736,1.6221762895584106,2.3235015869140625,0.5945230722427368,0.48791635036468506,17.583267211914062,0.2966572344303131,0.09442926198244095,0.024791516363620758,0.30561476945877075,1.7544585466384888,1.911582350730896,1.3996444940567017
194,train,0,1.0,1.0,10,guijiao_10_0,4,0.15000000596046448,3750.0,36.0,0.22257539629936218,0.15897363424301147,0.1888064742088318,-0.02983284182846546,0.10740102827548981,0.08140545338392258,0.03376927971839905,0.022108009085059166,0.025528160855174065,0.038538794964551926,0.012932950630784035,0.012932950630784035,1.6603057384490967,2.3621411323547363,0.5997382402420044,0.47369226813316345,14.738452911376953,0.2341586798429489,0.09528332203626633,0.023439953103661537,0.23968403041362762,1.7672709226608276,1.9291642904281616,1.3359825611114502
195,train,0,1.0,1.0,10,guijiao_10_0,5,0.17499999701976776,4375.0,49.0,0.19035470485687256,0.19837120175361633,0.23875369131565094,-0.040382497012615204,0.14658641815185547,0.09216727316379547,0.03877008706331253,0.025280607864260674,0.028116578236222267,0.04491616040468216,0.015288958325982094,0.015288958325982094,1.6648679971694946,2.385056972503662,0.6000232696533203,0.4635932743549347,12.71865463256836,0.1951611191034317,0.09867165982723236,0.022978713735938072,0.1990901231765747,1.7773828506469727,1.9315396547317505,1.2889814376831055
196,train,0,1.0,1.0,10,guijiao_10_0,6,0.20000000298023224,5000.0,64.0,0.2699236571788788,0.24031636118888855,0.2916806936264038,-0.051364339888095856,0.1893615424633026,0.1023191437125206,0.04349352791905403,0.028170647099614143,0.030654966831207275,0.05157095938920975,0.0177962277084589,0.0177962277084589,1.6466219425201416,2.3908848762512207,0.5998620390892029,0.45599478483200073,11.198957443237305,0.16712573170661926,0.1038592979311943,0.023290889337658882,0.17013534903526306,1.7820512056350708,1.924159049987793,1.2560193538665771
197,val,0,1.0,1.0,10,guijiao_10_0,7,0.22499999403953552,5625.0,81.0,0.29202887415885925,0.2832845151424408,0.3456801772117615,-0.06239565461874008,0.23494574427604675,0.11073441803455353,0.04738333076238632,0.030535222962498665,0.03281586617231369,0.05855756998062134,0.020455215126276016,0.020455215126276016,1.614227294921875,2.381917715072632,0.6007170677185059,0.45003658533096313,10.007320404052734,0.14467184245586395,0.11023833602666855,0.02419411577284336,0.14705237746238708,1.7814373970031738,1.9110677242279053,1.2337547540664673
198,train,0,1.0,1.0,10,guijiao_10_0,8,0.25,6250.0,100.0,0.29831641912460327,0.3266788125038147,0.40001732110977173,-0.07333850115537643,0.2830047309398651,0.11701259016990662,0.05025129392743111,0.03229687735438347,0.03446441888809204,0.0658935159444809,0.023260442540049553,0.023260442540049553,1.574982762336731,2.362387180328369,0.6025768518447876,0.4452192783355713,9.043856620788574,0.12577885389328003,0.11721886694431305,0.0254853256046772,0.12768399715423584,1.7770042419433594,1.8953495025634766,1.2187429666519165
199,train,0,1.0,1.0,10,guijiao_10_0,9,0.2750000059604645,6875.0,121.0,0.4310641288757324,0.3707163333892822,0.4549854099750519,-0.08426909148693085,0.3335999548435211,0.12138546258211136,0.05221748724579811,0.03353150561451912,0.03563646972179413,0.07357822358608246,0.026204118505120277,0.026204118505120277,1.534343957901001,2.3368234634399414,0.6049749851226807,0.4412316679954529,8.246335983276367,0.10973653197288513,0.1243046298623085,0.026987943798303604,0.11126908659934998,1.770349144935608,1.8791375160217285,1.2081964015960693
200,val,0,1.0,1.0,10,guijiao_10_0,10,0.30000001192092896,7500.0,144.0,0.40116769075393677,0.4160354733467102,0.5114063620567322,-0.09537087380886078,0.38702526688575745,0.12438108026981354,0.0535384900867939,0.03438757359981537,0.036455024033784866,0.08160223811864853,0.02927783876657486,0.02927783876657486,1.495749831199646,2.3089537620544434,0.607481837272644,0.43786895275115967,7.573787689208984,0.09620176255702972,0.13115203380584717,0.028572820127010345,0.09744098037481308,1.762688398361206,1.8637070655822754,1.2002363204956055
201,train,0,1.0,1.0,10,guijiao_10_0,11,0.32499998807907104,8125.0,169.0,0.506271243095398,0.46335944533348083,0.5702048540115356,-0.10684540867805481,0.4436529576778412,0.12655192613601685,0.05447566881775856,0.0350177064538002,0.037058547139167786,0.08995193988084793,0.032473374158144,0.032473374158144,1.4609616994857788,2.281325578689575,0.6098362803459167,0.43499016761779785,6.998030662536621,0.08487832546234131,0.1375659555196762,0.030156468972563744,0.0858878344297409,1.754792332649231,1.8496843576431274,1.1937448978424072
202,train,0,1.0,1.0,10,guijiao_10_0,12,0.3499999940395355,8750.0,196.0,0.5606998205184937,0.5133165121078491,0.6321828365325928,-0.11886634677648544,0.5038358569145203,0.1283469945192337,0.05523727089166641,0.03554566577076912,0.037564054131507874,0.09861201047897339,0.03578303009271622,0.03578303009271622,1.4305899143218994,2.2554073333740234,0.6119197607040405,0.4324948787689209,6.498973846435547,0.07545895129442215,0.14346182346343994,0.03169051185250282,0.07628945261240005,1.7470905780792236,1.8372801542282104,1.1881072521209717
203,train,0,1.0,1.0,10,guijiao_10_0,13,0.375,9375.0,225.0,0.5885866284370422,0.5663876533508301,0.6979542374610901,-0.13156658411026,0.5678671598434448,0.13008706271648407,0.0559697151184082,0.03605997562408447,0.038057371973991394,0.10756683349609375,0.03919977322220802,0.03919977322220802,1.4045796394348145,2.231882095336914,0.6137021780014038,0.43030932545661926,6.06186580657959,0.06764169037342072,0.14882397651672363,0.03314987197518349,0.06833288073539734,1.7397961616516113,1.8264720439910889,1.1829980611801147
204,val,0,1.0,1.0,10,guijiao_10_0,14,0.4000000059604645,10000.0,256.0,0.6958703994750977,0.6229153275489807,0.7679567337036133,-0.14504140615463257,0.6359738111495972,0.1319829374551773,0.056767966598272324,0.036618903279304504,0.03859606012701988,0.11680116504430771,0.04271727055311203,0.04271727055311203,1.382551670074463,2.2109415531158447,0.615198016166687,0.42837801575660706,5.675602912902832,0.06115040183067322,0.153675377368927,0.03452397137880325,0.0617329441010952,1.7329972982406616,1.8171255588531494,1.1782500743865967
205,train,0,1.0,1.0,10,guijiao_10_0,15,0.42500001192092896,10625.0,289.0,0.6730650663375854,0.6831330060958862,0.84248948097229,-0.15935644507408142,0.7083249092102051,0.13416454195976257,0.057689882814884186,0.037258509546518326,0.03921614587306976,0.12630051374435425,0.046329837292432785,0.046329837292432785,1.364007592201233,2.192505121231079,0.6164407134056091,0.4266582429409027,5.331648349761963,0.05574578419327736,0.1580566018819809,0.03581096604466438,0.0562431626021862,1.7267131805419922,1.8090670108795166,1.173776388168335
206,train,0,1.0,1.0,10,guijiao_10_0,16,0.44999998807907104,11250.0,324.0,0.6925672888755798,0.7471957802772522,0.9217516779899597,-0.17455589771270752,0.7850440144538879,0.13670764863491058,0.05876884236931801,0.037999868392944336,0.03993893787264824,0.13605135679244995,0.05003241449594498,0.05003241449594498,1.3484385013580322,2.176361560821533,0.6174681186676025,0.4251165986061096,5.02332067489624,0.051227767020463943,0.1620151400566101,0.037013228982686996,0.051657918840646744,1.7209289073944092,1.8021185398101807,1.1695324182510376
207,train,0,1.0,1.0,10,guijiao_10_0,17,0.4749999940395355,11875.0,361.0,0.7913765907287598,0.8152057528495789,1.0058753490447998,-0.19066959619522095,0.8662223219871521,0.1396530568599701,0.06002257019281387,0.0388544425368309,0.040776051580905914,0.1460411250591278,0.05382047966122627,0.05382047966122627,1.3353781700134277,2.162254810333252,0.6183163523674011,0.42372652888298035,4.74530553817749,0.04743242263793945,0.16559825837612152,0.038135826587677,0.04780906066298485,1.7156119346618652,1.7961162328720093,1.1654927730560303
208,train,0,1.0,1.0,10,guijiao_10_0,18,0.5,12500.0,400.0,0.9285801649093628,0.887227475643158,1.0949443578720093,-0.20771686732769012,0.9519250392913818,0.14301931858062744,0.06145898625254631,0.039827506989240646,0.04173281788825989,0.15625827014446259,0.05769001320004463,0.05769001320004463,1.3244173526763916,2.1499228477478027,0.6190171837806702,0.42246657609939575,4.493317604064941,0.044226959347724915,0.16884998977184296,0.0391845703125,0.04456062242388725,1.7107243537902832,1.7909153699874878,1.161642074584961
209,train,0,1.0,1.0,11,guijiao_10_180,0,0.05000000074505806,1250.0,4.0,0.06980589777231216,0.040507081896066666,0.034256093204021454,0.006250989157706499,0.006491329520940781,0.027764763683080673,0.014154759235680103,4.994599844820868e-09,0.013609998859465122,0.009522550739347935,1.557760600314056e-22,0.009522550739347935,0.903141438961029,2.0318665504455566,0.5892506837844849,0.838975191116333,87.79503631591797,0.7775298357009888,0.22047314047813416,0.19905509054660797,1.0043848752975464,1.849591612815857,0.8306828737258911,1.7784080505371094
210,train,0,1.0,1.0,11,guijiao_10_180,1,0.07500000298023224,1875.0,9.0,0.03306988999247551,0.0671248733997345,0.05732099711894989,0.009803872555494308,0.016002630814909935,0.041318364441394806,0.02126842923462391,9.99135263413109e-09,0.0200499277561903,0.018689146265387535,1.9663044687165624e-22,0.018689146265387535,0.9895345568656921,2.028761863708496,0.6743865013122559,0.7209258079528809,64.1851577758789,0.5807409882545471,0.16258957982063293,0.11865827441215515,0.6588164567947388,1.8859328031539917,0.9852975606918335,1.7778844833374023
211,train,0,1.0,1.0,11,guijiao_10_180,2,0.10000000149011612,2500.0,16.0,0.15503378212451935,0.10332589596509933,0.08966490626335144,0.01366098690778017,0.030529571697115898,0.05913533270359039,0.030810857191681862,1.6297898142170197e-08,0.028324458748102188,0.025918809697031975,3.962648760703941e-22,0.025918809697031975,1.0618979930877686,2.1077117919921875,0.6854263544082642,0.6509374380111694,50.1874885559082,0.47076261043548584,0.12812763452529907,0.0777023658156395,0.5072645545005798,1.9211745262145996,1.111975073814392,1.7661378383636475
212,train,0,1.0,1.0,11,guijiao_10_180,3,0.125,3125.0,25.0,0.1742364466190338,0.1473083645105362,0.13116461038589478,0.016143759712576866,0.05075887590646744,0.08040574193000793,0.0424276739358902,2.3762996903542444e-08,0.037978049367666245,0.03230711445212364,3.1570147162628854e-23,0.03230711445212364,1.129936695098877,2.2013356685638428,0.6737633943557739,0.6060657501220703,41.2131462097168,0.40105879306793213,0.10748937726020813,0.054953500628471375,0.42189326882362366,1.949167251586914,1.2152199745178223,1.7447470426559448
213,train,0,1.0,1.0,11,guijiao_10_180,4,0.15000000596046448,3750.0,36.0,0.2257920205593109,0.1942656934261322,0.1796610951423645,0.014604602009057999,0.0774661973118782,0.1021949052810669,0.05462164059281349,3.1580803749875486e-08,0.047573234885931015,0.038538794964551926,5.617418552650028e-23,0.038538794964551926,1.197545051574707,2.2781808376312256,0.6582355499267578,0.5746968984603882,34.93937683105469,0.347819447517395,0.09558892995119095,0.042122237384319305,0.36115607619285583,1.9670159816741943,1.2958247661590576,1.713191032409668
214,train,0,1.0,1.0,11,guijiao_10_180,5,0.17499999701976776,4375.0,49.0,0.24175983667373657,0.23889389634132385,0.23200739920139313,0.006886500399559736,0.1115078330039978,0.12049956619739532,0.06525176763534546,3.859895869595675e-08,0.05524776503443718,0.04491616040468216,6.843195434481853e-23,0.04491616040468216,1.2664599418640137,2.3254663944244385,0.646216869354248,0.551417887210846,30.2835750579834,0.3003584146499634,0.08941981196403503,0.035003527998924255,0.3093739151954651,1.9743821620941162,1.3554937839508057,1.6716817617416382
215,train,0,1.0,1.0,11,guijiao_10_180,6,0.20000000298023224,5000.0,64.0,0.24040131270885468,0.2790992856025696,0.2858286499977112,-0.006729356944561005,0.15367327630519867,0.1321553885936737,0.07251850515604019,4.384277474400733e-08,0.05963684245944023,0.05157095938920975,5.755372023400182e-23,0.05157095938920975,1.3362890481948853,2.343071460723877,0.6398521661758423,0.533397376537323,26.679471969604492,0.2553345859050751,0.08722289651632309,0.03133474290370941,0.26154276728630066,1.9722834825515747,1.3976554870605469,1.621941089630127
216,val,0,1.0,1.0,11,guijiao_10_180,7,0.22499999403953552,5625.0,81.0,0.35061752796173096,0.31715652346611023,0.3408241868019104,-0.023667650297284126,0.20445981621742249,0.13636437058448792,0.07581426203250885,4.6927208785518815e-08,0.06055006384849548,0.05855756998062134,5.25454821604688e-22,0.05855756998062134,1.4047696590423584,2.33756685256958,0.6386470794677734,0.5190048217773438,23.800962448120117,0.2133409082889557,0.08790022134780884,0.029842190444469452,0.21763139963150024,1.9624971151351929,1.4265373945236206,1.567374348640442
217,train,0,1.0,1.0,11,guijiao_10_180,8,0.25,6250.0,100.0,0.3476819396018982,0.35725024342536926,0.39867103099823,-0.04142079874873161,0.26396840810775757,0.13470260798931122,0.0758185088634491,4.812543963339522e-08,0.05888405069708824,0.0658935159444809,1.220661604799784e-21,0.0658935159444809,1.4690414667129517,2.3172926902770996,0.641005277633667,0.507230281829834,21.44605827331543,0.17624737322330475,0.09063654392957687,0.02974354289472103,0.17922566831111908,1.947255253791809,1.4461790323257446,1.5123255252838135
218,train,0,1.0,1.0,11,guijiao_10_180,9,0.2750000059604645,6875.0,121.0,0.38224053382873535,0.4027682840824127,0.46175718307495117,-0.05898889899253845,0.3319922685623169,0.12976492941379547,0.073844775557518,4.80850381734399e-08,0.055920105427503586,0.07357822358608246,3.733637012555253e-22,0.07357822358608246,1.5269496440887451,2.289459466934204,0.6452728509902954,0.49741220474243164,19.482440948486328,0.14531618356704712,0.09474678337574005,0.030513489618897438,0.1474105715751648,1.9288640022277832,1.4598548412322998,1.4606621265411377
219,val,0,1.0,1.0,11,guijiao_10_180,10,0.30000001192092896,7500.0,144.0,0.5158165097236633,0.45550891757011414,0.5319914221763611,-0.07648250460624695,0.40819162130355835,0.12379980087280273,0.07110957056283951,4.7463569075034684e-08,0.052690181881189346,0.08160223811864853,5.248621737568783e-21,0.08160223811864853,1.5775521993637085,2.259147882461548,0.6502413153648376,0.48909759521484375,17.819517135620117,0.12061195075511932,0.09966222196817398,0.031786639243364334,0.1221175342798233,1.9092888832092285,1.4699097871780396,1.4147289991378784
220,val,0,1.0,1.0,11,guijiao_10_180,11,0.32499998807907104,8125.0,169.0,0.47507306933403015,0.5160704255104065,0.6104128360748291,-0.0943424180150032,0.4922304153442383,0.11818240582942963,0.06840517371892929,4.672995856935813e-08,0.04977719113230705,0.08995193988084793,9.957311831609947e-21,0.08995193988084793,1.6209286451339722,2.2294585704803467,0.655200719833374,0.48196521401405334,16.393043518066406,0.10135537385940552,0.10494852811098099,0.03331450745463371,0.10246819257736206,1.8899160623550415,1.4778687953948975,1.3752572536468506
221,val,0,1.0,1.0,11,guijiao_10_180,12,0.3499999940395355,8750.0,196.0,0.5916249752044678,0.5844173431396484,0.6973726749420166,-0.11295533925294876,0.5838316679000854,0.11354102194309235,0.06612765789031982,4.614823367887766e-08,0.04741331562399864,0.09861201047897339,1.801439107896812e-20,0.09861201047897339,1.6577297449111938,2.202036142349243,0.6597974300384521,0.4757799208164215,15.155984878540039,0.08647570013999939,0.11030492186546326,0.034937240183353424,0.0873231589794159,1.8715523481369019,1.4846516847610474,1.3418967723846436
222,val,0,1.0,1.0,11,guijiao_10_180,13,0.375,9375.0,225.0,0.7030403017997742,0.6602641940116882,0.7928398251533508,-0.1325756162405014,0.6827842593193054,0.11005557328462601,0.0644194707274437,4.5837673212645313e-08,0.04563605785369873,0.10756683349609375,3.1284222798348394e-20,0.10756683349609375,1.6888190507888794,2.1775848865509033,0.6638884544372559,0.4703657627105713,14.073150634765625,0.07495711743831635,0.1155419796705246,0.03655880317091942,0.07562170177698135,1.8545640707015991,1.4907795190811157,1.3138107061386108
223,val,0,1.0,1.0,11,guijiao_10_180,14,0.4000000059604645,10000.0,256.0,0.7948856353759766,0.7432703375816345,0.896621823310852,-0.15335150063037872,0.7889282703399658,0.10769358277320862,0.0632937103509903,4.583611357134032e-08,0.04439982771873474,0.11680116504430771,5.24270174163406e-20,0.11680116504430771,1.7150611877441406,2.156244993209839,0.6674431562423706,0.4655887186527252,13.117743492126465,0.06597015261650085,0.12055286765098572,0.03812619671225548,0.06650575250387192,1.8390436172485352,1.496532678604126,1.29006826877594
224,val,0,1.0,1.0,11,guijiao_10_180,15,0.42500001192092896,10625.0,289.0,0.9257188439369202,0.8331183195114136,1.0084822177886963,-0.1753639131784439,0.9021388292312622,0.10634341835975647,0.06270907074213028,4.6141853005110534e-08,0.04363430663943291,0.12630051374435425,8.515039230886348e-20,0.12630051374435425,1.7372313737869263,2.137864828109741,0.6704857349395752,0.4613442122936249,12.268844604492188,0.05888187885284424,0.1252853125333786,0.039613448083400726,0.05932433903217316,1.8249378204345703,1.5020503997802734,1.2698304653167725
225,val,0,1.0,1.0,11,guijiao_10_180,16,0.44999998807907104,11250.0,324.0,1.0905781984329224,0.9295393228530884,1.1281940937042236,-0.19865475594997406,1.0223159790039062,0.10587814450263977,0.06260813772678375,4.673736597737843e-08,0.043269965797662735,0.13605135679244995,1.3451643433080014e-19,0.13605135679244995,1.755990982055664,2.1221516132354736,0.6730640530586243,0.4575488269329071,11.509765625,0.0532243587076664,0.12972131371498108,0.04101033881306648,0.05359802022576332,1.8121302127838135,1.507397174835205,1.2524058818817139
226,val,0,1.0,1.0,11,guijiao_10_180,17,0.4749999940395355,11875.0,361.0,1.0394068956375122,1.0323123931884766,1.2555561065673828,-0.22324368357658386,1.1493754386901855,0.10618066787719727,0.06293395906686783,4.7600494212929334e-08,0.04324666038155556,0.1460411250591278,1.2735383346273343e-18,0.1460411250591278,1.7718902826309204,2.1087701320648193,0.6752336025238037,0.45413661003112793,10.827320098876953,0.04865474998950958,0.13386280834674835,0.042315881699323654,0.04897651448845863,1.8004846572875977,1.512596607208252,1.2372485399246216
227,train,0,1.0,1.0,11,guijiao_10_180,18,0.5,12500.0,400.0,1.115393042564392,1.1412595510482788,1.3903980255126953,-0.2491385042667389,1.2832471132278442,0.10715093463659286,0.06363581120967865,4.870940628620701e-08,0.04351507127285004,0.15625827014446259,6.687006137048985e-19,0.15625827014446259,1.7853871583938599,2.0973904132843018,0.6770496368408203,0.45105257630348206,10.210517883300781,0.044921472668647766,0.1377229541540146,0.04353350028395653,0.04520333558320999,1.789866328239441,1.517653226852417,1.2239359617233276
228,train,2,0.20000000298023224,0.0,17,pseudo_cycle_05_config_5,-1,0.2435748428106308,6089.37109375,12.835050582885742,0.9704694151878357,0.9924516081809998,1.0796129703521729,-0.0871613472700119,0.30619245767593384,0.7734204530715942,0.5302608609199524,1.650889203119732e-07,0.2431594282388687,0.0,0.0,0.0,1.7951128482818604,1.2746180295944214,0.3855140507221222,0.0,0.0,1.0154504776000977,0.0507730208337307,0.01662401482462883,1.085211157798767,2.1538186073303223,1.304543375968933,0.9876672029495239
229,train,2,0.20000000298023224,0.0,20,pseudo_cycle_05_config_8,-1,0.15802042186260223,3950.51025390625,39.95271301269531,0.22595274448394775,0.2281077653169632,0.27321451902389526,-0.045106757432222366,0.11360496282577515,0.1596095710992813,0.07473432272672653,0.05286803096532822,0.032007213681936264,0.0,0.0,0.0,1.582460880279541,2.11637806892395,0.6548667550086975,0.0,0.0,0.24467170238494873,0.10499383509159088,0.04341825097799301,0.2515930235385895,1.8736157417297363,2.023953914642334,0.8024320602416992
230,train,2,0.20000000298023224,0.0,12,pseudo_cycle_05_config_0,-1,0.14444799721240997,3611.199951171875,1.281959056854248,0.27153149247169495,0.2846859395503998,0.33381199836730957,-0.04912605509161949,0.07797470688819885,0.2558372914791107,0.03794601932168007,0.15391288697719574,0.06397838890552521,0.0,0.0,0.0,1.2998487949371338,1.7123007774353027,0.6158280372619629,0.0,0.0,0.9411935210227966,0.1656763106584549,0.16079428791999817,1.2220196723937988,1.857469081878662,1.9081521034240723,0.488461971282959
231,train,2,0.20000000298023224,0.0,23,pseudo_cycle_05_config_11,-1,0.1925407499074936,4813.5185546875,59.31508255004883,0.26204854249954224,0.2674987316131592,0.2696789503097534,-0.0021802252158522606,0.14020489156246185,0.12947404384613037,0.07076627016067505,4.250053819987443e-08,0.058707721531391144,0.0,0.0,0.0,1.315467119216919,2.340604543685913,0.6411559581756592,0.0,0.0,0.2685246765613556,0.08753563463687897,0.03215641528367996,0.2754591107368469,1.973806619644165,1.3866610527038574,1.6374703645706177
232,train,2,0.20000000298023224,0.0,19,pseudo_cycle_05_config_7,-1,0.2227017879486084,5567.54443359375,10.72951602935791,0.5315809845924377,0.5420591235160828,0.551922619342804,-0.009863489307463169,0.1628234088420868,0.38909921050071716,0.23345443606376648,6.349574732666952e-08,0.1556447148323059,0.0,0.0,0.0,1.1419093608856201,1.6724971532821655,0.44088444113731384,0.0,0.0,0.8275326490402222,0.05700289458036423,0.023904047906398773,0.880115270614624,2.131859302520752,0.9863646626472473,1.421316385269165
233,train,2,0.20000000298023224,0.0,13,pseudo_cycle_05_config_1,-1,0.21762090921401978,5440.5224609375,2.9097275733947754,0.7953985333442688,0.7791677117347717,0.7600671648979187,0.019100520759820938,0.20030491054058075,0.5597622394561768,0.4471227526664734,1.1115761822111381e-07,0.11263936012983322,0.0,0.0,0.0,1.471134901046753,1.469273328781128,0.5811870098114014,0.0,0.0,0.8816578984260559,0.05801974609494209,0.06455796957015991,0.971001386642456,2.2058799266815186,0.7076845169067383,0.5557062029838562
234,train,2,0.20000000298023224,0.0,16,pseudo_cycle_05_config_4,-1,0.10728130489587784,2682.032470703125,2.489893913269043,0.12424767762422562,0.12785398960113525,0.15001201629638672,-0.022158028557896614,0.042799875140190125,0.10721214860677719,0.014083877205848694,0.06732579320669174,0.025802476331591606,0.0,0.0,0.0,1.2934705018997192,1.7163994312286377,0.6533236503601074,0.0,0.0,0.7180893421173096,0.17972919344902039,0.1449749618768692,0.8644490838050842,1.7625967264175415,2.0115270614624023,0.5036562085151672
235,train,2,0.20000000298023224,0.0,15,pseudo_cycle_05_config_3,-1,0.22359700500965118,5589.9248046875,3.071729898452759,0.5843192338943481,0.561463475227356,0.5376752614974976,0.023788191378116608,0.22504392266273499,0.3126313090324402,0.2339414358139038,5.6971785511450435e-08,0.078689806163311,0.0,0.0,0.0,1.565659999847412,1.8196656703948975,0.6554383635520935,0.0,0.0,0.7343643307685852,0.050640277564525604,0.048655059188604355,0.7809433341026306,2.1951937675476074,0.6117231845855713,0.7383871078491211
236,train,2,0.20000000298023224,0.0,19,pseudo_cycle_05_config_7,-1,0.235177680850029,5879.44140625,11.965336799621582,0.5702545046806335,0.5820488333702087,0.6080060005187988,-0.025957169011235237,0.18342098593711853,0.4245850443840027,0.2539885342121124,7.104847554728622e-08,0.17059645056724548,0.0,0.0,0.0,1.1535035371780396,1.675324559211731,0.4359341263771057,0.0,0.0,0.8101995587348938,0.05826122686266899,0.022465135902166367,0.8603912591934204,2.123908281326294,1.0221550464630127,1.4265649318695068
237,train,2,0.20000000298023224,0.0,20,pseudo_cycle_05_config_8,-1,0.09811296314001083,2452.823974609375,15.401841163635254,0.09476961195468903,0.09709779918193817,0.1131267100572586,-0.016028909012675285,0.03502131998538971,0.0781053900718689,0.03521998971700668,0.028297536075115204,0.01458786055445671,0.0,0.0,0.0,1.265440821647644,1.9011560678482056,0.7150076627731323,0.0,0.0,0.33096301555633545,0.14183983206748962,0.07906937599182129,0.34936612844467163,1.8361858129501343,2.0633139610290527,0.7605345845222473
238,train,2,0.20000000298023224,0.0,19,pseudo_cycle_05_config_7,-1,0.2666575312614441,6666.4384765625,15.382978439331055,0.665023684501648,0.679196834564209,0.7505720257759094,-0.07137517631053925,0.2454267293214798,0.5051453113555908,0.3002872169017792,9.139486678577668e-08,0.20485803484916687,0.0,0.0,0.0,1.2005391120910645,1.6865066289901733,0.4346641004085541,0.0,0.0,0.7509332299232483,0.06352339684963226,0.020609460771083832,0.795481264591217,2.098552942276001,1.1020779609680176,1.4316473007202148
239,train,2,0.20000000298023224,0.0,13,pseudo_cycle_05_config_1,-1,0.21000997722148895,5250.2490234375,2.7097604274749756,0.7441442608833313,0.7281877398490906,0.703088104724884,0.02509961649775505,0.18213455379009247,0.5209535360336304,0.4169585108757019,1.0645239711948307e-07,0.10399490594863892,0.0,0.0,0.0,1.436397671699524,1.514359474182129,0.6076440811157227,0.0,0.0,0.8534646034240723,0.061212558299303055,0.0728689432144165,0.9433519840240479,2.205916166305542,0.6951261162757874,0.5501843094825745
240,train,2,0.20000000298023224,0.0,21,pseudo_cycle_05_config_9,-1,0.2557433843612671,6393.58447265625,104.64744567871094,0.649922788143158,0.6771655678749084,0.7294407486915588,-0.05227520689368248,0.41600674390792847,0.31343400478363037,0.19582882523536682,1.2378309577343316e-07,0.11760507524013519,0.0,0.0,0.0,2.2123494148254395,2.234128475189209,0.6194536685943604,0.0,0.0,0.2149142622947693,0.08622735738754272,0.02423878014087677,0.2191375494003296,2.0385513305664062,1.5601227283477783,1.224252700805664
241,train,2,0.20000000298023224,0.0,23,pseudo_cycle_05_config_11,-1,0.16999918222427368,4249.9794921875,46.239540100097656,0.2242923378944397,0.23032228648662567,0.2213672399520874,0.008955046534538269,0.10407079756259918,0.11729644238948822,0.06335021555423737,3.7312506862008377e-08,0.05394619330763817,0.0,0.0,0.0,1.252556562423706,2.318511724472046,0.6481877565383911,0.0,0.0,0.3096248209476471,0.09029245376586914,0.036097634583711624,0.3193524181842804,1.9737117290496826,1.3450872898101807,1.6807239055633545
242,train,2,0.20000000298023224,0.0,17,pseudo_cycle_05_config_5,-1,0.2639109194278717,6597.77294921875,15.067716598510742,1.0879883766174316,1.1238538026809692,1.251060962677002,-0.1272071748971939,0.3735051453113556,0.8775558471679688,0.594476580619812,1.8766594678254478e-07,0.2830791175365448,0.0,0.0,0.0,1.8652797937393188,1.2917925119400024,0.3796943128108978,0.0,0.0,0.964326798915863,0.05556410923600197,0.016820115968585014,1.031080722808838,2.1360597610473633,1.3319602012634277,1.017153263092041
243,train,2,0.20000000298023224,0.0,23,pseudo_cycle_05_config_11,-1,0.1652858555316925,4132.14599609375,43.7110481262207,0.2160632312297821,0.2220679670572281,0.21139876544475555,0.010669201612472534,0.09735456109046936,0.1140442043542862,0.06144163757562637,3.603899756399187e-08,0.052602533251047134,0.0,0.0,0.0,1.2395014762878418,2.310821771621704,0.6502548456192017,0.0,0.0,0.3184445798397064,0.09126847237348557,0.03726467862725258,0.3289031982421875,1.9727208614349365,1.3346065282821655,1.6889216899871826
244,train,2,0.20000000298023224,0.0,22,pseudo_cycle_05_config_10,-1,0.166554257273674,4163.8564453125,44.384498596191406,0.18129979074001312,0.18467946350574493,0.22142526507377625,-0.03674580156803131,0.13289695978164673,0.08852830529212952,0.03707578405737877,0.024225331842899323,0.027227193117141724,0.0,0.0,0.0,1.6663479804992676,2.3792495727539062,0.600119948387146,0.0,0.0,0.2066819667816162,0.09729482233524323,0.023040669038891792,0.21104158461093903,1.77451491355896,1.9320614337921143,1.30314302444458
245,train,2,0.20000000298023224,0.0,13,pseudo_cycle_05_config_1,-1,0.185017392039299,4625.4345703125,2.1031787395477295,0.588289201259613,0.574788510799408,0.5379163026809692,0.03687220811843872,0.12981460988521576,0.4081017076969147,0.32835009694099426,9.124582334152365e-08,0.07975152879953384,0.0,0.0,0.0,1.3190480470657349,1.6937267780303955,0.6971505880355835,0.0,0.0,0.7618107199668884,0.07637051492929459,0.11318564414978027,0.8561745882034302,2.204880714416504,0.6591672301292419,0.5355339050292969
246,train,2,0.20000000298023224,0.0,16,pseudo_cycle_05_config_4,-1,0.1373865157365799,3434.662841796875,4.083390712738037,0.19496171176433563,0.19517572224140167,0.23276928067207336,-0.03759355470538139,0.07782375812530518,0.1549455225467682,0.020442144945263863,0.09673118591308594,0.037772201001644135,0.0,0.0,0.0,1.4341219663619995,1.7347147464752197,0.6539838314056396,0.0,0.0,0.6557135581970215,0.14679661393165588,0.09923792630434036,0.7468085289001465,1.78664231300354,2.0162885189056396,0.5149030089378357
247,train,2,0.20000000298023224,0.0,21,pseudo_cycle_05_config_9,-1,0.17848950624465942,4462.23779296875,50.97358703613281,0.47636011242866516,0.5053924322128296,0.49063557386398315,0.01475686114281416,0.17914848029613495,0.3114871084690094,0.18921704590320587,1.0776788883504196e-07,0.12226995825767517,0.0,0.0,0.0,1.9559146165847778,2.2573511600494385,0.5690453052520752,0.0,0.0,0.4051037132740021,0.07560792565345764,0.022270411252975464,0.41899219155311584,2.0931897163391113,1.571274757385254,1.3525958061218262
248,train,2,0.20000000298023224,0.0,13,pseudo_cycle_05_config_1,-1,0.2400956153869629,6002.39013671875,3.5417635440826416,0.9568089246749878,0.940575897693634,0.9467165470123291,-0.00614067493006587,0.2602509558200836,0.6864655613899231,0.5444405674934387,1.3050485847543314e-07,0.14202485978603363,0.0,0.0,0.0,1.570312261581421,1.3595882654190063,0.5292127132415771,0.0,0.0,0.9610985517501831,0.051353685557842255,0.04690077155828476,1.0501718521118164,2.204920768737793,0.749031662940979,0.5751839876174927
249,train,2,0.20000000298023224,0.0,17,pseudo_cycle_05_config_5,-1,0.16653630137443542,4163.40771484375,5.999989986419678,0.5157560706138611,0.511370837688446,0.49171745777130127,0.019653355702757835,0.1147993803024292,0.37691807746887207,0.2739599645137787,8.48231280770051e-08,0.10295803844928741,0.0,0.0,0.0,1.4397393465042114,1.3504483699798584,0.45569315552711487,0.0,0.0,1.0380836725234985,0.04076901078224182,0.0235055573284626,1.1083117723464966,2.1999261379241943,1.1210474967956543,0.8267633318901062
250,train,2,0.20000000298023224,0.0,23,pseudo_cycle_05_config_11,-1,0.21412432193756104,5353.10791015625,73.3587417602539,0.296755850315094,0.3005998134613037,0.31668102741241455,-0.016081208363175392,0.18129144608974457,0.13538958132266998,0.07484903931617737,4.584621748904283e-08,0.06054049730300903,0.0,0.0,0.0,1.3753316402435303,2.3422625064849854,0.6386289596557617,0.0,0.0,0.23111844062805176,0.08730840682983398,0.030281830579042435,0.2361559271812439,1.9675626754760742,1.415332555770874,1.5914326906204224
251,train,2,0.20000000298023224,0.0,20,pseudo_cycle_05_config_8,-1,0.06805426627397537,1701.356689453125,7.410210609436035,0.05684210732579231,0.05893358960747719,0.06679291278123856,-0.007859322242438793,0.014326440170407295,0.05246647074818611,0.02352713607251644,0.019534103572368622,0.009405230171978474,0.0,0.0,0.0,1.0759440660476685,1.8315601348876953,0.7247761487960815,0.0,0.0,0.4576548933982849,0.18958152830600739,0.12071675807237625,0.5089336633682251,1.8165807723999023,2.081015110015869,0.7261979579925537
252,train,2,0.20000000298023224,0.0,16,pseudo_cycle_05_config_4,-1,0.07211212068796158,1802.802978515625,1.124991536140442,0.07396229356527328,0.07859665155410767,0.08926880359649658,-0.010672151111066341,0.01659361831843853,0.0726751834154129,0.009457370266318321,0.045909333974123,0.01730848290026188,0.0,0.0,0.0,1.1099072694778442,1.75312077999115,0.6574622392654419,0.0,0.0,0.8998523950576782,0.24908778071403503,0.25097396969795227,1.2844173908233643,1.7261263132095337,1.9878078699111938,0.49272340536117554
253,train,2,0.20000000298023224,0.0,12,pseudo_cycle_05_config_0,-1,0.16022680699825287,4005.669921875,1.5773259401321411,0.3267820477485657,0.3338257670402527,0.39507120847702026,-0.06124543398618698,0.1012972742319107,0.29377394914627075,0.04443678632378578,0.1740967184305191,0.07524045556783676,0.0,0.0,0.0,1.3724279403686523,1.7010494470596313,0.5930636525154114,0.0,0.0,0.9319934844970703,0.1484590470790863,0.13073433935642242,1.1667815446853638,1.8638134002685547,1.9203976392745972,0.4922131597995758
254,train,2,0.20000000298023224,0.0,21,pseudo_cycle_05_config_9,-1,0.2762596905231476,6906.4921875,122.11102294921875,0.7026892304420471,0.726098895072937,0.7977302670478821,-0.07163139432668686,0.4934970736503601,0.304233193397522,0.19092367589473724,1.2347011590918555e-07,0.11330939084291458,0.0,0.0,0.0,2.249114990234375,2.222700595855713,0.6299007534980774,0.0,0.0,0.18231630325317383,0.09007474035024643,0.02534635365009308,0.18546392023563385,2.0228469371795654,1.557593822479248,1.2005192041397095
255,train,2,0.20000000298023224,0.0,15,pseudo_cycle_05_config_3,-1,0.24327445030212402,6081.86083984375,3.63616943359375,0.6787919998168945,0.6549485325813293,0.6449047327041626,0.010043774731457233,0.2678285539150238,0.3770761489868164,0.2790443003177643,6.60769075011558e-08,0.09803178161382675,0.0,0.0,0.0,1.5740771293640137,1.7634260654449463,0.6096509695053101,0.0,0.0,0.7666223645210266,0.047558847814798355,0.03906366601586342,0.8121733665466309,2.19473934173584,0.6393512487411499,0.771039605140686
256,train,2,0.20000000298023224,0.0,17,pseudo_cycle_05_config_5,-1,0.16809646785259247,4202.41162109375,6.112936973571777,0.5248460173606873,0.5204855799674988,0.501895546913147,0.018590008839964867,0.11765313148498535,0.384242445230484,0.2788810133934021,8.62376268173648e-08,0.10536134243011475,0.0,0.0,0.0,1.4482665061950684,1.3445953130722046,0.45281925797462463,0.0,0.0,1.0420928001403809,0.04074084758758545,0.023099035024642944,1.112476110458374,2.1993699073791504,1.1264516115188599,0.8309226036071777
257,train,2,0.20000000298023224,0.0,14,pseudo_cycle_05_config_2,-1,0.12724919617176056,3181.22998046875,0.9948581457138062,0.12323763966560364,0.11754049360752106,0.1429220736026764,-0.025381581857800484,0.10470529645681381,0.03821677342057228,0.005005555227398872,0.022014345973730087,0.011196871288120747,0.0,0.0,0.0,2.249161720275879,1.6005563735961914,0.7591572999954224,0.0,0.0,0.48402777314186096,0.08317863196134567,0.049993038177490234,0.5091843008995056,1.6212981939315796,1.4649631977081299,0.5656520128250122
258,train,2,0.20000000298023224,0.0,17,pseudo_cycle_05_config_5,-1,0.22400040924549103,5600.01025390625,10.855012893676758,0.8555893301963806,0.8659542202949524,0.9174058437347412,-0.05145161226391792,0.24778415262699127,0.6696217060089111,0.46495914459228516,1.4324530184239848e-07,0.20466242730617523,0.0,0.0,0.0,1.7176631689071655,1.2669270038604736,0.39415907859802246,0.0,0.0,1.0525617599487305,0.046736106276512146,0.016901826485991478,1.1240496635437012,2.1689963340759277,1.2714934349060059,0.9547334313392639
259,train,2,0.20000000298023224,0.0,15,pseudo_cycle_05_config_3,-1,0.2928823232650757,7322.0576171875,5.27032470703125,0.9456484317779541,0.9181197881698608,0.9721480011940002,-0.054028239101171494,0.39347219467163086,0.5786758065223694,0.4137740135192871,9.279027324282652e-08,0.1649017035961151,0.0,0.0,0.0,1.5954746007919312,1.6566224098205566,0.5134202837944031,0.0,0.0,0.8392959833145142,0.0451853945851326,0.025891592726111412,0.8864328861236572,2.189859390258789,0.7173708081245422,0.8727263808250427
260,train,2,0.20000000298023224,0.0,12,pseudo_cycle_05_config_0,-1,0.09057300537824631,2264.324951171875,0.5040209889411926,0.16873987019062042,0.17813551425933838,0.19886454939842224,-0.02072904258966446,0.02442838065326214,0.17443616688251495,0.024350538849830627,0.108908511698246,0.04117710515856743,0.0,0.0,0.0,1.0357602834701538,1.8300836086273193,0.6922048330307007,0.0,0.0,1.102779746055603,0.2678106129169464,0.356446236371994,1.9065062999725342,1.8181869983673096,1.8323111534118652,0.4795433282852173
261,train,2,0.20000000298023224,0.0,19,pseudo_cycle_05_config_7,-1,0.2802969217300415,7007.4228515625,16.99688720703125,0.705870509147644,0.7204337120056152,0.8116809129714966,-0.09124719351530075,0.2772814631462097,0.5343994498252869,0.3169613480567932,1.0053419430278154e-07,0.2174380123615265,0.0,0.0,0.0,1.2275700569152832,1.6924794912338257,0.4382691979408264,0.0,0.0,0.7199002504348755,0.06653515249490738,0.02038949728012085,0.7619896531105042,2.085479259490967,1.1319667100906372,1.4306552410125732
262,train,2,0.20000000298023224,0.0,23,pseudo_cycle_05_config_11,-1,0.25172317028045654,6293.0791015625,101.38325500488281,0.36117783188819885,0.3601842224597931,0.40282467007637024,-0.04264044761657715,0.2683873474597931,0.13443732261657715,0.07573007792234421,4.8154173981629356e-08,0.05870719999074936,0.0,0.0,0.0,1.4732543230056763,2.315546989440918,0.6412550806999207,0.0,0.0,0.17391009628772736,0.09088297188282013,0.029773658141493797,0.1768154352903366,1.9460632801055908,1.4472812414169312,1.508620023727417
263,train,2,0.20000000298023224,0.0,15,pseudo_cycle_05_config_3,-1,0.21241159737110138,5310.28955078125,2.7720913887023926,0.5331098437309265,0.5105655193328857,0.4817391037940979,0.02882639318704605,0.20204274356365204,0.27969637513160706,0.21046271920204163,5.209881237533409e-08,0.06923361122608185,0.0,0.0,0.0,1.5575748682022095,1.855575442314148,0.6825556755065918,0.0,0.0,0.7157182693481445,0.053171947598457336,0.05601434037089348,0.763492226600647,2.1950490474700928,0.5970628261566162,0.7220810651779175
264,train,2,0.20000000298023224,0.0,14,pseudo_cycle_05_config_2,-1,0.10977376252412796,2744.343994140625,0.7403689026832581,0.08629480749368668,0.08235836774110794,0.09969325363636017,-0.017334885895252228,0.072910375893116,0.02678287774324417,0.003594532608985901,0.015328653156757355,0.007859691977500916,0.0,0.0,0.0,2.1045265197753906,1.575451374053955,0.7863227725028992,0.0,0.0,0.47771701216697693,0.09360707551240921,0.06613550335168839,0.5062896013259888,1.5984830856323242,1.3521062135696411,0.5451464056968689
265,train,2,0.20000000298023224,0.0,19,pseudo_cycle_05_config_7,-1,0.1831914335489273,4579.78564453125,7.260107517242432,0.4021679162979126,0.40773099660873413,0.3831305503845215,0.024600455537438393,0.10902083665132523,0.27410972118377686,0.1663575917482376,4.248592588851352e-08,0.10775206983089447,0.0,0.0,0.0,1.129955530166626,1.6763837337493896,0.4780418872833252,0.0,0.0,0.8549110889434814,0.057346589863300323,0.032923340797424316,0.9173957109451294,2.148874044418335,0.8610110878944397,1.3918547630310059
266,train,2,0.20000000298023224,0.0,21,pseudo_cycle_05_config_9,-1,0.18762509524822235,4690.62744140625,56.32506561279297,0.4975365698337555,0.5275758504867554,0.5192880034446716,0.008287870325148106,0.20223595201969147,0.31705203652381897,0.1934279352426529,1.1162952517906888e-07,0.12362400442361832,0.0,0.0,0.0,1.9981982707977295,2.256406545639038,0.5754587650299072,0.0,0.0,0.37680158019065857,0.07635340839624405,0.022206032648682594,0.38883018493652344,2.0875589847564697,1.5701664686203003,1.3342043161392212
267,train,2,0.20000000298023224,0.0,18,pseudo_cycle_05_config_6,-1,0.12712453305721283,3178.11328125,3.496161460876465,0.13400715589523315,0.133283793926239,0.16093143820762634,-0.027647649869322777,0.07934172451496124,0.0815897062420845,0.036170508712530136,0.020409787073731422,0.025009408593177795,0.0,0.0,0.0,1.707674264907837,1.7232513427734375,0.6450058817863464,0.0,0.0,0.464884489774704,0.05939080938696861,0.019879840314388275,0.4797172248363495,1.8049730062484741,1.5790318250656128,1.248013973236084
268,train,2,0.20000000298023224,0.0,22,pseudo_cycle_05_config_10,-1,0.12793029844760895,3198.25732421875,26.185850143432617,0.1259080320596695,0.12789110839366913,0.14914891123771667,-0.021257799118757248,0.07664205133914948,0.0725068524479866,0.029693827033042908,0.019286038354039192,0.0235269907861948,0.0,0.0,0.0,1.6288549900054932,2.328683853149414,0.5956435799598694,0.0,0.0,0.2874312400817871,0.09436191618442535,0.024584371596574783,0.29581090807914734,1.755914568901062,1.9146695137023926,1.391244888305664
269,train,2,0.20000000298023224,0.0,23,pseudo_cycle_05_config_11,-1,0.241571307182312,6039.28271484375,93.37068176269531,0.3427538573741913,0.34326210618019104,0.3786999583244324,-0.03543786332011223,0.24293892085552216,0.13576103746891022,0.0761072039604187,4.789539431726553e-08,0.059653788805007935,0.0,0.0,0.0,1.4480000734329224,2.3252902030944824,0.639921247959137,0.0,0.0,0.1881028264760971,0.0895286574959755,0.029657453298568726,0.19146797060966492,1.9528573751449585,1.4403674602508545,1.5306742191314697
270,train,2,0.20000000298023224,0.0,14,pseudo_cycle_05_config_2,-1,0.15479762852191925,3869.9404296875,1.4722436666488647,0.19202883541584015,0.1839195340871811,0.22471381723880768,-0.04079428315162659,0.1631089448928833,0.06160487234592438,0.007954692468047142,0.03518099710345268,0.01846918649971485,0.0,0.0,0.0,2.3676164150238037,1.657576084136963,0.7202777862548828,0.0,0.0,0.4952836334705353,0.0749129056930542,0.036960307508707047,0.5181507468223572,1.6520830392837524,1.5821902751922607,0.5982714891433716
271,train,2,0.20000000298023224,0.0,18,pseudo_cycle_05_config_6,-1,0.05095053091645241,1273.76318359375,0.5616039633750916,0.021826013922691345,0.01891103759407997,0.018191350623965263,0.000719686911907047,0.0044285813346505165,0.013762769289314747,0.008104594424366951,0.002086740918457508,0.0035714339464902878,0.0,0.0,0.0,0.5933751463890076,2.6187026500701904,0.9440056681632996,0.0,0.0,0.3354344069957733,0.4046389162540436,0.42797985672950745,0.3971155881881714,2.0014257431030273,0.5458862781524658,0.881963849067688
272,train,2,0.20000000298023224,0.0,20,pseudo_cycle_05_config_8,-1,0.05269934982061386,1317.4837646484375,4.443552494049072,0.04460687190294266,0.044488325715065,0.04909195378422737,-0.004603629931807518,0.007668439298868179,0.04142351448535919,0.018806058913469315,0.01539628580212593,0.007221167907118797,0.0,0.0,0.0,0.9604142308235168,1.847231149673462,0.7096656560897827,0.0,0.0,0.5683925747871399,0.23816896975040436,0.16336330771446228,0.6753363013267517,1.8093587160110474,2.08732008934021,0.69475919008255
273,train,2,0.20000000298023224,0.0,17,pseudo_cycle_05_config_5,-1,0.19305214285850525,4826.30322265625,8.062727928161621,0.6720470786094666,0.6706007122993469,0.6760618686676025,-0.005461156368255615,0.1689760982990265,0.5070858001708984,0.36022061109542847,1.1026054380636197e-07,0.14686504006385803,0.0,0.0,0.0,1.5770233869552612,1.2843821048736572,0.4179322421550751,0.0,0.0,1.0743622779846191,0.042058106511831284,0.018854627385735512,1.146289348602295,2.1883134841918945,1.2020334005355835,0.8921940922737122
274,train,2,0.20000000298023224,0.0,22,pseudo_cycle_05_config_10,-1,0.08347288519144058,2086.822265625,11.14835262298584,0.07670141756534576,0.07925543934106827,0.08573086559772491,-0.006475428119301796,0.028511427342891693,0.05721943825483322,0.023323357105255127,0.013222395442426205,0.020673682913184166,0.0,0.0,0.0,1.4232797622680664,2.248297691345215,0.5451200604438782,0.0,0.0,0.5333436131477356,0.1044103279709816,0.029603103175759315,0.567534863948822,1.7488905191421509,1.8188194036483765,1.550205945968628
275,train,2,0.20000000298023224,0.0,13,pseudo_cycle_05_config_1,-1,0.2626362442970276,6565.90576171875,4.23799467086792,1.134023904800415,1.1186347007751465,1.161827802658081,-0.04319307953119278,0.32994046807289124,0.8318873643875122,0.6538352370262146,1.5598905633851246e-07,0.17805194854736328,0.0,0.0,0.0,1.663751244544983,1.2802278995513916,0.49494171142578125,0.0,0.0,1.0303138494491577,0.04776433855295181,0.036054398864507675,1.12045156955719,2.2027101516723633,0.7963250279426575,0.599840521812439
276,train,2,0.20000000298023224,0.0,13,pseudo_cycle_05_config_1,-1,0.2803117036819458,7007.79248046875,4.827625274658203,1.2842401266098022,1.2701915502548218,1.3503949642181396,-0.08020338416099548,0.3912651240825653,0.959129810333252,0.74747633934021,1.7911133909365162e-07,0.21165327727794647,0.0,0.0,0.0,1.7320115566253662,1.235706090927124,0.47255152463912964,0.0,0.0,1.0747880935668945,0.04651941731572151,0.03049449436366558,1.1663867235183716,2.2000675201416016,0.836707592010498,0.6229647994041443
277,train,2,0.20000000298023224,0.0,16,pseudo_cycle_05_config_4,-1,0.0936700701713562,2341.751708984375,1.8981670141220093,0.10108069330453873,0.1037728562951088,0.12051163613796234,-0.016738781705498695,0.03091922029852867,0.08959241211414337,0.011993993073701859,0.05566038936376572,0.0219380222260952,0.0,0.0,0.0,1.2257134914398193,1.7198758125305176,0.631550133228302,0.0,0.0,0.7706370949745178,0.20100568234920502,0.17625020444393158,0.9706745743751526,1.7499597072601318,2.0056018829345703,0.49923351407051086
278,train,2,0.20000000298023224,0.0,20,pseudo_cycle_05_config_8,-1,0.14322806894779205,3580.70166015625,32.82283401489258,0.18754225969314575,0.18844567239284515,0.22454926371574402,-0.036103591322898865,0.08923275023698807,0.13531650602817535,0.06279497593641281,0.04586178436875343,0.02665974572300911,0.0,0.0,0.0,1.5129693746566772,2.063176393508911,0.669893741607666,0.0,0.0,0.25686049461364746,0.11033941805362701,0.04912378638982773,0.26497289538383484,1.866420865058899,2.0348377227783203,0.7923930287361145
279,train,2,0.20000000298023224,0.0,13,pseudo_cycle_05_config_1,-1,0.28818684816360474,7204.6708984375,5.102692604064941,1.354498267173767,1.341330647468567,1.4401122331619263,-0.0987815335392952,0.4204391539096832,1.0196731090545654,0.7913512587547302,1.9039430299017113e-07,0.22832170128822327,0.0,0.0,0.0,1.7608281373977661,1.2201435565948486,0.46379342675209045,0.0,0.0,1.0915777683258057,0.04632086306810379,0.028597161173820496,1.1839662790298462,2.1986165046691895,0.8554031848907471,0.634347677230835
280,train,2,0.20000000298023224,0.0,19,pseudo_cycle_05_config_7,-1,0.1913454532623291,4783.63623046875,7.920799255371094,0.42961370944976807,0.436286985874176,0.41636723279953003,0.019919751212000847,0.11894119530916214,0.2974260449409485,0.1800374537706375,4.641509221414708e-08,0.11738855391740799,0.0,0.0,0.0,1.129947304725647,1.6732442378997803,0.4673558473587036,0.0,0.0,0.8528033494949341,0.05662963539361954,0.03031502477824688,0.9127906560897827,2.146371364593506,0.8880037069320679,1.399483323097229
281,train,2,0.20000000298023224,0.0,12,pseudo_cycle_05_config_0,-1,0.12821443378925323,3205.36083984375,1.0100082159042358,0.22401408851146698,0.24327807128429413,0.28196823596954346,-0.03869016841053963,0.05779216066002846,0.2241760790348053,0.03260205313563347,0.13672034442424774,0.054853685200214386,0.0,0.0,0.0,1.2228052616119385,1.7326310873031616,0.6392461657524109,0.0,0.0,0.9660556316375732,0.18799617886543274,0.2013426572084427,1.3230329751968384,1.8489750623703003,1.8918781280517578,0.4852147102355957
282,train,2,0.20000000298023224,0.0,19,pseudo_cycle_05_config_7,-1,0.2562392055988312,6405.97998046875,14.20443344116211,0.6338798999786377,0.6474664211273193,0.7034872770309448,-0.0560208261013031,0.22319045662879944,0.4802968502044678,0.2860594093799591,8.450804500625964e-08,0.1942373514175415,0.0,0.0,0.0,1.1823514699935913,1.6823256015777588,0.43348428606987,0.0,0.0,0.7727164626121521,0.0614929161965847,0.02099001780152321,0.8191177248954773,2.1077418327331543,1.0773260593414307,1.4311788082122803
283,train,2,0.20000000298023224,0.0,22,pseudo_cycle_05_config_10,-1,0.08024589717388153,2006.1473388671875,10.3030424118042,0.0738011822104454,0.07638222724199295,0.08187364041805267,-0.005491415038704872,0.025832422077655792,0.05604121834039688,0.02289390377700329,0.01268529798835516,0.02046201564371586,0.0,0.0,0.0,1.3953450918197632,2.244286060333252,0.5372518301010132,0.0,0.0,0.5639550685882568,0.10647251456975937,0.03022906556725502,0.6032401323318481,1.75071120262146,1.8055827617645264,1.564743161201477
284,train,2,0.20000000298023224,0.0,18,pseudo_cycle_05_config_6,-1,0.1494940221309662,3737.350341796875,4.834820747375488,0.18410052359104156,0.18234112858772278,0.2212986946105957,-0.038957566022872925,0.11197435110807419,0.10932433605194092,0.04735639691352844,0.02792719192802906,0.034040745347738266,0.0,0.0,0.0,1.742741584777832,1.7265480756759644,0.6147317886352539,0.0,0.0,0.45206376910209656,0.06174663454294205,0.019390979781746864,0.4664738178253174,1.7540167570114136,1.6826614141464233,1.2608230113983154
285,train,2,0.20000000298023224,0.0,18,pseudo_cycle_05_config_6,-1,0.07146404683589935,1786.6011962890625,1.1048617362976074,0.032106783241033554,0.02946321852505207,0.032390810549259186,-0.002927592722699046,0.012152431532740593,0.020238380879163742,0.0110049769282341,0.0035887372214347124,0.00564466742798686,0.0,0.0,0.0,0.8276564478874207,2.0874996185302734,0.9001181125640869,0.0,0.0,0.3225024938583374,0.1438755840063095,0.08423632383346558,0.34029221534729004,2.02229380607605,0.7326512336730957,1.03727388381958
286,train,2,0.20000000298023224,0.0,22,pseudo_cycle_05_config_10,-1,0.10196966677904129,2549.24169921875,16.63649559020996,0.0950571745634079,0.09722105413675308,0.10950778424739838,-0.012286730110645294,0.046081479638814926,0.06342630833387375,0.02574044093489647,0.015940291807055473,0.021745575591921806,0.0,0.0,0.0,1.541510820388794,2.279849052429199,0.5770397186279297,0.0,0.0,0.39747488498687744,0.09722744673490524,0.026928892359137535,0.41452649235725403,1.7463221549987793,1.874126672744751,1.4752964973449707
287,train,2,0.20000000298023224,0.0,18,pseudo_cycle_05_config_6,-1,0.08692160248756409,2173.0400390625,1.634512186050415,0.052219703793525696,0.050594061613082886,0.05896945297718048,-0.00837539043277502,0.025479422882199287,0.033490028232336044,0.01669267937541008,0.007112758234143257,0.009684590622782707,0.0,0.0,0.0,1.1729953289031982,1.8585487604141235,0.808565080165863,0.0,0.0,0.38732531666755676,0.08262410014867783,0.03563505411148071,0.4017913043498993,1.9724446535110474,1.0394457578659058,1.1443531513214111
288,train,2,0.20000000298023224,0.0,14,pseudo_cycle_05_config_2,-1,0.1444418877363205,3611.04736328125,1.2818504571914673,0.164640873670578,0.15740323066711426,0.192009836435318,-0.034606605768203735,0.1400289535522461,0.051980890333652496,0.006730297114700079,0.02984035760164261,0.01541023887693882,0.0,0.0,0.0,2.334498882293701,1.634674310684204,0.7345882654190063,0.0,0.0,0.4905892610549927,0.07726062834262848,0.04079662635922432,0.514001190662384,1.6410400867462158,1.544852614402771,0.5860522985458374
289,train,2,0.20000000298023224,0.0,15,pseudo_cycle_05_config_3,-1,0.2500579059123993,6251.447265625,3.841777801513672,0.7127084732055664,0.6884053945541382,0.6846222281455994,0.0037831924855709076,0.28335458040237427,0.4012676477432251,0.29570141434669495,6.938533658740198e-08,0.10556618869304657,0.0,0.0,0.0,1.5761996507644653,1.745945692062378,0.5947016477584839,0.0,0.0,0.7774260640144348,0.046829842031002045,0.03650284186005592,0.8228812217712402,2.1943864822387695,0.649366021156311,0.7834017872810364
290,train,2,0.20000000298023224,0.0,22,pseudo_cycle_05_config_10,-1,0.05493785813450813,1373.4464111328125,4.829067707061768,0.053638432174921036,0.05485545098781586,0.053192704916000366,0.0016627454897388816,0.009245285764336586,0.04394742101430893,0.018594203516840935,0.007737164851278067,0.01761605031788349,0.0,0.0,0.0,1.0654646158218384,2.265064239501953,0.45602911710739136,0.0,0.0,0.8781300187110901,0.14313675463199615,0.040289074182510376,1.0157856941223145,1.7850905656814575,1.6288156509399414,1.6911853551864624
291,train,2,0.20000000298023224,0.0,14,pseudo_cycle_05_config_2,-1,0.08447443693876266,2111.86083984375,0.43843144178390503,0.04278412461280823,0.04174173250794411,0.04994563013315201,-0.008203898556530476,0.03537943586707115,0.014566196128726006,0.0021019403357058764,0.00797442626208067,0.004489829298108816,0.0,0.0,0.0,1.724496841430664,1.5783812999725342,0.8283218145370483,0.0,0.0,0.4716012477874756,0.1272907704114914,0.12318906933069229,0.5128327012062073,1.5554242134094238,1.111145257949829,0.5182034969329834
292,train,2,0.20000000298023224,0.0,23,pseudo_cycle_05_config_11,-1,0.22463014721870422,5615.75341796875,80.73390197753906,0.31387048959732056,0.3165889084339142,0.3399955630302429,-0.02340664528310299,0.20364469289779663,0.1363508552312851,0.07579236477613449,4.6896637684312736e-08,0.06055844575166702,0.0,0.0,0.0,1.403780221939087,2.3377747535705566,0.638634443283081,0.0,0.0,0.21393103897571564,0.08787345886230469,0.02985258214175701,0.2182449847459793,1.9626874923706055,1.4261865615844727,1.5681960582733154
293,train,2,0.20000000298023224,0.0,21,pseudo_cycle_05_config_9,-1,0.21916861832141876,5479.21533203125,76.85578918457031,0.5664172172546387,0.5975522398948669,0.6157355308532715,-0.018183311447501183,0.2924724221229553,0.32326310873031616,0.19977255165576935,1.2054243825332378e-07,0.12349043041467667,0.0,0.0,0.0,2.117826223373413,2.249455690383911,0.597234845161438,0.0,0.0,0.29095029830932617,0.0801544040441513,0.02271156944334507,0.29829493165016174,2.0660200119018555,1.5655062198638916,1.27712082862854
294,train,2,0.20000000298023224,0.0,16,pseudo_cycle_05_config_4,-1,0.12060435116291046,3015.108642578125,3.146724224090576,0.15218792855739594,0.15502868592739105,0.18338102102279663,-0.028352340683341026,0.05675326660275459,0.12662775814533234,0.01657296158373356,0.0796031579375267,0.030451634898781776,0.0,0.0,0.0,1.357147455215454,1.7211065292358398,0.6595464944839478,0.0,0.0,0.6828071475028992,0.16322727501392365,0.12160943448543549,0.7976213097572327,1.7738068103790283,2.014805555343628,0.508345365524292
295,train,2,0.20000000298023224,0.0,20,pseudo_cycle_05_config_8,-1,0.11532245576381683,2883.061279296875,21.27882194519043,0.12521299719810486,0.12656714022159576,0.14895477890968323,-0.022387638688087463,0.05217057466506958,0.09678420424461365,0.04408722370862961,0.034246981143951416,0.018449997529387474,0.0,0.0,0.0,1.3644574880599976,1.960304856300354,0.6994837522506714,0.0,0.0,0.29249417781829834,0.12641170620918274,0.06486304849386215,0.304932177066803,1.848574161529541,2.0529046058654785,0.773607075214386
296,train,2,0.20000000298023224,0.0,15,pseudo_cycle_05_config_3,-1,0.27426859736442566,6856.71435546875,4.621716499328613,0.8400554656982422,0.8138605952262878,0.8389391899108887,-0.02507857047021389,0.34273332357406616,0.4962058365345001,0.35973289608955383,8.202206203122842e-08,0.13647285103797913,0.0,0.0,0.0,1.5847700834274292,1.691052794456482,0.5457930564880371,0.0,0.0,0.8139771819114685,0.0453399121761322,0.029547031968832016,0.8599525094032288,2.1923258304595947,0.6868926882743835,0.8317086100578308
297,train,2,0.20000000298023224,0.0,21,pseudo_cycle_05_config_9,-1,0.23913244903087616,5978.310546875,91.4948959350586,0.6106719374656677,0.6402800679206848,0.6769177317619324,-0.03663763776421547,0.35751092433929443,0.31940680742263794,0.1986740231513977,1.2306666974382097e-07,0.12073265016078949,0.0,0.0,0.0,2.1745753288269043,2.241992950439453,0.609902024269104,0.0,0.0,0.2464153915643692,0.08330696821212769,0.023454677313566208,0.2518247961997986,2.0512096881866455,1.5624661445617676,1.2465039491653442
298,train,2,0.20000000298023224,0.0,15,pseudo_cycle_05_config_3,-1,0.27239492535591125,6809.87255859375,4.558785438537598,0.8298203349113464,0.803774356842041,0.8262580037117004,-0.022483643144369125,0.3378903865814209,0.48836761713027954,0.3545232117176056,8.099293324903556e-08,0.1338443011045456,0.0,0.0,0.0,1.583944320678711,1.6948904991149902,0.5493110418319702,0.0,0.0,0.8112803101539612,0.04539976641535759,0.02998526208102703,0.8571723699569702,2.192530393600464,0.6838974952697754,0.827752947807312
299,train,2,0.20000000298023224,0.0,16,pseudo_cycle_05_config_4,-1,0.05689080059528351,1422.27001953125,0.7001914381980896,0.06793469935655594,0.06638412177562714,0.07372885197401047,-0.00734472693875432,0.009467585012316704,0.06426126509904861,0.008123698644340038,0.04121490195393562,0.014922662638127804,0.0,0.0,0.0,1.017459750175476,1.8123809099197388,0.6866986155509949,0.0,0.0,1.0365394353866577,0.30152732133865356,0.3377617299556732,1.7366605997085571,1.7042841911315918,1.963895559310913,0.48828861117362976
300,train,2,0.20000000298023224,0.0,17,pseudo_cycle_05_config_5,-1,0.2140955626964569,5352.38916015625,9.916263580322266,0.7969954013824463,0.8025845289230347,0.8376697897911072,-0.035085279494524,0.22073118388652802,0.616938591003418,0.4313422739505768,1.323932963259722e-07,0.18559619784355164,0.0,0.0,0.0,1.6749833822250366,1.2677245140075684,0.4001288414001465,0.0,0.0,1.065270185470581,0.044973570853471756,0.017278794199228287,1.137194037437439,2.175835132598877,1.2517898082733154,0.9362093806266785
301,train,2,0.20000000298023224,0.0,12,pseudo_cycle_05_config_0,-1,0.10199160128831863,2549.7900390625,0.6391162872314453,0.17927294969558716,0.19380591809749603,0.2192361056804657,-0.025430191308259964,0.0327129065990448,0.1865231990814209,0.0263386070728302,0.11578675359487534,0.04439782351255417,0.0,0.0,0.0,1.0938366651535034,1.791010856628418,0.6764031648635864,0.0,0.0,1.0478320121765137,0.23813661932945251,0.2973245084285736,1.6513572931289673,1.8296223878860474,1.8546583652496338,0.4810301661491394
302,train,2,0.20000000298023224,0.0,14,pseudo_cycle_05_config_2,-1,0.08230464160442352,2057.615966796875,0.4161977767944336,0.03972287476062775,0.038904935121536255,0.04648038372397423,-0.007575447671115398,0.03271712735295296,0.013763255439698696,0.0020038695074617863,0.007482761982828379,0.004276623949408531,0.0,0.0,0.0,1.6799201965332031,1.5824475288391113,0.831595242023468,0.0,0.0,0.4719214141368866,0.13215738534927368,0.13211262226104736,0.515239417552948,1.5507757663726807,1.086104393005371,0.5162055492401123
303,train,2,0.20000000298023224,0.0,18,pseudo_cycle_05_config_6,-1,0.10147257149219513,2536.814208984375,2.2275633811950684,0.07939667999744415,0.07865629345178604,0.09369909763336182,-0.015042801387608051,0.04341687634587288,0.050282225012779236,0.02357037179172039,0.01180223748087883,0.014909619465470314,0.0,0.0,0.0,1.4666396379470825,1.7654736042022705,0.7260904908180237,0.0,0.0,0.439215749502182,0.06498439610004425,0.02430030331015587,0.4538108706474304,1.9047667980194092,1.3135571479797363,1.2048747539520264
304,train,2,0.20000000298023224,0.0,22,pseudo_cycle_05_config_10,-1,0.14610415697097778,3652.603759765625,34.154266357421875,0.15076500177383423,0.15319271385669708,0.18145236372947693,-0.0282596442848444,0.10168561339378357,0.07976674288511276,0.03301228582859039,0.021607166156172752,0.025147289037704468,0.0,0.0,0.0,1.6569008827209473,2.3570556640625,0.5994216203689575,0.0,0.0,0.24188865721225739,0.09495951235294342,0.02358994632959366,0.24777860939502716,1.7653287649154663,1.9275932312011719,1.3447487354278564
305,train,2,0.20000000298023224,0.0,20,pseudo_cycle_05_config_8,-1,0.08980236202478409,2245.058837890625,12.903139114379883,0.08236657083034515,0.08501534163951874,0.0984649658203125,-0.013449626974761486,0.028188206255435944,0.07027675956487656,0.03157331049442291,0.02571217529475689,0.012991274707019329,0.0,0.0,0.0,1.2157772779464722,1.8757694959640503,0.7206445932388306,0.0,0.0,0.35683220624923706,0.15159711241722107,0.08776838332414627,0.38012272119522095,1.830290675163269,2.06831955909729,0.7530983090400696
306,train,2,0.20000000298023224,0.0,21,pseudo_cycle_05_config_9,-1,0.21177718043327332,5294.42919921875,71.7593002319336,0.5504539012908936,0.5817195773124695,0.5932930707931519,-0.011573469266295433,0.26991260051727295,0.3233804702758789,0.19930033385753632,1.1904035801535429e-07,0.12408000230789185,0.0,0.0,0.0,2.093278169631958,2.251620054244995,0.5922721028327942,0.0,0.0,0.3093666732311249,0.07911612093448639,0.022508418187499046,0.3176051378250122,2.0713133811950684,1.566650152206421,1.2895541191101074
307,train,2,0.20000000298023224,0.0,12,pseudo_cycle_05_config_0,-1,0.1122722178697586,2806.80517578125,0.7744540572166443,0.19339479506015778,0.21081984043121338,0.24098703265190125,-0.030167197808623314,0.04149707406759262,0.19948995113372803,0.028484413400292397,0.12306530773639679,0.0479402169585228,0.0,0.0,0.0,1.1450778245925903,1.7636327743530273,0.6619704961776733,0.0,0.0,1.0089075565338135,0.21594375371932983,0.2541336417198181,1.4897010326385498,1.8381972312927246,1.8712159395217896,0.4825328290462494
308,train,2,0.20000000298023224,0.0,32,pseudo_cycle_08_config_8,-1,0.0777188315987587,1942.9708251953125,9.66434383392334,0.0690101683139801,0.06962232291698456,0.07978831976652145,-0.010166000574827194,0.01980404742062092,0.059984270483255386,0.026871943846344948,0.022201204672455788,0.010911121033132076,0.0,0.0,0.0,1.1404166221618652,1.8456816673278809,0.7253646850585938,0.0,0.0,0.405987948179245,0.16983161866664886,0.10367747396230698,0.4409184753894806,1.8222596645355225,2.0755410194396973,0.7399126887321472
309,train,2,0.20000000298023224,0.0,33,pseudo_cycle_08_config_9,-1,0.20036494731903076,5009.12353515625,64.23375701904297,0.5459416508674622,0.5567650198936462,0.5585481524467468,-0.0017831502482295036,0.23675934970378876,0.3217887878417969,0.1974164992570877,1.1603471250509756e-07,0.12437218427658081,0.0,0.0,0.0,2.051284074783325,2.25431227684021,0.5844043493270874,0.0,0.0,0.3398606479167938,0.07768023014068604,0.022289501503109932,0.34970811009407043,2.0792129039764404,1.5683798789978027,1.3099017143249512
310,train,2,0.20000000298023224,0.0,28,pseudo_cycle_08_config_4,-1,0.14664039015769958,3666.009765625,4.652001857757568,0.21709506213665009,0.2204192727804184,0.2638607323169708,-0.04344145581126213,0.09118472039699554,0.17267601191997528,0.022972242906689644,0.10708389431238174,0.04261987283825874,0.0,0.0,0.0,1.4749488830566406,1.7447654008865356,0.6466637849807739,0.0,0.0,0.6471636891365051,0.13933347165584564,0.08940861374139786,0.7297532558441162,1.7931630611419678,2.0160629749298096,0.5188843607902527
311,train,2,0.20000000298023224,0.0,32,pseudo_cycle_08_config_8,-1,0.1250346153974533,3125.865234375,25.013839721679688,0.1491556018590927,0.14608508348464966,0.1727481186389923,-0.02666303515434265,0.06374071538448334,0.10900741070508957,0.04997657611966133,0.038012199103832245,0.021018631756305695,0.0,0.0,0.0,1.4181381464004517,1.9957880973815918,0.6894010901451111,0.0,0.0,0.2773212194442749,0.11978257447481155,0.05852605402469635,0.28778159618377686,1.8552706241607666,2.046877384185791,0.7802704572677612
312,train,2,0.20000000298023224,0.0,25,pseudo_cycle_08_config_1,-1,0.1642388105392456,4105.97021484375,1.6573059558868408,0.4428752064704895,0.4651789963245392,0.4258163273334503,0.03936266154050827,0.0945141538977623,0.3313021659851074,0.2673271596431732,7.865350681868222e-08,0.06397493183612823,0.0,0.0,0.0,1.2187297344207764,1.88066565990448,0.7650144696235657,0.0,0.0,0.6940728425979614,0.09670531004667282,0.1702205240726471,0.7975744009017944,2.2023558616638184,0.6352637410163879,0.5270528197288513
313,train,2,0.20000000298023224,0.0,34,pseudo_cycle_08_config_10,-1,0.15270939469337463,3817.73486328125,37.3122444152832,0.1692506968975067,0.16305971145629883,0.19399994611740112,-0.030940232798457146,0.11144284158945084,0.08255711197853088,0.03430236876010895,0.022456379607319832,0.025798361748456955,0.0,0.0,0.0,1.6621983051300049,2.365447759628296,0.5998923778533936,0.0,0.0,0.2291073501110077,0.09554414451122284,0.023348428308963776,0.23440326750278473,1.7685784101486206,1.9300414323806763,1.3301246166229248
314,train,2,0.20000000298023224,0.0,27,pseudo_cycle_08_config_3,-1,0.22279700636863708,5569.9248046875,3.0497889518737793,0.5263844132423401,0.5577695369720459,0.5335568189620972,0.02421272173523903,0.22336891293525696,0.3101878762245178,0.23220975697040558,5.661617308305722e-08,0.07797804474830627,0.0,0.0,0.0,1.5651867389678955,1.8221349716186523,0.6573597192764282,0.0,0.0,0.7330334186553955,0.05080043524503708,0.04912819713354111,0.779681384563446,2.1951935291290283,0.6106481552124023,0.7371649146080017
315,train,2,0.20000000298023224,0.0,24,pseudo_cycle_08_config_0,-1,0.1657266616821289,4143.16650390625,1.687469244003296,0.3620942533016205,0.35315564274787903,0.41912728548049927,-0.06597165018320084,0.11031828075647354,0.3088090121746063,0.04703304171562195,0.18198104202747345,0.07979492098093033,0.0,0.0,0.0,1.3970915079116821,1.6987780332565308,0.5851904153823853,0.0,0.0,0.9317052364349365,0.14330454170703888,0.12197348475456238,1.1547552347183228,1.8656425476074219,1.9239614009857178,0.49367672204971313
316,train,2,0.20000000298023224,0.0,34,pseudo_cycle_08_config_10,-1,0.14194506406784058,3548.62646484375,32.23743438720703,0.15172378718852997,0.14715170860290527,0.1737583577632904,-0.02660665474832058,0.09571369737386703,0.07804465293884277,0.03221914917230606,0.021073315292596817,0.024752190336585045,0.0,0.0,0.0,1.6523256301879883,2.351210832595825,0.5989332795143127,0.0,0.0,0.25082048773765564,0.09468425810337067,0.023774361237883568,0.2571523189544678,1.7631945610046387,1.9254870414733887,1.3545646667480469
317,train,2,0.20000000298023224,0.0,30,pseudo_cycle_08_config_6,-1,0.11554889380931854,2888.72216796875,2.88844633102417,0.10472850501537323,0.10837304592132568,0.13029763102531433,-0.021924583241343498,0.0628306195139885,0.06746700406074524,0.030499236658215523,0.016546372324228287,0.02042139135301113,0.0,0.0,0.0,1.6368237733840942,1.731960654258728,0.6725430488586426,0.0,0.0,0.4618642032146454,0.06002190709114075,0.020899588242173195,0.47672709822654724,1.8444135189056396,1.487825632095337,1.2349648475646973
318,train,2,0.20000000298023224,0.0,30,pseudo_cycle_08_config_6,-1,0.0566597618162632,1416.4940185546875,0.6945158839225769,0.024777444079518318,0.02032533846795559,0.02026969939470291,5.5638789490330964e-05,0.005831372924149036,0.014438326470553875,0.008372810669243336,0.0022489456459879875,0.003816569922491908,0.0,0.0,0.0,0.6318055987358093,2.45693302154541,0.9446113109588623,0.0,0.0,0.3122844099998474,0.30597516894340515,0.27560335397720337,0.3505169153213501,2.0189623832702637,0.5740936398506165,0.9203014969825745
319,train,2,0.20000000298023224,0.0,30,pseudo_cycle_08_config_6,-1,0.1332685500383377,3331.7138671875,3.842271566390991,0.14215131103992462,0.14660829305648804,0.17731671035289764,-0.030708415433764458,0.08821850270032883,0.08909820765256882,0.039187874644994736,0.022456374019384384,0.027453960850834846,0.0,0.0,0.0,1.7276926040649414,1.7222646474838257,0.6344718337059021,0.0,0.0,0.4629594683647156,0.05970240756869316,0.01962374709546566,0.4777027666568756,1.7879176139831543,1.6148161888122559,1.2525665760040283
320,train,2,0.20000000298023224,0.0,32,pseudo_cycle_08_config_8,-1,0.13633310794830322,3408.32763671875,29.73873519897461,0.17530910670757294,0.1715136617422104,0.20381934940814972,-0.03230569139122963,0.0789831280708313,0.12483622133731842,0.05767044797539711,0.042771682143211365,0.024394098669290543,0.0,0.0,0.0,1.4780659675598145,2.0376951694488525,0.6772600412368774,0.0,0.0,0.2636721730232239,0.11351098120212555,0.052346911281347275,0.2725233733654022,1.8624576330184937,2.03954815864563,0.7878034114837646
321,train,2,0.20000000298023224,0.0,27,pseudo_cycle_08_config_3,-1,0.22583559155464172,5645.8896484375,3.133544445037842,0.5401853322982788,0.5718434453010559,0.5492973327636719,0.022546110674738884,0.22975635528564453,0.31954094767570496,0.23882964253425598,5.797274482688408e-08,0.0807112380862236,0.0,0.0,0.0,1.56691312789917,1.8128348588943481,0.6500818133354187,0.0,0.0,0.7380828857421875,0.050207946449518204,0.04737042263150215,0.7844813466072083,2.1951863765716553,0.6147524118423462,0.741851806640625
322,train,2,0.20000000298023224,0.0,31,pseudo_cycle_08_config_7,-1,0.16264939308166504,4066.23486328125,5.723182678222656,0.3094831109046936,0.3353656828403473,0.3045130968093872,0.03085259348154068,0.08608658611774445,0.21842652559280396,0.13350073993206024,3.357804700954148e-08,0.08492575585842133,0.0,0.0,0.0,1.1318600177764893,1.6933449506759644,0.5127792954444885,0.0,0.0,0.852277934551239,0.061132997274398804,0.04224437102675438,0.9228360652923584,2.1528687477111816,0.7919908165931702,1.3695354461669922
323,train,2,0.20000000298023224,0.0,29,pseudo_cycle_08_config_5,-1,0.12399526685476303,3099.8818359375,3.326158285140991,0.26350879669189453,0.2784132957458496,0.2494504600763321,0.02896283194422722,0.05224325880408287,0.19720719754695892,0.1494470238685608,5.376611511564988e-08,0.04776011034846306,0.0,0.0,0.0,1.1819039583206177,1.680040955543518,0.6334540843963623,0.0,0.0,0.8107572197914124,0.05222292244434357,0.05255288630723953,0.8730919361114502,2.208899736404419,0.9409000873565674,0.7059175968170166
324,train,2,0.20000000298023224,0.0,25,pseudo_cycle_08_config_1,-1,0.19925609230995178,4981.40234375,2.4393510818481445,0.631331205368042,0.6594715714454651,0.6279116868972778,0.03155989944934845,0.15825966000556946,0.46965205669403076,0.376839280128479,9.989718563474526e-08,0.09281269460916519,0.0,0.0,0.0,1.3864657878875732,1.5855121612548828,0.64617520570755,0.0,0.0,0.8134656548500061,0.06675273180007935,0.08739496022462845,0.9046816825866699,2.2056996822357178,0.6786633729934692,0.5432472825050354
325,train,2,0.20000000298023224,0.0,24,pseudo_cycle_08_config_0,-1,0.08695527166128159,2173.881591796875,0.46456119418144226,0.17748099565505981,0.17380627989768982,0.19314579665660858,-0.019339509308338165,0.022109653800725937,0.17103613913059235,0.023794548586010933,0.1069495752453804,0.04029201343655586,0.0,0.0,0.0,1.0170732736587524,1.8447425365447998,0.6971614956855774,0.0,0.0,1.1229476928710938,0.27855563163757324,0.3781711757183075,2.009718894958496,1.8140586614608765,1.8241541385650635,0.4791094958782196
326,train,2,0.20000000298023224,0.0,26,pseudo_cycle_08_config_2,-1,0.1408158838748932,3520.39697265625,1.2183003425598145,0.14168429374694824,0.14856575429439545,0.1811186671257019,-0.03255290910601616,0.13226179778575897,0.048856861889362335,0.006336163263767958,0.02808402292430401,0.014436677098274231,0.0,0.0,0.0,2.320028305053711,1.6269890069961548,0.7396525144577026,0.0,0.0,0.489113450050354,0.07826754450798035,0.0423908531665802,0.5127977728843689,1.6370389461517334,1.5300524234771729,0.5817574262619019
327,train,2,0.20000000298023224,0.0,25,pseudo_cycle_08_config_1,-1,0.20658352971076965,5164.58837890625,2.622058868408203,0.6768478751182556,0.7058646082878113,0.6784586310386658,0.027405977249145508,0.17430031299591064,0.5041583180427551,0.40385448932647705,1.0435639552497378e-07,0.10030373185873032,0.0,0.0,0.0,1.4205906391143799,1.536065697669983,0.6198214888572693,0.0,0.0,0.8407046794891357,0.06283792108297348,0.07711122184991837,0.9309367537498474,2.2058820724487305,0.6897173523902893,0.5478661060333252
328,train,2,0.20000000298023224,0.0,33,pseudo_cycle_08_config_9,-1,0.2299739420413971,5749.34814453125,84.62079620361328,0.6068073511123657,0.6205846667289734,0.648679256439209,-0.028094567358493805,0.32694363594055176,0.3217356204986572,0.19955958425998688,1.2216598577197146e-07,0.1221759021282196,0.0,0.0,0.0,2.1501946449279785,2.2457032203674316,0.604238748550415,0.0,0.0,0.2659134566783905,0.08180387318134308,0.02308216318488121,0.2721318304538727,2.0580806732177734,1.5638415813446045,1.2600138187408447
329,train,2,0.20000000298023224,0.0,28,pseudo_cycle_08_config_4,-1,0.12562337517738342,3140.584228515625,3.4140799045562744,0.1648849993944168,0.16630801558494568,0.197247713804245,-0.030939698219299316,0.06263677030801773,0.13461095094680786,0.017638899385929108,0.08451487123966217,0.032457172870635986,0.0,0.0,0.0,1.380544900894165,1.7244235277175903,0.6591655611991882,0.0,0.0,0.6729082465171814,0.15786844491958618,0.11420845985412598,0.7791908383369446,1.777786135673523,2.0155274868011475,0.5102238655090332
330,train,2,0.20000000298023224,0.0,31,pseudo_cycle_08_config_7,-1,0.14306551218032837,3576.6376953125,4.42794942855835,0.24607372283935547,0.26837146282196045,0.23758676648139954,0.03078470751643181,0.06647300720214844,0.1711137592792511,0.10533560067415237,2.6364844529780385e-08,0.06577812135219574,0.0,0.0,0.0,1.1296334266662598,1.7276318073272705,0.5561455488204956,0.0,0.0,0.8402899503707886,0.0682198703289032,0.056846849620342255,0.9221873879432678,2.153493881225586,0.7268862128257751,1.344775915145874
331,train,2,0.20000000298023224,0.0,33,pseudo_cycle_08_config_9,-1,0.17411483824253082,4352.87060546875,48.50554656982422,0.48958367109298706,0.49432119727134705,0.47673487663269043,0.017586320638656616,0.16859784722328186,0.30813702940940857,0.1867811530828476,1.0571194763997482e-07,0.12135577201843262,0.0,0.0,0.0,1.934383511543274,2.2576520442962646,0.5660018920898438,0.0,0.0,0.4191702604293823,0.07531845569610596,0.02234332449734211,0.4340495765209198,2.095771551132202,1.571731448173523,1.3616681098937988
332,train,2,0.20000000298023224,0.0,31,pseudo_cycle_08_config_7,-1,0.1844266951084137,4610.66748046875,7.358347415924072,0.38321641087532043,0.41207388043403625,0.38809823989868164,0.023975636810064316,0.11049072444438934,0.2776075303554535,0.1684124916791916,4.306680523313844e-08,0.10919500142335892,0.0,0.0,0.0,1.1299011707305908,1.6758004426956177,0.4763128161430359,0.0,0.0,0.854709804058075,0.05721243843436241,0.03249537572264671,0.9167948961257935,2.1485280990600586,0.8651241660118103,1.3930590152740479
333,train,2,0.20000000298023224,0.0,29,pseudo_cycle_08_config_5,-1,0.15285958349704742,3821.48974609375,5.054964542388916,0.4077571630477905,0.4329727292060852,0.4062747061252594,0.026698032394051552,0.09151694923639297,0.314757764339447,0.231793612241745,7.282992697810187e-08,0.08296407014131546,0.0,0.0,0.0,1.362317442893982,1.416303038597107,0.48543527722358704,0.0,0.0,0.9907426238059998,0.041822124272584915,0.02824210561811924,1.0592589378356934,2.2041268348693848,1.06997811794281,0.7889057397842407
334,train,2,0.20000000298023224,0.0,26,pseudo_cycle_08_config_2,-1,0.1698751002550125,4246.87744140625,1.7730073928833008,0.21808330714702606,0.22596772015094757,0.2766427993774414,-0.050675079226493835,0.1989862322807312,0.0776565819978714,0.010031753219664097,0.043863601982593536,0.02376123145222664,0.0,0.0,0.0,2.3984227180480957,1.6925146579742432,0.6993447542190552,0.0,0.0,0.5039321184158325,0.07256606221199036,0.032754942774772644,0.5265518426895142,1.6672874689102173,1.6258808374404907,0.6159487962722778
335,train,2,0.20000000298023224,0.0,24,pseudo_cycle_08_config_0,-1,0.1531989872455597,3829.974609375,1.441992163658142,0.3172439634799957,0.310806006193161,0.3663969337940216,-0.05559093505144119,0.09044581651687622,0.2759511172771454,0.04137617349624634,0.16466762125492096,0.06990731507539749,0.0,0.0,0.0,1.3404134511947632,1.7051433324813843,0.6031822562217712,0.0,0.0,0.9344629049301147,0.15565378963947296,0.14315243065357208,1.1871943473815918,1.861197590827942,1.915331244468689,0.49046361446380615
336,train,2,0.20000000298023224,0.0,31,pseudo_cycle_08_config_7,-1,0.20159047842025757,5039.76171875,8.791698455810547,0.4422520399093628,0.47165268659591675,0.45947906374931335,0.012173611670732498,0.1321949064731598,0.32728415727615356,0.1974966824054718,5.1663295863590974e-08,0.12978744506835938,0.0,0.0,0.0,1.1314537525177002,1.6713451147079468,0.45627468824386597,0.0,0.0,0.8475311398506165,0.05624920874834061,0.027672937139868736,0.9047824740409851,2.142487049102783,0.9212455749511719,1.4079623222351074
337,train,2,0.20000000298023224,0.0,35,pseudo_cycle_08_config_11,-1,0.15551219880580902,3887.804443359375,38.6944580078125,0.2103484869003296,0.20445077121257782,0.19097933173179626,0.013471434824168682,0.08431150764226913,0.10666783154010773,0.05717545375227928,3.323740926930441e-08,0.04949234053492546,0.0,0.0,0.0,1.2126069068908691,2.2913060188293457,0.6551511287689209,0.0,0.0,0.3370615541934967,0.093812495470047,0.04016252979636192,0.34925761818885803,1.9695204496383667,1.3106833696365356,1.7048603296279907
338,train,2,0.20000000298023224,0.0,29,pseudo_cycle_08_config_5,-1,0.18223172426223755,4555.79296875,7.184237003326416,0.5767744183540344,0.604555070400238,0.5979942679405212,0.00656077591702342,0.1453983336687088,0.45259594917297363,0.3243997097015381,9.952158563919511e-08,0.12819616496562958,0.0,0.0,0.0,1.5229078531265259,1.3037078380584717,0.4307738244533539,0.0,0.0,1.0671367645263672,0.041130855679512024,0.020264625549316406,1.1386020183563232,2.193608045578003,1.1716766357421875,0.8668690919876099
339,train,2,0.20000000298023224,0.0,28,pseudo_cycle_08_config_4,-1,0.06112641096115112,1528.1602783203125,0.8083333969116211,0.06829079985618591,0.0694139301776886,0.07763258367776871,-0.008218654431402683,0.011219329200685024,0.06641325354576111,0.008463644422590733,0.042424265295267105,0.015525346621870995,0.0,0.0,0.0,1.0444104671478271,1.7915866374969482,0.6783285140991211,0.0,0.0,0.994046151638031,0.28470298647880554,0.3093898296356201,1.5792655944824219,1.7109735012054443,1.9719786643981934,0.4895186126232147
340,train,2,0.20000000298023224,0.0,25,pseudo_cycle_08_config_1,-1,0.13640238344669342,3410.0595703125,1.1431283950805664,0.32663220167160034,0.34693413972854614,0.3102607727050781,0.03667338192462921,0.05792982876300812,0.2523309290409088,0.2039814442396164,6.279159947553126e-08,0.048349421471357346,0.0,0.0,0.0,1.0829800367355347,2.179967164993286,0.8296994566917419,0.0,0.0,0.6308602094650269,0.14166028797626495,0.3041459619998932,0.763601541519165,2.1953749656677246,0.6108859181404114,0.5203664898872375
341,train,2,0.20000000298023224,0.0,35,pseudo_cycle_08_config_11,-1,0.2298944592475891,5747.361328125,84.56230926513672,0.3339242935180664,0.32471734285354614,0.35185039043426514,-0.02713306061923504,0.21542684733867645,0.1364235281944275,0.0760364681482315,4.729268354708438e-08,0.060387007892131805,0.0,0.0,0.0,1.4177674055099487,2.334505558013916,0.6388843059539795,0.0,0.0,0.20563694834709167,0.08829696476459503,0.02973242849111557,0.20962926745414734,1.9598684310913086,1.4309943914413452,1.556497573852539
342,train,2,0.20000000298023224,0.0,29,pseudo_cycle_08_config_5,-1,0.16076858341693878,4019.21435546875,5.591587066650391,0.4514153003692627,0.47797322273254395,0.4548512101173401,0.023122021928429604,0.10460351407527924,0.35024771094322205,0.2559604346752167,7.967918946860664e-08,0.0942871943116188,0.0,0.0,0.0,1.4076868295669556,1.3748385906219482,0.46719491481781006,0.0,0.0,1.0208756923675537,0.041023265570402145,0.025220178067684174,1.0904624462127686,2.201845407485962,1.100327730178833,0.81108558177948
343,train,2,0.20000000298023224,0.0,24,pseudo_cycle_08_config_0,-1,0.1355488896369934,3388.721923828125,1.1288676261901855,0.26141709089279175,0.2608910799026489,0.3040584623813629,-0.04316738247871399,0.06644631177186966,0.23761214315891266,0.034861303865909576,0.14405757188796997,0.05869327113032341,0.0,0.0,0.0,1.2578855752944946,1.7222096920013428,0.6286861896514893,0.0,0.0,0.952682375907898,0.17725037038326263,0.18161869049072266,1.270593523979187,1.8530865907669067,1.8997492790222168,0.486611545085907
344,train,2,0.20000000298023224,0.0,34,pseudo_cycle_08_config_10,-1,0.12056466192007065,3014.116455078125,23.257333755493164,0.11930182576179504,0.11850631237030029,0.13709773123264313,-0.018591416999697685,0.0673135295510292,0.06978420168161392,0.028474608436226845,0.018351664766669273,0.022957926616072655,0.0,0.0,0.0,1.6107362508773804,2.3154137134552,0.5924527645111084,0.0,0.0,0.3118964731693268,0.09463430196046829,0.02513073943555355,0.32186493277549744,1.7523633241653442,1.906286358833313,1.4128596782684326
345,train,2,0.20000000298023224,0.0,34,pseudo_cycle_08_config_10,-1,0.06551926583051682,1637.9815673828125,6.868435859680176,0.05807505175471306,0.06379478424787521,0.06492482125759125,-0.0011300360783934593,0.015174975618720055,0.049749843776226044,0.020672881975769997,0.009920673444867134,0.019156288355588913,0.0,0.0,0.0,1.2295666933059692,2.23984956741333,0.4917758107185364,0.0,0.0,0.7327826619148254,0.12160835415124893,0.034391485154628754,0.8116152286529541,1.766048550605774,1.723358392715454,1.636488437652588
346,train,2,0.20000000298023224,0.0,28,pseudo_cycle_08_config_4,-1,0.08537285774946213,2134.3212890625,1.5767844915390015,0.09300162643194199,0.09247643500566483,0.10658679902553558,-0.014110364019870758,0.024782001972198486,0.0818047970533371,0.010915270075201988,0.05093010887503624,0.01995941810309887,0.0,0.0,0.0,1.1826571226119995,1.7277114391326904,0.633593738079071,0.0,0.0,0.8127989768981934,0.2169518917798996,0.20044879615306854,1.0637613534927368,1.7414705753326416,2.0002646446228027,0.49667415022850037
347,train,2,0.20000000298023224,0.0,28,pseudo_cycle_08_config_4,-1,0.07044665515422821,1761.1663818359375,1.0736271142959595,0.07505623996257782,0.07707487046718597,0.08735476434230804,-0.010279892943799496,0.015699375420808792,0.07165539264678955,0.009295202791690826,0.045344382524490356,0.017015809193253517,0.0,0.0,0.0,1.1003319025039673,1.757752776145935,0.6605551242828369,0.0,0.0,0.9127407670021057,0.2538667917251587,0.25867289304733276,1.320931077003479,1.7239983081817627,1.9857951402664185,0.49223512411117554
348,train,2,0.20000000298023224,0.0,24,pseudo_cycle_08_config_0,-1,0.10451173037290573,2612.793212890625,0.6710906028747559,0.20071731507778168,0.1977095901966095,0.22425246238708496,-0.02654287777841091,0.0347466841340065,0.18950578570365906,0.026831135153770447,0.1174686849117279,0.045205969363451004,0.0,0.0,0.0,1.1064846515655518,1.7836799621582031,0.6728829145431519,0.0,0.0,1.0374047756195068,0.23234078288078308,0.28595054149627686,1.6067054271697998,1.8318607807159424,1.8589942455291748,0.4813835322856903
349,train,2,0.20000000298023224,0.0,35,pseudo_cycle_08_config_11,-1,0.21819618344306946,5454.904296875,76.17529296875,0.31511542201042175,0.3067743182182312,0.32567039132118225,-0.018896063789725304,0.18977154791355133,0.13589884340763092,0.07529038935899734,4.6296101174903015e-08,0.060608405619859695,0.0,0.0,0.0,1.3864331245422363,2.340872287750244,0.6385473012924194,0.0,0.0,0.22436289489269257,0.08748065680265427,0.03008338063955307,0.22910632193088531,1.9657994508743286,1.4197511672973633,1.5824590921401978
350,train,2,0.20000000298023224,0.0,34,pseudo_cycle_08_config_10,-1,0.07110384851694107,1777.5963134765625,8.089208602905273,0.06276410818099976,0.06850603967905045,0.07125591486692429,-0.002749874722212553,0.018903857097029686,0.05235205590724945,0.02158391661942005,0.011030473746359348,0.019737666472792625,0.0,0.0,0.0,1.3005480766296387,2.2380008697509766,0.510816216468811,0.0,0.0,0.663242518901825,0.11448083072900772,0.032477930188179016,0.7230771780014038,1.758765459060669,1.7595723867416382,1.6083236932754517
351,train,2,0.20000000298023224,0.0,34,pseudo_cycle_08_config_10,-1,0.08396992832422256,2099.248046875,11.281513214111328,0.07473935186862946,0.07970362901687622,0.08633127063512802,-0.006627639755606651,0.028934575617313385,0.057396695017814636,0.023388635367155075,0.013303111307322979,0.020704949274659157,0.0,0.0,0.0,1.427354097366333,2.2489755153656006,0.5462652444839478,0.0,0.0,0.5288293957710266,0.10412060469388962,0.0295124351978302,0.5623124837875366,1.7486531734466553,1.820742130279541,1.5480070114135742
352,train,2,0.20000000298023224,0.0,31,pseudo_cycle_08_config_7,-1,0.18314018845558167,4578.50439453125,7.256045341491699,0.37881574034690857,0.4075508415699005,0.3829250931739807,0.024625755846500397,0.10896007716655731,0.2739650011062622,0.16627250611782074,4.246194507118162e-08,0.10769244283437729,0.0,0.0,0.0,1.1299577951431274,1.6764086484909058,0.47811442613601685,0.0,0.0,0.8549185395240784,0.05735250189900398,0.03294140845537186,0.9174200296401978,2.148887872695923,0.8608403205871582,1.3918054103851318
353,train,2,0.20000000298023224,0.0,32,pseudo_cycle_08_config_8,-1,0.09843292087316513,2460.822998046875,15.502458572387695,0.09827335178852081,0.0975894182920456,0.11372353136539459,-0.016134114935994148,0.03530261293053627,0.07842092216014862,0.03536800295114517,0.028400441631674767,0.014652478508651257,0.0,0.0,0.0,1.267325758934021,1.9021867513656616,0.7147608399391174,0.0,0.0,0.3300759494304657,0.14149941504001617,0.0787624940276146,0.3483247756958008,1.8364158868789673,2.0631215572357178,0.7608017921447754
354,train,2,0.20000000298023224,0.0,27,pseudo_cycle_08_config_3,-1,0.19750720262527466,4937.68017578125,2.3967180252075195,0.4192182421684265,0.44535529613494873,0.41261348128318787,0.032741811126470566,0.17275096476078033,0.23986251652240753,0.18165986239910126,4.59366340521683e-08,0.058202605694532394,0.0,0.0,0.0,1.540340542793274,1.9083586931228638,0.7189502716064453,0.0,0.0,0.6910889744758606,0.05768422409892082,0.06888656318187714,0.7413763403892517,2.194336175918579,0.5788495540618896,0.7030506134033203
355,train,2,0.20000000298023224,0.0,30,pseudo_cycle_08_config_6,-1,0.1647786647081375,4119.466796875,5.874009609222412,0.21738460659980774,0.21723219752311707,0.26434090733528137,-0.047108713537454605,0.13477343320846558,0.1295674741268158,0.05562384054064751,0.03328922763466835,0.04065440967679024,0.0,0.0,0.0,1.7264915704727173,1.7364460229873657,0.6017067432403564,0.0,0.0,0.4395056366920471,0.064668208360672,0.019442055374383926,0.4536478519439697,1.7337543964385986,1.7244296073913574,1.2671682834625244
356,train,2,0.20000000298023224,0.0,25,pseudo_cycle_08_config_1,-1,0.1292361170053482,3230.90283203125,1.0261690616607666,0.30158722400665283,0.32213294506073,0.2866887152194977,0.035444214940071106,0.0503338985145092,0.23635481297969818,0.19108447432518005,5.9103683724970324e-08,0.04527027904987335,0.0,0.0,0.0,1.0482258796691895,2.264228582382202,0.8395556211471558,0.0,0.0,0.6220064163208008,0.15784375369548798,0.35359832644462585,0.7681680917739868,2.1926021575927734,0.6058439016342163,0.5194545388221741
357,train,2,0.20000000298023224,0.0,31,pseudo_cycle_08_config_7,-1,0.21747174859046936,5436.79345703125,10.23147964477539,0.4974232017993927,0.5249478220939636,0.5286662578582764,-0.0037184073589742184,0.15477237105369568,0.3738939166069031,0.2246319055557251,6.044552947059856e-08,0.1492619514465332,0.0,0.0,0.0,1.138282060623169,1.6717162132263184,0.4438314437866211,0.0,0.0,0.8336092829704285,0.056643709540367126,0.02466343156993389,0.8872582316398621,2.1348233222961426,0.9707286953926086,1.4185335636138916
358,train,2,0.20000000298023224,0.0,27,pseudo_cycle_08_config_3,-1,0.16628360748291016,4157.08984375,1.6988301277160645,0.3048926591873169,0.320457398891449,0.28767848014831543,0.03277892619371414,0.11665532737970352,0.1710231602191925,0.13078844547271729,3.435391704442736e-08,0.04023469239473343,0.0,0.0,0.0,1.4674654006958008,2.040074110031128,0.7899580597877502,0.0,0.0,0.6446413397789001,0.07325731962919235,0.1143314465880394,0.7057124376296997,2.190309762954712,0.5462226271629333,0.6738089919090271
359,train,2,0.20000000298023224,0.0,27,pseudo_cycle_08_config_3,-1,0.18530704081058502,4632.67578125,2.109768867492676,0.37219852209091187,0.39445459842681885,0.3605704605579376,0.033884137868881226,0.1499328911304474,0.21063756942749023,0.1602362096309662,4.1184396337712315e-08,0.05040131136775017,0.0,0.0,0.0,1.5187112092971802,1.9561878442764282,0.7480696439743042,0.0,0.0,0.6716944575309753,0.06260465830564499,0.08298084884881973,0.7250874042510986,2.193232536315918,0.5651659369468689,0.6898676753044128
360,train,2,0.20000000298023224,0.0,30,pseudo_cycle_08_config_6,-1,0.07196930050849915,1799.232421875,1.1205397844314575,0.03415123000741005,0.029956050217151642,0.03302362933754921,-0.0030675800517201424,0.012467592023313046,0.02055603824555874,0.011146821081638336,0.0036670025438070297,0.0057422141544520855,0.0,0.0,0.0,0.8372403383255005,2.0772674083709717,0.8976316452026367,0.0,0.0,0.3241460621356964,0.14055673778057098,0.08123044669628143,0.34168103337287903,2.0213985443115234,0.7408221960067749,1.0413105487823486
361,train,2,0.20000000298023224,0.0,33,pseudo_cycle_08_config_9,-1,0.15831412374973297,3957.852783203125,40.10136795043945,0.45030850172042847,0.451577365398407,0.4254612326622009,0.0261161457747221,0.13327322900295258,0.29218798875808716,0.17567500472068787,9.721800608986086e-08,0.11651287227869034,0.0,0.0,0.0,1.8495484590530396,2.2580349445343018,0.5553431510925293,0.0,0.0,0.4725865125656128,0.07468243688344955,0.022873269394040108,0.4916801452636719,2.104437828063965,1.5727968215942383,1.3957253694534302
362,train,2,0.20000000298023224,0.0,32,pseudo_cycle_08_config_8,-1,0.061438191682100296,1535.9547119140625,6.039439678192139,0.05174132436513901,0.052348844707012177,0.05875491350889206,-0.006406067870557308,0.011162162758409977,0.04759275168180466,0.02141057327389717,0.01774616912007332,0.008436008356511593,0.0,0.0,0.0,1.0285694599151611,1.8305368423461914,0.7210366725921631,0.0,0.0,0.5006659626960754,0.2071504443883896,0.13594064116477966,0.5696521997451782,1.8131844997406006,2.084303617477417,0.7144151926040649
363,train,2,0.20000000298023224,0.0,25,pseudo_cycle_08_config_1,-1,0.17948588728904724,4487.14697265625,1.9793003797531128,0.519097626209259,0.5439341068267822,0.5058621168136597,0.038071975111961365,0.11971224844455719,0.38614988327026367,0.31096574664115906,8.78804939929978e-08,0.07518403977155685,0.0,0.0,0.0,1.2925282716751099,1.7401530742645264,0.7162879705429077,0.0,0.0,0.7426360249519348,0.08095885068178177,0.1257711946964264,0.8387976288795471,2.2043778896331787,0.6522883176803589,0.5329654812812805
364,train,2,0.20000000298023224,0.0,29,pseudo_cycle_08_config_5,-1,0.19445401430130005,4861.35009765625,8.180249214172363,0.6519032716751099,0.67925626039505,0.6864442825317383,-0.0071880146861076355,0.17218109965324402,0.5142631530761719,0.36491093039512634,1.1168655333904098e-07,0.1493520736694336,0.0,0.0,0.0,1.5838490724563599,1.28249192237854,0.41647863388061523,0.0,0.0,1.0746437311172485,0.04221045970916748,0.018707523122429848,1.1466081142425537,2.1875712871551514,1.205715298652649,0.895336925983429
365,train,2,0.20000000298023224,0.0,24,pseudo_cycle_08_config_0,-1,0.11405490338802338,2851.372314453125,0.7992433309555054,0.21634960174560547,0.21407154202461243,0.2451164722442627,-0.031044933944940567,0.043154191225767136,0.20196227729320526,0.028894878923892975,0.12444397807121277,0.04862343147397041,0.0,0.0,0.0,1.1538708209991455,1.7595256567001343,0.6594488024711609,0.0,0.0,1.0031019449234009,0.2124607264995575,0.24744901061058044,1.4666416645050049,1.839543342590332,1.8738031387329102,0.4828105866909027
366,train,2,0.20000000298023224,0.0,27,pseudo_cycle_08_config_3,-1,0.15155021846294403,3788.755126953125,1.4111207723617554,0.2580925524234772,0.2686293125152588,0.23837977647781372,0.03024953417479992,0.09315052628517151,0.1452292501926422,0.11135147511959076,2.9612426288849747e-08,0.033877741545438766,0.0,0.0,0.0,1.4106988906860352,2.113657236099243,0.8172619342803955,0.0,0.0,0.6285074949264526,0.08491256088018417,0.15007120370864868,0.6993085741996765,2.186695098876953,0.533661961555481,0.6652833223342896
367,train,2,0.20000000298023224,0.0,26,pseudo_cycle_08_config_2,-1,0.1723290979862213,4308.2275390625,1.8246026039123535,0.22528252005577087,0.23320606350898743,0.28558945655822754,-0.052383385598659515,0.20506919920444489,0.08052024245262146,0.010406909510493279,0.04538404569029808,0.0247292909771204,0.0,0.0,0.0,2.4018471240997314,1.6983047723770142,0.6958791017532349,0.0,0.0,0.5055949687957764,0.07227857410907745,0.03218536451458931,0.5282310247421265,1.669674038887024,1.632004737854004,0.6188189387321472
368,train,2,0.20000000298023224,0.0,35,pseudo_cycle_08_config_11,-1,0.12942364811897278,3235.591064453125,26.80076026916504,0.1565108597278595,0.15556754171848297,0.13932284712791443,0.01624470017850399,0.05498912185430527,0.08433371782302856,0.04460100084543228,2.5151907223630587e-08,0.039732687175273895,0.0,0.0,0.0,1.1418567895889282,2.2167272567749023,0.6709896326065063,0.0,0.0,0.3908732533454895,0.10485445708036423,0.052116475999355316,0.4100054204463959,1.953099012374878,1.231107473373413,1.7399128675460815
369,train,2,0.20000000298023224,0.0,30,pseudo_cycle_08_config_6,-1,0.14974570274353027,3743.642333984375,4.851113319396973,0.18002358078956604,0.18290412425994873,0.2219923734664917,-0.03908824548125267,0.11234641075134277,0.10964596271514893,0.04748695716261864,0.028013447299599648,0.034145552664995193,0.0,0.0,0.0,1.7426596879959106,1.7266720533370972,0.6144872903823853,0.0,0.0,0.45186081528663635,0.06178836524486542,0.01939040794968605,0.46626561880111694,1.7536019086837769,1.6834890842437744,1.2609294652938843
370,train,2,0.20000000298023224,0.0,26,pseudo_cycle_08_config_2,-1,0.1108766421675682,2771.916015625,0.7553204298019409,0.08002457767724991,0.0844159722328186,0.10221853107213974,-0.017802556976675987,0.07478655874729156,0.027431974187493324,0.0036741700023412704,0.015713073313236237,0.008044730871915817,0.0,0.0,0.0,2.1159508228302,1.5765982866287231,0.7845291495323181,0.0,0.0,0.47811657190322876,0.09275130182504654,0.06479202210903168,0.5064005851745605,1.6000388860702515,1.3603962659835815,0.5464178323745728
371,train,2,0.20000000298023224,0.0,32,pseudo_cycle_08_config_8,-1,0.09660734236240387,2415.18359375,14.932760238647461,0.09534095972776413,0.09481127560138702,0.11035117506980896,-0.01553990226238966,0.03371598199009895,0.0766351968050003,0.03453131392598152,0.027816830202937126,0.014287053607404232,0.0,0.0,0.0,1.2565441131591797,1.8963544368743896,0.7161420583724976,0.0,0.0,0.3352392315864563,0.143474280834198,0.08053931593894958,0.3543980121612549,1.8351044654846191,2.064220905303955,0.7592597007751465
372,train,2,0.20000000298023224,0.0,33,pseudo_cycle_08_config_9,-1,0.21917276084423065,5479.31884765625,76.85868835449219,0.5842539072036743,0.5975611805915833,0.6157482266426086,-0.01818706840276718,0.2924852967262268,0.32326292991638184,0.19977273046970367,1.2054321985033312e-07,0.12349008023738861,0.0,0.0,0.0,2.1178395748138428,2.249454975128174,0.5972375273704529,0.0,0.0,0.2909403443336487,0.08015507459640503,0.022711703553795815,0.29828450083732605,2.066016674041748,1.5655055046081543,1.2771140336990356
373,train,2,0.20000000298023224,0.0,33,pseudo_cycle_08_config_9,-1,0.13868308067321777,3467.076904296875,30.77278709411621,0.3924848139286041,0.3920919895172119,0.3595592677593231,0.03253272920846939,0.09556814283132553,0.263991117477417,0.15700089931488037,8.460663281084635e-08,0.10699013620615005,0.0,0.0,0.0,1.7283365726470947,2.257446050643921,0.5434140563011169,0.0,0.0,0.5441574454307556,0.07495853304862976,0.024272825568914413,0.5702642798423767,2.113685369491577,1.572074055671692,1.4403960704803467
374,train,2,0.20000000298023224,0.0,28,pseudo_cycle_08_config_4,-1,0.11251753568649292,2812.938232421875,2.7388808727264404,0.1378418207168579,0.13807536661624908,0.1625557243824005,-0.024480363354086876,0.04800095781683922,0.11455477029085159,0.015005936846137047,0.07202976197004318,0.027519067749381065,0.0,0.0,0.0,1.3187776803970337,1.717452049255371,0.6572010517120361,0.0,0.0,0.7025318145751953,0.17280922830104828,0.13507534563541412,0.8346573114395142,1.7671221494674683,2.0130717754364014,0.5054511427879333
375,train,2,0.20000000298023224,0.0,30,pseudo_cycle_08_config_6,-1,0.09975447505712509,2493.86181640625,2.1527693271636963,0.07441288232803345,0.0751306563615799,0.08934859931468964,-0.014217942953109741,0.04114055633544922,0.04820804297924042,0.022729232907295227,0.011224553920328617,0.014254256151616573,0.0,0.0,0.0,1.4380285739898682,1.7724499702453613,0.7344815731048584,0.0,0.0,0.43459245562553406,0.06615106761455536,0.025035172700881958,0.44914138317108154,1.9128093719482422,1.2861011028289795,1.1995861530303955
376,train,2,0.20000000298023224,0.0,27,pseudo_cycle_08_config_3,-1,0.17956167459487915,4489.04150390625,1.9809722900390625,0.35108986496925354,0.3713618516921997,0.3374844789505005,0.03387736156582832,0.1395702362060547,0.197914257645607,0.15083011984825134,3.904354173300817e-08,0.04708409309387207,0.0,0.0,0.0,1.5056625604629517,1.980277419090271,0.761296808719635,0.0,0.0,0.6630051732063293,0.0653928592801094,0.09106386452913284,0.7182900309562683,2.1925206184387207,0.5591291189193726,0.6844311952590942
377,train,2,0.20000000298023224,0.0,35,pseudo_cycle_08_config_11,-1,0.15195347368717194,3798.836669921875,36.943763732910156,0.20323877036571503,0.19789215922355652,0.1836528331041336,0.014239320531487465,0.07985079288482666,0.10380204021930695,0.055536750704050064,3.217306954184096e-08,0.048265259712934494,0.0,0.0,0.0,1.202873945236206,2.2830042839050293,0.6571187973022461,0.0,0.0,0.3439810574054718,0.09492926299571991,0.04139834642410278,0.35689830780029297,1.967962384223938,1.301206350326538,1.710294485092163
378,train,2,0.20000000298023224,0.0,29,pseudo_cycle_08_config_5,-1,0.22301650047302246,5575.412109375,10.759861946105957,0.8347746729850769,0.8596325516700745,0.9093992710113525,-0.04976673051714897,0.24502040445804596,0.6643788814544678,0.4616278111934662,1.421584272520704e-07,0.20275089144706726,0.0,0.0,0.0,1.7135248184204102,1.266844630241394,0.3946971297264099,0.0,0.0,1.054028034210205,0.0465516559779644,0.016931116580963135,1.1255720853805542,2.1697020530700684,1.2696324586868286,0.9529516696929932
379,train,2,0.20000000298023224,0.0,29,pseudo_cycle_08_config_5,-1,0.1074710264801979,2686.775634765625,2.4987080097198486,0.19462168216705322,0.20085300505161285,0.1763741374015808,0.024478867650032043,0.03554639220237732,0.1408277451992035,0.1083037331700325,4.311357670871985e-08,0.032523974776268005,0.0,0.0,0.0,1.070470929145813,1.9425917863845825,0.7684164643287659,0.0,0.0,0.6705237030982971,0.06887837499380112,0.08959370851516724,0.7285012602806091,2.208653450012207,0.8581491708755493,0.6632659435272217
380,train,2,0.20000000298023224,0.0,26,pseudo_cycle_08_config_2,-1,0.12064383924007416,3016.095703125,0.8942549824714661,0.09816999733448029,0.10360223799943924,0.12578386068344116,-0.022181624546647072,0.09217984229326248,0.033604010939598083,0.004434111062437296,0.019338561221957207,0.009831340052187443,0.0,0.0,0.0,2.202864646911621,1.5895441770553589,0.7691128849983215,0.0,0.0,0.4816512167453766,0.0864330530166626,0.05499133840203285,0.507847249507904,1.6130849123001099,1.4266808032989502,0.5578346252441406
381,train,2,0.20000000298023224,0.0,34,pseudo_cycle_08_config_10,-1,0.10564034432172775,2641.008544921875,17.855804443359375,0.09925186634063721,0.10114995390176773,0.114637091755867,-0.013487137854099274,0.04999898001551628,0.06463810801506042,0.026244809851050377,0.01642998680472374,0.021963316947221756,0.0,0.0,0.0,1.5583453178405762,2.2868993282318115,0.5811424255371094,0.0,0.0,0.3772648572921753,0.09644607454538345,0.026520071551203728,0.3924159109592438,1.7470240592956543,1.8819587230682373,1.4620201587677002
382,train,2,0.20000000298023224,0.0,35,pseudo_cycle_08_config_11,-1,0.18607784807682037,4651.9462890625,55.399925231933594,0.26501962542533875,0.2572050392627716,0.25574684143066406,0.0014581882860511541,0.12915107607841492,0.12659578025341034,0.06895603239536285,4.1180779675187296e-08,0.0576397068798542,0.0,0.0,0.0,1.2973908185958862,2.3366293907165527,0.6426873803138733,0.0,0.0,0.2801308333873749,0.08803114295005798,0.03304331749677658,0.2877652943134308,1.9745286703109741,1.3760912418365479,1.6504900455474854
383,train,2,0.20000000298023224,0.0,26,pseudo_cycle_08_config_2,-1,0.10057424008846283,2514.35595703125,0.6214762926101685,0.06311619281768799,0.06608685851097107,0.07973864674568176,-0.013651790097355843,0.05799422785639763,0.021744422614574432,0.002977910451591015,0.012323448434472084,0.006443064194172621,0.0,0.0,0.0,1.9942214488983154,1.5691419839859009,0.8016288876533508,0.0,0.0,0.47449615597724915,0.10224481672048569,0.07997024059295654,0.5060595273971558,1.584677815437317,1.275940179824829,0.5347660183906555
384,train,2,0.20000000298023224,0.0,33,pseudo_cycle_08_config_9,-1,0.1886463314294815,4716.158203125,56.93988037109375,0.5216559171676636,0.5299841165542603,0.5224620699882507,0.007522073574364185,0.20490433275699615,0.31755775213241577,0.19382669031620026,1.1202462246728828e-07,0.12373094260692596,0.0,0.0,0.0,2.0027031898498535,2.256272315979004,0.5761778354644775,0.0,0.0,0.3737304210662842,0.07644793391227722,0.022205686196684837,0.38556739687919617,2.0869104862213135,1.570031762123108,1.3321971893310547
385,train,2,0.20000000298023224,0.0,35,pseudo_cycle_08_config_11,-1,0.19446632266044617,4861.65771484375,60.50741958618164,0.27833092212677,0.2705186903476715,0.27384039759635925,-0.00332171143963933,0.14360840618610382,0.13023199141025543,0.07125339657068253,4.2865792693191906e-08,0.05897855386137962,0.0,0.0,0.0,1.320849061012268,2.341452121734619,0.6407728791236877,0.0,0.0,0.26509711146354675,0.0874292254447937,0.03192462399601936,0.2718361020088196,1.9734820127487183,1.3896186351776123,1.6335095167160034
386,train,2,0.20000000298023224,0.0,31,pseudo_cycle_08_config_7,-1,0.23675662279129028,5918.91552734375,12.126543045043945,0.5651031732559204,0.5870345234870911,0.6151466965675354,-0.028112148866057396,0.18617664277553558,0.4289700388908386,0.25652047991752625,7.20295361134049e-08,0.1724495142698288,0.0,0.0,0.0,1.1552687883377075,1.675764799118042,0.43550434708595276,0.0,0.0,0.8077325820922852,0.05845789611339569,0.02231631986796856,0.8576328754425049,2.122814416885376,1.0265246629714966,1.4270918369293213
387,train,2,0.20000000298023224,0.0,25,pseudo_cycle_08_config_1,-1,0.22984860837459564,5746.21484375,3.2458980083465576,0.835723340511322,0.864996612071991,0.858195424079895,0.006801208946853876,0.23174475133419037,0.6264506578445435,0.49857088923454285,1.2023262740967766e-07,0.12787963449954987,0.0,0.0,0.0,1.525767207145691,1.4054557085037231,0.5468843579292297,0.0,0.0,0.925845205783844,0.05393876135349274,0.05387093499302864,1.0148342847824097,2.205512762069702,0.7294085025787354,0.565697193145752
