sample_index,split,source_id,sample_weight,aux_weight,config_index,config_name,velocity_index,U,Re,Ca,F_target,F_pred,F_physics,F_residual,F_stem,F_leaf,Fcol_1_pred,Fcol_2_pred,Fcol_3_pred,Fcol_1_true,Fcol_2_true,Fcol_3_true,Cd_stem_eff,Cd_leaf_eff,shielding_coef,shielding_target,angle_diff_deg,reconfiguration_factor,reconfiguration_correction,reconfiguration_gain,column_correction_1,column_correction_2,column_correction_3
0,train,0,1.0,1.0,0,PVC_20_0,0,0.05000000074505806,1250.0,0.15360000729560852,0.07093784958124161,0.033954307436943054,0.0295255109667778,0.004428798332810402,0.007537211757153273,0.02198829874396324,0.0020434889011085033,0.006728485692292452,0.013216325081884861,0.0008135348907671869,0.012708019465208054,0.012708019465208054,1.048655390739441,1.8145883083343506,0.5065469741821289,0.9039982557296753,100.79964447021484,0.9993391036987305,-0.010288042947649956,0.9993391036987305,0.9635129570960999,0.9760188460350037,0.9722228646278381
1,train,0,1.0,1.0,0,PVC_20_0,1,0.07500000298023224,1875.0,0.3456000089645386,0.17443148791790009,0.07634294778108597,0.06638523191213608,0.009957714937627316,0.016958724707365036,0.04942650720477104,0.004593003541231155,0.015139089897274971,0.029694413766264915,0.0018697602208703756,0.027825873345136642,0.027825873345136642,1.048655390739441,1.8145883083343506,0.5065469741821289,0.9087178111076355,101.7435531616211,0.9985144138336182,-0.012429510243237019,0.9985144138336182,0.9635129570960999,0.9760188460350037,0.9722228646278381
2,val,0,1.0,1.0,0,PVC_20_0,2,0.10000000149011612,2500.0,0.6144000291824341,0.14795003831386566,0.13558608293533325,0.11790105700492859,0.017685022205114365,0.03014884702861309,0.08775220811367035,0.008153324015438557,0.026913942769169807,0.05268494039773941,0.003428105963394046,0.0476507768034935,0.0476507768034935,1.048655390739441,1.8145883083343506,0.5065469741821289,0.91482013463974,102.96401977539062,0.9973626136779785,-0.011384282261133194,0.9973626136779785,0.9635129570960999,0.9760188460350037,0.9722228646278381
3,train,0,1.0,1.0,0,PVC_20_0,3,0.125,3125.0,0.9599999785423279,0.20464740693569183,0.211583212018013,0.1839856058359146,0.027597609907388687,0.04710756614804268,0.13687804341316223,0.012715532444417477,0.04205303266644478,0.0821094810962677,0.005584338214248419,0.07105002552270889,0.07105002552270889,1.048655390739441,1.8145883083343506,0.5065469741821289,0.9218372106552124,104.36743927001953,0.995886504650116,-0.00905940867960453,0.995886504650116,0.9635129570960999,0.9760188460350037,0.9722228646278381
4,val,0,1.0,1.0,0,PVC_20_0,4,0.15000000596046448,3750.0,1.3824000358581543,0.270246684551239,0.30420613288879395,0.2645273804664612,0.039678752422332764,0.06783489882946014,0.19669246673583984,0.018268296495079994,0.060556359589099884,0.11786780506372452,0.008491037413477898,0.09684506058692932,0.09684506058692932,1.048655390739441,1.8145883083343506,0.5065469741821289,0.9292217493057251,105.84434509277344,0.9940894246101379,-0.006314927712082863,0.9940894246101379,0.9635129570960999,0.9760188460350037,0.9722228646278381
5,train,0,1.0,1.0,0,PVC_20_0,5,0.17499999701976776,4375.0,1.881600022315979,0.3938428461551666,0.4132993221282959,0.35939115285873413,0.053908154368400574,0.09233082830905914,0.2670603096485138,0.024797970429062843,0.08242392539978027,0.15983840823173523,0.012395291589200497,0.12395953387022018,0.12395953387022018,1.048655390739441,1.8145883083343506,0.5065469741821289,0.9363734722137451,107.27469635009766,0.9919762015342712,-0.0035549437161535025,0.9919762015342712,0.9635129570960999,0.9760188460350037,0.9722228646278381
6,train,0,1.0,1.0,0,PVC_20_0,6,0.20000000298023224,5000.0,2.4576001167297363,0.43085381388664246,0.5386810898780823,0.4684189558029175,0.0702621340751648,0.12059538811445236,0.3478235602378845,0.03228868171572685,0.10765577107667923,0.20787912607192993,0.01771606132388115,0.1515229493379593,0.1515229493379593,1.048655390739441,1.8145883083343506,0.5065469741821289,0.9426351189613342,108.52703094482422,0.9895517826080322,-0.0009675507317297161,0.9895517826080322,0.9635129570960999,0.9760188460350037,0.9722228646278381
7,train,0,1.0,1.0,0,PVC_20_0,7,0.22499999403953552,5625.0,3.1103999614715576,0.6180073022842407,0.6801440715789795,0.5914304256439209,0.0887136310338974,0.15262851119041443,0.43880194425582886,0.04072245582938194,0.13625182211399078,0.261827677488327,0.025219960138201714,0.178911954164505,0.178911954164505,1.048655390739441,1.8145883083343506,0.5065469741821289,0.9472165703773499,109.44332122802734,0.9868226051330566,0.0013600095408037305,0.9868226051330566,0.9635129570960999,0.9760188460350037,0.9722228646278381
8,train,0,1.0,1.0,0,PVC_20_0,8,0.25,6250.0,3.8399999141693115,0.8448036313056946,0.8374575972557068,0.72822505235672,0.10923254489898682,0.18843026459217072,0.5397948026657104,0.05007942393422127,0.1682121306657791,0.32150328159332275,0.03648537024855614,0.2057376205921173,0.2057376205921173,1.048655390739441,1.8145883083343506,0.5065469741821289,0.9489527344703674,109.79054260253906,0.983795702457428,0.0033917706459760666,0.983795702457428,0.9635129570960999,0.9760188460350037,0.9722228646278381
9,train,0,1.0,1.0,0,PVC_20_0,9,0.2750000059604645,6875.0,4.646399974822998,1.050018072128296,1.0103683471679688,0.8785824775695801,0.13178585469722748,0.22800062596797943,0.6505818367004395,0.06033788621425629,0.20353665947914124,0.3867073059082031,0.055444035679101944,0.2318010926246643,0.2318010926246643,1.048655390739441,1.8145883083343506,0.5065469741821289,0.9455310702323914,109.10620880126953,0.9804792404174805,0.005116250365972519,0.9804792404174805,0.9635129570960999,0.9760188460350037,0.9722228646278381
10,train,0,1.0,1.0,0,PVC_20_0,10,0.30000001192092896,7500.0,5.529600143432617,1.2444380521774292,1.1986019611358643,1.0422642230987549,0.15633776783943176,0.2713395953178406,0.7709246873855591,0.07147452235221863,0.24222543835639954,0.4572247564792633,0.09599050879478455,0.25704047083854675,0.25704047083854675,1.048655390739441,1.8145883083343506,0.5065469741821289,0.9301102161407471,106.02204132080078,0.9768822193145752,0.0065355971455574036,0.9768822193145752,0.9635129570960999,0.9760188460350037,0.9722228646278381
11,train,0,1.0,1.0,0,PVC_20_0,11,0.32499998807907104,8125.0,6.48960018157959,1.354056715965271,1.4018670320510864,1.2190167903900146,0.18285024166107178,0.31844717264175415,0.9005695581436157,0.083464615046978,0.2842784523963928,0.5328264832496643,0.2500753104686737,0.28148239850997925,0.28148239850997925,1.048655390739441,1.8145883083343506,0.5065469741821289,0.8688808679580688,93.77617645263672,0.9730145931243896,0.007658849470317364,0.9730145931243896,0.9635129570960999,0.9760188460350037,0.9722228646278381
12,val,0,1.0,1.0,0,PVC_20_0,12,0.3499999940395355,8750.0,7.526400089263916,1.6986725330352783,1.619854211807251,1.4085712432861328,0.21128298342227936,0.3693233132362366,1.039247989654541,0.09628211706876755,0.3296957015991211,0.613270103931427,0.5733868479728699,0.30520471930503845,0.30520471930503845,1.048655390739441,1.8145883083343506,0.5065469741821289,0.778120756149292,75.62416076660156,0.9688873291015625,0.008497849106788635,0.9688873291015625,0.9635129570960999,0.9760188460350037,0.9722228646278381
13,train,0,1.0,1.0,0,PVC_20_0,13,0.375,9375.0,8.640000343322754,1.9440239667892456,1.8522424697875977,1.6106483936309814,0.24159406125545502,0.423968106508255,1.1866803169250488,0.10989995300769806,0.3784772753715515,0.6983030438423157,0.8262953162193298,0.3283105492591858,0.3283105492591858,1.048655390739441,1.8145883083343506,0.5065469741821289,0.7271667718887329,65.43335723876953,0.9645121097564697,0.009066463448107243,0.9645121097564697,0.9635129570960999,0.9760188460350037,0.9722228646278381
14,train,0,1.0,1.0,0,PVC_20_0,14,0.4000000059604645,10000.0,9.830400466918945,2.125422716140747,2.0986990928649902,1.8249590396881104,0.27374014258384705,0.48238155245780945,1.3425774574279785,0.12429014593362808,0.4306230843067169,0.7876642346382141,1.0331017971038818,0.3509112596511841,0.3509112596511841,1.048655390739441,1.8145883083343506,0.5065469741821289,0.6930793523788452,58.615875244140625,0.9599018096923828,0.009379570372402668,0.9599018096923828,0.9635129570960999,0.9760188460350037,0.9722228646278381
15,train,0,1.0,1.0,0,PVC_20_0,15,0.42500001192092896,10625.0,11.097599983215332,2.3944380283355713,2.3588829040527344,2.051206350326538,0.30767664313316345,0.5445634722709656,1.5066429376602173,0.1394239068031311,0.48613300919532776,0.881085991859436,1.2118146419525146,0.3731164038181305,0.3731164038181305,1.048655390739441,1.8145883083343506,0.5065469741821289,0.6676045656204224,53.52091598510742,0.9550698399543762,0.009453055448830128,0.9550698399543762,0.9635129570960999,0.9760188460350037,0.9722228646278381
16,train,0,1.0,1.0,0,PVC_20_0,16,0.44999998807907104,11250.0,12.44159984588623,2.6817269325256348,2.6324503421783447,2.2890915870666504,0.3433588147163391,0.6105140447616577,1.6785774230957031,0.15527209639549255,0.5450072884559631,0.978298008441925,1.370949149131775,0.395028293132782,0.395028293132782,1.048655390739441,1.8145883083343506,0.5065469741821289,0.6474189162254333,49.48377990722656,0.9500303864479065,0.009302090853452682,0.9500303864479065,0.9635129570960999,0.9760188460350037,0.9722228646278381
17,train,0,1.0,1.0,0,PVC_20_0,17,0.4749999940395355,11875.0,13.86240005493164,2.9678232669830322,2.9190542697906494,2.5383129119873047,0.3807413578033447,0.6802332997322083,1.8580795526504517,0.17180517315864563,0.6072458624839783,1.0790284872055054,1.515420913696289,0.4167393147945404,0.4167393147945404,1.048655390739441,1.8145883083343506,0.5065469741821289,0.6308286190032959,46.16572570800781,0.9447982907295227,0.0089423768222332,0.9447982907295227,0.9635129570960999,0.9760188460350037,0.9722228646278381
18,train,0,1.0,1.0,0,PVC_20_0,18,0.5,12500.0,15.359999656677246,3.0878708362579346,3.218348503112793,2.798569440841675,0.41977912187576294,0.7537210583686829,2.0448484420776367,0.18899324536323547,0.6728485226631165,1.183006763458252,1.6484487056732178,0.4383312165737152,0.4383312165737152,1.048655390739441,1.8145883083343506,0.5065469741821289,0.6168425679206848,43.36851501464844,0.9393889307975769,0.008388720452785492,0.9393889307975769,0.9635129570960999,0.9760188460350037,0.9722228646278381
19,train,0,1.0,1.0,1,PVC_20_180,0,0.05000000074505806,1250.0,0.15360000729560852,0.30792152881622314,0.04210328310728073,0.0366116426885128,0.005491639021784067,0.008679701946675777,0.02793193981051445,0.013955931179225445,1.0868665967223023e-08,0.013975998386740685,0.013280894607305527,1.3017747316988583e-22,0.013280894607305527,1.2076106071472168,1.9185930490493774,0.5762795805931091,0.9950531721115112,119.01063537597656,0.9995988011360168,1.652166247367859e-05,0.9995988011360168,0.9710412621498108,0.9830148816108704,0.9712669849395752
20,val,0,1.0,1.0,1,PVC_20_180,1,0.07500000298023224,1875.0,0.3456000089645386,0.17357100546360016,0.09467799961566925,0.08232894539833069,0.012349056079983711,0.019529327750205994,0.0627996176481247,0.031353604048490524,2.4454491764913655e-08,0.03144599124789238,0.030723044648766518,2.8289993467871503e-22,0.030723044648766518,1.2076106071472168,1.9185930490493774,0.5762795805931091,0.9886112809181213,117.72225952148438,0.999098002910614,0.0016070404089987278,0.999098002910614,0.9710412621498108,0.9830148816108704,0.9712669849395752
21,train,0,1.0,1.0,1,PVC_20_180,2,0.10000000149011612,2500.0,0.6144000291824341,0.34319770336151123,0.1681814342737198,0.14624524116516113,0.021936193108558655,0.03471880778670311,0.11152642965316772,0.055622395128011703,4.3474663868892094e-08,0.05590399354696274,0.05678054317831993,4.807654095618108e-22,0.05678054317831993,1.2076106071472168,1.9185930490493774,0.5762795805931091,0.9791058301925659,115.8211669921875,0.9983980655670166,0.003503647167235613,0.9983980655670166,0.9710412621498108,0.9830148816108704,0.9712669849395752
22,train,0,1.0,1.0,1,PVC_20_180,3,0.125,3125.0,0.9599999785423279,0.31932196021080017,0.26251283288002014,0.2282729595899582,0.03423986956477165,0.0542481355369091,0.1740248203277588,0.0866747722029686,6.792915030473523e-08,0.08734998106956482,0.09318999201059341,7.104417698677035e-22,0.09318999201059341,1.2076106071472168,1.9185930490493774,0.5762795805931091,0.9660651087760925,113.21302032470703,0.9975002408027649,0.00519564189016819,0.9975002408027649,0.9710412621498108,0.9830148816108704,0.9712669849395752
23,train,0,1.0,1.0,1,PVC_20_180,4,0.15000000596046448,3750.0,1.3824000358581543,0.31083568930625916,0.3775436282157898,0.3283003568649292,0.04924326390028,0.07811731100082397,0.2501830458641052,0.12439896911382675,9.781796705965462e-08,0.12578396499156952,0.14211547374725342,3.0935381589327246e-21,0.14211547374725342,1.2076106071472168,1.9185930490493774,0.5762795805931091,0.9489836692810059,109.7967300415039,0.9964063167572021,0.006461898796260357,0.9964063167572021,0.9710412621498108,0.9830148816108704,0.9712669849395752
24,train,0,1.0,1.0,1,PVC_20_180,5,0.17499999701976776,4375.0,1.881600022315979,0.5591400265693665,0.5131179690361023,0.4461919665336609,0.0669260025024414,0.10632634162902832,0.33986562490463257,0.16865955293178558,1.3314112834450498e-07,0.17120593786239624,0.20557907223701477,4.078542853266631e-21,0.20557907223701477,1.2076106071472168,1.9185930490493774,0.5762795805931091,0.927563488483429,105.51270294189453,0.9951186180114746,0.007196700666099787,0.9951186180114746,0.9710412621498108,0.9830148816108704,0.9712669849395752
25,train,0,1.0,1.0,1,PVC_20_180,6,0.20000000298023224,5000.0,2.4576001167297363,0.6062102913856506,0.669053852558136,0.5817896127700806,0.08726426213979721,0.13887523114681244,0.44291436672210693,0.21929821372032166,1.7389865547556838e-07,0.22361597418785095,0.28418269753456116,5.143182058862414e-21,0.28418269753456116,1.2076106071472168,1.9185930490493774,0.5762795805931091,0.9021280407905579,100.42560577392578,0.9936397075653076,0.007358340080827475,0.9936397075653076,0.9710412621498108,0.9830148816108704,0.9712669849395752
26,train,0,1.0,1.0,1,PVC_20_180,7,0.22499999403953552,5625.0,3.1103999614715576,0.8631705045700073,0.8451434969902039,0.734912633895874,0.11023086309432983,0.17576393485069275,0.5591486692428589,0.27613458037376404,2.2009042766057973e-07,0.2830139100551605,0.3756729066371918,6.2701978720074416e-21,0.3756729066371918,1.2076106071472168,1.9185930490493774,0.5762795805931091,0.8739358186721802,94.78716278076172,0.9919731616973877,0.006950516253709793,0.9919731616973877,0.9710412621498108,0.9830148816108704,0.9712669849395752
27,train,0,1.0,1.0,1,PVC_20_180,8,0.25,6250.0,3.8399999141693115,1.0573121309280396,1.0411564111709595,0.9053608179092407,0.13579562306404114,0.2169925421476364,0.6883682608604431,0.33896806836128235,2.717166012189409e-07,0.3493999242782593,0.47503334283828735,2.200904255082346e-21,0.47503334283828735,1.2076106071472168,1.9185930490493774,0.5762795805931091,0.8448962569236755,88.97925567626953,0.9901230335235596,0.0060224514454603195,0.9901230335235596,0.9710412621498108,0.9830148816108704,0.9712669849395752
28,val,0,1.0,1.0,1,PVC_20_180,9,0.2750000059604645,6875.0,4.646399974822998,1.2427419424057007,1.2568390369415283,1.0929137468338013,0.16392524540424347,0.26256099343299866,0.830352783203125,0.40757858753204346,3.2877710509637836e-07,0.4227738678455353,0.5766147971153259,2.6106018041597455e-21,0.5766147971153259,1.2076106071472168,1.9185930490493774,0.5762795805931091,0.8167735934257507,83.3547134399414,0.9880940914154053,0.004659511148929596,0.9880940914154053,0.9710412621498108,0.9830148816108704,0.9712669849395752
29,train,0,1.0,1.0,1,PVC_20_180,10,0.30000001192092896,7500.0,5.529600143432617,1.5060391426086426,1.4919185638427734,1.2973346710205078,0.19458387792110443,0.3124692440032959,0.9848653674125671,0.481729120016098,3.912718682386185e-07,0.5031358599662781,0.6762266159057617,3.0584045913771367e-21,0.6762266159057617,1.2076106071472168,1.9185930490493774,0.5762795805931091,0.7906438708305359,78.12877655029297,0.9858919978141785,0.0029824995435774326,0.9858919978141785,0.9710412621498108,0.9830148816108704,0.9712669849395752
30,train,0,1.0,1.0,1,PVC_20_180,11,0.32499998807907104,8125.0,6.48960018157959,1.597334623336792,1.746104121208191,1.5183711051940918,0.22773300111293793,0.3667173683643341,1.15165376663208,0.5611674785614014,4.5920106117591786e-07,0.5904858708381653,0.771656334400177,3.5438832744536875e-21,0.771656334400177,1.2076106071472168,1.9185930490493774,0.5762795805931091,0.766912579536438,73.38251495361328,0.9835231900215149,0.0011418568901717663,0.9835231900215149,0.9710412621498108,0.9830148816108704,0.9712669849395752
31,train,0,1.0,1.0,1,PVC_20_180,12,0.3499999940395355,8750.0,7.526400089263916,1.9695085287094116,2.019089698791504,1.7557580471038818,0.26333174109458923,0.4253053665161133,1.3304526805877686,0.6456284523010254,5.325645133780199e-07,0.684823751449585,0.8621596693992615,1.1680538468040135e-22,0.8621596693992615,1.2076106071472168,1.9185930490493774,0.5762795805931091,0.7455744743347168,69.1148910522461,0.9809949994087219,-0.0006724484264850616,0.9809949994087219,0.9710412621498108,0.9830148816108704,0.9712669849395752
32,train,0,1.0,1.0,1,PVC_20_180,13,0.375,9375.0,8.640000343322754,2.2906291484832764,2.3105571269989014,2.0092203617095947,0.30133679509162903,0.48823317885398865,1.5209872722625732,0.7348369359970093,6.113623385317624e-07,0.786149799823761,0.9478147625923157,1.0756810115930194e-22,0.9478147625923157,1.2076106071472168,1.9185930490493774,0.5762795805931091,0.7264378666877747,65.2875747680664,0.9783153533935547,-0.0022187381982803345,0.9783153533935547,0.9710412621498108,0.9830148816108704,0.9712669849395752
33,train,0,1.0,1.0,1,PVC_20_180,14,0.4000000059604645,10000.0,9.830400466918945,2.650298833847046,2.6201775074005127,2.278475761413574,0.3417016863822937,0.5555009245872498,1.7229747772216797,0.8285101652145386,6.955946219022735e-07,0.8944638967514038,1.0290770530700684,9.475226058219414e-23,1.0290770530700684,1.2076106071472168,1.9185930490493774,0.5762795805931091,0.7092531323432922,61.850624084472656,0.9754932522773743,-0.003197171026840806,0.9754932522773743,0.9710412621498108,0.9830148816108704,0.9712669849395752
34,train,0,1.0,1.0,1,PVC_20_180,15,0.42500001192092896,10625.0,11.097599983215332,2.8269872665405273,2.9476099014282227,2.563235282897949,0.384374737739563,0.6271084547042847,1.936126947402954,0.9263606071472168,7.852609655856213e-07,1.009765625,1.1065337657928467,8.751692933370289e-23,1.1065337657928467,1.2076106071472168,1.9185930490493774,0.5762795805931091,0.6937710642814636,58.754215240478516,0.9725382924079895,-0.0032637487165629864,0.9725382924079895,0.9710412621498108,0.9830148816108704,0.9712669849395752
35,train,0,1.0,1.0,1,PVC_20_180,16,0.44999998807907104,11250.0,12.44159984588623,3.2195968627929688,3.292506217956543,2.8632121086120605,0.4292941689491272,0.703055739402771,2.16015625,1.0280998945236206,8.803617106423189e-07,1.132055640220642,1.1807831525802612,1.4413170314209997e-23,1.1807831525802612,1.2076106071472168,1.9185930490493774,0.5762795805931091,0.6797662973403931,55.95326232910156,0.969460666179657,-0.0020753301214426756,0.969460666179657,0.9710412621498108,0.9830148816108704,0.9712669849395752
36,val,0,1.0,1.0,1,PVC_20_180,17,0.4749999940395355,11875.0,13.86240005493164,3.643343448638916,3.6544888019561768,3.1781179904937744,0.47637084126472473,0.7833430171012878,2.394774913787842,1.1334402561187744,9.808969707592041e-07,1.261333703994751,1.2523813247680664,2.179188649855603e-23,1.2523813247680664,1.2076106071472168,1.9185930490493774,0.5762795805931091,0.6670430302619934,53.408607482910156,0.966271162033081,0.0006407313048839569,0.966271162033081,0.9710412621498108,0.9830148816108704,0.9712669849395752
37,train,0,1.0,1.0,1,PVC_20_180,18,0.5,12500.0,15.359999656677246,4.037886619567871,4.033108711242676,3.50766921043396,0.525439441204071,0.8679701685905457,2.6396989822387695,1.242098331451416,1.0868664048757637e-06,1.397599697113037,1.3218237161636353,7.380154498657305e-22,1.3218237161636353,1.2076106071472168,1.9185930490493774,0.5762795805931091,0.6554343104362488,51.08686828613281,0.9629811644554138,0.004986345302313566,0.9629811644554138,0.9710412621498108,0.9830148816108704,0.9712669849395752
38,train,0,1.0,1.0,2,PVC_10_0,0,0.05000000074505806,1250.0,0.15360000729560852,0.004296653904020786,0.022157423198223114,0.019267337396740913,0.0028900853358209133,0.007871173322200775,0.011396164074540138,0.0010548316640779376,0.0035164926666766405,0.006824839860200882,0.00040676744538359344,0.006354009732604027,0.006354009732604027,1.095119595527649,1.8676687479019165,0.5139761567115784,0.9039982557296753,100.79964447021484,0.9993197917938232,0.0043646227568387985,0.9993197917938232,0.9664680361747742,0.9768673777580261,0.9755968451499939
39,train,0,1.0,1.0,2,PVC_10_0,1,0.07500000298023224,1875.0,0.3456000089645386,0.0044425735250115395,0.04982537776231766,0.043326444923877716,0.006498930975794792,0.017710138112306595,0.025616304948925972,0.002370797097682953,0.00791210774332285,0.01533340010792017,0.0009348801104351878,0.013912936672568321,0.013912936672568321,1.095119595527649,1.8676687479019165,0.5139761567115784,0.9087178111076355,101.7435531616211,0.9984710216522217,0.003112317295745015,0.9984710216522217,0.9664680361747742,0.9768673777580261,0.9755968451499939
40,val,0,1.0,1.0,2,PVC_10_0,2,0.10000000149011612,2500.0,0.6144000291824341,0.11792551726102829,0.08850684762001038,0.07696253806352615,0.011544313281774521,0.0314846932888031,0.04547784477472305,0.004208367317914963,0.014065970666706562,0.027203507721424103,0.001714052981697023,0.02382538840174675,0.02382538840174675,1.095119595527649,1.8676687479019165,0.5139761567115784,0.91482013463974,102.96401977539062,0.9972856640815735,0.0021914916578680277,0.9972856640815735,0.9664680361747742,0.9768673777580261,0.9755968451499939
41,val,0,1.0,1.0,2,PVC_10_0,3,0.125,3125.0,0.9599999785423279,0.3397746682167053,0.1381484568119049,0.12012919783592224,0.018019264563918114,0.0491948276758194,0.07093437016010284,0.006562808062881231,0.021978076547384262,0.042393483221530914,0.0027921691071242094,0.035525012761354446,0.035525012761354446,1.095119595527649,1.8676687479019165,0.5139761567115784,0.9218372106552124,104.36743927001953,0.9957666993141174,0.0013711554929614067,0.9957666993141174,0.9664680361747742,0.9768673777580261,0.9755968451499939
42,train,0,1.0,1.0,2,PVC_10_0,4,0.15000000596046448,3750.0,1.3824000358581543,0.16250543296337128,0.19868209958076477,0.17276719212532043,0.025914903730154037,0.07084055244922638,0.10192663222551346,0.009428104385733604,0.0316484309732914,0.060850098729133606,0.004245518706738949,0.04842253029346466,0.04842253029346466,1.095119595527649,1.8676687479019165,0.5139761567115784,0.9292217493057251,105.84434509277344,0.9939177632331848,0.0007301977602764964,0.9939177632331848,0.9664680361747742,0.9768673777580261,0.9755968451499939
43,val,0,1.0,1.0,2,PVC_10_0,5,0.17499999701976776,4375.0,1.881600022315979,0.17313167452812195,0.2700251340866089,0.2348046898841858,0.03522045165300369,0.09642185270786285,0.13838283717632294,0.012797010131180286,0.043077029287815094,0.08250879496335983,0.006197645794600248,0.06197976693511009,0.06197976693511009,1.095119595527649,1.8676687479019165,0.5139761567115784,0.9363734722137451,107.27469635009766,0.991743803024292,0.0003306977450847626,0.991743803024292,0.9664680361747742,0.9768673777580261,0.9755968451499939
44,train,0,1.0,1.0,2,PVC_10_0,6,0.20000000298023224,5000.0,2.4576001167297363,0.32816481590270996,0.35208117961883545,0.3061578571796417,0.045923326164484024,0.1259387731552124,0.18021908402442932,0.016661113128066063,0.05626388266682625,0.10729408264160156,0.008858030661940575,0.07576147466897964,0.07576147466897964,1.095119595527649,1.8676687479019165,0.5139761567115784,0.9426351189613342,108.52703094482422,0.9892501831054688,0.00017328187823295593,0.9892501831054688,0.9664680361747742,0.9768673777580261,0.9755968451499939
45,val,0,1.0,1.0,2,PVC_10_0,7,0.22499999403953552,5625.0,3.1103999614715576,0.4748879671096802,0.4447401165962219,0.38673093914985657,0.058009177446365356,0.15939122438430786,0.2273397147655487,0.021010885015130043,0.07120896130800247,0.13511987030506134,0.012609980069100857,0.0894559770822525,0.0894559770822525,1.095119595527649,1.8676687479019165,0.5139761567115784,0.9472165703773499,109.44332122802734,0.9864437580108643,0.00022263452410697937,0.9864437580108643,0.9664680361747742,0.9768673777580261,0.9755968451499939
46,train,0,1.0,1.0,2,PVC_10_0,8,0.25,6250.0,3.8399999141693115,0.5574852824211121,0.5478797554969788,0.4764176905155182,0.07146205008029938,0.1967793107032776,0.2796383798122406,0.0258357971906662,0.08791230618953705,0.16589027643203735,0.01824268512427807,0.10286881029605865,0.10286881029605865,1.095119595527649,1.8676687479019165,0.5139761567115784,0.9489527344703674,109.79054260253906,0.9833319187164307,0.0004328303039073944,0.9833319187164307,0.9664680361747742,0.9768673777580261,0.9755968451499939
47,train,0,1.0,1.0,2,PVC_10_0,9,0.2750000059604645,6875.0,4.646399974822998,0.5972995758056641,0.6613656282424927,0.5751011967658997,0.08626442402601242,0.2381029725074768,0.33699822425842285,0.03112436644732952,0.10637389868497849,0.1994999647140503,0.027722017839550972,0.11590054631233215,0.11590054631233215,1.095119595527649,1.8676687479019165,0.5139761567115784,0.9455310702323914,109.10620880126953,0.9799233078956604,0.0007606855360791087,0.9799233078956604,0.9664680361747742,0.9768673777580261,0.9755968451499939
48,train,0,1.0,1.0,2,PVC_10_0,10,0.30000001192092896,7500.0,5.529600143432617,0.7768981456756592,0.7850527167320251,0.6826553344726562,0.1023973673582077,0.2833622097969055,0.39929312467575073,0.0368642657995224,0.1265937238931656,0.23583513498306274,0.04799525439739227,0.12852023541927338,0.12852023541927338,1.095119595527649,1.8676687479019165,0.5139761567115784,0.9301102161407471,106.02204132080078,0.9762274622917175,0.0011705862125381827,0.9762274622917175,0.9664680361747742,0.9768673777580261,0.9755968451499939
49,train,0,1.0,1.0,2,PVC_10_0,11,0.32499998807907104,8125.0,6.48960018157959,0.982464611530304,0.9187864065170288,0.7989456653594971,0.11984071880578995,0.33255699276924133,0.46638864278793335,0.04304241016507149,0.14857178926467896,0.2747744619846344,0.12503765523433685,0.14074119925498962,0.14074119925498962,1.095119595527649,1.8676687479019165,0.5139761567115784,0.8688808679580688,93.77617645263672,0.9722549915313721,0.0016347564524039626,0.9722549915313721,0.9664680361747742,0.9768673777580261,0.9755968451499939
50,train,0,1.0,1.0,2,PVC_10_0,12,0.3499999940395355,8750.0,7.526400089263916,1.096636176109314,1.062403917312622,0.9238306879997253,0.13857325911521912,0.3856874108314514,0.5381432771682739,0.0496450699865818,0.17230811715126038,0.31619006395339966,0.28669342398643494,0.15260235965251923,0.15260235965251923,1.095119595527649,1.8676687479019165,0.5139761567115784,0.778120756149292,75.62416076660156,0.968017578125,0.0021331985481083393,0.968017578125,0.9664680361747742,0.9768673777580261,0.9755968451499939
51,train,0,1.0,1.0,2,PVC_10_0,13,0.375,9375.0,8.640000343322754,1.2108826637268066,1.2157353162765503,1.0571625232696533,0.15857279300689697,0.4427534341812134,0.6144091486930847,0.05665796995162964,0.19780269265174866,0.3599484860897064,0.4131476581096649,0.1641552746295929,0.1641552746295929,1.095119595527649,1.8676687479019165,0.5139761567115784,0.7271667718887329,65.43335723876953,0.9635276198387146,0.0026489547453820705,0.9635276198387146,0.9664680361747742,0.9768673777580261,0.9755968451499939
52,train,0,1.0,1.0,2,PVC_10_0,14,0.4000000059604645,10000.0,9.830400466918945,1.3690028190612793,1.378605604171753,1.198789119720459,0.17981651425361633,0.5037550926208496,0.6950339674949646,0.06406635046005249,0.225055530667305,0.4059121012687683,0.5165508985519409,0.17545562982559204,0.17545562982559204,1.095119595527649,1.8676687479019165,0.5139761567115784,0.6930793523788452,58.615875244140625,0.9587985873222351,0.003171951277181506,0.9587985873222351,0.9664680361747742,0.9768673777580261,0.9755968451499939
53,val,0,1.0,1.0,2,PVC_10_0,15,0.42500001192092896,10625.0,11.097599983215332,1.6664570569992065,1.550835371017456,1.3485543727874756,0.20228102803230286,0.5686922669410706,0.779862105846405,0.0718550905585289,0.2540665864944458,0.45394042134284973,0.6059073209762573,0.18655820190906525,0.18655820190906525,1.095119595527649,1.8676687479019165,0.5139761567115784,0.6676045656204224,53.52091598510742,0.9538447260856628,0.0036896709352731705,0.9538447260856628,0.9664680361747742,0.9768673777580261,0.9755968451499939
54,train,0,1.0,1.0,2,PVC_10_0,16,0.44999998807907104,11250.0,12.44159984588623,1.7020379304885864,1.732243537902832,1.5063008069992065,0.2259426862001419,0.6375648975372314,0.8687359094619751,0.0800088569521904,0.2848358452320099,0.5038912296295166,0.6854745745658875,0.197514146566391,0.197514146566391,1.095119595527649,1.8676687479019165,0.5139761567115784,0.6474189162254333,49.48377990722656,0.9486808776855469,0.004195050802081823,0.9486808776855469,0.9664680361747742,0.9768673777580261,0.9755968451499939
55,val,0,1.0,1.0,2,PVC_10_0,17,0.4749999940395355,11875.0,13.86240005493164,1.914313793182373,1.922649621963501,1.6718716621398926,0.2507779896259308,0.7103733420372009,0.9614983201026917,0.08851214498281479,0.3173634707927704,0.5556226968765259,0.7577104568481445,0.2083696573972702,0.2083696573972702,1.095119595527649,1.8676687479019165,0.5139761567115784,0.6308286190032959,46.16572570800781,0.9433229565620422,0.004680699668824673,0.9433229565620422,0.9664680361747742,0.9768673777580261,0.9755968451499939
56,train,0,1.0,1.0,2,PVC_10_0,18,0.5,12500.0,15.359999656677246,2.087332010269165,2.1218719482421875,1.8451087474822998,0.2767632007598877,0.7871172428131104,1.0579915046691895,0.09734933078289032,0.3516492247581482,0.6089929938316345,0.8242243528366089,0.2191656082868576,0.2191656082868576,1.095119595527649,1.8676687479019165,0.5139761567115784,0.6168425679206848,43.36851501464844,0.937786877155304,0.005140687804669142,0.937786877155304,0.9664680361747742,0.9768673777580261,0.9755968451499939
57,train,0,1.0,1.0,3,PVC_10_180,0,0.05000000074505806,1250.0,0.15360000729560852,0.1761522889137268,0.0270535871386528,0.023524906486272812,0.003528680419549346,0.009084724821150303,0.014440182596445084,0.00721992552280426,5.707079253625125e-09,0.007220251020044088,0.006640447303652763,6.508873658494291e-23,0.006640447303652763,1.2639615535736084,1.9750210046768188,0.5871251821517944,0.9950531721115112,119.01063537597656,0.9995869994163513,-0.00941483024507761,0.9995869994163513,0.9760410189628601,0.9843317270278931,0.9748757481575012
58,val,0,1.0,1.0,3,PVC_10_180,1,0.07500000298023224,1875.0,0.3456000089645386,0.1749381422996521,0.06084161996841431,0.052905887365341187,0.007935733534395695,0.02044062875211239,0.03246525675058365,0.016219675540924072,1.284092920883495e-08,0.016245566308498383,0.015361522324383259,1.4144996733935752e-22,0.015361522324383259,1.2639615535736084,1.9750210046768188,0.5871251821517944,0.9886112809181213,117.72225952148438,0.9990714192390442,-0.007444978225976229,0.9990714192390442,0.9760410189628601,0.9843317270278931,0.9748757481575012
59,train,0,1.0,1.0,3,PVC_10_180,2,0.10000000149011612,2500.0,0.6144000291824341,0.10751472413539886,0.10809093713760376,0.09399241209030151,0.014098526909947395,0.03633889928460121,0.057653509080410004,0.02877248078584671,2.28283170145005e-08,0.028881004080176353,0.028390271589159966,2.403827047809054e-22,0.028390271589159966,1.2639615535736084,1.9750210046768188,0.5871251821517944,0.9791058301925659,115.8211669921875,0.9983509182929993,-0.004651173949241638,0.9983509182929993,0.9760410189628601,0.9843317270278931,0.9748757481575012
60,val,0,1.0,1.0,3,PVC_10_180,3,0.125,3125.0,0.9599999785423279,0.198393777012825,0.16874787211418152,0.14673787355422974,0.02201000042259693,0.05677952617406845,0.08995835483074188,0.04483175650238991,3.566924178244335e-08,0.04512656480073929,0.04659499600529671,3.5522088493385176e-22,0.04659499600529671,1.2639615535736084,1.9750210046768188,0.5871251821517944,0.9660651087760925,113.21302032470703,0.9974269866943359,-0.001391279511153698,0.9974269866943359,0.9760410189628601,0.9843317270278931,0.9748757481575012
61,train,0,1.0,1.0,3,PVC_10_180,4,0.15000000596046448,3750.0,1.3824000358581543,0.27636855840682983,0.24274395406246185,0.2110828459262848,0.03166111186146736,0.08176251500844955,0.12932033836841583,0.06433802098035812,5.13637168353398e-08,0.06498226523399353,0.07105773687362671,1.5467690794663623e-21,0.07105773687362671,1.2639615535736084,1.9750210046768188,0.5871251821517944,0.9489836692810059,109.7967300415039,0.9963013529777527,0.0020188475027680397,0.9963013529777527,0.9760410189628601,0.9843317270278931,0.9748757481575012
62,train,0,1.0,1.0,3,PVC_10_180,5,0.17499999701976776,4375.0,1.881600022315979,0.3855060040950775,0.3299959897994995,0.2869551479816437,0.04304082691669464,0.11128786206245422,0.17566728591918945,0.08721914887428284,6.991171375148042e-08,0.08844806253910065,0.10278953611850739,2.0392714266333154e-21,0.10278953611850739,1.2639615535736084,1.9750210046768188,0.5871251821517944,0.927563488483429,105.51270294189453,0.9949762225151062,0.00523402588441968,0.9949762225151062,0.9760410189628601,0.9843317270278931,0.9748757481575012
63,train,0,1.0,1.0,3,PVC_10_180,6,0.20000000298023224,5000.0,2.4576001167297363,0.4729076027870178,0.4304068684577942,0.3742706775665283,0.056136202067136765,0.14535559713840485,0.22891506552696228,0.1133909597992897,9.1313268058002e-08,0.11552401632070541,0.14209134876728058,2.571591029431207e-21,0.14209134876728058,1.2639615535736084,1.9750210046768188,0.5871251821517944,0.9021280407905579,100.42560577392578,0.99345463514328,0.007918739691376686,0.99345463514328,0.9760410189628601,0.9843317270278931,0.9748757481575012
64,train,0,1.0,1.0,3,PVC_10_180,7,0.22499999403953552,5625.0,3.1103999614715576,0.585237979888916,0.5438657402992249,0.47293344140052795,0.0709322988986969,0.18396565318107605,0.2889677882194519,0.1427575945854187,1.1556834067505406e-07,0.14621005952358246,0.1878364533185959,3.1350989360037208e-21,0.1878364533185959,1.2639615535736084,1.9750210046768188,0.5871251821517944,0.8739358186721802,94.78716278076172,0.9917404055595398,0.00981628242880106,0.9917404055595398,0.9760410189628601,0.9843317270278931,0.9748757481575012
65,val,0,1.0,1.0,3,PVC_10_180,8,0.25,6250.0,3.8399999141693115,0.6845232844352722,0.6702492237091064,0.582836925983429,0.08741232007741928,0.2271181046962738,0.35571882128715515,0.17521241307258606,1.426769671297734e-07,0.18050625920295715,0.23751667141914368,1.100452127541173e-21,0.23751667141914368,1.2639615535736084,1.9750210046768188,0.5871251821517944,0.8448962569236755,88.97925567626953,0.9898378252983093,0.010799714364111423,0.9898378252983093,0.9760410189628601,0.9843317270278931,0.9748757481575012
66,train,0,1.0,1.0,3,PVC_10_180,9,0.2750000059604645,6875.0,4.646399974822998,0.8764917254447937,0.8094215989112854,0.703864336013794,0.10555726289749146,0.2748129069805145,0.42905139923095703,0.21063865721225739,1.726391332113053e-07,0.2184125781059265,0.28830739855766296,1.3053009020798728e-21,0.28830739855766296,1.2639615535736084,1.9750210046768188,0.5871251821517944,0.8167735934257507,83.3547134399414,0.9877519011497498,0.010869383811950684,0.9877519011497498,0.9760410189628601,0.9843317270278931,0.9748757481575012
67,val,0,1.0,1.0,3,PVC_10_180,10,0.30000001192092896,7500.0,5.529600143432617,0.9029657244682312,0.9612357020378113,0.8358899354934692,0.12534575164318085,0.3270500600337982,0.5088399052619934,0.24891063570976257,2.054548673413592e-07,0.2599290609359741,0.33811330795288086,1.5292022956885683e-21,0.33811330795288086,1.2639615535736084,1.9750210046768188,0.5871251821517944,0.7906438708305359,78.12877655029297,0.9854888916015625,0.010130368173122406,0.9854888916015625,0.9760410189628601,0.9843317270278931,0.9748757481575012
68,train,0,1.0,1.0,3,PVC_10_180,11,0.32499998807907104,8125.0,6.48960018157959,1.0138746500015259,1.125532865524292,0.9787799119949341,0.1467529833316803,0.3838295638561249,0.5949503183364868,0.2898945212364197,2.411240700439521e-07,0.30505555868148804,0.3858281672000885,1.7719416372268438e-21,0.3858281672000885,1.2639615535736084,1.9750210046768188,0.5871251821517944,0.766912579536438,73.38251495361328,0.9830554127693176,0.008754488080739975,0.9830554127693176,0.9760410189628601,0.9843317270278931,0.9748757481575012
69,train,0,1.0,1.0,3,PVC_10_180,12,0.3499999940395355,8750.0,7.526400089263916,1.313947081565857,1.3021429777145386,1.1323943138122559,0.16974866390228271,0.4451514482498169,0.687242865562439,0.3334503769874573,2.796468550059217e-07,0.3537922501564026,0.43107983469963074,5.840269234020067e-23,0.43107983469963074,1.2639615535736084,1.9750210046768188,0.5871251821517944,0.7455744743347168,69.1148910522461,0.9804593920707703,0.00695576099678874,0.9804593920707703,0.9760410189628601,0.9843317270278931,0.9748757481575012
70,val,0,1.0,1.0,3,PVC_10_180,13,0.375,9375.0,8.640000343322754,1.5928974151611328,1.490879774093628,1.2965878248214722,0.19429197907447815,0.5110157132148743,0.7855721116065979,0.37943267822265625,3.2102317959470383e-07,0.4061391055583954,0.47390738129615784,5.378405057965097e-23,0.47390738129615784,1.2639615535736084,1.9750210046768188,0.5871251821517944,0.7264378666877747,65.2875747680664,0.9777092933654785,0.004966601729393005,0.9777092933654785,0.9760410189628601,0.9843317270278931,0.9748757481575012
71,train,0,1.0,1.0,3,PVC_10_180,14,0.4000000059604645,10000.0,9.830400466918945,1.7449835538864136,1.6915295124053955,1.4712111949920654,0.22031833231449127,0.5814223885536194,0.8897888660430908,0.4276924133300781,3.65253072232008e-07,0.46209606528282166,0.5145385265350342,4.737613029109707e-23,0.5145385265350342,1.2639615535736084,1.9750210046768188,0.5871251821517944,0.7092531323432922,61.850624084472656,0.9748145937919617,0.0030106178019195795,0.9748145937919617,0.9760410189628601,0.9843317270278931,0.9748757481575012
72,train,0,1.0,1.0,3,PVC_10_180,15,0.42500001192092896,10625.0,11.097599983215332,1.9275760650634766,1.903817892074585,1.6561131477355957,0.24770469963550568,0.6563712954521179,0.9997419118881226,0.4780784547328949,4.1233647607441526e-07,0.5216630697250366,0.5532668828964233,4.3758464666851443e-23,0.5532668828964233,1.2639615535736084,1.9750210046768188,0.5871251821517944,0.6937710642814636,58.754215240478516,0.9717854857444763,0.001263107405975461,0.9717854857444763,0.9760410189628601,0.9843317270278931,0.9748757481575012
73,train,0,1.0,1.0,3,PVC_10_180,16,0.44999998807907104,11250.0,12.44159984588623,2.2017436027526855,2.1273112297058105,1.8511425256729126,0.2761687636375427,0.7358626127243042,1.1152799129486084,0.5304392576217651,4.6227336270021624e-07,0.5848402380943298,0.5903915762901306,7.206585157104998e-24,0.5903915762901306,1.2639615535736084,1.9750210046768188,0.5871251821517944,0.6797662973403931,55.95326232910156,0.9686328768730164,-0.00018194690346717834,0.9686328768730164,0.9760410189628601,0.9843317270278931,0.9748757481575012
74,train,0,1.0,1.0,3,PVC_10_180,17,0.4749999940395355,11875.0,13.86240005493164,2.481191635131836,2.361100673675537,2.0561490058898926,0.3049516975879669,0.8198963403701782,1.2362525463104248,0.5846244096755981,5.150639026396675e-07,0.6516276001930237,0.6261906623840332,1.0895943249278015e-23,0.6261906623840332,1.2639615535736084,1.9750210046768188,0.5871251821517944,0.6670430302619934,53.408607482910156,0.9653682112693787,-0.0013178616063669324,0.9653682112693787,0.9760410189628601,0.9843317270278931,0.9748757481575012
75,train,0,1.0,1.0,3,PVC_10_180,18,0.5,12500.0,15.359999656677246,2.5872838497161865,2.602717876434326,2.2709836959838867,0.33173424005508423,0.9084724187850952,1.362511396408081,0.6404857635498047,5.707078685190936e-07,0.7220250368118286,0.6609118580818176,3.6900772493286525e-22,0.6609118580818176,1.2639615535736084,1.9750210046768188,0.5871251821517944,0.6554343104362488,51.08686828613281,0.9620031714439392,-0.0021803679410368204,0.9620031714439392,0.9760410189628601,0.9843317270278931,0.9748757481575012
76,train,0,1.0,1.0,4,Rguijiao_20_0,17,0.4749999940395355,11875.0,48.8112678527832,2.0250658988952637,2.303353786468506,2.002920627593994,0.3004331588745117,0.6529160737991333,1.3500046730041504,0.1308475136756897,0.4470745027065277,0.7720826268196106,0.8934834003448486,0.2256641983985901,0.2256641983985901,1.0065428018569946,1.5720943212509155,0.4353732168674469,0.519722580909729,23.944515228271484,0.8589000105857849,-0.01599949039518833,0.8589000105857849,0.9579816460609436,0.9650084376335144,0.9626213908195496
77,train,0,1.0,1.0,4,Rguijiao_20_0,18,0.5,12500.0,54.08450698852539,2.1159510612487793,2.5248827934265137,2.1955552101135254,0.32932767271995544,0.7234526872634888,1.4721025228500366,0.14249049127101898,0.495373398065567,0.8342386484146118,0.9382701516151428,0.23902688920497894,0.23902688920497894,1.0065428018569946,1.5720943212509155,0.4353732168674469,0.5142316222190857,22.84632110595703,0.8479411005973816,-0.018322790041565895,0.8479411005973816,0.9579816460609436,0.9650084376335144,0.9626213908195496
78,train,0,1.0,1.0,5,Rguijiao_20_180,17,0.4749999940395355,11875.0,48.8112678527832,2.1708872318267822,2.248119354248047,2.644688129425049,-0.3965688943862915,0.7522259950637817,1.8924620151519775,0.8090958595275879,7.24590734080266e-07,1.0833654403686523,0.6630873680114746,1.0249265592317644e-21,0.6630873680114746,1.1596400737762451,1.6633238792419434,0.4975263476371765,0.5516924262046814,30.33848762512207,0.9154669642448425,0.004651099443435669,0.9154669642448425,0.9628145098686218,0.9701809287071228,0.9622539281845093
79,train,0,1.0,1.0,5,Rguijiao_20_180,18,0.5,12500.0,54.08450698852539,2.288050651550293,2.471869945526123,2.9080474376678467,-0.4361775815486908,0.833491325378418,2.0745561122894287,0.8741503357887268,8.028707156881865e-07,1.2004050016403198,0.6987252831459045,1.5449125679011279e-21,0.6987252831459045,1.1596400737762451,1.6633238792419434,0.4975263476371765,0.544535219669342,28.90704917907715,0.9092629551887512,-0.016907693818211555,0.9092629551887512,0.9628145098686218,0.9701809287071228,0.9622539281845093
80,train,0,1.0,1.0,6,Rguijiao_10_0,17,0.4749999940395355,11875.0,48.8112678527832,1.0781452655792236,1.2585275173187256,1.480583667755127,-0.22205618023872375,0.5813798308372498,0.8992038369178772,0.3554915487766266,0.18791714310646057,0.35579514503479004,0.3315436840057373,0.11283209919929504,0.11283209919929504,0.8962617516517639,1.4169962406158447,0.4075954556465149,0.46371036767959595,12.742074966430664,0.8487247824668884,-0.009143324568867683,0.8487247824668884,0.9574844837188721,0.9613685011863708,0.9610524773597717
81,train,0,1.0,1.0,6,Rguijiao_10_0,18,0.5,12500.0,54.08450698852539,1.1654129028320312,1.3790417909622192,1.6223845481872559,-0.24334272742271423,0.6441882252693176,0.978196382522583,0.38494259119033813,0.20821842551231384,0.38503536581993103,0.34936264157295227,0.11951344460248947,0.11951344460248947,0.8962617516517639,1.4169962406158447,0.4075954556465149,0.4606708288192749,12.13416576385498,0.8368551731109619,-0.0015649074921384454,0.8368551731109619,0.9574844837188721,0.9613685011863708,0.9610524773597717
82,train,0,1.0,1.0,7,Rguijiao_10_180,17,0.4749999940395355,11875.0,48.8112678527832,1.3797824382781982,1.4957902431488037,1.7594664096832275,-0.2636761963367462,0.7877357602119446,0.9717305898666382,0.4141932725906372,3.7917317285973695e-07,0.5575369596481323,0.3315436840057373,5.124632796158822e-22,0.3315436840057373,1.2143824100494385,1.7082054615020752,0.5065832138061523,0.5516924262046814,30.33848762512207,0.9138758182525635,-0.012847897596657276,0.9138758182525635,0.9660479426383972,0.9710230827331543,0.9643953442573547
83,val,0,1.0,1.0,7,Rguijiao_10_180,18,0.5,12500.0,54.08450698852539,1.528909683227539,1.6473294496536255,1.937936782836914,-0.2906073331832886,0.8728374242782593,1.0650993585586548,0.44732940196990967,4.2013644474536704e-07,0.6177695393562317,0.34936264157295227,7.7245628395056395e-22,0.34936264157295227,1.2143824100494385,1.7082054615020752,0.5065832138061523,0.544535219669342,28.90704917907715,0.9076216816902161,-0.010142176412045956,0.9076216816902161,0.9660479426383972,0.9710230827331543,0.9643953442573547
84,train,0,1.0,1.0,8,guijiao_20_0,0,0.05000000074505806,1250.0,4.0,0.03274283930659294,0.029135189950466156,0.025335023179650307,0.003800167702138424,0.005959162022918463,0.019375860691070557,0.008248444646596909,0.0028694786597043276,0.00825793668627739,0.01904510147869587,0.008109244517982006,0.008109244517982006,0.8291007280349731,1.1760270595550537,0.3406563401222229,0.6207086443901062,44.14173126220703,0.9873082041740417,0.016809530556201935,0.9873082041740417,0.9533241391181946,0.9550098776817322,0.9544233083724976
85,train,0,1.0,1.0,8,guijiao_20_0,1,0.07500000298023224,1875.0,9.0,0.1314956545829773,0.06454373151063919,0.05612538009881973,0.008418354205787182,0.013408113270998001,0.04271726682782173,0.018120240420103073,0.006456325296312571,0.018140701577067375,0.03737829253077507,0.012877439148724079,0.012877439148724079,0.8291007280349731,1.1760270595550537,0.3406563401222229,0.5476172566413879,29.523452758789062,0.9718405604362488,-0.00415726937353611,0.9718405604362488,0.9533241391181946,0.9550098776817322,0.9544233083724976
86,train,0,1.0,1.0,8,guijiao_20_0,2,0.10000000149011612,2500.0,16.0,0.1263606995344162,0.11229106038808823,0.09768018126487732,0.014610880985856056,0.02383664809167385,0.07384353131055832,0.03116673417389393,0.01147791463881731,0.031198883429169655,0.05183761939406395,0.01717318408191204,0.01717318408191204,0.8291007280349731,1.1760270595550537,0.3406563401222229,0.5097271203994751,21.9454288482666,0.9510572552680969,-0.012252354063093662,0.9510572552680969,0.9533241391181946,0.9550098776817322,0.9544233083724976
87,train,0,1.0,1.0,8,guijiao_20_0,3,0.125,3125.0,25.0,0.10596927255392075,0.1264052391052246,0.14867238700389862,-0.02226715162396431,0.0372447595000267,0.11142762750387192,0.046729136258363724,0.01793423853814602,0.046764254570007324,0.06461422890424728,0.02142789214849472,0.02142789214849472,0.8291007280349731,1.1760270595550537,0.3406563401222229,0.48791635036468506,17.583267211914062,0.9259995818138123,0.0025724824517965317,0.9259995818138123,0.9533241391181946,0.9550098776817322,0.9544233083724976
88,train,0,1.0,1.0,8,guijiao_20_0,4,0.15000000596046448,3750.0,36.0,0.2565729320049286,0.17657345533370972,0.20773230493068695,-0.031158853322267532,0.053632453083992004,0.15409985184669495,0.06413209438323975,0.025825301185250282,0.06414245069026947,0.07707758992910385,0.02586590126156807,0.02586590126156807,0.8291007280349731,1.1760270595550537,0.3406563401222229,0.47369226813316345,14.738452911376953,0.8980197906494141,-0.012111149728298187,0.8980197906494141,0.9533241391181946,0.9550098776817322,0.9544233083724976
89,train,0,1.0,1.0,8,guijiao_20_0,5,0.17499999701976776,4375.0,49.0,0.34047091007232666,0.2325969636440277,0.2736425995826721,-0.04104563966393471,0.0729997307062149,0.20064285397529602,0.08278007805347443,0.035151101648807526,0.08271167427301407,0.08983232080936432,0.030577916651964188,0.030577916651964188,0.8291007280349731,1.1760270595550537,0.3406563401222229,0.4635932743549347,12.71865463256836,0.8685749173164368,-0.010353600606322289,0.8685749173164368,0.9533241391181946,0.9550098776817322,0.9544233083724976
90,val,0,1.0,1.0,8,guijiao_20_0,6,0.20000000298023224,5000.0,64.0,0.37226971983909607,0.29364094138145447,0.3454590141773224,-0.05181808024644852,0.0953465923666954,0.2501124143600464,0.1022133007645607,0.04591165855526924,0.10198743641376495,0.1031419187784195,0.0355924554169178,0.0355924554169178,0.8291007280349731,1.1760270595550537,0.3406563401222229,0.45599478483200073,11.198957443237305,0.8389797210693359,-0.004831056576222181,0.8389797210693359,0.9533241391181946,0.9550098776817322,0.9544233083724976
91,train,0,1.0,1.0,8,guijiao_20_0,7,0.22499999403953552,5625.0,81.0,0.4480170011520386,0.3591512441635132,0.4225299060344696,-0.06337865442037582,0.12067302316427231,0.3018568754196167,0.12211305648088455,0.0581069216132164,0.12163691222667694,0.11711513996124268,0.04091043025255203,0.04091043025255203,0.8291007280349731,1.1760270595550537,0.3406563401222229,0.45003658533096313,10.007320404052734,0.8102357387542725,-0.0009299700031988323,0.8102357387542725,0.9533241391181946,0.9550098776817322,0.9544233083724976
92,val,0,1.0,1.0,8,guijiao_20_0,8,0.25,6250.0,100.0,0.5355852842330933,0.4287791848182678,0.5044450759887695,-0.07566587626934052,0.1489790380001068,0.3554660677909851,0.1422746479511261,0.07173695415258408,0.14145447313785553,0.1317870318889618,0.046520885080099106,0.046520885080099106,0.8291007280349731,1.1760270595550537,0.3406563401222229,0.4452192783355713,9.043856620788574,0.7829827666282654,0.0011423337273299694,0.7829827666282654,0.9533241391181946,0.9550098776817322,0.9544233083724976
93,train,0,1.0,1.0,8,guijiao_20_0,9,0.2750000059604645,6875.0,121.0,0.537065327167511,0.5023149251937866,0.5909576416015625,-0.08864270895719528,0.1802646368741989,0.4106929898262024,0.16257086396217346,0.08680172264575958,0.16132040321826935,0.14715644717216492,0.052408237010240555,0.052408237010240555,0.8291007280349731,1.1760270595550537,0.3406563401222229,0.4412316679954529,8.246335983276367,0.757546603679657,0.0021002076100558043,0.757546603679657,0.9533241391181946,0.9550098776817322,0.9544233083724976
94,train,0,1.0,1.0,8,guijiao_20_0,10,0.30000001192092896,7500.0,144.0,0.6555957198143005,0.5796301960945129,0.6819167137145996,-0.10228651762008667,0.21452981233596802,0.4673869013786316,0.18292279541492462,0.10330120474100113,0.18116287887096405,0.16320447623729706,0.05855567753314972,0.05855567753314972,0.8291007280349731,1.1760270595550537,0.3406563401222229,0.43786895275115967,7.573787689208984,0.7340262532234192,0.0025481341872364283,0.7340262532234192,0.9533241391181946,0.9550098776817322,0.9544233083724976
95,train,0,1.0,1.0,8,guijiao_20_0,11,0.32499998807907104,8125.0,169.0,0.7337173223495483,0.6606375575065613,0.7772194147109985,-0.11658187955617905,0.2517745792865753,0.5254448652267456,0.20328044891357422,0.1212354376912117,0.20092901587486267,0.17990387976169586,0.064946748316288,0.064946748316288,0.8291007280349731,1.1760270595550537,0.3406563401222229,0.43499016761779785,6.998030662536621,0.712378203868866,0.00285780755802989,0.712378203868866,0.9533241391181946,0.9550098776817322,0.9544233083724976
96,val,0,1.0,1.0,8,guijiao_20_0,12,0.3499999940395355,8750.0,196.0,0.7751927375793457,0.7452606558799744,0.8767759799957275,-0.13151532411575317,0.2919989228248596,0.5847770571708679,0.22361145913600922,0.1406044065952301,0.220561221241951,0.19722402095794678,0.07156606018543243,0.07156606018543243,0.8291007280349731,1.1760270595550537,0.3406563401222229,0.4324948787689209,6.498973846435547,0.6924759745597839,0.0032223761081695557,0.6924759745597839,0.9533241391181946,0.9550098776817322,0.9544233083724976
97,val,0,1.0,1.0,8,guijiao_20_0,13,0.375,9375.0,225.0,0.7986027598381042,0.8334047198295593,0.9804748296737671,-0.14707010984420776,0.3352028429508209,0.6452720165252686,0.243894562125206,0.16140812635421753,0.23996932804584503,0.2151336669921875,0.07839954644441605,0.07839954644441605,0.8291007280349731,1.1760270595550537,0.3406563401222229,0.43030932545661926,6.06186580657959,0.6741432547569275,0.003730559255927801,0.6741432547569275,0.9533241391181946,0.9550098776817322,0.9544233083724976
98,train,0,1.0,1.0,8,guijiao_20_0,14,0.4000000059604645,10000.0,256.0,0.884392499923706,0.9249066114425659,1.0881240367889404,-0.1632174402475357,0.3813863694667816,0.7067376375198364,0.2641158998012543,0.18364663422107697,0.258975088596344,0.23360233008861542,0.08543454110622406,0.08543454110622406,0.8291007280349731,1.1760270595550537,0.3406563401222229,0.42837801575660706,5.675602912902832,0.6571573615074158,0.004407448228448629,0.6571573615074158,0.9533241391181946,0.9550098776817322,0.9544233083724976
99,train,0,1.0,1.0,8,guijiao_20_0,15,0.42500001192092896,10625.0,289.0,1.0040017366409302,1.0158698558807373,1.1951396465301514,-0.1792697310447693,0.43054941296577454,0.7645902633666992,0.28426578640937805,0.20316392183303833,0.27716055512428284,0.2526010274887085,0.09265967458486557,0.09265967458486557,0.8291007280349731,1.1760270595550537,0.3406563401222229,0.4266582429409027,5.331648349761963,0.634521484375,0.005250208545476198,0.634521484375,0.9533241391181946,0.9550098776817322,0.9544233083724976
100,val,0,1.0,1.0,8,guijiao_20_0,16,0.44999998807907104,11250.0,324.0,1.018639326095581,1.1040326356887817,1.2988604307174683,-0.1948278248310089,0.48269209265708923,0.8161683678627014,0.3043374717235565,0.21852053701877594,0.29331034421920776,0.2721027135848999,0.10006482899188995,0.10006482899188995,0.8291007280349731,1.1760270595550537,0.3406563401222229,0.4251165986061096,5.02332067489624,0.605719268321991,0.006240327842533588,0.605719268321991,0.9533241391181946,0.9550098776817322,0.9544233083724976
101,train,0,1.0,1.0,8,guijiao_20_0,17,0.4749999940395355,11875.0,361.0,1.1686152219772339,1.1883834600448608,1.3980966806411743,-0.20971323549747467,0.5378143787384033,0.860282301902771,0.3243255615234375,0.23380990326404572,0.302146852016449,0.2920822501182556,0.10764095932245255,0.10764095932245255,0.8291007280349731,1.1760270595550537,0.3406563401222229,0.42372652888298035,4.74530553817749,0.575973629951477,0.0073533933609724045,0.575973629951477,0.9533241391181946,0.9550098776817322,0.9544233083724976
102,val,0,1.0,1.0,8,guijiao_20_0,18,0.5,12500.0,400.0,1.143523097038269,1.261131763458252,1.4836829900741577,-0.222551167011261,0.5959161520004272,0.8877668380737305,0.34422457218170166,0.24905015528202057,0.29449209570884705,0.31251654028892517,0.11538002640008926,0.11538002640008926,0.8291007280349731,1.1760270595550537,0.3406563401222229,0.42246657609939575,4.493317604064941,0.5423774123191833,0.008565346710383892,0.5423774123191833,0.9533241391181946,0.9550098776817322,0.9544233083724976
103,val,0,1.0,1.0,9,guijiao_20_180,0,0.05000000074505806,1250.0,4.0,0.08496236801147461,0.03137187659740448,0.027279989793896675,0.004091888200491667,0.007858501747250557,0.019421488046646118,0.009605924598872662,5.318837370538176e-09,0.009815558791160583,0.01904510147869587,3.115521200628112e-22,0.01904510147869587,1.0933566093444824,1.3694826364517212,0.40496140718460083,0.838975191116333,87.79503631591797,0.992623507976532,0.015671411529183388,0.992623507976532,0.9564008712768555,0.9590616226196289,0.9556462168693542
104,val,0,1.0,1.0,9,guijiao_20_180,1,0.07500000298023224,1875.0,9.0,0.20686888694763184,0.06990495324134827,0.06078720837831497,0.00911774206906557,0.017681626603007317,0.043105579912662506,0.021020563319325447,1.1967380864064125e-08,0.022085003554821014,0.03737829253077507,3.9326089374331247e-22,0.03737829253077507,1.0933566093444824,1.3694826364517212,0.40496140718460083,0.7209258079528809,64.1851577758789,0.9836838245391846,0.014218500815331936,0.9836838245391846,0.9564008712768555,0.9590616226196289,0.9556462168693542
105,train,0,1.0,1.0,9,guijiao_20_180,2,0.10000000149011612,2500.0,16.0,0.23048630356788635,0.12266325950622559,0.10666447132825851,0.015998784452676773,0.03143400698900223,0.07523046433925629,0.03596821054816246,2.1275349482152706e-08,0.039262235164642334,0.05183761939406395,7.925297521407882e-22,0.05183761939406395,1.0933566093444824,1.3694826364517212,0.40496140718460083,0.6509374380111694,50.1874885559082,0.971792995929718,0.013199289329349995,0.971792995929718,0.9564008712768555,0.9590616226196289,0.9556462168693542
106,val,0,1.0,1.0,9,guijiao_20_180,3,0.125,3125.0,25.0,0.37194958329200745,0.18867218494415283,0.16406473517417908,0.024607447907328606,0.0491156280040741,0.11494911462068558,0.05360184982419014,3.324272768168157e-08,0.06134723126888275,0.06461422890424728,6.314029432525771e-23,0.06461422890424728,1.0933566093444824,1.3694826364517212,0.40496140718460083,0.6060657501220703,41.2131462097168,0.9576852917671204,0.011548762209713459,0.9576852917671204,0.9564008712768555,0.9590616226196289,0.9556462168693542
107,train,0,1.0,1.0,9,guijiao_20_180,4,0.15000000596046448,3750.0,36.0,0.4915699362754822,0.26698097586631775,0.23216277360916138,0.034818198531866074,0.07072650641202927,0.1614362597465515,0.07309619337320328,4.78695234562565e-08,0.08834001421928406,0.07707758992910385,1.1234837105300057e-22,0.07707758992910385,1.0933566093444824,1.3694826364517212,0.40496140718460083,0.5746968984603882,34.93937683105469,0.9422628283500671,0.00906676147133112,0.9422628283500671,0.9564008712768555,0.9590616226196289,0.9556462168693542
108,train,0,1.0,1.0,9,guijiao_20_180,5,0.17499999701976776,4375.0,49.0,0.4082214832305908,0.3568003177642822,0.3102782368659973,0.046522077172994614,0.09626662731170654,0.21401160955429077,0.09377098083496094,6.515574568766169e-08,0.12024056911468506,0.08983232080936432,1.3686390868963706e-22,0.08983232080936432,1.0933566093444824,1.3694826364517212,0.40496140718460083,0.551417887210846,30.2835750579834,0.9264153838157654,0.006494292989373207,0.9264153838157654,0.9564008712768555,0.9590616226196289,0.9556462168693542
109,train,0,1.0,1.0,9,guijiao_20_180,6,0.20000000298023224,5000.0,64.0,0.6384890079498291,0.4575383961200714,0.3979252576828003,0.05961313843727112,0.1257360279560089,0.2721892297267914,0.11514021456241608,8.510139792861082e-08,0.15704894065856934,0.1031419187784195,1.1510744046800364e-22,0.1031419187784195,1.0933566093444824,1.3694826364517212,0.40496140718460083,0.533397376537323,26.679471969604492,0.9108567237854004,0.005091917235404253,0.9108567237854004,0.9564008712768555,0.9590616226196289,0.9556462168693542
110,train,0,1.0,1.0,9,guijiao_20_180,7,0.22499999403953552,5625.0,81.0,0.6797599196434021,0.5686248540878296,0.49479150772094727,0.07383336126804352,0.159134641289711,0.33565688133239746,0.13689176738262177,1.0770642688839871e-07,0.19876502454280853,0.11711513996124268,1.050909643209376e-21,0.11711513996124268,1.0933566093444824,1.3694826364517212,0.40496140718460083,0.5190048217773438,23.800962448120117,0.8960559964179993,0.005028827581554651,0.8960559964179993,0.9564008712768555,0.9590616226196289,0.9556462168693542
111,train,0,1.0,1.0,9,guijiao_20_180,8,0.25,6250.0,100.0,0.6456429958343506,0.6875395178794861,0.6006888151168823,0.08685071021318436,0.1964625120162964,0.40422627329826355,0.1588372141122818,1.329709107267263e-07,0.245388925075531,0.1317870318889618,2.441323209599568e-21,0.1317870318889618,1.0933566093444824,1.3694826364517212,0.40496140718460083,0.507230281829834,21.44605827331543,0.882258951663971,0.003649721620604396,0.882258951663971,0.9564008712768555,0.9590616226196289,0.9556462168693542
112,train,0,1.0,1.0,9,guijiao_20_180,9,0.2750000059604645,6875.0,121.0,0.7804605960845947,0.7610909938812256,0.7155046463012695,0.045586347579956055,0.23771966993808746,0.4777849614620209,0.18086417019367218,1.6089481391645677e-07,0.29692062735557556,0.14715644717216492,7.467274025110506e-22,0.14715644717216492,1.0933566093444824,1.3694826364517212,0.40496140718460083,0.49741220474243164,19.482440948486328,0.869550883769989,-0.00043005868792533875,0.869550883769989,0.9564008712768555,0.9590616226196289,0.9556462168693542
113,train,0,1.0,1.0,9,guijiao_20_180,10,0.30000001192092896,7500.0,144.0,0.7066598534584045,0.718094527721405,0.8391705751419067,-0.1210760623216629,0.28290602564811707,0.5562645196914673,0.20290426909923553,1.91478093825026e-07,0.35336005687713623,0.16320447623729706,1.0497243475137566e-20,0.16320447623729706,1.0933566093444824,1.3694826364517212,0.40496140718460083,0.48909759521484375,17.819517135620117,0.857920229434967,-0.0009919885778799653,0.857920229434967,0.9564008712768555,0.9590616226196289,0.9556462168693542
114,val,0,1.0,1.0,9,guijiao_20_180,11,0.32499998807907104,8125.0,169.0,0.8475066423416138,0.8259363174438477,0.9716441035270691,-0.14570775628089905,0.33202165365219116,0.6396224498748779,0.22491496801376343,2.2472082150670758e-07,0.4147072732448578,0.17990387976169586,1.9914623663219895e-20,0.17990387976169586,1.0933566093444824,1.3694826364517212,0.40496140718460083,0.48196521401405334,16.393043518066406,0.8473060727119446,0.0023952415212988853,0.8473060727119446,0.9564008712768555,0.9590616226196289,0.9556462168693542
115,train,0,1.0,1.0,9,guijiao_20_180,12,0.3499999940395355,8750.0,196.0,0.8986618518829346,0.9459666013717651,1.112898349761963,-0.16693174839019775,0.38506650924682617,0.7278318405151367,0.2468692809343338,2.6062298275064677e-07,0.48096227645874023,0.19722402095794678,3.602878215793624e-20,0.19722402095794678,1.0933566093444824,1.3694826364517212,0.40496140718460083,0.4757799208164215,15.155984878540039,0.8376256823539734,0.002005600603297353,0.8376256823539734,0.9564008712768555,0.9590616226196289,0.9556462168693542
116,train,0,1.0,1.0,9,guijiao_20_180,13,0.375,9375.0,225.0,0.9627761244773865,1.06544029712677,1.25345778465271,-0.18801753222942352,0.44204068183898926,0.8114171624183655,0.2687499523162842,2.9918456334598886e-07,0.5426669120788574,0.2151336669921875,6.256844559669679e-20,0.2151336669921875,1.0933566093444824,1.3694826364517212,0.40496140718460083,0.4703657627105713,14.073150634765625,0.82308030128479,0.00022424384951591492,0.82308030128479,0.9564008712768555,0.9590616226196289,0.9556462168693542
117,val,0,1.0,1.0,9,guijiao_20_180,14,0.4000000059604645,10000.0,256.0,1.150991439819336,1.1743571758270264,1.3815957307815552,-0.2072385549545288,0.5029441118240356,0.8786516189575195,0.2905457317829132,3.404055917144433e-07,0.5881055593490601,0.23360233008861542,1.048540348326812e-19,0.23360233008861542,1.0933566093444824,1.3694826364517212,0.40496140718460083,0.4655887186527252,13.117743492126465,0.7994417548179626,0.0002947114408016205,0.7994417548179626,0.9564008712768555,0.9590616226196289,0.9556462168693542
118,train,0,1.0,1.0,9,guijiao_20_180,15,0.42500001192092896,10625.0,289.0,1.2544622421264648,1.286311388015747,1.5133066177368164,-0.22699527442455292,0.5677766799926758,0.9455299377441406,0.3122482895851135,3.8428598259088176e-07,0.6332812309265137,0.2526010274887085,1.7030078461772696e-19,0.2526010274887085,1.0933566093444824,1.3694826364517212,0.40496140718460083,0.4613442122936249,12.268844604492188,0.7776451110839844,0.002203099662438035,0.7776451110839844,0.9564008712768555,0.9590616226196289,0.9556462168693542
119,train,0,1.0,1.0,9,guijiao_20_180,16,0.44999998807907104,11250.0,324.0,1.3411883115768433,1.4013547897338867,1.6486518383026123,-0.24729706346988678,0.636538565158844,1.012113332748413,0.3338509798049927,4.3082570755359484e-07,0.6782618761062622,0.2721027135848999,2.690328686616003e-19,0.2721027135848999,1.0933566093444824,1.3694826364517212,0.40496140718460083,0.4575488269329071,11.509765625,0.7575567364692688,0.005149642936885357,0.7575567364692688,0.9564008712768555,0.9590616226196289,0.9556462168693542
120,val,0,1.0,1.0,9,guijiao_20_180,17,0.4749999940395355,11875.0,361.0,1.5874711275100708,1.5194536447525024,1.7875916957855225,-0.26813802123069763,0.7092297077178955,1.078361988067627,0.3553469777107239,4.80024993976258e-07,0.7230144739151001,0.2920822501182556,2.5470766692546686e-18,0.2920822501182556,1.0933566093444824,1.3694826364517212,0.40496140718460083,0.45413661003112793,10.827320098876953,0.7389987111091614,0.00853834766894579,0.7389987111091614,0.9564008712768555,0.9590616226196289,0.9556462168693542
121,train,0,1.0,1.0,9,guijiao_20_180,18,0.5,12500.0,400.0,1.6530265808105469,1.6404106616973877,1.929893970489502,-0.28948336839675903,0.7858500480651855,1.1440439224243164,0.37672868371009827,5.318836429069052e-07,0.7673146724700928,0.31251654028892517,1.337401227409797e-18,0.31251654028892517,1.0933566093444824,1.3694826364517212,0.40496140718460083,0.45105257630348206,10.210517883300781,0.721746027469635,0.012038227170705795,0.721746027469635,0.9564008712768555,0.9590616226196289,0.9556462168693542
122,train,0,1.0,1.0,10,guijiao_10_0,0,0.05000000074505806,1250.0,4.0,0.061789702624082565,0.018434982746839523,0.016030460596084595,0.002404523082077503,0.00615956773981452,0.009870893321931362,0.0041960496455430984,0.0014738363679498434,0.004201007075607777,0.009522550739347935,0.004054622258991003,0.004054622258991003,0.8569831848144531,1.196212649345398,0.3439774215221405,0.6207086443901062,44.14173126220703,0.9870925545692444,0.020128313452005386,0.9870925545692444,0.9538745880126953,0.9551677107810974,0.9550036787986755
123,train,0,1.0,1.0,10,guijiao_10_0,1,0.07500000298023224,1875.0,9.0,0.07487817108631134,0.040955960750579834,0.035614173859357834,0.005341786425560713,0.013859025202691555,0.021755147725343704,0.009214169345796108,0.003316131653264165,0.0092248460277915,0.018689146265387535,0.0064387195743620396,0.0064387195743620396,0.8569831848144531,1.196212649345398,0.3439774215221405,0.5476172566413879,29.523452758789062,0.97137051820755,-0.008219492621719837,0.97137051820755,0.9538745880126953,0.9551677107810974,0.9550036787986755
124,train,0,1.0,1.0,10,guijiao_10_0,2,0.10000000149011612,2500.0,16.0,0.08106280863285065,0.07155686616897583,0.062229715287685394,0.009327148087322712,0.02463827095925808,0.037591442465782166,0.015839681029319763,0.005895345471799374,0.015856413170695305,0.025918809697031975,0.00858659204095602,0.00858659204095602,0.8569831848144531,1.196212649345398,0.3439774215221405,0.5097271203994751,21.9454288482666,0.9502642750740051,-0.024455010890960693,0.9502642750740051,0.9538745880126953,0.9551677107810974,0.9550036787986755
125,train,0,1.0,1.0,10,guijiao_10_0,3,0.125,3125.0,25.0,0.11539952456951141,0.10931723564863205,0.0951940044760704,0.01412323210388422,0.03849729150533676,0.05669671297073364,0.02373354882001877,0.00921147596091032,0.02375168912112713,0.03230711445212364,0.01071394607424736,0.01071394607424736,0.8569831848144531,1.196212649345398,0.3439774215221405,0.48791635036468506,17.583267211914062,0.9248533844947815,-0.009586029686033726,0.9248533844947815,0.9538745880126953,0.9551677107810974,0.9550036787986755
126,train,0,1.0,1.0,10,guijiao_10_0,4,0.15000000596046448,3750.0,36.0,0.22257539629936218,0.15248146653175354,0.13380563259124756,0.01867583394050598,0.05543610081076622,0.07836952805519104,0.032550033181905746,0.01326452661305666,0.03255497291684151,0.038538794964551926,0.012932950630784035,0.012932950630784035,0.8569831848144531,1.196212649345398,0.3439774215221405,0.47369226813316345,14.738452911376953,0.8965334892272949,0.01406560093164444,0.8965334892272949,0.9538745880126953,0.9551677107810974,0.9550036787986755
127,val,0,1.0,1.0,10,guijiao_10_0,5,0.17499999701976776,4375.0,49.0,0.19035470485687256,0.19843941926956177,0.17744550108909607,0.020993925631046295,0.07545468956232071,0.10199081897735596,0.0419863797724247,0.01805449277162552,0.04194994270801544,0.04491616040468216,0.015288958325982094,0.015288958325982094,0.8569831848144531,1.196212649345398,0.3439774215221405,0.4635932743549347,12.71865463256836,0.866797149181366,0.02998519502580166,0.866797149181366,0.9538745880126953,0.9551677107810974,0.9550036787986755
128,val,0,1.0,1.0,10,guijiao_10_0,6,0.20000000298023224,5000.0,64.0,0.2699236571788788,0.24575364589691162,0.2256375253200531,0.02011611871421337,0.09855308383703232,0.12708444893360138,0.05181076377630234,0.023581381887197495,0.051692310720682144,0.05157095938920975,0.0177962277084589,0.0177962277084589,0.8569831848144531,1.196212649345398,0.3439774215221405,0.45599478483200073,11.198957443237305,0.8369783759117126,0.03637860715389252,0.8369783759117126,0.9538745880126953,0.9551677107810974,0.9550036787986755
129,val,0,1.0,1.0,10,guijiao_10_0,7,0.22499999403953552,5625.0,81.0,0.29202887415885925,0.2942904233932495,0.2780562937259674,0.01623413898050785,0.12473122030496597,0.15332508087158203,0.061863914132118225,0.029845179989933968,0.06161598488688469,0.05855756998062134,0.020455215126276016,0.020455215126276016,0.8569831848144531,1.196212649345398,0.3439774215221405,0.45003658533096313,10.007320404052734,0.8080809116363525,0.03564503416419029,0.8080809116363525,0.9538745880126953,0.9551677107810974,0.9550036787986755
130,train,0,1.0,1.0,10,guijiao_10_0,8,0.25,6250.0,100.0,0.29831641912460327,0.34380030632019043,0.33449849486351013,0.009301818907260895,0.15398916602134705,0.18050932884216309,0.07204417139291763,0.03684590384364128,0.07161926478147507,0.0658935159444809,0.023260442540049553,0.023260442540049553,0.8569831848144531,1.196212649345398,0.3439774215221405,0.4452192783355713,9.043856620788574,0.7807354927062988,0.030070530250668526,0.7807354927062988,0.9538745880126953,0.9551677107810974,0.9550036787986755
131,train,0,1.0,1.0,10,guijiao_10_0,9,0.2750000059604645,6875.0,121.0,0.4310641288757324,0.39354974031448364,0.39484256505966187,-0.0012928321957588196,0.18632690608501434,0.20851567387580872,0.08228876441717148,0.04458354413509369,0.08164336532354355,0.07357822358608246,0.026204118505120277,0.026204118505120277,0.8569831848144531,1.196212649345398,0.3439774215221405,0.4412316679954529,8.246335983276367,0.7552538514137268,0.021418524906039238,0.7552538514137268,0.9538745880126953,0.9551677107810974,0.9550036787986755
132,val,0,1.0,1.0,10,guijiao_10_0,10,0.30000001192092896,7500.0,144.0,0.40116769075393677,0.44274449348449707,0.4590141773223877,-0.016269678249955177,0.22174440324306488,0.23726975917816162,0.0925588384270668,0.05305810645222664,0.09165281802415848,0.08160223811864853,0.02927783876657486,0.02927783876657486,0.8569831848144531,1.196212649345398,0.3439774215221405,0.43786895275115967,7.573787689208984,0.7317218780517578,0.011197110638022423,0.7317218780517578,0.9538745880126953,0.9551677107810974,0.9550036787986755
133,train,0,1.0,1.0,10,guijiao_10_0,11,0.32499998807907104,8125.0,169.0,0.506271243095398,0.4912819564342499,0.5269617438316345,-0.03567977622151375,0.26024168729782104,0.2667200565338135,0.10282978415489197,0.06226957216858864,0.10162068903446198,0.08995193988084793,0.032473374158144,0.032473374158144,0.8569831848144531,1.196212649345398,0.3439774215221405,0.43499016761779785,6.998030662536621,0.7100839614868164,0.000819455657619983,0.7100839614868164,0.9538745880126953,0.9551677107810974,0.9550036787986755
134,val,0,1.0,1.0,10,guijiao_10_0,12,0.3499999940395355,8750.0,196.0,0.5606998205184937,0.5404636263847351,0.5986388921737671,-0.05817524716258049,0.30181875824928284,0.29682016372680664,0.11308573186397552,0.07221797108650208,0.11151645332574844,0.09861201047897339,0.03578303009271622,0.03578303009271622,0.8569831848144531,1.196212649345398,0.3439774215221405,0.4324948787689209,6.498973846435547,0.690203845500946,-0.008378923870623112,0.690203845500946,0.9538745880126953,0.9551677107810974,0.9550036787986755
135,val,0,1.0,1.0,10,guijiao_10_0,13,0.375,9375.0,225.0,0.5885866284370422,0.5928362011909485,0.6739857196807861,-0.08114954084157944,0.34647563099861145,0.3275100886821747,0.12331634014844894,0.08290328830480576,0.12129045277833939,0.10756683349609375,0.03919977322220802,0.03919977322220802,0.8569831848144531,1.196212649345398,0.3439774215221405,0.43030932545661926,6.06186580657959,0.6718959808349609,-0.015186918899416924,0.6718959808349609,0.9538745880126953,0.9551677107810974,0.9550036787986755
136,train,0,1.0,1.0,10,guijiao_10_0,14,0.4000000059604645,10000.0,256.0,0.6958703994750977,0.6507528424263,0.7528942823410034,-0.10214141756296158,0.3942123353481293,0.35868197679519653,0.13351473212242126,0.09432552754878998,0.13084173202514648,0.11680116504430771,0.04271727055311203,0.04271727055311203,0.8569831848144531,1.196212649345398,0.3439774215221405,0.42837801575660706,5.675602912902832,0.6549240946769714,-0.018579330295324326,0.6549240946769714,0.9538745880126953,0.9551677107810974,0.9550036787986755
137,train,0,1.0,1.0,10,guijiao_10_0,15,0.42500001192092896,10625.0,289.0,0.6730650663375854,0.7125251293182373,0.8323495388031006,-0.1198243796825409,0.445028692483902,0.387320876121521,0.1436762660741806,0.10371831059455872,0.13992629945278168,0.12630051374435425,0.046329837292432785,0.046329837292432785,0.8569831848144531,1.196212649345398,0.3439774215221405,0.4266582429409027,5.331648349761963,0.6302830576896667,-0.01779087260365486,0.6302830576896667,0.9538745880126953,0.9551677107810974,0.9550036787986755
138,train,0,1.0,1.0,10,guijiao_10_0,16,0.44999998807907104,11250.0,324.0,0.6925672888755798,0.7773119211196899,0.912053108215332,-0.1347411721944809,0.4989248812198639,0.41312819719314575,0.15379759669303894,0.11153322458267212,0.1477973610162735,0.13605135679244995,0.05003241449594498,0.05003241449594498,0.8569831848144531,1.196212649345398,0.3439774215221405,0.4251165986061096,5.02332067489624,0.6013129353523254,-0.012403585948050022,0.6013129353523254,0.9538745880126953,0.9551677107810974,0.9550036787986755
139,train,0,1.0,1.0,10,guijiao_10_0,17,0.4749999940395355,11875.0,361.0,0.7913765907287598,0.8422201871871948,0.9899308681488037,-0.14771069586277008,0.5559009313583374,0.4340299367904663,0.16387592256069183,0.11931518465280533,0.15083882212638855,0.1460411250591278,0.05382047966122627,0.05382047966122627,0.8569831848144531,1.196212649345398,0.3439774215221405,0.42372652888298035,4.74530553817749,0.5705057382583618,-0.002464069752022624,0.5705057382583618,0.9538745880126953,0.9551677107810974,0.9550036787986755
140,train,0,1.0,1.0,10,guijiao_10_0,18,0.5,12500.0,400.0,0.9285801649093628,0.9625436067581177,1.1320487260818481,-0.16950508952140808,0.6159566640853882,0.51609206199646,0.17390848696231842,0.1270732283592224,0.21511034667491913,0.15625827014446259,0.05769001320004463,0.05769001320004463,0.8569831848144531,1.196212649345398,0.3439774215221405,0.42246657609939575,4.493317604064941,0.590252697467804,0.0114055210724473,0.590252697467804,0.9538745880126953,0.9551677107810974,0.9550036787986755
141,train,0,1.0,1.0,11,guijiao_10_180,0,0.05000000074505806,1250.0,4.0,0.06980589777231216,0.02086295746266842,0.01814175955951214,0.0027211972046643496,0.008220464922487736,0.009921294637024403,0.004907604772597551,2.7555497883469116e-09,0.005013687070459127,0.009522550739347935,1.557760600314056e-22,0.009522550739347935,1.1437166929244995,1.3978502750396729,0.4109458327293396,0.838975191116333,87.79503631591797,0.9924726486206055,0.0062341890297830105,0.9924726486206055,0.9578495025634766,0.9593852162361145,0.9564564824104309
142,val,0,1.0,1.0,11,guijiao_10_180,1,0.07500000298023224,1875.0,9.0,0.03306988999247551,0.04658611863851547,0.04051002115011215,0.006076096557080746,0.018496043980121613,0.02201397716999054,0.01073317602276802,6.199985858046375e-09,0.011280793696641922,0.018689146265387535,1.9663044687165624e-22,0.018689146265387535,1.1437166929244995,1.3978502750396729,0.4109458327293396,0.7209258079528809,64.1851577758789,0.9833573698997498,0.0051034060306847095,0.9833573698997498,0.9578495025634766,0.9593852162361145,0.9564564824104309
143,train,0,1.0,1.0,11,guijiao_10_180,2,0.10000000149011612,2500.0,16.0,0.15503378212451935,0.0819772481918335,0.07128830254077911,0.010688943788409233,0.03288185968995094,0.03840644657611847,0.018351685255765915,1.1022199153387646e-08,0.02005474828183651,0.025918809697031975,3.962648760703941e-22,0.025918809697031975,1.1437166929244995,1.3978502750396729,0.4109458327293396,0.6509374380111694,50.1874885559082,0.971249520778656,0.003674531588330865,0.971249520778656,0.9578495025634766,0.9593852162361145,0.9564564824104309
144,train,0,1.0,1.0,11,guijiao_10_180,3,0.125,3125.0,25.0,0.1742364466190338,0.1264735907316208,0.11003844439983368,0.01643514819443226,0.05137789621949196,0.05866054445505142,0.027324989438056946,1.722218634370165e-08,0.03133554011583328,0.03230711445212364,3.1570147162628854e-23,0.03230711445212364,1.1437166929244995,1.3978502750396729,0.4109458327293396,0.6060657501220703,41.2131462097168,0.9569148421287537,0.0004109703004360199,0.9569148421287537,0.9578495025634766,0.9593852162361145,0.9564564824104309
145,train,0,1.0,1.0,11,guijiao_10_180,4,0.15000000596046448,3750.0,36.0,0.2257920205593109,0.17866015434265137,0.15633675456047058,0.02232339419424534,0.07398417592048645,0.08235257118940353,0.03722937032580376,2.47999434321855e-08,0.04512317478656769,0.038538794964551926,5.617418552650028e-23,0.038538794964551926,1.1437166929244995,1.3978502750396729,0.4109458327293396,0.5746968984603882,34.93937683105469,0.9412870407104492,-0.0038336217403411865,0.9412870407104492,0.9578495025634766,0.9593852162361145,0.9564564824104309
146,train,0,1.0,1.0,11,guijiao_10_180,5,0.17499999701976776,4375.0,49.0,0.24175983667373657,0.23088757693767548,0.20983737707138062,0.02105019986629486,0.10070067644119263,0.10913670063018799,0.04771901294589043,3.375548018880181e-08,0.061417654156684875,0.04491616040468216,6.843195434481853e-23,0.04491616040468216,1.1437166929244995,1.3978502750396729,0.4109458327293396,0.551417887210846,30.2835750579834,0.9252764582633972,-0.005446212366223335,0.9252764582633972,0.9578495025634766,0.9593852162361145,0.9564564824104309
147,train,0,1.0,1.0,11,guijiao_10_180,6,0.20000000298023224,5000.0,64.0,0.24040131270885468,0.27022525668144226,0.27029603719711304,-7.076640031300485e-05,0.13152743875980377,0.13876858353614807,0.05854955315589905,4.4088796613550585e-08,0.08021899312734604,0.05157095938920975,5.755372023400182e-23,0.05157095938920975,1.1437166929244995,1.3978502750396729,0.4109458327293396,0.533397376537323,26.679471969604492,0.9096033573150635,-0.002649532165378332,0.9096033573150635,0.9578495025634766,0.9593852162361145,0.9564564824104309
148,train,0,1.0,1.0,11,guijiao_10_180,7,0.22499999403953552,5625.0,81.0,0.35061752796173096,0.3090169429779053,0.33755719661712646,-0.028540268540382385,0.16646437346935272,0.17109283804893494,0.06956565380096436,5.5799873166506586e-08,0.101527139544487,0.05855756998062134,5.25454821604688e-22,0.05855756998062134,1.1437166929244995,1.3978502750396729,0.4109458327293396,0.5190048217773438,23.800962448120117,0.8947320580482483,0.0023132930509746075,0.8947320580482483,0.9578495025634766,0.9593852162361145,0.9564564824104309
149,train,0,1.0,1.0,11,guijiao_10_180,8,0.25,6250.0,100.0,0.3476819396018982,0.36042702198028564,0.4115281105041504,-0.05110107734799385,0.20551158487796783,0.20601651072502136,0.08067429065704346,6.88887453748066e-08,0.12534216046333313,0.0658935159444809,1.220661604799784e-21,0.0658935159444809,1.1437166929244995,1.3978502750396729,0.4109458327293396,0.507230281829834,21.44605827331543,0.8808987736701965,0.006079952698200941,0.8808987736701965,0.9578495025634766,0.9593852162361145,0.9564564824104309
150,train,0,1.0,1.0,11,guijiao_10_180,9,0.2750000059604645,6875.0,121.0,0.38224053382873535,0.4231884777545929,0.4921532869338989,-0.06896480172872543,0.24866904318332672,0.2434842586517334,0.09182015806436539,8.335537415860017e-08,0.15166401863098145,0.07357822358608246,3.733637012555253e-22,0.07357822358608246,1.1437166929244995,1.3978502750396729,0.4109458327293396,0.49741220474243164,19.482440948486328,0.8681792616844177,0.006989987567067146,0.8681792616844177,0.9578495025634766,0.9593852162361145,0.9564564824104309
151,val,0,1.0,1.0,11,guijiao_10_180,10,0.30000001192092896,7500.0,144.0,0.5158165097236633,0.49459537863731384,0.5793992280960083,-0.08480384200811386,0.2959367036819458,0.2834625542163849,0.10296976566314697,9.9199773728742e-08,0.18049269914627075,0.08160223811864853,5.248621737568783e-21,0.08160223811864853,1.1437166929244995,1.3978502750396729,0.4109458327293396,0.48909759521484375,17.819517135620117,0.8565543293952942,0.005245574284344912,0.8565543293952942,0.9578495025634766,0.9593852162361145,0.9564564824104309
152,train,0,1.0,1.0,11,guijiao_10_180,11,0.32499998807907104,8125.0,169.0,0.47507306933403015,0.5731201767921448,0.6732452511787415,-0.10012507438659668,0.34731459617614746,0.325930655002594,0.1141023188829422,1.1642196540151417e-07,0.21182823181152344,0.08995193988084793,9.957311831609947e-21,0.08995193988084793,1.1437166929244995,1.3978502750396729,0.4109458327293396,0.48196521401405334,16.393043518066406,0.8459572196006775,0.001973220380023122,0.8459572196006775,0.9578495025634766,0.9593852162361145,0.9564564824104309
153,train,0,1.0,1.0,11,guijiao_10_180,12,0.3499999940395355,8750.0,196.0,0.5916249752044678,0.6579633951187134,0.7736780643463135,-0.11571463942527771,0.4028027057647705,0.37087535858154297,0.12520462274551392,1.3502192075520725e-07,0.2456706166267395,0.09861201047897339,1.801439107896812e-20,0.09861201047897339,1.1437166929244995,1.3978502750396729,0.4109458327293396,0.4757799208164215,15.155984878540039,0.8363010287284851,-0.001475709374062717,0.8363010287284851,0.9578495025634766,0.9593852162361145,0.9564564824104309
154,train,0,1.0,1.0,11,guijiao_10_180,13,0.375,9375.0,225.0,0.7030403017997742,0.7428237199783325,0.8737585544586182,-0.13093483448028564,0.4624011218547821,0.41135746240615845,0.13626833260059357,1.5499965400067595e-07,0.27508896589279175,0.10756683349609375,3.1284222798348394e-20,0.10756683349609375,1.1437166929244995,1.3978502750396729,0.4109458327293396,0.4703657627105713,14.073150634765625,0.8193027973175049,-0.0038559134118258953,0.8193027973175049,0.9578495025634766,0.9593852162361145,0.9564564824104309
155,train,0,1.0,1.0,11,guijiao_10_180,14,0.4000000059604645,10000.0,256.0,0.7948856353759766,0.8257699012756348,0.9714347124099731,-0.14566484093666077,0.5261097550392151,0.44532492756843567,0.14728790521621704,1.7635518645420234e-07,0.2980368435382843,0.11680116504430771,5.24270174163406e-20,0.11680116504430771,1.1437166929244995,1.3978502750396729,0.4109458327293396,0.4655887186527252,13.117743492126465,0.7957243919372559,-0.004213446285575628,0.7957243919372559,0.9578495025634766,0.9593852162361145,0.9564564824104309
156,val,0,1.0,1.0,11,guijiao_10_180,15,0.42500001192092896,10625.0,289.0,0.9257188439369202,0.9121108651161194,1.0730466842651367,-0.16093583405017853,0.5939285755157471,0.4791181683540344,0.15825924277305603,1.9908846127236757e-07,0.32085874676704407,0.12630051374435425,8.515039230886348e-20,0.12630051374435425,1.1437166929244995,1.3978502750396729,0.4109458327293396,0.4613442122936249,12.268844604492188,0.7740074992179871,-0.0020236531272530556,0.7740074992179871,0.9578495025634766,0.9593852162361145,0.9564564824104309
157,train,0,1.0,1.0,11,guijiao_10_180,16,0.44999998807907104,11250.0,324.0,1.0905781984329224,1.0018361806869507,1.178619146347046,-0.17678292095661163,0.6658574938774109,0.5127615928649902,0.16917891800403595,2.2319949266602634e-07,0.34358248114585876,0.13605135679244995,1.3451643433080014e-19,0.13605135679244995,1.1437166929244995,1.3978502750396729,0.4109458327293396,0.4575488269329071,11.509765625,0.7540051937103271,0.0027379437815397978,0.7540051937103271,0.9578495025634766,0.9593852162361145,0.9564564824104309
158,train,0,1.0,1.0,11,guijiao_10_180,17,0.4749999940395355,11875.0,361.0,1.0394068956375122,1.0949058532714844,1.2881182432174683,-0.1932123899459839,0.74189692735672,0.5462213158607483,0.18004338443279266,2.4868833747859753e-07,0.36617767810821533,0.1460411250591278,1.2735383346273343e-18,0.1460411250591278,1.1437166929244995,1.3978502750396729,0.4109458327293396,0.45413661003112793,10.827320098876953,0.7355263829231262,0.009653190150856972,0.7355263829231262,0.9578495025634766,0.9593852162361145,0.9564564824104309
159,val,0,1.0,1.0,11,guijiao_10_180,18,0.5,12500.0,400.0,1.115393042564392,1.1911885738372803,1.4013943672180176,-0.2102058231830597,0.8220463395118713,0.5793480277061462,0.19084866344928741,2.755549814992264e-07,0.38849911093711853,0.15625827014446259,6.687006137048985e-19,0.15625827014446259,1.1437166929244995,1.3978502750396729,0.4109458327293396,0.45105257630348206,10.210517883300781,0.7183263301849365,0.018028730526566505,0.7183263301849365,0.9578495025634766,0.9593852162361145,0.9564564824104309
160,train,1,0.20000000298023224,0.30000001192092896,12,synthetic_0000,0,0.31939631700515747,7984.90771484375,4.827890396118164,1.9296501874923706,1.7401697635650635,1.5132019519805908,0.22696781158447266,0.357200562953949,1.156001329421997,0.5665998458862305,4.727577902485791e-07,0.5894010066986084,0.7764458656311035,3.489370537278666e-21,0.7764458656311035,1.2179079055786133,1.977721095085144,0.5939863920211792,0.8110246062278748,82.20491790771484,0.9872680306434631,0.007162429857999086,0.9872680306434631,0.9732930660247803,0.9862281084060669,0.9737887382507324
161,train,1,0.20000000298023224,0.30000001192092896,13,synthetic_0001,1,0.43977925181388855,10994.4814453125,266.1661682128906,1.8583924770355225,1.3603473901748657,1.1829158067703247,0.17743155360221863,0.5319671630859375,0.6509486436843872,0.0638011023402214,0.25895145535469055,0.32819607853889465,0.7258675694465637,0.10194704681634903,0.10194704681634903,0.9567038416862488,1.3180809020996094,0.36517754197120667,0.5617115497589111,32.34230422973633,0.6594468951225281,0.003116340609267354,0.6594468951225281,0.9542418718338013,0.9569854140281677,0.9559376835823059
162,train,1,0.20000000298023224,0.30000001192092896,14,synthetic_0002,2,0.4864594340324402,12161.4853515625,31.33639144897461,1.882183313369751,1.789846658706665,1.5563907623291016,0.2334558665752411,0.7258894443511963,0.8305013179779053,0.07878514379262924,0.2744987905025482,0.4772173762321472,0.5892670750617981,0.14530391991138458,0.14530391991138458,1.0669384002685547,1.7065222263336182,0.467496395111084,0.5480977892875671,29.61956024169922,0.8935056328773499,-0.0007245427696034312,0.8935056328773499,0.9619050621986389,0.969316840171814,0.9682881832122803
163,train,1,0.20000000298023224,0.30000001192092896,15,synthetic_0003,3,0.1325320303440094,3313.30078125,19.03525733947754,0.2495458871126175,0.16649901866912842,0.14478185772895813,0.02171715348958969,0.04859473556280136,0.09618711471557617,0.009806664660573006,0.025250839069485664,0.0611296072602272,0.10876335948705673,0.02761797234416008,0.02761797234416008,0.9622982144355774,1.3445624113082886,0.37215954065322876,0.5917947292327881,38.358951568603516,0.9439160227775574,0.004689968191087246,0.9439160227775574,0.954545259475708,0.9576411247253418,0.9564754366874695
164,train,1,0.20000000298023224,0.30000001192092896,16,synthetic_0004,4,0.18105311691761017,4526.32763671875,9.444295883178711,0.3161894381046295,0.24216079711914062,0.21057480573654175,0.031585998833179474,0.09806959331035614,0.11250520497560501,0.01101936586201191,0.0317126139998436,0.06977322697639465,0.10354305058717728,0.036656640470027924,0.036656640470027924,1.0406016111373901,1.5649735927581787,0.42763596773147583,0.7027266025543213,60.545318603515625,0.966448962688446,-0.0006850846111774445,0.966448962688446,0.9586755633354187,0.9637126326560974,0.9629274010658264
165,train,1,0.20000000298023224,0.30000001192092896,17,synthetic_0005,5,0.21486282348632812,5371.57080078125,68.13875579833984,0.3218056857585907,0.27540186047554016,0.23948079347610474,0.035921066999435425,0.13188503682613373,0.1075957641005516,0.011025017127394676,0.03257283568382263,0.06399790942668915,0.08663242310285568,0.02001045271754265,0.02001045271754265,0.9936538934707642,1.3382970094680786,0.3672480881214142,0.5230057835578918,24.601152420043945,0.8402060866355896,-0.02303556725382805,0.8402060866355896,0.9549105763435364,0.9570391774177551,0.956618070602417
166,train,1,0.20000000298023224,0.30000001192092896,18,synthetic_0006,6,0.281405508518219,7035.13720703125,7.56178617477417,1.2167948484420776,0.9900192022323608,0.8608875870704651,0.12913164496421814,0.23523233830928802,0.6256552338600159,0.05906831845641136,0.19069691002368927,0.37589001655578613,0.37497296929359436,0.19686828553676605,0.19686828553676605,1.0332226753234863,1.7232036590576172,0.4794699549674988,0.7759909629821777,75.19819641113281,0.9702566266059875,-0.0008402651292271912,0.9702566266059875,0.9611833691596985,0.9715367555618286,0.9682508707046509
167,train,1,0.20000000298023224,0.30000001192092896,19,synthetic_0007,7,0.1267358511686325,3168.396484375,35.174095153808594,0.12597081065177917,0.1261020302772522,0.10979147255420685,0.01631055399775505,0.052360549569129944,0.0574309267103672,0.026083050295710564,1.6756132481532404e-08,0.031347859650850296,0.027840513736009598,3.740899266048718e-23,0.027840513736009598,1.133880615234375,1.3612810373306274,0.39982348680496216,0.576564610004425,35.31292724609375,0.9436336159706116,-0.0022477805614471436,0.9436336159706116,0.9571302533149719,0.9583600759506226,0.9558061957359314
168,train,1,0.20000000298023224,0.30000001192092896,20,synthetic_0008,8,0.41377881169319153,10344.4697265625,8.165862083435059,3.0621743202209473,2.8895697593688965,2.512702226638794,0.3768676519393921,0.5993483662605286,1.9133539199829102,0.925116777420044,7.919404652056983e-07,0.9882363080978394,1.1756547689437866,1.5397923683770387e-22,1.1756547689437866,1.21760094165802,1.9759376049041748,0.5934559106826782,0.7341731190681458,66.83463287353516,0.9788658618927002,0.0056309811770915985,0.9788658618927002,0.9732233285903931,0.9861304759979248,0.9737104177474976
169,train,1,0.20000000298023224,0.30000001192092896,21,synthetic_0009,9,0.24806861579418182,6201.71533203125,108.45155334472656,0.38449859619140625,0.3514058589935303,0.40114331245422363,-0.049737442284822464,0.20180578529834747,0.19933752715587616,0.07697378098964691,6.666580532055377e-08,0.12236367911100388,0.06267372518777847,1.5330850564422917e-21,0.06267372518777847,1.1406491994857788,1.386272668838501,0.4074164628982544,0.5029579401016235,20.591585159301758,0.8760521411895752,0.007339952979236841,0.8760521411895752,0.9576163291931152,0.9590524435043335,0.9562445878982544
170,train,1,0.20000000298023224,0.30000001192092896,22,synthetic_0010,10,0.4591941833496094,11479.8544921875,68.86920928955078,2.210259199142456,1.9924968481063843,1.732609748840332,0.25988712906837463,0.6026749610900879,1.1299347877502441,0.11076289415359497,0.3815576434135437,0.6376142501831055,0.7913719415664673,0.18198835849761963,0.18198835849761963,0.9941514134407043,1.505276083946228,0.4163113236427307,0.5233942866325378,24.678852081298828,0.8255342841148376,-0.01650969125330448,0.8255342841148376,0.9568094611167908,0.9625244140625,0.9605261087417603
171,train,1,0.20000000298023224,0.30000001192092896,23,synthetic_0011,11,0.28403061628341675,7100.76513671875,12.959049224853516,0.759762167930603,0.6239691376686096,0.5425825119018555,0.08138664811849594,0.24589215219020844,0.29669034481048584,0.028450531885027885,0.08931386470794678,0.17892596125602722,0.27270570397377014,0.07708706706762314,0.07708706706762314,1.060172438621521,1.6692639589309692,0.45689186453819275,0.640916109085083,48.183223724365234,0.9519712924957275,-0.005110684782266617,0.9519712924957275,0.9609856605529785,0.9677404761314392,0.9667747020721436
172,train,1,0.20000000298023224,0.30000001192092896,24,synthetic_0012,12,0.3988097608089447,9970.244140625,193.67137145996094,0.9059556722640991,0.8670110106468201,1.0199458599090576,-0.15293486416339874,0.5270308256149292,0.4929150640964508,0.16589581966400146,1.8439010318616056e-07,0.327019065618515,0.12860916554927826,2.2565403099915633e-20,0.12860916554927826,1.1525681018829346,1.4321385622024536,0.4214361608028412,0.47626402974128723,15.252806663513184,0.8355094790458679,-0.006123156752437353,0.8355094790458679,0.9585699439048767,0.9604156613349915,0.9571173787117004
173,train,1,0.20000000298023224,0.30000001192092896,25,synthetic_0013,13,0.46484339237213135,11621.0849609375,12.9608793258667,2.1210227012634277,2.2717723846435547,1.9771122932434082,0.29466018080711365,0.7858070731163025,1.191305160522461,0.565324604511261,4.961959234606184e-07,0.625980019569397,0.6185199022293091,1.6847047282709454e-22,0.6185199022293091,1.2649247646331787,1.9805877208709717,0.5887665152549744,0.674895703792572,54.9791374206543,0.9673473834991455,-0.002283066278323531,0.9673473834991455,0.9762752652168274,0.9846290349960327,0.9751282334327698
174,train,1,0.20000000298023224,0.30000001192092896,26,synthetic_0014,14,0.19639864563941956,4909.96630859375,44.803951263427734,0.4347597360610962,0.34355324506759644,0.29874223470687866,0.04481102526187897,0.10653186589479446,0.1922103613615036,0.01966727524995804,0.05480697378516197,0.11773611605167389,0.15982189774513245,0.040087632834911346,0.040087632834911346,0.9606489539146423,1.336699366569519,0.37007641792297363,0.5246534943580627,24.93070411682129,0.8833497166633606,0.01182311400771141,0.8833497166633606,0.9544532299041748,0.957442045211792,0.9563120603561401
175,train,1,0.20000000298023224,0.30000001192092896,27,synthetic_0015,15,0.21053899824619293,5263.47509765625,37.403072357177734,0.5328525304794312,0.5475301742553711,0.47628355026245117,0.07124659419059753,0.14183181524276733,0.33445173501968384,0.15004226565361023,1.0620102131042586e-07,0.18440937995910645,0.1489114612340927,2.007589661963485e-22,0.1489114612340927,1.1129372119903564,1.448958396911621,0.4298904836177826,0.5716564059257507,34.331275939941406,0.9376628398895264,-0.000705201062373817,0.9376628398895264,0.9578266143798828,0.9615898132324219,0.9570633769035339
176,train,1,0.20000000298023224,0.30000001192092896,28,synthetic_0016,16,0.41098862886428833,10274.7158203125,45.10024642944336,1.2415413856506348,1.1706569194793701,1.0179641246795654,0.1526927500963211,0.506537139415741,0.5114269256591797,0.04980100691318512,0.16620855033397675,0.29541733860969543,0.3487221896648407,0.08751271665096283,0.08751271665096283,1.043070912361145,1.5778357982635498,0.4312048554420471,0.5242657661437988,24.853153228759766,0.8666532635688782,0.0017620717408135533,0.8666532635688782,0.9589398503303528,0.964177668094635,0.963370144367218
177,train,1,0.20000000298023224,0.30000001192092896,29,synthetic_0017,17,0.13942205905914307,3485.551513671875,0.7891212105751038,0.31864839792251587,0.3411094546318054,0.29661795496940613,0.04449151083827019,0.06840353459119797,0.22821441292762756,0.113697350025177,9.35165545001837e-08,0.1145169585943222,0.11316884309053421,9.080680116372384e-22,0.11316884309053421,1.223989486694336,2.0133161544799805,0.6045274138450623,0.9726255536079407,114.52510833740234,0.9978426098823547,0.007376071531325579,0.9978426098823547,0.9747069478034973,0.9881833791732788,0.9753794074058533
178,train,1,0.20000000298023224,0.30000001192092896,30,synthetic_0018,18,0.378053218126297,9451.3310546875,12.003012657165527,2.356846332550049,2.2564313411712646,1.9622774124145508,0.29415392875671387,0.491197794675827,1.4710795879364014,0.7026305198669434,5.756068617301935e-07,0.768448531627655,0.8466885685920715,1.6823515751233328e-21,0.8466885685920715,1.1953983306884766,1.8503904342651367,0.5555728673934937,0.6841011643409729,56.820228576660156,0.9714353084564209,-0.007767271716147661,0.9714353084564209,0.9686009883880615,0.9793902039527893,0.9685549139976501
179,train,1,0.20000000298023224,0.30000001192092896,31,synthetic_0019,0,0.10214107483625412,2553.52685546875,20.32386016845703,0.14585594832897186,0.09452661126852036,0.08219711482524872,0.01232949923723936,0.028464609757065773,0.053732506930828094,0.00554498890414834,0.01366190891712904,0.03452560678124428,0.06306549906730652,0.015869762748479843,0.015869762748479843,0.9490007162094116,1.2825032472610474,0.35595566034317017,0.5850543975830078,37.01087951660156,0.9429731369018555,0.009631466120481491,0.9429731369018555,0.9538630247116089,0.956169605255127,0.9552703499794006
180,train,1,0.20000000298023224,0.30000001192092896,32,synthetic_0020,1,0.07860125601291656,1965.031494140625,1.1720293760299683,0.05651896446943283,0.0484275221824646,0.04211091995239258,0.006316604092717171,0.018729543313384056,0.023381376639008522,0.0022607464343309402,0.006575607229024172,0.014545023441314697,0.001134017831645906,0.013660281896591187,0.013660281896591187,1.0544606447219849,1.638279914855957,0.4481290876865387,0.9257025718688965,105.14051055908203,0.9954681396484375,0.007693120278418064,0.9954681396484375,0.9602591395378113,0.966483473777771,0.9655709266662598
181,train,1,0.20000000298023224,0.30000001192092896,33,synthetic_0021,2,0.33690086007118225,8422.521484375,76.22600555419922,0.7565515041351318,0.6804862022399902,0.7986844778060913,-0.11819829791784286,0.3826996982097626,0.4159848093986511,0.16858528554439545,1.4812350457305001e-07,0.24739938974380493,0.13494674861431122,9.818136068218808e-22,0.13494674861431122,1.1727784872055054,1.5153517723083496,0.44705796241760254,0.5225882530212402,24.51764678955078,0.8934383392333984,-0.009916133247315884,0.8934383392333984,0.960507333278656,0.9631911516189575,0.9589360356330872
182,train,1,0.20000000298023224,0.30000001192092896,34,synthetic_0022,3,0.37096014618873596,9274.00390625,49.5421142578125,0.9914396405220032,0.9246118068695068,0.8040115833282471,0.12060020864009857,0.40889063477516174,0.3951209783554077,0.03887971490621567,0.1268095076084137,0.22943173348903656,0.2703371047973633,0.06836585700511932,0.06836585700511932,1.0335102081298828,1.5285346508026123,0.4175945520401001,0.518890380859375,23.778076171875,0.8602797389030457,0.002013334073126316,0.8602797389030457,0.9579575657844543,0.9624449610710144,0.9617226123809814
183,train,1,0.20000000298023224,0.30000001192092896,35,synthetic_0023,4,0.27220800518989563,6805.20068359375,18.2852725982666,1.094096302986145,1.0426915884017944,0.9076768159866333,0.13501480221748352,0.2460174858570099,0.661659300327301,0.3111589252948761,2.308449040810956e-07,0.3505001366138458,0.3595525920391083,1.3291665066830285e-22,0.3595525920391083,1.154852032661438,1.6397584676742554,0.49011802673339844,0.6367055773735046,47.34111404418945,0.9624006152153015,0.005492970813065767,0.9624006152153015,0.9621813297271729,0.969120979309082,0.9615796208381653
184,train,1,0.20000000298023224,0.30000001192092896,36,synthetic_0024,5,0.09855113923549652,2463.778564453125,4.2258734703063965,0.08139587938785553,0.07008042186498642,0.060939542949199677,0.009140878915786743,0.02869497798383236,0.032244566828012466,0.0031999116763472557,0.008598759770393372,0.020445894449949265,0.003133670426905155,0.015435488894581795,0.015435488894581795,1.0276488065719604,1.498983383178711,0.40953218936920166,0.94815593957901,109.63118743896484,0.9852409958839417,0.011161291971802711,0.9852409958839417,0.9574081897735596,0.961471438407898,0.9607993364334106
185,train,1,0.20000000298023224,0.30000001192092896,37,synthetic_0025,6,0.2788568139076233,6971.42041015625,13.95384693145752,1.1812527179718018,0.884555459022522,0.7691798210144043,0.11537564545869827,0.22633646428585052,0.5428433418273926,0.05247940495610237,0.16085021197795868,0.3295137286186218,0.5218186378479004,0.1431504189968109,0.1431504189968109,1.0124046802520752,1.6044784784317017,0.44472333788871765,0.6298851370811462,45.977027893066406,0.9504151940345764,-0.007506218273192644,0.9504151940345764,0.9586020708084106,0.9663046002388,0.9637247920036316
186,train,1,0.20000000298023224,0.30000001192092896,38,synthetic_0026,7,0.38999801874160767,9749.9501953125,140.9248504638672,1.0197232961654663,0.8747508525848389,0.7606590390205383,0.11409184336662292,0.4398340582847595,0.3208249807357788,0.031756144016981125,0.11625986546278,0.17280898988246918,0.28541886806488037,0.04986286163330078,0.04986286163330078,1.005833625793457,1.3937098979949951,0.38149845600128174,0.546271800994873,29.25436019897461,0.7457906603813171,0.0007385126082226634,0.7457906603813171,0.9556815028190613,0.958404004573822,0.957901656627655
187,train,1,0.20000000298023224,0.30000001192092896,39,synthetic_0027,8,0.12254957854747772,3063.739501953125,28.895038604736328,0.12157099694013596,0.09317097067832947,0.0810183733701706,0.0121525963768363,0.04262272268533707,0.038395654410123825,0.003955848980695009,0.010159858502447605,0.024279946461319923,0.03890944644808769,0.009590823203325272,0.009590823203325272,0.9871422052383423,1.3096930980682373,0.3600504398345947,0.5541852712631226,30.837053298950195,0.9204515814781189,-0.008786396123468876,0.9204515814781189,0.9545480608940125,0.9564007520675659,0.9560189247131348
188,train,1,0.20000000298023224,0.30000001192092896,40,synthetic_0028,9,0.4421572685241699,11053.931640625,16.93781852722168,1.8114657402038574,1.9367280006408691,1.7194904088974,0.21723756194114685,0.7027109861373901,1.0167794227600098,0.4762973487377167,4.1008638618222903e-07,0.540481686592102,0.4927573502063751,1.8818018147670324e-22,0.4927573502063751,1.2502168416976929,1.8971513509750366,0.5639746785163879,0.6447774767875671,48.95549392700195,0.9599968791007996,0.015194345265626907,0.9599968791007996,0.9728668332099915,0.9802351593971252,0.9714807868003845
189,train,1,0.20000000298023224,0.30000001192092896,41,synthetic_0029,10,0.2927040159702301,7317.60009765625,103.56944274902344,0.7837321162223816,0.7599809765815735,0.8352264165878296,-0.07524541765451431,0.27137723565101624,0.5638492107391357,0.21909478306770325,1.9170286691405636e-07,0.3447542190551758,0.17796087265014648,3.71789897243883e-21,0.17796087265014648,1.10173761844635,1.402744174003601,0.4153633415699005,0.5053662061691284,21.0732364654541,0.8783345222473145,0.009521774016320705,0.8783345222473145,0.9569709897041321,0.9600738286972046,0.9562082886695862
190,train,1,0.20000000298023224,0.30000001192092896,42,synthetic_0030,11,0.09952336549758911,2488.084228515625,0.5909401178359985,0.1514594703912735,0.13483379781246185,0.11724689602851868,0.017586899921298027,0.029892079532146454,0.08735481649637222,0.008106313645839691,0.026858940720558167,0.052389562129974365,0.0033862008713185787,0.04735046997666359,0.04735046997666359,1.049707055091858,1.8209086656570435,0.5084258913993835,0.9143104553222656,102.86209106445312,0.9974541664123535,-0.011282222345471382,0.9974541664123535,0.9636854529380798,0.9763414263725281,0.9725121259689331
191,train,1,0.20000000298023224,0.30000001192092896,43,synthetic_0031,12,0.4373287558555603,10933.21875,83.36947631835938,1.2532860040664673,1.1693930625915527,1.3756794929504395,-0.2062864452600479,0.6533492803573608,0.7223302125930786,0.28592273592948914,2.7382682787902013e-07,0.436407208442688,0.21838317811489105,2.164475188593768e-21,0.21838317811489105,1.1882052421569824,1.583485722541809,0.46811598539352417,0.5173342823982239,23.466854095458984,0.8846870064735413,-0.015668202191591263,0.8846870064735413,0.9622964262962341,0.9657447338104248,0.9606615900993347
192,train,1,0.20000000298023224,0.30000001192092896,44,synthetic_0032,13,0.14994850754737854,3748.712890625,6.874508857727051,0.3294670581817627,0.24678242206573486,0.21459361910820007,0.03218879923224449,0.06439024955034256,0.1502033770084381,0.014796361327171326,0.041267286986112595,0.09413973242044449,0.07582564651966095,0.058391980826854706,0.058391980826854706,0.996088445186615,1.515569806098938,0.4192255437374115,0.8283227682113647,85.66455841064453,0.9760239720344543,-0.011696628294885159,0.9760239720344543,0.9569807648658752,0.9628900289535522,0.960832953453064
193,train,1,0.20000000298023224,0.30000001192092896,45,synthetic_0033,14,0.1954413205385208,4886.033203125,24.335302352905273,0.5199732780456543,0.4923582077026367,0.42820459604263306,0.06415361911058426,0.12321911007165909,0.30498549342155457,0.14165905117988586,9.681246382342579e-08,0.16332635283470154,0.1601741462945938,3.623069005902028e-23,0.1601741462945938,1.122037649154663,1.4879977703094482,0.44220587611198425,0.6085634231567383,41.71268844604492,0.9555521011352539,-0.0039476435631513596,0.9555521011352539,0.9586082696914673,0.9629678130149841,0.9578554630279541
194,train,1,0.20000000298023224,0.30000001192092896,46,synthetic_0034,15,0.48730194568634033,12182.548828125,32.12616729736328,1.8785157203674316,1.7895570993423462,1.5561389923095703,0.23341809213161469,0.727888822555542,0.8282501697540283,0.07863098382949829,0.27401643991470337,0.47560277581214905,0.5840396285057068,0.14407537877559662,0.14407537877559662,1.0661808252334595,1.7023212909698486,0.4662973880767822,0.5462936162948608,29.258718490600586,0.8915467262268066,-0.0006578750908374786,0.8915467262268066,0.961798906326294,0.9691356420516968,0.9681140184402466
195,train,1,0.20000000298023224,0.30000001192092896,47,synthetic_0035,16,0.1853952407836914,4634.880859375,31.511869430541992,0.27304786443710327,0.2222265601158142,0.19324076175689697,0.028985796496272087,0.09942261874675751,0.09381813555955887,0.009509195573627949,0.026322731748223305,0.05798620730638504,0.08535207808017731,0.021048203110694885,0.021048203110694885,1.0061209201812744,1.3950467109680176,0.38184693455696106,0.5476905107498169,29.538101196289062,0.9095225930213928,-0.007637132424861193,0.9095225930213928,0.9557012319564819,0.9584389925003052,0.9579346776008606
196,train,1,0.20000000298023224,0.30000001192092896,48,synthetic_0036,17,0.27620556950569153,6905.13916015625,173.98074340820312,0.44149747490882874,0.40927380323410034,0.47675755620002747,-0.06748374551534653,0.24842381477355957,0.2283337414264679,0.07994617521762848,7.904164078809117e-08,0.14838747680187225,0.0642484575510025,7.846638521852288e-21,0.0642484575510025,1.132636308670044,1.3567692041397095,0.398456871509552,0.480722039937973,16.144407272338867,0.8460085988044739,0.008341308683156967,0.8460085988044739,0.9570449590682983,0.9582388997077942,0.9557297825813293
197,train,1,0.20000000298023224,0.30000001192092896,49,synthetic_0037,18,0.15780285000801086,3945.0712890625,20.371952056884766,0.3566870093345642,0.3174400329589844,0.2760443687438965,0.041395679116249084,0.07974866032600403,0.19629570841789246,0.09239143133163452,6.002501606872102e-08,0.10390421003103256,0.11440745741128922,9.545683958830134e-23,0.11440745741128922,1.1139247417449951,1.4531300067901611,0.43120497465133667,0.625702977180481,45.14059829711914,0.9628300666809082,0.0013398780720308423,0.9628300666809082,0.9579075574874878,0.961732804775238,0.9571449160575867
198,train,1,0.20000000298023224,0.30000001192092896,50,synthetic_0038,0,0.1589248776435852,3973.121826171875,8.451969146728516,0.4489608705043793,0.35420966148376465,0.3080163300037384,0.04619333893060684,0.08306923508644104,0.22494709491729736,0.10944357514381409,7.345579433604144e-08,0.11550344526767731,0.17149753868579865,3.295786645979424e-22,0.17149753868579865,1.1439803838729858,1.5875860452651978,0.47367143630981445,0.7294378280639648,65.88756561279297,0.9822897911071777,-0.0036558532156050205,0.9822897911071777,0.9608551859855652,0.9668695330619812,0.9601800441741943
199,train,1,0.20000000298023224,0.30000001192092896,51,synthetic_0039,1,0.3776973485946655,9442.43359375,15.053218841552734,2.1356945037841797,1.7194136381149292,1.4951449632644653,0.22426870465278625,0.42236557602882385,1.0727794170379639,0.10154494643211365,0.33514881134033203,0.6360856890678406,0.9447265267372131,0.2526983618736267,0.2526983618736267,1.0298234224319458,1.7034430503845215,0.47364532947540283,0.619475245475769,43.89504623413086,0.9438194632530212,-0.0008028632146306336,0.9438194632530212,0.9607194662094116,0.9706165194511414,0.9674462676048279
200,train,1,0.20000000298023224,0.30000001192092896,52,synthetic_0040,2,0.29109859466552734,7277.46533203125,15.472868919372559,1.3096569776535034,1.232796549797058,1.0726487636566162,0.1601478010416031,0.28403565287590027,0.7886131405830383,0.37368181347846985,2.8313289135439845e-07,0.4149310290813446,0.44645801186561584,1.8542678870477413e-23,0.44645801186561584,1.1658824682235718,1.694582462310791,0.5073275566101074,0.6546227931976318,50.924556732177734,0.9667074680328369,0.0058377874083817005,0.9667074680328369,0.9636874794960022,0.9716257452964783,0.963189423084259
201,train,1,0.20000000298023224,0.30000001192092896,53,synthetic_0041,3,0.13393333554267883,3348.333251953125,1.3849103450775146,0.26360249519348145,0.2353842854499817,0.20468221604824066,0.030702073127031326,0.05366480350494385,0.15101741254329681,0.014161838218569756,0.04555817320942879,0.09129740297794342,0.006771755870431662,0.07718519121408463,0.07718519121408463,1.0405771732330322,1.766423225402832,0.49225133657455444,0.9292618632316589,105.85237121582031,0.9942348599433899,-0.009743341244757175,0.9942348599433899,0.9622471332550049,0.9736122488975525,0.9700791239738464
202,train,1,0.20000000298023224,0.30000001192092896,54,synthetic_0042,4,0.05746452137827873,1436.613037109375,0.7187166810035706,0.053847186267375946,0.04902305081486702,0.04262888431549072,0.006394165568053722,0.011007226072251797,0.03162165731191635,0.015776846557855606,1.0590005317112627e-08,0.01584479957818985,0.019032662734389305,6.146999810986619e-23,0.019032662734389305,1.159419059753418,1.6622281074523926,0.4971822202205658,0.9752650260925293,115.0530014038086,0.9983765482902527,-0.0017711985856294632,0.9983765482902527,0.9627845883369446,0.9701310992240906,0.9622219800949097
203,train,1,0.20000000298023224,0.30000001192092896,55,synthetic_0043,5,0.12846489250659943,3211.622314453125,16.842809677124023,0.15310516953468323,0.13885758817195892,0.12078273296356201,0.01807485707104206,0.05496403947472572,0.06581869721412659,0.03131359443068504,1.9793569450143877e-08,0.03450508043169975,0.04171134531497955,6.469579297736657e-22,0.04171134531497955,1.158435583114624,1.455590844154358,0.42863813042640686,0.6453798413276672,49.075965881347656,0.9686989784240723,0.0005536042153835297,0.9686989784240723,0.9590886831283569,0.9611587524414062,0.9575986862182617
204,train,1,0.20000000298023224,0.30000001192092896,56,synthetic_0044,6,0.11188442260026932,2797.110595703125,6.475625038146973,0.23165810108184814,0.17003220319747925,0.1478554755449295,0.022176722064614296,0.040631331503391266,0.10722414404153824,0.052557751536369324,3.312949559131084e-08,0.05466635897755623,0.09149529039859772,1.6890256665476391e-22,0.09149529039859772,1.1289739608764648,1.5186470746994019,0.4518890976905823,0.7672281265258789,73.44562530517578,0.9868963360786438,-0.001017648377455771,0.9868963360786438,0.9592606425285339,0.9641106724739075,0.9585235714912415
205,train,1,0.20000000298023224,0.30000001192092896,57,synthetic_0045,7,0.4448027014732361,11120.0673828125,326.0817565917969,1.4193170070648193,1.365280270576477,1.6062113046646118,-0.24093098938465118,0.6214263439178467,0.9847849607467651,0.32482388615608215,4.1875688339132466e-07,0.6599606871604919,0.2652638554573059,2.6795357890797757e-19,0.2652638554573059,1.0924887657165527,1.3661030530929565,0.4039076864719391,0.4573419690132141,11.468393325805664,0.756874144077301,0.005892130546271801,0.756874144077301,0.9563450217247009,0.9589624404907227,0.9555914998054504
206,train,1,0.20000000298023224,0.30000001192092896,58,synthetic_0046,8,0.29984036087989807,7496.00927734375,14.598140716552734,0.860627293586731,0.8557215929031372,0.754351794719696,0.10136976838111877,0.31674933433532715,0.4376024603843689,0.2076779305934906,1.6179025408291636e-07,0.22992438077926636,0.24352537095546722,3.771556609636141e-23,0.24352537095546722,1.2254558801651,1.7643749713897705,0.5237913131713867,0.6611355543136597,52.227108001708984,0.9672465920448303,0.015563404187560081,0.9672465920448303,0.9679362177848816,0.9736278057098389,0.966323733329773
207,train,1,0.20000000298023224,0.30000001192092896,59,synthetic_0047,9,0.45374709367752075,11343.677734375,196.875732421875,1.3602522611618042,1.1451337337493896,0.9957830309867859,0.14935064315795898,0.5948702096939087,0.4009128212928772,0.038879796862602234,0.15648303925991058,0.20554997026920319,0.3863541781902313,0.06004916876554489,0.06004916876554489,1.0049781799316406,1.3897374868392944,0.38046425580978394,0.5549184083938599,30.983686447143555,0.7025992274284363,0.012605427764356136,0.7025992274284363,0.9556231498718262,0.9583004713058472,0.9578042030334473
208,train,1,0.20000000298023224,0.30000001192092896,60,synthetic_0048,10,0.20714430510997772,5178.60791015625,7.808567047119141,0.4068351686000824,0.33206990361213684,0.28875672817230225,0.04331318661570549,0.13025596737861633,0.1585007607936859,0.015281339175999165,0.046117860823869705,0.09710156172513962,0.10894143581390381,0.052544791251420975,0.052544791251420975,1.0558780431747437,1.645927906036377,0.45028698444366455,0.7623324990272522,72.46649932861328,0.970646858215332,-0.0038250982761383057,0.970646858215332,0.9604352712631226,0.9667891263961792,0.9658633470535278
209,train,1,0.20000000298023224,0.30000001192092896,61,synthetic_0049,11,0.4009439945220947,10023.599609375,9.549579620361328,2.790534019470215,2.643475294113159,2.2987284660339355,0.3447468876838684,0.5587383508682251,1.739990234375,0.8374833464622498,7.046740506666538e-07,0.9025061726570129,1.0453695058822632,1.066635743127138e-22,1.0453695058822632,1.2089356184005737,1.926119327545166,0.5785465836524963,0.7130492329597473,62.60984420776367,0.9760665893554688,-0.0022047313395887613,0.9760665893554688,0.9713209867477417,0.9834208488464355,0.971579372882843
210,train,1,0.20000000298023224,0.30000001192092896,62,synthetic_0050,12,0.4543493986129761,11358.734375,385.2949523925781,1.330622673034668,1.2513632774353027,1.0882837772369385,0.16307953000068665,0.586298406124115,0.5019853711128235,0.029786894097924232,0.11836176365613937,0.35383671522140503,0.3873805105686188,0.048215821385383606,0.048215821385383606,0.9878727197647095,1.3128660917282104,0.3608431816101074,0.5688545107841492,33.77090072631836,0.7486927509307861,0.01846965029835701,0.7486927509307861,0.9545871019363403,0.9564693570137024,0.9560832977294922
211,train,1,0.20000000298023224,0.30000001192092896,63,synthetic_0051,13,0.34857580065727234,8714.39453125,311.62017822265625,0.7888527512550354,0.6061625480651855,0.5271518230438232,0.07901071012020111,0.34248772263526917,0.18466408550739288,0.018628448247909546,0.0727735310792923,0.09326210618019104,0.2280091941356659,0.030405091121792793,0.030405091121792793,0.9804211854934692,1.2809284925460815,0.3529309034347534,0.5649094581604004,32.98188781738281,0.6261052489280701,-0.003947420045733452,0.6261052489280701,0.9542069435119629,0.9558032751083374,0.9554588794708252
212,train,1,0.20000000298023224,0.30000001192092896,64,synthetic_0052,14,0.3613528311252594,9033.8212890625,176.06845092773438,1.0581281185150146,1.0278388261795044,1.2092198133468628,-0.1813810020685196,0.41235852241516113,0.7968612909317017,0.27651605010032654,2.863976362732501e-07,0.5203449130058289,0.21893168985843658,2.783894769240541e-20,0.21893168985843658,1.098434567451477,1.3895004987716675,0.411215215921402,0.48021572828292847,16.043148040771484,0.8436622619628906,0.0015980551252141595,0.8436622619628906,0.9567394852638245,0.9596628546714783,0.9559792280197144
213,train,1,0.20000000298023224,0.30000001192092896,65,synthetic_0053,15,0.15676209330558777,3919.05224609375,25.317920684814453,0.20775215327739716,0.20341317355632782,0.1776134967803955,0.025799671187996864,0.08182258158922195,0.09579092264175415,0.04445725679397583,2.941965959735171e-08,0.051333632320165634,0.050480153411626816,6.209985621103085e-23,0.050480153411626816,1.1581190824508667,1.4543108940124512,0.42824459075927734,0.6049033403396606,40.98067092895508,0.9549005627632141,-0.004717408213764429,0.9549005627632141,0.9590598344802856,0.9611173868179321,0.957571804523468
214,train,1,0.20000000298023224,0.30000001192092896,66,synthetic_0054,16,0.43215054273605347,10803.763671875,21.012235641479492,1.6479536294937134,1.6003473997116089,1.5951125621795654,0.005234874784946442,0.665694534778595,0.9294180274009705,0.4297747313976288,3.673947901461361e-07,0.499642938375473,0.42228370904922485,2.0654568376558983e-22,0.42228370904922485,1.2398438453674316,1.8403356075286865,0.5468779802322388,0.6226348876953125,44.5269775390625,0.9529430270195007,0.01403866522014141,0.9529430270195007,0.9706792235374451,0.977339506149292,0.9691730737686157
215,train,1,0.20000000298023224,0.30000001192092896,67,synthetic_0055,17,0.21547211706638336,5386.802734375,11.120707511901855,0.4446007013320923,0.34737449884414673,0.30206507444381714,0.045309413224458694,0.13970652222633362,0.16235855221748352,0.01580127701163292,0.046821001917123795,0.0997362732887268,0.15580061078071594,0.047903675585985184,0.047903675585985184,1.0466383695602417,1.5965718030929565,0.4364248514175415,0.6672080755233765,53.44161605834961,0.9600780010223389,-0.0031655512284487486,0.9600780010223389,0.9593350887298584,0.9648712873458862,0.9640311598777771
216,train,1,0.20000000298023224,0.30000001192092896,68,synthetic_0056,18,0.22689397633075714,5672.349609375,48.78363800048828,0.37575605511665344,0.3488362431526184,0.36369240283966064,-0.014856159687042236,0.17182692885398865,0.1918654888868332,0.08345305919647217,6.26508551704319e-08,0.10841237008571625,0.07566949725151062,1.4373112588531598e-22,0.07566949725151062,1.1609337329864502,1.465750813484192,0.4317636489868164,0.5517326593399048,30.346529006958008,0.9228554368019104,-0.009849010035395622,0.9228554368019104,0.9593200087547302,0.961490273475647,0.9578146934509277
217,train,1,0.20000000298023224,0.30000001192092896,69,synthetic_0057,0,0.2761867046356201,6904.66748046875,13.997344970703125,0.7367858290672302,0.7221869826316833,0.6345033645629883,0.08768363296985626,0.26770544052124023,0.36679789423942566,0.17457544803619385,1.3330247838894138e-07,0.19222231209278107,0.21074740588665009,2.9414360702615356e-23,0.21074740588665009,1.2207136154174805,1.740074634552002,0.5163590908050537,0.6659277081489563,53.185543060302734,0.9688870906829834,0.013246264308691025,0.9688870906829834,0.967104434967041,0.9724851846694946,0.9654706716537476
218,train,1,0.20000000298023224,0.30000001192092896,70,synthetic_0058,1,0.3751034438610077,9377.5859375,46.47632598876953,1.0275728702545166,0.9563342928886414,0.8315963745117188,0.12473791837692261,0.41917383670806885,0.4124225676059723,0.04047587513923645,0.1320919692516327,0.23985472321510315,0.28591156005859375,0.07191911339759827,0.07191911339759827,1.0362253189086914,1.5423980951309204,0.4214024543762207,0.522515594959259,24.503116607666016,0.8659104704856873,0.0016527868574485183,0.8659104704856873,0.958225429058075,0.9629185199737549,0.9621723890304565
219,train,1,0.20000000298023224,0.30000001192092896,71,synthetic_0059,2,0.12969981133937836,3242.4951171875,40.4637565612793,0.12787452340126038,0.1305486261844635,0.11375205218791962,0.016796570271253586,0.054699454456567764,0.05905260145664215,0.026477375999093056,1.7273626085057003e-08,0.03257520869374275,0.027149349451065063,3.433766685564866e-23,0.027149349451065063,1.131009817123413,1.3509106636047363,0.39668428897857666,0.5655414462089539,33.1082878112793,0.9372334480285645,-0.003776655299589038,0.9372334480285645,0.9569353461265564,0.9580832123756409,0.9556317925453186
220,train,1,0.20000000298023224,0.30000001192092896,72,synthetic_0060,3,0.21657142043113708,5414.28515625,2.189678430557251,0.5026059150695801,0.5176823735237122,0.4501616954803467,0.06752065569162369,0.17192800343036652,0.27823370695114136,0.13791395723819733,1.1453685999640584e-07,0.1403196156024933,0.16260603070259094,3.0643630786753245e-21,0.16260603070259094,1.2749890089035034,2.039577007293701,0.6060396432876587,0.9139779210090637,102.79558563232422,0.9939723610877991,0.006134235765784979,0.9939723610877991,0.9788129925727844,0.9878065586090088,0.977878212928772
221,train,1,0.20000000298023224,0.30000001192092896,73,synthetic_0061,4,0.48499467968940735,12124.8671875,12.240984916687012,3.650383234024048,3.126293182373047,2.7185211181640625,0.4077721834182739,0.7132045030593872,2.0053164958953857,0.18410111963748932,0.6606014370918274,1.160614013671875,1.592376470565796,0.46262457966804504,0.46262457966804504,1.0546352863311768,1.8506791591644287,0.517282247543335,0.6501062512397766,50.02125549316406,0.9498711228370667,0.012765530496835709,0.9498711228370667,0.9645177721977234,0.9778801798820496,0.9738985896110535
222,train,1,0.20000000298023224,0.30000001192092896,74,synthetic_0062,5,0.2232939749956131,5582.349609375,3.5709893703460693,0.423092782497406,0.42999351024627686,0.37390777468681335,0.05608572065830231,0.15615522861480713,0.21775254607200623,0.020253529772162437,0.06743688881397247,0.13006213307380676,0.013671224005520344,0.08417809754610062,0.08417809754610062,1.0893430709838867,1.8339067697525024,0.5041769742965698,0.9487646222114563,109.75292205810547,0.9847514033317566,-0.001209396286867559,0.9847514033317566,0.9654327034950256,0.9751961827278137,0.973970890045166
223,train,1,0.20000000298023224,0.30000001192092896,75,synthetic_0063,6,0.3005605638027191,7514.01416015625,62.831478118896484,0.632882297039032,0.5681434869766235,0.49403896927833557,0.07410454750061035,0.2633052468299866,0.230733722448349,0.02316434122622013,0.07283022254705429,0.13473916053771973,0.16952036321163177,0.040503621101379395,0.040503621101379395,1.0138126611709595,1.431334137916565,0.3913838267326355,0.5200037956237793,24.000761032104492,0.8417561650276184,-0.0059041776694357395,0.8417561650276184,0.956258237361908,0.9594284296035767,0.9588674902915955
224,train,1,0.20000000298023224,0.30000001192092896,76,synthetic_0064,7,0.0937294214963913,2343.235595703125,1.224294900894165,0.0894884467124939,0.08822262287139893,0.07671566307544708,0.011506962589919567,0.031102610751986504,0.04561305046081543,0.0227226372808218,1.6404674951786546e-08,0.022890396416187286,0.027168547734618187,7.603260392307401e-23,0.027168547734618187,1.2314226627349854,1.795471429824829,0.533271074295044,0.9555113911628723,111.1022720336914,0.9970188140869141,-0.0073043485172092915,0.9970188140869141,0.9690333008766174,0.9751228094100952,0.9674569368362427
225,train,1,0.20000000298023224,0.30000001192092896,77,synthetic_0065,8,0.28324833512306213,7081.20849609375,3.213536024093628,0.6865761280059814,0.7401029467582703,0.6435685157775879,0.09653441607952118,0.25639569759368896,0.3871728181838989,0.035109855234622955,0.12601520121097565,0.22604775428771973,0.020396659150719643,0.1402955949306488,0.1402955949306488,1.1115734577178955,1.9656637907028198,0.5425074696540833,0.9476897120475769,109.5379409790039,0.9852816462516785,0.006689549423754215,0.9852816462516785,0.9697094559669495,0.9819334149360657,0.9805538654327393
226,train,1,0.20000000298023224,0.30000001192092896,78,synthetic_0066,9,0.36611783504486084,9152.9462890625,15.451948165893555,1.2674291133880615,1.306704044342041,1.1546536684036255,0.15205040574073792,0.4774310886859894,0.6772226095199585,0.3196858763694763,2.621363819343969e-07,0.3575364351272583,0.35334235429763794,1.4643908973543522e-23,0.35334235429763794,1.2388851642608643,1.8351712226867676,0.545316219329834,0.6547725796699524,50.95452117919922,0.9642463326454163,0.01996111497282982,0.9642463326454163,0.9704859852790833,0.9770809412002563,0.9689707159996033
227,train,1,0.20000000298023224,0.30000001192092896,79,synthetic_0067,10,0.4145510196685791,10363.775390625,131.957763671875,1.4845365285873413,1.4367542266845703,1.6902977228164673,-0.25354352593421936,0.5513683557510376,1.1389293670654297,0.4174692630767822,4.194727694084577e-07,0.7214596271514893,0.322755366563797,3.2655494383505247e-20,0.322755366563797,1.1159584522247314,1.4617711305618286,0.43392908573150635,0.4931953251361847,18.639062881469727,0.8593952655792236,-0.02393154241144657,0.8593952655792236,0.9580771327018738,0.9620323181152344,0.9573162198066711
228,train,1,0.20000000298023224,0.30000001192092896,80,synthetic_0068,11,0.27568233013153076,6892.05810546875,4.21627140045166,0.850829005241394,0.8217386603355408,0.714569091796875,0.10716958343982697,0.27707353234291077,0.4374955892562866,0.21510803699493408,1.7790715389764955e-07,0.2223873734474182,0.2899787127971649,1.3258821695011186e-21,0.2899787127971649,1.2680586576461792,1.9987930059432983,0.5941210389137268,0.8312411904335022,86.24823760986328,0.9887309670448303,0.00880571361631155,0.9887309670448303,0.9770478010177612,0.9856048226356506,0.9759625792503357
229,train,1,0.20000000298023224,0.30000001192092896,81,synthetic_0069,12,0.4081067144870758,10202.66796875,28.217479705810547,2.172137975692749,2.1284890174865723,2.0654263496398926,0.0630626305937767,0.5595968961715698,1.5058293342590332,0.6831207275390625,5.664039122166287e-07,0.8227079510688782,0.6468876600265503,9.711635680828392e-23,0.6468876600265503,1.1686646938323975,1.7087074518203735,0.5117455720901489,0.5951583981513977,39.03168487548828,0.943310022354126,0.03171057999134064,0.943310022354126,0.964094340801239,0.9722925424575806,0.9636275768280029
230,train,1,0.20000000298023224,0.30000001192092896,82,synthetic_0070,13,0.09229186922311783,2307.296875,5.417901515960693,0.07088303565979004,0.05945545434951782,0.05170043557882309,0.007755018770694733,0.024889608845114708,0.026810824871063232,0.0026882977690547705,0.006986413151025772,0.017136113718152046,0.004280332010239363,0.012267816811800003,0.012267816811800003,1.0163735151290894,1.443627119064331,0.39464735984802246,0.9331978559494019,106.63957214355469,0.9818577766418457,0.014435641467571259,0.9818577766418457,0.9564562439918518,0.9597804546356201,0.9591997861862183
231,train,1,0.20000000298023224,0.30000001192092896,83,synthetic_0071,14,0.29419007897377014,7354.751953125,198.16737365722656,0.5716509222984314,0.459318608045578,0.39942222833633423,0.05989639088511467,0.2446027398109436,0.15481948852539062,0.015488318167626858,0.057031694799661636,0.08229947835206985,0.1624104380607605,0.025186359882354736,0.025186359882354736,0.9830314517021179,1.2920076847076416,0.35565853118896484,0.5550755858421326,31.015113830566406,0.7112639546394348,-0.018446234986186028,0.7112639546394348,0.9543355703353882,0.956028163433075,0.9556695818901062
232,train,1,0.20000000298023224,0.30000001192092896,84,synthetic_0072,15,0.06680668145418167,1670.1671142578125,0.9716455936431885,0.041160471737384796,0.03453820198774338,0.030033238232135773,0.004504962358623743,0.013470718637108803,0.01656251959502697,0.0016091532306745648,0.00460051978006959,0.01035284623503685,0.0007987113785929978,0.010131679475307465,0.010131679475307465,1.0498158931732178,1.6134116649627686,0.44113701581954956,0.9220579862594604,104.4115982055664,0.996296226978302,0.010731535032391548,0.996296226978302,0.9597008228302002,0.9655110239982605,0.9646415710449219
233,train,1,0.20000000298023224,0.30000001192092896,85,synthetic_0073,16,0.2850094735622406,7125.23681640625,47.026939392089844,0.9032544493675232,0.7602025270462036,0.6610466241836548,0.09915593266487122,0.22843687236309052,0.4326097369194031,0.04343676194548607,0.13083873689174652,0.258334219455719,0.3280763328075409,0.08260387182235718,0.08260387182235718,0.9781596660614014,1.4225248098373413,0.3932320475578308,0.5218376517295837,24.367528915405273,0.8728034496307373,0.00033844634890556335,0.8728034496307373,0.9555498957633972,0.959815502166748,0.9582685232162476
234,train,1,0.20000000298023224,0.30000001192092896,86,synthetic_0074,17,0.08840636163949966,2210.158935546875,8.345870971679688,0.13924625515937805,0.10002797096967697,0.0869813784956932,0.013046595267951488,0.024841701611876488,0.06213967874646187,0.03033341094851494,1.7896992332566697e-08,0.03180624917149544,0.053290560841560364,6.941702325874101e-22,0.053290560841560364,1.105544924736023,1.4182276725769043,0.42022231221199036,0.7311691641807556,66.23383331298828,0.9843106269836426,0.007853715680539608,0.9843106269836426,0.9572493433952332,0.9605676531791687,0.9564850330352783
235,train,1,0.20000000298023224,0.30000001192092896,87,synthetic_0075,18,0.33684346079826355,8421.0859375,31.78793716430664,1.4295263290405273,1.424121379852295,1.3389344215393066,0.08518701791763306,0.3752323091030121,0.9637021422386169,0.4345685839653015,3.4341195487286313e-07,0.5291332006454468,0.41436153650283813,1.207891070082185e-22,0.41436153650283813,1.1502867937088013,1.6176238059997559,0.4831469655036926,0.5849093198776245,36.98186492919922,0.9402468800544739,0.021130019798874855,0.9402468800544739,0.9616060256958008,0.9681493639945984,0.9609702229499817
236,train,1,0.20000000298023224,0.30000001192092896,88,synthetic_0076,0,0.195330411195755,4883.26025390625,1.6230902671813965,0.6634956002235413,0.6645302772521973,0.5778548717498779,0.08667541295289993,0.13405895233154297,0.44379594922065735,0.22035402059555054,1.81474590021935e-07,0.22344174981117249,0.24845391511917114,5.164992485169965e-21,0.24845391511917114,1.2221323251724243,2.002394437789917,0.6013028621673584,0.9387860894203186,107.75720977783203,0.9956018924713135,0.009191831573843956,0.9956018924713135,0.9742686152458191,0.9875822067260742,0.9748857021331787
237,train,1,0.20000000298023224,0.30000001192092896,89,synthetic_0077,1,0.08530537039041519,2132.63427734375,6.153846263885498,0.09866410493850708,0.07276377826929092,0.06327289342880249,0.009490882977843285,0.020259594544768333,0.043013300746679306,0.004356375429779291,0.010923649184405804,0.027733275666832924,0.012194276787340641,0.019851811230182648,0.019851811230182648,0.968367338180542,1.3738956451416016,0.380001962184906,0.8999322056770325,99.98644256591797,0.9804263114929199,0.003312169574201107,0.9804263114929199,0.9549033641815186,0.9584162831306458,0.9571128487586975
238,train,1,0.20000000298023224,0.30000001192092896,90,synthetic_0078,2,0.36318838596343994,9079.7099609375,5.934487819671631,2.4635112285614014,2.2542383670806885,1.9602229595184326,0.29401537775993347,0.4626263976097107,1.4975965023040771,0.7305845618247986,6.188846555232885e-07,0.7670113444328308,0.9805110096931458,4.446856734012587e-21,0.9805110096931458,1.2199122905731201,1.9893983602523804,0.5974545478820801,0.7801018357276917,76.02037048339844,0.9843495488166809,0.007906402461230755,0.9843495488166809,0.9737522006034851,0.9868682026863098,0.974304735660553
239,train,1,0.20000000298023224,0.30000001192092896,91,synthetic_0079,3,0.1626093089580536,4065.232666015625,33.815372467041016,0.3224865198135376,0.2392720878124237,0.20806285738945007,0.03120923601090908,0.07285735011100769,0.13520550727844238,0.01385713554918766,0.03697740659117699,0.08437096327543259,0.12676192820072174,0.03131064027547836,0.03131064027547836,0.9583954215049744,1.3260315656661987,0.3672635853290558,0.5426682829856873,28.533655166625977,0.907992422580719,0.009606673382222652,0.907992422580719,0.9543309807777405,0.9571779370307922,0.9560954570770264
