sample_index,split,source_id,sample_weight,aux_weight,config_index,config_name,velocity_index,U,Re,Ca,F_target,F_pred,F_physics,F_residual,F_stem,F_leaf,Fcol_1_pred,Fcol_2_pred,Fcol_3_pred,Fcol_1_true,Fcol_2_true,Fcol_3_true,Cd_stem_eff,Cd_leaf_eff,shielding_coef,shielding_target,angle_diff_deg,reconfiguration_factor,reconfiguration_correction,reconfiguration_gain,column_correction_1,column_correction_2,column_correction_3
0,train,0,1.0,1.0,0,PVC_20_0,0,0.05000000074505806,1250.0,0.15360000729560852,0.07093784958124161,0.034231409430503845,0.033737365156412125,0.0004940439248457551,0.00930922944098711,0.02442813664674759,0.0025607252027839422,0.0061292327009141445,0.01573817804455757,0.0008135348907671869,0.012708019465208054,0.012708019465208054,1.2951970100402832,1.9263923168182373,0.6183984279632568,0.9039982557296753,100.79964447021484,0.9992983937263489,0.0026910239830613136,0.9992983937263489,1.1373766660690308,0.6860119700431824,1.0906200408935547
1,train,0,1.0,1.0,0,PVC_20_0,1,0.07500000298023224,1875.0,0.3456000089645386,0.17443148791790009,0.07695984840393066,0.07584913074970245,0.0011107210302725434,0.02094576507806778,0.054903361946344376,0.0057551865465939045,0.013790770433843136,0.03535740450024605,0.0018697602208703756,0.027825873345136642,0.027825873345136642,1.2951970100402832,1.9263923168182373,0.6183984279632568,0.9087178111076355,101.7435531616211,0.9984230995178223,-0.00037961077759973705,0.9984230995178223,1.1373766660690308,0.6860119700431824,1.0906200408935547
2,val,0,1.0,1.0,0,PVC_20_0,2,0.10000000149011612,2500.0,0.6144000291824341,0.14795003831386566,0.13666647672653198,0.13469403982162476,0.001972435275092721,0.03723691776394844,0.09745712578296661,0.010215463116765022,0.024516930803656578,0.06272473186254501,0.003428105963394046,0.0476507768034935,0.0476507768034935,1.2951970100402832,1.9263923168182373,0.6183984279632568,0.91482013463974,102.96401977539062,0.9972006678581238,-0.001770438626408577,0.9972006678581238,1.1373766660690308,0.6860119700431824,1.0906200408935547
3,train,0,1.0,1.0,0,PVC_20_0,3,0.125,3125.0,0.9599999785423279,0.20464740693569183,0.21323871612548828,0.21016114950180054,0.003077561967074871,0.05818267911672592,0.1519784778356552,0.015929708257317543,0.03830770030617714,0.09774106740951538,0.005584338214248419,0.07105002552270889,0.07105002552270889,1.2951970100402832,1.9263923168182373,0.6183984279632568,0.9218372106552124,104.36743927001953,0.9956343770027161,-0.002153575886040926,0.9956343770027161,1.1373766660690308,0.6860119700431824,1.0906200408935547
4,val,0,1.0,1.0,0,PVC_20_0,4,0.15000000596046448,3750.0,1.3824000358581543,0.270246684551239,0.3065328598022461,0.3021088242530823,0.004424027167260647,0.08378306031227112,0.21832576394081116,0.022882867604494095,0.05516308173537254,0.14027981460094452,0.008491037413477898,0.09684506058692932,0.09684506058692932,1.2951970100402832,1.9263923168182373,0.6183984279632568,0.9292217493057251,105.84434509277344,0.9937281012535095,-0.0020014543551951647,0.9937281012535095,1.1373766660690308,0.6860119700431824,1.0906200408935547
5,train,0,1.0,1.0,0,PVC_20_0,5,0.17499999701976776,4375.0,1.881600022315979,0.3938428461551666,0.4163748621940613,0.4103655517101288,0.006009319331496954,0.11403804272413254,0.29632750153541565,0.0310568418353796,0.07508309185504913,0.19018757343292236,0.012395291589200497,0.12395953387022018,0.12395953387022018,1.2951970100402832,1.9263923168182373,0.6183984279632568,0.9363734722137451,107.27469635009766,0.9914869666099548,-0.0016101435758173466,0.9914869666099548,1.1373766660690308,0.6860119700431824,1.0906200408935547
6,train,0,1.0,1.0,0,PVC_20_0,6,0.20000000298023224,5000.0,2.4576001167297363,0.43085381388664246,0.5425614714622498,0.5347309708595276,0.007830504328012466,0.14894767105579376,0.385783314704895,0.04043058305978775,0.09806772321462631,0.24728502333164215,0.01771606132388115,0.1515229493379593,0.1515229493379593,1.2951970100402832,1.9263923168182373,0.6183984279632568,0.9426351189613342,108.52703094482422,0.9889169335365295,-0.0011514532379806042,0.9889169335365295,1.1373766660690308,0.6860119700431824,1.0906200408935547
7,train,0,1.0,1.0,0,PVC_20_0,7,0.22499999403953552,5625.0,3.1103999614715576,0.6180073022842407,0.6848610043525696,0.6749767661094666,0.009884238243103027,0.18851186335086823,0.4864649176597595,0.05098029971122742,0.1241169422864914,0.3113676905632019,0.025219960138201714,0.178911954164505,0.178911954164505,1.2951970100402832,1.9263923168182373,0.6183984279632568,0.9472165703773499,109.44332122802734,0.9860251545906067,-0.0007150172023102641,0.9860251545906067,1.1373766660690308,0.6860119700431824,1.0906200408935547
8,train,0,1.0,1.0,0,PVC_20_0,8,0.25,6250.0,3.8399999141693115,0.8448036313056946,0.8430160880088806,0.830849289894104,0.012166807428002357,0.2327307164669037,0.5981185436248779,0.06267973780632019,0.15323080122470856,0.3822080194950104,0.03648537024855614,0.2057376205921173,0.2057376205921173,1.2951970100402832,1.9263923168182373,0.6183984279632568,0.9489527344703674,109.79054260253906,0.9828194975852966,-0.0003425478935241699,0.9828194975852966,1.1373766660690308,0.6860119700431824,1.0906200408935547
9,train,0,1.0,1.0,0,PVC_20_0,9,0.2750000059604645,6875.0,4.646399974822998,1.050018072128296,1.0167442560195923,1.0020700693130493,0.014674133621156216,0.28160417079925537,0.720465898513794,0.07550022751092911,0.1854092925786972,0.4595564007759094,0.055444035679101944,0.2318010926246643,0.2318010926246643,1.2951970100402832,1.9263923168182373,0.6183984279632568,0.9455310702323914,109.10620880126953,0.9793092608451843,-4.69796359539032e-05,0.9793092608451843,1.1373766660690308,0.6860119700431824,1.0906200408935547
10,train,0,1.0,1.0,0,PVC_20_0,10,0.30000001192092896,7500.0,5.529600143432617,1.2444380521774292,1.2057404518127441,1.1883386373519897,0.017401816323399544,0.3351322412490845,0.8532063961029053,0.08941105753183365,0.22065232694149017,0.5431429743766785,0.09599050879478455,0.25704047083854675,0.25704047083854675,1.2951970100402832,1.9263923168182373,0.6183984279632568,0.9301102161407471,106.02204132080078,0.9755045771598816,0.0001733396202325821,0.9755045771598816,1.1373766660690308,0.6860119700431824,1.0906200408935547
11,train,0,1.0,1.0,0,PVC_20_0,11,0.32499998807907104,8125.0,6.48960018157959,1.354056715965271,1.4096808433532715,1.3893356323242188,0.020345181226730347,0.3933148980140686,0.9960207939147949,0.10437973588705063,0.2589600384235382,0.6326810121536255,0.2500753104686737,0.28148239850997925,0.28148239850997925,1.2951970100402832,1.9263923168182373,0.6183984279632568,0.8688808679580688,93.77617645263672,0.9714167714118958,0.00032653287053108215,0.9714167714118958,1.1373766660690308,0.6860119700431824,1.0906200408935547
12,val,0,1.0,1.0,0,PVC_20_0,12,0.3499999940395355,8750.0,7.526400089263916,1.6986725330352783,1.6282235383987427,1.6047242879867554,0.023499293252825737,0.45615217089653015,1.1485720872879028,0.12037203460931778,0.30033236742019653,0.7278677225112915,0.5733868479728699,0.30520471930503845,0.30520471930503845,1.2951970100402832,1.9263923168182373,0.6183984279632568,0.778120756149292,75.62416076660156,0.9670581817626953,0.00042302344809286296,0.9670581817626953,1.1373766660690308,0.6860119700431824,1.0906200408935547
13,train,0,1.0,1.0,0,PVC_20_0,13,0.375,9375.0,8.640000343322754,1.9440239667892456,1.8610138893127441,1.8341548442840576,0.026859033852815628,0.5236441493034363,1.3105106353759766,0.13735248148441315,0.34476929903030396,0.8283888101577759,0.8262953162193298,0.3283105492591858,0.3283105492591858,1.2951970100402832,1.9263923168182373,0.6183984279632568,0.7271667718887329,65.43335723876953,0.9624419212341309,0.0004738028801511973,0.9624419212341309,1.1373766660690308,0.6860119700431824,1.0906200408935547
14,train,0,1.0,1.0,0,PVC_20_0,14,0.4000000059604645,10000.0,9.830400466918945,2.125422716140747,2.1076853275299072,2.077266216278076,0.030419113114476204,0.595790684223175,1.481475591659546,0.1552845537662506,0.39227089285850525,0.9339200854301453,1.0331017971038818,0.3509112596511841,0.3509112596511841,1.2951970100402832,1.9263923168182373,0.6183984279632568,0.6930793523788452,58.615875244140625,0.9575825333595276,0.0004887263639830053,0.9575825333595276,1.1373766660690308,0.6860119700431824,1.0906200408935547
15,train,0,1.0,1.0,0,PVC_20_0,15,0.42500001192092896,10625.0,11.097599983215332,2.3944380283355713,2.3678648471832275,2.333690643310547,0.03417414426803589,0.6725918054580688,1.6610987186431885,0.17413076758384705,0.4428369700908661,1.0441310405731201,1.2118146419525146,0.3731164038181305,0.3731164038181305,1.2951970100402832,1.9263923168182373,0.6183984279632568,0.6676045656204224,53.52091598510742,0.9524950981140137,0.00047638078103773296,0.9524950981140137,1.1373766660690308,0.6860119700431824,1.0906200408935547
16,train,0,1.0,1.0,0,PVC_20_0,16,0.44999998807907104,11250.0,12.44159984588623,2.6817269325256348,2.6411755084991455,2.6030569076538086,0.038118697702884674,0.7540474534034729,1.8490095138549805,0.19385318458080292,0.4964677691459656,1.1586885452270508,1.370949149131775,0.395028293132782,0.395028293132782,1.2951970100402832,1.9263923168182373,0.6183984279632568,0.6474189162254333,49.48377990722656,0.9471953511238098,0.0004443861253093928,0.9471953511238098,1.1373766660690308,0.6860119700431824,1.0906200408935547
17,train,0,1.0,1.0,0,PVC_20_0,17,0.4749999940395355,11875.0,13.86240005493164,2.9678232669830322,2.9272422790527344,2.8849949836730957,0.04224734753370285,0.8401579260826111,2.04483699798584,0.21441352367401123,0.5531631708145142,1.277260184288025,1.515420913696289,0.4167393147945404,0.4167393147945404,1.2951970100402832,1.9263923168182373,0.6183984279632568,0.6308286190032959,46.16572570800781,0.9416999816894531,0.0003979000903200358,0.9416999816894531,1.1373766660690308,0.6860119700431824,1.0906200408935547
18,train,0,1.0,1.0,0,PVC_20_0,18,0.5,12500.0,15.359999656677246,3.0878708362579346,3.2256898880004883,3.179135322570801,0.04655468463897705,0.9309228658676147,2.2482123374938965,0.2357732355594635,0.6129232048988342,1.3995158672332764,1.6484487056732178,0.4383312165737152,0.4383312165737152,1.2951970100402832,1.9263923168182373,0.6183984279632568,0.6168425679206848,43.36851501464844,0.9360259175300598,0.00034246034920215607,0.9360259175300598,1.1373766660690308,0.6860119700431824,1.0906200408935547
19,train,0,1.0,1.0,1,PVC_20_180,0,0.05000000074505806,1250.0,0.15360000729560852,0.30792152881622314,0.04208676517009735,0.04147934913635254,0.0006074161501601338,0.00930922944098711,0.032170120626688004,0.016412895172834396,8.172309939880051e-09,0.01575721800327301,0.013280894607305527,1.3017747316988583e-22,0.013280894607305527,1.2951970100402832,1.9263923168182373,0.6183984279632568,0.9950531721115112,119.01063537597656,0.9995971322059631,-0.00047070530126802623,0.9995971322059631,1.1373766660690308,0.6860119700431824,1.0906200408935547
20,val,0,1.0,1.0,1,PVC_20_180,1,0.07500000298023224,1875.0,0.3456000089645386,0.17357100546360016,0.09463862329721451,0.09327275305986404,0.001365869422443211,0.02094576507806778,0.07232698798179626,0.0368732325732708,1.838769492223946e-08,0.035453733056783676,0.030723044648766518,2.8289993467871503e-22,0.030723044648766518,1.2951970100402832,1.9263923168182373,0.6183984279632568,0.9886112809181213,117.72225952148438,0.9990943074226379,0.0010406185174360871,0.9990943074226379,1.1373766660690308,0.6860119700431824,1.0906200408935547
21,train,0,1.0,1.0,1,PVC_20_180,2,0.10000000149011612,2500.0,0.6144000291824341,0.34319770336151123,0.1681058257818222,0.16567964851856232,0.0024261828511953354,0.03723691776394844,0.12844273447990417,0.06541384011507034,3.2689239759520206e-08,0.06302887201309204,0.05678054317831993,4.807654095618108e-22,0.05678054317831993,1.2951970100402832,1.9263923168182373,0.6183984279632568,0.9791058301925659,115.8211669921875,0.9983915686607361,0.0010828427039086819,0.9983915686607361,1.1373766660690308,0.6860119700431824,1.0906200408935547
22,train,0,1.0,1.0,1,PVC_20_180,3,0.125,3125.0,0.9599999785423279,0.31932196021080017,0.2623835504055023,0.2585967183113098,0.0037868437357246876,0.05818267911672592,0.2004140317440033,0.1019313707947731,5.107693112904599e-08,0.09848260134458542,0.09318999201059341,7.104417698677035e-22,0.09318999201059341,1.2951970100402832,1.9263923168182373,0.6183984279632568,0.9660651087760925,113.21302032470703,0.9974901080131531,0.0006880218861624599,0.9974901080131531,1.1373766660690308,0.6860119700431824,1.0906200408935547
23,train,0,1.0,1.0,1,PVC_20_180,4,0.15000000596046448,3750.0,1.3824000358581543,0.31083568930625916,0.37733787298202515,0.37189194560050964,0.005445918533951044,0.08378306031227112,0.2881088852882385,0.14629386365413666,7.355077968895785e-08,0.1418149322271347,0.14211547374725342,3.0935381589327246e-21,0.14211547374725342,1.2951970100402832,1.9263923168182373,0.6183984279632568,0.9489836692810059,109.7967300415039,0.9963918328285217,0.00023245438933372498,0.9963918328285217,1.1373766660690308,0.6860119700431824,1.0906200408935547
24,train,0,1.0,1.0,1,PVC_20_180,5,0.17499999701976776,4375.0,1.881600022315979,0.5591400265693665,0.5128065347671509,0.5054054856300354,0.007401066832244396,0.11403804272413254,0.39136743545532227,0.19834144413471222,1.001107818865421e-07,0.1930258870124817,0.20557907223701477,4.078542853266631e-21,0.20557907223701477,1.2951970100402832,1.9263923168182373,0.6183984279632568,0.927563488483429,105.51270294189453,0.995098888874054,-0.0001519322395324707,0.995098888874054,1.1373766660690308,0.6860119700431824,1.0906200408935547
25,train,0,1.0,1.0,1,PVC_20_180,6,0.20000000298023224,5000.0,2.4576001167297363,0.6062102913856506,0.6685999631881714,0.6589503884315491,0.009649550542235374,0.14894767105579376,0.5100027322769165,0.2578870952129364,1.3075695903808082e-07,0.25211548805236816,0.28418269753456116,5.143182058862414e-21,0.28418269753456116,1.2951970100402832,1.9263923168182373,0.6183984279632568,0.9021280407905579,100.42560577392578,0.993614137172699,-0.00042874363134615123,0.993614137172699,1.1373766660690308,0.6860119700431824,1.0906200408935547
26,train,0,1.0,1.0,1,PVC_20_180,7,0.22499999403953552,5625.0,3.1103999614715576,0.8631705045700073,0.8445018529891968,0.832313597202301,0.012188250198960304,0.18851186335086823,0.643801748752594,0.3247179687023163,1.6548924008930044e-07,0.3190836012363434,0.3756729066371918,6.2701978720074416e-21,0.3756729066371918,1.2951970100402832,1.9263923168182373,0.6183984279632568,0.8739358186721802,94.78716278076172,0.991940975189209,-0.0005964636220596731,0.991940975189209,1.1373766660690308,0.6860119700431824,1.0906200408935547
27,train,0,1.0,1.0,1,PVC_20_180,8,0.25,6250.0,3.8399999141693115,1.0573121309280396,1.0402722358703613,1.0252585411071777,0.015013701282441616,0.2327307164669037,0.7925277948379517,0.39859721064567566,2.0430772451618395e-07,0.3939304053783417,0.47503334283828735,2.200904255082346e-21,0.47503334283828735,1.2951970100402832,1.9263923168182373,0.6183984279632568,0.8448962569236755,88.97925567626953,0.9900835156440735,-0.0006661935476586223,0.9900835156440735,1.1373766660690308,0.6860119700431824,1.0906200408935547
28,val,0,1.0,1.0,1,PVC_20_180,9,0.2750000059604645,6875.0,4.646399974822998,1.2427419424057007,1.2556475400924683,1.237525463104248,0.018122099339962006,0.28160417079925537,0.9559213519096375,0.4792652726173401,2.472123412644578e-07,0.47665584087371826,0.5766147971153259,2.6106018041597455e-21,0.5766147971153259,1.2951970100402832,1.9263923168182373,0.6183984279632568,0.8167735934257507,83.3547134399414,0.9880467057228088,-0.0006517021683976054,0.9880467057228088,1.1373766660690308,0.6860119700431824,1.0906200408935547
29,train,0,1.0,1.0,1,PVC_20_180,10,0.30000001192092896,7500.0,5.529600143432617,1.5060391426086426,1.490343689918518,1.468834400177002,0.02150934748351574,0.3351322412490845,1.1337021589279175,0.5664421319961548,2.942031187558314e-07,0.5672597289085388,0.6762266159057617,3.0584045913771367e-21,0.6762266159057617,1.2951970100402832,1.9263923168182373,0.6183984279632568,0.7906438708305359,78.12877655029297,0.9858362674713135,-0.0005660205497406423,0.9858362674713135,1.1373766660690308,0.6860119700431824,1.0906200408935547
30,train,0,1.0,1.0,1,PVC_20_180,11,0.32499998807907104,8125.0,6.48960018157959,1.597334623336792,1.7440590858459473,1.7188880443572998,0.02517108805477619,0.3933148980140686,1.3255730867385864,0.6598303318023682,3.4528005699030473e-07,0.6657423973083496,0.771656334400177,3.5438832744536875e-21,0.771656334400177,1.2951970100402832,1.9263923168182373,0.6183984279632568,0.766912579536438,73.38251495361328,0.9834585189819336,-0.00042127814958803356,0.9834585189819336,1.1373766660690308,0.6860119700431824,1.0906200408935547
31,train,0,1.0,1.0,1,PVC_20_180,12,0.3499999940395355,8750.0,7.526400089263916,1.9695085287094116,2.0164759159088135,1.9873732328414917,0.029102735221385956,0.45615217089653015,1.5312210321426392,0.759117066860199,4.004431275461684e-07,0.7721035480499268,0.8621596693992615,1.1680538468040135e-22,0.8621596693992615,1.2951970100402832,1.9263923168182373,0.6183984279632568,0.7455744743347168,69.1148910522461,0.9809208512306213,-0.00022692978382110596,0.9809208512306213,1.1373766660690308,0.6860119700431824,1.0906200408935547
32,train,0,1.0,1.0,1,PVC_20_180,13,0.375,9375.0,8.640000343322754,2.2906291484832764,2.307265281677246,2.273965835571289,0.03329954668879509,0.5236441493034363,1.750321626663208,0.8639776706695557,4.5969238726684125e-07,0.8863434195518494,0.9478147625923157,1.0756810115930194e-22,0.9478147625923157,1.2951970100402832,1.9263923168182373,0.6183984279632568,0.7264378666877747,65.2875747680664,0.9782314896583557,9.171664714813232e-06,0.9782314896583557,1.1373766660690308,0.6860119700431824,1.0906200408935547
33,train,0,1.0,1.0,1,PVC_20_180,14,0.4000000059604645,10000.0,9.830400466918945,2.650298833847046,2.6160888671875,2.5783321857452393,0.03775663301348686,0.595790684223175,1.982541561126709,0.9740790128707886,5.230278361523233e-07,1.0084619522094727,1.0290770530700684,9.475226058219414e-23,1.0290770530700684,1.2951970100402832,1.9263923168182373,0.6183984279632568,0.7092531323432922,61.850624084472656,0.9753993153572083,0.000279424712061882,0.9753993153572083,1.1373766660690308,0.6860119700431824,1.0906200408935547
34,train,0,1.0,1.0,1,PVC_20_180,15,0.42500001192092896,10625.0,11.097599983215332,2.8269872665405273,2.9426021575927734,2.9001331329345703,0.04246902838349342,0.6725918054580688,2.227541446685791,1.0890820026397705,5.904493036723579e-07,1.1384588479995728,1.1065337657928467,8.751692933370289e-23,1.1065337657928467,1.2951970100402832,1.9263923168182373,0.6183984279632568,0.6937710642814636,58.754215240478516,0.9724340438842773,0.0005779731436632574,0.9724340438842773,1.1373766660690308,0.6860119700431824,1.0906200408935547
35,train,0,1.0,1.0,1,PVC_20_180,16,0.44999998807907104,11250.0,12.44159984588623,3.2195968627929688,3.2864606380462646,3.2390289306640625,0.04743175581097603,0.7540474534034729,2.4849815368652344,1.208646535873413,6.619569603572018e-07,1.2763344049453735,1.1807831525802612,1.4413170314209997e-23,1.1807831525802612,1.2951970100402832,1.9263923168182373,0.6183984279632568,0.6797662973403931,55.95326232910156,0.9693460464477539,0.000900281360372901,0.9693460464477539,1.1373766660690308,0.6860119700431824,1.0906200408935547
36,val,0,1.0,1.0,1,PVC_20_180,17,0.4749999940395355,11875.0,13.86240005493164,3.643343448638916,3.6473214626312256,3.59468150138855,0.05263986811041832,0.8401579260826111,2.754523515701294,1.332434058189392,7.375508630502736e-07,1.4220887422561646,1.2523813247680664,2.179188649855603e-23,1.2523813247680664,1.2951970100402832,1.9263923168182373,0.6183984279632568,0.6670430302619934,53.408607482910156,0.9661459922790527,0.0012416852405294776,0.9661459922790527,1.1373766660690308,0.6860119700431824,1.0906200408935547
37,train,0,1.0,1.0,1,PVC_20_180,18,0.5,12500.0,15.359999656677246,4.037886619567871,4.024844169616699,3.9667558670043945,0.05808845907449722,0.9309228658676147,3.0358328819274902,1.4601105451583862,8.172308980647358e-07,1.5757216215133667,1.3218237161636353,7.380154498657305e-22,1.3218237161636353,1.2951970100402832,1.9263923168182373,0.6183984279632568,0.6554343104362488,51.08686828613281,0.9628455638885498,0.0015985597856342793,0.9628455638885498,1.1373766660690308,0.6860119700431824,1.0906200408935547
38,train,0,1.0,1.0,2,PVC_10_0,0,0.05000000074505806,1250.0,0.15360000729560852,0.004296653904020786,0.02267308533191681,0.022345855832099915,0.00032722868490964174,0.009483136236667633,0.012862718664109707,0.001392945647239685,0.003331421874463558,0.008138351142406464,0.00040676744538359344,0.006354009732604027,0.006354009732604027,1.3193926811218262,1.983363151550293,0.6269636154174805,0.9039982557296753,100.79964447021484,0.9992777705192566,0.0006696357158944011,0.9992777705192566,1.2018756866455078,0.7144202589988708,1.0955785512924194
39,train,0,1.0,1.0,2,PVC_10_0,1,0.07500000298023224,1875.0,0.3456000089645386,0.0044425735250115395,0.050981875509023666,0.05024608224630356,0.000735794601496309,0.021337052807211876,0.02890903130173683,0.0031305185984820127,0.0074956975877285,0.01828281581401825,0.0009348801104351878,0.013912936672568321,0.013912936672568321,1.3193926811218262,1.983363151550293,0.6269636154174805,0.9087178111076355,101.7435531616211,0.9983766078948975,-0.000942267186474055,0.9983766078948975,1.2018756866455078,0.7144202589988708,1.0955785512924194
40,val,0,1.0,1.0,2,PVC_10_0,2,0.10000000149011612,2500.0,0.6144000291824341,0.11792551726102829,0.09055360406637192,0.08924669027328491,0.0013069125125184655,0.03793254494667053,0.05131414160132408,0.005556418560445309,0.013325687497854233,0.032432034611701965,0.001714052981697023,0.02382538840174675,0.02382538840174675,1.3193926811218262,1.983363151550293,0.6269636154174805,0.91482013463974,102.96401977539062,0.9971181750297546,-0.0013799211010336876,0.9971181750297546,1.2018756866455078,0.7144202589988708,1.0955785512924194
41,val,0,1.0,1.0,2,PVC_10_0,3,0.125,3125.0,0.9599999785423279,0.3397746682167053,0.14132799208164215,0.1392882764339447,0.0020397123880684376,0.05926959589123726,0.08001868426799774,0.008664014749228954,0.020821385085582733,0.05053328722715378,0.0027921691071242094,0.035525012761354446,0.035525012761354446,1.3193926811218262,1.983363151550293,0.6269636154174805,0.9218372106552124,104.36743927001953,0.9955059885978699,-0.0011722476920112967,0.9955059885978699,1.2018756866455078,0.7144202589988708,1.0955785512924194
42,train,0,1.0,1.0,2,PVC_10_0,4,0.15000000596046448,3750.0,1.3824000358581543,0.16250543296337128,0.203228160738945,0.2002950757741928,0.0029330849647521973,0.0853482112288475,0.1149468645453453,0.012444883584976196,0.029982790350914,0.07251919060945511,0.004245518706738949,0.04842253029346466,0.04842253029346466,1.3193926811218262,1.983363151550293,0.6269636154174805,0.9292217493057251,105.84434509277344,0.9935440421104431,-0.0007181017426773906,0.9935440421104431,1.2018756866455078,0.7144202589988708,1.0955785512924194
43,train,0,1.0,1.0,2,PVC_10_0,5,0.17499999701976776,4375.0,1.881600022315979,0.17313167452812195,0.2761610448360443,0.2721753716468811,0.003985687159001827,0.11616840213537216,0.15600696206092834,0.016888899728655815,0.040809910744428635,0.09830814599990845,0.006197645794600248,0.06197976693511009,0.06197976693511009,1.3193926811218262,1.983363151550293,0.6269636154174805,0.9363734722137451,107.27469635009766,0.9912378787994385,-0.0002595372498035431,0.9912378787994385,1.2018756866455078,0.7144202589988708,1.0955785512924194
44,train,0,1.0,1.0,2,PVC_10_0,6,0.20000000298023224,5000.0,2.4576001167297363,0.32816481590270996,0.36001792550086975,0.35482197999954224,0.005195949226617813,0.15173017978668213,0.2030918002128601,0.021984299644827843,0.05330274999141693,0.12780475616455078,0.008858030661940575,0.07576147466897964,0.07576147466897964,1.3193926811218262,1.983363151550293,0.6269636154174805,0.9426351189613342,108.52703094482422,0.9885938763618469,8.913129568099976e-05,0.9885938763618469,1.2018756866455078,0.7144202589988708,1.0955785512924194
45,val,0,1.0,1.0,2,PVC_10_0,7,0.22499999403953552,5625.0,3.1103999614715576,0.4748879671096802,0.4546750485897064,0.44811296463012695,0.006562085822224617,0.19203348457813263,0.2560794949531555,0.027717800810933113,0.0674612820148468,0.16090041399002075,0.012609980069100857,0.0894559770822525,0.0894559770822525,1.3193926811218262,1.983363151550293,0.6269636154174805,0.9472165703773499,109.44332122802734,0.9856194853782654,0.0002929195761680603,0.9856194853782654,1.2018756866455078,0.7144202589988708,1.0955785512924194
46,train,0,1.0,1.0,2,PVC_10_0,8,0.25,6250.0,3.8399999141693115,0.5574852824211121,0.5599948763847351,0.551912784576416,0.008082111366093159,0.23707838356494904,0.3148344159126282,0.03407472372055054,0.08328554034233093,0.1974741518497467,0.01824268512427807,0.10286881029605865,0.10286881029605865,1.3193926811218262,1.983363151550293,0.6269636154174805,0.9489527344703674,109.79054260253906,0.9823229908943176,0.00036208328674547374,0.9823229908943176,1.2018756866455078,0.7144202589988708,1.0955785512924194
47,train,0,1.0,1.0,2,PVC_10_0,9,0.2750000059604645,6875.0,4.646399974822998,0.5972995758056641,0.6758267879486084,0.6660729646682739,0.009753852151334286,0.28686484694480896,0.3792080879211426,0.04103909432888031,0.10077549517154694,0.23739349842071533,0.027722017839550972,0.11590054631233215,0.11590054631233215,1.3193926811218262,1.983363151550293,0.6269636154174805,0.9455310702323914,109.10620880126953,0.978714644908905,0.0003245025873184204,0.978714644908905,1.2018756866455078,0.7144202589988708,1.0955785512924194
48,train,0,1.0,1.0,2,PVC_10_0,10,0.30000001192092896,7500.0,5.529600143432617,0.7768981456756592,0.8020082712173462,0.7904332876205444,0.011574963107705116,0.34139284491539,0.44904041290283203,0.04859379678964615,0.119931161403656,0.2805154621601105,0.04799525439739227,0.12852023541927338,0.12852023541927338,1.3193926811218262,1.983363151550293,0.6269636154174805,0.9301102161407471,106.02204132080078,0.974804699420929,0.00020974688231945038,0.974804699420929,1.2018756866455078,0.7144202589988708,1.0955785512924194
49,train,0,1.0,1.0,2,PVC_10_0,11,0.32499998807907104,8125.0,6.48960018157959,0.982464611530304,0.9383665323257446,0.9248235821723938,0.01354295015335083,0.4006624221801758,0.524161159992218,0.05672071501612663,0.14075255393981934,0.32668787240982056,0.12503765523433685,0.14074119925498962,0.14074119925498962,1.3193926811218262,1.983363151550293,0.6269636154174805,0.8688808679580688,93.77617645263672,0.9706055521965027,4.4362619519233704e-05,0.9706055521965027,1.2018756866455078,0.7144202589988708,1.0955785512924194
50,train,0,1.0,1.0,2,PVC_10_0,12,0.3499999940395355,8750.0,7.526400089263916,1.096636176109314,1.084720253944397,1.0690650939941406,0.015655197203159332,0.46467360854148865,0.6043914556503296,0.06540083885192871,0.16323964297771454,0.37575095891952515,0.28669342398643494,0.15260235965251923,0.15260235965251923,1.3193926811218262,1.983363151550293,0.6269636154174805,0.778120756149292,75.62416076660156,0.9661300182342529,-0.0001513417810201645,0.9661300182342529,1.2018756866455078,0.7144202589988708,1.0955785512924194
51,train,0,1.0,1.0,2,PVC_10_0,13,0.375,9375.0,8.640000343322754,1.2108826637268066,1.2408807277679443,1.222971796989441,0.017908979207277298,0.5334264039993286,0.6895453929901123,0.07461446523666382,0.187392458319664,0.4275384545326233,0.4131476581096649,0.1641552746295929,0.1641552746295929,1.3193926811218262,1.983363151550293,0.6269636154174805,0.7271667718887329,65.43335723876953,0.9613924026489258,-0.000362206221325323,0.9613924026489258,1.2018756866455078,0.7144202589988708,1.0955785512924194
52,train,0,1.0,1.0,2,PVC_10_0,14,0.4000000059604645,10000.0,9.830400466918945,1.3690028190612793,1.4066537618637085,1.386352300643921,0.020301492884755135,0.6069207191467285,0.7794315814971924,0.08434128761291504,0.21321099996566772,0.481879323720932,0.5165508985519409,0.17545562982559204,0.17545562982559204,1.3193926811218262,1.983363151550293,0.6269636154174805,0.6930793523788452,58.615875244140625,0.9564076066017151,-0.0005783400847576559,0.9564076066017151,1.2018756866455078,0.7144202589988708,1.0955785512924194
53,train,0,1.0,1.0,2,PVC_10_0,15,0.42500001192092896,10625.0,11.097599983215332,1.6664570569992065,1.581842064857483,1.5590121746063232,0.022829893976449966,0.685156524181366,0.8738556504249573,0.09456056356430054,0.24069522321224213,0.5385998487472534,0.6059073209762573,0.18655820190906525,0.18655820190906525,1.3193926811218262,1.983363151550293,0.6269636154174805,0.6676045656204224,53.52091598510742,0.9511917233467102,-0.000792696897406131,0.9511917233467102,1.2018756866455078,0.7144202589988708,1.0955785512924194
54,train,0,1.0,1.0,2,PVC_10_0,16,0.44999998807907104,11250.0,12.44159984588623,1.7020379304885864,1.7662469148635864,1.740755558013916,0.02549131028354168,0.7681339383125305,0.9726215600967407,0.10525128990411758,0.2698451280593872,0.5975251197814941,0.6854745745658875,0.197514146566391,0.197514146566391,1.3193926811218262,1.983363151550293,0.6269636154174805,0.6474189162254333,49.48377990722656,0.9457616806030273,-0.0010010447585955262,0.9457616806030273,1.2018756866455078,0.7144202589988708,1.0955785512924194
55,val,0,1.0,1.0,2,PVC_10_0,17,0.4749999940395355,11875.0,13.86240005493164,1.914313793182373,1.9596699476242065,1.9313870668411255,0.028282884508371353,0.8558529615402222,1.0755341053009033,0.11639227718114853,0.3006608188152313,0.6584809422492981,0.7577104568481445,0.2083696573972702,0.2083696573972702,1.3193926811218262,1.983363151550293,0.6269636154174805,0.6308286190032959,46.16572570800781,0.9401347041130066,-0.0012009957572445273,0.9401347041130066,1.2018756866455078,0.7144202589988708,1.0955785512924194
56,train,0,1.0,1.0,2,PVC_10_0,18,0.5,12500.0,15.359999656677246,2.087332010269165,2.161914825439453,2.1307129859924316,0.03120177797973156,0.9483135342597961,1.1823995113372803,0.12796229124069214,0.33314216136932373,0.7212949991226196,0.8242243528366089,0.2191656082868576,0.2191656082868576,1.3193926811218262,1.983363151550293,0.6269636154174805,0.6168425679206848,43.36851501464844,0.9343287348747253,-0.0013909032568335533,0.9343287348747253,1.2018756866455078,0.7144202589988708,1.0955785512924194
57,val,0,1.0,1.0,3,PVC_10_180,0,0.05000000074505806,1250.0,0.15360000729560852,0.1761522889137268,0.02694852650165558,0.02655959315598011,0.0003889338986482471,0.009483136236667633,0.017076456919312477,0.008927963674068451,4.441895740114887e-09,0.008148488588631153,0.006640447303652763,6.508873658494291e-23,0.006640447303652763,1.3193926811218262,1.983363151550293,0.6269636154174805,0.9950531721115112,119.01063537597656,0.9995853304862976,-0.0032720225863158703,0.9995853304862976,1.2018756866455078,0.7144202589988708,1.0955785512924194
58,val,0,1.0,1.0,3,PVC_10_180,1,0.07500000298023224,1875.0,0.3456000089645386,0.1749381422996521,0.06060248240828514,0.05972784012556076,0.0008746437379159033,0.021337052807211876,0.038390785455703735,0.020056676119565964,9.994264082990867e-09,0.018334098160266876,0.015361522324383259,1.4144996733935752e-22,0.015361522324383259,1.3193926811218262,1.983363151550293,0.6269636154174805,0.9886112809181213,117.72225952148438,0.9990675449371338,-0.001009229221381247,0.9990675449371338,1.2018756866455078,0.7144202589988708,1.0955785512924194
59,train,0,1.0,1.0,3,PVC_10_180,2,0.10000000149011612,2500.0,0.6144000291824341,0.10751472413539886,0.10765901207923889,0.10610522329807281,0.0015537857543677092,0.03793254494667053,0.06817267835140228,0.035578709095716476,1.776758296045955e-08,0.03259395435452461,0.028390271589159966,2.403827047809054e-22,0.028390271589159966,1.3193926811218262,1.983363151550293,0.6269636154174805,0.9791058301925659,115.8211669921875,0.9983441233634949,-0.00024340301752090454,0.9983441233634949,1.2018756866455078,0.7144202589988708,1.0955785512924194
60,train,0,1.0,1.0,3,PVC_10_180,3,0.125,3125.0,0.9599999785423279,0.198393777012825,0.16805939376354218,0.165633887052536,0.0024255127646028996,0.05926959589123726,0.10636429488658905,0.05543622002005577,2.7761846155271996e-08,0.05092805251479149,0.04659499600529671,3.5522088493385176e-22,0.04659499600529671,1.3193926811218262,1.983363151550293,0.6269636154174805,0.9660651087760925,113.21302032470703,0.9974161982536316,-3.516301512718201e-05,0.9974161982536316,1.2018756866455078,0.7144202589988708,1.0955785512924194
61,train,0,1.0,1.0,3,PVC_10_180,4,0.15000000596046448,3750.0,1.3824000358581543,0.27636855840682983,0.24172869324684143,0.23823994398117065,0.003488742746412754,0.0853482112288475,0.15289172530174255,0.07955530285835266,3.997705633196347e-08,0.0733363926410675,0.07105773687362671,1.5467690794663623e-21,0.07105773687362671,1.3193926811218262,1.983363151550293,0.6269636154174805,0.9489836692810059,109.7967300415039,0.9962857365608215,-5.104579031467438e-05,0.9962857365608215,1.2018756866455078,0.7144202589988708,1.0955785512924194
62,train,0,1.0,1.0,3,PVC_10_180,5,0.17499999701976776,4375.0,1.881600022315979,0.3855060040950775,0.32857608795166016,0.3238339126110077,0.004742165561765432,0.11616840213537216,0.20766550302505493,0.10784647613763809,5.441321704324764e-08,0.09981897473335266,0.10278953611850739,2.0392714266333154e-21,0.10278953611850739,1.3193926811218262,1.983363151550293,0.6269636154174805,0.927563488483429,105.51270294189453,0.9949551224708557,-0.0001554638147354126,0.9949551224708557,1.2018756866455078,0.7144202589988708,1.0955785512924194
63,train,0,1.0,1.0,3,PVC_10_180,6,0.20000000298023224,5000.0,2.4576001167297363,0.4729076027870178,0.42849549651145935,0.4223112463951111,0.006184249650686979,0.15173017978668213,0.27058106660842896,0.14020518958568573,7.10703318418382e-08,0.13037581741809845,0.14209134876728058,2.571591029431207e-21,0.14209134876728058,1.3193926811218262,1.983363151550293,0.6269636154174805,0.9021280407905579,100.42560577392578,0.9934273362159729,-0.0002842620015144348,0.9934273362159729,1.2018756866455078,0.7144202589988708,1.0955785512924194
64,val,0,1.0,1.0,3,PVC_10_180,7,0.22499999403953552,5625.0,3.1103999614715576,0.585237979888916,0.5413661003112793,0.5335528254508972,0.007813251577317715,0.19203348457813263,0.3415193557739258,0.17651240527629852,8.99483723060257e-08,0.1650068759918213,0.1878364533185959,3.1350989360037208e-21,0.1878364533185959,1.3193926811218262,1.983363151550293,0.6269636154174805,0.8739358186721802,94.78716278076172,0.9917060732841492,-0.00040181350777857006,0.9917060732841492,1.2018756866455078,0.7144202589988708,1.0955785512924194
65,val,0,1.0,1.0,3,PVC_10_180,8,0.25,6250.0,3.8399999141693115,0.6845232844352722,0.667053759098053,0.6574265360832214,0.009627236053347588,0.23707838356494904,0.4203481674194336,0.2166358381509781,1.1104738462108799e-07,0.20371221005916595,0.23751667141914368,1.100452127541173e-21,0.23751667141914368,1.3193926811218262,1.983363151550293,0.6269636154174805,0.8448962569236755,88.97925567626953,0.9897956848144531,-0.0004875696904491633,0.9897956848144531,1.2018756866455078,0.7144202589988708,1.0955785512924194
66,train,0,1.0,1.0,3,PVC_10_180,9,0.2750000059604645,6875.0,4.646399974822998,0.8764917254447937,0.8054113388061523,0.7937872409820557,0.011624077335000038,0.28686484694480896,0.5069223642349243,0.2604304552078247,1.343673261544609e-07,0.24649176001548767,0.28830739855766296,1.3053009020798728e-21,0.28830739855766296,1.3193926811218262,1.983363151550293,0.6269636154174805,0.8167735934257507,83.3547134399414,0.987701416015625,-0.0005296952440403402,0.987701416015625,1.2018756866455078,0.7144202589988708,1.0955785512924194
67,train,0,1.0,1.0,3,PVC_10_180,10,0.30000001192092896,7500.0,5.529600143432617,0.9029657244682312,0.9562802910804749,0.9424787759780884,0.01380148995667696,0.34139284491539,0.601085901260376,0.30774015188217163,1.5990822532785387e-07,0.29334557056427,0.33811330795288086,1.5292022956885683e-21,0.33811330795288086,1.3193926811218262,1.983363151550293,0.6269636154174805,0.7906438708305359,78.12877655029297,0.9854292869567871,-0.0005226246430538595,0.9854292869567871,1.2018756866455078,0.7144202589988708,1.0955785512924194
68,val,0,1.0,1.0,3,PVC_10_180,11,0.32499998807907104,8125.0,6.48960018157959,1.0138746500015259,1.1194926500320435,1.1033356189727783,0.01615704782307148,0.4006624221801758,0.7026731967926025,0.3583993911743164,1.876700679304122e-07,0.3442735970020294,0.3858281672000885,1.7719416372268438e-21,0.3858281672000885,1.3193926811218262,1.983363151550293,0.6269636154174805,0.766912579536438,73.38251495361328,0.9829863905906677,-0.0004642940766643733,0.9829863905906677,1.2018756866455078,0.7144202589988708,1.0955785512924194
69,train,0,1.0,1.0,3,PVC_10_180,12,0.3499999940395355,8750.0,7.526400089263916,1.313947081565857,1.2948719263076782,1.2761837244033813,0.018688205629587173,0.46467360854148865,0.8115100860595703,0.41223394870758057,2.1765286817299057e-07,0.39927589893341064,0.43107983469963074,5.840269234020067e-23,0.43107983469963074,1.3193926811218262,1.983363151550293,0.6269636154174805,0.7455744743347168,69.1148910522461,0.9803802967071533,-0.0003556832380127162,0.9803802967071533,1.2018756866455078,0.7144202589988708,1.0955785512924194
70,train,0,1.0,1.0,3,PVC_10_180,13,0.375,9375.0,8.640000343322754,1.5928974151611328,1.4822351932525635,1.4608428478240967,0.021392319351434708,0.5334264039993286,0.9274164438247681,0.46906375885009766,2.4985658342302486e-07,0.4583524763584137,0.47390738129615784,5.378405057965097e-23,0.47390738129615784,1.3193926811218262,1.983363151550293,0.6269636154174805,0.7264378666877747,65.2875747680664,0.9776198267936707,-0.00020051002502441406,0.9776198267936707,1.2018756866455078,0.7144202589988708,1.0955785512924194
71,train,0,1.0,1.0,3,PVC_10_180,14,0.4000000059604645,10000.0,9.830400466918945,1.7449835538864136,1.6813948154449463,1.657128095626831,0.024266686290502548,0.6069207191467285,1.0502073764801025,0.5287037491798401,2.842813273673528e-07,0.5215032696723938,0.5145385265350342,4.737613029109707e-23,0.5145385265350342,1.3193926811218262,1.983363151550293,0.6269636154174805,0.7092531323432922,61.850624084472656,0.974714457988739,-1.9222497940063477e-06,0.974714457988739,1.2018756866455078,0.7144202589988708,1.0955785512924194
72,train,0,1.0,1.0,3,PVC_10_180,15,0.42500001192092896,10625.0,11.097599983215332,1.9275760650634766,1.8921607732772827,1.8648521900177002,0.02730855904519558,0.685156524181366,1.1796956062316895,0.5909669995307922,3.209269436865725e-07,0.5887282490730286,0.5532668828964233,4.3758464666851443e-23,0.5532668828964233,1.3193926811218262,1.983363151550293,0.6269636154174805,0.6937710642814636,58.754215240478516,0.9716745018959045,0.00023421645164489746,0.9716745018959045,1.2018756866455078,0.7144202589988708,1.0955785512924194
73,train,0,1.0,1.0,3,PVC_10_180,16,0.44999998807907104,11250.0,12.44159984588623,2.2017436027526855,2.114342212677002,2.083827018737793,0.030515188351273537,0.7681339383125305,1.3156931400299072,0.6556653380393982,3.597934892241028e-07,0.6600275039672852,0.5903915762901306,7.206585157104998e-24,0.5903915762901306,1.3193926811218262,1.983363151550293,0.6269636154174805,0.6797662973403931,55.95326232910156,0.9685109257698059,0.0005040764226578176,0.9685109257698059,1.2018756866455078,0.7144202589988708,1.0955785512924194
74,val,0,1.0,1.0,3,PVC_10_180,17,0.4749999940395355,11875.0,13.86240005493164,2.481191635131836,2.3477509021759033,2.3138670921325684,0.03388385474681854,0.8558529615402222,1.4580142498016357,0.7226126194000244,4.008810776667815e-07,0.7354011535644531,0.6261906623840332,1.0895943249278015e-23,0.6261906623840332,1.3193926811218262,1.983363151550293,0.6269636154174805,0.6670430302619934,53.408607482910156,0.96523517370224,0.0008032767218537629,0.96523517370224,1.2018756866455078,0.7144202589988708,1.0955785512924194
75,train,0,1.0,1.0,3,PVC_10_180,18,0.5,12500.0,15.359999656677246,2.5872838497161865,2.59220027923584,2.55478835105896,0.03741186112165451,0.9483135342597961,1.606474757194519,0.7916254997253418,4.4418953848435194e-07,0.8148488402366638,0.6609118580818176,3.6900772493286525e-22,0.6609118580818176,1.3193926811218262,1.983363151550293,0.6269636154174805,0.6554343104362488,51.08686828613281,0.9618592262268066,0.0011258511804044247,0.9618592262268066,1.2018756866455078,0.7144202589988708,1.0955785512924194
76,val,0,1.0,1.0,8,guijiao_20_0,0,0.05000000074505806,1250.0,4.0,0.03274283930659294,0.022948022931814194,0.023065980523824692,-0.0001179584432975389,0.00762885482981801,0.015437126159667969,0.005577630829066038,0.0014093751087784767,0.008450119756162167,0.01904510147869587,0.008109244517982006,0.008109244517982006,1.0614057779312134,1.1686310768127441,0.47480541467666626,0.6207086443901062,44.14173126220703,0.9873871803283691,0.0009156835731118917,0.9873871803283691,0.6486431360244751,0.33866649866104126,0.9826974868774414
77,train,0,1.0,1.0,8,guijiao_20_0,1,0.07500000298023224,1875.0,9.0,0.1314956545829773,0.05089486390352249,0.05115647614002228,-0.0002616120327729732,0.0171649232506752,0.033991552889347076,0.012254804372787476,0.003171093761920929,0.018565652891993523,0.03737829253077507,0.012877439148724079,0.012877439148724079,1.0614057779312134,1.1686310768127441,0.47480541467666626,0.5476172566413879,29.523452758789062,0.9720129370689392,-4.548020660877228e-05,0.9720129370689392,0.6486431360244751,0.33866649866104126,0.9826974868774414
78,train,0,1.0,1.0,8,guijiao_20_0,2,0.10000000149011612,2500.0,16.0,0.1263606995344162,0.08871550112962723,0.08917152136564255,-0.0004560193629004061,0.03051541931927204,0.058656103909015656,0.021082429215312004,0.005637500435113907,0.031936176121234894,0.05183761939406395,0.01717318408191204,0.01717318408191204,1.0614057779312134,1.1686310768127441,0.47480541467666626,0.5097271203994751,21.9454288482666,0.9513483047485352,-0.0004864558286499232,0.9513483047485352,0.6486431360244751,0.33866649866104126,0.9826974868774414
79,train,0,1.0,1.0,8,guijiao_20_0,3,0.125,3125.0,25.0,0.10596927255392075,0.13529141247272491,0.13598684966564178,-0.0006954309646971524,0.047680340707302094,0.08830650895833969,0.03161695972084999,0.008808594197034836,0.047880955040454865,0.06461422890424728,0.02142789214849472,0.02142789214849472,1.0614057779312134,1.1686310768127441,0.47480541467666626,0.48791635036468506,17.583267211914062,0.9264206886291504,-0.000622827501501888,0.9264206886291504,0.6486431360244751,0.33866649866104126,0.9826974868774414
80,val,0,1.0,1.0,8,guijiao_20_0,4,0.15000000596046448,3750.0,36.0,0.2565729320049286,0.18946431577205658,0.19043821096420288,-0.0009738929220475256,0.0686596930027008,0.12177851796150208,0.043402817100286484,0.012684375047683716,0.06569132953882217,0.07707758992910385,0.02586590126156807,0.02586590126156807,1.0614057779312134,1.1686310768127441,0.47480541467666626,0.47369226813316345,14.738452911376953,0.8985666632652283,-0.0006203762604855001,0.8985666632652283,0.6486431360244751,0.33866649866104126,0.9826974868774414
81,train,0,1.0,1.0,8,guijiao_20_0,5,0.17499999701976776,4375.0,49.0,0.34047091007232666,0.2502005398273468,0.2514866292476654,-0.0012860918650403619,0.09345345944166183,0.15803317725658417,0.05603725090622902,0.017264844849705696,0.0847310796380043,0.08983232080936432,0.030577916651964188,0.030577916651964188,1.0614057779312134,1.1686310768127441,0.47480541467666626,0.4635932743549347,12.71865463256836,0.8692300915718079,-0.0005634687258861959,0.8692300915718079,0.6486431360244751,0.33866649866104126,0.9826974868774414
82,train,0,1.0,1.0,8,guijiao_20_0,6,0.20000000298023224,5000.0,64.0,0.37226971983909607,0.3166949152946472,0.3183228075504303,-0.0016278893454000354,0.12206167727708817,0.19626112282276154,0.0692082941532135,0.022550001740455627,0.10450282692909241,0.1031419187784195,0.0355924554169178,0.0355924554169178,1.0614057779312134,1.1686310768127441,0.47480541467666626,0.45599478483200073,11.198957443237305,0.8397184014320374,-0.00048762556980364025,0.8397184014320374,0.6486431360244751,0.33866649866104126,0.9826974868774414
83,train,0,1.0,1.0,8,guijiao_20_0,7,0.22499999403953552,5625.0,81.0,0.4480170011520386,0.3883906304836273,0.39038705825805664,-0.0019964228849858046,0.15448428690433502,0.23590275645256042,0.08269916474819183,0.02853984199464321,0.12466374784708023,0.11711513996124268,0.04091043025255203,0.04091043025255203,1.0614057779312134,1.1686310768127441,0.47480541467666626,0.45003658533096313,10.007320404052734,0.811032235622406,-0.0004039816267322749,0.811032235622406,0.6486431360244751,0.33866649866104126,0.9826974868774414
84,train,0,1.0,1.0,8,guijiao_20_0,8,0.25,6250.0,100.0,0.5355852842330933,0.46493709087371826,0.46732696890830994,-0.002389890141785145,0.19072136282920837,0.27660560607910156,0.09637009352445602,0.03523437678813934,0.1450011283159256,0.1317870318889618,0.046520885080099106,0.046520885080099106,1.0614057779312134,1.1686310768127441,0.47480541467666626,0.4452192783355713,9.043856620788574,0.7838144302368164,-0.0003151334822177887,0.7838144302368164,0.6486431360244751,0.33866649866104126,0.9826974868774414
85,train,0,1.0,1.0,8,guijiao_20_0,9,0.2750000059604645,6875.0,121.0,0.537065327167511,0.5461242198944092,0.5489314198493958,-0.0028072118293493986,0.23077283799648285,0.3181585967540741,0.11013414710760117,0.04263359308242798,0.16539084911346436,0.14715644717216492,0.052408237010240555,0.052408237010240555,1.0614057779312134,1.1686310768127441,0.47480541467666626,0.4412316679954529,8.246335983276367,0.7583958506584167,-0.0002187080681324005,0.7583958506584167,0.6486431360244751,0.33866649866104126,0.9826974868774414
86,train,0,1.0,1.0,8,guijiao_20_0,10,0.30000001192092896,7500.0,144.0,0.6555957198143005,0.6318246126174927,0.6350723505020142,-0.0032477329950779676,0.2746387720108032,0.36043357849121094,0.12393736839294434,0.05073750019073486,0.18575870990753174,0.16320447623729706,0.05855567753314972,0.05855567753314972,1.0614057779312134,1.1686310768127441,0.47480541467666626,0.43786895275115967,7.573787689208984,0.7348806858062744,-0.00011361762881278992,0.7348806858062744,0.6486431360244751,0.33866649866104126,0.9826974868774414
87,train,0,1.0,1.0,8,guijiao_20_0,11,0.32499998807907104,8125.0,169.0,0.7337173223495483,0.7219500541687012,0.725661039352417,-0.003710999619215727,0.32231906056404114,0.40334197878837585,0.1377454549074173,0.0595460943877697,0.20605042576789856,0.17990387976169586,0.064946748316288,0.064946748316288,1.0614057779312134,1.1686310768127441,0.47480541467666626,0.43499016761779785,6.998030662536621,0.7132293581962585,2.430751919746399e-06,0.7132293581962585,0.6486431360244751,0.33866649866104126,0.9826974868774414
88,train,0,1.0,1.0,8,guijiao_20_0,12,0.3499999940395355,8750.0,196.0,0.7751927375793457,0.81642085313797,0.8206174373626709,-0.00419660285115242,0.37381383776664734,0.44680359959602356,0.1515362560749054,0.06905937939882278,0.22620797157287598,0.19722402095794678,0.07156606018543243,0.07156606018543243,1.0614057779312134,1.1686310768127441,0.47480541467666626,0.4324948787689209,6.498973846435547,0.6933190226554871,0.0001293439418077469,0.6933190226554871,0.6486431360244751,0.33866649866104126,0.9826974868774414
89,val,0,1.0,1.0,8,guijiao_20_0,13,0.375,9375.0,225.0,0.7986027598381042,0.9151332378387451,0.919837236404419,-0.004704008344560862,0.42912307381629944,0.4907141327857971,0.16529518365859985,0.07927734404802322,0.24614162743091583,0.2151336669921875,0.07839954644441605,0.07839954644441605,1.0614057779312134,1.1686310768127441,0.47480541467666626,0.43030932545661926,6.06186580657959,0.6749770641326904,0.0002681482583284378,0.6749770641326904,0.6486431360244751,0.33866649866104126,0.9826974868774414
90,val,0,1.0,1.0,8,guijiao_20_0,14,0.4000000059604645,10000.0,256.0,0.884392499923706,1.0179029703140259,1.0231351852416992,-0.005232269875705242,0.48824670910835266,0.534888505935669,0.17901265621185303,0.09020000696182251,0.265675812959671,0.23360233008861542,0.08543454110622406,0.08543454110622406,1.0614057779312134,1.1686310768127441,0.47480541467666626,0.42837801575660706,5.675602912902832,0.6579853892326355,0.00041746904025785625,0.6579853892326355,0.6486431360244751,0.33866649866104126,0.9826974868774414
91,val,0,1.0,1.0,8,guijiao_20_0,15,0.42500001192092896,10625.0,289.0,1.0040017366409302,1.1225109100341797,1.1282808780670166,-0.005769980605691671,0.5511847138404846,0.5770962238311768,0.19268211722373962,0.10001012682914734,0.2844039499759674,0.2526010274887085,0.09265967458486557,0.09265967458486557,1.0614057779312134,1.1686310768127441,0.47480541467666626,0.4266582429409027,5.331648349761963,0.6360904574394226,0.0005770194693468511,0.6360904574394226,0.6486431360244751,0.33866649866104126,0.9826974868774414
92,train,0,1.0,1.0,8,guijiao_20_0,16,0.44999998807907104,11250.0,324.0,1.018639326095581,1.226672649383545,1.232978105545044,-0.006305397488176823,0.6179371476173401,0.6150410175323486,0.20629899203777313,0.10757868736982346,0.30116337537765503,0.2721027135848999,0.10006482899188995,0.10006482899188995,1.0614057779312134,1.1686310768127441,0.47480541467666626,0.4251165986061096,5.02332067489624,0.607340395450592,0.0007453187135979533,0.607340395450592,0.6486431360244751,0.33866649866104126,0.9826974868774414
93,train,0,1.0,1.0,8,guijiao_20_0,17,0.4749999940395355,11875.0,361.0,1.1686152219772339,1.3277393579483032,1.334564208984375,-0.006824904587119818,0.6885040998458862,0.646060049533844,0.2198595404624939,0.11511362344026566,0.31108689308166504,0.2920822501182556,0.10764095932245255,0.10764095932245255,1.0614057779312134,1.1686310768127441,0.47480541467666626,0.42372652888298035,4.74530553817749,0.5779035091400146,0.0009220091160386801,0.5779035091400146,0.6486431360244751,0.33866649866104126,0.9826974868774414
94,train,0,1.0,1.0,8,guijiao_20_0,18,0.5,12500.0,400.0,1.143523097038269,1.3992531299591064,1.4064456224441528,-0.007192503195255995,0.7628854513168335,0.6435601711273193,0.23335997760295868,0.12262394279241562,0.28757625818252563,0.31251654028892517,0.11538002640008926,0.11538002640008926,1.0614057779312134,1.1686310768127441,0.47480541467666626,0.42246657609939575,4.493317604064941,0.5381374955177307,0.0011053751222789288,0.5381374955177307,0.6486431360244751,0.33866649866104126,0.9826974868774414
95,train,0,1.0,1.0,9,guijiao_20_180,0,0.05000000074505806,1250.0,4.0,0.08496236801147461,0.021707985550165176,0.021819569170475006,-0.00011158434790559113,0.00762885482981801,0.014190714806318283,0.005577630829066038,1.879166822149614e-09,0.008613081648945808,0.01904510147869587,3.115521200628112e-22,0.01904510147869587,1.0614057779312134,1.1686310768127441,0.47480541467666626,0.838975191116333,87.79503631591797,0.993694007396698,0.0008070392650552094,0.993694007396698,0.6486431360244751,0.33866649866104126,0.9826974868774414
96,val,0,1.0,1.0,9,guijiao_20_180,1,0.07500000298023224,1875.0,9.0,0.20686888694763184,0.04854960739612579,0.04879916459321976,-0.00024955684784799814,0.0171649232506752,0.031634241342544556,0.012254804372787476,4.2281249612585725e-09,0.01937943324446678,0.03737829253077507,3.9326089374331247e-22,0.03737829253077507,1.0614057779312134,1.1686310768127441,0.47480541467666626,0.7209258079528809,64.1851577758789,0.9860102534294128,0.0007028448162600398,0.9860102534294128,0.6486431360244751,0.33866649866104126,0.9826974868774414
97,train,0,1.0,1.0,9,guijiao_20_180,2,0.10000000149011612,2500.0,16.0,0.23048630356788635,0.08561012893915176,0.08605018258094788,-0.00044005695963278413,0.03051541931927204,0.055534765124320984,0.021082429215312004,7.516667288598455e-09,0.034452326595783234,0.05183761939406395,7.925297521407882e-22,0.05183761939406395,1.0614057779312134,1.1686310768127441,0.47480541467666626,0.6509374380111694,50.1874885559082,0.9756925702095032,7.09928572177887e-05,0.9756925702095032,0.6486431360244751,0.33866649866104126,0.9826974868774414
98,train,0,1.0,1.0,9,guijiao_20_180,3,0.125,3125.0,25.0,0.37194958329200745,0.1324482411146164,0.1331290602684021,-0.0006808163598179817,0.047680340707302094,0.0854487270116806,0.03161695972084999,1.1744792693946238e-08,0.053831759840250015,0.06461422890424728,6.314029432525771e-23,0.06461422890424728,1.0614057779312134,1.1686310768127441,0.47480541467666626,0.6060657501220703,41.2131462097168,0.9632688164710999,-0.00038990002940408885,0.9632688164710999,0.6486431360244751,0.33866649866104126,0.9826974868774414
99,train,0,1.0,1.0,9,guijiao_20_180,4,0.15000000596046448,3750.0,36.0,0.4915699362754822,0.1886107623577118,0.1895802617073059,-0.0009695054031908512,0.0686596930027008,0.1209205687046051,0.043402817100286484,1.691249984503429e-08,0.07751773297786713,0.07707758992910385,1.1234837105300057e-22,0.07707758992910385,1.0614057779312134,1.1686310768127441,0.47480541467666626,0.5746968984603882,34.93937683105469,0.949421226978302,-0.0006327963783405721,0.949421226978302,0.6486431360244751,0.33866649866104126,0.9826974868774414
100,val,0,1.0,1.0,9,guijiao_20_180,5,0.17499999701976776,4375.0,49.0,0.4082214832305908,0.25369691848754883,0.2550009787082672,-0.001304064178839326,0.09345345944166183,0.16154752671718597,0.05603725090622902,2.301979229457629e-08,0.10551024973392487,0.08983232080936432,1.3686390868963706e-22,0.08983232080936432,1.0614057779312134,1.1686310768127441,0.47480541467666626,0.551417887210846,30.2835750579834,0.9348766803741455,-0.0007358751026913524,0.9348766803741455,0.6486431360244751,0.33866649866104126,0.9826974868774414
101,train,0,1.0,1.0,9,guijiao_20_180,6,0.20000000298023224,5000.0,64.0,0.6384890079498291,0.3273963928222656,0.3290793001651764,-0.0016828975640237331,0.12206167727708817,0.20701763033866882,0.0692082941532135,3.006666915439382e-08,0.13780930638313293,0.1031419187784195,1.1510744046800364e-22,0.1031419187784195,1.0614057779312134,1.1686310768127441,0.47480541467666626,0.533397376537323,26.679471969604492,0.9202801585197449,-0.0007675474626012146,0.9202801585197449,0.6486431360244751,0.33866649866104126,0.9826974868774414
102,val,0,1.0,1.0,9,guijiao_20_180,7,0.22499999403953552,5625.0,81.0,0.6797599196434021,0.40949347615242004,0.4115983843803406,-0.0021048965863883495,0.15448428690433502,0.25711408257484436,0.08269916474819183,3.8053119766345844e-08,0.17441487312316895,0.11711513996124268,1.050909643209376e-21,0.11711513996124268,1.0614057779312134,1.1686310768127441,0.47480541467666626,0.5190048217773438,23.800962448120117,0.9061141610145569,-0.0007643288117833436,0.9061141610145569,0.6486431360244751,0.33866649866104126,0.9826974868774414
103,val,0,1.0,1.0,9,guijiao_20_180,8,0.25,6250.0,100.0,0.6456429958343506,0.4998491704463959,0.5024185180664062,-0.002569346921518445,0.19072136282920837,0.31169718503952026,0.09637009352445602,4.697917077578495e-08,0.21532703936100006,0.1317870318889618,2.441323209599568e-21,0.1317870318889618,1.0614057779312134,1.1686310768127441,0.47480541467666626,0.507230281829834,21.44605827331543,0.8926813006401062,-0.000741436961106956,0.8926813006401062,0.6486431360244751,0.33866649866104126,0.9826974868774414
104,train,0,1.0,1.0,9,guijiao_20_180,9,0.2750000059604645,6875.0,121.0,0.7804605960845947,0.598376989364624,0.6014527678489685,-0.0030758038628846407,0.23077283799648285,0.37067991495132446,0.11013414710760117,5.6844783102860674e-08,0.2605457007884979,0.14715644717216492,7.467274025110506e-22,0.14715644717216492,1.0614057779312134,1.1686310768127441,0.47480541467666626,0.49741220474243164,19.482440948486328,0.8801338076591492,-0.0007007307140156627,0.8801338076591492,0.6486431360244751,0.33866649866104126,0.9826974868774414
105,train,0,1.0,1.0,9,guijiao_20_180,10,0.30000001192092896,7500.0,144.0,0.7066598534584045,0.7050231695175171,0.7086471319198608,-0.003623991273343563,0.2746387720108032,0.4340083599090576,0.12393736839294434,6.764999938013716e-08,0.3100709319114685,0.16320447623729706,1.0497243475137566e-20,0.16320447623729706,1.0614057779312134,1.1686310768127441,0.47480541467666626,0.48909759521484375,17.819517135620117,0.868519127368927,-0.000640254351310432,0.868519127368927,0.6486431360244751,0.33866649866104126,0.9826974868774414
106,train,0,1.0,1.0,9,guijiao_20_180,11,0.32499998807907104,8125.0,169.0,0.8475066423416138,0.8197534680366516,0.8239672183990479,-0.00421373313292861,0.32231906056404114,0.5016481876373291,0.1377454549074173,7.93947876331913e-08,0.36390265822410583,0.17990387976169586,1.9914623663219895e-20,0.17990387976169586,1.0614057779312134,1.1686310768127441,0.47480541467666626,0.48196521401405334,16.393043518066406,0.8578212857246399,-0.000556856335606426,0.8578212857246399,0.6486431360244751,0.33866649866104126,0.9826974868774414
107,train,0,1.0,1.0,9,guijiao_20_180,12,0.3499999940395355,8750.0,196.0,0.8986618518829346,0.9425462484359741,0.947391152381897,-0.004844917915761471,0.37381383776664734,0.573577344417572,0.1515362560749054,9.207916917830516e-08,0.42204099893569946,0.19722402095794678,3.602878215793624e-20,0.19722402095794678,1.0614057779312134,1.1686310768127441,0.47480541467666626,0.4757799208164215,15.155984878540039,0.8479904532432556,-0.0004477500624489039,0.8479904532432556,0.6486431360244751,0.33866649866104126,0.9826974868774414
108,train,0,1.0,1.0,9,guijiao_20_180,13,0.375,9375.0,225.0,0.9627761244773865,1.0733866691589355,1.078904151916504,-0.005517469719052315,0.42912307381629944,0.6497811079025269,0.16529518365859985,1.0570312980462404e-07,0.48448583483695984,0.2151336669921875,6.256844559669679e-20,0.2151336669921875,1.0614057779312134,1.1686310768127441,0.47480541467666626,0.4703657627105713,14.073150634765625,0.8389613628387451,-0.0003126785159111023,0.8389613628387451,0.6486431360244751,0.33866649866104126,0.9826974868774414
109,train,0,1.0,1.0,9,guijiao_20_180,14,0.4000000059604645,10000.0,256.0,1.150991439819336,1.2087551355361938,1.2149684429168701,-0.006213297136127949,0.48824670910835266,0.7267217636108398,0.17901265621185303,1.2026667661757529e-07,0.5477089881896973,0.23360233008861542,1.048540348326812e-19,0.23360233008861542,1.0614057779312134,1.1686310768127441,0.47480541467666626,0.4655887186527252,13.117743492126465,0.8285309672355652,-0.00015082769095897675,0.8285309672355652,0.6486431360244751,0.33866649866104126,0.9826974868774414
110,train,0,1.0,1.0,9,guijiao_20_180,15,0.42500001192092896,10625.0,289.0,1.2544622421264648,1.3279949426651,1.334821105003357,-0.006826218217611313,0.5511847138404846,0.7836363911628723,0.19268211722373962,1.3576979540630418e-07,0.5909541249275208,0.2526010274887085,1.7030078461772696e-19,0.2526010274887085,1.0614057779312134,1.1686310768127441,0.47480541467666626,0.4613442122936249,12.268844604492188,0.8062431812286377,3.59509140253067e-05,0.8062431812286377,0.6486431360244751,0.33866649866104126,0.9826974868774414
111,train,0,1.0,1.0,9,guijiao_20_180,16,0.44999998807907104,11250.0,324.0,1.3411883115768433,1.4507184028625488,1.4581754207611084,-0.007457047235220671,0.6179371476173401,0.8402382135391235,0.20629899203777313,1.5221247906538338e-07,0.6339390873908997,0.2721027135848999,2.690328686616003e-19,0.2721027135848999,1.0614057779312134,1.1686310768127441,0.47480541467666626,0.4575488269329071,11.509765625,0.7855515480041504,0.00024665147066116333,0.7855515480041504,0.6486431360244751,0.33866649866104126,0.9826974868774414
112,train,0,1.0,1.0,9,guijiao_20_180,17,0.4749999940395355,11875.0,361.0,1.5874711275100708,1.5769977569580078,1.5851038694381714,-0.008106153458356857,0.6885040998458862,0.8965997695922852,0.2198595404624939,1.6959481285994116e-07,0.6767400503158569,0.2920822501182556,2.5470766692546686e-18,0.2920822501182556,1.0614057779312134,1.1686310768127441,0.47480541467666626,0.45413661003112793,10.827320098876953,0.7663658261299133,0.00047808882663957775,0.7663658261299133,0.6486431360244751,0.33866649866104126,0.9826974868774414
113,train,0,1.0,1.0,9,guijiao_20_180,18,0.5,12500.0,400.0,1.6530265808105469,1.7068414688110352,1.7156150341033936,-0.008773582056164742,0.7628854513168335,0.9527296423912048,0.23335997760295868,1.879166831031398e-07,0.7193694710731506,0.31251654028892517,1.337401227409797e-18,0.31251654028892517,1.0614057779312134,1.1686310768127441,0.47480541467666626,0.45105257630348206,10.210517883300781,0.7485587000846863,0.0007283742306753993,0.7485587000846863,0.6486431360244751,0.33866649866104126,0.9826974868774414
114,train,0,1.0,1.0,10,guijiao_10_0,0,0.05000000074505806,1250.0,4.0,0.061789702624082565,0.015455693937838078,0.015535140410065651,-7.944605022203177e-05,0.007699113804847002,0.007836027070879936,0.002867341274395585,0.0007138876826502383,0.0042547984048724174,0.009522550739347935,0.004054622258991003,0.004054622258991003,1.0711809396743774,1.1751224994659424,0.4756990075111389,0.6207086443901062,44.14173126220703,0.9873178601264954,-0.00031924620270729065,0.9873178601264954,0.6632935404777527,0.34055185317993164,0.9842519760131836
115,train,0,1.0,1.0,10,guijiao_10_0,1,0.07500000298023224,1875.0,9.0,0.07487817108631134,0.03439848870038986,0.03457530587911606,-0.00017681664030533284,0.017323005944490433,0.017252301797270775,0.006299111992120743,0.0016062473878264427,0.00934694241732359,0.018689146265387535,0.0064387195743620396,0.0064387195743620396,1.0711809396743774,1.1751224994659424,0.4756990075111389,0.5476172566413879,29.523452758789062,0.9718616604804993,0.00015471689403057098,0.9718616604804993,0.6632935404777527,0.34055185317993164,0.9842519760131836
116,train,0,1.0,1.0,10,guijiao_10_0,2,0.10000000149011612,2500.0,16.0,0.08106280863285065,0.06025252491235733,0.06056223809719086,-0.0003097127191722393,0.030796455219388008,0.0297657810151577,0.010834706015884876,0.002855550730600953,0.01607552543282509,0.025918809697031975,0.00858659204095602,0.00858659204095602,1.0711809396743774,1.1751224994659424,0.4756990075111389,0.5097271203994751,21.9454288482666,0.9510928988456726,0.0005780979408882558,0.9510928988456726,0.6632935404777527,0.34055185317993164,0.9842519760131836
117,val,0,1.0,1.0,10,guijiao_10_0,3,0.125,3125.0,25.0,0.11539952456951141,0.09244775027036667,0.09292295575141907,-0.0004752040549647063,0.04811945930123329,0.04480349272489548,0.016245244070887566,0.0044617983512580395,0.024096447974443436,0.03230711445212364,0.01071394607424736,0.01071394607424736,1.0711809396743774,1.1751224994659424,0.4756990075111389,0.48791635036468506,17.583267211914062,0.926051139831543,0.0008652673568576574,0.926051139831543,0.6632935404777527,0.34055185317993164,0.9842519760131836
118,val,0,1.0,1.0,10,guijiao_10_0,4,0.15000000596046448,3750.0,36.0,0.22257539629936218,0.130394846200943,0.13106510043144226,-0.000670261331833899,0.06929202377796173,0.06177307665348053,0.022296028211712837,0.006424989551305771,0.03305206075310707,0.038538794964551926,0.012932950630784035,0.012932950630784035,1.0711809396743774,1.1751224994659424,0.4756990075111389,0.47369226813316345,14.738452911376953,0.8980867266654968,0.0009688843856565654,0.8980867266654968,0.6632935404777527,0.34055185317993164,0.9842519760131836
119,train,0,1.0,1.0,10,guijiao_10_0,5,0.17499999701976776,4375.0,49.0,0.19035470485687256,0.17356906831264496,0.1744612604379654,-0.0008921874687075615,0.09431412816047668,0.08014713227748871,0.028780024498701096,0.008745124563574791,0.04262198507785797,0.04491616040468216,0.015288958325982094,0.015288958325982094,1.0711809396743774,1.1751224994659424,0.4756990075111389,0.4635932743549347,12.71865463256836,0.8686550259590149,0.0009014417883008718,0.8686550259590149,0.6632935404777527,0.34055185317993164,0.9842519760131836
120,val,0,1.0,1.0,10,guijiao_10_0,6,0.20000000298023224,5000.0,64.0,0.2699236571788788,0.2215629369020462,0.2227018177509308,-0.0011388876009732485,0.12318582087755203,0.09951599687337875,0.03553732484579086,0.011422202922403812,0.05255647003650665,0.05157095938920975,0.0177962277084589,0.0177962277084589,1.0711809396743774,1.1751224994659424,0.4756990075111389,0.45599478483200073,11.198957443237305,0.8390700221061707,0.0007047707913443446,0.8390700221061707,0.6632935404777527,0.34055185317993164,0.9842519760131836
121,train,0,1.0,1.0,10,guijiao_10_0,7,0.22499999403953552,5625.0,81.0,0.29202887415885925,0.2740953862667084,0.27550429105758667,-0.0014089172473177314,0.1559070199728012,0.11959728598594666,0.04245710372924805,0.014456224627792835,0.06268395483493805,0.05855756998062134,0.020455215126276016,0.020455215126276016,1.0711809396743774,1.1751224994659424,0.4756990075111389,0.45003658533096313,10.007320404052734,0.8103330135345459,0.00042412240873090923,0.8103330135345459,0.6632935404777527,0.34055185317993164,0.9842519760131836
122,train,0,1.0,1.0,10,guijiao_10_0,8,0.25,6250.0,100.0,0.29831641912460327,0.3309900760650635,0.3326914310455322,-0.001701369765214622,0.19247783720493317,0.14021357893943787,0.04946807026863098,0.017847193405032158,0.07289830595254898,0.0658935159444809,0.023260442540049553,0.023260442540049553,1.0711809396743774,1.1751224994659424,0.4756990075111389,0.4452192783355713,9.043856620788574,0.7830843329429626,9.728595614433289e-05,0.7830843329429626,0.6632935404777527,0.34055185317993164,0.9842519760131836
123,train,0,1.0,1.0,10,guijiao_10_0,9,0.2750000059604645,6875.0,121.0,0.4310641288757324,0.39214128255844116,0.3941569924354553,-0.0020157021936029196,0.23289819061756134,0.16125881671905518,0.05652596801519394,0.021595103666186333,0.08313773572444916,0.07357822358608246,0.026204118505120277,0.026204118505120277,1.0711809396743774,1.1751224994659424,0.4756990075111389,0.4412316679954529,8.246335983276367,0.7576501965522766,-0.0002483837306499481,0.7576501965522766,0.6632935404777527,0.34055185317993164,0.9842519760131836
124,val,0,1.0,1.0,10,guijiao_10_0,10,0.30000001192092896,7500.0,144.0,0.40116769075393677,0.4574850797653198,0.4598366618156433,-0.002351585077121854,0.2771680951118469,0.1826685667037964,0.06360334157943726,0.025699958205223083,0.09336525946855545,0.08160223811864853,0.02927783876657486,0.02927783876657486,1.0711809396743774,1.1751224994659424,0.4756990075111389,0.43786895275115967,7.573787689208984,0.7341305613517761,-0.0005940496339462698,0.7341305613517761,0.6632935404777527,0.34055185317993164,0.9842519760131836
125,train,0,1.0,1.0,10,guijiao_10_0,11,0.32499998807907104,8125.0,169.0,0.506271243095398,0.5269767045974731,0.5296854972839355,-0.0027087891940027475,0.32528752088546753,0.2043980062007904,0.07068274170160294,0.030161751434206963,0.10355351120233536,0.08995193988084793,0.032473374158144,0.032473374158144,1.0711809396743774,1.1751224994659424,0.4756990075111389,0.43499016761779785,6.998030662536621,0.7124820351600647,-0.0009273660252802074,0.7124820351600647,0.6632935404777527,0.34055185317993164,0.9842519760131836
126,train,0,1.0,1.0,10,guijiao_10_0,12,0.3499999940395355,8750.0,196.0,0.5606998205184937,0.600575864315033,0.6036629676818848,-0.003087106626480818,0.37725651264190674,0.22640644013881683,0.07775294780731201,0.034980498254299164,0.11367299407720566,0.09861201047897339,0.03578303009271622,0.03578303009271622,1.0711809396743774,1.1751224994659424,0.4756990075111389,0.4324948787689209,6.498973846435547,0.6925787925720215,-0.0012420447310432792,0.6925787925720215,0.6632935404777527,0.34055185317993164,0.9842519760131836
127,train,0,1.0,1.0,10,guijiao_10_0,13,0.375,9375.0,225.0,0.5885866284370422,0.6782289147377014,0.681715190410614,-0.0034862624015659094,0.4330751597881317,0.2486400306224823,0.08480653166770935,0.04015618562698364,0.1236773133277893,0.10756683349609375,0.03919977322220802,0.03919977322220802,1.0711809396743774,1.1751224994659424,0.4756990075111389,0.43030932545661926,6.06186580657959,0.6742448806762695,-0.0015337455552071333,0.6742448806762695,0.6632935404777527,0.34055185317993164,0.9842519760131836
128,val,0,1.0,1.0,10,guijiao_10_0,14,0.4000000059604645,10000.0,256.0,0.6958703994750977,0.7598400115966797,0.7637457847595215,-0.0039057633839547634,0.49274328351020813,0.27100250124931335,0.09183861315250397,0.04568881168961525,0.13347508013248444,0.11680116504430771,0.04271727055311203,0.04271727055311203,1.0711809396743774,1.1751224994659424,0.4756990075111389,0.42837801575660706,5.675602912902832,0.6572583317756653,-0.0018011423526331782,0.6572583317756653,0.6632935404777527,0.34055185317993164,0.9842519760131836
129,val,0,1.0,1.0,10,guijiao_10_0,15,0.42500001192092896,10625.0,289.0,0.6730650663375854,0.8441781997680664,0.8485174775123596,-0.004339282400906086,0.5562609434127808,0.29225653409957886,0.09884592145681381,0.050558291375637054,0.142852321267128,0.12630051374435425,0.046329837292432785,0.046329837292432785,1.0711809396743774,1.1751224994659424,0.4756990075111389,0.4266582429409027,5.331648349761963,0.6347129344940186,-0.0020440788939595222,0.6347129344940186,0.6632935404777527,0.34055185317993164,0.9842519760131836
130,val,0,1.0,1.0,10,guijiao_10_0,16,0.44999998807907104,11250.0,324.0,0.6925672888755798,0.9302409291267395,0.9350225925445557,-0.004781665746122599,0.6236280798912048,0.31139451265335083,0.10582609474658966,0.05438043549656868,0.15118800103664398,0.13605135679244995,0.05003241449594498,0.05003241449594498,1.0711809396743774,1.1751224994659424,0.4756990075111389,0.4251165986061096,5.02332067489624,0.6059173941612244,-0.0022632998879998922,0.6059173941612244,0.6632935404777527,0.34055185317993164,0.9842519760131836
131,val,0,1.0,1.0,10,guijiao_10_0,17,0.4749999940395355,11875.0,361.0,0.7913765907287598,1.016381025314331,1.0216054916381836,-0.0052244472317397594,0.6948449611663818,0.326760470867157,0.11277716606855392,0.05818578228354454,0.15579754114151,0.1460411250591278,0.05382047966122627,0.05382047966122627,1.0711809396743774,1.1751224994659424,0.4756990075111389,0.42372652888298035,4.74530553817749,0.5762114524841309,-0.002459577051922679,0.5762114524841309,0.6632935404777527,0.34055185317993164,0.9842519760131836
132,train,0,1.0,1.0,10,guijiao_10_0,18,0.5,12500.0,400.0,0.9285801649093628,1.0963855981826782,1.102021336555481,-0.005635690409690142,0.7699113488197327,0.3321099877357483,0.11969729512929916,0.06197889521718025,0.15043379366397858,0.15625827014446259,0.05769001320004463,0.05769001320004463,1.0711809396743774,1.1751224994659424,0.4756990075111389,0.42246657609939575,4.493317604064941,0.5415114760398865,-0.0026343553327023983,0.5415114760398865,0.6632935404777527,0.34055185317993164,0.9842519760131836
133,train,0,1.0,1.0,11,guijiao_10_180,0,0.05000000074505806,1250.0,4.0,0.06980589777231216,0.014827551320195198,0.01490376889705658,-7.621724216733128e-05,0.007699113804847002,0.00720465462654829,0.002867341274395585,9.518501542515878e-10,0.004337312653660774,0.009522550739347935,1.557760600314056e-22,0.009522550739347935,1.0711809396743774,1.1751224994659424,0.4756990075111389,0.838975191116333,87.79503631591797,0.993659257888794,-0.0030416902154684067,0.993659257888794,0.6632935404777527,0.34055185317993164,0.9842519760131836
134,train,0,1.0,1.0,11,guijiao_10_180,1,0.07500000298023224,1875.0,9.0,0.03306988999247551,0.03321036696434021,0.03338107466697693,-0.00017070939065888524,0.017323005944490433,0.016058068722486496,0.006299111992120743,2.1416632911552824e-09,0.009758954867720604,0.018689146265387535,1.9663044687165624e-22,0.018689146265387535,1.0711809396743774,1.1751224994659424,0.4756990075111389,0.7209258079528809,64.1851577758789,0.9859346747398376,-0.0008351428550668061,0.9859346747398376,0.6632935404777527,0.34055185317993164,0.9842519760131836
135,train,0,1.0,1.0,11,guijiao_10_180,2,0.10000000149011612,2500.0,16.0,0.15503378212451935,0.05867879092693329,0.058980412781238556,-0.00030162330949679017,0.030796455219388008,0.028183959424495697,0.010834706015884876,3.807400617006351e-09,0.017349250614643097,0.025918809697031975,3.962648760703941e-22,0.025918809697031975,1.0711809396743774,1.1751224994659424,0.4756990075111389,0.6509374380111694,50.1874885559082,0.9755651354789734,0.00015527568757534027,0.9755651354789734,0.6632935404777527,0.34055185317993164,0.9842519760131836
136,train,0,1.0,1.0,11,guijiao_10_180,3,0.125,3125.0,25.0,0.1742364466190338,0.0910051167011261,0.09147290885448456,-0.0004677885735873133,0.04811945930123329,0.043353453278541565,0.016245244070887566,5.9490643522508435e-09,0.02710820361971855,0.03230711445212364,3.1570147162628854e-23,0.03230711445212364,1.0711809396743774,1.1751224994659424,0.4756990075111389,0.6060657501220703,41.2131462097168,0.963084876537323,0.000726565602235496,0.963084876537323,0.6632935404777527,0.34055185317993164,0.9842519760131836
137,train,0,1.0,1.0,11,guijiao_10_180,4,0.15000000596046448,3750.0,36.0,0.2257920205593109,0.12995587289333344,0.13062387704849243,-0.0006680049700662494,0.06929202377796173,0.061331856995821,0.022296028211712837,8.56665316462113e-09,0.039035819470882416,0.038538794964551926,5.617418552650028e-23,0.038538794964551926,1.0711809396743774,1.1751224994659424,0.4756990075111389,0.5746968984603882,34.93937683105469,0.9491829872131348,0.0010732910595834255,0.9491829872131348,0.6632935404777527,0.34055185317993164,0.9842519760131836
138,train,0,1.0,1.0,11,guijiao_10_180,5,0.17499999701976776,4375.0,49.0,0.24175983667373657,0.17532503604888916,0.17622624337673187,-0.0009012134978547692,0.09431412816047668,0.08191211521625519,0.028780024498701096,1.166016527776037e-08,0.053132083266973495,0.04491616040468216,6.843195434481853e-23,0.04491616040468216,1.0711809396743774,1.1751224994659424,0.4756990075111389,0.551417887210846,30.2835750579834,0.9345919489860535,0.0012407799949869514,0.9345919489860535,0.6632935404777527,0.34055185317993164,0.9842519760131836
139,train,0,1.0,1.0,11,guijiao_10_180,6,0.20000000298023224,5000.0,64.0,0.24040131270885468,0.22695356607437134,0.22812016308307648,-0.0011665967758744955,0.12318582087755203,0.10493434220552444,0.03553732484579086,1.5229602468025405e-08,0.06939700245857239,0.05157095938920975,5.755372023400182e-23,0.05157095938920975,1.0711809396743774,1.1751224994659424,0.4756990075111389,0.533397376537323,26.679471969604492,0.9199597239494324,0.0012499310541898012,0.9199597239494324,0.6632935404777527,0.34055185317993164,0.9842519760131836
140,train,0,1.0,1.0,11,guijiao_10_180,7,0.22499999403953552,5625.0,81.0,0.35061752796173096,0.2847311198711395,0.28619471192359924,-0.0014635876286774874,0.1559070199728012,0.13028769195079803,0.04245710372924805,1.9274967399951493e-08,0.0878305733203888,0.05855756998062134,5.25454821604688e-22,0.05855756998062134,1.0711809396743774,1.1751224994659424,0.4756990075111389,0.5190048217773438,23.800962448120117,0.9057690501213074,0.0011269706301391125,0.9057690501213074,0.6632935404777527,0.34055185317993164,0.9842519760131836
141,train,0,1.0,1.0,11,guijiao_10_180,8,0.25,6250.0,100.0,0.3476819396018982,0.34858691692352295,0.35037875175476074,-0.001791822025552392,0.19247783720493317,0.15790089964866638,0.04946807026863098,2.3796257409003374e-08,0.1084328144788742,0.0658935159444809,1.220661604799784e-21,0.0658935159444809,1.0711809396743774,1.1751224994659424,0.4756990075111389,0.507230281829834,21.44605827331543,0.8923209309577942,0.0009039638098329306,0.8923209309577942,0.6632935404777527,0.34055185317993164,0.9842519760131836
142,train,0,1.0,1.0,11,guijiao_10_180,9,0.2750000059604645,6875.0,121.0,0.38224053382873535,0.41847681999206543,0.4206278920173645,-0.0021510731894522905,0.23289819061756134,0.18772968649864197,0.05652596801519394,2.879346894246737e-08,0.13120369613170624,0.07357822358608246,3.733637012555253e-22,0.07357822358608246,1.0711809396743774,1.1751224994659424,0.4756990075111389,0.49741220474243164,19.482440948486328,0.8797655701637268,0.0006143319769762456,0.8797655701637268,0.6632935404777527,0.34055185317993164,0.9842519760131836
143,train,0,1.0,1.0,11,guijiao_10_180,10,0.30000001192092896,7500.0,144.0,0.5158165097236633,0.49437353014945984,0.49691474437713623,-0.0025412009563297033,0.2771680951118469,0.2197466492652893,0.06360334157943726,3.426661265848452e-08,0.15614327788352966,0.08160223811864853,5.248621737568783e-21,0.08160223811864853,1.0711809396743774,1.1751224994659424,0.4756990075111389,0.48909759521484375,17.819517135620117,0.8681485652923584,0.0002866126596927643,0.8681485652923584,0.6632935404777527,0.34055185317993164,0.9842519760131836
144,val,0,1.0,1.0,11,guijiao_10_180,11,0.32499998807907104,8125.0,169.0,0.47507306933403015,0.5762596130371094,0.5792217254638672,-0.0029621152207255363,0.32528752088546753,0.25393420457839966,0.07068274170160294,4.0215670793486424e-08,0.18325144052505493,0.08995193988084793,9.957311831609947e-21,0.08995193988084793,1.0711809396743774,1.1751224994659424,0.4756990075111389,0.48196521401405334,16.393043518066406,0.8574521541595459,-5.566515028476715e-05,0.8574521541595459,0.6632935404777527,0.34055185317993164,0.9842519760131836
145,train,0,1.0,1.0,11,guijiao_10_180,12,0.3499999940395355,8750.0,196.0,0.5916249752044678,0.664124071598053,0.6675378084182739,-0.003413759870454669,0.37725651264190674,0.2902813255786896,0.07775294780731201,4.664066111104148e-08,0.21252833306789398,0.09861201047897339,1.801439107896812e-20,0.09861201047897339,1.0711809396743774,1.1751224994659424,0.4756990075111389,0.4757799208164215,15.155984878540039,0.8476253151893616,-0.00039483231375925243,0.8476253151893616,0.6632935404777527,0.34055185317993164,0.9842519760131836
146,train,0,1.0,1.0,11,guijiao_10_180,13,0.375,9375.0,225.0,0.7030403017997742,0.7579594850540161,0.7618556022644043,-0.0038960971869528294,0.4330751597881317,0.3287804424762726,0.08480653166770935,5.354157650572233e-08,0.24397385120391846,0.10756683349609375,3.1284222798348394e-20,0.10756683349609375,1.0711809396743774,1.1751224994659424,0.4756990075111389,0.4703657627105713,14.073150634765625,0.8386020660400391,-0.0007194502977654338,0.8386020660400391,0.6632935404777527,0.34055185317993164,0.9842519760131836
147,val,0,1.0,1.0,11,guijiao_10_180,14,0.4000000059604645,10000.0,256.0,0.7948856353759766,0.855437159538269,0.8598343133926392,-0.004397156182676554,0.49274328351020813,0.36709100008010864,0.09183861315250397,6.091840987210162e-08,0.2752523124217987,0.11680116504430771,5.24270174163406e-20,0.11680116504430771,1.0711809396743774,1.1751224994659424,0.4756990075111389,0.4655887186527252,13.117743492126465,0.8275073170661926,-0.0010215152287855744,0.8275073170661926,0.6632935404777527,0.34055185317993164,0.9842519760131836
148,val,0,1.0,1.0,11,guijiao_10_180,15,0.42500001192092896,10625.0,289.0,0.9257188439369202,0.9472000002861023,0.9520688652992249,-0.004868839867413044,0.5562609434127808,0.3958079218864441,0.09884592145681381,6.877117897374774e-08,0.2969619333744049,0.12630051374435425,8.515039230886348e-20,0.12630051374435425,1.0711809396743774,1.1751224994659424,0.4756990075111389,0.4613442122936249,12.268844604492188,0.8052322268486023,-0.0012955397833138704,0.8052322268486023,0.6632935404777527,0.34055185317993164,0.9842519760131836
149,train,0,1.0,1.0,11,guijiao_10_180,16,0.44999998807907104,11250.0,324.0,1.0905781984329224,1.042637825012207,1.047997236251831,-0.005359413102269173,0.6236280798912048,0.4243691861629486,0.10582609474658966,7.709986959980597e-08,0.318543016910553,0.13605135679244995,1.3451643433080014e-19,0.13605135679244995,1.0711809396743774,1.1751224994659424,0.4756990075111389,0.4575488269329071,11.509765625,0.7845589518547058,-0.0015403840225189924,0.7845589518547058,0.6632935404777527,0.34055185317993164,0.9842519760131836
150,val,0,1.0,1.0,11,guijiao_10_180,17,0.4749999940395355,11875.0,361.0,1.0394068956375122,1.141785740852356,1.1476547718048096,-0.00586905749514699,0.6948449611663818,0.45280978083610535,0.11277716606855392,8.590448885570368e-08,0.34003251791000366,0.1460411250591278,1.2735383346273343e-18,0.1460411250591278,1.0711809396743774,1.1751224994659424,0.4756990075111389,0.45413661003112793,10.827320098876953,0.7653942108154297,-0.001754721743054688,0.7653942108154297,0.6632935404777527,0.34055185317993164,0.9842519760131836
151,val,0,1.0,1.0,11,guijiao_10_180,18,0.5,12500.0,400.0,1.115393042564392,1.2446458339691162,1.2510435581207275,-0.0063977837562561035,0.7699113488197327,0.4811321794986725,0.11969729512929916,9.51850296360135e-08,0.36143478751182556,0.15625827014446259,6.687006137048985e-19,0.15625827014446259,1.0711809396743774,1.1751224994659424,0.4756990075111389,0.45105257630348206,10.210517883300781,0.7476082444190979,-0.001939011155627668,0.7476082444190979,0.6632935404777527,0.34055185317993164,0.9842519760131836
152,train,1,0.20000000298023224,0.30000001192092896,12,synthetic_0000,0,0.31939631700515747,7984.90771484375,4.827890396118164,1.9296501874923706,1.788758635520935,1.7619938850402832,0.026764707639813423,0.38550373911857605,1.3764901161193848,0.7018551230430603,3.7802962538080465e-07,0.674634575843811,0.7764458656311035,3.489370537278666e-21,0.7764458656311035,1.3144102096557617,2.0071120262145996,0.6319831609725952,0.8110246062278748,82.20491790771484,0.9870836138725281,-0.00017419084906578064,0.9870836138725281,1.1886612176895142,0.7303464412689209,1.0982871055603027
153,train,1,0.20000000298023224,0.30000001192092896,13,synthetic_0001,1,0.43977925181388855,10994.4814453125,266.1661682128906,1.8583924770355225,1.0667908191680908,1.070854663848877,-0.004063825123012066,0.5946159958839417,0.4762387275695801,0.04133037105202675,0.1145758256316185,0.32033252716064453,0.7258675694465637,0.10194704681634903,0.10194704681634903,1.0693730115890503,1.1892969608306885,0.47904014587402344,0.5617115497589111,32.34230422973633,0.6835021376609802,-0.001680018613114953,0.6835021376609802,0.6620326638221741,0.3466092050075531,0.9867392182350159
154,train,1,0.20000000298023224,0.30000001192092896,14,synthetic_0002,2,0.4864594340324402,12161.4853515625,31.33639144897461,1.882183313369751,1.7097457647323608,1.6890418529510498,0.02070394530892372,0.855631411075592,0.8334105014801025,0.08675641566514969,0.21127380430698395,0.5353803038597107,0.5892670750617981,0.14530391991138458,0.14530391991138458,1.2576377391815186,1.7383308410644531,0.5843169689178467,0.5480977892875671,29.61956024169922,0.8918943405151367,-0.0011808680137619376,0.8918943405151367,1.0422810316085815,0.5859765410423279,1.0701191425323486
155,train,1,0.20000000298023224,0.30000001192092896,15,synthetic_0003,3,0.1325320303440094,3313.30078125,19.03525733947754,0.2495458871126175,0.13058558106422424,0.13080966472625732,-0.00022408088261727244,0.05468091368675232,0.076128751039505,0.006450973451137543,0.011315001174807549,0.058362774550914764,0.10876335948705673,0.02761797234416008,0.02761797234416008,1.082819938659668,1.2248666286468506,0.48630669713020325,0.5917947292327881,38.358951568603516,0.9485201835632324,-0.002868670504540205,0.9485201835632324,0.6850649118423462,0.36048948764801025,0.9935018420219421
156,train,1,0.20000000298023224,0.30000001192092896,16,synthetic_0004,4,0.18105311691761017,4526.32763671875,9.444295883178711,0.3161894381046295,0.21697941422462463,0.21518318355083466,0.0017962376587092876,0.1124013215303421,0.10278186202049255,0.009980620816349983,0.019519098103046417,0.0732821449637413,0.10354305058717728,0.036656640470027924,0.036656640470027924,1.1926734447479248,1.5168920755386353,0.5432425737380981,0.7027266025543213,60.545318603515625,0.967432975769043,0.0013334891991689801,0.967432975769043,0.8946816921234131,0.48173487186431885,1.04150390625
157,train,1,0.20000000298023224,0.30000001192092896,17,synthetic_0005,5,0.21486282348632812,5371.57080078125,68.13875579833984,0.3218056857585907,0.22269146144390106,0.22367733716964722,-0.0009858773555606604,0.14278194308280945,0.08089540153741837,0.007016871124505997,0.01354745402932167,0.0603310763835907,0.08663242310285568,0.02001045271754265,0.02001045271754265,1.0757538080215454,1.1865758895874023,0.4780232310295105,0.5230057835578918,24.601152420043945,0.8533766269683838,0.0031111252028495073,0.8533766269683838,0.67109614610672,0.34490489959716797,0.9864890575408936
158,train,1,0.20000000298023224,0.30000001192092896,18,synthetic_0006,6,0.281405508518219,7035.13720703125,7.56178617477417,1.2167948484420776,0.9568548798561096,0.9441715478897095,0.012683344073593616,0.28714489936828613,0.6570266485214233,0.06713423132896423,0.1560850441455841,0.4338073432445526,0.37497296929359436,0.19686828553676605,0.19686828553676605,1.2612409591674805,1.7925240993499756,0.5951138734817505,0.7759909629821777,75.19819641113281,0.9691111445426941,-0.0002174563705921173,0.9691111445426941,1.0517525672912598,0.615899384021759,1.0765023231506348
159,train,1,0.20000000298023224,0.30000001192092896,19,synthetic_0007,7,0.1267358511686325,3168.396484375,35.174095153808594,0.12597081065177917,0.08951816707849503,0.09022518992424011,-0.0007070195279084146,0.0486985482275486,0.04152664542198181,0.014849860221147537,5.54084467196958e-09,0.026676779612898827,0.027840513736009598,3.740899266048718e-23,0.027840513736009598,1.0545791387557983,1.1343891620635986,0.4674167037010193,0.576564610004425,35.31292724609375,0.9516561627388,0.0016109501011669636,0.9516561627388,0.635506272315979,0.325297474861145,0.9760701656341553
160,train,1,0.20000000298023224,0.30000001192092896,20,synthetic_0008,8,0.41377881169319153,10344.4697265625,8.165862083435059,3.0621743202209473,2.965543031692505,2.921212673187256,0.04433045908808708,0.646726131439209,2.274486541748047,1.143811583518982,6.321300816125586e-07,1.1306743621826172,1.1756547689437866,1.5397923683770387e-22,1.1756547689437866,1.3138507604599,2.004706382751465,0.6315832138061523,0.7341731190681458,66.83463287353516,0.9785727858543396,0.0006406790344044566,0.9785727858543396,1.187137246131897,0.7290019392967224,1.0980675220489502
161,train,1,0.20000000298023224,0.30000001192092896,21,synthetic_0009,9,0.24806861579418182,6201.71533203125,108.45155334472656,0.38449859619140625,0.33838093280792236,0.3404090404510498,-0.0020281109027564526,0.18857555091381073,0.15183347463607788,0.04654635861515999,2.270044774377311e-08,0.1052870899438858,0.06267372518777847,1.5330850564422917e-21,0.06267372518777847,1.0658690929412842,1.1619458198547363,0.4730221927165985,0.5029579401016235,20.591585159301758,0.887751579284668,0.0011178064160048962,0.887751579284668,0.6543114185333252,0.33557796478271484,0.9816446900367737
162,train,1,0.20000000298023224,0.30000001192092896,22,synthetic_0010,10,0.4591941833496094,11479.8544921875,68.86920928955078,2.210259199142456,1.7096281051635742,1.6967957019805908,0.01283241156488657,0.7057854533195496,0.991010308265686,0.09455176442861557,0.22573569416999817,0.6707228422164917,0.7913719415664673,0.18198835849761963,0.18198835849761963,1.1642388105392456,1.459852933883667,0.5331934690475464,0.5233942866325378,24.678852081298828,0.829095184803009,-0.0008087081951089203,0.829095184803009,0.8371350765228271,0.4584503769874573,1.0329797267913818
163,train,1,0.20000000298023224,0.30000001192092896,23,synthetic_0011,11,0.28403061628341675,7100.76513671875,12.959049224853516,0.759762167930603,0.5874641537666321,0.5808207988739014,0.006643376778811216,0.2879427373409271,0.29287809133529663,0.029899468645453453,0.06504164636135101,0.19793696701526642,0.27270570397377014,0.07708706706762314,0.07708706706762314,1.241474986076355,1.680159568786621,0.5737560987472534,0.640916109085083,48.183223724365234,0.9516803622245789,0.000873796408995986,0.9516803622245789,1.0037641525268555,0.5575607419013977,1.0631533861160278
164,train,1,0.20000000298023224,0.30000001192092896,24,synthetic_0012,12,0.3988097608089447,9970.244140625,193.67137145996094,0.9059556722640991,0.8902838826179504,0.8927170038223267,-0.002433121670037508,0.49712127447128296,0.3955957293510437,0.10789797455072403,6.662128271273104e-08,0.2876977026462555,0.12860916554927826,2.2565403099915633e-20,0.12860916554927826,1.0871586799621582,1.2155839204788208,0.483897864818573,0.47626402974128723,15.252806663513184,0.8461837768554688,-0.0011400389485061169,0.8461837768554688,0.6908414363861084,0.3560515344142914,0.9920387864112854
165,train,1,0.20000000298023224,0.30000001192092896,25,synthetic_0013,13,0.46484339237213135,11621.0849609375,12.9608793258667,2.1210227012634277,2.263402223587036,2.23061466217041,0.03278755396604538,0.8207809329032898,1.4098336696624756,0.7022771239280701,3.8863345253048465e-07,0.7075560688972473,0.6185199022293091,1.6847047282709454e-22,0.6185199022293091,1.3212227821350098,1.9912543296813965,0.6282875537872314,0.674895703792572,54.9791374206543,0.9671862721443176,0.0007114297477528453,0.9671862721443176,1.2069331407546997,0.7188059687614441,1.0963003635406494
166,train,1,0.20000000298023224,0.30000001192092896,26,synthetic_0014,14,0.19639864563941956,4909.96630859375,44.803951263427734,0.4347597360610962,0.26907995343208313,0.2697042226791382,-0.0006242707022465765,0.11963585019111633,0.15006835758686066,0.012855164706707,0.02423509582877159,0.11297809332609177,0.15982189774513245,0.040087632834911346,0.040087632834911346,1.0788137912750244,1.2141783237457275,0.48412659764289856,0.5246534943580627,24.93070411682129,0.8920120596885681,-0.0025314970407634974,0.8920120596885681,0.6781453490257263,0.3562912344932556,0.9914946556091309
167,train,1,0.20000000298023224,0.30000001192092896,27,synthetic_0015,15,0.21053899824619293,5263.47509765625,37.403072357177734,0.5328525304794312,0.4083556830883026,0.4081827998161316,0.00017288625531364232,0.1399235874414444,0.2682592272758484,0.09973572194576263,4.1843456699552917e-08,0.16852344572544098,0.1489114612340927,2.007589661963485e-22,0.1489114612340927,1.097963571548462,1.2659759521484375,0.4946609139442444,0.5716564059257507,34.331275939941406,0.9441501498222351,-0.0011019478552043438,0.9441501498222351,0.7116730213165283,0.37685078382492065,1.0010331869125366
168,train,1,0.20000000298023224,0.30000001192092896,28,synthetic_0016,16,0.41098862886428833,10274.7158203125,45.10024642944336,1.2415413856506348,1.0559152364730835,1.046701431274414,0.009213851764798164,0.5822374820709229,0.4644639194011688,0.04612641781568527,0.10454362630844116,0.3137938678264618,0.3487221896648407,0.08751271665096283,0.08751271665096283,1.198954463005066,1.5369435548782349,0.5470577478408813,0.5242657661437988,24.853153228759766,0.8692893981933594,-0.00022641196846961975,0.8692893981933594,0.9081454277038574,0.49074476957321167,1.0443382263183594
169,train,1,0.20000000298023224,0.30000001192092896,29,synthetic_0017,17,0.13942205905914307,3485.551513671875,0.7891212105751038,0.31864839792251587,0.35667407512664795,0.3512432277202606,0.005430839490145445,0.07406627386808395,0.27717694640159607,0.1450701802968979,7.740876384332296e-08,0.1321066915988922,0.11316884309053421,9.080680116372384e-22,0.11316884309053421,1.3253165483474731,2.054720878601074,0.639836847782135,0.9726255536079407,114.52510833740234,0.9977984428405762,0.0010435018921270967,0.9977984428405762,1.2187620401382446,0.7572600841522217,1.1025230884552002
170,train,1,0.20000000298023224,0.30000001192092896,30,synthetic_0018,18,0.378053218126297,9451.3310546875,12.003012657165527,2.356846332550049,2.1739301681518555,2.1442806720733643,0.029649576172232628,0.5223806500434875,1.6219000816345215,0.7734041810035706,4.0050917959888466e-07,0.8484954237937927,0.8466885685920715,1.6823515751233328e-21,0.8466885685920715,1.2712862491607666,1.8310387134552002,0.601909875869751,0.6841011643409729,56.820228576660156,0.9717136025428772,-0.00015190429985523224,0.9717136025428772,1.0764501094818115,0.6356493234634399,1.0807487964630127
171,train,1,0.20000000298023224,0.30000001192092896,31,synthetic_0019,0,0.10214107483625412,2553.52685546875,20.32386016845703,0.14585594832897186,0.07174369692802429,0.07223695516586304,-0.0004932562005706131,0.031541693955659866,0.04069525748491287,0.0033030433114618063,0.005533418618142605,0.03185879439115524,0.06306549906730652,0.015869762748479843,0.015869762748479843,1.0515896081924438,1.1435866355895996,0.4696642756462097,0.5850543975830078,37.01087951660156,0.9486700892448425,-0.0030425656586885452,0.9486700892448425,0.6324043869972229,0.32916590571403503,0.9776801466941833
172,train,1,0.20000000298023224,0.30000001192092896,32,synthetic_0020,1,0.07860125601291656,1965.031494140625,1.1720293760299683,0.05651896446943283,0.044977881014347076,0.044503793120384216,0.0004740895237773657,0.021803217008709908,0.022700577974319458,0.002277866005897522,0.004564066417515278,0.015858644619584084,0.001134017831645906,0.013660281896591187,0.013660281896591187,1.227506399154663,1.631607174873352,0.5648149847984314,0.9257025718688965,105.14051055908203,0.9954864978790283,-0.0026307753287255764,0.9954864978790283,0.9714646935462952,0.5344165563583374,1.0570472478866577
173,train,1,0.20000000298023224,0.30000001192092896,33,synthetic_0021,2,0.33690086007118225,8422.521484375,76.22600555419922,0.7565515041351318,0.7181270122528076,0.7164760828018188,0.0016509010456502438,0.36770591139793396,0.3487701416015625,0.12128376960754395,6.035092781075946e-08,0.22748632729053497,0.13494674861431122,9.818136068218808e-22,0.13494674861431122,1.1268302202224731,1.3215844631195068,0.5051654577255249,0.5225882530212402,24.51764678955078,0.9022083282470703,-0.0010134201729670167,0.9022083282470703,0.7628220915794373,0.3982183039188385,1.011031985282898
174,train,1,0.20000000298023224,0.30000001192092896,34,synthetic_0022,3,0.37096014618873596,9274.00390625,49.5421142578125,0.9914396405220032,0.815094530582428,0.8094889521598816,0.0056055826134979725,0.46468406915664673,0.34480488300323486,0.033463265746831894,0.07331857085227966,0.238023042678833,0.2703371047973633,0.06836585700511932,0.06836585700511932,1.174533486366272,1.4604482650756836,0.5324051976203918,0.518890380859375,23.778076171875,0.8649672865867615,0.0003690719313453883,0.8649672865867615,0.8566985130310059,0.45681437849998474,1.0332443714141846
175,train,1,0.20000000298023224,0.30000001192092896,35,synthetic_0023,4,0.27220800518989563,6805.20068359375,18.2852725982666,1.094096302986145,0.8829241991043091,0.8748253583908081,0.008098836056888103,0.2526231110095978,0.6222022771835327,0.2678098976612091,1.2107169311548205e-07,0.35439229011535645,0.3595525920391083,1.3291665066830285e-22,0.3595525920391083,1.1858601570129395,1.5284860134124756,0.5464285612106323,0.6367055773735046,47.34111404418945,0.9647133350372314,-0.0012740970123559237,0.9647133350372314,0.8815289735794067,0.4890868365764618,1.0430370569229126
176,train,1,0.20000000298023224,0.30000001192092896,36,synthetic_0024,5,0.09855113923549652,2463.778564453125,4.2258734703063965,0.08139587938785553,0.060696106404066086,0.0603572241961956,0.0003388825571164489,0.03237653896212578,0.027980685234069824,0.0026097854133695364,0.004721225704997778,0.02064967341721058,0.003133670426905155,0.015435488894581795,0.015435488894581795,1.1594959497451782,1.4152326583862305,0.523622453212738,0.94815593957901,109.63118743896484,0.9860509037971497,-0.0017287154914811254,0.9860509037971497,0.826191782951355,0.4373147487640381,1.0263175964355469
177,train,1,0.20000000298023224,0.30000001192092896,37,synthetic_0025,6,0.2788568139076233,6971.42041015625,13.95384693145752,1.1812527179718018,0.804614245891571,0.7959199547767639,0.008694264106452465,0.27074533700942993,0.525174617767334,0.05145178735256195,0.11159107834100723,0.3621317148208618,0.5218186378479004,0.1431504189968109,0.1431504189968109,1.2110458612442017,1.6121824979782104,0.5622518062591553,0.6298851370811462,45.977027893066406,0.9501948356628418,-0.0006422585574910045,0.9501948356628418,0.9356134533882141,0.5277165174484253,1.0545086860656738
178,train,1,0.20000000298023224,0.30000001192092896,38,synthetic_0026,7,0.38999801874160767,9749.9501953125,140.9248504638672,1.0197232961654663,0.727297842502594,0.7275652885437012,-0.00026743323542177677,0.48301106691360474,0.24455419182777405,0.02229473926126957,0.05304360389709473,0.1692158579826355,0.28541886806488037,0.04986286163330078,0.04986286163330078,1.1045728921890259,1.26111900806427,0.49307653307914734,0.546271800994873,29.25436019897461,0.7587214112281799,0.0004035737074445933,0.7587214112281799,0.7217937111854553,0.37389230728149414,1.000434398651123
179,train,1,0.20000000298023224,0.30000001192092896,39,synthetic_0027,8,0.12254957854747772,3063.739501953125,28.895038604736328,0.12157099694013596,0.07397318631410599,0.07447368651628494,-0.0005005003768019378,0.04582042992115021,0.028653258457779884,0.002381278667598963,0.00404131505638361,0.022230664268136024,0.03890944644808769,0.009590823203325272,0.009590823203325272,1.0612009763717651,1.1504775285720825,0.47069042921066284,0.5541852712631226,30.837053298950195,0.9290125966072083,0.002037051133811474,0.9290125966072083,0.646489143371582,0.33127930760383606,0.9793453216552734
180,train,1,0.20000000298023224,0.30000001192092896,40,synthetic_0028,9,0.4421572685241699,11053.931640625,16.93781852722168,1.8114657402038574,1.893949031829834,1.8682879209518433,0.025661097839474678,0.7264416217803955,1.1418462991714478,0.5464998483657837,2.909349063884292e-07,0.5953461527824402,0.4927573502063751,1.8818018147670324e-22,0.4927573502063751,1.2924368381500244,1.8715864419937134,0.607879102230072,0.6447774767875671,48.95549392700195,0.9604775905609131,-1.8052756786346436e-05,0.9604775905609131,1.1296559572219849,0.6540112495422363,1.0847129821777344
181,train,1,0.20000000298023224,0.30000001192092896,41,synthetic_0029,10,0.2927040159702301,7317.60009765625,103.56944274902344,0.7837321162223816,0.7099732756614685,0.7118683457374573,-0.001895073801279068,0.26517218351364136,0.4466961622238159,0.1391603946685791,7.07663829757621e-08,0.30753567814826965,0.17796087265014648,3.71789897243883e-21,0.17796087265014648,1.076546311378479,1.2081632614135742,0.4828983545303345,0.5053662061691284,21.0732364654541,0.8882151246070862,-0.0007010995177552104,0.8882151246070862,0.6742507219314575,0.35393890738487244,0.9903557300567627
182,train,1,0.20000000298023224,0.30000001192092896,42,synthetic_0030,11,0.09952336549758911,2488.084228515625,0.5909401178359985,0.1514594703912735,0.13625368475914001,0.1342783123254776,0.001975373364984989,0.03694545105099678,0.09733286499977112,0.010218600742518902,0.024633020162582397,0.06248124688863754,0.0033862008713185787,0.04735046997666359,0.04735046997666359,1.297397255897522,1.9354426860809326,0.6199384927749634,0.9143104553222656,102.86209106445312,0.9972946643829346,-0.0017290544928982854,0.9972946643829346,1.1431410312652588,0.6909035444259644,1.091510534286499
183,train,1,0.20000000298023224,0.30000001192092896,43,synthetic_0031,12,0.4373287558555603,10933.21875,83.36947631835938,1.2532860040664673,1.2878886461257935,1.280714750289917,0.0071738953702151775,0.6374840140342712,0.643230676651001,0.22668929398059845,1.2385291370264895e-07,0.41654127836227417,0.21838317811489105,2.164475188593768e-21,0.21838317811489105,1.15935218334198,1.414806842803955,0.5235394239425659,0.5173342823982239,23.466854095458984,0.8920779228210449,-0.0013229503529146314,0.8920779228210449,0.8259043097496033,0.4371330738067627,1.026250958442688
184,train,1,0.20000000298023224,0.30000001192092896,44,synthetic_0032,13,0.14994850754737854,3748.712890625,6.874508857727051,0.3294670581817627,0.21375517547130585,0.21206268668174744,0.001692486577667296,0.07558532804250717,0.13647736608982086,0.012765016406774521,0.024839557707309723,0.09887279570102692,0.07582564651966095,0.058391980826854706,0.058391980826854706,1.1692713499069214,1.4755743741989136,0.5362452268600464,0.8283227682113647,85.66455841064453,0.9766369462013245,-0.0024424295406788588,0.9766369462013245,0.8473063707351685,0.46538645029067993,1.0353373289108276
185,train,1,0.20000000298023224,0.30000001192092896,45,synthetic_0033,14,0.1954413205385208,4886.033203125,24.335302352905273,0.5199732780456543,0.3749697506427765,0.37395018339157104,0.0010195645736530423,0.12257995456457138,0.25137022137641907,0.09893843531608582,4.040567702645603e-08,0.15243174135684967,0.1601741462945938,3.623069005902028e-23,0.1601741462945938,1.1162174940109253,1.317048192024231,0.504960298538208,0.6085634231567383,41.71268844604492,0.9600886702537537,-0.0012691945303231478,0.9600886702537537,0.7447241544723511,0.3976406753063202,1.0099961757659912
186,train,1,0.20000000298023224,0.30000001192092896,46,synthetic_0034,15,0.48730194568634033,12182.548828125,32.12616729736328,1.8785157203674316,1.706342339515686,1.6858232021331787,0.020519154146313667,0.8573777079582214,0.8284454941749573,0.0861358642578125,0.2096191793680191,0.5326904654502869,0.5840396285057068,0.14407537877559662,0.14407537877559662,1.2558506727218628,1.731789469718933,0.5831377506256104,0.5462936162948608,29.258718490600586,0.8900302052497864,-0.0011829579016193748,0.8900302052497864,1.0379602909088135,0.582743227481842,1.0693544149398804
187,train,1,0.20000000298023224,0.30000001192092896,47,synthetic_0035,16,0.1853952407836914,4634.880859375,31.511869430541992,0.27304786443710327,0.1834760159254074,0.18352699279785156,-5.0976130296476185e-05,0.10922069102525711,0.07430630922317505,0.0065808785147964954,0.01203746348619461,0.05568796396255493,0.08535207808017731,0.021048203110694885,0.021048203110694885,1.1052738428115845,1.262983798980713,0.49345123767852783,0.5476905107498169,29.538101196289062,0.9169023633003235,0.0028154440224170685,0.9169023633003235,0.7230603694915771,0.37463176250457764,1.0007703304290771
188,train,1,0.20000000298023224,0.30000001192092896,48,synthetic_0036,17,0.27620556950569153,6905.13916015625,173.98074340820312,0.44149747490882874,0.4005381762981415,0.4038426876068115,-0.003304508049041033,0.23086252808570862,0.1729801446199417,0.04694318771362305,2.6005954723018476e-08,0.12603692710399628,0.0642484575510025,7.846638521852288e-21,0.0642484575510025,1.0525692701339722,1.1295475959777832,0.4664311408996582,0.480722039937973,16.144407272338867,0.8581526279449463,0.0012168375542387366,0.8581526279449463,0.6321989297866821,0.323508620262146,0.9750729203224182
189,train,1,0.20000000298023224,0.30000001192092896,49,synthetic_0037,18,0.15780285000801086,3945.0712890625,20.371952056884766,0.3566870093345642,0.23528508841991425,0.23512451350688934,0.00016057431639637798,0.07874533534049988,0.15637917816638947,0.06121372804045677,2.3793878867195417e-08,0.0951654314994812,0.11440745741128922,9.545683958830134e-23,0.11440745741128922,1.0999102592468262,1.2713429927825928,0.49574753642082214,0.625702977180481,45.14059829711914,0.9670798778533936,-0.0010589096928015351,0.9670798778533936,0.7151463031768799,0.3790114223957062,1.0019949674606323
190,train,1,0.20000000298023224,0.30000001192092896,50,synthetic_0038,0,0.1589248776435852,3973.121826171875,8.451969146728516,0.4489608705043793,0.28758999705314636,0.2854757606983185,0.002114243106916547,0.08440671116113663,0.20106905698776245,0.08734797686338425,3.564028006053377e-08,0.11372103542089462,0.17149753868579865,3.295786645979424e-22,0.17149753868579865,1.1623992919921875,1.45414400100708,0.5320823192596436,0.7294378280639648,65.88756561279297,0.9837286472320557,-0.0012851424980908632,0.9837286472320557,0.8334413170814514,0.45594358444213867,1.0321155786514282
191,train,1,0.20000000298023224,0.30000001192092896,51,synthetic_0039,1,0.3776973485946655,9442.43359375,15.053218841552734,2.1356945037841797,1.643079161643982,1.6218311786651611,0.0212479867041111,0.5140462517738342,1.1077849864959717,0.1126982569694519,0.2674258053302765,0.7276608943939209,0.9447265267372131,0.2526983618736267,0.2526983618736267,1.2533618211746216,1.7629145383834839,0.5898357629776001,0.619475245475769,43.89504623413086,0.9420319199562073,8.14925879240036e-05,0.9420319199562073,1.032735824584961,0.600941002368927,1.0731332302093506
192,train,1,0.20000000298023224,0.30000001192092896,52,synthetic_0040,2,0.29109859466552734,7277.46533203125,15.472868919372559,1.3096569776535034,1.081786036491394,1.0701855421066284,0.011600474826991558,0.2947007715702057,0.7754847407341003,0.34482309222221375,1.6073282438355818e-07,0.43066149950027466,0.44645801186561584,1.8542678870477413e-23,0.44645801186561584,1.2096596956253052,1.607465386390686,0.5613695383071899,0.6546227931976318,50.924556732177734,0.9682808518409729,-0.001160420011729002,0.9682808518409729,0.9325673580169678,0.525501549243927,1.0538843870162964
193,train,1,0.20000000298023224,0.30000001192092896,53,synthetic_0041,3,0.13393333554267883,3348.333251953125,1.3849103450775146,0.26360249519348145,0.23244474828243256,0.22922047972679138,0.003224265528842807,0.06589915603399277,0.16332131624221802,0.016896473243832588,0.03930981084704399,0.10711502283811569,0.006771755870431662,0.07718519121408463,0.07718519121408463,1.2778050899505615,1.8565082550048828,0.6063610315322876,0.9292618632316589,105.85237121582031,0.9939430356025696,-0.0022565610706806183,0.9939430356025696,1.0927562713623047,0.6488946080207825,1.0834739208221436
194,train,1,0.20000000298023224,0.30000001192092896,54,synthetic_0042,4,0.05746452137827873,1436.613037109375,0.7187166810035706,0.053847186267375946,0.04185089096426964,0.04143868014216423,0.000412211986258626,0.011351961642503738,0.030086718499660492,0.013889272697269917,5.739593689213507e-09,0.016197441145777702,0.019032662734389305,6.146999810986619e-23,0.019032662734389305,1.1957309246063232,1.5607901811599731,0.5525778532028198,0.9752650260925293,115.0530014038086,0.9984753727912903,0.0004419907636474818,0.9984753727912903,0.9024126529693604,0.5038295388221741,1.047565221786499
195,train,1,0.20000000298023224,0.30000001192092896,55,synthetic_0043,5,0.12846489250659943,3211.622314453125,16.842809677124023,0.15310516953468323,0.10281927138566971,0.10294229537248611,-0.00012302110553719103,0.05210849642753601,0.050833798944950104,0.020108701661229134,7.388011979969633e-09,0.030725089833140373,0.04171134531497955,6.469579297736657e-22,0.04171134531497955,1.098251461982727,1.2444137334823608,0.48971593379974365,0.6453798413276672,49.075965881347656,0.9729391932487488,-0.00024292990565299988,0.9729391932487488,0.7104439735412598,0.36729902029037476,0.9973974823951721
196,train,1,0.20000000298023224,0.30000001192092896,56,synthetic_0044,6,0.11188442260026932,2797.110595703125,6.475625038146973,0.23165810108184814,0.13109590113162994,0.13052904605865479,0.0005668563535436988,0.04068787395954132,0.08984117209911346,0.037965260446071625,1.447983155600241e-08,0.051875900477170944,0.09149529039859772,1.6890256665476391e-22,0.09149529039859772,1.1305451393127441,1.3583383560180664,0.5132138729095459,0.7672281265258789,73.44562530517578,0.9882488250732422,-0.000455226720077917,0.9882488250732422,0.7714446783065796,0.4148184061050415,1.016944408416748
197,train,1,0.20000000298023224,0.30000001192092896,57,synthetic_0045,7,0.4448027014732361,11120.0673828125,326.0817565917969,1.4193170070648193,1.4111957550048828,1.4188191890716553,-0.007623415440320969,0.6028807759284973,0.8159383535385132,0.1998533010482788,1.4731683961599629e-07,0.6160849332809448,0.2652638554573059,2.6795357890797757e-19,0.2652638554573059,1.059885025024414,1.1647210121154785,0.4740033745765686,0.4573419690132141,11.468393325805664,0.7850043177604675,0.00019513070583343506,0.7850043177604675,0.6461089849472046,0.33717411756515503,0.98192298412323
198,train,1,0.20000000298023224,0.30000001192092896,58,synthetic_0046,8,0.29984036087989807,7496.00927734375,14.598140716552734,0.860627293586731,0.7750081419944763,0.7662807106971741,0.008727439679205418,0.3206563889980316,0.44562432169914246,0.2052803784608841,9.60985175879614e-08,0.2403438538312912,0.24352537095546722,3.771556609636141e-23,0.24352537095546722,1.2405717372894287,1.67697274684906,0.5731728076934814,0.6611355543136597,52.227108001708984,0.9687407612800598,-0.001386786811053753,0.9687407612800598,1.0016480684280396,0.5560257434844971,1.062760829925537
199,train,1,0.20000000298023224,0.30000001192092896,59,synthetic_0047,9,0.45374709367752075,11343.677734375,196.875732421875,1.3602522611618042,0.9518508911132812,0.9524572491645813,-0.0006063670152798295,0.6525902152061462,0.29986703395843506,0.02722928673028946,0.07090917229652405,0.20172858238220215,0.3863541781902313,0.06004916876554489,0.06004916876554489,1.102490782737732,1.25559401512146,0.49196600914001465,0.5549184083938599,30.983686447143555,0.7158473134040833,-0.0003252066671848297,0.7158473134040833,0.7180408239364624,0.37170565128326416,0.9994354248046875
200,train,1,0.20000000298023224,0.30000001192092896,60,synthetic_0048,10,0.20714430510997772,5178.60791015625,7.808567047119141,0.4068351686000824,0.30942192673683167,0.30609890818595886,0.003323011100292206,0.15185922384262085,0.154239684343338,0.015562704764306545,0.03239697217941284,0.10627999901771545,0.10894143581390381,0.052544791251420975,0.052544791251420975,1.230997920036316,1.643599033355713,0.5670340061187744,0.7623324990272522,72.46649932861328,0.9706867337226868,0.0011140941642224789,0.9706867337226868,0.9794543385505676,0.5400851368904114,1.0585806369781494
201,train,1,0.20000000298023224,0.30000001192092896,61,synthetic_0049,11,0.4009439945220947,10023.599609375,9.549579620361328,2.790534019470215,2.649263858795166,2.610830307006836,0.0384335033595562,0.5997722148895264,2.0110580921173096,0.9914155006408691,5.34176365363237e-07,1.0196419954299927,1.0453695058822632,1.066635743127138e-22,1.0453695058822632,1.297720193862915,1.9367750883102417,0.6201648712158203,0.7130492329597473,62.60984420776367,0.9759414792060852,0.0003144610673189163,0.9759414792060852,1.1439893245697021,0.6916253566741943,1.0916409492492676
202,train,1,0.20000000298023224,0.30000001192092896,62,synthetic_0050,12,0.4543493986129761,11358.734375,385.2949523925781,1.330622673034668,0.8243629336357117,0.8297204971313477,-0.0053575788624584675,0.6307673454284668,0.19895313680171967,0.018671441823244095,0.049738459289073944,0.13054323196411133,0.3873805105686188,0.048215821385383606,0.048215821385383606,1.0627998113632202,1.1543934345245361,0.47148680686950684,0.5688545107841492,33.77090072631836,0.5918064117431641,-0.00025203078985214233,0.5918064117431641,0.649160623550415,0.33274397253990173,0.9801336526870728
203,train,1,0.20000000298023224,0.30000001192092896,63,synthetic_0051,13,0.34857580065727234,8714.39453125,311.62017822265625,0.7888527512550354,0.49063846468925476,0.49518224596977234,-0.004543784540146589,0.36571767926216125,0.12946456670761108,0.011110908351838589,0.029201040044426918,0.08915261179208755,0.2280091941356659,0.030405091121792793,0.030405091121792793,1.0469202995300293,1.1160439252853394,0.4636818468570709,0.5649094581604004,32.98188781738281,0.6616374850273132,0.0009601597557775676,0.6616374850273132,0.6229685544967651,0.318547785282135,0.9722617864608765
204,train,1,0.20000000298023224,0.30000001192092896,64,synthetic_0052,14,0.3613528311252594,9033.8212890625,176.06845092773438,1.0581281185150146,1.0332374572753906,1.036987543106079,-0.003750062780454755,0.4018652141094208,0.6351223587989807,0.17403583228588104,1.0385486604036487e-07,0.4610864222049713,0.21893168985843658,2.783894769240541e-20,0.21893168985843658,1.0704827308654785,1.1921995878219604,0.47963428497314453,0.48021572828292847,16.043148040771484,0.8537664413452148,-0.00037510317633859813,0.8537664413452148,0.6639127731323242,0.3477320671081543,0.9873000979423523
205,train,1,0.20000000298023224,0.30000001192092896,65,synthetic_0053,15,0.15676209330558777,3919.05224609375,25.317920684814453,0.20775215327739716,0.15170525014400482,0.15189912915229797,-0.0001938725617947057,0.07754991203546524,0.07434920966625214,0.02866967022418976,1.0961152874244817e-08,0.045679524540901184,0.050480153411626816,6.209985621103085e-23,0.050480153411626816,1.097643494606018,1.2428175210952759,0.4893944263458252,0.6049033403396606,40.98067092895508,0.9607393145561218,8.105859160423279e-05,0.9607393145561218,0.7093591690063477,0.36667200922966003,0.9971047639846802
206,train,1,0.20000000298023224,0.30000001192092896,66,synthetic_0054,16,0.43215054273605347,10803.763671875,21.012235641479492,1.6479536294937134,1.7079554796218872,1.686244010925293,0.02171150967478752,0.6825025677680969,1.0037413835525513,0.46466004848480225,2.4228242523349763e-07,0.5390810966491699,0.42228370904922485,2.0654568376558983e-22,0.42228370904922485,1.2711485624313354,1.7887074947357178,0.5933281183242798,0.6226348876953125,44.5269775390625,0.9540876746177673,-0.0004065520770382136,0.9540876746177673,1.075461506843567,0.6112059354782104,1.0758541822433472
207,train,1,0.20000000298023224,0.30000001192092896,67,synthetic_0055,17,0.21547211706638336,5386.802734375,11.120707511901855,0.4446007013320923,0.316127747297287,0.3131759464740753,0.0029517984949052334,0.16124258935451508,0.15193335711956024,0.015005218796432018,0.030381981283426285,0.10654615610837936,0.15580061078071594,0.047903675585985184,0.047903675585985184,1.2079800367355347,1.566232442855835,0.5525969862937927,0.6672080755233765,53.44161605834961,0.9607939720153809,0.0014596887631341815,0.9607939720153809,0.9277811050415039,0.5040550827980042,1.0483874082565308
208,train,1,0.20000000298023224,0.30000001192092896,68,synthetic_0056,18,0.22689397633075714,5672.349609375,48.78363800048828,0.37575605511665344,0.3155648112297058,0.3157413899898529,-0.00017657307034824044,0.1632651835680008,0.1524762064218521,0.055422548204660416,2.3725490905235347e-08,0.0970536321401596,0.07566949725151062,1.4373112588531598e-22,0.07566949725151062,1.103087067604065,1.2571741342544556,0.4922836720943451,0.5517326593399048,30.346529006958008,0.9312939643859863,3.645941615104675e-05,0.9312939643859863,0.7191141247749329,0.37233030796051025,0.9997216463088989
209,train,1,0.20000000298023224,0.30000001192092896,69,synthetic_0057,0,0.2761867046356201,6904.66748046875,13.997344970703125,0.7367858290672302,0.642798125743866,0.6359202265739441,0.0068779196590185165,0.26980751752853394,0.36611270904541016,0.167386993765831,7.645507338338575e-08,0.1987256556749344,0.21074740588665009,2.9414360702615356e-23,0.21074740588665009,1.2302988767623901,1.6411902904510498,0.566588819026947,0.6659277081489563,53.185543060302734,0.9705259203910828,-0.001450571115128696,0.9705259203910828,0.9778501987457275,0.5389441847801208,1.0582740306854248
210,train,1,0.20000000298023224,0.30000001192092896,70,synthetic_0058,1,0.3751034438610077,9377.5859375,46.47632598876953,1.0275728702545166,0.848509669303894,0.8422014713287354,0.0063082012347877026,0.47793713212013245,0.3642643094062805,0.035569895058870316,0.07822603732347488,0.250468373298645,0.28591156005859375,0.07191911339759827,0.07191911339759827,1.1814919710159302,1.4818483591079712,0.5365307927131653,0.522515594959259,24.503116607666016,0.8699318766593933,0.0002806857228279114,0.8699318766593933,0.8711131811141968,0.46618637442588806,1.0364254713058472
211,train,1,0.20000000298023224,0.30000001192092896,71,synthetic_0059,2,0.12969981133937836,3242.4951171875,40.4637565612793,0.12787452340126038,0.09249284863471985,0.0932985320687294,-0.0008056846563704312,0.05078026279807091,0.04251826927065849,0.014916506595909595,5.64699753624609e-09,0.027601758018136024,0.027149349451065063,3.433766685564866e-23,0.027149349451065063,1.049973487854004,1.1233232021331787,0.4651639461517334,0.5655414462089539,33.1082878112793,0.9460169672966003,0.0019385156920179725,0.9460169672966003,0.6279455423355103,0.32121673226356506,0.9737826585769653
212,train,1,0.20000000298023224,0.30000001192092896,72,synthetic_0060,3,0.21657142043113708,5414.28515625,2.189678430557251,0.5026059150695801,0.5300376415252686,0.5220937132835388,0.007943939417600632,0.18067289888858795,0.34142082929611206,0.1804056614637375,9.563856906424917e-08,0.1610150933265686,0.16260603070259094,3.0643630786753245e-21,0.16260603070259094,1.3398396968841553,2.073929786682129,0.6419744491577148,0.9139779210090637,102.79558563232422,0.9938719272613525,6.854720413684845e-05,0.9938719272613525,1.259566307067871,0.7657535076141357,1.1035168170928955
213,train,1,0.20000000298023224,0.30000001192092896,73,synthetic_0061,4,0.48499467968940735,12124.8671875,12.240984916687012,3.650383234024048,3.180382251739502,3.133368492126465,0.04701368138194084,0.884212851524353,2.2491557598114014,0.2376450002193451,0.6248251795768738,1.3866856098175049,1.592376470565796,0.46262457966804504,0.46262457966804504,1.3075100183486938,1.9776747226715088,0.6270684003829956,0.6501062512397766,50.02125549316406,0.9467065334320068,0.0004897973849438131,0.9467065334320068,1.1699929237365723,0.7139923572540283,1.0955625772476196
214,train,1,0.20000000298023224,0.30000001192092896,74,synthetic_0062,5,0.2232939749956131,5582.349609375,3.5709893703460693,0.423092782497406,0.434138685464859,0.428031861782074,0.006106830667704344,0.1874329000711441,0.24059894680976868,0.025838185101747513,0.06142551451921463,0.15333524346351624,0.013671224005520344,0.08417809754610062,0.08417809754610062,1.3075368404388428,1.9331985712051392,0.6184751987457275,0.9487646222114563,109.75292205810547,0.9839428067207336,0.00038787905941717327,0.9839428067207336,1.169595718383789,0.6869178414344788,1.0908517837524414
215,train,1,0.20000000298023224,0.30000001192092896,75,synthetic_0063,6,0.3005605638027191,7514.01416015625,62.831478118896484,0.632882297039032,0.4787634313106537,0.47779786586761475,0.000965578539762646,0.29200607538223267,0.18579179048538208,0.017122182995080948,0.03548332303762436,0.13318628072738647,0.16952036321163177,0.040503621101379395,0.040503621101379395,1.1243202686309814,1.3146346807479858,0.5037823915481567,0.5200037956237793,24.000761032104492,0.8510796427726746,0.0016219266690313816,0.8510796427726746,0.7581106424331665,0.3953857421875,1.0098443031311035
216,train,1,0.20000000298023224,0.30000001192092896,76,synthetic_0064,7,0.0937294214963913,2343.235595703125,1.224294900894165,0.0894884467124939,0.08009149134159088,0.07913784682750702,0.0009536453289911151,0.03165709972381592,0.0474807471036911,0.023227887228131294,1.0179454612568861e-08,0.02425285242497921,0.027168547734618187,7.603260392307401e-23,0.027168547734618187,1.2533761262893677,1.7227776050567627,0.5815095901489258,0.9555113911628723,111.1022720336914,0.9971389770507812,-0.0013774289982393384,0.9971389770507812,1.0320032835006714,0.5783045291900635,1.0682933330535889
217,train,1,0.20000000298023224,0.30000001192092896,77,synthetic_0065,8,0.28324833512306213,7081.20849609375,3.213536024093628,0.6865761280059814,0.7815989255905151,0.7696812152862549,0.011917737312614918,0.31156593561172485,0.45811527967453003,0.05046480894088745,0.1322373002767563,0.2754131853580475,0.020396659150719643,0.1402955949306488,0.1402955949306488,1.3507575988769531,2.1245834827423096,0.6501952409744263,0.9476897120475769,109.5379409790039,0.9841160178184509,0.00011256150901317596,0.9841160178184509,1.2914797067642212,0.795445442199707,1.1076328754425049
218,train,1,0.20000000298023224,0.30000001192092896,78,synthetic_0066,9,0.36611783504486084,9152.9462890625,15.451948165893555,1.2674291133880615,1.232987880706787,1.2174197435379028,0.015568078495562077,0.489092618227005,0.7283270955085754,0.3433435559272766,1.716857127576077e-07,0.3849833607673645,0.35334235429763794,1.4643908973543522e-23,0.35334235429763794,1.2691457271575928,1.7811346054077148,0.5919815301895142,0.6547725796699524,50.95452117919922,0.9652032256126404,-0.0009279955993406475,0.9652032256126404,1.0704846382141113,0.6073758602142334,1.0750092267990112
219,train,1,0.20000000298023224,0.30000001192092896,79,synthetic_0067,10,0.4145510196685791,10363.775390625,131.957763671875,1.4845365285873413,1.499804973602295,1.4979922771453857,0.001812647795304656,0.545433759689331,0.9525585174560547,0.28870445489883423,1.6839379668454058e-07,0.6638538837432861,0.322755366563797,3.2655494383505247e-20,0.322755366563797,1.1039469242095947,1.2825316190719604,0.4980098307132721,0.4931953251361847,18.639062881469727,0.8681397438049316,9.933300316333771e-05,0.8681397438049316,0.7223870754241943,0.3835342228412628,1.0039849281311035
220,train,1,0.20000000298023224,0.30000001192092896,80,synthetic_0068,11,0.27568233013153076,6892.05810546875,4.21627140045166,0.850829005241394,0.8263980150222778,0.8142887353897095,0.012109254486858845,0.2899782657623291,0.5243104696273804,0.27170073986053467,1.4219494914868847e-07,0.25260958075523376,0.2899787127971649,1.3258821695011186e-21,0.2899787127971649,1.3271186351776123,2.0169570446014404,0.6325786113739014,0.8312411904335022,86.24823760986328,0.9886307716369629,-0.0003869421489071101,0.9886307716369629,1.2233659029006958,0.7332046031951904,1.0986112356185913
221,train,1,0.20000000298023224,0.30000001192092896,81,synthetic_0069,12,0.4081067144870758,10202.66796875,28.217479705810547,2.172137975692749,2.108369827270508,2.085028648376465,0.02334112673997879,0.5820847153663635,1.5029438734054565,0.643563449382782,3.279895679497713e-07,0.8593800663948059,0.6468876600265503,9.711635680828392e-23,0.6468876600265503,1.2156283855438232,1.6278705596923828,0.5651780366897583,0.5951583981513977,39.03168487548828,0.9455413818359375,6.534717977046967e-05,0.9455413818359375,0.9457414150238037,0.5351154208183289,1.0565661191940308
222,train,1,0.20000000298023224,0.30000001192092896,82,synthetic_0070,13,0.09229186922311783,2307.296875,5.417901515960693,0.07088303565979004,0.0500517413020134,0.04991500824689865,0.0001367323857266456,0.027690842747688293,0.022224167361855507,0.0020018527284264565,0.003478448372334242,0.016743866726756096,0.004280332010239363,0.012267816811800003,0.012267816811800003,1.1307626962661743,1.3325417041778564,0.507342517375946,0.9331978559494019,106.63957214355469,0.9832233786582947,-0.0018754430348053575,0.9832233786582947,0.7702480554580688,0.4027034640312195,1.0128891468048096
223,train,1,0.20000000298023224,0.30000001192092896,83,synthetic_0071,14,0.29419007897377014,7354.751953125,198.16737365722656,0.5716509222984314,0.36752066016197205,0.3705655336380005,-0.003044860903173685,0.26185646653175354,0.10870905965566635,0.009328816086053848,0.02210136316716671,0.07727888226509094,0.1624104380607605,0.025186359882354736,0.025186359882354736,1.0523723363876343,1.1290743350982666,0.46633481979370117,0.5550755858421326,31.015113830566406,0.7288429141044617,0.0018831990892067552,0.7288429141044617,0.6318756937980652,0.3233340382575989,0.9749751687049866
224,train,1,0.20000000298023224,0.30000001192092896,84,synthetic_0072,15,0.06680668145418167,1670.1671142578125,0.9716455936431885,0.041160471737384796,0.031693387776613235,0.031381264328956604,0.0003121233021374792,0.015602602623403072,0.015778662636876106,0.0015648872358724475,0.0030686059035360813,0.011145169846713543,0.0007987113785929978,0.010131679475307465,0.010131679475307465,1.2159603834152222,1.5926114320755005,0.5575515031814575,0.9220579862594604,104.4115982055664,0.9963437914848328,-0.0029831179417669773,0.9963437914848328,0.9454325437545776,0.5161967873573303,1.0519435405731201
225,train,1,0.20000000298023224,0.30000001192092896,85,synthetic_0073,16,0.2850094735622406,7125.23681640625,47.026939392089844,0.9032544493675232,0.6239944100379944,0.6218303442001343,0.0021640376653522253,0.2621975839138031,0.35963279008865356,0.0325966402888298,0.06711359322071075,0.2599225640296936,0.3280763328075409,0.08260387182235718,0.08260387182235718,1.1227220296859741,1.3356597423553467,0.5086891055107117,0.5218376517295837,24.367528915405273,0.8788833618164062,-0.0016057216562330723,0.8788833618164062,0.7567684650421143,0.4053427577018738,1.0131601095199585
226,train,1,0.20000000298023224,0.30000001192092896,86,synthetic_0074,17,0.08840636163949966,2210.158935546875,8.345870971679688,0.13924625515937805,0.07178280502557755,0.07189679145812988,-0.00011398298374842852,0.024350475519895554,0.04754631221294403,0.018947072327136993,6.74927314037177e-09,0.02859923057258129,0.053290560841560364,6.941702325874101e-22,0.053290560841560364,1.0836836099624634,1.2271808385849,0.4867783784866333,0.7311691641807556,66.23383331298828,0.986367404460907,0.0002605654299259186,0.986367404460907,0.6865630149841309,0.36140161752700806,0.9939337372779846
227,train,1,0.20000000298023224,0.30000001192092896,87,synthetic_0075,18,0.33684346079826355,8421.0859375,31.78793716430664,1.4295263290405273,1.288501501083374,1.2776203155517578,0.010881178081035614,0.38361769914627075,0.8940026760101318,0.36490246653556824,1.7429930210255407e-07,0.5291000604629517,0.41436153650283813,1.207891070082185e-22,0.41436153650283813,1.175992488861084,1.4968082904815674,0.5403482913970947,0.5849093198776245,36.98186492919922,0.9439268112182617,-0.0006926207570359111,0.9439268112182617,0.8610422611236572,0.4748314321041107,1.0384703874588013
228,train,1,0.20000000298023224,0.30000001192092896,88,synthetic_0076,0,0.195330411195755,4883.26025390625,1.6230902671813965,0.6634956002235413,0.6913315057754517,0.6808582544326782,0.01047323364764452,0.14501610398292542,0.5358421802520752,0.27867236733436584,1.4865990749513003e-07,0.2571696639060974,0.24845391511917114,5.164992485169965e-21,0.24845391511917114,1.3220218420028687,2.0401952266693115,0.6374530792236328,0.9387860894203186,107.75720977783203,0.9955194592475891,0.00020530261099338531,0.9955194592475891,1.2095905542373657,0.7489868998527527,1.101252794265747
229,train,1,0.20000000298023224,0.30000001192092896,89,synthetic_0077,1,0.08530537039041519,2132.63427734375,6.153846263885498,0.09866410493850708,0.05792500823736191,0.05790155008435249,2.3458487703464925e-05,0.022968057543039322,0.03493349254131317,0.002995589980855584,0.0051476010121405125,0.026790302246809006,0.012194276787340641,0.019851811230182648,0.019851811230182648,1.097826361656189,1.2655984163284302,0.49458447098731995,0.8999322056770325,99.98644256591797,0.9819328188896179,-0.002820950001478195,0.9819328188896179,0.711428701877594,0.3766990303993225,1.0009653568267822
230,train,1,0.20000000298023224,0.30000001192092896,90,synthetic_0078,2,0.36318838596343994,9079.7099609375,5.934487819671631,2.4635112285614014,2.3288304805755615,2.293773889541626,0.03505668416619301,0.4998399317264557,1.7939338684082031,0.9136579036712646,5.006210699320945e-07,0.8802754282951355,0.9805110096931458,4.446856734012587e-21,0.9805110096931458,1.3180418014526367,2.022815227508545,0.63458651304245,0.7801018357276917,76.02037048339844,0.9840950965881348,0.0001915227621793747,0.9840950965881348,1.1986024379730225,0.7391595840454102,1.0997074842453003
231,train,1,0.20000000298023224,0.30000001192092896,91,synthetic_0079,3,0.1626093089580536,4065.232666015625,33.815372467041016,0.3224865198135376,0.18614566326141357,0.18673449754714966,-0.0005888412124477327,0.08159968256950378,0.10513481497764587,0.008880951441824436,0.016061857342720032,0.08019200712442398,0.12676192820072174,0.03131064027547836,0.03131064027547836,1.0733956098556519,1.1998461484909058,0.4811984896659851,0.5426682829856873,28.533655166625977,0.9155116081237793,-0.002743024844676256,0.9155116081237793,0.6688649654388428,0.3506985604763031,0.9887698292732239
