cycle_id,source_id,candidate_index,base_config_id,filter_pass,selected,rejection_reason,confidence_score,residual_ratio,max_abs_feature_z,U,Re,Ca,E,h,t,theta1_init_deg,theta2_init_deg,theta3_init_deg,D,H,L,H_soft,b,N_per_column,Cd_soft,Cd_cyl,force,F_physics,F_residual,Cd_stem_eff,Cd_leaf_eff,shielding_coef,reconfiguration_factor,reconfiguration_gain
9,2,0,3,1,0,valid_not_selected,0.9509168267250061,0.010065729729831219,1.0702440738677979,0.24065718054771423,6016.42919921875,3.5583505630493164,12500000.0,0.009999999776482582,0.0020000000949949026,60.0,180.0,300.0,0.02500000037252903,0.23000000417232513,0.07999999821186066,0.20000000298023224,0.027499999850988388,5.0,2.0,1.2000000476837158,0.630970299243927,0.6246824264526367,0.006287884432822466,1.301138162612915,1.9100838899612427,0.7872362732887268,1.1991775035858154,1.1629775762557983
9,2,1,0,1,0,valid_not_selected,0.8736526966094971,0.027014469727873802,1.4232515096664429,0.32853445410728455,8213.361328125,6.63151741027832,12500000.0,0.019999999552965164,0.0020000000949949026,20.0,120.0,240.0,0.02500000037252903,0.23000000417232513,0.07999999821186066,0.20000000298023224,0.027499999850988388,5.0,2.0,1.2000000476837158,1.4137041568756104,1.4529550075531006,-0.03925080969929695,1.1598434448242188,1.9191850423812866,0.7936389446258545,1.2271150350570679,1.2049024105072021
9,2,2,2,1,0,valid_not_selected,0.6991408467292786,0.07158061861991882,1.4232515096664429,0.4803265631198883,12008.1640625,14.175039291381836,12500000.0,0.009999999776482582,0.0020000000949949026,20.0,120.0,240.0,0.02500000037252903,0.23000000417232513,0.07999999821186066,0.20000000298023224,0.027499999850988388,5.0,2.0,1.2000000476837158,1.9738129377365112,2.125992774963379,-0.15217988193035126,1.3173177242279053,2.3710412979125977,0.787936270236969,1.0928447246551514,1.0817734003067017
9,2,3,0,1,0,valid_not_selected,0.8671640753746033,0.028505410999059677,1.4232515096664429,0.3914943039417267,9787.3564453125,9.416769981384277,12500000.0,0.019999999552965164,0.0020000000949949026,20.0,120.0,240.0,0.02500000037252903,0.23000000417232513,0.07999999821186066,0.20000000298023224,0.027499999850988388,5.0,2.0,1.2000000476837158,2.0156195163726807,2.074761390686035,-0.05914192646741867,1.1705793142318726,1.9589083194732666,0.7880709767341614,1.199811577796936,1.1790030002593994
9,2,4,5,1,1,accepted,0.9124515652656555,0.018324049189686775,1.4250988960266113,0.09492308646440506,2373.0771484375,1.9492899179458618,3550000.0,0.019999999552965164,0.0020000000949949026,60.0,180.0,300.0,0.02500000037252903,0.23000000417232513,0.07999999821186066,0.20000000298023224,0.027499999850988388,5.0,2.0,1.2000000476837158,0.18885023891925812,0.18545201420783997,0.003398231929168105,1.0825743675231934,1.9168708324432373,0.7890720963478088,1.3794279098510742,1.3725544214248657
9,2,5,0,1,1,accepted,0.8774706721305847,0.026142355054616928,1.4232515096664429,0.2679552733898163,6698.88134765625,4.4113922119140625,12500000.0,0.019999999552965164,0.0020000000949949026,20.0,120.0,240.0,0.02500000037252903,0.23000000417232513,0.07999999821186066,0.20000000298023224,0.027499999850988388,5.0,2.0,1.2000000476837158,0.9339234232902527,0.9589937925338745,-0.02507035620510578,1.1455708742141724,1.8849583864212036,0.7978434562683105,1.2482032775878906,1.2248140573501587
9,2,6,5,1,0,valid_not_selected,0.8102415204048157,0.04208458587527275,1.034494161605835,0.18382549285888672,4595.6376953125,7.310451030731201,3550000.0,0.019999999552965164,0.0020000000949949026,60.0,180.0,300.0,0.02500000037252903,0.23000000417232513,0.07999999821186066,0.20000000298023224,0.027499999850988388,5.0,2.0,1.2000000476837158,0.5836823582649231,0.560110330581665,0.023572010919451714,1.128028392791748,1.8413156270980835,0.7417047023773193,1.1600804328918457,1.1282275915145874
9,2,7,4,1,0,valid_not_selected,0.9623206257820129,0.007681519724428654,1.4232515096664429,0.402018278837204,10050.4560546875,34.964256286621094,3550000.0,0.019999999552965164,0.0020000000949949026,20.0,120.0,240.0,0.02500000037252903,0.23000000417232513,0.07999999821186066,0.20000000298023224,0.027499999850988388,5.0,2.0,1.2000000476837158,1.59684157371521,1.6092027425765991,-0.01236112229526043,1.1226946115493774,2.0912718772888184,0.6678217649459839,0.8337759971618652,0.8123753666877747
9,2,8,6,1,0,valid_not_selected,0.8771234154701233,0.026221519336104393,1.1948447227478027,0.4024074077606201,10060.1845703125,35.031978607177734,3550000.0,0.009999999776482582,0.0020000000949949026,60.0,120.0,240.0,0.02500000037252903,0.23000000417232513,0.07999999821186066,0.20000000298023224,0.027499999850988388,5.0,2.0,1.2000000476837158,0.9421844482421875,0.9675552248954773,-0.02537076734006405,1.0611721277236938,2.022386312484741,0.5400047302246094,0.41195452213287354,0.4186442196369171
9,2,9,4,1,0,valid_not_selected,0.8132078647613525,0.04135369881987572,1.6785308122634888,0.0806725025177002,2016.8125,1.407938838005066,3550000.0,0.019999999552965164,0.0020000000949949026,20.0,120.0,240.0,0.02500000037252903,0.23000000417232513,0.07999999821186066,0.20000000298023224,0.027499999850988388,5.0,2.0,1.2000000476837158,0.08150611072778702,0.08502209186553955,-0.0035159781109541655,1.0301086902618408,1.9270358085632324,0.7843878865242004,1.2716413736343384,1.2353205680847168
9,2,10,0,1,0,valid_not_selected,0.8658300042152405,0.028813336044549942,1.4232515096664429,0.4041377902030945,10103.4443359375,10.034830093383789,12500000.0,0.019999999552965164,0.0020000000949949026,20.0,120.0,240.0,0.02500000037252903,0.23000000417232513,0.07999999821186066,0.20000000298023224,0.027499999850988388,5.0,2.0,1.2000000476837158,2.1484363079071045,2.212176561355591,-0.06374018639326096,1.1723151206970215,1.9672505855560303,0.786775529384613,1.1935409307479858,1.173026442527771
9,2,11,5,1,0,valid_not_selected,0.8236299753189087,0.03880678489804268,1.034494161605835,0.3466792106628418,8666.9794921875,26.000898361206055,3550000.0,0.019999999552965164,0.0020000000949949026,60.0,180.0,300.0,0.02500000037252903,0.23000000417232513,0.07999999821186066,0.20000000298023224,0.027499999850988388,5.0,2.0,1.2000000476837158,1.5946396589279175,1.5350686311721802,0.05957107990980148,1.2474936246871948,1.8296926021575928,0.6529831886291504,0.7824755907058716,0.7614943385124207
9,2,12,7,1,0,valid_not_selected,0.8376337289810181,0.035434868186712265,1.0,0.1956198513507843,4890.49658203125,8.278632164001465,3550000.0,0.009999999776482582,0.0020000000949949026,60.0,180.0,300.0,0.02500000037252903,0.23000000417232513,0.07999999821186066,0.20000000298023224,0.027499999850988388,5.0,2.0,1.2000000476837158,0.41695863008499146,0.4026893973350525,0.01426924578845501,1.1847716569900513,2.1769094467163086,0.7107064723968506,1.001788854598999,1.0127849578857422
9,2,13,5,1,1,accepted,0.954696536064148,0.009272356517612934,1.4774271249771118,0.48887917399406433,12221.9794921875,51.70539093017578,3550000.0,0.019999999552965164,0.0020000000949949026,60.0,180.0,300.0,0.02500000037252903,0.23000000417232513,0.07999999821186066,0.20000000298023224,0.027499999850988388,5.0,2.0,1.2000000476837158,2.2834997177124023,2.2625207901000977,0.02097889967262745,1.314096450805664,1.8025819063186646,0.5685285329818726,0.4896160364151001,0.48620396852493286
9,2,14,0,1,0,valid_not_selected,0.8614360690116882,0.02983088418841362,1.4232515096664429,0.4470987021923065,11177.466796875,12.281682968139648,12500000.0,0.019999999552965164,0.0020000000949949026,20.0,120.0,240.0,0.02500000037252903,0.23000000417232513,0.07999999821186066,0.20000000298023224,0.027499999850988388,5.0,2.0,1.2000000476837158,2.6269724369049072,2.707746982574463,-0.08077448606491089,1.1772582530975342,1.9960134029388428,0.7819022536277771,1.1701546907424927,1.1506751775741577
9,2,15,4,1,1,accepted,0.9923021197319031,0.00154553831089288,1.4232515096664429,0.2407337874174118,6018.34423828125,12.537381172180176,3550000.0,0.019999999552965164,0.0020000000949949026,20.0,120.0,240.0,0.02500000037252903,0.23000000417232513,0.07999999821186066,0.20000000298023224,0.027499999850988388,5.0,2.0,1.2000000476837158,0.6617652177810669,0.6627895832061768,-0.0010243667056784034,1.0899298191070557,2.048996686935425,0.7248023152351379,1.042989730834961,1.012346625328064
9,2,16,4,1,0,valid_not_selected,0.9774351119995117,0.004564672242850065,1.4232515096664429,0.1485213190317154,3713.03271484375,4.772108554840088,3550000.0,0.019999999552965164,0.0020000000949949026,20.0,120.0,240.0,0.02500000037252903,0.23000000417232513,0.07999999821186066,0.20000000298023224,0.027499999850988388,5.0,2.0,1.2000000476837158,0.26136118173599243,0.2625596821308136,-0.0011984988814219832,1.0652409791946411,1.999561071395874,0.748287558555603,1.140695333480835,1.1064603328704834
9,2,17,3,1,0,valid_not_selected,0.946998119354248,0.010891631245613098,1.0702440738677979,0.20185193419456482,5046.29833984375,2.5033230781555176,12500000.0,0.009999999776482582,0.0020000000949949026,60.0,180.0,300.0,0.02500000037252903,0.23000000417232513,0.07999999821186066,0.20000000298023224,0.027499999850988388,5.0,2.0,1.2000000476837158,0.4481368362903595,0.4433084726333618,0.004828352481126785,1.2730604410171509,1.9140046834945679,0.7904030084609985,1.223368763923645,1.1906242370605469
9,2,18,6,1,0,valid_not_selected,0.8550485968589783,0.03131939470767975,1.2789618968963623,0.42641255259513855,10660.314453125,39.33622360229492,3550000.0,0.009999999776482582,0.0020000000949949026,60.0,120.0,240.0,0.02500000037252903,0.23000000417232513,0.07999999821186066,0.20000000298023224,0.027499999850988388,5.0,2.0,1.2000000476837158,0.9988860487937927,1.031182050704956,-0.03229599818587303,1.045366883277893,2.0151376724243164,0.5308244824409485,0.37938186526298523,0.3864896893501282
9,2,19,0,1,1,accepted,0.8769662380218506,0.026257356628775597,1.4232515096664429,0.24335981905460358,6083.9951171875,3.6387217044830322,12500000.0,0.019999999552965164,0.0020000000949949026,20.0,120.0,240.0,0.02500000037252903,0.23000000417232513,0.07999999821186066,0.20000000298023224,0.027499999850988388,5.0,2.0,1.2000000476837158,0.7679493427276611,0.7886574268341064,-0.020708059892058372,1.138269305229187,1.872065544128418,0.7993866205215454,1.2559560537338257,1.2321964502334595
9,2,20,2,1,1,accepted,0.7526321411132812,0.05683574080467224,1.4232515096664429,0.28900134563446045,7225.033203125,5.1315765380859375,12500000.0,0.009999999776482582,0.0020000000949949026,20.0,120.0,240.0,0.02500000037252903,0.23000000417232513,0.07999999821186066,0.20000000298023224,0.027499999850988388,5.0,2.0,1.2000000476837158,0.7190980315208435,0.7624313831329346,-0.043333351612091064,1.2892203330993652,2.1800785064697266,0.8078601360321045,1.1995264291763306,1.1911189556121826
9,2,21,5,1,0,valid_not_selected,0.8784042596817017,0.025929676368832588,1.1756619215011597,0.11140493303537369,2785.123291015625,2.684983253479004,3550000.0,0.019999999552965164,0.0020000000949949026,60.0,180.0,300.0,0.02500000037252903,0.23000000417232513,0.07999999821186066,0.20000000298023224,0.027499999850988388,5.0,2.0,1.2000000476837158,0.24295485019683838,0.23681433498859406,0.006140518933534622,1.0862300395965576,1.8867695331573486,0.7744722962379456,1.3181257247924805,1.3008923530578613
9,2,22,4,1,0,valid_not_selected,0.5742272138595581,0.03235466405749321,2.3929567337036133,0.05100036412477493,1275.009033203125,0.562703013420105,3550000.0,0.019999999552965164,0.0020000000949949026,20.0,120.0,240.0,0.02500000037252903,0.23000000417232513,0.07999999821186066,0.20000000298023224,0.027499999850988388,5.0,2.0,1.2000000476837158,0.08833584934473038,0.08556734770536423,0.002768502803519368,1.2917400598526,2.2206883430480957,0.9022382497787476,1.4358866214752197,1.4814406633377075
9,2,23,5,1,0,valid_not_selected,0.7998273968696594,0.044671863317489624,1.034494161605835,0.21320371329784393,5330.0927734375,9.833821296691895,3550000.0,0.019999999552965164,0.0020000000949949026,60.0,180.0,300.0,0.02500000037252903,0.23000000417232513,0.07999999821186066,0.20000000298023224,0.027499999850988388,5.0,2.0,1.2000000476837158,0.7580499053001404,0.7256344556808472,0.032415442168712616,1.1486402750015259,1.8357871770858765,0.7293574213981628,1.1024552583694458,1.0698086023330688
9,2,24,0,1,0,valid_not_selected,0.8701022267341614,0.02782890759408474,1.4232515096664429,0.3637691140174866,9094.2275390625,8.130228042602539,12500000.0,0.019999999552965164,0.0020000000949949026,20.0,120.0,240.0,0.02500000037252903,0.23000000417232513,0.07999999821186066,0.20000000298023224,0.027499999850988388,5.0,2.0,1.2000000476837158,1.7380582094192505,1.787811040878296,-0.04975282773375511,1.1662981510162354,1.94097900390625,0.7906984090805054,1.2126171588897705,1.1911770105361938
9,2,25,2,1,1,accepted,0.7470075488090515,0.05833600461483002,1.4232515096664429,0.32270294427871704,8067.5732421875,6.398186683654785,12500000.0,0.009999999776482582,0.0020000000949949026,20.0,120.0,240.0,0.02500000037252903,0.23000000417232513,0.07999999821186066,0.20000000298023224,0.027499999850988388,5.0,2.0,1.2000000476837158,0.898088812828064,0.9537253379821777,-0.05563652515411377,1.2946596145629883,2.202977418899536,0.8056870102882385,1.1875320672988892,1.1780179738998413
9,2,26,6,1,0,valid_not_selected,0.46780553460121155,0.1519405096769333,1.6153404712677002,0.08401183784008026,2100.2958984375,1.5269109010696411,3550000.0,0.009999999776482582,0.0020000000949949026,60.0,120.0,240.0,0.02500000037252903,0.23000000417232513,0.07999999821186066,0.20000000298023224,0.027499999850988388,5.0,2.0,1.2000000476837158,0.040878936648368835,0.04820290952920914,-0.007323974743485451,1.4697988033294678,1.5852487087249756,0.5969433188438416,0.5450016260147095,0.6080061197280884
9,2,27,0,1,0,valid_not_selected,0.8688656091690063,0.028113368898630142,1.4232515096664429,0.19939377903938293,4984.84423828125,2.442723512649536,12500000.0,0.019999999552965164,0.0020000000949949026,20.0,120.0,240.0,0.02500000037252903,0.23000000417232513,0.07999999821186066,0.20000000298023224,0.027499999850988388,5.0,2.0,1.2000000476837158,0.5131757855415344,0.5280202031135559,-0.01484442688524723,1.1217628717422485,1.848533034324646,0.8025067448616028,1.2707931995391846,1.24668288230896
9,2,28,5,1,1,accepted,0.9157460927963257,0.017603226006031036,1.365934133529663,0.4527391195297241,11318.4775390625,44.343379974365234,3550000.0,0.019999999552965164,0.0020000000949949026,60.0,180.0,300.0,0.02500000037252903,0.23000000417232513,0.07999999821186066,0.20000000298023224,0.027499999850988388,5.0,2.0,1.2000000476837158,2.117849111557007,2.0812129974365234,0.03663606196641922,1.302004098892212,1.809826135635376,0.5868968963623047,0.5483242869377136,0.5414761900901794
9,2,29,4,1,0,valid_not_selected,0.9837955832481384,0.0032674323301762342,1.4232515096664429,0.3145179748535156,7862.94921875,21.400489807128906,3550000.0,0.019999999552965164,0.0020000000949949026,20.0,120.0,240.0,0.02500000037252903,0.23000000417232513,0.07999999821186066,0.20000000298023224,0.027499999850988388,5.0,2.0,1.2000000476837158,1.0709809064865112,1.0744917392730713,-0.00351082906126976,1.1061736345291138,2.0770037174224854,0.7009204626083374,0.9531919956207275,0.9260923862457275
9,2,30,3,1,0,valid_not_selected,0.9535712599754333,0.009508226066827774,1.0702440738677979,0.2577638328075409,6444.09521484375,4.082207202911377,12500000.0,0.009999999776482582,0.0020000000949949026,60.0,180.0,300.0,0.02500000037252903,0.23000000417232513,0.07999999821186066,0.20000000298023224,0.027499999850988388,5.0,2.0,1.2000000476837158,0.7222157120704651,0.7154133915901184,0.006802312098443508,1.3127652406692505,1.9123772382736206,0.7858193516731262,1.1891093254089355,1.1517590284347534
9,2,31,5,1,0,valid_not_selected,0.8014860153198242,0.04425755888223648,1.034494161605835,0.20710572600364685,5177.64306640625,9.279335975646973,3550000.0,0.019999999552965164,0.0020000000949949026,60.0,180.0,300.0,0.02500000037252903,0.23000000417232513,0.07999999821186066,0.20000000298023224,0.027499999850988388,5.0,2.0,1.2000000476837158,0.7206137180328369,0.690072774887085,0.030540937557816505,1.1442478895187378,1.8365839719772339,0.7320348024368286,1.1147537231445312,1.0821384191513062
9,2,32,7,1,0,valid_not_selected,0.8346497416496277,0.03614862263202667,1.4415149688720703,0.47693395614624023,11923.3486328125,49.209529876708984,3550000.0,0.009999999776482582,0.0020000000949949026,60.0,180.0,300.0,0.02500000037252903,0.23000000417232513,0.07999999821186066,0.20000000298023224,0.027499999850988388,5.0,2.0,1.2000000476837158,1.3724775314331055,1.4239513874053955,-0.05147388204932213,1.344387412071228,2.043323278427124,0.5472972393035889,0.37009766697883606,0.3720127046108246
9,2,33,4,1,0,valid_not_selected,0.9584161043167114,0.00849465187638998,1.4232515096664429,0.4139622449874878,10349.0556640625,37.07270050048828,3550000.0,0.019999999552965164,0.0020000000949949026,20.0,120.0,240.0,0.02500000037252903,0.23000000417232513,0.07999999821186066,0.20000000298023224,0.027499999850988388,5.0,2.0,1.2000000476837158,1.6690295934677124,1.6833288669586182,-0.014299292117357254,1.124680519104004,2.091571092605591,0.6631172895431519,0.8171262145042419,0.7966163158416748
9,2,34,5,1,1,accepted,0.95053631067276,0.010145783424377441,1.4660855531692505,0.4850747287273407,12126.8671875,50.903778076171875,3550000.0,0.019999999552965164,0.0020000000949949026,60.0,180.0,300.0,0.02500000037252903,0.23000000417232513,0.07999999821186066,0.20000000298023224,0.027499999850988388,5.0,2.0,1.2000000476837158,2.2659177780151367,2.243159055709839,0.0227586068212986,1.3129549026489258,1.8033113479614258,0.5703384876251221,0.4952872097492218,0.4915519058704376
9,2,35,3,1,0,valid_not_selected,0.9589981436729431,0.008373233489692211,1.0702440738677979,0.28716039657592773,7179.009765625,5.066408157348633,12500000.0,0.009999999776482582,0.0020000000949949026,60.0,180.0,300.0,0.02500000037252903,0.23000000417232513,0.07999999821186066,0.20000000298023224,0.027499999850988388,5.0,2.0,1.2000000476837158,0.8941808342933655,0.8867558240890503,0.007425013929605484,1.3318533897399902,1.9213424921035767,0.78310626745224,1.1712689399719238,1.1322788000106812
9,2,36,1,1,0,valid_not_selected,0.9244940280914307,0.015701737254858017,1.0702440738677979,0.43374407291412354,10843.6015625,11.558945655822754,12500000.0,0.019999999552965164,0.0020000000949949026,60.0,180.0,300.0,0.02500000037252903,0.23000000417232513,0.07999999821186066,0.20000000298023224,0.027499999850988388,5.0,2.0,1.2000000476837158,3.0193679332733154,2.972691535949707,0.04667641967535019,1.2905551195144653,1.6696280241012573,0.7649804949760437,1.138270378112793,1.0875763893127441
9,2,37,3,1,0,valid_not_selected,0.9498398303985596,0.010292385704815388,1.0702440738677979,0.16140277683734894,4035.0693359375,1.6005643606185913,12500000.0,0.009999999776482582,0.0020000000949949026,60.0,180.0,300.0,0.02500000037252903,0.23000000417232513,0.07999999821186066,0.20000000298023224,0.027499999850988388,5.0,2.0,1.2000000476837158,0.2934299111366272,0.2904405891895294,0.0029893266037106514,1.2398420572280884,1.9359654188156128,0.7952812910079956,1.2588640451431274,1.2324012517929077
9,2,38,0,1,0,valid_not_selected,0.6776198744773865,0.07783376425504684,1.8190761804580688,0.09470690786838531,2367.672607421875,0.5510796904563904,12500000.0,0.019999999552965164,0.0020000000949949026,20.0,120.0,240.0,0.02500000037252903,0.23000000417232513,0.07999999821186066,0.20000000298023224,0.027499999850988388,5.0,2.0,1.2000000476837158,0.15986602008342743,0.173359215259552,-0.01349320076406002,1.0794183015823364,1.711690068244934,0.8651805520057678,1.4223527908325195,1.4309970140457153
9,2,39,1,1,1,accepted,0.9863478541374207,0.0027492346707731485,1.477382779121399,0.1198396235704422,2995.990478515625,0.8823724985122681,12500000.0,0.019999999552965164,0.0020000000949949026,60.0,180.0,300.0,0.02500000037252903,0.23000000417232513,0.07999999821186066,0.20000000298023224,0.027499999850988388,5.0,2.0,1.2000000476837158,0.2651016414165497,0.26437482237815857,0.0007268284098245203,1.0602717399597168,1.636258602142334,0.8121952414512634,1.407224416732788,1.362221360206604
9,2,40,1,1,0,valid_not_selected,0.9236329793930054,0.01588810235261917,1.0702440738677979,0.40738409757614136,10184.6025390625,10.19668960571289,12500000.0,0.019999999552965164,0.0020000000949949026,60.0,180.0,300.0,0.02500000037252903,0.23000000417232513,0.07999999821186066,0.20000000298023224,0.027499999850988388,5.0,2.0,1.2000000476837158,2.6727097034454346,2.6309094429016113,0.041800159960985184,1.2800052165985107,1.6583380699157715,0.7691807746887207,1.1601510047912598,1.1083418130874634
9,2,41,0,1,1,accepted,0.8742368221282959,0.02688080258667469,1.4232515096664429,0.21998190879821777,5499.54736328125,2.973206043243408,12500000.0,0.019999999552965164,0.0020000000949949026,20.0,120.0,240.0,0.02500000037252903,0.23000000417232513,0.07999999821186066,0.20000000298023224,0.027499999850988388,5.0,2.0,1.2000000476837158,0.6257728338241577,0.6430587768554688,-0.017285935580730438,1.1301722526550293,1.8598675727844238,0.8009210824966431,1.2634656429290771,1.2394548654556274
9,2,42,4,1,1,accepted,0.9896729588508606,0.002076144330203533,1.4232515096664429,0.1832081824541092,4580.2041015625,7.261435031890869,3550000.0,0.019999999552965164,0.0020000000949949026,20.0,120.0,240.0,0.02500000037252903,0.23000000417232513,0.07999999821186066,0.20000000298023224,0.027499999850988388,5.0,2.0,1.2000000476837158,0.3934195041656494,0.3942379951477051,-0.0008184949401766062,1.0756624937057495,2.0199644565582275,0.7400180101394653,1.104270339012146,1.0713754892349243
9,2,43,3,1,0,valid_not_selected,0.948852002620697,0.01050049439072609,1.0702440738677979,0.16578920185565948,4144.72998046875,1.688742995262146,12500000.0,0.009999999776482582,0.0020000000949949026,60.0,180.0,300.0,0.02500000037252903,0.23000000417232513,0.07999999821186066,0.20000000298023224,0.027499999850988388,5.0,2.0,1.2000000476837158,0.308414489030838,0.3052096366882324,0.003204852109774947,1.2437494993209839,1.9323621988296509,0.7945473194122314,1.2539020776748657,1.2265123128890991
9,2,44,2,1,0,valid_not_selected,0.7129335999488831,0.06767339259386063,1.4232515096664429,0.4396584630012512,10991.4609375,11.876320838928223,12500000.0,0.009999999776482582,0.0020000000949949026,20.0,120.0,240.0,0.02500000037252903,0.23000000417232513,0.07999999821186066,0.20000000298023224,0.027499999850988388,5.0,2.0,1.2000000476837158,1.663803219795227,1.7845711708068848,-0.1207679808139801,1.3127623796463013,2.3229031562805176,0.7937997579574585,1.1233842372894287,1.112378478050232
9,2,45,1,1,1,accepted,0.9418081641197205,0.011990733444690704,1.0702440738677979,0.1627337634563446,4068.343994140625,1.6270707845687866,12500000.0,0.019999999552965164,0.0020000000949949026,60.0,180.0,300.0,0.02500000037252903,0.23000000417232513,0.07999999821186066,0.20000000298023224,0.027499999850988388,5.0,2.0,1.2000000476837158,0.44914790987968445,0.4438261091709137,0.005321800708770752,1.1180952787399292,1.6262191534042358,0.7958312630653381,1.3211147785186768,1.2692272663116455
9,2,46,1,1,1,accepted,0.9503394961357117,0.010187201201915741,1.1448036432266235,0.1506928652524948,3767.321533203125,1.3952000141143799,12500000.0,0.019999999552965164,0.0020000000949949026,60.0,180.0,300.0,0.02500000037252903,0.23000000417232513,0.07999999821186066,0.20000000298023224,0.027499999850988388,5.0,2.0,1.2000000476837158,0.390125036239624,0.38619083166122437,0.003934203647077084,1.1039469242095947,1.6264467239379883,0.7986973524093628,1.3377317190170288,1.2868520021438599
9,2,47,5,1,1,accepted,0.8955515623092651,0.02206309139728546,1.3052961826324463,0.10251037776470184,2562.75927734375,2.2733607292175293,3550000.0,0.019999999552965164,0.0020000000949949026,60.0,180.0,300.0,0.02500000037252903,0.23000000417232513,0.07999999821186066,0.20000000298023224,0.027499999850988388,5.0,2.0,1.2000000476837158,0.21242567896842957,0.20784008502960205,0.004585594870150089,1.0834723711013794,1.9005706310272217,0.7814536094665527,1.348408579826355,1.3360496759414673
9,2,48,6,1,0,valid_not_selected,0.8103016018867493,0.04206974804401398,1.4450887441635132,0.4781095087528229,11952.7373046875,49.452415466308594,3550000.0,0.009999999776482582,0.0020000000949949026,60.0,120.0,240.0,0.02500000037252903,0.23000000417232513,0.07999999821186066,0.20000000298023224,0.027499999850988388,5.0,2.0,1.2000000476837158,1.1198310852050781,1.169011116027832,-0.04918000474572182,1.0137008428573608,1.9972095489501953,0.5138885974884033,0.32074087858200073,0.32832586765289307
9,2,49,1,1,1,accepted,0.9469080567359924,0.010910652577877045,1.1028982400894165,0.1551060825586319,3877.65185546875,1.478116750717163,12500000.0,0.019999999552965164,0.0020000000949949026,60.0,180.0,300.0,0.02500000037252903,0.23000000417232513,0.07999999821186066,0.20000000298023224,0.027499999850988388,5.0,2.0,1.2000000476837158,0.4111469089984894,0.4067094326019287,0.0044374652206897736,1.1093039512634277,1.6263024806976318,0.7975488901138306,1.3311831951141357,1.2798898220062256
9,2,50,2,1,1,accepted,0.7502971887588501,0.05745717138051987,1.4232515096664429,0.30554497241973877,7638.62451171875,5.735897064208984,12500000.0,0.009999999776482582,0.0020000000949949026,20.0,120.0,240.0,0.02500000037252903,0.23000000417232513,0.07999999821186066,0.20000000298023224,0.027499999850988388,5.0,2.0,1.2000000476837158,0.8044570684432983,0.8534965515136719,-0.04903949797153473,1.2918171882629395,2.190330982208252,0.8068537712097168,1.1939890384674072,1.184974193572998
9,2,51,6,1,0,valid_not_selected,0.9655891060829163,0.0070033748634159565,1.0522093772888184,0.2917068898677826,7292.671875,18.408824920654297,3550000.0,0.009999999776482582,0.0020000000949949026,60.0,120.0,240.0,0.02500000037252903,0.23000000417232513,0.07999999821186066,0.20000000298023224,0.027499999850988388,5.0,2.0,1.2000000476837158,0.6448999643325806,0.6494482755661011,-0.004548329859972,1.1355575323104858,2.0411062240600586,0.588934063911438,0.5975432395935059,0.6016483306884766
9,2,52,5,1,0,valid_not_selected,0.7969527244567871,0.0453919880092144,1.034494161605835,0.27761659026145935,6940.4140625,16.673377990722656,3550000.0,0.019999999552965164,0.0020000000949949026,60.0,180.0,300.0,0.02500000037252903,0.23000000417232513,0.07999999821186066,0.20000000298023224,0.027499999850988388,5.0,2.0,1.2000000476837158,1.1730482578277588,1.1221133470535278,0.05093495547771454,1.1973536014556885,1.833419680595398,0.6964582800865173,0.9578424692153931,0.9283180236816406
9,2,53,3,1,1,accepted,0.9866681098937988,0.0026843093801289797,1.0702440738677979,0.3984318971633911,9960.796875,9.753473281860352,12500000.0,0.009999999776482582,0.0020000000949949026,60.0,180.0,300.0,0.02500000037252903,0.23000000417232513,0.07999999821186066,0.20000000298023224,0.027499999850988388,5.0,2.0,1.2000000476837158,1.7109754085540771,1.706394910812378,0.004580491688102484,1.3948149681091309,2.0025343894958496,0.767427921295166,1.0842758417129517,1.0418661832809448
9,2,54,5,1,0,valid_not_selected,0.8209381699562073,0.03946149721741676,1.034494161605835,0.16440480947494507,4110.1201171875,5.847385883331299,3550000.0,0.019999999552965164,0.0020000000949949026,60.0,180.0,300.0,0.02500000037252903,0.23000000417232513,0.07999999821186066,0.20000000298023224,0.027499999850988388,5.0,2.0,1.2000000476837158,0.4782593250274658,0.46010297536849976,0.018156351521611214,1.1152515411376953,1.8478056192398071,0.7493438720703125,1.1970261335372925,1.166762351989746
9,2,55,6,1,0,valid_not_selected,0.9107022285461426,0.01870785467326641,1.0550397634506226,0.3654625415802002,9136.5634765625,28.894718170166016,3550000.0,0.009999999776482582,0.0020000000949949026,60.0,120.0,240.0,0.02500000037252903,0.23000000417232513,0.07999999821186066,0.20000000298023224,0.027499999850988388,5.0,2.0,1.2000000476837158,0.8511459231376648,0.8673726320266724,-0.01622668094933033,1.0863503217697144,2.0315873622894287,0.5555648803710938,0.4685462713241577,0.4743698835372925
9,2,56,0,1,0,valid_not_selected,0.8628208637237549,0.029509633779525757,1.4232515096664429,0.4332897663116455,10832.2431640625,11.534744262695312,12500000.0,0.019999999552965164,0.0020000000949949026,20.0,120.0,240.0,0.02500000037252903,0.23000000417232513,0.07999999821186066,0.20000000298023224,0.027499999850988388,5.0,2.0,1.2000000476837158,2.468757390975952,2.5438246726989746,-0.07506733387708664,1.1758253574371338,1.9867300987243652,0.783549427986145,1.1780248880386353,1.1582057476043701
9,2,57,4,1,0,valid_not_selected,0.939386248588562,0.012505706399679184,1.4232515096664429,0.4647650420665741,11619.1259765625,46.73041915893555,3550000.0,0.019999999552965164,0.0020000000949949026,20.0,120.0,240.0,0.02500000037252903,0.23000000417232513,0.07999999821186066,0.20000000298023224,0.027499999850988388,5.0,2.0,1.2000000476837158,1.9733591079711914,1.998349905014038,-0.024990776553750038,1.1323765516281128,2.0890414714813232,0.6431779861450195,0.7473412156105042,0.7307860255241394
9,2,58,2,1,0,valid_not_selected,0.6101000308990479,0.09882646054029465,1.4232515096664429,0.13297469913959503,3324.367431640625,1.0863983631134033,12500000.0,0.009999999776482582,0.0020000000949949026,20.0,120.0,240.0,0.02500000037252903,0.23000000417232513,0.07999999821186066,0.20000000298023224,0.027499999850988388,5.0,2.0,1.2000000476837158,0.16324253380298615,0.18114438652992249,-0.017901858314871788,1.3578120470046997,2.4192378520965576,0.8276308178901672,1.2307546138763428,1.253828763961792
9,2,59,6,1,1,accepted,0.9850097894668579,0.0030207419767975807,1.0522093772888184,0.244968980550766,6124.224609375,12.98239803314209,3550000.0,0.009999999776482582,0.0020000000949949026,60.0,120.0,240.0,0.02500000037252903,0.23000000417232513,0.07999999821186066,0.20000000298023224,0.027499999850988388,5.0,2.0,1.2000000476837158,0.497307151556015,0.4988139271736145,-0.0015067881904542446,1.1626627445220947,2.041886329650879,0.6076247096061707,0.6787694692611694,0.6831140518188477
9,2,60,6,1,0,valid_not_selected,0.8411314487457275,0.03460146114230156,1.3306468725204468,0.4418671131134033,11046.677734375,42.23923873901367,3550000.0,0.009999999776482582,0.0020000000949949026,60.0,120.0,240.0,0.02500000037252903,0.23000000417232513,0.07999999821186066,0.20000000298023224,0.027499999850988388,5.0,2.0,1.2000000476837158,1.0349546670913696,1.0720491409301758,-0.037094466388225555,1.0355329513549805,2.010056257247925,0.525351345539093,0.36023133993148804,0.36754029989242554
9,2,61,1,1,1,accepted,0.9990235567092896,0.0001953877363121137,1.6210678815841675,0.1085466742515564,2713.666748046875,0.7239092588424683,12500000.0,0.019999999552965164,0.0020000000949949026,60.0,180.0,300.0,0.02500000037252903,0.23000000417232513,0.07999999821186066,0.20000000298023224,0.027499999850988388,5.0,2.0,1.2000000476837158,0.23134995996952057,0.2313951700925827,-4.5211778342491016e-05,1.042383074760437,1.6531943082809448,0.8214479088783264,1.4495558738708496,1.4098501205444336
9,2,62,4,1,0,valid_not_selected,0.9479548931121826,0.010689674876630306,1.4232515096664429,0.11888816952705383,2972.2041015625,3.0578064918518066,3550000.0,0.019999999552965164,0.0020000000949949026,20.0,120.0,240.0,0.02500000037252903,0.23000000417232513,0.07999999821186066,0.20000000298023224,0.027499999850988388,5.0,2.0,1.2000000476837158,0.16898739337921143,0.17081333696842194,-0.001825939049012959,1.0531835556030273,1.9774036407470703,0.7565252184867859,1.1778860092163086,1.1423325538635254
9,2,63,7,1,1,accepted,0.966486930847168,0.0068175033666193485,1.0,0.3431679904460907,8579.19921875,25.47688102722168,3550000.0,0.009999999776482582,0.0020000000949949026,60.0,180.0,300.0,0.02500000037252903,0.23000000417232513,0.07999999821186066,0.20000000298023224,0.027499999850988388,5.0,2.0,1.2000000476837158,0.9109379053115845,0.9047696590423584,0.006168270017951727,1.2779288291931152,2.0941286087036133,0.618324339389801,0.5905419588088989,0.5890353322029114
9,2,64,6,1,0,valid_not_selected,0.9571405053138733,0.008761013858020306,1.0522093772888184,0.305708110332489,7642.7021484375,20.218393325805664,3550000.0,0.009999999776482582,0.0020000000949949026,60.0,120.0,240.0,0.02500000037252903,0.23000000417232513,0.07999999821186066,0.20000000298023224,0.027499999850988388,5.0,2.0,1.2000000476837158,0.6869248151779175,0.6929961442947388,-0.006071348674595356,1.1266781091690063,2.0402183532714844,0.5826859474182129,0.5723308324813843,0.5766584277153015
9,2,65,2,1,0,valid_not_selected,0.7070697546005249,0.06932519376277924,1.4232515096664429,0.4571012854576111,11427.53125,12.837366104125977,12500000.0,0.009999999776482582,0.0020000000949949026,20.0,120.0,240.0,0.02500000037252903,0.23000000417232513,0.07999999821186066,0.20000000298023224,0.027499999850988388,5.0,2.0,1.2000000476837158,1.794534683227539,1.9282081127166748,-0.13367339968681335,1.3148560523986816,2.3434479236602783,0.7913957238197327,1.110790491104126,1.099733829498291
9,2,66,1,1,0,valid_not_selected,0.9238663911819458,0.015837565064430237,1.0702440738677979,0.41435497999191284,10358.8740234375,10.548632621765137,12500000.0,0.019999999552965164,0.0020000000949949026,60.0,180.0,300.0,0.02500000037252903,0.23000000417232513,0.07999999821186066,0.20000000298023224,0.027499999850988388,5.0,2.0,1.2000000476837158,2.762683391571045,2.719611406326294,0.04307202249765396,1.2828983068466187,1.6611870527267456,0.7681173086166382,1.154572606086731,1.1030362844467163
9,2,67,1,1,0,valid_not_selected,0.9206686615943909,0.01653101108968258,1.0702440738677979,0.2542170286178589,6355.42529296875,3.9706385135650635,12500000.0,0.019999999552965164,0.0020000000949949026,60.0,180.0,300.0,0.02500000037252903,0.23000000417232513,0.07999999821186066,0.20000000298023224,0.027499999850988388,5.0,2.0,1.2000000476837158,1.0574607849121094,1.0402641296386719,0.017196618020534515,1.1961534023284912,1.6263610124588013,0.7856305241584778,1.2541544437408447,1.1997987031936646
9,2,68,0,1,0,valid_not_selected,0.7280662655830383,0.06347264349460602,1.602276086807251,0.10996086150407791,2749.021484375,0.7428948879241943,12500000.0,0.019999999552965164,0.0020000000949949026,20.0,120.0,240.0,0.02500000037252903,0.23000000417232513,0.07999999821186066,0.20000000298023224,0.027499999850988388,5.0,2.0,1.2000000476837158,0.17227071523666382,0.18394626677036285,-0.011675555258989334,1.064358115196228,1.7416472434997559,0.8354479074478149,1.3657954931259155,1.3518842458724976
9,2,69,7,1,1,accepted,0.9357984066009521,0.01327104028314352,1.6211923360824585,0.0836968645453453,2092.42138671875,1.515483021736145,3550000.0,0.009999999776482582,0.0020000000949949026,60.0,180.0,300.0,0.02500000037252903,0.23000000417232513,0.07999999821186066,0.20000000298023224,0.027499999850988388,5.0,2.0,1.2000000476837158,0.11880630999803543,0.11725027859210968,0.0015560331521555781,1.229201078414917,2.4798367023468018,0.7923169732093811,1.4080297946929932,1.5271363258361816
9,2,70,7,1,0,valid_not_selected,0.8998738527297974,0.02110014483332634,1.0,0.2972860336303711,7432.15087890625,19.11972999572754,3550000.0,0.009999999776482582,0.0020000000949949026,60.0,180.0,300.0,0.02500000037252903,0.23000000417232513,0.07999999821186066,0.20000000298023224,0.027499999850988388,5.0,2.0,1.2000000476837158,0.7637434005737305,0.7479612827301025,0.01578209176659584,1.247423529624939,2.115814447402954,0.6492713689804077,0.7090590000152588,0.7075657844543457
9,2,71,6,1,0,valid_not_selected,0.795266330242157,0.04581564664840698,1.5024243593215942,0.4973699152469635,12434.2470703125,53.516998291015625,3550000.0,0.009999999776482582,0.0020000000949949026,60.0,120.0,240.0,0.02500000037252903,0.23000000417232513,0.07999999821186066,0.20000000298023224,0.027499999850988388,5.0,2.0,1.2000000476837158,1.165846824645996,1.2218255996704102,-0.05597873032093048,1.002842903137207,1.9900177717208862,0.5085585117340088,0.30264824628829956,0.31028422713279724
9,2,72,4,1,0,valid_not_selected,0.9482216238975525,0.01063340250402689,1.4232515096664429,0.44240421056747437,11060.1044921875,42.34198760986328,3550000.0,0.019999999552965164,0.0020000000949949026,20.0,120.0,240.0,0.02500000037252903,0.23000000417232513,0.07999999821186066,0.20000000298023224,0.027499999850988388,5.0,2.0,1.2000000476837158,1.840043544769287,1.859819769859314,-0.01977621205151081,1.1291385889053345,2.090864419937134,0.6519111394882202,0.7777532339096069,0.7594332695007324
9,2,73,5,1,0,valid_not_selected,0.8073537945747375,0.042798660695552826,1.034494161605835,0.31452062726020813,7863.01513671875,21.400850296020508,3550000.0,0.019999999552965164,0.0020000000949949026,60.0,180.0,300.0,0.02500000037252903,0.23000000417232513,0.07999999821186066,0.20000000298023224,0.027499999850988388,5.0,2.0,1.2000000476837158,1.4062869548797607,1.3485699892044067,0.05771699175238609,1.2251242399215698,1.8324906826019287,0.6739550828933716,0.8648864030838013,0.8394769430160522
9,2,74,3,1,0,valid_not_selected,0.9631776213645935,0.00750348437577486,1.0702440738677979,0.30705833435058594,7676.45849609375,5.792857646942139,12500000.0,0.009999999776482582,0.0020000000949949026,60.0,180.0,300.0,0.02500000037252903,0.23000000417232513,0.07999999821186066,0.20000000298023224,0.027499999850988388,5.0,2.0,1.2000000476837158,1.0213736295700073,1.013766884803772,0.007606783881783485,1.3441746234893799,1.9307351112365723,0.7809932231903076,1.158341884613037,1.1184338331222534
9,2,75,7,1,0,valid_not_selected,0.8981853723526001,0.02147575654089451,1.1793994903564453,0.1111380010843277,2778.449951171875,2.6721317768096924,3550000.0,0.009999999776482582,0.0020000000949949026,60.0,180.0,300.0,0.02500000037252903,0.23000000417232513,0.07999999821186066,0.20000000298023224,0.027499999850988388,5.0,2.0,1.2000000476837158,0.16964846849441528,0.1660817414522171,0.0035667310003191233,1.182717204093933,2.324795722961426,0.7552138566970825,1.2520999908447266,1.312989592552185
9,2,76,3,1,0,valid_not_selected,0.9500109553337097,0.010256349109113216,1.0702440738677979,0.23401403427124023,5850.3505859375,3.3646113872528076,12500000.0,0.009999999776482582,0.0020000000949949026,60.0,180.0,300.0,0.02500000037252903,0.23000000417232513,0.07999999821186066,0.20000000298023224,0.027499999850988388,5.0,2.0,1.2000000476837158,0.5972913503646851,0.5912275314331055,0.00606383616104722,1.2965108156204224,1.9098161458969116,0.787768542766571,1.203107476234436,1.167404055595398
9,2,77,6,1,1,accepted,0.9889634251594543,0.0022195903584361076,1.0522093772888184,0.20418177545070648,5104.54443359375,9.019171714782715,3550000.0,0.009999999776482582,0.0020000000949949026,60.0,120.0,240.0,0.02500000037252903,0.23000000417232513,0.07999999821186066,0.20000000298023224,0.027499999850988388,5.0,2.0,1.2000000476837158,0.3662291169166565,0.36704379320144653,-0.0008146868785843253,1.1842567920684814,2.041396141052246,0.6188530921936035,0.7400550842285156,0.7466635704040527
9,2,78,5,1,1,accepted,0.9278801083564758,0.014970554038882256,1.4021052122116089,0.4641610383987427,11604.025390625,46.60903549194336,3550000.0,0.019999999552965164,0.0020000000949949026,60.0,180.0,300.0,0.02500000037252903,0.23000000417232513,0.07999999821186066,0.20000000298023224,0.027499999850988388,5.0,2.0,1.2000000476837158,2.1699984073638916,2.137991428375244,0.03200691565871239,1.3061366081237793,1.8074672222137451,0.5808085203170776,0.5285779237747192,0.5229053497314453
9,2,79,2,1,0,valid_not_selected,0.7410573959350586,0.05993543192744255,1.4232515096664429,0.34767162799835205,8691.7900390625,7.426591873168945,12500000.0,0.009999999776482582,0.0020000000949949026,20.0,120.0,240.0,0.02500000037252903,0.23000000417232513,0.07999999821186066,0.20000000298023224,0.027499999850988388,5.0,2.0,1.2000000476837158,1.0434186458587646,1.1099436283111572,-0.06652495265007019,1.2988771200180054,2.2243919372558594,0.8037437200546265,1.17680823802948,1.1667462587356567
9,2,80,1,1,0,valid_not_selected,0.9208599328994751,0.01648947037756443,1.0702440738677979,0.2501541078090668,6253.8525390625,3.8447346687316895,12500000.0,0.019999999552965164,0.0020000000949949026,60.0,180.0,300.0,0.02500000037252903,0.23000000417232513,0.07999999821186066,0.20000000298023224,0.027499999850988388,5.0,2.0,1.2000000476837158,1.024653434753418,1.0080314874649048,0.01662190444767475,1.1933281421661377,1.6262567043304443,0.7859548926353455,1.2563118934631348,1.2019784450531006
9,2,81,6,1,0,valid_not_selected,0.8630785942077637,0.029449909925460815,1.2487736940383911,0.41763707995414734,10440.9267578125,37.73382568359375,3550000.0,0.009999999776482582,0.0020000000949949026,60.0,120.0,240.0,0.02500000037252903,0.23000000417232513,0.07999999821186066,0.20000000298023224,0.027499999850988388,5.0,2.0,1.2000000476837158,0.9782940149307251,1.007978916168213,-0.02968488819897175,1.05107581615448,2.0178866386413574,0.5340867042541504,0.39089080691337585,0.3978606164455414
9,2,82,6,1,0,valid_not_selected,0.9363794922828674,0.013146894052624702,1.0522093772888184,0.1334846317768097,3337.11572265625,3.8547415733337402,3550000.0,0.009999999776482582,0.0020000000949949026,60.0,120.0,240.0,0.02500000037252903,0.23000000417232513,0.07999999821186066,0.20000000298023224,0.027499999850988388,5.0,2.0,1.2000000476837158,0.16234838962554932,0.16451120376586914,-0.0021628113463521004,1.244189739227295,2.024017333984375,0.6137397885322571,0.8019963502883911,0.8233253359794617
9,2,83,5,1,0,valid_not_selected,0.7962204813957214,0.045575834810733795,1.034494161605835,0.2725752890110016,6814.3818359375,16.073322296142578,3550000.0,0.019999999552965164,0.0020000000949949026,60.0,180.0,300.0,0.02500000037252903,0.23000000417232513,0.07999999821186066,0.20000000298023224,0.027499999850988388,5.0,2.0,1.2000000476837158,1.140302062034607,1.090597152709961,0.04970487579703331,1.193477749824524,1.8334424495697021,0.6993446946144104,0.9701064825057983,0.9401341080665588
9,2,84,5,1,0,valid_not_selected,0.880882203578949,0.025366278365254402,1.2508972883224487,0.41824841499328613,10456.2099609375,37.84437561035156,3550000.0,0.019999999552965164,0.0020000000949949026,60.0,180.0,300.0,0.02500000037252903,0.23000000417232513,0.07999999821186066,0.20000000298023224,0.027499999850988388,5.0,2.0,1.2000000476837158,1.9587182998657227,1.910262107849121,0.04845624044537544,1.2876089811325073,1.8171043395996094,0.6067846417427063,0.6148865818977356,0.6039872765541077
9,2,85,5,1,0,valid_not_selected,0.8252837657928467,0.03840560093522072,1.034494161605835,0.15802182257175446,3950.54541015625,5.4021525382995605,3550000.0,0.019999999552965164,0.0020000000949949026,60.0,180.0,300.0,0.02500000037252903,0.23000000417232513,0.07999999821186066,0.20000000298023224,0.027499999850988388,5.0,2.0,1.2000000476837158,0.4456310570240021,0.429149329662323,0.016481738537549973,1.111223816871643,1.8505582809448242,0.7518467307090759,1.2093324661254883,1.1798346042633057
9,2,86,1,1,0,valid_not_selected,0.9242064356803894,0.015763966366648674,1.0702440738677979,0.42472898960113525,10618.224609375,11.08344841003418,12500000.0,0.019999999552965164,0.0020000000949949026,60.0,180.0,300.0,0.02500000037252903,0.23000000417232513,0.07999999821186066,0.20000000298023224,0.027499999850988388,5.0,2.0,1.2000000476837158,2.898876190185547,2.8538875579833984,0.044988587498664856,1.287066102027893,1.6656125783920288,0.7664719820022583,1.1459957361221313,1.0948947668075562
9,2,87,1,1,0,valid_not_selected,0.9248955845832825,0.01561488676816225,1.0702440738677979,0.4465862810611725,11164.65625,12.253548622131348,12500000.0,0.019999999552965164,0.0020000000949949026,60.0,180.0,300.0,0.02500000037252903,0.23000000417232513,0.07999999821186066,0.20000000298023224,0.027499999850988388,5.0,2.0,1.2000000476837158,3.1942410469055176,3.145130157470703,0.04911085218191147,1.2953133583068848,1.6755927801132202,0.7627540826797485,1.1268219947814941,1.0767563581466675
9,2,88,0,1,0,valid_not_selected,0.6819038987159729,0.07657331228256226,1.7862317562103271,0.09687398374080658,2421.849609375,0.5765877366065979,12500000.0,0.019999999552965164,0.0020000000949949026,20.0,120.0,240.0,0.02500000037252903,0.23000000417232513,0.07999999821186066,0.20000000298023224,0.027499999850988388,5.0,2.0,1.2000000476837158,0.15911993384361267,0.1723146289587021,-0.013194701634347439,1.0739599466323853,1.7139304876327515,0.8595691919326782,1.4129071235656738,1.4161593914031982
9,2,89,2,1,0,valid_not_selected,0.7331179976463318,0.062089722603559494,1.4232515096664429,0.37611594796180725,9402.8984375,8.691496849060059,12500000.0,0.009999999776482582,0.0020000000949949026,20.0,120.0,240.0,0.02500000037252903,0.23000000417232513,0.07999999821186066,0.20000000298023224,0.027499999850988388,5.0,2.0,1.2000000476837158,1.2216044664382935,1.3024747371673584,-0.08087029308080673,1.3035732507705688,2.2522189617156982,0.8011500239372253,1.1626384258270264,1.1521391868591309
9,2,90,2,1,0,valid_not_selected,0.7098262310028076,0.06854701042175293,1.4232515096664429,0.4489360451698303,11223.400390625,12.382834434509277,12500000.0,0.009999999776482582,0.0020000000949949026,20.0,120.0,240.0,0.02500000037252903,0.23000000417232513,0.07999999821186066,0.20000000298023224,0.027499999850988388,5.0,2.0,1.2000000476837158,1.7328920364379883,1.8604180812835693,-0.12752610445022583,1.3139015436172485,2.333799123764038,0.7925419211387634,1.1167815923690796,1.1057443618774414
9,2,91,6,1,1,accepted,0.978583574295044,0.004329821560531855,1.0522093772888184,0.16932904720306396,4233.22607421875,6.202912330627441,3550000.0,0.009999999776482582,0.0020000000949949026,60.0,120.0,240.0,0.02500000037252903,0.23000000417232513,0.07999999821186066,0.20000000298023224,0.027499999850988388,5.0,2.0,1.2000000476837158,0.26013895869255066,0.2612702250480652,-0.0011312534334138036,1.2057377099990845,2.0395491123199463,0.6219391226768494,0.7803289890289307,0.7914840579032898
9,2,92,4,1,0,valid_not_selected,0.9323463439941406,0.014010186307132244,1.4232515096664429,0.11041601747274399,2760.400390625,2.6375269889831543,3550000.0,0.019999999552965164,0.0020000000949949026,20.0,120.0,240.0,0.02500000037252903,0.23000000417232513,0.07999999821186066,0.20000000298023224,0.027499999850988388,5.0,2.0,1.2000000476837158,0.1462869495153427,0.1483655720949173,-0.002078629331663251,1.0486949682235718,1.9692448377609253,0.7597491145133972,1.1914787292480469,1.1554949283599854
9,2,93,6,1,0,valid_not_selected,0.9225015640258789,0.016133245080709457,1.0522093772888184,0.3517879247665405,8794.6982421875,26.772850036621094,3550000.0,0.009999999776482582,0.0020000000949949026,60.0,120.0,240.0,0.02500000037252903,0.23000000417232513,0.07999999821186066,0.20000000298023224,0.027499999850988388,5.0,2.0,1.2000000476837158,0.8156723380088806,0.8290475606918335,-0.013375227339565754,1.0957590341567993,2.034278631210327,0.5616639852523804,0.49125024676322937,0.49670982360839844
9,2,94,0,1,0,valid_not_selected,0.8604059815406799,0.03007018379867077,1.4232515096664429,0.4575592279434204,11438.98046875,12.863101959228516,12500000.0,0.019999999552965164,0.0020000000949949026,20.0,120.0,240.0,0.02500000037252903,0.23000000417232513,0.07999999821186066,0.20000000298023224,0.027499999850988388,5.0,2.0,1.2000000476837158,2.7494235038757324,2.834662437438965,-0.08523882180452347,1.1782479286193848,2.003042697906494,0.7806034088134766,1.163968801498413,1.144751787185669
9,2,95,3,1,0,valid_not_selected,0.9734242558479309,0.00538705475628376,1.0702440738677979,0.3502444922924042,8756.1123046875,7.536916732788086,12500000.0,0.009999999776482582,0.0020000000949949026,60.0,180.0,300.0,0.02500000037252903,0.23000000417232513,0.07999999821186066,0.20000000298023224,0.027499999850988388,5.0,2.0,1.2000000476837158,1.3266053199768066,1.3194971084594727,0.007108203135430813,1.3693184852600098,1.959374189376831,0.7754416465759277,1.1267322301864624,1.0852879285812378
9,2,96,5,1,0,valid_not_selected,0.8355088829994202,0.03594285994768143,1.034494161605835,0.1452825367450714,3632.063232421875,4.566248893737793,3550000.0,0.019999999552965164,0.0020000000949949026,60.0,180.0,300.0,0.02500000037252903,0.23000000417232513,0.07999999821186066,0.20000000298023224,0.027499999850988388,5.0,2.0,1.2000000476837158,0.38378071784973145,0.37046512961387634,0.013315576128661633,1.103490948677063,1.8571720123291016,0.7569828033447266,1.2347484827041626,1.2072445154190063
9,2,97,1,1,0,valid_not_selected,0.4756416380405426,0.10374496132135391,2.224365711212158,0.07163707166910172,1790.9267578125,0.3153020143508911,12500000.0,0.019999999552965164,0.0020000000949949026,60.0,180.0,300.0,0.02500000037252903,0.23000000417232513,0.07999999821186066,0.20000000298023224,0.027499999850988388,5.0,2.0,1.2000000476837158,0.2625945508480072,0.2379123419523239,0.02468220703303814,1.0441759824752808,2.2354001998901367,0.8857378959655762,1.6714072227478027,1.7522848844528198
9,2,98,3,1,0,valid_not_selected,0.9707966446876526,0.005927658174186945,1.0702440738677979,0.3397609293460846,8494.0224609375,7.092477321624756,12500000.0,0.009999999776482582,0.0020000000949949026,60.0,180.0,300.0,0.02500000037252903,0.23000000417232513,0.07999999821186066,0.20000000298023224,0.027499999850988388,5.0,2.0,1.2000000476837158,1.2489296197891235,1.241569995880127,0.007359602488577366,1.3634140491485596,1.951456069946289,0.7769218683242798,1.1349165439605713,1.0937893390655518
9,2,99,4,1,1,accepted,0.9915525317192078,0.001696665887720883,1.4232515096664429,0.19663135707378387,4915.7841796875,8.364466667175293,3550000.0,0.019999999552965164,0.0020000000949949026,20.0,120.0,240.0,0.02500000037252903,0.23000000417232513,0.07999999821186066,0.20000000298023224,0.027499999850988388,5.0,2.0,1.2000000476837158,0.45090779662132263,0.45167413353919983,-0.0007663401192985475,1.0792018175125122,2.0271782875061035,0.7367097735404968,1.090431571006775,1.0580447912216187
9,2,100,7,1,0,valid_not_selected,0.8554346561431885,0.031229112297296524,1.0,0.25204119086265564,6301.029296875,13.742816925048828,3550000.0,0.009999999776482582,0.0020000000949949026,60.0,180.0,300.0,0.02500000037252903,0.23000000417232513,0.07999999821186066,0.20000000298023224,0.027499999850988388,5.0,2.0,1.2000000476837158,0.6121735572814941,0.593634843826294,0.018538689240813255,1.2168687582015991,2.1393721103668213,0.678950309753418,0.8399413228034973,0.8411806225776672
9,2,101,3,1,0,valid_not_selected,0.9588170051574707,0.008411014452576637,1.239316701889038,0.14119482040405273,3529.87060546875,1.2248660326004028,12500000.0,0.009999999776482582,0.0020000000949949026,60.0,180.0,300.0,0.02500000037252903,0.23000000417232513,0.07999999821186066,0.20000000298023224,0.027499999850988388,5.0,2.0,1.2000000476837158,0.23020094633102417,0.22828087210655212,0.0019200736423954368,1.2202785015106201,1.958518147468567,0.8000780940055847,1.2887229919433594,1.2679944038391113
9,2,102,6,1,1,accepted,0.9860798716545105,0.002803588518872857,1.0522093772888184,0.1875878870487213,4689.697265625,7.612762928009033,3550000.0,0.009999999776482582,0.0020000000949949026,60.0,120.0,240.0,0.02500000037252903,0.23000000417232513,0.07999999821186066,0.20000000298023224,0.027499999850988388,5.0,2.0,1.2000000476837158,0.3146352171897888,0.3155198097229004,-0.0008845877018757164,1.1936548948287964,2.0409395694732666,0.6212821006774902,0.7609260082244873,0.7693021893501282
9,2,103,4,1,0,valid_not_selected,0.9802719354629517,0.00398505013436079,1.4232515096664429,0.33310267329216003,8327.56640625,24.004295349121094,3550000.0,0.019999999552965164,0.0020000000949949026,20.0,120.0,240.0,0.02500000037252903,0.23000000417232513,0.07999999821186066,0.20000000298023224,0.027499999850988388,5.0,2.0,1.2000000476837158,1.1809526681900024,1.1856776475906372,-0.004724984988570213,1.1099578142166138,2.081861972808838,0.6942138075828552,0.9286330342292786,0.9026044011116028
9,2,104,4,1,0,valid_not_selected,0.9737515449523926,0.0053198193199932575,1.4232515096664429,0.3617804944515228,9044.5126953125,28.315420150756836,3550000.0,0.019999999552965164,0.0020000000949949026,20.0,120.0,240.0,0.02500000037252903,0.23000000417232513,0.07999999821186066,0.20000000298023224,0.027499999850988388,5.0,2.0,1.2000000476837158,1.3532328605651855,1.3604702949523926,-0.007237456273287535,1.1155153512954712,2.0874195098876953,0.6834603548049927,0.889666736125946,0.8654447197914124
9,2,105,3,1,0,valid_not_selected,0.9541287422180176,0.009391337633132935,1.0702440738677979,0.26105862855911255,6526.4658203125,4.1872334480285645,12500000.0,0.009999999776482582,0.0020000000949949026,60.0,180.0,300.0,0.02500000037252903,0.23000000417232513,0.07999999821186066,0.20000000298023224,0.027499999850988388,5.0,2.0,1.2000000476837158,0.7405371069908142,0.7336471676826477,0.0068899281322956085,1.3149588108062744,1.913074254989624,0.7855352759361267,1.1871585845947266,1.14960515499115
9,2,106,6,1,0,valid_not_selected,0.9718696475028992,0.005706717725843191,1.0522093772888184,0.2797997295856476,6994.9931640625,16.936643600463867,3550000.0,0.009999999776482582,0.0020000000949949026,60.0,120.0,240.0,0.02500000037252903,0.23000000417232513,0.07999999821186066,0.20000000298023224,0.027499999850988388,5.0,2.0,1.2000000476837158,0.6082131862640381,0.6117039918899536,-0.003490821924060583,1.1428412199020386,2.041577100753784,0.594077467918396,0.6188479661941528,0.6228485107421875
9,2,107,1,1,1,accepted,0.9819684624671936,0.003639217233285308,1.853790521621704,0.09246911108493805,2311.7275390625,0.5253448486328125,12500000.0,0.019999999552965164,0.0020000000949949026,60.0,180.0,300.0,0.02500000037252903,0.23000000417232513,0.07999999821186066,0.20000000298023224,0.027499999850988388,5.0,2.0,1.2000000476837158,0.20348358154296875,0.20274575054645538,0.0007378358277492225,1.021705150604248,1.7294119596481323,0.842677891254425,1.5353567600250244,1.5138550996780396
9,2,108,6,1,0,valid_not_selected,0.9687532186508179,0.006349078845232725,1.0522093772888184,0.15586774051189423,3896.693359375,5.255876541137695,3550000.0,0.009999999776482582,0.0020000000949949026,60.0,120.0,240.0,0.02500000037252903,0.23000000417232513,0.07999999821186066,0.20000000298023224,0.027499999850988388,5.0,2.0,1.2000000476837158,0.22187744081020355,0.2232951521873474,-0.0014177184784784913,1.2169015407562256,2.0369343757629395,0.6206539273262024,0.7916356921195984,0.8056336641311646
9,2,109,3,1,0,valid_not_selected,0.9467262029647827,0.010949070565402508,1.0702440738677979,0.19049939513206482,4762.48486328125,2.2296581268310547,12500000.0,0.009999999776482582,0.0020000000949949026,60.0,180.0,300.0,0.02500000037252903,0.23000000417232513,0.07999999821186066,0.20000000298023224,0.027499999850988388,5.0,2.0,1.2000000476837158,0.4009988009929657,0.396655797958374,0.004343012347817421,1.2642685174942017,1.9179530143737793,0.7914690971374512,1.2315912246704102,1.2002090215682983
9,2,110,2,1,0,valid_not_selected,0.7448384761810303,0.0589175820350647,1.4232515096664429,0.3323962986469269,8309.9072265625,6.788337230682373,12500000.0,0.009999999776482582,0.0020000000949949026,20.0,120.0,240.0,0.02500000037252903,0.23000000417232513,0.07999999821186066,0.20000000298023224,0.027499999850988388,5.0,2.0,1.2000000476837158,0.9532467126846313,1.0129258632659912,-0.059679143130779266,1.2962955236434937,2.210904598236084,0.8049681186676025,1.1835575103759766,1.1738085746765137
9,2,111,4,1,0,valid_not_selected,0.7396078705787659,0.06032703444361687,1.8858532905578613,0.07062080502510071,1765.52001953125,1.0789419412612915,3550000.0,0.019999999552965164,0.0020000000949949026,20.0,120.0,240.0,0.02500000037252903,0.23000000417232513,0.07999999821186066,0.20000000298023224,0.027499999850988388,5.0,2.0,1.2000000476837158,0.06752201914787292,0.07185693085193634,-0.004334915429353714,1.0348814725875854,1.913035273551941,0.8071993589401245,1.3259614706039429,1.2936558723449707
9,2,112,2,1,0,valid_not_selected,0.6842402219772339,0.0758892372250557,1.4232515096664429,0.15822312235832214,3955.578125,1.5381226539611816,12500000.0,0.009999999776482582,0.0020000000949949026,20.0,120.0,240.0,0.02500000037252903,0.23000000417232513,0.07999999821186066,0.20000000298023224,0.027499999850988388,5.0,2.0,1.2000000476837158,0.22075551748275757,0.23888427019119263,-0.01812874525785446,1.308603048324585,2.2638356685638428,0.8173278570175171,1.2256611585617065,1.2350624799728394
9,2,113,7,1,0,valid_not_selected,0.8389608263969421,0.03511825203895569,1.0,0.21528810262680054,5382.2021484375,10.027040481567383,3550000.0,0.009999999776482582,0.0020000000949949026,60.0,180.0,300.0,0.02500000037252903,0.23000000417232513,0.07999999821186066,0.20000000298023224,0.027499999850988388,5.0,2.0,1.2000000476837158,0.48465800285339355,0.46821510791778564,0.01644289679825306,1.194643497467041,2.1619420051574707,0.7004203796386719,0.9467371702194214,0.9533370137214661
9,2,114,1,1,0,valid_not_selected,0.9216893315315247,0.01630941778421402,1.0702440738677979,0.2374761551618576,5936.90380859375,3.464902877807617,12500000.0,0.019999999552965164,0.0020000000949949026,60.0,180.0,300.0,0.02500000037252903,0.23000000417232513,0.07999999821186066,0.20000000298023224,0.027499999850988388,5.0,2.0,1.2000000476837158,0.9257029891014099,0.9108476042747498,0.014855394139885902,1.1842496395111084,1.626076102256775,0.7869746088981628,1.2631889581680298,1.2089604139328003
9,2,115,2,1,1,accepted,0.7538926601409912,0.056501056998968124,1.4232515096664429,0.27261412143707275,6815.35302734375,4.56612491607666,12500000.0,0.009999999776482582,0.0020000000949949026,20.0,120.0,240.0,0.02500000037252903,0.23000000417232513,0.07999999821186066,0.20000000298023224,0.027499999850988388,5.0,2.0,1.2000000476837158,0.639378011226654,0.6776669025421143,-0.038288895040750504,1.2869013547897339,2.1721651554107666,0.8087565302848816,1.2043646574020386,1.1967166662216187
9,2,116,0,1,0,valid_not_selected,0.8683674335479736,0.028228066861629486,1.4232515096664429,0.38015830516815186,9503.95703125,8.879327774047852,12500000.0,0.019999999552965164,0.0020000000949949026,20.0,120.0,240.0,0.02500000037252903,0.23000000417232513,0.07999999821186066,0.20000000298023224,0.027499999850988388,5.0,2.0,1.2000000476837158,1.8998230695724487,1.9550092220306396,-0.05518613010644913,1.1689091920852661,1.951508641242981,0.7891802191734314,1.205202579498291,1.1841334104537964
9,2,117,7,1,0,valid_not_selected,0.8606790900230408,0.030006712302565575,1.0,0.25910064578056335,6477.515625,14.523447036743164,3550000.0,0.009999999776482582,0.0020000000949949026,60.0,180.0,300.0,0.02500000037252903,0.23000000417232513,0.07999999821186066,0.20000000298023224,0.027499999850988388,5.0,2.0,1.2000000476837158,0.6363490223884583,0.6178105473518372,0.0185384638607502,1.2215089797973633,2.1354968547821045,0.6745097637176514,0.8191681504249573,0.8197341561317444
9,2,118,7,1,1,accepted,0.9912195801734924,0.0017638429999351501,1.0666884183883667,0.368406742811203,9210.16796875,29.362150192260742,3550000.0,0.009999999776482582,0.0020000000949949026,60.0,180.0,300.0,0.02500000037252903,0.23000000417232513,0.07999999821186066,0.20000000298023224,0.027499999850988388,5.0,2.0,1.2000000476837158,0.9917943477630615,0.9935467839241028,-0.0017524604918435216,1.293464183807373,2.083110809326172,0.6021718382835388,0.5348418354988098,0.5339086651802063
9,2,119,3,1,1,accepted,0.9920364618301392,0.0015990816755220294,1.0702440738677979,0.4160776436328888,10401.9404296875,10.636527061462402,12500000.0,0.009999999776482582,0.0020000000949949026,60.0,180.0,300.0,0.02500000037252903,0.23000000417232513,0.07999999821186066,0.20000000298023224,0.027499999850988388,5.0,2.0,1.2000000476837158,1.8618441820144653,1.8588716983795166,0.0029724875930696726,1.4034647941589355,2.0206258296966553,0.7639651894569397,1.0666046142578125,1.024064064025879
9,2,120,3,1,0,valid_not_selected,0.9760131239891052,0.004855846520513296,1.7042135000228882,0.10250456631183624,2562.614013671875,0.6455613374710083,12500000.0,0.009999999776482582,0.0020000000949949026,60.0,180.0,300.0,0.02500000037252903,0.23000000417232513,0.07999999821186066,0.20000000298023224,0.027499999850988388,5.0,2.0,1.2000000476837158,0.1386135071516037,0.13928987085819244,-0.0006763702258467674,1.1678422689437866,2.060319423675537,0.8281057476997375,1.4272139072418213,1.4346381425857544
9,2,121,1,1,0,valid_not_selected,0.9208266735076904,0.0164966881275177,1.0702440738677979,0.32628509402275085,8157.126953125,6.541021823883057,12500000.0,0.019999999552965164,0.0020000000949949026,60.0,180.0,300.0,0.02500000037252903,0.23000000417232513,0.07999999821186066,0.20000000298023224,0.027499999850988388,5.0,2.0,1.2000000476837158,1.7272090911865234,1.6991782188415527,0.028030814602971077,1.2406694889068604,1.6339225769042969,0.7792861461639404,1.2152258157730103,1.1612751483917236
9,2,122,4,1,1,accepted,0.9916768074035645,0.0016715991077944636,1.4232515096664429,0.2513200044631958,6283.0,13.664281845092773,3550000.0,0.019999999552965164,0.0020000000949949026,20.0,120.0,240.0,0.02500000037252903,0.23000000417232513,0.07999999821186066,0.20000000298023224,0.027499999850988388,5.0,2.0,1.2000000476837158,0.7167814373970032,0.7179816365242004,-0.0012001774739474058,1.092373251914978,2.053757429122925,0.7216774821281433,1.0309456586837769,1.0007520914077759
9,2,123,7,1,0,valid_not_selected,0.8546596169471741,0.031410396099090576,1.0,0.15033459663391113,3758.36474609375,4.889344215393066,3550000.0,0.009999999776482582,0.0020000000949949026,60.0,180.0,300.0,0.02500000037252903,0.23000000417232513,0.07999999821186066,0.20000000298023224,0.027499999850988388,5.0,2.0,1.2000000476837158,0.27177315950393677,0.26349663734436035,0.008276533335447311,1.171366572380066,2.228895425796509,0.7322458624839783,1.1248538494110107,1.15254545211792
9,2,124,4,1,0,valid_not_selected,0.9320343732833862,0.014077111147344112,1.4576075077056885,0.4822502136230469,12056.2548828125,50.31269454956055,3550000.0,0.019999999552965164,0.0020000000949949026,20.0,120.0,240.0,0.02500000037252903,0.23000000417232513,0.07999999821186066,0.20000000298023224,0.027499999850988388,5.0,2.0,1.2000000476837158,2.076847553253174,2.1065011024475098,-0.029653450474143028,1.134746789932251,2.086935520172119,0.6364446878433228,0.7240538597106934,0.7088873982429504
9,2,125,2,1,0,valid_not_selected,0.7249689698219299,0.06432528048753738,1.4232515096664429,0.40270572900772095,10067.642578125,9.963838577270508,12500000.0,0.009999999776482582,0.0020000000949949026,20.0,120.0,240.0,0.02500000037252903,0.23000000417232513,0.07999999821186066,0.20000000298023224,0.027499999850988388,5.0,2.0,1.2000000476837158,1.399641990661621,1.495863914489746,-0.09622186422348022,1.3076868057250977,2.280700922012329,0.7983408570289612,1.1474888324737549,1.1367110013961792
9,2,126,5,1,0,valid_not_selected,0.7961745262145996,0.04558736830949783,1.034494161605835,0.23259632289409637,5814.908203125,11.704110145568848,3550000.0,0.019999999552965164,0.0020000000949949026,60.0,180.0,300.0,0.02500000037252903,0.23000000417232513,0.07999999821186066,0.20000000298023224,0.027499999850988388,5.0,2.0,1.2000000476837158,0.8803640604019165,0.8419803977012634,0.03838367015123367,1.162946105003357,1.8341834545135498,0.7203651070594788,1.0618107318878174,1.0294708013534546
9,2,127,5,1,0,valid_not_selected,0.8306419849395752,0.037111278623342514,1.034494161605835,0.3576279282569885,8940.6982421875,27.66913604736328,3550000.0,0.019999999552965164,0.0020000000949949026,60.0,180.0,300.0,0.02500000037252903,0.23000000417232513,0.07999999821186066,0.20000000298023224,0.027499999850988388,5.0,2.0,1.2000000476837158,1.654958963394165,1.5957390069961548,0.05921991541981697,1.2545469999313354,1.828252911567688,0.6457301378250122,0.7549124360084534,0.7355217933654785
9,2,128,2,1,1,accepted,0.7539803385734558,0.056477803736925125,1.4232515096664429,0.26079824566841125,6519.95556640625,4.178884983062744,12500000.0,0.009999999776482582,0.0020000000949949026,20.0,120.0,240.0,0.02500000037252903,0.23000000417232513,0.07999999821186066,0.20000000298023224,0.027499999850988388,5.0,2.0,1.2000000476837158,0.5849095582962036,0.6199213266372681,-0.03501179441809654,1.2854708433151245,2.168095350265503,0.8093516230583191,1.207468032836914,1.20048987865448
9,2,129,3,1,0,valid_not_selected,0.9480337500572205,0.0106730367988348,1.0702440738677979,0.2164314091205597,5410.78515625,2.8780057430267334,12500000.0,0.009999999776482582,0.0020000000949949026,60.0,180.0,300.0,0.02500000037252903,0.23000000417232513,0.07999999821186066,0.20000000298023224,0.027499999850988388,5.0,2.0,1.2000000476837158,0.5128941535949707,0.5074778199195862,0.005416329484432936,1.2839248180389404,1.910918116569519,0.7891739010810852,1.2138090133666992,1.1795895099639893
9,2,130,7,1,0,valid_not_selected,0.904021680355072,0.020180393010377884,1.0,0.3005678951740265,7514.197265625,19.544200897216797,3550000.0,0.009999999776482582,0.0020000000949949026,60.0,180.0,300.0,0.02500000037252903,0.23000000417232513,0.07999999821186066,0.20000000298023224,0.027499999850988388,5.0,2.0,1.2000000476837158,0.7744280099868774,0.7591089010238647,0.015319116413593292,1.249663233757019,2.1141974925994873,0.647043764591217,0.6999545097351074,0.698388934135437
9,2,131,7,1,0,valid_not_selected,0.8611252307891846,0.029903065413236618,1.8988956212997437,0.07003208994865417,1750.80224609375,1.0610281229019165,3550000.0,0.009999999776482582,0.0020000000949949026,60.0,180.0,300.0,0.02500000037252903,0.23000000417232513,0.07999999821186066,0.20000000298023224,0.027499999850988388,5.0,2.0,1.2000000476837158,0.10108417272567749,0.09814921021461487,0.0029349622782319784,1.2689805030822754,2.6004276275634766,0.8309525847434998,1.5289289951324463,1.6993052959442139
9,2,132,5,1,0,valid_not_selected,0.8203298449516296,0.03960975632071495,1.034494161605835,0.34108689427375793,8527.171875,25.16881561279297,3550000.0,0.019999999552965164,0.0020000000949949026,60.0,180.0,300.0,0.02500000037252903,0.23000000417232513,0.07999999821186066,0.20000000298023224,0.027499999850988388,5.0,2.0,1.2000000476837158,1.5630759000778198,1.5035218000411987,0.05955413356423378,1.243772268295288,1.8303347826004028,0.6566784977912903,0.7967027425765991,0.7749189138412476
9,2,133,7,1,0,valid_not_selected,0.8664324283599854,0.028674235567450523,1.0,0.13624660670757294,3406.165283203125,4.01591157913208,3550000.0,0.009999999776482582,0.0020000000949949026,60.0,180.0,300.0,0.02500000037252903,0.23000000417232513,0.07999999821186066,0.20000000298023224,0.027499999850988388,5.0,2.0,1.2000000476837158,0.2318384051322937,0.2253759205341339,0.0064624822698533535,1.1715753078460693,2.2545297145843506,0.7391958236694336,1.1653639078140259,1.2016574144363403
9,2,134,0,1,0,valid_not_selected,0.8568655848503113,0.030894845724105835,1.4232515096664429,0.1757381111383438,4393.453125,1.8975051641464233,12500000.0,0.019999999552965164,0.0020000000949949026,20.0,120.0,240.0,0.02500000037252903,0.23000000417232513,0.07999999821186066,0.20000000298023224,0.027499999850988388,5.0,2.0,1.2000000476837158,0.3984670341014862,0.4111700654029846,-0.012703035958111286,1.1099762916564941,1.8333797454833984,0.8050265908241272,1.2813303470611572,1.2573391199111938
9,2,135,3,1,0,valid_not_selected,0.9777319431304932,0.00450394069775939,1.4351094961166382,0.12338052690029144,3084.512939453125,0.935285747051239,12500000.0,0.009999999776482582,0.0020000000949949026,60.0,180.0,300.0,0.02500000037252903,0.23000000417232513,0.07999999821186066,0.20000000298023224,0.027499999850988388,5.0,2.0,1.2000000476837158,0.18276390433311462,0.18194444477558136,0.0008194670081138611,1.1997907161712646,1.9910320043563843,0.8079312443733215,1.3318763971328735,1.3196793794631958
9,2,136,7,1,0,valid_not_selected,0.8796969056129456,0.02563556842505932,1.3272616863250732,0.4408380091190338,11020.9501953125,42.04271697998047,3550000.0,0.009999999776482582,0.0020000000949949026,60.0,180.0,300.0,0.02500000037252903,0.23000000417232513,0.07999999821186066,0.20000000298023224,0.027499999850988388,5.0,2.0,1.2000000476837158,1.2377487421035767,1.2703139781951904,-0.032565221190452576,1.3305906057357788,2.0553276538848877,0.5627343654632568,0.41318321228027344,0.41428762674331665
9,2,137,1,1,0,valid_not_selected,0.9201731085777283,0.01663869433104992,1.0702440738677979,0.2723071575164795,6807.6787109375,4.555847644805908,12500000.0,0.019999999552965164,0.0020000000949949026,60.0,180.0,300.0,0.02500000037252903,0.23000000417232513,0.07999999821186066,0.20000000298023224,0.027499999850988388,5.0,2.0,1.2000000476837158,1.2099781036376953,1.190175175666809,0.019802961498498917,1.2082821130752563,1.627169132232666,0.7841718792915344,1.2446666955947876,1.1902742385864258
9,2,138,2,1,0,valid_not_selected,0.7181768417358398,0.0662078931927681,1.4232515096664429,0.4237968623638153,10594.921875,11.034852981567383,12500000.0,0.009999999776482582,0.0020000000949949026,20.0,120.0,240.0,0.02500000037252903,0.23000000417232513,0.07999999821186066,0.20000000298023224,0.027499999850988388,5.0,2.0,1.2000000476837158,1.5481727123260498,1.6579415798187256,-0.1097688227891922,1.310685634613037,2.304506301879883,0.7958406209945679,1.1341632604599,1.1232348680496216
9,2,139,4,1,0,valid_not_selected,0.986495316028595,0.0027193385176360607,1.4232515096664429,0.29786694049835205,7446.67333984375,19.19452667236328,3550000.0,0.019999999552965164,0.0020000000949949026,20.0,120.0,240.0,0.02500000037252903,0.23000000417232513,0.07999999821186066,0.20000000298023224,0.027499999850988388,5.0,2.0,1.2000000476837158,0.9741963148117065,0.9768527150154114,-0.0026563932187855244,1.102671504020691,2.071840763092041,0.7067172527313232,0.9746047258377075,0.9466115832328796
9,2,140,3,1,0,valid_not_selected,0.9780360460281372,0.004441745579242706,1.0702440738677979,0.3678465783596039,9196.1650390625,8.313512802124023,12500000.0,0.009999999776482582,0.0020000000949949026,60.0,180.0,300.0,0.02500000037252903,0.23000000417232513,0.07999999821186066,0.20000000298023224,0.027499999850988388,5.0,2.0,1.2000000476837158,1.4619653224945068,1.4555003643035889,0.0064649623818695545,1.3789467811584473,1.9739302396774292,0.7727508544921875,1.1121737957000732,1.0702804327011108
9,2,141,0,1,0,valid_not_selected,0.8721069693565369,0.027368633076548576,1.4232515096664429,0.2101408839225769,5253.52197265625,2.7131400108337402,12500000.0,0.019999999552965164,0.0020000000949949026,20.0,120.0,240.0,0.02500000037252903,0.23000000417232513,0.07999999821186066,0.20000000298023224,0.027499999850988388,5.0,2.0,1.2000000476837158,0.5704759359359741,0.5865284204483032,-0.016052480787038803,1.1263278722763062,1.8545728921890259,0.8016365170478821,1.2668362855911255,1.2427606582641602
9,2,142,7,1,0,valid_not_selected,0.8757627606391907,0.026532016694545746,1.0,0.2759091556072235,6897.728515625,16.468914031982422,3550000.0,0.009999999776482582,0.0020000000949949026,60.0,180.0,300.0,0.02500000037252903,0.23000000417232513,0.07999999821186066,0.20000000298023224,0.027499999850988388,5.0,2.0,1.2000000476837158,0.6931528449058533,0.6752374172210693,0.017915410920977592,1.232816457748413,2.1266114711761475,0.6636084318161011,0.7699896693229675,0.7693456411361694
9,2,143,3,1,1,accepted,0.9891929626464844,0.0021731762681156397,1.5143463611602783,0.11682683974504471,2920.671142578125,0.8385642766952515,12500000.0,0.009999999776482582,0.0020000000949949026,60.0,180.0,300.0,0.02500000037252903,0.23000000417232513,0.07999999821186066,0.20000000298023224,0.027499999850988388,5.0,2.0,1.2000000476837158,0.16744667291641235,0.16708357632160187,0.0003631020663306117,1.191025972366333,2.0079166889190674,0.8124487996101379,1.3548145294189453,1.3472265005111694
9,2,144,5,1,0,valid_not_selected,0.7950161099433899,0.0458785817027092,1.034494161605835,0.2471199780702591,6177.9990234375,13.211387634277344,3550000.0,0.019999999552965164,0.0020000000949949026,60.0,180.0,300.0,0.02500000037252903,0.23000000417232513,0.07999999821186066,0.20000000298023224,0.027499999850988388,5.0,2.0,1.2000000476837158,0.9742441177368164,0.9315078854560852,0.04273626208305359,1.173932433128357,1.833668828010559,0.7131209373474121,1.0297173261642456,0.997981607913971
9,2,145,5,1,0,valid_not_selected,0.848524272441864,0.03285131976008415,1.1184550523757935,0.3817805051803589,9544.5126953125,31.532630920410156,3550000.0,0.019999999552965164,0.0020000000949949026,60.0,180.0,300.0,0.02500000037252903,0.23000000417232513,0.07999999821186066,0.20000000298023224,0.027499999850988388,5.0,2.0,1.2000000476837158,1.78146231174469,1.7248003482818604,0.05666197091341019,1.2689522504806519,1.8243287801742554,0.6298222541809082,0.6961159706115723,0.6802362203598022
9,2,146,6,1,0,valid_not_selected,0.8339099287986755,0.03632597252726555,1.357323408126831,0.45006170868873596,11251.54296875,43.82045364379883,3550000.0,0.009999999776482582,0.0020000000949949026,60.0,120.0,240.0,0.02500000037252903,0.23000000417232513,0.07999999821186066,0.20000000298023224,0.027499999850988388,5.0,2.0,1.2000000476837158,1.0540509223937988,1.0937837362289429,-0.039732757955789566,1.030441164970398,2.0072531700134277,0.5225914716720581,0.3506483733654022,0.35804283618927
9,2,147,6,1,0,valid_not_selected,0.9558801651000977,0.009024543687701225,1.0522093772888184,0.14454258978366852,3613.564453125,4.5198540687561035,3550000.0,0.009999999776482582,0.0020000000949949026,60.0,120.0,240.0,0.02500000037252903,0.23000000417232513,0.07999999821186066,0.20000000298023224,0.027499999850988388,5.0,2.0,1.2000000476837158,0.19110681116580963,0.19284716248512268,-0.001740357605740428,1.2288577556610107,2.0324277877807617,0.618039608001709,0.7985281944274902,0.8156991004943848
9,2,148,2,1,1,accepted,0.7488960027694702,0.05783103406429291,1.4232515096664429,0.31335049867630005,7833.76220703125,6.0327019691467285,12500000.0,0.009999999776482582,0.0020000000949949026,20.0,120.0,240.0,0.02500000037252903,0.23000000417232513,0.07999999821186066,0.20000000298023224,0.027499999850988388,5.0,2.0,1.2000000476837158,0.8464130163192749,0.8983664512634277,-0.05195346102118492,1.293097972869873,2.1958508491516113,0.8063390851020813,1.1911425590515137,1.181885838508606
9,2,149,3,1,0,valid_not_selected,0.9488739371299744,0.010495862923562527,1.0702440738677979,0.22464542090892792,5616.13525390625,3.1006035804748535,12500000.0,0.009999999776482582,0.0020000000949949026,60.0,180.0,300.0,0.02500000037252903,0.23000000417232513,0.07999999821186066,0.20000000298023224,0.027499999850988388,5.0,2.0,1.2000000476837158,0.5514646768569946,0.5457366704940796,0.005727977491915226,1.2898690700531006,1.9100656509399414,0.7885141372680664,1.2087347507476807,1.173788070678711
9,2,150,4,1,0,valid_not_selected,0.965519368648529,0.007017824333161116,1.4232515096664429,0.1329529583454132,3323.82373046875,3.8240957260131836,3550000.0,0.019999999552965164,0.0020000000949949026,20.0,120.0,240.0,0.02500000037252903,0.23000000417232513,0.07999999821186066,0.20000000298023224,0.027499999850988388,5.0,2.0,1.2000000476837158,0.2103710174560547,0.21185779571533203,-0.001486780820414424,1.0594693422317505,1.9888336658477783,0.7522637844085693,1.158856987953186,1.123963475227356
9,2,151,2,1,0,valid_not_selected,0.6974278688430786,0.07207123935222626,1.4232515096664429,0.1653597503900528,4133.994140625,1.6800055503845215,12500000.0,0.009999999776482582,0.0020000000949949026,20.0,120.0,240.0,0.02500000037252903,0.23000000417232513,0.07999999821186066,0.20000000298023224,0.027499999850988388,5.0,2.0,1.2000000476837158,0.23956412076950073,0.25817081332206726,-0.01860669068992138,1.3015934228897095,2.240480661392212,0.8159522414207458,1.2243986129760742,1.2313735485076904
9,2,152,6,1,0,valid_not_selected,0.8052478432655334,0.0087728938087821,2.1727406978607178,0.05874357745051384,1468.58935546875,0.7465407252311707,3550000.0,0.009999999776482582,0.0020000000949949026,60.0,120.0,240.0,0.02500000037252903,0.23000000417232513,0.07999999821186066,0.20000000298023224,0.027499999850988388,5.0,2.0,1.2000000476837158,0.0338672511279583,0.03416699543595314,-0.00029974343487992883,1.543473482131958,2.019939661026001,0.7823107838630676,0.48011714220046997,0.48950621485710144
9,2,153,1,1,0,valid_not_selected,0.9210724234580994,0.016443319618701935,1.0702440738677979,0.33434173464775085,8358.54296875,6.8680315017700195,12500000.0,0.019999999552965164,0.0020000000949949026,60.0,180.0,300.0,0.02500000037252903,0.23000000417232513,0.07999999821186066,0.20000000298023224,0.027499999850988388,5.0,2.0,1.2000000476837158,1.8123010396957397,1.7829828262329102,0.029318157583475113,1.2450592517852783,1.635573387145996,0.778451144695282,1.2104616165161133,1.1566439867019653
9,2,154,7,1,0,valid_not_selected,0.8258933424949646,0.03825793042778969,1.4649569988250732,0.48469775915145874,12117.443359375,50.8246955871582,3550000.0,0.009999999776482582,0.0020000000949949026,60.0,180.0,300.0,0.02500000037252903,0.23000000417232513,0.07999999821186066,0.20000000298023224,0.027499999850988388,5.0,2.0,1.2000000476837158,1.4026813507080078,1.4584797620773315,-0.05579841509461403,1.3469401597976685,2.0408668518066406,0.5443183183670044,0.36202582716941833,0.36408761143684387
9,2,155,0,1,1,accepted,0.8761498928070068,0.026443617418408394,1.4232515096664429,0.29817378520965576,7454.3447265625,5.462481498718262,12500000.0,0.019999999552965164,0.0020000000949949026,20.0,120.0,240.0,0.02500000037252903,0.23000000417232513,0.07999999821186066,0.20000000298023224,0.027499999850988388,5.0,2.0,1.2000000476837158,1.1607284545898438,1.192255973815918,-0.0315275602042675,1.1532561779022217,1.901509165763855,0.7958563566207886,1.238189697265625,1.2153534889221191
9,2,156,3,1,0,valid_not_selected,0.9473553895950317,0.010816190391778946,1.0702440738677979,0.20801317691802979,5200.32958984375,2.6584761142730713,12500000.0,0.009999999776482582,0.0020000000949949026,60.0,180.0,300.0,0.02500000037252903,0.23000000417232513,0.07999999821186066,0.20000000298023224,0.027499999850988388,5.0,2.0,1.2000000476837158,0.47492465376853943,0.46984273195266724,0.0050819083116948605,1.2777048349380493,1.9124433994293213,0.7898702621459961,1.219220757484436,1.1858203411102295
9,2,157,7,1,1,accepted,0.9281721115112305,0.01490761712193489,1.4516358375549316,0.09331995993852615,2332.998779296875,1.8840038776397705,3550000.0,0.009999999776482582,0.0020000000949949026,60.0,180.0,300.0,0.02500000037252903,0.23000000417232513,0.07999999821186066,0.20000000298023224,0.027499999850988388,5.0,2.0,1.2000000476837158,0.13426299393177032,0.13229085505008698,0.00197214144282043,1.2068140506744385,2.411482095718384,0.7749157547950745,1.34133780002594,1.434146761894226
9,2,158,5,1,0,valid_not_selected,0.8423244953155518,0.0343179851770401,1.0880833864212036,0.37387633323669434,9346.908203125,30.240482330322266,3550000.0,0.019999999552965164,0.0020000000949949026,60.0,180.0,300.0,0.02500000037252903,0.23000000417232513,0.07999999821186066,0.20000000298023224,0.027499999850988388,5.0,2.0,1.2000000476837158,1.741001844406128,1.6832365989685059,0.05776529014110565,1.2644168138504028,1.825714111328125,0.6349966526031494,0.7149933576583862,0.6979726552963257
9,2,159,3,1,1,accepted,0.9992923736572266,0.00014157257101032883,1.0702440738677979,0.4384145140647888,10960.36328125,11.809212684631348,12500000.0,0.009999999776482582,0.0020000000949949026,60.0,180.0,300.0,0.02500000037252903,0.23000000417232513,0.07999999821186066,0.20000000298023224,0.027499999850988388,5.0,2.0,1.2000000476837158,2.059279203414917,2.058987617492676,0.00029149616602808237,1.413866639137268,2.044783353805542,0.7591579556465149,1.0425431728363037,1.000030517578125
9,2,160,4,1,1,accepted,0.9888409972190857,0.002244340255856514,1.4232515096664429,0.2805720567703247,7014.30078125,17.030271530151367,3550000.0,0.019999999552965164,0.0020000000949949026,20.0,120.0,240.0,0.02500000037252903,0.23000000417232513,0.07999999821186066,0.20000000298023224,0.027499999850988388,5.0,2.0,1.2000000476837158,0.8759724497795105,0.8779428601264954,-0.001970402430742979,1.098929524421692,2.065713405609131,0.7124999761581421,0.9961721897125244,0.967313826084137
9,2,161,0,1,1,accepted,0.8775123357772827,0.026132848113775253,1.4232515096664429,0.26145294308662415,6536.3232421875,4.199892044067383,12500000.0,0.019999999552965164,0.0020000000949949026,20.0,120.0,240.0,0.02500000037252903,0.23000000417232513,0.07999999821186066,0.20000000298023224,0.027499999850988388,5.0,2.0,1.2000000476837158,0.8884136080741882,0.9122533798217773,-0.023839779198169708,1.1437429189682007,1.8815127611160278,0.7982531189918518,1.2502697706222534,1.2267740964889526
9,2,162,1,0,0,residual_ratio,0.19584926962852478,0.22763226926326752,2.49224853515625,0.05956616997718811,1489.1541748046875,0.21799695491790771,12500000.0,0.019999999552965164,0.0020000000949949026,60.0,180.0,300.0,0.02500000037252903,0.23000000417232513,0.07999999821186066,0.20000000298023224,0.027499999850988388,5.0,2.0,1.2000000476837158,0.3298666477203369,0.2687015235424042,0.06116513907909393,1.1143382787704468,3.075040102005005,0.8889675736427307,1.694142460823059,1.884590983390808
9,2,163,5,1,0,valid_not_selected,0.8613926768302917,0.02984096296131611,1.034494161605835,0.12222393602132797,3055.598388671875,3.2318058013916016,3550000.0,0.019999999552965164,0.0020000000949949026,60.0,180.0,300.0,0.02500000037252903,0.23000000417232513,0.07999999821186066,0.20000000298023224,0.027499999850988388,5.0,2.0,1.2000000476837158,0.2839092016220093,0.27568256855010986,0.008226633071899414,1.0909559726715088,1.8745261430740356,0.7678042650222778,1.2874367237091064,1.2658215761184692
9,2,164,5,1,1,accepted,0.9351599216461182,0.01340754795819521,1.4231164455413818,0.47092780470848083,11773.1943359375,47.9779167175293,3550000.0,0.019999999552965164,0.0020000000949949026,60.0,180.0,300.0,0.02500000037252903,0.23000000417232513,0.07999999821186066,0.20000000298023224,0.027499999850988388,5.0,2.0,1.2000000476837158,2.200932025909424,2.1718132495880127,0.029118690639734268,1.308445692062378,1.8060964345932007,0.577324390411377,0.5174071192741394,0.5123914480209351
9,2,165,2,1,0,valid_not_selected,0.537713885307312,0.12408573180437088,1.488696575164795,0.1189093142747879,2972.73291015625,0.8687260150909424,12500000.0,0.009999999776482582,0.0020000000949949026,20.0,120.0,240.0,0.02500000037252903,0.23000000417232513,0.07999999821186066,0.20000000298023224,0.027499999850988388,5.0,2.0,1.2000000476837158,0.13848070800304413,0.1580984741449356,-0.01961776427924633,1.418332576751709,2.6143267154693604,0.842982292175293,1.2296613454818726,1.2680280208587646
9,2,166,3,1,0,valid_not_selected,0.9539856910705566,0.00942132156342268,1.155147910118103,0.14962293207645416,3740.572998046875,1.3754581212997437,12500000.0,0.009999999776482582,0.0020000000949949026,60.0,180.0,300.0,0.02500000037252903,0.23000000417232513,0.07999999821186066,0.20000000298023224,0.027499999850988388,5.0,2.0,1.2000000476837158,0.25539693236351013,0.2530132234096527,0.002383718965575099,1.2287970781326294,1.9477418661117554,0.7977282404899597,1.2745757102966309,1.2511036396026611
9,2,167,6,1,0,valid_not_selected,0.6867353320121765,0.07516125589609146,1.39366614818573,0.09685765206813812,2421.441162109375,2.0295538902282715,3550000.0,0.009999999776482582,0.0020000000949949026,60.0,120.0,240.0,0.02500000037252903,0.23000000417232513,0.07999999821186066,0.20000000298023224,0.027499999850988388,5.0,2.0,1.2000000476837158,0.07225020229816437,0.07812194526195526,-0.005871743429452181,1.3688130378723145,1.8599379062652588,0.5839343070983887,0.7307785749435425,0.7855247855186462
9,2,168,7,1,0,valid_not_selected,0.8499565720558167,0.03251400589942932,1.0,0.15754930675029755,3938.732421875,5.369894027709961,3550000.0,0.009999999776482582,0.0020000000949949026,60.0,180.0,300.0,0.02500000037252903,0.23000000417232513,0.07999999821186066,0.20000000298023224,0.027499999850988388,5.0,2.0,1.2000000476837158,0.2933793365955353,0.28414079546928406,0.00923855509608984,1.1722954511642456,2.2180888652801514,0.7288597822189331,1.1050076484680176,1.129137396812439
9,2,169,3,1,0,valid_not_selected,0.962060809135437,0.007735526189208031,1.0702440738677979,0.30190759897232056,7547.689453125,5.6001434326171875,12500000.0,0.009999999776482582,0.0020000000949949026,60.0,180.0,300.0,0.02500000037252903,0.23000000417232513,0.07999999821186066,0.20000000298023224,0.027499999850988388,5.0,2.0,1.2000000476837158,0.9876203536987305,0.9800392389297485,0.007581119425594807,1.3410305976867676,1.9280591011047363,0.7815647125244141,1.1617724895477295,1.1220886707305908
9,2,170,0,1,0,valid_not_selected,0.857649564743042,0.030711939558386803,1.4232515096664429,0.48622679710388184,12155.669921875,14.525425910949707,12500000.0,0.019999999552965164,0.0020000000949949026,20.0,120.0,240.0,0.02500000037252903,0.23000000417232513,0.07999999821186066,0.20000000298023224,0.027499999850988388,5.0,2.0,1.2000000476837158,3.095637798309326,3.193723201751709,-0.0980854332447052,1.1805541515350342,2.0221805572509766,0.7768151760101318,1.1460307836532593,1.1275612115859985
9,2,171,1,1,0,valid_not_selected,0.9202865362167358,0.016614042222499847,1.0702440738677979,0.30365458130836487,7591.3642578125,5.665141582489014,12500000.0,0.019999999552965164,0.0020000000949949026,60.0,180.0,300.0,0.02500000037252903,0.23000000417232513,0.07999999821186066,0.20000000298023224,0.027499999850988388,5.0,2.0,1.2000000476837158,1.499090313911438,1.4745913743972778,0.024498924612998962,1.2277376651763916,1.6302090883255005,0.781468391418457,1.227993369102478,1.1737614870071411
9,2,172,0,1,0,valid_not_selected,0.8643994331359863,0.02914406731724739,1.4232515096664429,0.41786521673202515,10446.6298828125,10.728117942810059,12500000.0,0.019999999552965164,0.0020000000949949026,20.0,120.0,240.0,0.02500000037252903,0.23000000417232513,0.07999999821186066,0.20000000298023224,0.027499999850988388,5.0,2.0,1.2000000476837158,2.2968854904174805,2.365835666656494,-0.06895007193088531,1.1740517616271973,1.9763915538787842,0.7852984070777893,1.1864196062088013,1.1662293672561646
9,2,173,7,1,1,accepted,0.9580953121185303,0.008561602793633938,1.1430944204330444,0.38831549882888794,9707.88671875,32.621368408203125,3550000.0,0.009999999776482582,0.0020000000949949026,60.0,180.0,300.0,0.02500000037252903,0.23000000417232513,0.07999999821186066,0.20000000298023224,0.027499999850988388,5.0,2.0,1.2000000476837158,1.056795358657837,1.0659213066101074,-0.009125994518399239,1.3048532009124756,2.0749170780181885,0.5902204513549805,0.4959830939769745,0.4956114888191223
9,2,174,3,1,0,valid_not_selected,0.9472373723983765,0.010841116309165955,1.0702440738677979,0.17764700949192047,4441.1748046875,1.9389512538909912,12500000.0,0.009999999776482582,0.0020000000949949026,60.0,180.0,300.0,0.02500000037252903,0.23000000417232513,0.07999999821186066,0.20000000298023224,0.027499999850988388,5.0,2.0,1.2000000476837158,0.3511212170124054,0.3473554849624634,0.003765721106901765,1.2538743019104004,1.9243245124816895,0.7928926944732666,1.2422149181365967,1.212690830230713
9,2,175,7,1,0,valid_not_selected,0.837519645690918,0.03546210750937462,1.0,0.19799916446208954,4949.97900390625,8.481242179870605,3550000.0,0.009999999776482582,0.0020000000949949026,60.0,180.0,300.0,0.02500000037252903,0.23000000417232513,0.07999999821186066,0.20000000298023224,0.027499999850988388,5.0,2.0,1.2000000476837158,0.42506349086761475,0.41050606966018677,0.014557410962879658,1.1858675479888916,2.1749379634857178,0.7095043659210205,0.9952208399772644,1.0056172609329224
9,2,176,7,1,0,valid_not_selected,0.8650307655334473,0.02899804338812828,1.0,0.2643829882144928,6609.57470703125,15.12166976928711,3550000.0,0.009999999776482582,0.0020000000949949026,60.0,180.0,300.0,0.02500000037252903,0.23000000417232513,0.07999999821186066,0.20000000298023224,0.027499999850988388,5.0,2.0,1.2000000476837158,0.6543214917182922,0.6358821392059326,0.018439337611198425,1.2250292301177979,2.1326587200164795,0.6711301803588867,0.8036488890647888,0.8037771582603455
9,2,177,3,1,0,valid_not_selected,0.9680225253105164,0.006499988958239555,1.350266456604004,0.13080602884292603,3270.150634765625,1.0512514114379883,12500000.0,0.009999999776482582,0.0020000000949949026,60.0,180.0,300.0,0.02500000037252903,0.23000000417232513,0.07999999821186066,0.20000000298023224,0.027499999850988388,5.0,2.0,1.2000000476837158,0.2015436738729477,0.20024210214614868,0.0013015714939683676,1.2088271379470825,1.9755014181137085,0.8040366768836975,1.3111090660095215,1.2947818040847778
9,2,178,2,1,1,accepted,0.7524807453155518,0.05687597766518593,1.4232515096664429,0.24323254823684692,6080.8134765625,3.6349167823791504,12500000.0,0.009999999776482582,0.0020000000949949026,20.0,120.0,240.0,0.02500000037252903,0.23000000417232513,0.07999999821186066,0.20000000298023224,0.027499999850988388,5.0,2.0,1.2000000476837158,0.5086404085159302,0.5393144488334656,-0.030674036592245102,1.2839086055755615,2.165113925933838,0.8101834654808044,1.2115188837051392,1.2057785987854004
9,2,179,3,1,1,accepted,0.9978234171867371,0.0004357944126240909,1.0702440738677979,0.4340256452560425,10850.640625,11.573956489562988,12500000.0,0.009999999776482582,0.0020000000949949026,60.0,180.0,300.0,0.02500000037252903,0.23000000417232513,0.07999999821186066,0.20000000298023224,0.027499999850988388,5.0,2.0,1.2000000476837158,2.0199742317199707,2.019094228744507,0.0008799099596217275,1.4118719100952148,2.0399458408355713,0.7601402997970581,1.047420620918274,1.0048847198486328
9,2,180,0,1,0,valid_not_selected,0.8206660747528076,0.03952779620885849,1.4232515096664429,0.1436106264591217,3590.265625,1.267138957977295,12500000.0,0.019999999552965164,0.0020000000949949026,20.0,120.0,240.0,0.02500000037252903,0.23000000417232513,0.07999999821186066,0.20000000298023224,0.027499999850988388,5.0,2.0,1.2000000476837158,0.26851925253868103,0.2795700430870056,-0.011050787754356861,1.088525414466858,1.803066372871399,0.8118524551391602,1.305013656616211,1.2821965217590332
9,2,181,4,1,0,valid_not_selected,0.9054051041603088,0.019874559715390205,1.4232515096664429,0.1001298576593399,2503.246337890625,2.169001817703247,3550000.0,0.019999999552965164,0.0020000000949949026,20.0,120.0,240.0,0.02500000037252903,0.23000000417232513,0.07999999821186066,0.20000000298023224,0.027499999850988388,5.0,2.0,1.2000000476837158,0.1210838183760643,0.12353910505771637,-0.002455285284668207,1.0423698425292969,1.9574060440063477,0.7649554014205933,1.211602807044983,1.175101399421692
9,2,182,1,1,1,accepted,0.9307820200920105,0.014346032403409481,1.0702440738677979,0.18716657161712646,4679.1640625,2.1523241996765137,12500000.0,0.019999999552965164,0.0020000000949949026,60.0,180.0,300.0,0.02500000037252903,0.23000000417232513,0.07999999821186066,0.20000000298023224,0.027499999850988388,5.0,2.0,1.2000000476837158,0.5845100283622742,0.5762432217597961,0.008266803808510303,1.1429775953292847,1.626277208328247,0.7918767333030701,1.296424388885498,1.2432923316955566
9,2,183,7,1,0,valid_not_selected,0.8174623250961304,0.0403100959956646,1.487998604774475,0.49245214462280273,12311.3037109375,52.463924407958984,3550000.0,0.009999999776482582,0.0020000000949949026,60.0,180.0,300.0,0.02500000037252903,0.23000000417232513,0.07999999821186066,0.20000000298023224,0.027499999850988388,5.0,2.0,1.2000000476837158,1.433292031288147,1.493494987487793,-0.06020292639732361,1.34934663772583,2.038451671600342,0.5414561629295349,0.3543381094932556,0.35653677582740784
9,2,184,5,1,0,valid_not_selected,0.8044705390930176,0.0435141883790493,1.034494161605835,0.30688562989234924,7672.14013671875,20.374448776245117,3550000.0,0.019999999552965164,0.0020000000949949026,60.0,180.0,300.0,0.02500000037252903,0.23000000417232513,0.07999999821186066,0.20000000298023224,0.027499999850988388,5.0,2.0,1.2000000476837158,1.3592844009399414,1.3026026487350464,0.05668169632554054,1.21951425075531,1.8328477144241333,0.6787848472595215,0.8844418525695801,0.8580752015113831
9,2,185,4,1,0,valid_not_selected,0.9875801801681519,0.002499522641301155,1.4232515096664429,0.29029518365859985,7257.3798828125,18.231081008911133,3550000.0,0.019999999552965164,0.0020000000949949026,20.0,120.0,240.0,0.02500000037252903,0.23000000417232513,0.07999999821186066,0.20000000298023224,0.027499999850988388,5.0,2.0,1.2000000476837158,0.9308719635009766,0.9332045316696167,-0.0023325658403337,1.1010462045669556,2.0692508220672607,0.7092800140380859,0.9841355681419373,0.9557560682296753
9,2,186,3,1,0,valid_not_selected,0.9674357771873474,0.006621248088777065,1.0702440738677979,0.32580119371414185,8145.02978515625,6.521634101867676,12500000.0,0.009999999776482582,0.0020000000949949026,60.0,180.0,300.0,0.02500000037252903,0.23000000417232513,0.07999999821186066,0.20000000298023224,0.027499999850988388,5.0,2.0,1.2000000476837158,1.1490212678909302,1.1414633989334106,0.007557912264019251,1.3553537130355835,1.9418461322784424,0.7787572741508484,1.145286202430725,1.104636549949646
9,2,187,1,1,1,accepted,0.996374785900116,0.0007263547740876675,1.6745127439498901,0.10462327301502228,2615.581787109375,0.6725237965583801,12500000.0,0.019999999552965164,0.0020000000949949026,60.0,180.0,300.0,0.02500000037252903,0.23000000417232513,0.07999999821186066,0.20000000298023224,0.027499999850988388,5.0,2.0,1.2000000476837158,0.22182224690914154,0.22198349237442017,-0.00016123877139762044,1.0363980531692505,1.6637401580810547,0.8255946636199951,1.4674770832061768,1.4305733442306519
9,2,188,7,1,0,valid_not_selected,0.8810470700263977,0.02532883919775486,1.0196343660354614,0.12313981354236603,3078.495361328125,3.280421733856201,3550000.0,0.009999999776482582,0.0020000000949949026,60.0,180.0,300.0,0.02500000037252903,0.23000000417232513,0.07999999821186066,0.20000000298023224,0.027499999850988388,5.0,2.0,1.2000000476837158,0.1977810561656952,0.19289524853229523,0.004885812755674124,1.1751229763031006,2.2860219478607178,0.7466296553611755,1.2071740627288818,1.2543216943740845
9,2,189,6,1,1,accepted,0.9823843836784363,0.0035545213613659143,1.0522093772888184,0.1769729107618332,4424.32275390625,6.775577068328857,3550000.0,0.009999999776482582,0.0020000000949949026,60.0,120.0,240.0,0.02500000037252903,0.23000000417232513,0.07999999821186066,0.20000000298023224,0.027499999850988388,5.0,2.0,1.2000000476837158,0.28261828422546387,0.2836264371871948,-0.0010081562213599682,1.200361967086792,2.0403218269348145,0.6219593286514282,0.7727135419845581,0.7825791239738464
9,2,190,3,1,0,valid_not_selected,0.9609872698783875,0.007958820089697838,1.0702440738677979,0.2968471646308899,7421.1787109375,5.413982391357422,12500000.0,0.009999999776482582,0.0020000000949949026,60.0,180.0,300.0,0.02500000037252903,0.23000000417232513,0.07999999821186066,0.20000000298023224,0.027499999850988388,5.0,2.0,1.2000000476837158,0.9550209641456604,0.9474801421165466,0.007540823891758919,1.3379108905792236,1.9255950450897217,0.7821092009544373,1.1650831699371338,1.1256285905838013
9,2,191,0,1,1,accepted,0.8761624693870544,0.026440752670168877,1.4232515096664429,0.2979894280433655,7449.73583984375,5.455729007720947,12500000.0,0.019999999552965164,0.0020000000949949026,20.0,120.0,240.0,0.02500000037252903,0.23000000417232513,0.07999999821186066,0.20000000298023224,0.027499999850988388,5.0,2.0,1.2000000476837158,1.159269094467163,1.19075345993042,-0.031484417617321014,1.1532127857208252,1.9014047384262085,0.7958690524101257,1.2382535934448242,1.215414047241211
9,2,192,4,1,1,accepted,0.9927470684051514,0.0014558664988726377,1.4232515096664429,0.2200915366411209,5502.2880859375,10.479472160339355,3550000.0,0.019999999552965164,0.0020000000949949026,20.0,120.0,240.0,0.02500000037252903,0.23000000417232513,0.07999999821186066,0.20000000298023224,0.027499999850988388,5.0,2.0,1.2000000476837158,0.5591437220573425,0.5599589347839355,-0.0008152254740707576,1.0850375890731812,2.0391533374786377,0.7305928468704224,1.065690279006958,1.034210205078125
9,2,193,2,1,0,valid_not_selected,0.727175235748291,0.0637175589799881,1.4232515096664429,0.3956744968891144,9891.8623046875,9.618940353393555,12500000.0,0.009999999776482582,0.0020000000949949026,20.0,120.0,240.0,0.02500000037252903,0.23000000417232513,0.07999999821186066,0.20000000298023224,0.027499999850988388,5.0,2.0,1.2000000476837158,1.3515312671661377,1.4435080289840698,-0.09197680652141571,1.3066318035125732,2.272980213165283,0.7991205453872681,1.1516741514205933,1.140959620475769
9,2,194,1,1,0,valid_not_selected,0.9200996160507202,0.016654670238494873,1.0702440738677979,0.2824942171573639,7062.35546875,4.9030938148498535,12500000.0,0.019999999552965164,0.0020000000949949026,60.0,180.0,300.0,0.02500000037252903,0.23000000417232513,0.07999999821186066,0.20000000298023224,0.027499999850988388,5.0,2.0,1.2000000476837158,1.3004875183105469,1.2791831493377686,0.021304374560713768,1.2148113250732422,1.6279091835021973,0.7833254337310791,1.2393251657485962,1.1849546432495117
9,2,195,1,1,0,valid_not_selected,0.8108515739440918,0.03292994201183319,2.045020580291748,0.08105681836605072,2026.4202880859375,0.4036734402179718,12500000.0,0.019999999552965164,0.0020000000949949026,60.0,180.0,300.0,0.02500000037252903,0.23000000417232513,0.07999999821186066,0.20000000298023224,0.027499999850988388,5.0,2.0,1.2000000476837158,0.21493329107761383,0.2080811858177185,0.006852101534605026,1.0220720767974854,1.8981225490570068,0.8655968904495239,1.6130526065826416,1.6279791593551636
9,2,196,7,1,0,valid_not_selected,0.8963757157325745,0.021879130974411964,1.2870025634765625,0.42878082394599915,10719.5205078125,39.774383544921875,3550000.0,0.009999999776482582,0.0020000000949949026,60.0,180.0,300.0,0.02500000037252903,0.23000000417232513,0.07999999821186066,0.20000000298023224,0.027499999850988388,5.0,2.0,1.2000000476837158,1.1947458982467651,1.221470594406128,-0.026724714785814285,1.32526695728302,2.059581995010376,0.5685070753097534,0.42988333106040955,0.4306722581386566
9,2,197,3,1,1,accepted,0.9943488240242004,0.001133445301093161,1.0702440738677979,0.4567466080188751,11418.6650390625,12.817453384399414,12500000.0,0.009999999776482582,0.0020000000949949026,60.0,180.0,300.0,0.02500000037252903,0.23000000417232513,0.07999999821186066,0.20000000298023224,0.027499999850988388,5.0,2.0,1.2000000476837158,2.2257773876190186,2.2283029556274414,-0.0025256595108658075,1.4219340085983276,2.0653491020202637,0.7548543214797974,1.0213873386383057,0.979071319103241
9,2,198,7,1,0,valid_not_selected,0.9155176281929016,0.01765313558280468,1.2417218685150146,0.4156133234500885,10390.3330078125,37.369014739990234,3550000.0,0.009999999776482582,0.0020000000949949026,60.0,180.0,300.0,0.02500000037252903,0.23000000417232513,0.07999999821186066,0.20000000298023224,0.027499999850988388,5.0,2.0,1.2000000476837158,1.1488388776779175,1.1694839000701904,-0.020645057782530785,1.3190479278564453,2.0643858909606934,0.5751773118972778,0.44961607456207275,0.45003965497016907
9,2,199,0,1,0,valid_not_selected,0.851739764213562,0.032094843685626984,1.4232515096664429,0.16903525590896606,4225.88134765625,1.7555195093154907,12500000.0,0.019999999552965164,0.0020000000949949026,20.0,120.0,240.0,0.02500000037252903,0.23000000417232513,0.07999999821186066,0.20000000298023224,0.027499999850988388,5.0,2.0,1.2000000476837158,0.3688470721244812,0.38107770681381226,-0.012230629101395607,1.1060904264450073,1.8283090591430664,0.8059954047203064,1.2850570678710938,1.2611737251281738
9,2,200,4,1,0,valid_not_selected,0.9722350835800171,0.005631525535136461,1.4232515096664429,0.36770859360694885,9192.7138671875,29.25096893310547,3550000.0,0.019999999552965164,0.0020000000949949026,20.0,120.0,240.0,0.02500000037252903,0.23000000417232513,0.07999999821186066,0.20000000298023224,0.027499999850988388,5.0,2.0,1.2000000476837158,1.3890719413757324,1.3969388008117676,-0.007866896688938141,1.1166199445724487,2.0882725715637207,0.6811882257461548,0.8814922571182251,0.8576661348342896
9,2,201,1,1,0,valid_not_selected,0.9233055114746094,0.01595902629196644,1.0702440738677979,0.3978450894355774,9946.126953125,9.724764823913574,12500000.0,0.019999999552965164,0.0020000000949949026,60.0,180.0,300.0,0.02500000037252903,0.23000000417232513,0.07999999821186066,0.20000000298023224,0.027499999850988388,5.0,2.0,1.2000000476837158,2.5516719818115234,2.511589527130127,0.04008252173662186,1.2759238481521606,1.6546134948730469,0.7705822587013245,1.1675478219985962,1.1153897047042847
9,2,202,0,1,0,valid_not_selected,0.8016345500946045,0.02643713168799877,2.088916778564453,0.0786425992846489,1966.06494140625,0.37998533248901367,12500000.0,0.019999999552965164,0.0020000000949949026,20.0,120.0,240.0,0.02500000037252903,0.23000000417232513,0.07999999821186066,0.20000000298023224,0.027499999850988388,5.0,2.0,1.2000000476837158,0.1802901178598404,0.18518590927124023,-0.004895784426480532,1.1918821334838867,1.8161869049072266,0.919321596622467,1.4783296585083008,1.5829768180847168
9,2,203,7,1,0,valid_not_selected,0.8402531743049622,0.03481040149927139,1.0,0.18007025122642517,4501.755859375,7.014822006225586,3550000.0,0.009999999776482582,0.0020000000949949026,60.0,180.0,300.0,0.02500000037252903,0.23000000417232513,0.07999999821186066,0.20000000298023224,0.027499999850988388,5.0,2.0,1.2000000476837158,0.36488619446754456,0.35261163115501404,0.012274553067982197,1.1784124374389648,2.191228151321411,0.7183170318603516,1.0441871881484985,1.0596472024917603
9,2,204,0,1,0,valid_not_selected,0.8649340867996216,0.029020393267273903,1.4232515096664429,0.41270774602890015,10317.693359375,10.464929580688477,12500000.0,0.019999999552965164,0.0020000000949949026,20.0,120.0,240.0,0.02500000037252903,0.23000000417232513,0.07999999821186066,0.20000000298023224,0.027499999850988388,5.0,2.0,1.2000000476837158,2.2406044006347656,2.3075709342956543,-0.06696661561727524,1.173417091369629,1.972949743270874,0.7858620882034302,1.189133644104004,1.1688207387924194
9,2,205,3,1,1,accepted,0.9900553822517395,0.001998883904889226,1.0702440738677979,0.4685858190059662,11714.64453125,13.490541458129883,12500000.0,0.009999999776482582,0.0020000000949949026,60.0,180.0,300.0,0.02500000037252903,0.23000000417232513,0.07999999821186066,0.20000000298023224,0.027499999850988388,5.0,2.0,1.2000000476837158,2.334986686706543,2.339663505554199,-0.004676715470850468,1.4269112348556519,2.078845500946045,0.7519032955169678,1.007063388824463,0.9649615287780762
9,2,206,2,1,0,valid_not_selected,0.733436644077301,0.06200282275676727,1.4232515096664429,0.19649659097194672,4912.41455078125,2.372253656387329,12500000.0,0.009999999776482582,0.0020000000949949026,20.0,120.0,240.0,0.02500000037252903,0.23000000417232513,0.07999999821186066,0.20000000298023224,0.027499999850988388,5.0,2.0,1.2000000476837158,0.3334222435951233,0.35546189546585083,-0.022039640694856644,1.2863984107971191,2.1841320991516113,0.8126250505447388,1.219665288925171,1.2194502353668213
9,2,207,4,1,1,accepted,0.9908608794212341,0.0018362302798777819,1.4232515096664429,0.19074973464012146,4768.7431640625,7.871556758880615,3550000.0,0.019999999552965164,0.0020000000949949026,20.0,120.0,240.0,0.02500000037252903,0.23000000417232513,0.07999999821186066,0.20000000298023224,0.027499999850988388,5.0,2.0,1.2000000476837158,0.4253023862838745,0.4260847866535187,-0.0007823897758498788,1.0776734352111816,2.0240516662597656,0.7381740808486938,1.0965110063552856,1.0639011859893799
9,2,208,4,1,0,valid_not_selected,0.9857913255691528,0.002862117951735854,1.4232515096664429,0.16743941605091095,4185.9853515625,6.065241813659668,3550000.0,0.019999999552965164,0.0020000000949949026,20.0,120.0,240.0,0.02500000037252903,0.23000000417232513,0.07999999821186066,0.20000000298023224,0.027499999850988388,5.0,2.0,1.2000000476837158,0.3303353190422058,0.33128347992897034,-0.0009481724118813872,1.0712169408798218,2.011085033416748,0.7437833547592163,1.1205238103866577,1.0870306491851807
9,2,209,7,1,1,accepted,0.9672857522964478,0.006652269046753645,1.1219501495361328,0.38270074129104614,9567.5185546875,31.68482780456543,3550000.0,0.009999999776482582,0.0020000000949949026,60.0,180.0,300.0,0.02500000037252903,0.23000000417232513,0.07999999821186066,0.20000000298023224,0.027499999850988388,5.0,2.0,1.2000000476837158,1.0383108854293823,1.0452642440795898,-0.006953379139304161,1.3017253875732422,2.077183485031128,0.5935115218162537,0.5064963102340698,0.5059617757797241
9,2,210,0,1,0,valid_not_selected,0.8716360330581665,0.027476662769913673,1.4232515096664429,0.34900692105293274,8725.1728515625,7.483747959136963,12500000.0,0.019999999552965164,0.0020000000949949026,20.0,120.0,240.0,0.02500000037252903,0.23000000417232513,0.07999999821186066,0.20000000298023224,0.027499999850988388,5.0,2.0,1.2000000476837158,1.5982146263122559,1.6433689594268799,-0.04515429586172104,1.1637378931045532,1.9316949844360352,0.7919823527336121,1.2189236879348755,1.1971553564071655
9,2,211,7,1,0,valid_not_selected,0.8428125381469727,0.03420214354991913,1.0,0.17223763465881348,4305.94091796875,6.417839527130127,3550000.0,0.009999999776482582,0.0020000000949949026,60.0,180.0,300.0,0.02500000037252903,0.23000000417232513,0.07999999821186066,0.20000000298023224,0.027499999850988388,5.0,2.0,1.2000000476837158,0.3394021987915039,0.328177809715271,0.011224384419620037,1.1758109331130981,2.199592351913452,0.7220202684402466,1.0653102397918701,1.0834383964538574
9,2,212,7,1,0,valid_not_selected,0.8504161834716797,0.032405879348516464,1.4004285335540771,0.46362531185150146,11590.6318359375,46.501502990722656,3550000.0,0.009999999776482582,0.0020000000949949026,60.0,180.0,300.0,0.02500000037252903,0.23000000417232513,0.07999999821186066,0.20000000298023224,0.027499999850988388,5.0,2.0,1.2000000476837158,1.321724534034729,1.3659906387329102,-0.04426612704992294,1.3396724462509155,2.0476319789886475,0.5526772737503052,0.3848671317100525,0.3865078389644623
9,2,213,4,1,0,valid_not_selected,0.9471925497055054,0.010850578546524048,1.4232515096664429,0.445100873708725,11127.5205078125,42.85974884033203,3550000.0,0.019999999552965164,0.0020000000949949026,20.0,120.0,240.0,0.02500000037252903,0.23000000417232513,0.07999999821186066,0.20000000298023224,0.027499999850988388,5.0,2.0,1.2000000476837158,1.8561774492263794,1.8765389919281006,-0.020361533388495445,1.129541277885437,2.090700626373291,0.6508524417877197,0.7740541100502014,0.7559456825256348
9,2,214,3,1,0,valid_not_selected,0.9814201593399048,0.0037509228568524122,1.0702440738677979,0.3801826238632202,9504.564453125,8.880463600158691,12500000.0,0.009999999776482582,0.0020000000949949026,60.0,180.0,300.0,0.02500000037252903,0.23000000417232513,0.07999999821186066,0.20000000298023224,0.027499999850988388,5.0,2.0,1.2000000476837158,1.5603723526000977,1.5545413494110107,0.0058309645392000675,1.3854795694351196,1.9849985837936401,0.7707052826881409,1.1013295650482178,1.0591861009597778
9,2,215,3,1,1,accepted,0.9951316118240356,0.0009760541724972427,1.0702440738677979,0.4545423984527588,11363.5595703125,12.694039344787598,12500000.0,0.009999999776482582,0.0020000000949949026,60.0,180.0,300.0,0.02500000037252903,0.23000000417232513,0.07999999821186066,0.20000000298023224,0.027499999850988388,5.0,2.0,1.2000000476837158,2.2055776119232178,2.2077324390411377,-0.0021548664662986994,1.4209866523742676,2.0628514289855957,0.7553888559341431,1.0239975452423096,0.9816492795944214
9,2,216,7,1,1,accepted,0.985314667224884,0.0029588514007627964,1.0111812353134155,0.354586660861969,8864.6669921875,27.20054054260254,3550000.0,0.009999999776482582,0.0020000000949949026,60.0,180.0,300.0,0.02500000037252903,0.23000000417232513,0.07999999821186066,0.20000000298023224,0.027499999850988388,5.0,2.0,1.2000000476837158,0.9473837018013,0.9445887804031372,0.0027948978822678328,1.2850967645645142,2.0890581607818604,0.6108956336975098,0.5644466280937195,0.5631704926490784
9,2,217,5,1,0,valid_not_selected,0.503899335861206,0.08216167986392975,2.2745704650878906,0.0550268217921257,1375.6705322265625,0.6550608277320862,3550000.0,0.019999999552965164,0.0020000000949949026,60.0,180.0,300.0,0.02500000037252903,0.23000000417232513,0.07999999821186066,0.20000000298023224,0.027499999850988388,5.0,2.0,1.2000000476837158,0.13197897374629974,0.1219586506485939,0.010020327754318714,1.2002488374710083,2.414722442626953,0.8851751089096069,1.6579612493515015,1.7511160373687744
9,2,218,6,1,0,valid_not_selected,0.8273536562919617,0.037904612720012665,1.3815573453903198,0.4576376676559448,11440.94140625,45.308143615722656,3550000.0,0.009999999776482582,0.0020000000949949026,60.0,120.0,240.0,0.02500000037252903,0.23000000417232513,0.07999999821186066,0.20000000298023224,0.027499999850988388,5.0,2.0,1.2000000476837158,1.071730613708496,1.1139546632766724,-0.04222401976585388,1.0258129835128784,2.0046026706695557,0.5201280117034912,0.34213531017303467,0.3495962917804718
9,2,219,5,1,1,accepted,0.9464011192321777,0.011017759330570698,1.7638499736785889,0.0763733834028244,1909.33447265625,1.2618763446807861,3550000.0,0.019999999552965164,0.0020000000949949026,60.0,180.0,300.0,0.02500000037252903,0.23000000417232513,0.07999999821186066,0.20000000298023224,0.027499999850988388,5.0,2.0,1.2000000476837158,0.14310534298419952,0.141545832157135,0.0015595179283991456,1.094963550567627,1.9993584156036377,0.8192330598831177,1.486249327659607,1.5023293495178223
9,2,220,0,1,1,accepted,0.8774498105049133,0.02614710107445717,1.4232515096664429,0.25557416677474976,6389.35400390625,4.013145923614502,12500000.0,0.019999999552965164,0.0020000000949949026,20.0,120.0,240.0,0.02500000037252903,0.23000000417232513,0.07999999821186066,0.20000000298023224,0.027499999850988388,5.0,2.0,1.2000000476837158,0.8482763767242432,0.8710518479347229,-0.022775480523705482,1.142030119895935,1.878425121307373,0.7986212372779846,1.2521227598190308,1.2285360097885132
9,2,221,1,1,0,valid_not_selected,0.9205253720283508,0.016562141478061676,1.0702440738677979,0.3150540888309479,7876.3515625,6.098475456237793,12500000.0,0.019999999552965164,0.0020000000949949026,60.0,180.0,300.0,0.02500000037252903,0.23000000417232513,0.07999999821186066,0.20000000298023224,0.027499999850988388,5.0,2.0,1.2000000476837158,1.6119807958602905,1.5857179164886475,0.026262884959578514,1.2343636751174927,1.631911277770996,0.7803977727890015,1.221665620803833,1.1675584316253662
9,2,222,1,1,1,accepted,0.9607952237129211,0.007998796179890633,1.2557717561721802,0.13960345089435577,3490.086181640625,1.1974114179611206,12500000.0,0.019999999552965164,0.0020000000949949026,60.0,180.0,300.0,0.02500000037252903,0.23000000417232513,0.07999999821186066,0.20000000298023224,0.027499999850988388,5.0,2.0,1.2000000476837158,0.34055793285369873,0.3378554880619049,0.0027024373412132263,1.0895191431045532,1.6274745464324951,0.802240252494812,1.3571577072143555,1.3076364994049072
9,2,223,4,1,1,accepted,0.9899731278419495,0.0020154956728219986,1.4232515096664429,0.2706165909767151,6765.41455078125,15.843151092529297,3550000.0,0.019999999552965164,0.0020000000949949026,20.0,120.0,240.0,0.02500000037252903,0.23000000417232513,0.07999999821186066,0.20000000298023224,0.027499999850988388,5.0,2.0,1.2000000476837158,0.8207178115844727,0.8223752975463867,-0.001657493761740625,1.0967299938201904,2.061857223510742,0.7157111167907715,1.0082528591156006,0.9789232611656189
9,2,224,5,1,0,valid_not_selected,0.8506392240524292,0.03235343471169472,1.034494161605835,0.1305827796459198,3264.5693359375,3.688965082168579,3550000.0,0.019999999552965164,0.0020000000949949026,60.0,180.0,300.0,0.02500000037252903,0.23000000417232513,0.07999999821186066,0.20000000298023224,0.027499999850988388,5.0,2.0,1.2000000476837158,0.31821486353874207,0.30824217200279236,0.009972693398594856,1.0952144861221313,1.8671953678131104,0.7635124325752258,1.2668558359146118,1.2426724433898926
9,2,225,7,1,0,valid_not_selected,0.8409970998764038,0.034633416682481766,1.0,0.22331418097019196,5582.8544921875,10.788605690002441,3550000.0,0.009999999776482582,0.0020000000949949026,60.0,180.0,300.0,0.02500000037252903,0.23000000417232513,0.07999999821186066,0.20000000298023224,0.027499999850988388,5.0,2.0,1.2000000476837158,0.5125671625137329,0.49540942907333374,0.017157720401883125,1.199141502380371,2.156547784805298,0.6959830522537231,0.9237799644470215,0.9289184212684631
9,2,226,5,1,0,valid_not_selected,0.8925740718841553,0.022729160264134407,1.291735053062439,0.4301808774471283,10754.521484375,40.0345458984375,3550000.0,0.019999999552965164,0.0020000000949949026,60.0,180.0,300.0,0.02500000037252903,0.23000000417232513,0.07999999821186066,0.20000000298023224,0.027499999850988388,5.0,2.0,1.2000000476837158,2.014312744140625,1.9695466756820679,0.0447661429643631,1.2929301261901855,1.8145862817764282,0.5996623039245605,0.5906789302825928,0.5812638401985168
9,2,227,4,1,0,valid_not_selected,0.9760726690292358,0.004843652714043856,1.4232515096664429,0.3522223234176636,8805.5576171875,26.839008331298828,3550000.0,0.019999999552965164,0.0020000000949949026,20.0,120.0,240.0,0.02500000037252903,0.23000000417232513,0.07999999821186066,0.20000000298023224,0.027499999850988388,5.0,2.0,1.2000000476837158,1.2955706119537354,1.301876425743103,-0.0063058375380933285,1.113702654838562,2.0858304500579834,0.6870913505554199,0.9027722477912903,0.8779277205467224
9,2,228,2,1,0,valid_not_selected,0.7324019074440002,0.062285181134939194,1.4232515096664429,0.3785315752029419,9463.2900390625,8.803498268127441,12500000.0,0.009999999776482582,0.0020000000949949026,20.0,120.0,240.0,0.02500000037252903,0.23000000417232513,0.07999999821186066,0.20000000298023224,0.027499999850988388,5.0,2.0,1.2000000476837158,1.2373331785202026,1.3195197582244873,-0.08218652755022049,1.3039600849151611,2.2547199726104736,0.8009103536605835,1.1613378524780273,1.1508088111877441
9,2,229,0,1,1,accepted,0.8745995759963989,0.026797831058502197,1.4232515096664429,0.31807589530944824,7951.8974609375,6.216022491455078,12500000.0,0.019999999552965164,0.0020000000949949026,20.0,120.0,240.0,0.02500000037252903,0.23000000417232513,0.07999999821186066,0.20000000298023224,0.027499999850988388,5.0,2.0,1.2000000476837158,1.3237488269805908,1.360199213027954,-0.03645038977265358,1.1576892137527466,1.912974238395691,0.7944329977035522,1.2310657501220703,1.2086330652236938
9,2,230,2,1,0,valid_not_selected,0.7005504369735718,0.07117777317762375,1.4232515096664429,0.47621971368789673,11905.4931640625,13.933680534362793,12500000.0,0.009999999776482582,0.0020000000949949026,20.0,120.0,240.0,0.02500000037252903,0.23000000417232513,0.07999999821186066,0.20000000298023224,0.027499999850988388,5.0,2.0,1.2000000476837158,1.941712498664856,2.090510368347168,-0.148797869682312,1.3169105052947998,2.366156816482544,0.7885692715644836,1.096113920211792,1.08504056930542
9,2,231,0,1,1,accepted,0.8752553462982178,0.026647919788956642,1.4232515096664429,0.22626717388629913,5656.67919921875,3.1455326080322266,12500000.0,0.019999999552965164,0.0020000000949949026,20.0,120.0,240.0,0.02500000037252903,0.23000000417232513,0.07999999821186066,0.20000000298023224,0.027499999850988388,5.0,2.0,1.2000000476837158,0.6625024676322937,0.6806401014328003,-0.018137643113732338,1.1324812173843384,1.8631789684295654,0.8004917502403259,1.2613970041275024,1.2374416589736938
9,2,232,2,1,0,valid_not_selected,0.7436174750328064,0.059245701879262924,1.4232515096664429,0.21334154903888702,5333.53857421875,2.796417236328125,12500000.0,0.009999999776482582,0.0020000000949949026,20.0,120.0,240.0,0.02500000037252903,0.23000000417232513,0.07999999821186066,0.20000000298023224,0.027499999850988388,5.0,2.0,1.2000000476837158,0.3918974697589874,0.41657793521881104,-0.024680452421307564,1.283867597579956,2.1713790893554688,0.8116185665130615,1.217069149017334,1.2143704891204834
9,2,233,4,1,0,valid_not_selected,0.9802079200744629,0.003998115658760071,1.4232515096664429,0.15361733734607697,3840.433349609375,5.105205059051514,3550000.0,0.019999999552965164,0.0020000000949949026,20.0,120.0,240.0,0.02500000037252903,0.23000000417232513,0.07999999821186066,0.20000000298023224,0.027499999850988388,5.0,2.0,1.2000000476837158,0.27919843792915344,0.2803191840648651,-0.0011207484640181065,1.0669406652450562,2.002790927886963,0.7470593452453613,1.1351262331008911,1.10109543800354
9,2,234,7,1,0,valid_not_selected,0.9252398014068604,0.015540461987257004,1.4208112955093384,0.09518466144800186,2379.616455078125,1.960047960281372,3550000.0,0.009999999776482582,0.0020000000949949026,60.0,180.0,300.0,0.02500000037252903,0.23000000417232513,0.07999999821186066,0.20000000298023224,0.027499999850988388,5.0,2.0,1.2000000476837158,0.13756833970546722,0.1354631781578064,0.0021051603835076094,1.203321933746338,2.4002082347869873,0.7722364664077759,1.3301782608032227,1.4187511205673218
9,2,235,2,1,0,valid_not_selected,0.7135699391365051,0.06749497354030609,1.4232515096664429,0.1764007955789566,4410.02001953125,1.9118428230285645,12500000.0,0.009999999776482582,0.0020000000949949026,20.0,120.0,240.0,0.02500000037252903,0.23000000417232513,0.07999999821186066,0.20000000298023224,0.027499999850988388,5.0,2.0,1.2000000476837158,0.2706887722015381,0.2902812957763672,-0.0195925273001194,1.2939426898956299,2.2137157917022705,0.8144099116325378,1.2226332426071167,1.226539134979248
9,2,236,1,1,0,valid_not_selected,0.926499605178833,0.015268336981534958,1.1512223482131958,0.49606797099113464,12401.6982421875,15.119361877441406,12500000.0,0.019999999552965164,0.0020000000949949026,60.0,180.0,300.0,0.02500000037252903,0.23000000417232513,0.07999999821186066,0.20000000298023224,0.027499999850988388,5.0,2.0,1.2000000476837158,3.8976826667785645,3.839066505432129,0.05861616134643555,1.3113675117492676,1.7005947828292847,0.7530271410942078,1.0777740478515625,1.0306981801986694
9,2,237,3,1,0,valid_not_selected,0.9671224355697632,0.006686030887067318,1.0702440738677979,0.32446742057800293,8111.685546875,6.468347072601318,12500000.0,0.009999999776482582,0.0020000000949949026,60.0,180.0,300.0,0.02500000037252903,0.23000000417232513,0.07999999821186066,0.20000000298023224,0.027499999850988388,5.0,2.0,1.2000000476837158,1.1396905183792114,1.1321210861206055,0.007569396402686834,1.3545712232589722,1.9409867525100708,0.778924822807312,1.1462469100952148,1.1056463718414307
9,2,238,4,1,0,valid_not_selected,0.8793796896934509,0.025707697495818138,1.4566444158554077,0.09302041679620743,2325.510498046875,1.8719285726547241,3550000.0,0.019999999552965164,0.0020000000949949026,20.0,120.0,240.0,0.02500000037252903,0.23000000417232513,0.07999999821186066,0.20000000298023224,0.027499999850988388,5.0,2.0,1.2000000476837158,0.10527465492486954,0.10805243253707886,-0.0027777792420238256,1.037508249282837,1.947572946548462,0.7699962854385376,1.229114055633545,1.1923434734344482
9,2,239,6,1,0,valid_not_selected,0.8918857574462891,0.022883450612425804,1.0676690340042114,0.11940111964941025,2985.02783203125,3.084249496459961,3550000.0,0.009999999776482582,0.0020000000949949026,60.0,120.0,240.0,0.02500000037252903,0.23000000417232513,0.07999999821186066,0.20000000298023224,0.027499999850988388,5.0,2.0,1.2000000476837158,0.12736929953098297,0.1303522139787674,-0.002982908394187689,1.2727899551391602,2.0008692741394043,0.6050180196762085,0.7985178232192993,0.8277667164802551
9,2,240,2,1,0,valid_not_selected,0.4246612787246704,0.17129269242286682,1.6791486740112305,0.1042897030711174,2607.242431640625,0.6682422161102295,12500000.0,0.009999999776482582,0.0020000000949949026,20.0,120.0,240.0,0.02500000037252903,0.23000000417232513,0.07999999821186066,0.20000000298023224,0.027499999850988388,5.0,2.0,1.2000000476837158,0.11899714916944504,0.1435936987400055,-0.024596551433205605,1.517562985420227,3.0089128017425537,0.8818648457527161,1.1867010593414307,1.2553809881210327
9,2,241,1,1,1,accepted,0.9358799457550049,0.013253613375127316,1.0702440738677979,0.1739855408668518,4349.63818359375,1.8598477840423584,12500000.0,0.019999999552965164,0.0020000000949949026,60.0,180.0,300.0,0.02500000037252903,0.23000000417232513,0.07999999821186066,0.20000000298023224,0.027499999850988388,5.0,2.0,1.2000000476837158,0.50894695520401,0.5022897720336914,0.0066571542993187904,1.1301075220108032,1.6262456178665161,0.7937754392623901,1.3085652589797974,1.2560073137283325
9,2,242,0,1,0,valid_not_selected,0.8587218523025513,0.03046203963458538,1.4232515096664429,0.474968820810318,11874.220703125,13.860576629638672,12500000.0,0.019999999552965164,0.0020000000949949026,20.0,120.0,240.0,0.02500000037252903,0.23000000417232513,0.07999999821186066,0.20000000298023224,0.027499999850988388,5.0,2.0,1.2000000476837158,2.957901954650879,3.0508365631103516,-0.09293470531702042,1.1797181367874146,2.0146970748901367,0.7783428430557251,1.1532466411590576,1.1344780921936035
9,2,243,6,1,0,valid_not_selected,0.9170069098472595,0.01732805371284485,1.0522093772888184,0.35823050141334534,8955.7626953125,27.7624568939209,3550000.0,0.009999999776482582,0.0020000000949949026,60.0,120.0,240.0,0.02500000037252903,0.23000000417232513,0.07999999821186066,0.20000000298023224,0.027499999850988388,5.0,2.0,1.2000000476837158,0.8325263261795044,0.8472067713737488,-0.01468044426292181,1.0913282632827759,2.033061981201172,0.5587731599807739,0.48044946789741516,0.48608195781707764
9,2,244,2,0,0,residual_ratio,0.2997010350227356,0.24099399149417877,1.9062221050262451,0.0891890674829483,2229.7265625,0.48873600363731384,12500000.0,0.009999999776482582,0.0020000000949949026,20.0,120.0,240.0,0.02500000037252903,0.23000000417232513,0.07999999821186066,0.20000000298023224,0.027499999850988388,5.0,2.0,1.2000000476837158,0.06839266419410706,0.09010820090770721,-0.02171553485095501,1.3112549781799316,3.2196602821350098,0.9704495668411255,0.6858879327774048,0.7584204077720642
9,2,245,6,1,0,valid_not_selected,0.6380794048309326,0.08985850214958191,1.9200588464736938,0.0690871924161911,1727.1796875,1.0325899124145508,3550000.0,0.009999999776482582,0.0020000000949949026,60.0,120.0,240.0,0.02500000037252903,0.23000000417232513,0.07999999821186066,0.20000000298023224,0.027499999850988388,5.0,2.0,1.2000000476837158,0.031226979568600655,0.034310027956962585,-0.00308304768987,1.4672884941101074,1.5874295234680176,0.7419119477272034,0.4187467098236084,0.44548431038856506
9,2,246,2,1,1,accepted,0.7518232464790344,0.057050809264183044,1.4232515096664429,0.23928996920585632,5982.2490234375,3.5180342197418213,12500000.0,0.009999999776482582,0.0020000000949949026,20.0,120.0,240.0,0.02500000037252903,0.23000000417232513,0.07999999821186066,0.20000000298023224,0.027499999850988388,5.0,2.0,1.2000000476837158,0.49229878187179565,0.52208411693573,-0.02978532202541828,1.2836799621582031,2.165031671524048,0.8103658556938171,1.212341070175171,1.2069259881973267
9,2,247,7,1,1,accepted,0.9315069913864136,0.01419032271951437,1.0,0.32054567337036133,8013.64208984375,22.228622436523438,3550000.0,0.009999999776482582,0.0020000000949949026,60.0,180.0,300.0,0.02500000037252903,0.23000000417232513,0.07999999821186066,0.20000000298023224,0.027499999850988388,5.0,2.0,1.2000000476837158,0.8387993574142456,0.8270630836486816,0.011736292392015457,1.2631566524505615,2.1045689582824707,0.6334643363952637,0.6464433073997498,0.6447063088417053
9,2,248,1,1,0,valid_not_selected,0.925747275352478,0.015430806204676628,1.0799424648284912,0.4738832116127014,11847.080078125,13.797286987304688,12500000.0,0.019999999552965164,0.0020000000949949026,60.0,180.0,300.0,0.02500000037252903,0.23000000417232513,0.07999999821186066,0.20000000298023224,0.027499999850988388,5.0,2.0,1.2000000476837158,3.5771968364715576,3.522836685180664,0.05436021089553833,1.3046133518218994,1.6890690326690674,0.7576166987419128,1.1007335186004639,1.0522018671035767
9,2,249,5,1,0,valid_not_selected,0.8107772469520569,0.04195238649845123,1.034494161605835,0.3225076198577881,8062.6904296875,22.50156021118164,3550000.0,0.019999999552965164,0.0020000000949949026,60.0,180.0,300.0,0.02500000037252903,0.23000000417232513,0.07999999821186066,0.20000000298023224,0.027499999850988388,5.0,2.0,1.2000000476837158,1.4545738697052002,1.396008014678955,0.05856586992740631,1.2308845520019531,1.8319960832595825,0.6688270568847656,0.8443604111671448,0.8199988007545471
9,2,250,2,1,0,valid_not_selected,0.38689124584198,0.044228680431842804,2.728468179702759,0.050621356815099716,1265.5338134765625,0.15744128823280334,12500000.0,0.009999999776482582,0.0020000000949949026,20.0,120.0,240.0,0.02500000037252903,0.23000000417232513,0.07999999821186066,0.20000000298023224,0.027499999850988388,5.0,2.0,1.2000000476837158,0.011382341384887695,0.011909063905477524,-0.000526722171343863,1.0459548234939575,2.1248247623443604,0.8213710188865662,0.2140747457742691,0.20301303267478943
9,2,251,1,1,0,valid_not_selected,0.9226651191711426,0.0160977840423584,1.0702440738677979,0.3797900378704071,9494.7509765625,8.86213207244873,12500000.0,0.019999999552965164,0.0020000000949949026,60.0,180.0,300.0,0.02500000037252903,0.23000000417232513,0.07999999821186066,0.20000000298023224,0.027499999850988388,5.0,2.0,1.2000000476837158,2.3294389247894287,2.292534112930298,0.0369047187268734,1.2678091526031494,1.6481471061706543,0.7730701565742493,1.1808255910873413,1.1280810832977295
9,2,252,7,1,0,valid_not_selected,0.8706215620040894,0.02770957723259926,1.3495616912841797,0.4476619064807892,11191.546875,43.3543815612793,3550000.0,0.009999999776482582,0.0020000000949949026,60.0,180.0,300.0,0.02500000037252903,0.23000000417232513,0.07999999821186066,0.20000000298023224,0.027499999850988388,5.0,2.0,1.2000000476837158,1.262518048286438,1.2984988689422607,-0.03598085418343544,1.3334450721740723,2.052978277206421,0.5596073865890503,0.404276043176651,0.4055496156215668
9,2,253,5,1,0,valid_not_selected,0.8698691129684448,0.02788250520825386,1.2096039056777954,0.4065193831920624,10162.984375,35.75157928466797,3550000.0,0.019999999552965164,0.0020000000949949026,60.0,180.0,300.0,0.02500000037252903,0.23000000417232513,0.07999999821186066,0.20000000298023224,0.027499999850988388,5.0,2.0,1.2000000476837158,1.903125524520874,1.8515009880065918,0.05162448436021805,1.2820097208023071,1.8195339441299438,0.6140071153640747,0.6398649215698242,0.6274293065071106
9,2,254,1,1,0,valid_not_selected,0.9228991866111755,0.016047051176428795,1.0702440738677979,0.2252512127161026,5631.2802734375,3.1173486709594727,12500000.0,0.019999999552965164,0.0020000000949949026,60.0,180.0,300.0,0.02500000037252903,0.23000000417232513,0.07999999821186066,0.20000000298023224,0.027499999850988388,5.0,2.0,1.2000000476837158,0.8352075219154358,0.8220165967941284,0.01319094281643629,1.1750779151916504,1.6260617971420288,0.787992000579834,1.2701512575149536,1.2160789966583252
9,2,255,6,1,1,accepted,0.977254331111908,0.004601669032126665,1.0522093772888184,0.26792535185813904,6698.1337890625,15.529603004455566,3550000.0,0.009999999776482582,0.0020000000949949026,60.0,120.0,240.0,0.02500000037252903,0.23000000417232513,0.07999999821186066,0.20000000298023224,0.027499999850988388,5.0,2.0,1.2000000476837158,0.5708928108215332,0.5735320448875427,-0.002639204729348421,1.1498425006866455,2.041830062866211,0.5989872217178345,0.6397870182991028,0.6437821984291077
9,2,256,0,1,0,valid_not_selected,0.803318202495575,0.043800871819257736,1.4232515096664429,0.13469679653644562,3367.419677734375,1.1147196292877197,12500000.0,0.019999999552965164,0.0020000000949949026,20.0,120.0,240.0,0.02500000037252903,0.23000000417232513,0.07999999821186066,0.20000000298023224,0.027499999850988388,5.0,2.0,1.2000000476837158,0.23818954825401306,0.24910035729408264,-0.010910812765359879,1.081318974494934,1.790708065032959,0.8153850436210632,1.3156285285949707,1.2936997413635254
9,2,257,4,1,0,valid_not_selected,0.9668956398963928,0.006732941139489412,1.4232515096664429,0.3870147168636322,9675.3681640625,32.4031867980957,3550000.0,0.019999999552965164,0.0020000000949949026,20.0,120.0,240.0,0.02500000037252903,0.23000000417232513,0.07999999821186066,0.20000000298023224,0.027499999850988388,5.0,2.0,1.2000000476837158,1.5059901475906372,1.5161986351013184,-0.010208476334810257,1.120105266571045,2.090360403060913,0.6737034916877747,0.8546962738037109,0.832208514213562
9,2,258,4,1,0,valid_not_selected,0.9277071356773376,0.015007833018898964,1.4871970415115356,0.49218031764030457,12304.5078125,52.40602493286133,3550000.0,0.019999999552965164,0.0020000000949949026,20.0,120.0,240.0,0.02500000037252903,0.23000000417232513,0.07999999821186066,0.20000000298023224,0.027499999850988388,5.0,2.0,1.2000000476837158,2.135336399078369,2.1678714752197266,-0.03253505378961563,1.136030912399292,2.085502862930298,0.6326704621315002,0.7110611200332642,0.6966819167137146
9,2,259,5,1,0,valid_not_selected,0.795180082321167,0.045837339013814926,1.034494161605835,0.2613682150840759,6534.20556640625,14.778769493103027,3550000.0,0.019999999552965164,0.0020000000949949026,60.0,180.0,300.0,0.02500000037252903,0.23000000417232513,0.07999999821186066,0.20000000298023224,0.027499999850988388,5.0,2.0,1.2000000476837158,1.0672017335891724,1.0204280614852905,0.04677370563149452,1.1848515272140503,1.8334906101226807,0.7055774927139282,0.9968525171279907,0.9659979939460754
9,2,260,7,1,0,valid_not_selected,0.927654504776001,0.015019183978438377,1.0,0.31789445877075195,7947.361328125,21.86244010925293,3550000.0,0.009999999776482582,0.0020000000949949026,60.0,180.0,300.0,0.02500000037252903,0.23000000417232513,0.07999999821186066,0.20000000298023224,0.027499999850988388,5.0,2.0,1.2000000476837158,0.8303107023239136,0.8180246353149414,0.012286062352359295,1.2613855600357056,2.1058249473571777,0.6352622509002686,0.653337836265564,0.6515998840332031
9,2,261,7,1,0,valid_not_selected,0.5135241746902466,0.10004402697086334,2.1662380695343018,0.0589892640709877,1474.7315673828125,0.7527984380722046,3550000.0,0.009999999776482582,0.0020000000949949026,60.0,180.0,300.0,0.02500000037252903,0.23000000417232513,0.07999999821186066,0.20000000298023224,0.027499999850988388,5.0,2.0,1.2000000476837158,0.08709460496902466,0.079173743724823,0.007920860312879086,1.2805349826812744,2.6669867038726807,0.8697003722190857,1.6197400093078613,1.8345222473144531
9,2,262,4,1,0,valid_not_selected,0.9823393225669861,0.003563692094758153,1.4232515096664429,0.322551429271698,8063.78515625,22.507675170898438,3550000.0,0.019999999552965164,0.0020000000949949026,20.0,120.0,240.0,0.02500000037252903,0.23000000417232513,0.07999999821186066,0.20000000298023224,0.027499999850988388,5.0,2.0,1.2000000476837158,1.1183017492294312,1.1223013401031494,-0.003999536391347647,1.1078259944915771,2.0792229175567627,0.6980503797531128,0.9426547884941101,0.916008472442627
9,2,263,3,1,0,valid_not_selected,0.983228862285614,0.003382673254236579,1.0702440738677979,0.3865886330604553,9664.71484375,9.182252883911133,12500000.0,0.009999999776482582,0.0020000000949949026,60.0,180.0,300.0,0.02500000037252903,0.23000000417232513,0.07999999821186066,0.20000000298023224,0.027499999850988388,5.0,2.0,1.2000000476837158,1.6125743389129639,1.60713791847229,0.005436422303318977,1.3888012170791626,1.991004467010498,0.7695892453193665,1.0954827070236206,1.0532312393188477
9,2,264,6,1,0,valid_not_selected,0.9406605958938599,0.012234571389853954,1.0522093772888184,0.3291752338409424,8229.3798828125,23.44158935546875,3550000.0,0.009999999776482582,0.0020000000949949026,60.0,120.0,240.0,0.02500000037252903,0.23000000417232513,0.07999999821186066,0.20000000298023224,0.027499999850988388,5.0,2.0,1.2000000476837158,0.7543483972549438,0.7636918425559998,-0.009343442507088184,1.1111723184585571,2.0377981662750244,0.571969747543335,0.5303874015808105,0.5352473258972168
9,2,265,0,1,0,valid_not_selected,0.7760065197944641,0.050718873739242554,1.4278795719146729,0.12399652600288391,3099.913330078125,0.9446482062339783,12500000.0,0.019999999552965164,0.0020000000949949026,20.0,120.0,240.0,0.02500000037252903,0.23000000417232513,0.07999999821186066,0.20000000298023224,0.027499999850988388,5.0,2.0,1.2000000476837158,0.20574332773685455,0.21673592925071716,-0.010992602445185184,1.0725188255310059,1.772288203239441,0.8215854167938232,1.3326479196548462,1.3126561641693115
9,2,266,5,1,0,valid_not_selected,0.8078224062919617,0.04268260672688484,1.034494161605835,0.18928848206996918,4732.2119140625,7.75141716003418,3550000.0,0.019999999552965164,0.0020000000949949026,60.0,180.0,300.0,0.02500000037252903,0.23000000417232513,0.07999999821186066,0.20000000298023224,0.027499999850988388,5.0,2.0,1.2000000476837158,0.6148689985275269,0.5896990895271301,0.025169894099235535,1.131751298904419,1.8399381637573242,0.7395030856132507,1.1496244668960571,1.1174932718276978
9,2,267,3,1,0,valid_not_selected,0.9556437134742737,0.009074023924767971,1.0702440738677979,0.2696309983730316,6740.775390625,4.466740131378174,12500000.0,0.009999999776482582,0.0020000000949949026,60.0,180.0,300.0,0.02500000037252903,0.23000000417232513,0.07999999821186066,0.20000000298023224,0.027499999850988388,5.0,2.0,1.2000000476837158,0.7893344163894653,0.7822363972663879,0.00709803169593215,1.3206019401550293,1.9152603149414062,0.7847747206687927,1.1820391416549683,1.143981695175171
9,2,268,0,1,1,accepted,0.8770388960838318,0.026240786537528038,1.4232515096664429,0.28238922357559204,7059.72998046875,4.899450302124023,12500000.0,0.019999999552965164,0.0020000000949949026,20.0,120.0,240.0,0.02500000037252903,0.23000000417232513,0.07999999821186066,0.20000000298023224,0.027499999850988388,5.0,2.0,1.2000000476837158,1.039122462272644,1.067124605178833,-0.028002189472317696,1.1493980884552002,1.892742395401001,0.7969154119491577,1.243520736694336,1.2203848361968994
9,2,269,0,1,0,valid_not_selected,0.8624386787414551,0.02959824725985527,1.4232515096664429,0.43707558512687683,10926.8896484375,11.737191200256348,12500000.0,0.019999999552965164,0.0020000000949949026,20.0,120.0,240.0,0.02500000037252903,0.23000000417232513,0.07999999821186066,0.20000000298023224,0.027499999850988388,5.0,2.0,1.2000000476837158,2.5117342472076416,2.5883448123931885,-0.07661046832799911,1.1762325763702393,1.9892741441726685,0.7831053137779236,1.1759008169174194,1.1561740636825562
9,2,270,2,1,1,accepted,0.7483876347541809,0.05796683952212334,1.4232515096664429,0.22548671066761017,5637.16748046875,3.1238698959350586,12500000.0,0.009999999776482582,0.0020000000949949026,20.0,120.0,240.0,0.02500000037252903,0.23000000417232513,0.07999999821186066,0.20000000298023224,0.027499999850988388,5.0,2.0,1.2000000476837158,0.4373401701450348,0.4642513394355774,-0.026911182329058647,1.2833560705184937,2.1667630672454834,0.8110112547874451,1.2149925231933594,1.2108848094940186
9,2,271,5,1,0,valid_not_selected,0.8554856777191162,0.031217185780405998,1.1501768827438354,0.3902145326137543,9755.36328125,32.94121551513672,3550000.0,0.019999999552965164,0.0020000000949949026,60.0,180.0,300.0,0.02500000037252903,0.23000000417232513,0.07999999821186066,0.20000000298023224,0.027499999850988388,5.0,2.0,1.2000000476837158,1.8237264156341553,1.7685182094573975,0.05520816147327423,1.2735968828201294,1.822762370109558,0.6243563294410706,0.6764296889305115,0.6617497801780701
9,2,272,6,1,1,accepted,0.9893029928207397,0.0021509253419935703,1.0522093772888184,0.2144908457994461,5362.27099609375,9.952914237976074,3550000.0,0.009999999776482582,0.0020000000949949026,60.0,120.0,240.0,0.02500000037252903,0.23000000417232513,0.07999999821186066,0.20000000298023224,0.027499999850988388,5.0,2.0,1.2000000476837158,0.39899393916130066,0.39985400438308716,-0.0008600561413913965,1.1787614822387695,2.0415594577789307,0.6166397929191589,0.7257786393165588,0.7315691113471985
9,2,273,2,1,0,valid_not_selected,0.6434233784675598,0.0881904661655426,1.4232515096664429,0.14217904210090637,3554.47607421875,1.2420017719268799,12500000.0,0.009999999776482582,0.0020000000949949026,20.0,120.0,240.0,0.02500000037252903,0.23000000417232513,0.07999999821186066,0.20000000298023224,0.027499999850988388,5.0,2.0,1.2000000476837158,0.1824653148651123,0.2001134157180786,-0.01764809526503086,1.3338310718536377,2.3442234992980957,0.8224105834960938,1.2289217710494995,1.2457383871078491
9,2,274,6,1,1,accepted,0.9881783723831177,0.0023784064687788486,1.0522093772888184,0.22900059819221497,5725.0146484375,11.345037460327148,3550000.0,0.009999999776482582,0.0020000000949949026,60.0,120.0,240.0,0.02500000037252903,0.23000000417232513,0.07999999821186066,0.20000000298023224,0.027499999850988388,5.0,2.0,1.2000000476837158,0.4456712603569031,0.4467337727546692,-0.0010625144932419062,1.1711519956588745,2.0417420864105225,0.6127612590789795,0.7042103409767151,0.7091495394706726
9,2,275,0,1,0,valid_not_selected,0.8429075479507446,0.034179605543613434,1.4232515096664429,0.15979738533496857,3994.934326171875,1.5688824653625488,12500000.0,0.019999999552965164,0.0020000000949949026,20.0,120.0,240.0,0.02500000037252903,0.23000000417232513,0.07999999821186066,0.20000000298023224,0.027499999850988388,5.0,2.0,1.2000000476837158,0.3301528990268707,0.34183675050735474,-0.011683844961225986,1.1002508401870728,1.8204368352890015,0.8076341152191162,1.2910345792770386,1.2673871517181396
9,2,276,1,1,0,valid_not_selected,0.9201803803443909,0.016637109220027924,1.0702440738677979,0.2964920103549957,7412.2998046875,5.401035785675049,12500000.0,0.019999999552965164,0.0020000000949949026,60.0,180.0,300.0,0.02500000037252903,0.23000000417232513,0.07999999821186066,0.20000000298023224,0.027499999850988388,5.0,2.0,1.2000000476837158,1.4302672147750854,1.4068610668182373,0.023406101390719414,1.2234553098678589,1.6293089389801025,0.7821143865585327,1.231879711151123,1.1775870323181152
9,2,277,2,0,0,residual_ratio,0.3143123984336853,0.20660695433616638,2.124333143234253,0.07674726843833923,1918.681640625,0.3618902862071991,12500000.0,0.009999999776482582,0.0020000000949949026,20.0,120.0,240.0,0.02500000037252903,0.23000000417232513,0.07999999821186066,0.20000000298023224,0.027499999850988388,5.0,2.0,1.2000000476837158,0.015815824270248413,0.019934412091970444,-0.004118588287383318,0.8417838215827942,1.879737377166748,0.946908712387085,0.17145586013793945,0.17625129222869873
9,2,278,4,1,0,valid_not_selected,0.9521690607070923,0.009802539832890034,1.4232515096664429,0.43179193139076233,10794.7978515625,40.33497619628906,3550000.0,0.019999999552965164,0.0020000000949949026,20.0,120.0,240.0,0.02500000037252903,0.23000000417232513,0.07999999821186066,0.20000000298023224,0.027499999850988388,5.0,2.0,1.2000000476837158,1.776407241821289,1.7939928770065308,-0.017585687339305878,1.1275198459625244,2.0913515090942383,0.6560863256454468,0.7923765182495117,0.7732300758361816
9,2,279,0,1,0,valid_not_selected,0.8711249232292175,0.027593981474637985,1.4232515096664429,0.353974312543869,8849.357421875,7.6982951164245605,12500000.0,0.019999999552965164,0.0020000000949949026,20.0,120.0,240.0,0.02500000037252903,0.23000000417232513,0.07999999821186066,0.20000000298023224,0.027499999850988388,5.0,2.0,1.2000000476837158,1.6446422338485718,1.691312313079834,-0.04667004197835922,1.1646223068237305,1.934795618057251,0.7915589809417725,1.216840147972107,1.1951814889907837
9,2,280,7,1,1,accepted,0.9322465062141418,0.014031599275767803,1.2027339935302734,0.40460020303726196,10115.00390625,35.41481018066406,3550000.0,0.009999999776482582,0.0020000000949949026,60.0,180.0,300.0,0.02500000037252903,0.23000000417232513,0.07999999821186066,0.20000000298023224,0.027499999850988388,5.0,2.0,1.2000000476837158,1.111231803894043,1.1270461082458496,-0.01581425964832306,1.313528060913086,2.0685393810272217,0.5810510516166687,0.46740224957466125,0.4675081670284271
9,2,281,4,1,1,accepted,0.9911990165710449,0.00176798936445266,1.4232515096664429,0.25758007168769836,6439.501953125,14.353482246398926,3550000.0,0.019999999552965164,0.0020000000949949026,20.0,120.0,240.0,0.02500000037252903,0.23000000417232513,0.07999999821186066,0.20000000298023224,0.027499999850988388,5.0,2.0,1.2000000476837158,0.7500077486038208,0.7513360977172852,-0.0013283542357385159,1.0938005447387695,2.0564703941345215,0.7197797894477844,1.0236891508102417,0.9937692880630493
9,2,282,1,1,0,valid_not_selected,0.9221680164337158,0.016205569729208946,1.0702440738677979,0.3660423457622528,9151.05859375,8.232158660888672,12500000.0,0.019999999552965164,0.0020000000949949026,60.0,180.0,300.0,0.02500000037252903,0.23000000417232513,0.07999999821186066,0.20000000298023224,0.027499999850988388,5.0,2.0,1.2000000476837158,2.1664860248565674,2.13193678855896,0.034549251198768616,1.2612824440002441,1.643768548965454,0.7748256921768188,1.1903316974639893,1.1372034549713135
9,2,283,1,1,0,valid_not_selected,0.9217270612716675,0.016301229596138,1.0702440738677979,0.35369768738746643,8842.4423828125,7.6862688064575195,12500000.0,0.019999999552965164,0.0020000000949949026,60.0,180.0,300.0,0.02500000037252903,0.23000000417232513,0.07999999821186066,0.20000000298023224,0.027499999850988388,5.0,2.0,1.2000000476837158,2.024932622909546,1.9924530982971191,0.032479435205459595,1.2551617622375488,1.6402572393417358,0.7763049006462097,1.1984522342681885,1.1450235843658447
9,2,284,1,1,0,valid_not_selected,0.926169216632843,0.015339660458266735,1.1214102506637573,0.4866657555103302,12166.6435546875,14.551663398742676,12500000.0,0.019999999552965164,0.0020000000949949026,60.0,180.0,300.0,0.02500000037252903,0.23000000417232513,0.07999999821186066,0.20000000298023224,0.027499999850988388,5.0,2.0,1.2000000476837158,3.761000394821167,3.704179525375366,0.05682085454463959,1.3085922002792358,1.6956645250320435,0.7550179362297058,1.0876954793930054,1.0399792194366455
9,2,285,2,1,0,valid_not_selected,0.7374183535575867,0.06091998890042305,1.4232515096664429,0.3611534833908081,9028.8369140625,8.0137300491333,12500000.0,0.009999999776482582,0.0020000000949949026,20.0,120.0,240.0,0.02500000037252903,0.23000000417232513,0.07999999821186066,0.20000000298023224,0.027499999850988388,5.0,2.0,1.2000000476837158,1.1262385845184326,1.199299931526184,-0.07306133955717087,1.301130771636963,2.237184524536133,0.8025662899017334,1.1703532934188843,1.16006338596344
9,2,286,2,1,1,accepted,0.7536683082580566,0.05656057596206665,1.4232515096664429,0.27709823846817017,6927.45556640625,4.7175726890563965,12500000.0,0.009999999776482582,0.0020000000949949026,20.0,120.0,240.0,0.02500000037252903,0.23000000417232513,0.07999999821186066,0.20000000298023224,0.027499999850988388,5.0,2.0,1.2000000476837158,0.6607110500335693,0.7003216743469238,-0.0396105982363224,1.2875025272369385,2.1740849018096924,0.8085201978683472,1.2031034231185913,1.1952296495437622
9,2,287,0,1,0,valid_not_selected,0.862368106842041,0.02961461804807186,1.4232515096664429,0.18468302488327026,4617.07568359375,2.09558367729187,12500000.0,0.019999999552965164,0.0020000000949949026,20.0,120.0,240.0,0.02500000037252903,0.23000000417232513,0.07999999821186066,0.20000000298023224,0.027499999850988388,5.0,2.0,1.2000000476837158,0.4399871826171875,0.4534148871898651,-0.01342770829796791,1.1147563457489014,1.8395198583602905,0.8039412498474121,1.276951551437378,1.2528754472732544
9,2,288,5,1,1,accepted,0.9023065567016602,0.020560195669531822,1.3238447904586792,0.4398016631603241,10995.041015625,41.84527587890625,3550000.0,0.019999999552965164,0.0020000000949949026,60.0,180.0,300.0,0.02500000037252903,0.23000000417232513,0.07999999821186066,0.20000000298023224,0.027499999850988388,5.0,2.0,1.2000000476837158,2.058641195297241,2.017167806625366,0.04147336632013321,1.2969534397125244,1.8125478029251099,0.5941013693809509,0.5720672607421875,0.5637863278388977
9,2,289,2,1,0,valid_not_selected,0.7211936712265015,0.06536951661109924,1.4232515096664429,0.4145166873931885,10362.9169921875,10.556867599487305,12500000.0,0.009999999776482582,0.0020000000949949026,20.0,120.0,240.0,0.02500000037252903,0.23000000417232513,0.07999999821186066,0.20000000298023224,0.027499999850988388,5.0,2.0,1.2000000476837158,1.4820575714111328,1.5857150554656982,-0.10365743190050125,1.3093981742858887,2.293924570083618,0.7969706058502197,1.1401686668395996,1.1292994022369385
9,2,290,5,1,0,valid_not_selected,0.7965348958969116,0.0454968623816967,1.034494161605835,0.22991995513439178,5747.99853515625,11.43631362915039,3550000.0,0.019999999552965164,0.0020000000949949026,60.0,180.0,300.0,0.02500000037252903,0.23000000417232513,0.07999999821186066,0.20000000298023224,0.027499999850988388,5.0,2.0,1.2000000476837158,0.8632373809814453,0.825671911239624,0.037565480917692184,1.1609444618225098,1.834332823753357,0.7216514348983765,1.067567229270935,1.0351498126983643
9,2,291,5,1,1,accepted,0.9140436053276062,0.017975404858589172,1.9640368223190308,0.06716428697109222,1679.10693359375,0.9759095311164856,3550000.0,0.019999999552965164,0.0020000000949949026,60.0,180.0,300.0,0.02500000037252903,0.23000000417232513,0.07999999821186066,0.20000000298023224,0.027499999850988388,5.0,2.0,1.2000000476837158,0.12969593703746796,0.12740576267242432,0.0022901701740920544,1.1207678318023682,2.099921703338623,0.8440238237380981,1.559578776359558,1.5975830554962158
9,2,292,6,1,0,valid_not_selected,0.8817633986473083,0.025166304782032967,1.1765992641448975,0.39738163352012634,9934.5400390625,34.16239547729492,3550000.0,0.009999999776482582,0.0020000000949949026,60.0,120.0,240.0,0.02500000037252903,0.23000000417232513,0.07999999821186066,0.20000000298023224,0.027499999850988388,5.0,2.0,1.2000000476837158,0.9301271438598633,0.9541392922401428,-0.024012159556150436,1.0645496845245361,2.0237882137298584,0.542026162147522,0.41920557618141174,0.42579182982444763
9,2,293,7,1,0,valid_not_selected,0.8467809557914734,0.03326264023780823,1.0,0.2375999242067337,5939.998046875,12.213083267211914,3550000.0,0.009999999776482582,0.0020000000949949026,60.0,180.0,300.0,0.02500000037252903,0.23000000417232513,0.07999999821186066,0.20000000298023224,0.027499999850988388,5.0,2.0,1.2000000476837158,0.5622653365135193,0.5441649556159973,0.01810036227107048,1.2076842784881592,2.1476666927337646,0.6877319812774658,0.8823301196098328,0.8852841258049011
9,2,294,6,1,1,accepted,0.9804097414016724,0.003956934902817011,1.0522093772888184,0.2598012685775757,6495.03173828125,14.602099418640137,3550000.0,0.009999999776482582,0.0020000000949949026,60.0,120.0,240.0,0.02500000037252903,0.23000000417232513,0.07999999821186066,0.20000000298023224,0.027499999850988388,5.0,2.0,1.2000000476837158,0.5450210571289062,0.5471862554550171,-0.0021651803981512785,1.154482126235962,2.041902542114258,0.6021881699562073,0.6538485884666443,0.6579079627990723
9,2,295,2,1,0,valid_not_selected,0.7320515513420105,0.06238087639212608,1.4232515096664429,0.1947016417980194,4867.541015625,2.3291118144989014,12500000.0,0.009999999776482582,0.0020000000949949026,20.0,120.0,240.0,0.02500000037252903,0.23000000417232513,0.07999999821186066,0.20000000298023224,0.027499999850988388,5.0,2.0,1.2000000476837158,0.32750579714775085,0.34929513931274414,-0.02178933657705784,1.2868341207504272,2.1860365867614746,0.8127511143684387,1.2199301719665527,1.220024585723877
9,2,296,6,1,0,valid_not_selected,0.9500133991241455,0.010255832225084305,1.0522093772888184,0.31633707880973816,7908.42626953125,21.648757934570312,3550000.0,0.009999999776482582,0.0020000000949949026,60.0,120.0,240.0,0.02500000037252903,0.23000000417232513,0.07999999821186066,0.20000000298023224,0.027499999850988388,5.0,2.0,1.2000000476837158,0.7179442048072815,0.7253836393356323,-0.007439412642270327,1.1197388172149658,2.039274215698242,0.5778523683547974,0.5532323122024536,0.5577821731567383
9,2,297,2,1,0,valid_not_selected,0.6953211426734924,0.07267630100250244,1.4232515096664429,0.4914056062698364,12285.1396484375,14.836494445800781,12500000.0,0.009999999776482582,0.0020000000949949026,20.0,120.0,240.0,0.02500000037252903,0.23000000417232513,0.07999999821186066,0.20000000298023224,0.027499999850988388,5.0,2.0,1.2000000476837158,2.061192750930786,2.2227327823638916,-0.16154000163078308,1.3183575868606567,2.3842034339904785,0.7861829400062561,1.0838234424591064,1.0727667808532715
9,2,298,6,1,0,valid_not_selected,0.8365107774734497,0.03570317104458809,1.1961785554885864,0.10994751006364822,2748.6875,2.61519193649292,3550000.0,0.009999999776482582,0.0020000000949949026,60.0,120.0,240.0,0.02500000037252903,0.23000000417232513,0.07999999821186066,0.20000000298023224,0.027499999850988388,5.0,2.0,1.2000000476837158,0.10450951755046844,0.10837899148464203,-0.0038694737013429403,1.3021036386489868,1.9678003787994385,0.5967696905136108,0.7861499786376953,0.8236335515975952
9,2,299,3,1,0,valid_not_selected,0.9759772419929504,0.004863207694143057,1.0702440738677979,0.36010801792144775,9002.7001953125,7.967401027679443,12500000.0,0.009999999776482582,0.0020000000949949026,60.0,180.0,300.0,0.02500000037252903,0.23000000417232513,0.07999999821186066,0.20000000298023224,0.027499999850988388,5.0,2.0,1.2000000476837158,1.4017072916030884,1.394923448562622,0.006783802527934313,1.3747583627700806,1.9673442840576172,0.7739663124084473,1.1187039613723755,1.0769950151443481
9,2,300,1,1,0,valid_not_selected,0.9262601733207703,0.015320024453103542,1.0702440738677979,0.20430997014045715,5107.7490234375,2.564662218093872,12500000.0,0.019999999552965164,0.0020000000949949026,60.0,180.0,300.0,0.02500000037252903,0.23000000417232513,0.07999999821186066,0.20000000298023224,0.027499999850988388,5.0,2.0,1.2000000476837158,0.6914690732955933,0.681035578250885,0.010433482006192207,1.158205270767212,1.6262012720108032,0.7899283170700073,1.2834196090698242,1.2297627925872803
9,2,301,4,1,0,valid_not_selected,0.9636473655700684,0.007405977230519056,1.4232515096664429,0.3977915942668915,9944.7890625,34.23291778564453,3550000.0,0.019999999552965164,0.0020000000949949026,20.0,120.0,240.0,0.02500000037252903,0.23000000417232513,0.07999999821186066,0.20000000298023224,0.027499999850988388,5.0,2.0,1.2000000476837158,1.5712618827819824,1.5829854011535645,-0.011723553761839867,1.1219757795333862,2.091076135635376,0.6694828271865845,0.8396722674369812,0.8179617524147034
9,2,302,6,1,0,valid_not_selected,0.8139622807502747,0.04116825759410858,1.4313502311706543,0.47360628843307495,11840.1572265625,48.52523422241211,3550000.0,0.009999999776482582,0.0020000000949949026,60.0,120.0,240.0,0.02500000037252903,0.23000000417232513,0.07999999821186066,0.20000000298023224,0.027499999850988388,5.0,2.0,1.2000000476837158,1.1091935634613037,1.1568177938461304,-0.047624170780181885,1.0163153409957886,1.9988609552383423,0.5152093172073364,0.3252503275871277,0.33281469345092773
9,2,303,2,1,0,valid_not_selected,0.4469200670719147,0.16107510030269623,1.6446599960327148,0.10679695010185242,2669.923583984375,0.7007591128349304,12500000.0,0.009999999776482582,0.0020000000949949026,20.0,120.0,240.0,0.02500000037252903,0.23000000417232513,0.07999999821186066,0.20000000298023224,0.027499999850988388,5.0,2.0,1.2000000476837158,0.1221112534403801,0.14555683732032776,-0.023445582017302513,1.5004853010177612,2.9242758750915527,0.872373104095459,1.2029683589935303,1.265177845954895
9,2,304,6,1,0,valid_not_selected,0.9371563196182251,0.012981036677956581,1.0522093772888184,0.3337380886077881,8343.4521484375,24.095962524414062,3550000.0,0.009999999776482582,0.0020000000949949026,60.0,120.0,240.0,0.02500000037252903,0.23000000417232513,0.07999999821186066,0.20000000298023224,0.027499999850988388,5.0,2.0,1.2000000476837158,0.7670056819915771,0.7770931720733643,-0.010087475180625916,1.1080892086029053,2.0371828079223633,0.5698781609535217,0.5223585963249207,0.5273361206054688
9,2,305,6,1,1,accepted,0.986876904964447,0.0026419968344271183,1.0522093772888184,0.23677201569080353,5919.30029296875,12.128119468688965,3550000.0,0.009999999776482582,0.0020000000949949026,60.0,120.0,240.0,0.02500000037252903,0.23000000417232513,0.07999999821186066,0.20000000298023224,0.027499999850988388,5.0,2.0,1.2000000476837158,0.47080129384994507,0.47204843163490295,-0.0012471504742279649,1.1670509576797485,2.041822671890259,0.6103642582893372,0.6920310854911804,0.6966400742530823
9,2,306,4,1,1,accepted,0.9924699664115906,0.0015117054572328925,1.4232515096664429,0.20934565365314484,5233.6416015625,9.481141090393066,3550000.0,0.019999999552965164,0.0020000000949949026,20.0,120.0,240.0,0.02500000037252903,0.23000000417232513,0.07999999821186066,0.20000000298023224,0.027499999850988388,5.0,2.0,1.2000000476837158,0.5083914399147034,0.509161114692688,-0.0007697016117163002,1.0824092626571655,2.033766269683838,0.7334526181221008,1.0771405696868896,1.0452406406402588
9,2,307,5,1,0,valid_not_selected,0.7993319630622864,0.04479578509926796,1.034494161605835,0.28950849175453186,7237.7119140625,18.132400512695312,3550000.0,0.019999999552965164,0.0020000000949949026,60.0,180.0,300.0,0.02500000037252903,0.23000000417232513,0.07999999821186066,0.20000000298023224,0.027499999850988388,5.0,2.0,1.2000000476837158,1.2496719360351562,1.1960920095443726,0.05357988178730011,1.206450343132019,1.833306074142456,0.6894562244415283,0.9284157156944275,0.9000658392906189
9,2,308,0,1,0,valid_not_selected,0.8568705320358276,0.030893685296177864,1.4232515096664429,0.4944745600223541,12361.86328125,15.022388458251953,12500000.0,0.019999999552965164,0.0020000000949949026,20.0,120.0,240.0,0.02500000037252903,0.23000000417232513,0.07999999821186066,0.20000000298023224,0.027499999850988388,5.0,2.0,1.2000000476837158,3.197904586791992,3.299849033355713,-0.10194449871778488,1.1811102628707886,2.0276241302490234,0.7756633758544922,1.1406047344207764,1.122359275817871
9,2,309,1,1,0,valid_not_selected,0.9254102110862732,0.015503637492656708,1.0702440738677979,0.4632023870944977,11580.0595703125,13.182344436645508,12500000.0,0.019999999552965164,0.0020000000949949026,60.0,180.0,300.0,0.02500000037252903,0.23000000417232513,0.07999999821186066,0.20000000298023224,0.027499999850988388,5.0,2.0,1.2000000476837158,3.425676107406616,3.3733766078948975,0.052299607545137405,1.3011056184768677,1.6836841106414795,0.7596932649612427,1.1112266778945923,1.0620616674423218
9,2,310,3,1,1,accepted,0.987787663936615,0.0024574995040893555,1.0702440738677979,0.4021930992603302,10054.8271484375,9.938488006591797,12500000.0,0.009999999776482582,0.0020000000949949026,60.0,180.0,300.0,0.02500000037252903,0.23000000417232513,0.07999999821186066,0.20000000298023224,0.027499999850988388,5.0,2.0,1.2000000476837158,1.7427198886871338,1.738447666168213,0.004272234160453081,1.3966903686523438,2.0063047409057617,0.7667142152786255,1.0806074142456055,1.0381592512130737
9,2,311,2,1,0,valid_not_selected,0.3483812212944031,0.13111834228038788,2.3988661766052246,0.06352364271879196,1588.091064453125,0.24792589247226715,12500000.0,0.009999999776482582,0.0020000000949949026,20.0,120.0,240.0,0.02500000037252903,0.23000000417232513,0.07999999821186066,0.20000000298023224,0.027499999850988388,5.0,2.0,1.2000000476837158,0.012548436410725117,0.01444205455482006,-0.0018936182605102658,0.9262128472328186,1.7976553440093994,0.8675776720046997,0.16438718140125275,0.15494322776794434
9,2,312,6,1,0,valid_not_selected,0.8939470648765564,0.02242174930870533,1.1273102760314941,0.38411641120910645,9602.91015625,31.9196720123291,3550000.0,0.009999999776482582,0.0020000000949949026,60.0,120.0,240.0,0.02500000037252903,0.23000000417232513,0.07999999821186066,0.20000000298023224,0.027499999850988388,5.0,2.0,1.2000000476837158,0.8978638648986816,0.9184572696685791,-0.020593417808413506,1.0735512971878052,2.0272717475891113,0.5475145578384399,0.4390404522418976,0.4453299641609192
9,2,313,7,1,1,accepted,0.9508538842201233,0.0100789749994874,1.0,0.3333348333835602,8333.37109375,24.03776741027832,3550000.0,0.009999999776482582,0.0020000000949949026,60.0,180.0,300.0,0.02500000037252903,0.23000000417232513,0.07999999821186066,0.20000000298023224,0.027499999850988388,5.0,2.0,1.2000000476837158,0.879615068435669,0.870837926864624,0.008777153678238392,1.2715914249420166,2.0986032485961914,0.6248500347137451,0.6141746044158936,0.612524151802063
9,2,314,4,1,0,valid_not_selected,0.9379176497459412,0.012818621471524239,1.4232515096664429,0.4683288633823395,11708.220703125,47.44982147216797,3550000.0,0.019999999552965164,0.0020000000949949026,20.0,120.0,240.0,0.02500000037252903,0.23000000417232513,0.07999999821186066,0.20000000298023224,0.027499999850988388,5.0,2.0,1.2000000476837158,1.9945052862167358,2.020404100418091,-0.025898795574903488,1.1328709125518799,2.088657855987549,0.6417974233627319,0.7425557374954224,0.7262834310531616
9,2,315,1,1,0,valid_not_selected,0.9239497184753418,0.015819519758224487,1.0702440738677979,0.21733950078487396,5433.48779296875,2.9022068977355957,12500000.0,0.019999999552965164,0.0020000000949949026,60.0,180.0,300.0,0.02500000037252903,0.23000000417232513,0.07999999821186066,0.20000000298023224,0.027499999850988388,5.0,2.0,1.2000000476837158,0.7792231440544128,0.7670881748199463,0.012134966440498829,1.16889226436615,1.626103162765503,0.78868567943573,1.2749192714691162,1.220979928970337
9,2,316,6,1,0,valid_not_selected,0.4457586705684662,0.16159550845623016,1.7129415273666382,0.0789102166891098,1972.75537109375,1.3470979928970337,3550000.0,0.009999999776482582,0.0020000000949949026,60.0,120.0,240.0,0.02500000037252903,0.23000000417232513,0.07999999821186066,0.20000000298023224,0.027499999850988388,5.0,2.0,1.2000000476837158,0.03282513469457626,0.039151906967163086,-0.0063267722725868225,1.4778943061828613,1.4629321098327637,0.6374025940895081,0.4449065327644348,0.4980310797691345
9,2,317,3,1,1,accepted,0.9935839772224426,0.0012873344821855426,1.0702440738677979,0.4209841191768646,10524.603515625,10.888863563537598,12500000.0,0.009999999776482582,0.0020000000949949026,60.0,180.0,300.0,0.02500000037252903,0.23000000417232513,0.07999999821186066,0.20000000298023224,0.027499999850988388,5.0,2.0,1.2000000476837158,1.9046330451965332,1.902184247970581,0.0024487474001944065,1.4058024883270264,2.0258259773254395,0.7629501223564148,1.0614818334579468,1.0189284086227417
9,2,318,0,1,0,valid_not_selected,0.872894823551178,0.02718803659081459,1.4232515096664429,0.3364395201206207,8410.9873046875,6.954486846923828,12500000.0,0.019999999552965164,0.0020000000949949026,20.0,120.0,240.0,0.02500000037252903,0.23000000417232513,0.07999999821186066,0.20000000298023224,0.027499999850988388,5.0,2.0,1.2000000476837158,1.483636736869812,1.5251013040542603,-0.041464511305093765,1.1613963842391968,1.9239623546600342,0.7930157780647278,1.224025845527649,1.201983094215393
9,2,319,1,1,0,valid_not_selected,0.9220116138458252,0.01623949036002159,1.0702440738677979,0.3617052435874939,9042.630859375,8.03823471069336,12500000.0,0.019999999552965164,0.0020000000949949026,60.0,180.0,300.0,0.02500000037252903,0.23000000417232513,0.07999999821186066,0.20000000298023224,0.027499999850988388,5.0,2.0,1.2000000476837158,2.1162331104278564,2.082415819168091,0.03381737321615219,1.2591601610183716,1.642488956451416,0.7753556966781616,1.1932281255722046,1.1399896144866943
