cycle_id,source_id,candidate_index,base_config_id,filter_pass,selected,rejection_reason,confidence_score,residual_ratio,max_abs_feature_z,U,Re,Ca,E,h,t,theta1_init_deg,theta2_init_deg,theta3_init_deg,D,H,L,H_soft,b,N_per_column,Cd_soft,Cd_cyl,force,F_physics,F_residual,Cd_stem_eff,Cd_leaf_eff,shielding_coef,reconfiguration_factor,reconfiguration_gain
2,2,0,0,1,0,valid_not_selected,0.8509366512298584,0.032283518463373184,1.8220871686935425,0.18971805274486542,4742.951171875,2.2114055156707764,12500000.0,0.019999999552965164,0.0020000000949949026,20.0,120.0,240.0,0.02500000037252903,0.23000000417232513,0.07999999821186066,0.20000000298023224,0.027499999850988388,5.0,2.0,1.2000000476837158,0.4403746426105499,0.42660242319107056,0.013772227801382542,1.0758739709854126,1.586401104927063,0.7818427085876465,0.991757869720459,0.991757869720459
2,2,1,10,1,0,valid_not_selected,0.6113123893737793,0.09842943400144577,1.51840078830719,0.410921573638916,10273.0390625,270.1703796386719,480000.0,0.009999999776482582,0.0020000000949949026,60.0,120.0,240.0,0.02500000037252903,0.23000000417232513,0.07999999821186066,0.20000000298023224,0.027499999850988388,5.0,2.0,1.2000000476837158,0.6359124779701233,0.7053385376930237,-0.06942607462406158,0.7773940563201904,1.0915690660476685,0.2661474943161011,0.6598679423332214,0.6598679423332214
2,2,2,9,1,0,valid_not_selected,0.6601744294166565,0.08305024355649948,1.0186865329742432,0.11770805716514587,2942.701171875,22.168291091918945,480000.0,0.019999999552965164,0.0020000000949949026,60.0,180.0,300.0,0.02500000037252903,0.23000000417232513,0.07999999821186066,0.20000000298023224,0.027499999850988388,5.0,2.0,1.2000000476837158,0.2918700873851776,0.26948896050453186,0.022381123155355453,1.3363778591156006,2.792471408843994,0.7137900590896606,0.9307976365089417,0.9307976365089417
2,2,3,8,1,0,valid_not_selected,0.6129534244537354,0.09789326786994934,1.0592689514160156,0.26651301980018616,6662.82568359375,113.64665985107422,480000.0,0.019999999552965164,0.0020000000949949026,60.0,120.0,240.0,0.02500000037252903,0.23000000417232513,0.07999999821186066,0.20000000298023224,0.027499999850988388,5.0,2.0,1.2000000476837158,0.5323376655578613,0.5901049375534058,-0.05776730179786682,0.9433256387710571,1.2736883163452148,0.27216964960098267,0.7552457451820374,0.7552457451820374
2,2,4,3,1,0,valid_not_selected,0.7618090510368347,0.0544118732213974,1.0000001192092896,0.2762826085090637,6907.0654296875,4.689841270446777,12500000.0,0.009999999776482582,0.0020000000949949026,60.0,180.0,300.0,0.02500000037252903,0.23000000417232513,0.07999999821186066,0.20000000298023224,0.027499999850988388,5.0,2.0,1.2000000476837158,0.8059241771697998,0.7643352746963501,0.0415889136493206,1.2226107120513916,2.2287046909332275,0.8262520432472229,0.9860948920249939,0.9860948920249939
2,2,5,9,1,0,valid_not_selected,0.7121512293815613,0.06789299100637436,1.131245732307434,0.28523120284080505,7130.77978515625,130.1708984375,480000.0,0.019999999552965164,0.0020000000949949026,60.0,180.0,300.0,0.02500000037252903,0.23000000417232513,0.07999999821186066,0.20000000298023224,0.027499999850988388,5.0,2.0,1.2000000476837158,0.7174445390701294,0.7697018980979919,-0.052257366478443146,1.051336407661438,1.4035271406173706,0.4262750744819641,0.8630216717720032,0.8630216717720032
2,2,6,2,1,1,accepted,0.9858281016349792,0.0028546571265906096,1.8220871686935425,0.32727891206741333,8181.97216796875,6.58092737197876,12500000.0,0.009999999776482582,0.0020000000949949026,20.0,120.0,240.0,0.02500000037252903,0.23000000417232513,0.07999999821186066,0.20000000298023224,0.027499999850988388,5.0,2.0,1.2000000476837158,0.9164487719535828,0.9138400554656982,0.002608699956908822,1.205702781677246,1.9546160697937012,0.7100209593772888,0.9706231951713562,0.9706231951713562
2,2,7,10,1,0,valid_not_selected,0.6107462644577026,0.09861474484205246,1.692435383796692,0.4842124879360199,12105.3115234375,375.1386413574219,480000.0,0.009999999776482582,0.0020000000949949026,60.0,120.0,240.0,0.02500000037252903,0.23000000417232513,0.07999999821186066,0.20000000298023224,0.027499999850988388,5.0,2.0,1.2000000476837158,0.8031671643257141,0.8910365104675293,-0.08786933869123459,0.7492607235908508,1.0315150022506714,0.26431185007095337,0.6017242074012756,0.6017242074012756
2,2,8,0,1,0,valid_not_selected,0.6640928387641907,0.08186666667461395,1.8220871686935425,0.09591825306415558,2397.956298828125,0.5652669668197632,12500000.0,0.019999999552965164,0.0020000000949949026,20.0,120.0,240.0,0.02500000037252903,0.23000000417232513,0.07999999821186066,0.20000000298023224,0.027499999850988388,5.0,2.0,1.2000000476837158,0.15473128855228424,0.14302250742912292,0.011708776466548443,1.0569963455200195,2.0459368228912354,0.8479864001274109,0.997264564037323,0.997264564037323
2,2,9,11,1,1,accepted,0.738288938999176,0.06068401038646698,1.0186865329742432,0.19680020213127136,4920.0048828125,61.96849060058594,480000.0,0.009999999776482582,0.0020000000949949026,60.0,180.0,300.0,0.02500000037252903,0.23000000417232513,0.07999999821186066,0.20000000298023224,0.027499999850988388,5.0,2.0,1.2000000476837158,0.2570006549358368,0.27360403537750244,-0.016603389754891396,1.006725549697876,1.6987953186035156,0.46566617488861084,0.8994129300117493,0.8994129300117493
2,2,10,10,1,0,valid_not_selected,0.6123231649398804,0.09809901565313339,1.3184596300125122,0.34030768275260925,8507.6923828125,185.29486083984375,480000.0,0.009999999776482582,0.0020000000949949026,60.0,120.0,240.0,0.02500000037252903,0.23000000417232513,0.07999999821186066,0.20000000298023224,0.027499999850988388,5.0,2.0,1.2000000476837158,0.48941338062286377,0.5426464676856995,-0.053233083337545395,0.8228839039802551,1.190492868423462,0.2692781090736389,0.6983558535575867,0.6983558535575867
2,2,11,3,1,0,valid_not_selected,0.7670424580574036,0.053042635321617126,1.0000001192092896,0.31465014815330505,7866.25341796875,6.08284854888916,12500000.0,0.009999999776482582,0.0020000000949949026,60.0,180.0,300.0,0.02500000037252903,0.23000000417232513,0.07999999821186066,0.20000000298023224,0.027499999850988388,5.0,2.0,1.2000000476837158,1.0352168083190918,0.9830721020698547,0.05214473605155945,1.2486754655838013,2.189298152923584,0.8209600448608398,0.9824183583259583,0.9824183583259583
2,2,12,8,1,0,valid_not_selected,0.6122767329216003,0.09811419248580933,1.1698147058486938,0.29579663276672363,7394.91552734375,139.99298095703125,480000.0,0.019999999552965164,0.0020000000949949026,60.0,120.0,240.0,0.02500000037252903,0.23000000417232513,0.07999999821186066,0.20000000298023224,0.027499999850988388,5.0,2.0,1.2000000476837158,0.6061549782752991,0.6720972657203674,-0.06594227999448776,0.9088239073753357,1.2035125494003296,0.2701120376586914,0.734719455242157,0.734719455242157
2,2,13,8,1,0,valid_not_selected,0.6106483936309814,0.09864678233861923,1.6083309650421143,0.4472913444042206,11182.2841796875,320.11114501953125,480000.0,0.019999999552965164,0.0020000000949949026,60.0,120.0,240.0,0.02500000037252903,0.23000000417232513,0.07999999821186066,0.20000000298023224,0.027499999850988388,5.0,2.0,1.2000000476837158,1.0584418773651123,1.1742808818817139,-0.11583902686834335,0.8157281875610352,1.029779076576233,0.2648148834705353,0.6421106457710266,0.6421106457710266
2,2,14,8,1,0,valid_not_selected,0.6106842756271362,0.09863503277301788,1.5931752920150757,0.4409439265727997,11023.5986328125,311.0903625488281,480000.0,0.019999999552965164,0.0020000000949949026,60.0,120.0,240.0,0.02500000037252903,0.23000000417232513,0.07999999821186066,0.20000000298023224,0.027499999850988388,5.0,2.0,1.2000000476837158,1.0384390354156494,1.152073860168457,-0.11363483965396881,0.818019449710846,1.033678650856018,0.2649376392364502,0.6482571959495544,0.6482571959495544
2,2,15,0,1,0,valid_not_selected,0.9188483357429504,0.016926845535635948,1.8220871686935425,0.2622883915901184,6557.20947265625,4.226775646209717,12500000.0,0.019999999552965164,0.0020000000949949026,20.0,120.0,240.0,0.02500000037252903,0.23000000417232513,0.07999999821186066,0.20000000298023224,0.027499999850988388,5.0,2.0,1.2000000476837158,0.9027862548828125,0.887759268283844,0.015026964247226715,1.1263837814331055,1.8017873764038086,0.7482359409332275,0.982323944568634,0.982323944568634
2,2,16,10,1,0,valid_not_selected,0.6218776106834412,0.09500239789485931,1.780255675315857,0.07172798365354538,1793.199462890625,8.231842994689941,480000.0,0.009999999776482582,0.0020000000949949026,60.0,120.0,240.0,0.02500000037252903,0.23000000417232513,0.07999999821186066,0.20000000298023224,0.027499999850988388,5.0,2.0,1.2000000476837158,0.08800102770328522,0.08036606013774872,0.007634968496859074,1.4235612154006958,2.840754985809326,0.8002389073371887,0.9400053024291992,0.9400053024291992
2,2,17,0,1,0,valid_not_selected,0.9482073187828064,0.010636418126523495,1.8220871686935425,0.29454416036605835,7363.603515625,5.330303192138672,12500000.0,0.019999999552965164,0.0020000000949949026,20.0,120.0,240.0,0.02500000037252903,0.23000000417232513,0.07999999821186066,0.20000000298023224,0.027499999850988388,5.0,2.0,1.2000000476837158,1.1558210849761963,1.1436567306518555,0.012164411135017872,1.149405598640442,1.8686914443969727,0.7317673563957214,0.9770458340644836,0.9770458340644836
2,2,18,11,1,0,valid_not_selected,0.6318928003311157,0.09180710464715958,1.3395792245864868,0.09519898146390915,2379.974609375,14.50054931640625,480000.0,0.009999999776482582,0.0020000000949949026,60.0,180.0,300.0,0.02500000037252903,0.23000000417232513,0.07999999821186066,0.20000000298023224,0.027499999850988388,5.0,2.0,1.2000000476837158,0.11213114112615585,0.10270233452320099,0.00942880380898714,1.457767367362976,2.565776824951172,0.7356603741645813,0.954490602016449,0.954490602016449
2,2,19,10,1,0,valid_not_selected,0.6192685961723328,0.09584323316812515,1.0186865329742432,0.2057868391275406,5144.6708984375,67.75714111328125,480000.0,0.009999999776482582,0.0020000000949949026,60.0,120.0,240.0,0.02500000037252903,0.23000000417232513,0.07999999821186066,0.20000000298023224,0.027499999850988388,5.0,2.0,1.2000000476837158,0.2608713209629059,0.28852444887161255,-0.02765311673283577,1.0284080505371094,1.6240065097808838,0.2870650589466095,0.791703999042511,0.791703999042511
2,2,20,11,1,0,valid_not_selected,0.6201465725898743,0.09555988758802414,1.5807806253433228,0.43581992387771606,10895.498046875,303.9023132324219,480000.0,0.009999999776482582,0.0020000000949949026,60.0,180.0,300.0,0.02500000037252903,0.23000000417232513,0.07999999821186066,0.20000000298023224,0.027499999850988388,5.0,2.0,1.2000000476837158,0.8782998323440552,0.9710978269577026,-0.09279800206422806,0.9495795369148254,1.2166061401367188,0.30044394731521606,0.789828360080719,0.789828360080719
2,2,21,3,1,0,valid_not_selected,0.7697093486785889,0.05234846472740173,1.0000001192092896,0.33840495347976685,8460.1240234375,7.035978317260742,12500000.0,0.009999999776482582,0.0020000000949949026,60.0,180.0,300.0,0.02500000037252903,0.23000000417232513,0.07999999821186066,0.20000000298023224,0.027499999850988388,5.0,2.0,1.2000000476837158,1.1960052251815796,1.1365106105804443,0.059494584798812866,1.270348072052002,2.176104784011841,0.8174886703491211,0.9798981547355652,0.9798981547355652
2,2,22,1,1,0,valid_not_selected,0.6542496085166931,0.08485327661037445,1.6054881811141968,0.11020051687955856,2755.012939453125,0.7461365461349487,12500000.0,0.019999999552965164,0.0020000000949949026,60.0,180.0,300.0,0.02500000037252903,0.23000000417232513,0.07999999821186066,0.20000000298023224,0.027499999850988388,5.0,2.0,1.2000000476837158,0.2804419994354248,0.2585068345069885,0.021935151889920235,1.164319396018982,2.9028637409210205,0.8863331079483032,0.9970623850822449,0.9970623850822449
2,2,23,8,1,0,valid_not_selected,0.6105318069458008,0.09868497401475906,1.6609684228897095,0.4700547456741333,11751.3681640625,353.5222473144531,480000.0,0.019999999552965164,0.0020000000949949026,60.0,120.0,240.0,0.02500000037252903,0.23000000417232513,0.07999999821186066,0.20000000298023224,0.027499999850988388,5.0,2.0,1.2000000476837158,1.13093101978302,1.2547566890716553,-0.12382563203573227,0.8081695437431335,1.0170607566833496,0.2644132375717163,0.6204541325569153,0.6204541325569153
2,2,24,1,1,0,valid_not_selected,0.7903333306312561,0.04706009104847908,1.0000014305114746,0.2625303566455841,6563.2587890625,4.2345781326293945,12500000.0,0.019999999552965164,0.0020000000949949026,60.0,180.0,300.0,0.02500000037252903,0.23000000417232513,0.07999999821186066,0.20000000298023224,0.027499999850988388,5.0,2.0,1.2000000476837158,1.1100479364395142,1.0601568222045898,0.04989107698202133,1.1142324209213257,2.07395076751709,0.8121681213378906,0.9882667660713196,0.9882667660713196
2,2,25,8,1,0,valid_not_selected,0.61080402135849,0.09859582036733627,1.5456384420394897,0.42161330580711365,10540.33203125,284.4123840332031,480000.0,0.019999999552965164,0.0020000000949949026,60.0,120.0,240.0,0.02500000037252903,0.23000000417232513,0.07999999821186066,0.20000000298023224,0.027499999850988388,5.0,2.0,1.2000000476837158,0.9749469757080078,1.0815869569778442,-0.10663995146751404,0.8255600929260254,1.0466607809066772,0.26534485816955566,0.6586390137672424,0.6586390137672424
2,2,26,1,1,1,accepted,0.8077517151832581,0.04270010441541672,1.036421537399292,0.4380350410938263,10950.8759765625,11.788777351379395,12500000.0,0.019999999552965164,0.0020000000949949026,60.0,180.0,300.0,0.02500000037252903,0.23000000417232513,0.07999999821186066,0.20000000298023224,0.027499999850988388,5.0,2.0,1.2000000476837158,3.0419249534606934,2.917353630065918,0.1245713010430336,1.2269622087478638,2.062296152114868,0.7898657917976379,0.9689395427703857,0.9689395427703857
2,2,27,11,1,0,valid_not_selected,0.6346461176872253,0.0909375548362732,1.1833953857421875,0.29960930347442627,7490.232421875,143.62513732910156,480000.0,0.009999999776482582,0.0020000000949949026,60.0,180.0,300.0,0.02500000037252903,0.23000000417232513,0.07999999821186066,0.20000000298023224,0.027499999850988388,5.0,2.0,1.2000000476837158,0.4583761394023895,0.5042295455932617,-0.045853402465581894,0.9040780067443848,1.3334259986877441,0.34241729974746704,0.8598739504814148,0.8598739504814148
2,2,28,9,1,0,valid_not_selected,0.6254682540893555,0.09385094791650772,1.6037570238113403,0.44536611437797546,11134.1533203125,317.3614501953125,480000.0,0.019999999552965164,0.0020000000949949026,60.0,180.0,300.0,0.02500000037252903,0.23000000417232513,0.07999999821186066,0.20000000298023224,0.027499999850988388,5.0,2.0,1.2000000476837158,1.3730133771896362,1.5152180194854736,-0.1422046422958374,1.1078161001205444,1.1183521747589111,0.30740243196487427,0.7972126007080078,0.7972126007080078
2,2,29,0,1,0,valid_not_selected,0.7710948586463928,0.05198876932263374,1.8220871686935425,0.1346999853849411,3367.49951171875,1.1147723197937012,12500000.0,0.019999999552965164,0.0020000000949949026,20.0,120.0,240.0,0.02500000037252903,0.23000000417232513,0.07999999821186066,0.20000000298023224,0.027499999850988388,5.0,2.0,1.2000000476837158,0.2054871916770935,0.1953321099281311,0.010155076161026955,1.060317873954773,1.3650493621826172,0.8107397556304932,0.9964044094085693,0.9964044094085693
2,2,30,8,1,0,valid_not_selected,0.6116787195205688,0.09830962866544724,1.2910903692245483,0.33163660764694214,8290.9150390625,175.97247314453125,480000.0,0.019999999552965164,0.0020000000949949026,60.0,120.0,240.0,0.02500000037252903,0.23000000417232513,0.07999999821186066,0.20000000298023224,0.027499999850988388,5.0,2.0,1.2000000476837158,0.702712893486023,0.7793283462524414,-0.07661548256874084,0.8766994476318359,1.1403708457946777,0.2682243287563324,0.7110783457756042,0.7110783457756042
2,2,31,10,1,0,valid_not_selected,0.6113306879997253,0.09842345118522644,1.513799786567688,0.40914255380630493,10228.5634765625,267.83612060546875,480000.0,0.009999999776482582,0.0020000000949949026,60.0,120.0,240.0,0.02500000037252903,0.23000000417232513,0.07999999821186066,0.20000000298023224,0.027499999850988388,5.0,2.0,1.2000000476837158,0.631966769695282,0.7009574174880981,-0.06899064779281616,0.7782687544822693,1.0934498310089111,0.26620563864707947,0.6607813239097595,0.6607813239097595
2,2,32,2,1,0,valid_not_selected,0.8546174764633179,0.0314202643930912,1.8220871686935425,0.09252188354730606,2313.047119140625,0.5259446501731873,12500000.0,0.009999999776482582,0.0020000000949949026,20.0,120.0,240.0,0.02500000037252903,0.23000000417232513,0.07999999821186066,0.20000000298023224,0.027499999850988388,5.0,2.0,1.2000000476837158,0.078948475420475,0.08150952309370041,-0.0025610507000237703,1.222435474395752,2.3339250087738037,0.643733024597168,0.9970971941947937,0.9970971941947937
2,2,33,9,1,1,accepted,0.9942152500152588,0.0011603066232055426,1.0186865329742432,0.2139846384525299,5349.61572265625,73.26305389404297,480000.0,0.019999999552965164,0.0020000000949949026,60.0,180.0,300.0,0.02500000037252903,0.23000000417232513,0.07999999821186066,0.20000000298023224,0.027499999850988388,5.0,2.0,1.2000000476837158,0.575472354888916,0.5748053789138794,0.000666950480081141,1.1127429008483887,1.9390949010849,0.5994939804077148,0.8798243999481201,0.8798243999481201
2,2,34,11,1,1,accepted,0.8572837114334106,0.03079727292060852,1.0186865329742432,0.1685798615217209,4214.49658203125,45.47065734863281,480000.0,0.009999999776482582,0.0020000000949949026,60.0,180.0,300.0,0.02500000037252903,0.23000000417232513,0.07999999821186066,0.20000000298023224,0.027499999850988388,5.0,2.0,1.2000000476837158,0.22480696439743042,0.23195040225982666,-0.0071434397250413895,1.1174672842025757,1.9681529998779297,0.5307290554046631,0.9095821976661682,0.9095821976661682
2,2,35,10,1,0,valid_not_selected,0.6118468642234802,0.09825465083122253,1.4010233879089355,0.36786308884620667,9196.5771484375,216.5171356201172,480000.0,0.009999999776482582,0.0020000000949949026,60.0,120.0,240.0,0.02500000037252903,0.23000000417232513,0.07999999821186066,0.20000000298023224,0.027499999850988388,5.0,2.0,1.2000000476837158,0.5440922379493713,0.6033768057823181,-0.059284575283527374,0.8021563291549683,1.1451514959335327,0.26782339811325073,0.6827583909034729,0.6827583909034729
2,2,36,11,1,0,valid_not_selected,0.6577613949775696,0.0837826132774353,1.0186865329742432,0.24842707812786102,6210.6767578125,98.74559020996094,480000.0,0.009999999776482582,0.0020000000949949026,60.0,180.0,300.0,0.02500000037252903,0.23000000417232513,0.07999999821186066,0.20000000298023224,0.027499999850988388,5.0,2.0,1.2000000476837158,0.34101903438568115,0.37220320105552673,-0.031184157356619835,0.9176508188247681,1.440873384475708,0.3846321702003479,0.8797234892845154,0.8797234892845154
2,2,37,2,1,0,valid_not_selected,0.9699558615684509,0.00610094191506505,1.8220871686935425,0.40825650095939636,10206.412109375,10.240409851074219,12500000.0,0.009999999776482582,0.0020000000949949026,20.0,120.0,240.0,0.02500000037252903,0.23000000417232513,0.07999999821186066,0.20000000298023224,0.027499999850988388,5.0,2.0,1.2000000476837158,1.4271217584609985,1.4358819723129272,-0.008760232478380203,1.2497926950454712,2.010983943939209,0.6769944429397583,0.9541215896606445,0.9541215896606445
2,2,38,11,1,0,valid_not_selected,0.6422361731529236,0.0885598361492157,1.0970826148986816,0.27618828415870667,6904.70703125,122.04791259765625,480000.0,0.009999999776482582,0.0020000000949949026,60.0,180.0,300.0,0.02500000037252903,0.23000000417232513,0.07999999821186066,0.20000000298023224,0.027499999850988388,5.0,2.0,1.2000000476837158,0.40073803067207336,0.43967562913894653,-0.03893760219216347,0.9049206376075745,1.37264084815979,0.3583654761314392,0.8688198924064636,0.8688198924064636
2,2,39,3,1,1,accepted,0.7841424345970154,0.0486329160630703,1.1099587678909302,0.4592243731021881,11480.6083984375,12.956894874572754,12500000.0,0.009999999776482582,0.0020000000949949026,60.0,180.0,300.0,0.02500000037252903,0.23000000417232513,0.07999999821186066,0.20000000298023224,0.027499999850988388,5.0,2.0,1.2000000476837158,2.2463479042053223,2.1421680450439453,0.10417988151311874,1.4121235609054565,2.1767799854278564,0.7954721450805664,0.9644207954406738,0.9644207954406738
2,2,40,1,1,1,accepted,0.8110003471374512,0.041897352784872055,1.1096469163894653,0.4591323733329773,11478.3095703125,12.951703071594238,12500000.0,0.019999999552965164,0.0020000000949949026,60.0,180.0,300.0,0.02500000037252903,0.23000000417232513,0.07999999821186066,0.20000000298023224,0.027499999850988388,5.0,2.0,1.2000000476837158,3.3353888988494873,3.2012643814086914,0.1341245025396347,1.2456698417663574,2.060220718383789,0.7858081459999084,0.9661703705787659,0.9661703705787659
2,2,41,11,1,1,accepted,0.7030375599861145,0.07046899199485779,1.0186865329742432,0.21177572011947632,5294.392578125,71.75830841064453,480000.0,0.009999999776482582,0.0020000000949949026,60.0,180.0,300.0,0.02500000037252903,0.23000000417232513,0.07999999821186066,0.20000000298023224,0.027499999850988388,5.0,2.0,1.2000000476837158,0.27768710255622864,0.29873892664909363,-0.021051831543445587,0.968631386756897,1.5984910726547241,0.43704426288604736,0.8938915133476257,0.8938915133476257
2,2,42,9,1,1,accepted,0.7894620895385742,0.0472806915640831,1.0253411531448364,0.2581208348274231,6453.02099609375,106.6021499633789,480000.0,0.019999999552965164,0.0020000000949949026,60.0,180.0,300.0,0.02500000037252903,0.23000000417232513,0.07999999821186066,0.20000000298023224,0.027499999850988388,5.0,2.0,1.2000000476837158,0.6583335399627686,0.691004753112793,-0.032671183347702026,1.0575885772705078,1.5717270374298096,0.48773014545440674,0.868811309337616,0.868811309337616
2,2,43,9,1,0,valid_not_selected,0.6295146942138672,0.09256120771169662,1.5190900564193726,0.4111887812614441,10279.71875,270.5218505859375,480000.0,0.019999999552965164,0.0020000000949949026,60.0,180.0,300.0,0.02500000037252903,0.23000000417232513,0.07999999821186066,0.20000000298023224,0.027499999850988388,5.0,2.0,1.2000000476837158,1.219750165939331,1.344167947769165,-0.12441780418157578,1.0988572835922241,1.1387343406677246,0.31648337841033936,0.8231287598609924,0.8231287598609924
2,2,44,10,1,0,valid_not_selected,0.4966171383857727,0.09610923379659653,2.2193896770477295,0.05409720540046692,1352.43017578125,4.68241024017334,480000.0,0.009999999776482582,0.0020000000949949026,60.0,120.0,240.0,0.02500000037252903,0.23000000417232513,0.07999999821186066,0.20000000298023224,0.027499999850988388,5.0,2.0,1.2000000476837158,0.06081920862197876,0.05548644810914993,0.00533276004716754,1.6089228391647339,3.3223729133605957,0.8815726637840271,0.9591574668884277,0.9591574668884277
2,2,45,1,1,1,accepted,0.8017852306365967,0.04418289288878441,1.0000014305114746,0.3904821574687958,9762.052734375,9.368141174316406,12500000.0,0.019999999552965164,0.0020000000949949026,60.0,180.0,300.0,0.02500000037252903,0.23000000417232513,0.07999999821186066,0.20000000298023224,0.027499999850988388,5.0,2.0,1.2000000476837158,2.4273340702056885,2.3246254920959473,0.10270868241786957,1.1873595714569092,2.0666182041168213,0.797722339630127,0.9748815894126892,0.9748815894126892
2,2,46,8,1,0,valid_not_selected,0.6111574172973633,0.09848013520240784,1.4269309043884277,0.3769613206386566,9424.033203125,227.35968017578125,480000.0,0.019999999552965164,0.0020000000949949026,60.0,120.0,240.0,0.02500000037252903,0.23000000417232513,0.07999999821186066,0.20000000298023224,0.027499999850988388,5.0,2.0,1.2000000476837158,0.8346918821334839,0.9258718490600586,-0.0911799818277359,0.8469663262367249,1.0847238302230835,0.26652684807777405,0.6834688186645508,0.6834688186645508
2,2,47,11,1,0,valid_not_selected,0.6184599995613098,0.09610454738140106,1.7000643014907837,0.48770859837532043,12192.7138671875,380.5753479003906,480000.0,0.009999999776482582,0.0020000000949949026,60.0,180.0,300.0,0.02500000037252903,0.23000000417232513,0.07999999821186066,0.20000000298023224,0.027499999850988388,5.0,2.0,1.2000000476837158,1.0583760738372803,1.170905351638794,-0.11252932995557785,0.9658808708190918,1.1886390447616577,0.293765127658844,0.7542101740837097,0.7542101740837097
2,2,48,1,1,0,valid_not_selected,0.7002794742584229,0.071255162358284,1.4659990072250366,0.12569336593151093,3142.333984375,0.9706793427467346,12500000.0,0.019999999552965164,0.0020000000949949026,60.0,180.0,300.0,0.02500000037252903,0.23000000417232513,0.07999999821186066,0.20000000298023224,0.027499999850988388,5.0,2.0,1.2000000476837158,0.2799861431121826,0.2613627016544342,0.018623441457748413,1.1355762481689453,2.1895055770874023,0.8532525300979614,0.997117280960083,0.997117280960083
2,2,49,11,1,1,accepted,0.8141791224479675,0.04111498221755028,1.0186865329742432,0.12675489485263824,3168.87255859375,25.706876754760742,480000.0,0.009999999776482582,0.0020000000949949026,60.0,180.0,300.0,0.02500000037252903,0.23000000417232513,0.07999999821186066,0.20000000298023224,0.027499999850988388,5.0,2.0,1.2000000476837158,0.1782836765050888,0.17124302685260773,0.007040654309093952,1.3881416320800781,2.534177541732788,0.6434465050697327,0.9280433654785156,0.9280433654785156
2,2,50,10,1,0,valid_not_selected,0.6108264327049255,0.0985884889960289,1.6631488800048828,0.4710223972797394,11775.5595703125,354.979248046875,480000.0,0.009999999776482582,0.0020000000949949026,60.0,120.0,240.0,0.02500000037252903,0.23000000417232513,0.07999999821186066,0.20000000298023224,0.027499999850988388,5.0,2.0,1.2000000476837158,0.7724015712738037,0.8568800687789917,-0.08447851240634918,0.7533708810806274,1.0402467250823975,0.26457637548446655,0.6137279868125916,0.6137279868125916
2,2,51,8,1,0,valid_not_selected,0.6109299063682556,0.09855461865663528,1.5000922679901123,0.40388762950897217,10097.1904296875,261.0002746582031,480000.0,0.019999999552965164,0.0020000000949949026,60.0,120.0,240.0,0.02500000037252903,0.23000000417232513,0.07999999821186066,0.20000000298023224,0.027499999850988388,5.0,2.0,1.2000000476837158,0.9181113243103027,1.0184880495071411,-0.10037670284509659,0.8333180546760559,1.0602505207061768,0.2657688856124878,0.6682355403900146,0.6682355403900146
2,2,52,3,1,0,valid_not_selected,0.7686992287635803,0.0526110976934433,1.0000001192092896,0.3291783928871155,8229.4599609375,6.657538414001465,12500000.0,0.009999999776482582,0.0020000000949949026,60.0,180.0,300.0,0.02500000037252903,0.23000000417232513,0.07999999821186066,0.20000000298023224,0.027499999850988388,5.0,2.0,1.2000000476837158,1.1318004131317139,1.0752313137054443,0.05656909942626953,1.2615193128585815,2.180389642715454,0.81886225938797,0.9808991551399231,0.9808991551399231
2,2,53,11,1,1,accepted,0.8319865465164185,0.03678780049085617,1.0186865329742432,0.12905411422252655,3226.3525390625,26.647933959960938,480000.0,0.009999999776482582,0.0020000000949949026,60.0,180.0,300.0,0.02500000037252903,0.23000000417232513,0.07999999821186066,0.20000000298023224,0.027499999850988388,5.0,2.0,1.2000000476837158,0.18142326176166534,0.17498591542243958,0.006437347270548344,1.371078372001648,2.50278639793396,0.6369684934616089,0.9267542958259583,0.9267542958259583
2,2,54,0,1,0,valid_not_selected,0.8538975119590759,0.03158881515264511,1.8220871686935425,0.1925652027130127,4814.1298828125,2.27827787399292,12500000.0,0.019999999552965164,0.0020000000949949026,20.0,120.0,240.0,0.02500000037252903,0.23000000417232513,0.07999999821186066,0.20000000298023224,0.027499999850988388,5.0,2.0,1.2000000476837158,0.4553864598274231,0.4414418339729309,0.013944624923169613,1.0775631666183472,1.596688985824585,0.7805536389350891,0.9914568066596985,0.9914568066596985
2,2,55,0,1,0,valid_not_selected,0.941884458065033,0.01197452750056982,1.8220871686935425,0.40879467129707336,10219.8662109375,10.267423629760742,12500000.0,0.019999999552965164,0.0020000000949949026,20.0,120.0,240.0,0.02500000037252903,0.23000000417232513,0.07999999821186066,0.20000000298023224,0.027499999850988388,5.0,2.0,1.2000000476837158,2.198173761367798,2.2248148918151855,-0.026641106233000755,1.216364860534668,1.9798729419708252,0.6627709865570068,0.9546728134155273,0.9546728134155273
2,2,56,2,1,0,valid_not_selected,0.968631386756897,0.006374224554747343,1.8220871686935425,0.41049155592918396,10262.2880859375,10.3528413772583,12500000.0,0.009999999776482582,0.0020000000949949026,20.0,120.0,240.0,0.02500000037252903,0.23000000417232513,0.07999999821186066,0.20000000298023224,0.027499999850988388,5.0,2.0,1.2000000476837158,1.4422913789749146,1.4515438079833984,-0.009252466261386871,1.2508617639541626,2.0118136405944824,0.6759637594223022,0.9536343216896057,0.9536343216896057
2,2,57,8,1,0,valid_not_selected,0.6146714687347412,0.09733346104621887,1.0186865329742432,0.21781618893146515,5445.40478515625,75.91020202636719,480000.0,0.019999999552965164,0.0020000000949949026,60.0,120.0,240.0,0.02500000037252903,0.23000000417232513,0.07999999821186066,0.20000000298023224,0.027499999850988388,5.0,2.0,1.2000000476837158,0.4176168739795685,0.4626480042934418,-0.04503113031387329,1.024564504623413,1.439680814743042,0.27689939737319946,0.7925972938537598,0.7925972938537598
2,2,58,0,1,0,valid_not_selected,0.8867236971855164,0.024044375866651535,1.8220871686935425,0.4720607101917267,11801.5166015625,13.691366195678711,12500000.0,0.019999999552965164,0.0020000000949949026,20.0,120.0,240.0,0.02500000037252903,0.23000000417232513,0.07999999821186066,0.20000000298023224,0.027499999850988388,5.0,2.0,1.2000000476837158,2.8167622089385986,2.886157989501953,-0.06939586997032166,1.2403239011764526,1.9722630977630615,0.6204690933227539,0.9411070942878723,0.9411070942878723
2,2,59,3,1,0,valid_not_selected,0.7384151220321655,0.06064982712268829,1.0000001192092896,0.1970798671245575,4926.99658203125,2.3863580226898193,12500000.0,0.009999999776482582,0.0020000000949949026,60.0,180.0,300.0,0.02500000037252903,0.23000000417232513,0.07999999821186066,0.20000000298023224,0.027499999850988388,5.0,2.0,1.2000000476837158,0.4381638169288635,0.41310882568359375,0.02505497820675373,1.2237892150878906,2.411719560623169,0.8393810391426086,0.9922549724578857,0.9922549724578857
2,2,60,3,1,0,valid_not_selected,0.7589449286460876,0.055165208876132965,1.0000001192092896,0.2602521777153015,6506.3037109375,4.161403179168701,12500000.0,0.009999999776482582,0.0020000000949949026,60.0,180.0,300.0,0.02500000037252903,0.23000000417232513,0.07999999821186066,0.20000000298023224,0.027499999850988388,5.0,2.0,1.2000000476837158,0.7207009792327881,0.6830219030380249,0.037679046392440796,1.215969443321228,2.2536284923553467,0.8284555673599243,0.9874894022941589,0.9874894022941589
2,2,61,2,1,0,valid_not_selected,0.9644141793251038,0.00724688358604908,1.8220871686935425,0.27231836318969727,6807.958984375,4.556222915649414,12500000.0,0.009999999776482582,0.0020000000949949026,20.0,120.0,240.0,0.02500000037252903,0.23000000417232513,0.07999999821186066,0.20000000298023224,0.027499999850988388,5.0,2.0,1.2000000476837158,0.6255660653114319,0.6210652589797974,0.004500787705183029,1.1724063158035278,1.8943958282470703,0.72639000415802,0.9800283908843994,0.9800283908843994
2,2,62,0,1,0,valid_not_selected,0.9045559167861938,0.020062224939465523,1.8220871686935425,0.45064589381217957,11266.1474609375,12.477337837219238,12500000.0,0.019999999552965164,0.0020000000949949026,20.0,120.0,240.0,0.02500000037252903,0.23000000417232513,0.07999999821186066,0.20000000298023224,0.027499999850988388,5.0,2.0,1.2000000476837158,2.6065876483917236,2.659952163696289,-0.05336455628275871,1.2332922220230103,1.9791322946548462,0.6348334550857544,0.9457252025604248,0.9457252025604248
2,2,63,2,1,0,valid_not_selected,0.9225189089775085,0.016129478812217712,1.8220871686935425,0.48722848296165466,12180.7119140625,14.585334777832031,12500000.0,0.009999999776482582,0.0020000000949949026,20.0,120.0,240.0,0.02500000037252903,0.23000000417232513,0.07999999821186066,0.20000000298023224,0.027499999850988388,5.0,2.0,1.2000000476837158,1.9873250722885132,2.0199050903320312,-0.032580018043518066,1.281834363937378,2.017293930053711,0.6381585597991943,0.9363500475883484,0.9363500475883484
2,2,64,8,1,0,valid_not_selected,0.6123101711273193,0.09810326248407364,1.1637886762619019,0.2941204011440277,7353.00927734375,138.41085815429688,480000.0,0.019999999552965164,0.0020000000949949026,60.0,120.0,240.0,0.02500000037252903,0.23000000417232513,0.07999999821186066,0.20000000298023224,0.027499999850988388,5.0,2.0,1.2000000476837158,0.6018088459968567,0.6672702431678772,-0.06546138972043991,0.9105719923973083,1.2070200443267822,0.27021583914756775,0.7358644008636475,0.7358644008636475
2,2,65,2,1,0,valid_not_selected,0.9695306420326233,0.006188640370965004,1.8220871686935425,0.15524093806743622,3881.023193359375,1.480688214302063,12500000.0,0.009999999776482582,0.0020000000949949026,20.0,120.0,240.0,0.02500000037252903,0.23000000417232513,0.07999999821186066,0.20000000298023224,0.027499999850988388,5.0,2.0,1.2000000476837158,0.2020816057920456,0.20083868503570557,0.0012429184280335903,1.13453209400177,1.8805351257324219,0.7386095523834229,0.9934443831443787,0.9934443831443787
2,2,66,0,1,0,valid_not_selected,0.8357970714569092,0.0358738899230957,1.8220871686935425,0.17596718668937683,4399.1796875,1.9024553298950195,12500000.0,0.019999999552965164,0.0020000000949949026,20.0,120.0,240.0,0.02500000037252903,0.23000000417232513,0.07999999821186066,0.20000000298023224,0.027499999850988388,5.0,2.0,1.2000000476837158,0.37169593572616577,0.3588235378265381,0.012872396036982536,1.0685572624206543,1.5344417095184326,0.788137674331665,0.9931299090385437,0.9931299090385437
2,2,67,2,1,0,valid_not_selected,0.9638601541519165,0.007361810188740492,1.8220871686935425,0.1656631976366043,4141.580078125,1.6861770153045654,12500000.0,0.009999999776482582,0.0020000000949949026,20.0,120.0,240.0,0.02500000037252903,0.23000000417232513,0.07999999821186066,0.20000000298023224,0.027499999850988388,5.0,2.0,1.2000000476837158,0.22826647758483887,0.22659830749034882,0.001668173703365028,1.131202220916748,1.856288194656372,0.7394288778305054,0.9926382899284363,0.9926382899284363
2,2,68,0,1,1,accepted,0.9757029414176941,0.0049194227904081345,1.8220871686935425,0.3732277750968933,9330.6943359375,8.558526039123535,12500000.0,0.019999999552965164,0.0020000000949949026,20.0,120.0,240.0,0.02500000037252903,0.23000000417232513,0.07999999821186066,0.20000000298023224,0.027499999850988388,5.0,2.0,1.2000000476837158,1.8575109243392944,1.8666939735412598,-0.009183056652545929,1.198606252670288,1.964704155921936,0.6857864856719971,0.9620770812034607,0.9620770812034607
2,2,69,9,1,0,valid_not_selected,0.6706013083457947,0.0799160972237587,1.2308167219161987,0.31331199407577515,7832.798828125,157.06298828125,480000.0,0.019999999552965164,0.0020000000949949026,60.0,180.0,300.0,0.02500000037252903,0.23000000417232513,0.07999999821186066,0.20000000298023224,0.027499999850988388,5.0,2.0,1.2000000476837158,0.8003906011581421,0.869910478591919,-0.06951984763145447,1.0579955577850342,1.290317416191101,0.3815433382987976,0.8561026453971863,0.8561026453971863
2,2,70,0,1,0,valid_not_selected,0.8825506567955017,0.02498781494796276,1.8220871686935425,0.22214865684509277,5553.7158203125,3.032064914703369,12500000.0,0.019999999552965164,0.0020000000949949026,20.0,120.0,240.0,0.02500000037252903,0.23000000417232513,0.07999999821186066,0.20000000298023224,0.027499999850988388,5.0,2.0,1.2000000476837158,0.6270111203193665,0.6117254495620728,0.015285682864487171,1.0972590446472168,1.6943706274032593,0.7671653032302856,0.9879875183105469,0.9879875183105469
2,2,71,8,1,1,accepted,0.622038722038269,0.0949505865573883,1.0186865329742432,0.13948528468608856,3487.132080078125,31.12982177734375,480000.0,0.019999999552965164,0.0020000000949949026,60.0,120.0,240.0,0.02500000037252903,0.23000000417232513,0.07999999821186066,0.20000000298023224,0.027499999850988388,5.0,2.0,1.2000000476837158,0.18583892285823822,0.20533566176891327,-0.019496740773320198,1.017290711402893,1.3504648208618164,0.280269593000412,0.8986303806304932,0.8986303806304932
2,2,72,8,1,0,valid_not_selected,0.4719909727573395,0.08558818697929382,2.322854518890381,0.05061851069331169,1265.462646484375,4.099572658538818,480000.0,0.019999999552965164,0.0020000000949949026,60.0,120.0,240.0,0.02500000037252903,0.23000000417232513,0.07999999821186066,0.20000000298023224,0.027499999850988388,5.0,2.0,1.2000000476837158,0.059410057961940765,0.054726146161556244,0.0046839118003845215,1.2548524141311646,2.0567197799682617,0.8234801292419434,0.9774470329284668,0.9774470329284668
2,2,73,9,1,1,accepted,0.8519808053970337,0.032038263976573944,1.0186865329742432,0.24333687126636505,6083.42138671875,94.74050903320312,480000.0,0.019999999552965164,0.0020000000949949026,60.0,180.0,300.0,0.02500000037252903,0.23000000417232513,0.07999999821186066,0.20000000298023224,0.027499999850988388,5.0,2.0,1.2000000476837158,0.6318618059158325,0.6527755856513977,-0.02091379649937153,1.0691254138946533,1.6877996921539307,0.5265148878097534,0.8719353079795837,0.8719353079795837
2,2,74,3,1,0,valid_not_selected,0.7724555730819702,0.05163615569472313,1.0000001192092896,0.36400723457336426,9100.1806640625,8.140874862670898,12500000.0,0.009999999776482582,0.0020000000949949026,60.0,180.0,300.0,0.02500000037252903,0.23000000417232513,0.07999999821186066,0.20000000298023224,0.027499999850988388,5.0,2.0,1.2000000476837158,1.3859994411468506,1.3179458379745483,0.06805365532636642,1.297088384628296,2.168843984603882,0.8134780526161194,0.9769758582115173,0.9769758582115173
2,2,75,3,1,1,accepted,0.7809250950813293,0.04945520684123039,1.029053807258606,0.43596670031547546,10899.16796875,11.67771053314209,12500000.0,0.009999999776482582,0.0020000000949949026,60.0,180.0,300.0,0.02500000037252903,0.23000000417232513,0.07999999821186066,0.20000000298023224,0.027499999850988388,5.0,2.0,1.2000000476837158,2.0140655040740967,1.9191534519195557,0.09491213411092758,1.3829669952392578,2.1719090938568115,0.8003488183021545,0.967706024646759,0.967706024646759
2,2,76,0,1,0,valid_not_selected,0.9120883345603943,0.018403680995106697,1.8220871686935425,0.44191157817840576,11047.7890625,11.998359680175781,12500000.0,0.019999999552965164,0.0020000000949949026,20.0,120.0,240.0,0.02500000037252903,0.23000000417232513,0.07999999821186066,0.20000000298023224,0.027499999850988388,5.0,2.0,1.2000000476837158,2.52099609375,2.5682616233825684,-0.047265466302633286,1.2301127910614014,1.9807583093643188,0.6406973600387573,0.9476044178009033,0.9476044178009033
2,2,77,8,1,0,valid_not_selected,0.6137822866439819,0.09762299805879593,1.0186865329742432,0.23983407020568848,5995.8515625,92.03257751464844,480000.0,0.019999999552965164,0.0020000000949949026,60.0,120.0,240.0,0.02500000037252903,0.23000000417232513,0.07999999821186066,0.20000000298023224,0.027499999850988388,5.0,2.0,1.2000000476837158,0.46860039234161377,0.5192955732345581,-0.05069519206881523,0.9835851788520813,1.3566826581954956,0.27455615997314453,0.7750526070594788,0.7750526070594788
2,2,78,10,1,1,accepted,0.623174250125885,0.09458581358194351,1.0186865329742432,0.1803893893957138,4509.734375,52.06451416015625,480000.0,0.009999999776482582,0.0020000000949949026,60.0,120.0,240.0,0.02500000037252903,0.23000000417232513,0.07999999821186066,0.20000000298023224,0.027499999850988388,5.0,2.0,1.2000000476837158,0.22034519910812378,0.24336397647857666,-0.02301877923309803,1.0943416357040405,1.7380772829055786,0.2946512997150421,0.816676676273346,0.816676676273346
2,2,79,8,1,0,valid_not_selected,0.6108019948005676,0.0985964983701706,1.5464260578155518,0.4219266176223755,10548.1650390625,284.8352355957031,480000.0,0.019999999552965164,0.0020000000949949026,60.0,120.0,240.0,0.02500000037252903,0.23000000417232513,0.07999999821186066,0.20000000298023224,0.027499999850988388,5.0,2.0,1.2000000476837158,0.9759650826454163,1.0827171802520752,-0.10675211995840073,0.8254308104515076,1.0464361906051636,0.26533782482147217,0.6584721803665161,0.6584721803665161
2,2,80,10,1,1,accepted,0.7910929918289185,0.04686794802546501,1.420062780380249,0.0904020443558693,2260.051025390625,13.076043128967285,480000.0,0.009999999776482582,0.0020000000949949026,60.0,120.0,240.0,0.02500000037252903,0.23000000417232513,0.07999999821186066,0.20000000298023224,0.027499999850988388,5.0,2.0,1.2000000476837158,0.08703608065843582,0.08313950151205063,0.0038965779822319746,1.174460768699646,2.0295441150665283,0.5113793611526489,0.9325845241546631,0.9325845241546631
2,2,81,8,1,1,accepted,0.6882518529891968,0.07472008466720581,1.64089834690094,0.0784454420208931,1961.135986328125,9.84589672088623,480000.0,0.019999999552965164,0.0020000000949949026,60.0,120.0,240.0,0.02500000037252903,0.23000000417232513,0.07999999821186066,0.20000000298023224,0.027499999850988388,5.0,2.0,1.2000000476837158,0.10920148342847824,0.1016092300415039,0.0075922501273453236,1.0365370512008667,1.6756455898284912,0.7175464630126953,0.9567998051643372,0.9567998051643372
2,2,82,11,1,0,valid_not_selected,0.6362724900245667,0.09042567014694214,1.1619499921798706,0.2936108708381653,7340.271484375,137.9317169189453,480000.0,0.009999999776482582,0.0020000000949949026,60.0,180.0,300.0,0.02500000037252903,0.23000000417232513,0.07999999821186066,0.20000000298023224,0.027499999850988388,5.0,2.0,1.2000000476837158,0.44301241636276245,0.48705464601516724,-0.04404224455356598,0.903673529624939,1.342336654663086,0.3460693955421448,0.8621304631233215,0.8621304631233215
2,2,83,2,1,0,valid_not_selected,0.9487911462783813,0.010513316839933395,1.8220871686935425,0.4435771405696869,11089.4287109375,12.088973045349121,12500000.0,0.009999999776482582,0.0020000000949949026,20.0,120.0,240.0,0.02500000037252903,0.23000000417232513,0.07999999821186066,0.20000000298023224,0.027499999850988388,5.0,2.0,1.2000000476837158,1.6720128059387207,1.6897779703140259,-0.017765171825885773,1.2655975818634033,2.019493818283081,0.6601614356040955,0.9462919235229492,0.9462919235229492
2,2,84,1,1,0,valid_not_selected,0.7930598855018616,0.04637131094932556,1.0000014305114746,0.2908459007740021,7271.14697265625,5.197289943695068,12500000.0,0.019999999552965164,0.0020000000949949026,60.0,180.0,300.0,0.02500000037252903,0.23000000417232513,0.07999999821186066,0.20000000298023224,0.027499999850988388,5.0,2.0,1.2000000476837158,1.3590178489685059,1.2987911701202393,0.060226649045944214,1.1247214078903198,2.0744404792785645,0.8095141053199768,0.9856691360473633,0.9856691360473633
2,2,85,11,1,1,accepted,0.9722893834114075,0.005620360374450684,1.0186865329742432,0.14581595361232758,3645.398681640625,34.019657135009766,480000.0,0.009999999776482582,0.0020000000949949026,60.0,180.0,300.0,0.02500000037252903,0.23000000417232513,0.07999999821186066,0.20000000298023224,0.027499999850988388,5.0,2.0,1.2000000476837158,0.20136432349681854,0.2002389132976532,0.0011254148557782173,1.2508234977722168,2.26393461227417,0.5906585454940796,0.9185762405395508,0.9185762405395508
2,2,86,10,1,1,accepted,0.6315410137176514,0.09191848337650299,1.0186865329742432,0.15106233954429626,3776.55810546875,36.511714935302734,480000.0,0.009999999776482582,0.0020000000949949026,60.0,120.0,240.0,0.02500000037252903,0.23000000417232513,0.07999999821186066,0.20000000298023224,0.027499999850988388,5.0,2.0,1.2000000476837158,0.17152555286884308,0.1888878345489502,-0.017362283542752266,1.1721845865249634,1.8440829515457153,0.30698439478874207,0.8517537117004395,0.8517537117004395
2,2,87,9,1,0,valid_not_selected,0.6880289316177368,0.07478487491607666,1.0186865329742432,0.12828025221824646,3207.00634765625,26.329307556152344,480000.0,0.019999999552965164,0.0020000000949949026,60.0,180.0,300.0,0.02500000037252903,0.23000000417232513,0.07999999821186066,0.20000000298023224,0.027499999850988388,5.0,2.0,1.2000000476837158,0.3178911507129669,0.29577189683914185,0.02211926504969597,1.3249516487121582,2.586434841156006,0.7002716064453125,0.9255992770195007,0.9255992770195007
2,2,88,9,1,0,valid_not_selected,0.6554968953132629,0.08447233587503433,1.29087233543396,0.3315683901309967,8289.2099609375,175.9001007080078,480000.0,0.019999999552965164,0.0020000000949949026,60.0,180.0,300.0,0.02500000037252903,0.23000000417232513,0.07999999821186066,0.20000000298023224,0.027499999850988388,5.0,2.0,1.2000000476837158,0.8658143281936646,0.9456998109817505,-0.07988547533750534,1.0656999349594116,1.2414920330047607,0.361336350440979,0.8511431813240051,0.8511431813240051
2,2,89,2,1,1,accepted,0.9963369369506836,0.000733960245270282,1.8220871686935425,0.36215341091156006,9053.8349609375,8.05816650390625,12500000.0,0.009999999776482582,0.0020000000949949026,20.0,120.0,240.0,0.02500000037252903,0.23000000417232513,0.07999999821186066,0.20000000298023224,0.027499999850988388,5.0,2.0,1.2000000476837158,1.1261390447616577,1.1269662380218506,-0.0008271484402939677,1.2258377075195312,1.9849616289138794,0.6969338059425354,0.9638311266899109,0.9638311266899109
2,2,90,0,1,0,valid_not_selected,0.9354891180992126,0.013337147422134876,1.8220871686935425,0.4157350957393646,10393.3779296875,10.61902141571045,12500000.0,0.019999999552965164,0.0020000000949949026,20.0,120.0,240.0,0.02500000037252903,0.23000000417232513,0.07999999821186066,0.20000000298023224,0.027499999850988388,5.0,2.0,1.2000000476837158,2.2655160427093506,2.29613995552063,-0.03062395751476288,1.2194693088531494,1.9810446500778198,0.6581796407699585,0.9532017111778259,0.9532017111778259
2,2,91,10,1,0,valid_not_selected,0.6128256916999817,0.09793494641780853,1.2461388111114502,0.31787195801734924,7946.79833984375,161.66807556152344,480000.0,0.009999999776482582,0.0020000000949949026,60.0,120.0,240.0,0.02500000037252903,0.23000000417232513,0.07999999821186066,0.20000000298023224,0.027499999850988388,5.0,2.0,1.2000000476837158,0.44722533226013184,0.49577948451042175,-0.04855413734912872,0.843505859375,1.2359026670455933,0.27077698707580566,0.7116627097129822,0.7116627097129822
2,2,92,1,1,0,valid_not_selected,0.7964813113212585,0.045510318130254745,1.0000014305114746,0.33293700218200684,8323.4248046875,6.810440540313721,12500000.0,0.019999999552965164,0.0020000000949949026,60.0,180.0,300.0,0.02500000037252903,0.23000000417232513,0.07999999821186066,0.20000000298023224,0.027499999850988388,5.0,2.0,1.2000000476837158,1.7736773490905762,1.6964704990386963,0.07720690965652466,1.1468942165374756,2.0717475414276123,0.8051487803459167,0.981412947177887,0.981412947177887
2,2,93,10,1,0,valid_not_selected,0.6127200722694397,0.0979694202542305,1.2603214979171753,0.3221519887447357,8053.79931640625,166.05099487304688,480000.0,0.009999999776482582,0.0020000000949949026,60.0,120.0,240.0,0.02500000037252903,0.23000000417232513,0.07999999821186066,0.20000000298023224,0.027499999850988388,5.0,2.0,1.2000000476837158,0.4551151990890503,0.5045452117919922,-0.049430001527071,0.8392736315727234,1.226567268371582,0.27046501636505127,0.7090795040130615,0.7090795040130615
2,2,94,2,1,1,accepted,0.9942423701286316,0.001154851634055376,1.8220871686935425,0.1302117258310318,3255.293212890625,1.0417207479476929,12500000.0,0.009999999776482582,0.0020000000949949026,20.0,120.0,240.0,0.02500000037252903,0.23000000417232513,0.07999999821186066,0.20000000298023224,0.027499999850988388,5.0,2.0,1.2000000476837158,0.1483313888311386,0.14816027879714966,0.0001711031363811344,1.16130530834198,2.0054144859313965,0.7322213649749756,0.9950717091560364,0.9950717091560364
2,2,95,10,1,1,accepted,0.6574656367301941,0.08387255668640137,1.548829197883606,0.08322501927614212,2080.62548828125,11.082242012023926,480000.0,0.009999999776482582,0.0020000000949949026,60.0,120.0,240.0,0.02500000037252903,0.23000000417232513,0.07999999821186066,0.20000000298023224,0.027499999850988388,5.0,2.0,1.2000000476837158,0.09060221910476685,0.08359120786190033,0.007011008448898792,1.2512575387954712,2.3142154216766357,0.6479678153991699,0.9346652030944824,0.9346652030944824
2,2,96,8,1,1,accepted,0.6803680658340454,0.07702427357435226,1.0186865329742432,0.11715422570705414,2928.85546875,21.960172653198242,480000.0,0.019999999552965164,0.0020000000949949026,60.0,120.0,240.0,0.02500000037252903,0.23000000417232513,0.07999999821186066,0.20000000298023224,0.027499999850988388,5.0,2.0,1.2000000476837158,0.11142745614051819,0.12072630971670151,-0.009298856370151043,0.7910622358322144,1.0579053163528442,0.30770453810691833,0.9403693675994873,0.9403693675994873
2,2,97,2,1,0,valid_not_selected,0.9321916699409485,0.014043363742530346,1.8220871686935425,0.47108957171440125,11777.2392578125,13.635090827941895,12500000.0,0.009999999776482582,0.0020000000949949026,20.0,120.0,240.0,0.02500000037252903,0.23000000417232513,0.07999999821186066,0.20000000298023224,0.027499999850988388,5.0,2.0,1.2000000476837158,1.8693631887435913,1.8959892988204956,-0.026626067236065865,1.276257872581482,2.019634246826172,0.6464048027992249,0.9400482177734375,0.9400482177734375
2,2,98,0,1,1,accepted,0.9627320170402527,0.007596037350594997,1.8220871686935425,0.3100859224796295,7752.1484375,5.907655715942383,12500000.0,0.019999999552965164,0.0020000000949949026,20.0,120.0,240.0,0.02500000037252903,0.23000000417232513,0.07999999821186066,0.20000000298023224,0.027499999850988388,5.0,2.0,1.2000000476837158,1.286199688911438,1.276503324508667,0.00969636719673872,1.1600415706634521,1.8950260877609253,0.7233371734619141,0.9742991924285889,0.9742991924285889
2,2,99,3,1,0,valid_not_selected,0.7471052408218384,0.05830984562635422,1.0000001192092896,0.21682865917682648,5420.71630859375,2.888580322265625,12500000.0,0.009999999776482582,0.0020000000949949026,60.0,180.0,300.0,0.02500000037252903,0.23000000417232513,0.07999999821186066,0.20000000298023224,0.027499999850988388,5.0,2.0,1.2000000476837158,0.5181928873062134,0.4896419644355774,0.028550947085022926,1.2147384881973267,2.352186918258667,0.8352271318435669,0.9908785820007324,0.9908785820007324
2,2,100,0,1,1,accepted,0.9808638095855713,0.0038643288426101208,1.8220871686935425,0.36793360114097595,9198.33984375,8.3174467086792,12500000.0,0.019999999552965164,0.0020000000949949026,20.0,120.0,240.0,0.02500000037252903,0.23000000417232513,0.07999999821186066,0.20000000298023224,0.027499999850988388,5.0,2.0,1.2000000476837158,1.8076550960540771,1.8146675825119019,-0.007012472487986088,1.195703148841858,1.9610486030578613,0.6891177892684937,0.9631543159484863,0.9631543159484863
2,2,101,11,1,1,accepted,0.8061610460281372,0.04309435561299324,1.0186865329742432,0.1783570945262909,4458.92724609375,50.897987365722656,480000.0,0.009999999776482582,0.0020000000949949026,60.0,180.0,300.0,0.02500000037252903,0.23000000417232513,0.07999999821186066,0.20000000298023224,0.027499999850988388,5.0,2.0,1.2000000476837158,0.23517094552516937,0.245761901140213,-0.010590950958430767,1.0726299285888672,1.8619624376296997,0.5067241191864014,0.906041145324707,0.906041145324707
2,2,102,0,1,0,valid_not_selected,0.6631823778152466,0.08214104175567627,1.9434810876846313,0.08012284338474274,2003.0709228515625,0.3944244384765625,12500000.0,0.019999999552965164,0.0020000000949949026,20.0,120.0,240.0,0.02500000037252903,0.23000000417232513,0.07999999821186066,0.20000000298023224,0.027499999850988388,5.0,2.0,1.2000000476837158,0.1645381897687912,0.1520487517118454,0.012489442713558674,1.076686978340149,3.2909936904907227,0.853805661201477,0.9969308972358704,0.9969308972358704
2,2,103,11,1,0,valid_not_selected,0.6258527040481567,0.09372805058956146,1.3524281978607178,0.3513854742050171,8784.6357421875,197.5547332763672,480000.0,0.009999999776482582,0.0020000000949949026,60.0,180.0,300.0,0.02500000037252903,0.23000000417232513,0.07999999821186066,0.20000000298023224,0.027499999850988388,5.0,2.0,1.2000000476837158,0.6068927645683289,0.6696585416793823,-0.06276579201221466,0.917664110660553,1.2761070728302002,0.319568932056427,0.8417007923126221,0.8417007923126221
2,2,104,8,1,1,accepted,0.7265077829360962,0.06390122324228287,1.064405918121338,0.11360639333724976,2840.15966796875,20.650253295898438,480000.0,0.019999999552965164,0.0020000000949949026,60.0,120.0,240.0,0.02500000037252903,0.23000000417232513,0.07999999821186066,0.20000000298023224,0.027499999850988388,5.0,2.0,1.2000000476837158,0.108418308198452,0.1158193051815033,-0.007400995120406151,0.7817769646644592,1.0646674633026123,0.32832932472229004,0.9433521628379822,0.9433521628379822
2,2,105,2,1,0,valid_not_selected,0.576560378074646,0.0867728739976883,2.1168107986450195,0.06804057955741882,1701.014404296875,0.2844376266002655,12500000.0,0.009999999776482582,0.0020000000949949026,20.0,120.0,240.0,0.02500000037252903,0.23000000417232513,0.07999999821186066,0.20000000298023224,0.027499999850988388,5.0,2.0,1.2000000476837158,0.016402345150709152,0.017960861325263977,-0.0015585155924782157,0.6479127407073975,0.9067726731300354,0.38271260261535645,0.9993884563446045,0.9993884563446045
2,2,106,2,1,0,valid_not_selected,0.9556117653846741,0.009080711752176285,1.8220871686935425,0.23016174137592316,5754.04345703125,3.2547481060028076,12500000.0,0.009999999776482582,0.0020000000949949026,20.0,120.0,240.0,0.02500000037252903,0.23000000417232513,0.07999999821186066,0.20000000298023224,0.027499999850988388,5.0,2.0,1.2000000476837158,0.44068777561187744,0.4367220401763916,0.0039657470770180225,1.1485463380813599,1.8504366874694824,0.7349370718002319,0.9859544634819031,0.9859544634819031
2,2,107,10,1,1,accepted,0.6466362476348877,0.0871942788362503,1.0186865329742432,0.12882183492183685,3220.5458984375,26.552095413208008,480000.0,0.009999999776482582,0.0020000000949949026,60.0,120.0,240.0,0.02500000037252903,0.23000000417232513,0.07999999821186066,0.20000000298023224,0.027499999850988388,5.0,2.0,1.2000000476837158,0.13271814584732056,0.14539583027362823,-0.012677684426307678,1.2098599672317505,1.8748600482940674,0.3218478858470917,0.8832104802131653,0.8832104802131653
2,2,108,9,1,0,valid_not_selected,0.509297788143158,0.09550454467535019,2.197199583053589,0.05487389862537384,1371.847412109375,4.817829608917236,480000.0,0.019999999552965164,0.0020000000949949026,60.0,180.0,300.0,0.02500000037252903,0.23000000417232513,0.07999999821186066,0.20000000298023224,0.027499999850988388,5.0,2.0,1.2000000476837158,0.10600566118955612,0.09676423668861389,0.00924142450094223,1.3399403095245361,4.690272808074951,0.8302023410797119,0.9709731936454773,0.9709731936454773
2,2,109,1,1,0,valid_not_selected,0.6298272013664246,0.092461958527565,1.702322244644165,0.10058300942182541,2514.5751953125,0.6215847134590149,12500000.0,0.019999999552965164,0.0020000000949949026,60.0,180.0,300.0,0.02500000037252903,0.23000000417232513,0.07999999821186066,0.20000000298023224,0.027499999850988388,5.0,2.0,1.2000000476837158,0.3122536540031433,0.28582563996315,0.026427999138832092,1.193466305732727,3.9708237648010254,0.9157153964042664,0.9966545104980469,0.9966545104980469
2,2,110,9,1,0,valid_not_selected,0.7450445890426636,0.05886223912239075,1.0186865329742432,0.14786593616008759,3696.648193359375,34.98292922973633,480000.0,0.019999999552965164,0.0020000000949949026,60.0,180.0,300.0,0.02500000037252903,0.23000000417232513,0.07999999821186066,0.20000000298023224,0.027499999850988388,5.0,2.0,1.2000000476837158,0.37605875730514526,0.3551536202430725,0.020905137062072754,1.280399203300476,2.384228229522705,0.6837731599807739,0.9138559699058533,0.9138559699058533
2,2,111,0,1,0,valid_not_selected,0.8972811698913574,0.021677207201719284,1.8220871686935425,0.45924901962280273,11481.2255859375,12.95828628540039,12500000.0,0.019999999552965164,0.0020000000949949026,20.0,120.0,240.0,0.02500000037252903,0.23000000417232513,0.07999999821186066,0.20000000298023224,0.027499999850988388,5.0,2.0,1.2000000476837158,2.6909852027893066,2.750610828399658,-0.05962555855512619,1.2362463474273682,1.9768457412719727,0.6290566921234131,0.943871021270752,0.943871021270752
2,2,112,9,1,0,valid_not_selected,0.6247493624687195,0.09408094733953476,1.3086963891983032,0.09710654616355896,2427.663330078125,15.087484359741211,480000.0,0.019999999552965164,0.0020000000949949026,60.0,180.0,300.0,0.02500000037252903,0.23000000417232513,0.07999999821186066,0.20000000298023224,0.027499999850988388,5.0,2.0,1.2000000476837158,0.2484024167060852,0.2270420789718628,0.021360334008932114,1.2949073314666748,3.5611846446990967,0.7593151926994324,0.9380927085876465,0.9380927085876465
2,2,113,8,1,1,accepted,0.7960411310195923,0.04562089219689369,1.3502178192138672,0.09455057233572006,2363.764404296875,14.303693771362305,480000.0,0.019999999552965164,0.0020000000949949026,60.0,120.0,240.0,0.02500000037252903,0.23000000417232513,0.07999999821186066,0.20000000298023224,0.027499999850988388,5.0,2.0,1.2000000476837158,0.11843302100896835,0.1132657378911972,0.005167284049093723,0.8879019021987915,1.3552277088165283,0.5651164650917053,0.9496631026268005,0.9496631026268005
2,2,114,10,1,0,valid_not_selected,0.6110062599182129,0.09852961450815201,1.6038004159927368,0.4453844130039215,11134.609375,317.3875427246094,480000.0,0.009999999776482582,0.0020000000949949026,60.0,120.0,240.0,0.02500000037252903,0.23000000417232513,0.07999999821186066,0.20000000298023224,0.027499999850988388,5.0,2.0,1.2000000476837158,0.7136337161064148,0.7916330099105835,-0.0779992938041687,0.7624378204345703,1.0595495700836182,0.26516392827033997,0.637157142162323,0.637157142162323
2,2,115,3,1,1,accepted,0.7777945399284363,0.050258569419384,1.0000001192092896,0.4112265110015869,10280.662109375,10.389945983886719,12500000.0,0.009999999776482582,0.0020000000949949026,60.0,180.0,300.0,0.02500000037252903,0.23000000417232513,0.07999999821186066,0.20000000298023224,0.027499999850988388,5.0,2.0,1.2000000476837158,1.782528042793274,1.6972278356552124,0.08530024439096451,1.3523414134979248,2.1681861877441406,0.8051920533180237,0.9710562825202942,0.9710562825202942
2,2,116,0,1,0,valid_not_selected,0.7862998247146606,0.04808342829346657,1.8220871686935425,0.14199520647525787,3549.880126953125,1.2387921810150146,12500000.0,0.019999999552965164,0.0020000000949949026,20.0,120.0,240.0,0.02500000037252903,0.23000000417232513,0.07999999821186066,0.20000000298023224,0.027499999850988388,5.0,2.0,1.2000000476837158,0.23013605177402496,0.21957798302173615,0.010558062233030796,1.059813141822815,1.3930997848510742,0.805780291557312,0.9959246516227722,0.9959246516227722
2,2,117,10,1,0,valid_not_selected,0.6108655333518982,0.09857567399740219,1.6495221853256226,0.4650081694126129,11625.2041015625,345.9720458984375,480000.0,0.009999999776482582,0.0020000000949949026,60.0,120.0,240.0,0.02500000037252903,0.23000000417232513,0.07999999821186066,0.20000000298023224,0.027499999850988388,5.0,2.0,1.2000000476837158,0.7584694623947144,0.8414122462272644,-0.08294277638196945,0.7553632855415344,1.044482707977295,0.26470497250556946,0.6191924214363098,0.6191924214363098
2,2,118,2,1,1,accepted,0.993057906627655,0.0013932589208707213,1.8220871686935425,0.36811143159866333,9202.78515625,8.325488090515137,12500000.0,0.009999999776482582,0.0020000000949949026,20.0,120.0,240.0,0.02500000037252903,0.23000000417232513,0.07999999821186066,0.20000000298023224,0.027499999850988388,5.0,2.0,1.2000000476837158,1.1636338233947754,1.1652573347091675,-0.001623505144380033,1.229123830795288,1.9892691373825073,0.6945131421089172,0.9626180529594421,0.9626180529594421
2,2,119,2,1,0,valid_not_selected,0.9619295001029968,0.007762819062918425,1.8220871686935425,0.26348358392715454,6587.08935546875,4.265384674072266,12500000.0,0.009999999776482582,0.0020000000949949026,20.0,120.0,240.0,0.02500000037252903,0.23000000417232513,0.07999999821186066,0.20000000298023224,0.027499999850988388,5.0,2.0,1.2000000476837158,0.5839203000068665,0.5794223546981812,0.00449795089662075,1.1671395301818848,1.8843742609024048,0.7284858226776123,0.9813686013221741,0.9813686013221741
2,2,120,0,1,1,accepted,0.9559751749038696,0.009004672057926655,1.8220871686935425,0.3937664031982422,9844.16015625,9.52639102935791,12500000.0,0.019999999552965164,0.0020000000949949026,20.0,120.0,240.0,0.02500000037252903,0.23000000417232513,0.07999999821186066,0.20000000298023224,0.027499999850988388,5.0,2.0,1.2000000476837158,2.0531904697418213,2.0718467235565186,-0.018656300380825996,1.2092360258102417,1.9753936529159546,0.6726148128509521,0.9578325152397156,0.9578325152397156
2,2,121,11,1,0,valid_not_selected,0.6194796562194824,0.09577508270740509,1.6231894493103027,0.4536028802394867,11340.0712890625,329.20880126953125,480000.0,0.009999999776482582,0.0020000000949949026,60.0,180.0,300.0,0.02500000037252903,0.23000000417232513,0.07999999821186066,0.20000000298023224,0.027499999850988388,5.0,2.0,1.2000000476837158,0.9383620023727417,1.0377528667449951,-0.09939086437225342,0.9555827975273132,1.2064990997314453,0.29786956310272217,0.7770133018493652,0.7770133018493652
2,2,122,11,1,0,valid_not_selected,0.6220853328704834,0.09493560343980789,1.482048511505127,0.39707326889038086,9926.83203125,252.26739501953125,480000.0,0.009999999776482582,0.0020000000949949026,60.0,180.0,300.0,0.02500000037252903,0.23000000417232513,0.07999999821186066,0.20000000298023224,0.027499999850988388,5.0,2.0,1.2000000476837158,0.7536388039588928,0.8326908349990845,-0.07905200868844986,0.9352341890335083,1.241018533706665,0.30747804045677185,0.8201522827148438,0.8201522827148438
2,2,123,11,1,0,valid_not_selected,0.6210060119628906,0.0952828973531723,1.5331364870071411,0.4166717827320099,10416.7939453125,277.78448486328125,480000.0,0.009999999776482582,0.0020000000949949026,60.0,180.0,300.0,0.02500000037252903,0.23000000417232513,0.07999999821186066,0.20000000298023224,0.027499999850988388,5.0,2.0,1.2000000476837158,0.8156113624572754,0.9015098214149475,-0.08589846640825272,0.9426752924919128,1.228211760520935,0.30364125967025757,0.8043921589851379,0.8043921589851379
2,2,124,1,1,0,valid_not_selected,0.7983165383338928,0.04505001753568649,1.0000014305114746,0.3547457456588745,8868.6435546875,7.73188591003418,12500000.0,0.019999999552965164,0.0020000000949949026,60.0,180.0,300.0,0.02500000037252903,0.23000000417232513,0.07999999821186066,0.20000000298023224,0.027499999850988388,5.0,2.0,1.2000000476837158,2.0096278190612793,1.9229967594146729,0.08663103729486465,1.1610318422317505,2.0698347091674805,0.8025681972503662,0.979030191898346,0.979030191898346
2,2,125,0,1,0,valid_not_selected,0.7042845487594604,0.07011456787586212,1.8220871686935425,0.11152366548776627,2788.091552734375,0.7641615271568298,12500000.0,0.019999999552965164,0.0020000000949949026,20.0,120.0,240.0,0.02500000037252903,0.23000000417232513,0.07999999821186066,0.20000000298023224,0.027499999850988388,5.0,2.0,1.2000000476837158,0.14926575124263763,0.13948576152324677,0.009779984131455421,1.0690923929214478,1.4049265384674072,0.8333247303962708,0.9974600672721863,0.9974600672721863
2,2,126,9,1,0,valid_not_selected,0.6444307565689087,0.08787757158279419,1.1066460609436035,0.11056510359048843,2764.12744140625,19.55942153930664,480000.0,0.019999999552965164,0.0020000000949949026,60.0,180.0,300.0,0.02500000037252903,0.23000000417232513,0.07999999821186066,0.20000000298023224,0.027499999850988388,5.0,2.0,1.2000000476837158,0.27632683515548706,0.25400546193122864,0.02232138253748417,1.3334274291992188,3.000002384185791,0.726481556892395,0.933615505695343,0.933615505695343
2,2,127,10,1,0,valid_not_selected,0.613556981086731,0.09769643098115921,1.1593927145004272,0.2929036617279053,7322.5908203125,137.26803588867188,480000.0,0.009999999776482582,0.0020000000949949026,60.0,120.0,240.0,0.02500000037252903,0.23000000417232513,0.07999999821186066,0.20000000298023224,0.027499999850988388,5.0,2.0,1.2000000476837158,0.4026228189468384,0.4462165832519531,-0.043593768030405045,0.8714386820793152,1.297560214996338,0.27289530634880066,0.7271935939788818,0.7271935939788818
2,2,128,0,1,0,valid_not_selected,0.821358859539032,0.03935902938246727,1.8220871686935425,0.1642676591873169,4106.69140625,1.6578881740570068,12500000.0,0.019999999552965164,0.0020000000949949026,20.0,120.0,240.0,0.02500000037252903,0.23000000417232513,0.07999999821186066,0.20000000298023224,0.027499999850988388,5.0,2.0,1.2000000476837158,0.3183245062828064,0.3062700033187866,0.01205448992550373,1.0637754201889038,1.4872922897338867,0.7936882972717285,0.994189441204071,0.994189441204071
2,2,129,8,1,1,accepted,0.6317758560180664,0.09184412658214569,1.0186865329742432,0.127727210521698,3193.18017578125,26.1027774810791,480000.0,0.019999999552965164,0.0020000000949949026,60.0,120.0,240.0,0.02500000037252903,0.23000000417232513,0.07999999821186066,0.20000000298023224,0.027499999850988388,5.0,2.0,1.2000000476837158,0.13757015764713287,0.1514829844236374,-0.013912822119891644,0.8818112015724182,1.1453020572662354,0.2834150195121765,0.9248755574226379,0.9248755574226379
2,2,130,11,1,0,valid_not_selected,0.6234936714172363,0.09448333084583282,1.4263615608215332,0.37675905227661133,9418.9765625,227.11575317382812,480000.0,0.009999999776482582,0.0020000000949949026,60.0,180.0,300.0,0.02500000037252903,0.23000000417232513,0.07999999821186066,0.20000000298023224,0.027499999850988388,5.0,2.0,1.2000000476837158,0.689277708530426,0.7611982822418213,-0.07192055135965347,0.9273168444633484,1.2555387020111084,0.3122161030769348,0.8337298035621643,0.8337298035621643
2,2,131,1,1,1,accepted,0.806464433670044,0.04301910102367401,1.00359046459198,0.42889338731765747,10722.333984375,11.301856994628906,12500000.0,0.019999999552965164,0.0020000000949949026,60.0,180.0,300.0,0.02500000037252903,0.23000000417232513,0.07999999821186066,0.20000000298023224,0.027499999850988388,5.0,2.0,1.2000000476837158,2.9186720848083496,2.7982921600341797,0.12038001418113708,1.2190370559692383,2.063150644302368,0.7915117144584656,0.9701156616210938,0.9701156616210938
2,2,132,1,1,0,valid_not_selected,0.7994292378425598,0.044771455228328705,1.0000014305114746,0.36701512336730957,9175.3779296875,8.275971412658691,12500000.0,0.019999999552965164,0.0020000000949949026,60.0,180.0,300.0,0.02500000037252903,0.23000000417232513,0.07999999821186066,0.20000000298023224,0.027499999850988388,5.0,2.0,1.2000000476837158,2.148702621459961,2.0566246509552,0.0920780822634697,1.1696641445159912,2.0687291622161865,0.8009970784187317,0.9776391386985779,0.9776391386985779
2,2,133,3,1,0,valid_not_selected,0.7679542303085327,0.05280502513051033,1.0000001192092896,0.3225363492965698,8063.40869140625,6.391583442687988,12500000.0,0.009999999776482582,0.0020000000949949026,60.0,180.0,300.0,0.02500000037252903,0.23000000417232513,0.07999999821186066,0.20000000298023224,0.027499999850988388,5.0,2.0,1.2000000476837158,1.086963176727295,1.032444953918457,0.054518282413482666,1.255476474761963,2.184114933013916,0.819830596446991,0.9816023707389832,0.9816023707389832
2,2,134,9,1,0,valid_not_selected,0.6276102066040039,0.09316719323396683,1.5549267530441284,0.4253225326538086,10633.0625,289.438720703125,480000.0,0.019999999552965164,0.0020000000949949026,60.0,180.0,300.0,0.02500000037252903,0.23000000417232513,0.07999999821186066,0.20000000298023224,0.027499999850988388,5.0,2.0,1.2000000476837158,1.282159447669983,1.41388738155365,-0.1317279189825058,1.1029834747314453,1.1294431686401367,0.312320351600647,0.8122057914733887,0.8122057914733887
2,2,135,2,1,1,accepted,0.9951571226119995,0.0009709227597340941,1.8220871686935425,0.3461824655532837,8654.5615234375,7.363108158111572,12500000.0,0.009999999776482582,0.0020000000949949026,20.0,120.0,240.0,0.02500000037252903,0.23000000417232513,0.07999999821186066,0.20000000298023224,0.027499999850988388,5.0,2.0,1.2000000476837158,1.0279537439346313,1.0269566774368286,0.0009970956016331911,1.2167911529541016,1.9721064567565918,0.7031645178794861,0.9670103192329407,0.9670103192329407
2,2,136,1,1,0,valid_not_selected,0.7835740447044373,0.048777949064970016,1.0000014305114746,0.2183515727519989,5458.7890625,2.9292993545532227,12500000.0,0.019999999552965164,0.0020000000949949026,60.0,180.0,300.0,0.02500000037252903,0.23000000417232513,0.07999999821186066,0.20000000298023224,0.027499999850988388,5.0,2.0,1.2000000476837158,0.7692306637763977,0.7334542870521545,0.035776395350694656,1.1060808897018433,2.06280517578125,0.8164096474647522,0.9918737411499023,0.9918737411499023
2,2,137,8,1,0,valid_not_selected,0.6171771883964539,0.0965198203921318,1.0186865329742432,0.17454366385936737,4363.59130859375,48.744773864746094,480000.0,0.019999999552965164,0.0020000000949949026,60.0,120.0,240.0,0.02500000037252903,0.23000000417232513,0.07999999821186066,0.20000000298023224,0.027499999850988388,5.0,2.0,1.2000000476837158,0.31185051798820496,0.345165878534317,-0.033315349370241165,1.1138644218444824,1.5912493467330933,0.28132325410842896,0.835432231426239,0.835432231426239
2,2,138,11,1,0,valid_not_selected,0.618807315826416,0.09599225968122482,1.6719924211502075,0.47496703267097473,11874.17578125,360.9497985839844,480000.0,0.009999999776482582,0.0020000000949949026,60.0,180.0,300.0,0.02500000037252903,0.23000000417232513,0.07999999821186066,0.20000000298023224,0.027499999850988388,5.0,2.0,1.2000000476837158,1.0128101110458374,1.1203556060791016,-0.10754546523094177,0.9622240662574768,1.1950957775115967,0.2951865494251251,0.7624695301055908,0.7624695301055908
2,2,139,1,1,0,valid_not_selected,0.7454512715339661,0.058753110468387604,1.284266710281372,0.14919079840183258,3729.769775390625,1.3675246238708496,12500000.0,0.019999999552965164,0.0020000000949949026,60.0,180.0,300.0,0.02500000037252903,0.23000000417232513,0.07999999821186066,0.20000000298023224,0.027499999850988388,5.0,2.0,1.2000000476837158,0.3604961633682251,0.34049123525619507,0.020004918798804283,1.116629958152771,2.015566349029541,0.8315346240997314,0.9962661266326904,0.9962661266326904
2,2,140,3,1,1,accepted,0.7788676619529724,0.04998282715678215,1.0000001192092896,0.4199596345424652,10498.990234375,10.835929870605469,12500000.0,0.009999999776482582,0.0020000000949949026,60.0,180.0,300.0,0.02500000037252903,0.23000000417232513,0.07999999821186066,0.20000000298023224,0.027499999850988388,5.0,2.0,1.2000000476837158,1.8624088764190674,1.7737517356872559,0.08865712583065033,1.3630752563476562,2.1692752838134766,0.8035228848457336,0.9698918461799622,0.9698918461799622
2,2,141,1,1,0,valid_not_selected,0.6154501438140869,0.09708026051521301,1.8782294988632202,0.08520804345607758,2130.200927734375,0.4460794925689697,12500000.0,0.019999999552965164,0.0020000000949949026,60.0,180.0,300.0,0.02500000037252903,0.23000000417232513,0.07999999821186066,0.20000000298023224,0.027499999850988388,5.0,2.0,1.2000000476837158,0.28924739360809326,0.2636519968509674,0.02559540420770645,1.3004074096679688,5.19052791595459,0.9415638446807861,0.996860682964325,0.996860682964325
2,2,142,3,1,0,valid_not_selected,0.7313331365585327,0.06257724016904831,1.057534098625183,0.18475742638111115,4618.93603515625,2.0972726345062256,12500000.0,0.009999999776482582,0.0020000000949949026,60.0,180.0,300.0,0.02500000037252903,0.23000000417232513,0.07999999821186066,0.20000000298023224,0.027499999850988388,5.0,2.0,1.2000000476837158,0.3914031982421875,0.3683527112007141,0.023050496354699135,1.2326006889343262,2.4513397216796875,0.8427000641822815,0.9930717349052429,0.9930717349052429
2,2,143,9,1,1,accepted,0.932211697101593,0.014039070345461369,1.0186865329742432,0.22750043869018555,5687.5107421875,82.81028747558594,480000.0,0.019999999552965164,0.0020000000949949026,60.0,180.0,300.0,0.02500000037252903,0.23000000417232513,0.07999999821186066,0.20000000298023224,0.027499999850988388,5.0,2.0,1.2000000476837158,0.6033397912979126,0.6119307279586792,-0.00859093852341175,1.0891884565353394,1.8232332468032837,0.5677759647369385,0.8757691979408264,0.8757691979408264
2,2,144,8,1,0,valid_not_selected,0.6132219433784485,0.09780566394329071,1.020744800567627,0.25700443983078003,6425.1103515625,105.68201446533203,480000.0,0.019999999552965164,0.0020000000949949026,60.0,120.0,240.0,0.02500000037252903,0.23000000417232513,0.07999999821186066,0.20000000298023224,0.027499999850988388,5.0,2.0,1.2000000476837158,0.509280264377594,0.5644906759262085,-0.05521038547158241,0.9565871953964233,1.3010094165802002,0.27296051383018494,0.7621667981147766,0.7621667981147766
2,2,145,2,1,1,accepted,0.976408839225769,0.004774774890393019,1.8220871686935425,0.39728692173957825,9932.1728515625,9.69749641418457,12500000.0,0.009999999776482582,0.0020000000949949026,20.0,120.0,240.0,0.02500000037252903,0.23000000417232513,0.07999999821186066,0.20000000298023224,0.027499999850988388,5.0,2.0,1.2000000476837158,1.3533852100372314,1.3598783016204834,-0.006493113003671169,1.2444161176681519,2.0063326358795166,0.6819741725921631,0.956493079662323,0.956493079662323
2,2,146,1,1,0,valid_not_selected,0.7659790515899658,0.05332009494304657,1.1363375186920166,0.1715250015258789,4288.125,1.8076151609420776,12500000.0,0.019999999552965164,0.0020000000949949026,60.0,180.0,300.0,0.02500000037252903,0.23000000417232513,0.07999999821186066,0.20000000298023224,0.027499999850988388,5.0,2.0,1.2000000476837158,0.4730677604675293,0.4491206109523773,0.023947153240442276,1.109395980834961,2.0244104862213135,0.8235077857971191,0.9950523972511292,0.9950523972511292
2,2,147,10,1,0,valid_not_selected,0.6143213510513306,0.09744742512702942,1.0848222970962524,0.2730134427547455,6825.33544921875,119.25809478759766,480000.0,0.009999999776482582,0.0020000000949949026,60.0,120.0,240.0,0.02500000037252903,0.23000000417232513,0.07999999821186066,0.20000000298023224,0.027499999850988388,5.0,2.0,1.2000000476837158,0.36870452761650085,0.40851306915283203,-0.039808545261621475,0.8982759714126587,1.3565300703048706,0.27503228187561035,0.740218460559845,0.740218460559845
2,2,148,11,1,0,valid_not_selected,0.6490005254745483,0.08646434545516968,1.0409573316574097,0.26195019483566284,6548.7548828125,109.78861236572266,480000.0,0.009999999776482582,0.0020000000949949026,60.0,180.0,300.0,0.02500000037252903,0.23000000417232513,0.07999999821186066,0.20000000298023224,0.027499999850988388,5.0,2.0,1.2000000476837158,0.3688966631889343,0.4038119912147522,-0.034915339201688766,0.9094393849372864,1.403842806816101,0.3706573247909546,0.874393880367279,0.874393880367279
2,2,149,2,1,0,valid_not_selected,0.9128423929214478,0.018238406628370285,1.8220871686935425,0.09994150698184967,2498.53759765625,0.6136813163757324,12500000.0,0.009999999776482582,0.0020000000949949026,20.0,120.0,240.0,0.02500000037252903,0.23000000417232513,0.07999999821186066,0.20000000298023224,0.027499999850988388,5.0,2.0,1.2000000476837158,0.09542209655046463,0.09719477593898773,-0.001772677875123918,1.241815209388733,2.339948892593384,0.6865726709365845,0.9966061115264893,0.9966061115264893
2,2,150,8,1,1,accepted,0.7016806602478027,0.07085537910461426,1.5646116733551025,0.08238551765680313,2059.637939453125,10.859794616699219,480000.0,0.019999999552965164,0.0020000000949949026,60.0,120.0,240.0,0.02500000037252903,0.23000000417232513,0.07999999821186066,0.20000000298023224,0.027499999850988388,5.0,2.0,1.2000000476837158,0.11370542645454407,0.10618186742067337,0.007523556239902973,1.0012918710708618,1.6041067838668823,0.689800500869751,0.954505205154419,0.954505205154419
2,2,151,0,1,1,accepted,0.9820752739906311,0.0036174647975713015,1.8220871686935425,0.3302881717681885,8257.205078125,6.7025041580200195,12500000.0,0.019999999552965164,0.0020000000949949026,20.0,120.0,240.0,0.02500000037252903,0.23000000417232513,0.07999999821186066,0.20000000298023224,0.027499999850988388,5.0,2.0,1.2000000476837158,1.4625798463821411,1.457308053970337,0.005271760746836662,1.173261284828186,1.9236948490142822,0.7118797302246094,0.9705565571784973,0.9705565571784973
2,2,152,0,1,0,valid_not_selected,0.9399376511573792,0.012388350442051888,1.8220871686935425,0.2855589985847473,7138.97412109375,5.010058879852295,12500000.0,0.019999999552965164,0.0020000000949949026,20.0,120.0,240.0,0.02500000037252903,0.23000000417232513,0.07999999821186066,0.20000000298023224,0.027499999850988388,5.0,2.0,1.2000000476837158,1.0828224420547485,1.0695722103118896,0.013250235468149185,1.1431018114089966,1.8517335653305054,0.73649001121521,0.9785758852958679,0.9785758852958679
2,2,153,10,1,1,accepted,0.7265363931655884,0.06389334797859192,1.164487600326538,0.10653222352266312,2663.3056640625,18.158578872680664,480000.0,0.009999999776482582,0.0020000000949949026,60.0,120.0,240.0,0.02500000037252903,0.23000000417232513,0.07999999821186066,0.20000000298023224,0.027499999850988388,5.0,2.0,1.2000000476837158,0.09548170864582062,0.10199874639511108,-0.006517041474580765,1.1793180704116821,1.8528470993041992,0.36143428087234497,0.9164988398551941,0.9164988398551941
2,2,154,0,1,0,valid_not_selected,0.7463919520378113,0.05850088596343994,1.8220871686935425,0.12494398653507233,3123.599609375,0.9591395854949951,12500000.0,0.019999999552965164,0.0020000000949949026,20.0,120.0,240.0,0.02500000037252903,0.23000000417232513,0.07999999821186066,0.20000000298023224,0.027499999850988388,5.0,2.0,1.2000000476837158,0.17672839760780334,0.16696102917194366,0.00976736843585968,1.062827706336975,1.3416624069213867,0.818852424621582,0.9969573020935059,0.9969573020935059
2,2,155,9,1,0,valid_not_selected,0.6232089996337891,0.09457466006278992,1.669304609298706,0.4737645983695984,11844.1142578125,359.12451171875,480000.0,0.019999999552965164,0.0020000000949949026,60.0,180.0,300.0,0.02500000037252903,0.23000000417232513,0.07999999821186066,0.20000000298023224,0.027499999850988388,5.0,2.0,1.2000000476837158,1.5059856176376343,1.6632907390594482,-0.15730515122413635,1.1128274202346802,1.1055917739868164,0.3019004166126251,0.7770780920982361,0.7770780920982361
2,2,156,8,1,0,valid_not_selected,0.6113579869270325,0.09841452538967133,1.3702632188796997,0.35734543204307556,8933.6357421875,204.31312561035156,480000.0,0.019999999552965164,0.0020000000949949026,60.0,120.0,240.0,0.02500000037252903,0.23000000417232513,0.07999999821186066,0.20000000298023224,0.027499999850988388,5.0,2.0,1.2000000476837158,0.7762431502342224,0.8609756827354431,-0.08473251014947891,0.8586334586143494,1.1061948537826538,0.26718589663505554,0.695106565952301,0.695106565952301
2,2,157,2,1,0,valid_not_selected,0.44487330317497253,0.07337243854999542,2.443103551864624,0.05001872777938843,1250.468017578125,0.15371502935886383,12500000.0,0.009999999776482582,0.0020000000949949026,20.0,120.0,240.0,0.02500000037252903,0.23000000417232513,0.07999999821186066,0.20000000298023224,0.027499999850988388,5.0,2.0,1.2000000476837158,0.010855067521333694,0.011714596301317215,-0.0008595284889452159,0.7436436414718628,1.014182448387146,0.5080089569091797,0.9996302127838135,0.9996302127838135
2,2,158,9,1,0,valid_not_selected,0.6814284324645996,0.07671281695365906,1.1984981298446655,0.30390694737434387,7597.67333984375,147.77505493164062,480000.0,0.019999999552965164,0.0020000000949949026,60.0,180.0,300.0,0.02500000037252903,0.23000000417232513,0.07999999821186066,0.20000000298023224,0.027499999850988388,5.0,2.0,1.2000000476837158,0.7700904011726379,0.8340746164321899,-0.063984215259552,1.0548049211502075,1.3223092555999756,0.394467294216156,0.8585320115089417,0.8585320115089417
2,2,159,11,1,0,valid_not_selected,0.6215204000473022,0.09511730819940567,1.5077208280563354,0.40680375695228577,10170.09375,264.7828063964844,480000.0,0.009999999776482582,0.0020000000949949026,60.0,180.0,300.0,0.02500000037252903,0.23000000417232513,0.07999999821186066,0.20000000298023224,0.027499999850988388,5.0,2.0,1.2000000476837158,0.7841264605522156,0.8665503859519958,-0.08242394030094147,0.9389669299125671,1.2345304489135742,0.3054935038089752,0.812218189239502,0.812218189239502
2,2,160,11,1,0,valid_not_selected,0.6773297786712646,0.07791939377784729,1.0186865329742432,0.2283535748720169,5708.83935546875,83.43254089355469,480000.0,0.009999999776482582,0.0020000000949949026,60.0,180.0,300.0,0.02500000037252903,0.23000000417232513,0.07999999821186066,0.20000000298023224,0.027499999850988388,5.0,2.0,1.2000000476837158,0.30407917499542236,0.32977503538131714,-0.02569586969912052,0.9393227100372314,1.5144402980804443,0.41041314601898193,0.8875751495361328,0.8875751495361328
2,2,161,11,1,1,accepted,0.7604220509529114,0.05477634072303772,1.0186865329742432,0.18975818157196045,4743.95458984375,57.6130485534668,480000.0,0.009999999776482582,0.0020000000949949026,60.0,180.0,300.0,0.02500000037252903,0.23000000417232513,0.07999999821186066,0.20000000298023224,0.027499999850988388,5.0,2.0,1.2000000476837158,0.2482374906539917,0.26262301206588745,-0.014385527931153774,1.0291954278945923,1.7555489540100098,0.4806232452392578,0.9019556045532227,0.9019556045532227
2,2,162,11,1,0,valid_not_selected,0.6243299841880798,0.09421524405479431,1.3978087902069092,0.36674970388412476,9168.7421875,215.20848083496094,480000.0,0.009999999776482582,0.0020000000949949026,60.0,180.0,300.0,0.02500000037252903,0.23000000417232513,0.07999999821186066,0.20000000298023224,0.027499999850988388,5.0,2.0,1.2000000476837158,0.6560680270195007,0.724308967590332,-0.0682409480214119,0.9234347343444824,1.2632771730422974,0.3149005174636841,0.8368002772331238,0.8368002772331238
2,2,163,3,1,0,valid_not_selected,0.686165452003479,0.0753273069858551,1.3578147888183594,0.1391938179731369,3479.845458984375,1.190394639968872,12500000.0,0.009999999776482582,0.0020000000949949026,60.0,180.0,300.0,0.02500000037252903,0.23000000417232513,0.07999999821186066,0.20000000298023224,0.027499999850988388,5.0,2.0,1.2000000476837158,0.23243050277233124,0.21614861488342285,0.016281893476843834,1.2671260833740234,2.5242578983306885,0.866786003112793,0.9959316253662109,0.9959316253662109
2,2,164,9,1,0,valid_not_selected,0.624324381351471,0.09421703219413757,1.6347585916519165,0.4585789144039154,11464.47265625,336.4712829589844,480000.0,0.019999999552965164,0.0020000000949949026,60.0,180.0,300.0,0.02500000037252903,0.23000000417232513,0.07999999821186066,0.20000000298023224,0.027499999850988388,5.0,2.0,1.2000000476837158,1.4342901706695557,1.5834810733795166,-0.14919088780879974,1.1103968620300293,1.1120588779449463,0.3046605587005615,0.7876784205436707,0.7876784205436707
2,2,165,3,1,0,valid_not_selected,0.7096033096313477,0.06860983371734619,1.2223573923110962,0.15816029906272888,3954.007080078125,1.5369014739990234,12500000.0,0.009999999776482582,0.0020000000949949026,60.0,180.0,300.0,0.02500000037252903,0.23000000417232513,0.07999999821186066,0.20000000298023224,0.027499999850988388,5.0,2.0,1.2000000476837158,0.2968589961528778,0.27779924869537354,0.019059760496020317,1.2567315101623535,2.524587392807007,0.853431224822998,0.9947565197944641,0.9947565197944641
2,2,166,1,1,1,accepted,0.8036907315254211,0.04370815306901932,1.0000014305114746,0.4072539210319519,10181.34765625,10.190174102783203,12500000.0,0.019999999552965164,0.0020000000949949026,60.0,180.0,300.0,0.02500000037252903,0.23000000417232513,0.07999999821186066,0.20000000298023224,0.027499999850988388,5.0,2.0,1.2000000476837158,2.636540651321411,2.5261282920837402,0.11041240394115448,1.2008298635482788,2.0651161670684814,0.7951468229293823,0.9728372097015381,0.9728372097015381
2,2,167,1,1,0,valid_not_selected,0.7553812861442566,0.05610652640461922,1.2228480577468872,0.1580871194601059,3952.177490234375,1.5354796648025513,12500000.0,0.019999999552965164,0.0020000000949949026,60.0,180.0,300.0,0.02500000037252903,0.23000000417232513,0.07999999821186066,0.20000000298023224,0.027499999850988388,5.0,2.0,1.2000000476837158,0.4024617075920105,0.38108059763908386,0.021381108090281487,1.1130709648132324,2.013850450515747,0.8275563716888428,0.9958141446113586,0.9958141446113586
2,2,168,8,1,0,valid_not_selected,0.6155287623405457,0.09705472737550735,1.0186865329742432,0.20061251521110535,5015.31298828125,64.39258575439453,480000.0,0.019999999552965164,0.0020000000949949026,60.0,120.0,240.0,0.02500000037252903,0.23000000417232513,0.07999999821186066,0.20000000298023224,0.027499999850988388,5.0,2.0,1.2000000476837158,0.37762266397476196,0.4182121157646179,-0.04058946296572685,1.0611910820007324,1.509752869606018,0.27885743975639343,0.8076575398445129,0.8076575398445129
2,2,169,1,1,0,valid_not_selected,0.4523952305316925,0.09620176255702972,2.312190294265747,0.0565912127494812,1414.7802734375,0.19676555693149567,12500000.0,0.019999999552965164,0.0020000000949949026,60.0,180.0,300.0,0.02500000037252903,0.23000000417232513,0.07999999821186066,0.20000000298023224,0.027499999850988388,5.0,2.0,1.2000000476837158,0.13433659076690674,0.12254732102155685,0.011789267882704735,1.610906720161438,5.346402645111084,0.9128562808036804,0.9985700249671936,0.9985700249671936
2,2,170,10,1,0,valid_not_selected,0.611985445022583,0.09820935130119324,1.3752727508544922,0.3590375781059265,8975.939453125,206.25270080566406,480000.0,0.009999999776482582,0.0020000000949949026,60.0,120.0,240.0,0.02500000037252903,0.23000000417232513,0.07999999821186066,0.20000000298023224,0.027499999850988388,5.0,2.0,1.2000000476837158,0.5262320637702942,0.5835412740707397,-0.05730921030044556,0.8083115220069885,1.1585747003555298,0.26825016736984253,0.6876685619354248,0.6876685619354248
2,2,171,8,1,0,valid_not_selected,0.6161959171295166,0.09683806449174881,1.0186865329742432,0.1891205608844757,4728.013671875,57.22652053833008,480000.0,0.019999999552965164,0.0020000000949949026,60.0,120.0,240.0,0.02500000037252903,0.23000000417232513,0.07999999821186066,0.20000000298023224,0.027499999850988388,5.0,2.0,1.2000000476837158,0.3499091565608978,0.38742682337760925,-0.03751766309142113,1.0864094495773315,1.5535526275634766,0.28009921312332153,0.8188767433166504,0.8188767433166504
2,2,172,9,1,1,accepted,0.8809924125671387,0.025341259315609932,1.0186865329742432,0.189547598361969,4738.689453125,57.48524856567383,480000.0,0.019999999552965164,0.0020000000949949026,60.0,180.0,300.0,0.02500000037252903,0.23000000417232513,0.07999999821186066,0.20000000298023224,0.027499999850988388,5.0,2.0,1.2000000476837158,0.511590838432312,0.498946875333786,0.01264394260942936,1.1681535243988037,2.1261425018310547,0.6432497501373291,0.8897560238838196,0.8897560238838196
2,2,173,9,1,0,valid_not_selected,0.6175019145011902,0.09641462564468384,1.8413128852844238,0.06896904110908508,1724.2259521484375,7.6107635498046875,480000.0,0.019999999552965164,0.0020000000949949026,60.0,180.0,300.0,0.02500000037252903,0.23000000417232513,0.07999999821186066,0.20000000298023224,0.027499999850988388,5.0,2.0,1.2000000476837158,0.1588181108236313,0.14485223591327667,0.01396587397903204,1.258016586303711,4.547331809997559,0.8171201944351196,0.9572810530662537,0.9572810530662537
2,2,174,3,1,1,accepted,0.7774277925491333,0.05035290867090225,1.0000001192092896,0.40817829966545105,10204.4580078125,10.236486434936523,12500000.0,0.009999999776482582,0.0020000000949949026,60.0,180.0,300.0,0.02500000037252903,0.23000000417232513,0.07999999821186066,0.20000000298023224,0.027499999850988388,5.0,2.0,1.2000000476837158,1.7551249265670776,1.6709859371185303,0.08413900434970856,1.3486217260360718,2.1678740978240967,0.8057643175125122,0.9714578986167908,0.9714578986167908
2,2,175,2,1,0,valid_not_selected,0.9738368988037109,0.00530228903517127,1.8220871686935425,0.29952195286750793,7488.04833984375,5.511990070343018,12500000.0,0.009999999776482582,0.0020000000949949026,20.0,120.0,240.0,0.02500000037252903,0.23000000417232513,0.07999999821186066,0.20000000298023224,0.027499999850988388,5.0,2.0,1.2000000476837158,0.7629561424255371,0.7589320540428162,0.004024077206850052,1.1889305114746094,1.925338625907898,0.7189832925796509,0.9755929112434387,0.9755929112434387
2,2,176,2,1,0,valid_not_selected,0.9562586545944214,0.00894536729902029,1.8220871686935425,0.19117604196071625,4779.40087890625,2.245525598526001,12500000.0,0.009999999776482582,0.0020000000949949026,20.0,120.0,240.0,0.02500000037252903,0.23000000417232513,0.07999999821186066,0.20000000298023224,0.027499999850988388,5.0,2.0,1.2000000476837158,0.30192768573760986,0.2992507815361023,0.0026769081596285105,1.1328322887420654,1.8336080312728882,0.7392048835754395,0.9903436303138733,0.9903436303138733
2,2,177,3,1,0,valid_not_selected,0.7547094225883484,0.056284498423337936,1.0000001192092896,0.24138455092906952,6034.61376953125,3.579892873764038,12500000.0,0.009999999776482582,0.0020000000949949026,60.0,180.0,300.0,0.02500000037252903,0.23000000417232513,0.07999999821186066,0.20000000298023224,0.027499999850988388,5.0,2.0,1.2000000476837158,0.6278561949729919,0.5944006443023682,0.03345554322004318,1.212148904800415,2.2906334400177,0.8311735391616821,0.9890286922454834,0.9890286922454834
2,2,178,11,1,0,valid_not_selected,0.6248573064804077,0.09404639899730682,1.38121497631073,0.3610551953315735,9026.3798828125,208.5773162841797,480000.0,0.009999999776482582,0.0020000000949949026,60.0,180.0,300.0,0.02500000037252903,0.23000000417232513,0.07999999821186066,0.20000000298023224,0.027499999850988388,5.0,2.0,1.2000000476837158,0.6375845670700073,0.7037717700004578,-0.06618720293045044,0.9212601780891418,1.2678858041763306,0.3165479302406311,0.8385899066925049,0.8385899066925049
2,2,179,3,1,0,valid_not_selected,0.654195249080658,0.08486989140510559,1.51273512840271,0.12027386575937271,3006.846435546875,0.8887786269187927,12500000.0,0.009999999776482582,0.0020000000949949026,60.0,180.0,300.0,0.02500000037252903,0.23000000417232513,0.07999999821186066,0.20000000298023224,0.027499999850988388,5.0,2.0,1.2000000476837158,0.16766992211341858,0.15455302596092224,0.013116898015141487,1.2376196384429932,2.386246919631958,0.8903698325157166,0.9971232414245605,0.9971232414245605
2,2,180,2,1,1,accepted,0.9885174632072449,0.0023097970988601446,1.8220871686935425,0.33291342854499817,8322.8359375,6.809475898742676,12500000.0,0.009999999776482582,0.0020000000949949026,20.0,120.0,240.0,0.02500000037252903,0.23000000417232513,0.07999999821186066,0.20000000298023224,0.027499999850988388,5.0,2.0,1.2000000476837158,0.9491234421730042,0.9469361901283264,0.0021872303914278746,1.2090450525283813,1.960067868232727,0.7080385684967041,0.9695644378662109,0.9695644378662109
2,2,181,3,1,0,valid_not_selected,0.7514669299125671,0.0571456179022789,1.0000001192092896,0.22976568341255188,5744.1416015625,3.243556499481201,12500000.0,0.009999999776482582,0.0020000000949949026,60.0,180.0,300.0,0.02500000037252903,0.23000000417232513,0.07999999821186066,0.20000000298023224,0.027499999850988388,5.0,2.0,1.2000000476837158,0.5744678974151611,0.5434141755104065,0.031053738668560982,1.2122323513031006,2.3178584575653076,0.832988440990448,0.9899246096611023,0.9899246096611023
2,2,182,1,1,1,accepted,0.8088435530662537,0.042429957538843155,1.062434434890747,0.4454163610935211,11135.4091796875,12.189430236816406,12500000.0,0.019999999552965164,0.0020000000949949026,60.0,180.0,300.0,0.02500000037252903,0.23000000417232513,0.07999999821186066,0.20000000298023224,0.027499999850988388,5.0,2.0,1.2000000476837158,3.1431784629821777,3.015241861343384,0.12793658673763275,1.2334468364715576,2.061588764190674,0.7884875535964966,0.9679791331291199,0.9679791331291199
2,2,183,3,1,0,valid_not_selected,0.7711157202720642,0.05198337137699127,1.0000001192092896,0.35149314999580383,8787.3291015625,7.590752124786377,12500000.0,0.009999999776482582,0.0020000000949949026,60.0,180.0,300.0,0.02500000037252903,0.23000000417232513,0.07999999821186066,0.20000000298023224,0.027499999850988388,5.0,2.0,1.2000000476837158,1.2909477949142456,1.2271560430526733,0.06379170715808868,1.283645510673523,2.171617269515991,0.8154768943786621,0.9784305691719055,0.9784305691719055
2,2,184,1,1,0,valid_not_selected,0.7955293655395508,0.04574950411915779,1.0000014305114746,0.3210906386375427,8027.26611328125,6.334413051605225,12500000.0,0.019999999552965164,0.0020000000949949026,60.0,180.0,300.0,0.02500000037252903,0.23000000417232513,0.07999999821186066,0.20000000298023224,0.027499999850988388,5.0,2.0,1.2000000476837158,1.6515551805496216,1.5793029069900513,0.07225232571363449,1.1399298906326294,2.0727052688598633,0.8064495325088501,0.9826573729515076,0.9826573729515076
2,2,185,10,1,0,valid_not_selected,0.6115202307701111,0.09836144745349884,1.4688197374343872,0.3921504318714142,9803.759765625,246.05105590820312,480000.0,0.009999999776482582,0.0020000000949949026,60.0,120.0,240.0,0.02500000037252903,0.23000000417232513,0.07999999821186066,0.20000000298023224,0.027499999850988388,5.0,2.0,1.2000000476837158,0.5949348211288452,0.6598373651504517,-0.06490255892276764,0.7872209548950195,1.1127480268478394,0.2668049931526184,0.6696393489837646,0.6696393489837646
2,2,186,11,1,0,valid_not_selected,0.6323065757751465,0.09167619049549103,1.2181775569915771,0.30959972739219666,7739.9931640625,153.36314392089844,480000.0,0.009999999776482582,0.0020000000949949026,60.0,180.0,300.0,0.02500000037252903,0.23000000417232513,0.07999999821186066,0.20000000298023224,0.027499999850988388,5.0,2.0,1.2000000476837158,0.48485076427459717,0.5337862372398376,-0.04893548786640167,0.9054864048957825,1.3199409246444702,0.33689451217651367,0.8561784625053406,0.8561784625053406
2,2,187,11,1,0,valid_not_selected,0.5983807444572449,0.09971851110458374,2.0149354934692383,0.0616900734603405,1542.2518310546875,6.089061737060547,480000.0,0.009999999776482582,0.0020000000949949026,60.0,180.0,300.0,0.02500000037252903,0.23000000417232513,0.07999999821186066,0.20000000298023224,0.027499999850988388,5.0,2.0,1.2000000476837158,0.06934826821088791,0.06306001543998718,0.006288250908255577,1.2737401723861694,4.313111782073975,0.8450223207473755,0.966657817363739,0.966657817363739
2,2,188,3,1,0,valid_not_selected,0.649128794670105,0.0864248275756836,1.5367552042007446,0.11758007109165192,2939.501708984375,0.8494122624397278,12500000.0,0.009999999776482582,0.0020000000949949026,60.0,180.0,300.0,0.02500000037252903,0.23000000417232513,0.07999999821186066,0.20000000298023224,0.027499999850988388,5.0,2.0,1.2000000476837158,0.15832552313804626,0.14573076367378235,0.012594755738973618,1.2261306047439575,2.348165273666382,0.8950684666633606,0.9972938895225525,0.9972938895225525
2,2,189,9,1,0,valid_not_selected,0.7390826940536499,0.06046909838914871,1.0880231857299805,0.27383875846862793,6845.96826171875,119.980224609375,480000.0,0.019999999552965164,0.0020000000949949026,60.0,180.0,300.0,0.02500000037252903,0.23000000417232513,0.07999999821186066,0.20000000298023224,0.027499999850988388,5.0,2.0,1.2000000476837158,0.6903188824653625,0.7347484827041626,-0.04442957788705826,1.0519630908966064,1.466590166091919,0.4500196576118469,0.8655340075492859,0.8655340075492859
2,2,190,2,1,0,valid_not_selected,0.9652455449104309,0.0070745497941970825,1.8220871686935425,0.27505847811698914,6876.46142578125,4.648375034332275,12500000.0,0.009999999776482582,0.0020000000949949026,20.0,120.0,240.0,0.02500000037252903,0.23000000417232513,0.07999999821186066,0.20000000298023224,0.027499999850988388,5.0,2.0,1.2000000476837158,0.6387853622436523,0.6342979669570923,0.0044873724691569805,1.174055576324463,1.8975303173065186,0.725708544254303,0.9796023964881897,0.9796023964881897
2,2,191,2,1,1,accepted,0.9827641248703003,0.0034772264771163464,1.8220871686935425,0.11804096400737762,2951.02392578125,0.856084406375885,12500000.0,0.009999999776482582,0.0020000000949949026,20.0,120.0,240.0,0.02500000037252903,0.23000000417232513,0.07999999821186066,0.20000000298023224,0.027499999850988388,5.0,2.0,1.2000000476837158,0.12649142742156982,0.1269327998161316,-0.00044137408258393407,1.1900464296340942,2.120512008666992,0.7238476276397705,0.9957141876220703,0.9957141876220703
2,2,192,9,1,0,valid_not_selected,0.6321583986282349,0.09172306209802628,1.4778251647949219,0.3954949676990509,9887.373046875,250.2659454345703,480000.0,0.019999999552965164,0.0020000000949949026,60.0,180.0,300.0,0.02500000037252903,0.23000000417232513,0.07999999821186066,0.20000000298023224,0.027499999850988388,5.0,2.0,1.2000000476837158,1.148802638053894,1.264815330505371,-0.11601273715496063,1.0935465097427368,1.1509766578674316,0.3219795525074005,0.8330820202827454,0.8330820202827454
2,2,193,1,1,0,valid_not_selected,0.8006856441497803,0.04445737227797508,1.0000014305114746,0.37993937730789185,9498.484375,8.869102478027344,12500000.0,0.019999999552965164,0.0020000000949949026,60.0,180.0,300.0,0.02500000037252903,0.23000000417232513,0.07999999821186066,0.20000000298023224,0.027499999850988388,5.0,2.0,1.2000000476837158,2.300112009048462,2.202207565307617,0.09790436178445816,1.1792298555374146,2.0675644874572754,0.7992391586303711,0.9761357307434082,0.9761357307434082
2,2,194,9,1,0,valid_not_selected,0.6179755926132202,0.09626126289367676,1.5013657808303833,0.08580165356397629,2145.041015625,11.779074668884277,480000.0,0.019999999552965164,0.0020000000949949026,60.0,180.0,300.0,0.02500000037252903,0.23000000417232513,0.07999999821186066,0.20000000298023224,0.027499999850988388,5.0,2.0,1.2000000476837158,0.2189052700996399,0.19968348741531372,0.01922178454697132,1.2481698989868164,4.078643321990967,0.7893874645233154,0.9434774518013,0.9434774518013
2,2,195,10,1,0,valid_not_selected,0.6133378148078918,0.0977678894996643,1.1835287809371948,0.2996469736099243,7491.173828125,143.66123962402344,480000.0,0.009999999776482582,0.0020000000949949026,60.0,120.0,240.0,0.02500000037252903,0.23000000417232513,0.07999999821186066,0.20000000298023224,0.027499999850988388,5.0,2.0,1.2000000476837158,0.41443562507629395,0.4593448042869568,-0.044909171760082245,0.8633110523223877,1.279626727104187,0.272268146276474,0.7229169011116028,0.7229169011116028
2,2,196,9,1,1,accepted,0.8646947145462036,0.029075751081109047,1.0186865329742432,0.18527325987815857,4631.83154296875,54.921871185302734,480000.0,0.019999999552965164,0.0020000000949949026,60.0,180.0,300.0,0.02500000037252903,0.23000000417232513,0.07999999821186066,0.20000000298023224,0.027499999850988388,5.0,2.0,1.2000000476837158,0.49866631627082825,0.48457688093185425,0.014089437201619148,1.1791223287582397,2.154674768447876,0.6490334272384644,0.8918644785881042,0.8918644785881042
2,2,197,0,1,0,valid_not_selected,0.8786652684211731,0.02587025612592697,1.8220871686935425,0.48212960362434387,12053.240234375,14.281659126281738,12500000.0,0.019999999552965164,0.0020000000949949026,20.0,120.0,240.0,0.02500000037252903,0.23000000417232513,0.07999999821186066,0.20000000298023224,0.027499999850988388,5.0,2.0,1.2000000476837158,2.9156339168548584,2.993065357208252,-0.07743136584758759,1.243263840675354,1.9677455425262451,0.6137470006942749,0.9389348030090332,0.9389348030090332
2,2,198,10,1,0,valid_not_selected,0.6141118407249451,0.09751565009355545,1.1039553880691528,0.2779841721057892,6949.603515625,123.64028930664062,480000.0,0.009999999776482582,0.0020000000949949026,60.0,120.0,240.0,0.02500000037252903,0.23000000417232513,0.07999999821186066,0.20000000298023224,0.027499999850988388,5.0,2.0,1.2000000476837158,0.3770582973957062,0.4178003668785095,-0.04074207320809364,0.8911438584327698,1.3409110307693481,0.2744542956352234,0.7369009852409363,0.7369009852409363
2,2,199,1,1,0,valid_not_selected,0.7838452458381653,0.048708733171224594,1.0000014305114746,0.21962417662143707,5490.60400390625,2.9635441303253174,12500000.0,0.019999999552965164,0.0020000000949949026,60.0,180.0,300.0,0.02500000037252903,0.23000000417232513,0.07999999821186066,0.20000000298023224,0.027499999850988388,5.0,2.0,1.2000000476837158,0.7782362699508667,0.7420899868011475,0.036146264523267746,1.1061667203903198,2.063415288925171,0.8162752389907837,0.9917776584625244,0.9917776584625244
2,2,200,2,1,0,valid_not_selected,0.9438021779060364,0.011567735113203526,1.8220871686935425,0.4518387019634247,11295.9677734375,12.543477058410645,12500000.0,0.009999999776482582,0.0020000000949949026,20.0,120.0,240.0,0.02500000037252903,0.23000000417232513,0.07999999821186066,0.20000000298023224,0.027499999850988388,5.0,2.0,1.2000000476837158,1.7307323217391968,1.7509872913360596,-0.02025495655834675,1.2689521312713623,2.0201077461242676,0.6560789942741394,0.9444274306297302,0.9444274306297302
2,2,201,11,1,0,valid_not_selected,0.6182456612586975,0.09617387503385544,1.718505859375,0.4962646961212158,12406.6171875,394.0456848144531,480000.0,0.009999999776482582,0.0020000000949949026,60.0,180.0,300.0,0.02500000037252903,0.23000000417232513,0.07999999821186066,0.20000000298023224,0.027499999850988388,5.0,2.0,1.2000000476837158,1.0894540548324585,1.2053800821304321,-0.11592607200145721,0.9682105183601379,1.1844370365142822,0.29287588596343994,0.7488269805908203,0.7488269805908203
2,2,202,2,1,0,valid_not_selected,0.9742136597633362,0.005224923603236675,1.8220871686935425,0.11471626162528992,2867.906494140625,0.8085392117500305,12500000.0,0.009999999776482582,0.0020000000949949026,20.0,120.0,240.0,0.02500000037252903,0.23000000417232513,0.07999999821186066,0.20000000298023224,0.027499999850988388,5.0,2.0,1.2000000476837158,0.12087941914796829,0.12151432037353516,-0.0006349030300043523,1.2000765800476074,2.159715175628662,0.7202008962631226,0.9958764910697937,0.9958764910697937
2,2,203,8,1,1,accepted,0.6180763244628906,0.09622865915298462,1.0186865329742432,0.16342121362686157,4085.530517578125,42.73037338256836,480000.0,0.019999999552965164,0.0020000000949949026,60.0,120.0,240.0,0.02500000037252903,0.23000000417232513,0.07999999821186066,0.20000000298023224,0.027499999850988388,5.0,2.0,1.2000000476837158,0.27865710854530334,0.30832698941230774,-0.02966989390552044,1.1222658157348633,1.5869154930114746,0.28169456124305725,0.8509587645530701,0.8509587645530701
2,2,204,3,1,0,valid_not_selected,0.754264771938324,0.056402355432510376,1.0000001192092896,0.23966698348522186,5991.67431640625,3.5291287899017334,12500000.0,0.009999999776482582,0.0020000000949949026,60.0,180.0,300.0,0.02500000037252903,0.23000000417232513,0.07999999821186066,0.20000000298023224,0.027499999850988388,5.0,2.0,1.2000000476837158,0.6197876334190369,0.5866965651512146,0.033091068267822266,1.212038516998291,2.294440746307373,0.8314331769943237,0.9891635775566101,0.9891635775566101
2,2,205,3,1,0,valid_not_selected,0.7722234725952148,0.051696255803108215,1.0000001192092896,0.3618442118167877,9046.1044921875,8.044411659240723,12500000.0,0.009999999776482582,0.0020000000949949026,60.0,180.0,300.0,0.02500000037252903,0.23000000417232513,0.07999999821186066,0.20000000298023224,0.027499999850988388,5.0,2.0,1.2000000476837158,1.3692700862884521,1.301963448524475,0.06730663776397705,1.2947198152542114,2.169226884841919,0.8138290047645569,0.9772308468818665,0.9772308468818665
2,2,206,9,1,0,valid_not_selected,0.6370732188224792,0.09017413854598999,1.4187238216400146,0.3740551769733429,9351.37890625,223.8675537109375,480000.0,0.019999999552965164,0.0020000000949949026,60.0,180.0,300.0,0.02500000037252903,0.23000000417232513,0.07999999821186066,0.20000000298023224,0.027499999850988388,5.0,2.0,1.2000000476837158,1.0460017919540405,1.149672508239746,-0.10367073118686676,1.0850822925567627,1.1722568273544312,0.3314705491065979,0.839087724685669,0.839087724685669
2,2,207,0,1,0,valid_not_selected,0.8937969207763672,0.02245534211397171,1.8220871686935425,0.23444537818431854,5861.13427734375,3.377026319503784,12500000.0,0.019999999552965164,0.0020000000949949026,20.0,120.0,240.0,0.02500000037252903,0.23000000417232513,0.07999999821186066,0.20000000298023224,0.027499999850988388,5.0,2.0,1.2000000476837158,0.7064672708511353,0.6909517049789429,0.015515556558966637,1.1060858964920044,1.730237364768982,0.7615053653717041,0.9863660931587219,0.9863660931587219
2,2,208,1,1,0,valid_not_selected,0.7790993452072144,0.04992333799600601,1.0000014305114746,0.2009548395872116,5023.87060546875,2.48112154006958,12500000.0,0.019999999552965164,0.0020000000949949026,60.0,180.0,300.0,0.02500000037252903,0.23000000417232513,0.07999999821186066,0.20000000298023224,0.027499999850988388,5.0,2.0,1.2000000476837158,0.6510369777679443,0.6200804710388184,0.030956486240029335,1.105818510055542,2.0520923137664795,0.8184261918067932,0.9931378364562988,0.9931378364562988
2,2,209,10,1,0,valid_not_selected,0.6106916069984436,0.09863264858722687,1.7135751247406006,0.49396249651908875,12349.0625,390.3981628417969,480000.0,0.009999999776482582,0.0020000000949949026,60.0,120.0,240.0,0.02500000037252903,0.23000000417232513,0.07999999821186066,0.20000000298023224,0.027499999850988388,5.0,2.0,1.2000000476837158,0.8259668946266174,0.9163488149642944,-0.0903819128870964,0.7464340329170227,1.0255142450332642,0.26413044333457947,0.5927245020866394,0.5927245020866394
2,2,210,0,1,1,accepted,0.9967833161354065,0.0006443787133321166,1.8220871686935425,0.3452869653701782,8632.173828125,7.325063705444336,12500000.0,0.019999999552965164,0.0020000000949949026,20.0,120.0,240.0,0.02500000037252903,0.23000000417232513,0.07999999821186066,0.20000000298023224,0.027499999850988388,5.0,2.0,1.2000000476837158,1.5978337526321411,1.5968048572540283,0.0010289470665156841,1.1825673580169678,1.9410223960876465,0.7030190229415894,0.9676671028137207,0.9676671028137207
2,2,211,3,1,0,valid_not_selected,0.7741595506668091,0.05119546130299568,1.0000001192092896,0.3796744644641876,9491.8623046875,8.856739044189453,12500000.0,0.009999999776482582,0.0020000000949949026,60.0,180.0,300.0,0.02500000037252903,0.23000000417232513,0.07999999821186066,0.20000000298023224,0.027499999850988388,5.0,2.0,1.2000000476837158,1.5109257698059082,1.437340497970581,0.07358530908823013,1.3147492408752441,2.167127847671509,0.8108631372451782,0.9750853180885315,0.9750853180885315
2,2,212,1,1,0,valid_not_selected,0.794881284236908,0.045912496745586395,1.0000014305114746,0.3129733204841614,7824.3330078125,6.018187522888184,12500000.0,0.019999999552965164,0.0020000000949949026,60.0,180.0,300.0,0.02500000037252903,0.23000000417232513,0.07999999821186066,0.20000000298023224,0.027499999850988388,5.0,2.0,1.2000000476837158,1.570329189300537,1.5013962984085083,0.06893285363912582,1.135472059249878,2.0732970237731934,0.8073049783706665,0.9834892153739929,0.9834892153739929
2,2,213,10,1,0,valid_not_selected,0.6111575365066528,0.09848009794950485,1.5594912767410278,0.42715731263160706,10678.9326171875,291.9412841796875,480000.0,0.009999999776482582,0.0020000000949949026,60.0,120.0,240.0,0.02500000037252903,0.23000000417232513,0.07999999821186066,0.20000000298023224,0.027499999850988388,5.0,2.0,1.2000000476837158,0.6725073456764221,0.745970606803894,-0.07346326112747192,0.7699006795883179,1.075495719909668,0.26565226912498474,0.6516432166099548,0.6516432166099548
2,2,214,9,1,0,valid_not_selected,0.6423602104187012,0.08852121233940125,1.3712406158447266,0.3576749861240387,8941.8740234375,204.69015502929688,480000.0,0.019999999552965164,0.0020000000949949026,60.0,180.0,300.0,0.02500000037252903,0.23000000417232513,0.07999999821186066,0.20000000298023224,0.027499999850988388,5.0,2.0,1.2000000476837158,0.9724636673927307,1.0669076442718506,-0.09444395452737808,1.0778260231018066,1.1935638189315796,0.3408321142196655,0.843752384185791,0.843752384185791
2,2,215,8,1,0,valid_not_selected,0.6134185791015625,0.09774154424667358,1.0186865329742432,0.2506098449230194,6265.24609375,100.48843383789062,480000.0,0.019999999552965164,0.0020000000949949026,60.0,120.0,240.0,0.02500000037252903,0.23000000417232513,0.07999999821186066,0.20000000298023224,0.027499999850988388,5.0,2.0,1.2000000476837158,0.49399763345718384,0.5475123524665833,-0.05351470410823822,0.966162383556366,1.3207725286483765,0.2735293209552765,0.7669024467468262,0.7669024467468262
2,2,216,10,1,0,valid_not_selected,0.611068844795227,0.09850912541151047,1.5849114656448364,0.43752098083496094,10938.025390625,306.2792663574219,480000.0,0.009999999776482582,0.0020000000949949026,60.0,120.0,240.0,0.02500000037252903,0.23000000417232513,0.07999999821186066,0.20000000298023224,0.027499999850988388,5.0,2.0,1.2000000476837158,0.6959800720214844,0.7720323204994202,-0.076052226126194,0.7655437588691711,1.066178798675537,0.2653665840625763,0.6444496512413025,0.6444496512413025
2,2,217,2,1,0,valid_not_selected,0.9212185740470886,0.016411593183875084,1.8220871686935425,0.4894092381000519,12235.23046875,14.716191291809082,12500000.0,0.009999999776482582,0.0020000000949949026,20.0,120.0,240.0,0.02500000037252903,0.23000000417232513,0.07999999821186066,0.20000000298023224,0.027499999850988388,5.0,2.0,1.2000000476837158,2.003375291824341,2.0368025302886963,-0.033427175134420395,1.2825500965118408,2.0168492794036865,0.637036919593811,0.9358490109443665,0.9358490109443665
2,2,218,10,1,0,valid_not_selected,0.6214621067047119,0.09513607621192932,1.0186865329742432,0.1900249719619751,4750.62451171875,57.77516555786133,480000.0,0.009999999776482582,0.0020000000949949026,60.0,120.0,240.0,0.02500000037252903,0.23000000417232513,0.07999999821186066,0.20000000298023224,0.027499999850988388,5.0,2.0,1.2000000476837158,0.23585295677185059,0.2606501877307892,-0.024797236546874046,1.0685056447982788,1.6956243515014648,0.2915056049823761,0.8066832423210144,0.8066832423210144
2,2,219,0,1,1,accepted,0.9522697925567627,0.009781382977962494,1.8220871686935425,0.29892265796661377,7473.06640625,5.489954471588135,12500000.0,0.019999999552965164,0.0020000000949949026,20.0,120.0,240.0,0.02500000037252903,0.23000000417232513,0.07999999821186066,0.20000000298023224,0.027499999850988388,5.0,2.0,1.2000000476837158,1.192042350769043,1.1804955005645752,0.011546879075467587,1.1524385213851929,1.8764926195144653,0.7294262051582336,0.9762845635414124,0.9762845635414124
2,2,220,11,1,0,valid_not_selected,0.6734291315078735,0.07907450944185257,1.0186865329742432,0.23163172602653503,5790.79296875,85.84517669677734,480000.0,0.009999999776482582,0.0020000000949949026,60.0,180.0,300.0,0.02500000037252903,0.23000000417232513,0.07999999821186066,0.20000000298023224,0.027499999850988388,5.0,2.0,1.2000000476837158,0.3097410202026367,0.3363366723060608,-0.02659565769135952,0.9348618984222412,1.5005757808685303,0.40574517846107483,0.8863043785095215,0.8863043785095215
2,2,221,3,1,1,accepted,0.7813599705696106,0.04934386536478996,1.0406678915023804,0.4392315447330475,10980.7880859375,11.85326862335205,12500000.0,0.009999999776482582,0.0020000000949949026,60.0,180.0,300.0,0.02500000037252903,0.23000000417232513,0.07999999821186066,0.20000000298023224,0.027499999850988388,5.0,2.0,1.2000000476837158,2.0458247661590576,1.9496228694915771,0.09620192646980286,1.3870484828948975,2.172529697418213,0.7996832132339478,0.9672524929046631,0.9672524929046631
2,2,222,8,1,0,valid_not_selected,0.6110150218009949,0.09852674603462219,1.4714528322219849,0.39312544465065,9828.1357421875,247.27610778808594,480000.0,0.019999999552965164,0.0020000000949949026,60.0,120.0,240.0,0.02500000037252903,0.23000000417232513,0.07999999821186066,0.20000000298023224,0.027499999850988388,5.0,2.0,1.2000000476837158,0.8843370079994202,0.9809908270835876,-0.09665383398532867,0.83847975730896,1.0694230794906616,0.26605385541915894,0.674224853515625,0.674224853515625
2,2,223,9,1,0,valid_not_selected,0.6266379952430725,0.09347725659608841,1.5757943391799927,0.4337753355503082,10844.3828125,301.0575866699219,480000.0,0.019999999552965164,0.0020000000949949026,60.0,180.0,300.0,0.02500000037252903,0.23000000417232513,0.07999999821186066,0.20000000298023224,0.027499999850988388,5.0,2.0,1.2000000476837158,1.3201533555984497,1.456282615661621,-0.13612930476665497,1.1051629781723022,1.1245059967041016,0.31012099981307983,0.8058076500892639,0.8058076500892639
2,2,224,10,1,0,valid_not_selected,0.6163124442100525,0.09680023789405823,1.0186865329742432,0.2375226765871048,5938.06689453125,90.26720428466797,480000.0,0.009999999776482582,0.0020000000949949026,60.0,120.0,240.0,0.02500000037252903,0.23000000417232513,0.07999999821186066,0.20000000298023224,0.027499999850988388,5.0,2.0,1.2000000476837158,0.3109690248966217,0.34429705142974854,-0.033328037708997726,0.9586471319198608,1.4857890605926514,0.28023892641067505,0.7655012607574463,0.7655012607574463
2,2,225,3,1,0,valid_not_selected,0.6977255940437317,0.0719858855009079,1.2947322130203247,0.14772562682628632,3693.140625,1.3407961130142212,12500000.0,0.009999999776482582,0.0020000000949949026,60.0,180.0,300.0,0.02500000037252903,0.23000000417232513,0.07999999821186066,0.20000000298023224,0.027499999850988388,5.0,2.0,1.2000000476837158,0.26130411028862,0.24375705420970917,0.017547067254781723,1.2646238803863525,2.534658908843994,0.8599101901054382,0.9954025745391846,0.9954025745391846
2,2,226,3,1,0,valid_not_selected,0.7634390592575073,0.0539843924343586,1.0000001192092896,0.2869004011154175,7172.50927734375,5.0572381019592285,12500000.0,0.009999999776482582,0.0020000000949949026,60.0,180.0,300.0,0.02500000037252903,0.23000000417232513,0.07999999821186066,0.20000000298023224,0.027499999850988388,5.0,2.0,1.2000000476837158,0.8657298684120178,0.821387767791748,0.04434211924672127,1.228509545326233,2.2151598930358887,0.8248061537742615,0.9851257801055908,0.9851257801055908
2,2,227,0,1,1,accepted,0.9796898365020752,0.004103851970285177,1.8220871686935425,0.3278267979621887,8195.669921875,6.602980136871338,12500000.0,0.019999999552965164,0.0020000000949949026,20.0,120.0,240.0,0.02500000037252903,0.23000000417232513,0.07999999821186066,0.20000000298023224,0.027499999850988388,5.0,2.0,1.2000000476837158,1.4407131671905518,1.434824824333191,0.005888308864086866,1.1716909408569336,1.9205328226089478,0.7133053541183472,0.9710221290588379,0.9710221290588379
2,2,228,8,1,0,valid_not_selected,0.6113159656524658,0.09842827171087265,1.3816248178482056,0.3611947298049927,9029.8681640625,208.73854064941406,480000.0,0.019999999552965164,0.0020000000949949026,60.0,120.0,240.0,0.02500000037252903,0.23000000417232513,0.07999999821186066,0.20000000298023224,0.027499999850988388,5.0,2.0,1.2000000476837158,0.7875548005104065,0.8735353946685791,-0.08598057925701141,0.8562130928039551,1.1017009019851685,0.2670484185218811,0.6927857398986816,0.6927857398986816
2,2,229,10,1,1,accepted,0.6250182390213013,0.09399489313364029,1.0186865329742432,0.17183847725391388,4295.96142578125,47.245521545410156,480000.0,0.009999999776482582,0.0020000000949949026,60.0,120.0,240.0,0.02500000037252903,0.23000000417232513,0.07999999821186066,0.20000000298023224,0.027499999850988388,5.0,2.0,1.2000000476837158,0.20638851821422577,0.22780060768127441,-0.021412093192338943,1.1176837682724,1.7736226320266724,0.2977646589279175,0.8261480331420898,0.8261480331420898
2,2,230,10,1,0,valid_not_selected,0.6183857917785645,0.09612855315208435,1.0186865329742432,0.21365420520305634,5341.35498046875,73.03697204589844,480000.0,0.009999999776482582,0.0020000000949949026,60.0,120.0,240.0,0.02500000037252903,0.23000000417232513,0.07999999821186066,0.20000000298023224,0.027499999850988388,5.0,2.0,1.2000000476837158,0.27327147126197815,0.3023344576358795,-0.029062973335385323,1.0096771717071533,1.5884263515472412,0.2851334512233734,0.7847747802734375,0.7847747802734375
2,2,231,3,1,0,valid_not_selected,0.7261000275611877,0.06401350349187851,1.102444052696228,0.17709600925445557,4427.39990234375,1.926941990852356,12500000.0,0.009999999776482582,0.0020000000949949026,60.0,180.0,300.0,0.02500000037252903,0.23000000417232513,0.07999999821186066,0.20000000298023224,0.027499999850988388,5.0,2.0,1.2000000476837158,0.36338356137275696,0.34152156114578247,0.02186199091374874,1.2391279935836792,2.475567579269409,0.8451846837997437,0.9935662150382996,0.9935662150382996
2,2,232,3,1,0,valid_not_selected,0.7645083069801331,0.053704481571912766,1.0000001192092896,0.29452019929885864,7363.0048828125,5.3294358253479,12500000.0,0.009999999776482582,0.0020000000949949026,60.0,180.0,300.0,0.02500000037252903,0.23000000417232513,0.07999999821186066,0.20000000298023224,0.027499999850988388,5.0,2.0,1.2000000476837158,0.910346508026123,0.8639485836029053,0.04639790952205658,1.2334038019180298,2.2067627906799316,0.8237643837928772,0.9844076633453369,0.9844076633453369
2,2,233,2,1,1,accepted,0.9831348657608032,0.0034017967991530895,1.8220871686935425,0.3856806457042694,9642.015625,9.13917064666748,12500000.0,0.009999999776482582,0.0020000000949949026,20.0,120.0,240.0,0.02500000037252903,0.23000000417232513,0.07999999821186066,0.20000000298023224,0.027499999850988388,5.0,2.0,1.2000000476837158,1.2767372131347656,1.281095266342163,-0.00435802573338151,1.2384992837905884,2.0003576278686523,0.6870918869972229,0.9589638710021973,0.9589638710021973
2,2,234,0,1,0,valid_not_selected,0.8103823661804199,0.04204981029033661,1.8220871686935425,0.15637348592281342,3909.337158203125,1.5023714303970337,12500000.0,0.019999999552965164,0.0020000000949949026,20.0,120.0,240.0,0.02500000037252903,0.23000000417232513,0.07999999821186066,0.20000000298023224,0.027499999850988388,5.0,2.0,1.2000000476837158,0.2849985361099243,0.273497998714447,0.011500539258122444,1.061517357826233,1.4541313648223877,0.7976452112197876,0.9948477149009705,0.9948477149009705
2,2,235,3,1,0,valid_not_selected,0.620646059513092,0.09539886564016342,1.7046823501586914,0.10035938769578934,2508.984619140625,0.6188239455223083,12500000.0,0.009999999776482582,0.0020000000949949026,60.0,180.0,300.0,0.02500000037252903,0.23000000417232513,0.07999999821186066,0.20000000298023224,0.027499999850988388,5.0,2.0,1.2000000476837158,0.10220251232385635,0.09330163896083832,0.008900870569050312,1.081325650215149,2.050147294998169,0.9324272274971008,0.9982761740684509,0.9982761740684509
2,2,236,11,1,1,accepted,0.8959627747535706,0.021971285343170166,1.0186865329742432,0.16243396699428558,4060.848876953125,42.21565628051758,480000.0,0.009999999776482582,0.0020000000949949026,60.0,180.0,300.0,0.02500000037252903,0.23000000417232513,0.07999999821186066,0.20000000298023224,0.027499999850988388,5.0,2.0,1.2000000476837158,0.2185225933790207,0.22343167662620544,-0.004909080918878317,1.1494593620300293,2.041851043701172,0.5464441180229187,0.9118700623512268,0.9118700623512268
2,2,237,2,1,0,valid_not_selected,0.9568756222724915,0.008816367946565151,1.8220871686935425,0.43016180396080017,10754.044921875,11.368804931640625,12500000.0,0.009999999776482582,0.0020000000949949026,20.0,120.0,240.0,0.02500000037252903,0.23000000417232513,0.07999999821186066,0.20000000298023224,0.027499999850988388,5.0,2.0,1.2000000476837158,1.5777608156204224,1.5917946100234985,-0.014033847488462925,1.259871482849121,2.0174038410186768,0.6666833162307739,0.9492958188056946,0.9492958188056946
2,2,238,8,1,0,valid_not_selected,0.6106033325195312,0.09866154193878174,1.6280229091644287,0.4556752145290375,11391.8798828125,332.2237243652344,480000.0,0.019999999552965164,0.0020000000949949026,60.0,120.0,240.0,0.02500000037252903,0.23000000417232513,0.07999999821186066,0.20000000298023224,0.027499999850988388,5.0,2.0,1.2000000476837158,1.0850193500518799,1.203786849975586,-0.11876746267080307,0.8128291964530945,1.0248745679855347,0.2646602392196655,0.6340710520744324,0.6340710520744324
2,2,239,9,1,1,accepted,0.9521090984344482,0.00981513038277626,1.0186865329742432,0.20579858124256134,5144.96435546875,67.76486206054688,480000.0,0.019999999552965164,0.0020000000949949026,60.0,180.0,300.0,0.02500000037252903,0.23000000417232513,0.07999999821186066,0.20000000298023224,0.027499999850988388,5.0,2.0,1.2000000476837158,0.5561040639877319,0.5506988763809204,0.005405181087553501,1.1296699047088623,2.0059654712677,0.616234302520752,0.8827515244483948,0.8827515244483948
2,2,240,2,1,1,accepted,0.9812268018722534,0.0037903308402746916,1.8220871686935425,0.3172069787979126,7930.173828125,6.182107448577881,12500000.0,0.009999999776482582,0.0020000000949949026,20.0,120.0,240.0,0.02500000037252903,0.23000000417232513,0.07999999821186066,0.20000000298023224,0.027499999850988388,5.0,2.0,1.2000000476837158,0.8592837452888489,0.8560390472412109,0.0032446712721139193,1.1996649503707886,1.9444162845611572,0.7134300470352173,0.9724750518798828,0.9724750518798828
2,2,241,11,1,0,valid_not_selected,0.6219124794006348,0.09499119222164154,1.3975735902786255,0.09171760082244873,2292.939697265625,13.45938491821289,480000.0,0.009999999776482582,0.0020000000949949026,60.0,180.0,300.0,0.02500000037252903,0.23000000417232513,0.07999999821186066,0.20000000298023224,0.027499999850988388,5.0,2.0,1.2000000476837158,0.09981007874011993,0.09115149080753326,0.008658588863909245,1.396492838859558,2.427750587463379,0.745762825012207,0.95939701795578,0.95939701795578
2,2,242,9,1,1,accepted,0.8224248886108398,0.03909962624311447,1.0186865329742432,0.1731177270412445,4327.943359375,47.95158004760742,480000.0,0.019999999552965164,0.0020000000949949026,60.0,180.0,300.0,0.02500000037252903,0.23000000417232513,0.07999999821186066,0.20000000298023224,0.027499999850988388,5.0,2.0,1.2000000476837158,0.45986229181289673,0.4425584375858307,0.017303869128227234,1.2115793228149414,2.2298312187194824,0.6629084348678589,0.8984177112579346,0.8984177112579346
2,2,243,0,1,0,valid_not_selected,0.9236269593238831,0.015889406204223633,1.8220871686935425,0.2675955295562744,6689.8876953125,4.399555206298828,12500000.0,0.019999999552965164,0.0020000000949949026,20.0,120.0,240.0,0.02500000037252903,0.23000000417232513,0.07999999821186066,0.20000000298023224,0.027499999850988388,5.0,2.0,1.2000000476837158,0.9426365494728088,0.9278928637504578,0.014743666164577007,1.1302344799041748,1.8139530420303345,0.7456156015396118,0.9814975261688232,0.9814975261688232
2,2,244,2,1,0,valid_not_selected,0.9747494459152222,0.005114967003464699,1.8220871686935425,0.1479751616716385,3699.37890625,1.345329761505127,12500000.0,0.009999999776482582,0.0020000000949949026,20.0,120.0,240.0,0.02500000037252903,0.23000000417232513,0.07999999821186066,0.20000000298023224,0.027499999850988388,5.0,2.0,1.2000000476837158,0.18516193330287933,0.18421965837478638,0.0009422774892300367,1.1390156745910645,1.9052644968032837,0.7375640869140625,0.99396151304245,0.99396151304245
2,2,245,8,1,0,valid_not_selected,0.6110678911209106,0.09850944578647614,1.4544703960418701,0.386879563331604,9671.9892578125,239.481201171875,480000.0,0.019999999552965164,0.0020000000949949026,60.0,120.0,240.0,0.02500000037252903,0.23000000417232513,0.07999999821186066,0.20000000298023224,0.027499999850988388,5.0,2.0,1.2000000476837158,0.8649979829788208,0.9595197439193726,-0.09452176094055176,0.8416493535041809,1.0751051902770996,0.2662298381328583,0.677760660648346,0.677760660648346
2,2,246,9,1,0,valid_not_selected,0.6386473178863525,0.08968058973550797,1.403204321861267,0.36862054467201233,9215.513671875,217.4097137451172,480000.0,0.019999999552965164,0.0020000000949949026,60.0,180.0,300.0,0.02500000037252903,0.23000000417232513,0.07999999821186066,0.20000000298023224,0.027499999850988388,5.0,2.0,1.2000000476837158,1.0210920572280884,1.12168550491333,-0.10059341788291931,1.0827382802963257,1.1787514686584473,0.33434024453163147,0.8406313061714172,0.8406313061714172
2,2,247,1,1,0,valid_not_selected,0.7940145134925842,0.0461307056248188,1.0000014305114746,0.30224207043647766,7556.05126953125,5.612558841705322,12500000.0,0.019999999552965164,0.0020000000949949026,60.0,180.0,300.0,0.02500000037252903,0.23000000417232513,0.07999999821186066,0.20000000298023224,0.027499999850988388,5.0,2.0,1.2000000476837158,1.466004729270935,1.4013590812683105,0.0646456852555275,1.1299946308135986,2.073957920074463,0.8083966374397278,0.9845625758171082,0.9845625758171082
2,2,248,0,1,0,valid_not_selected,0.8700025677680969,0.02785182185471058,1.8220871686935425,0.20880316197872162,5220.07861328125,2.6787071228027344,12500000.0,0.019999999552965164,0.0020000000949949026,20.0,120.0,240.0,0.02500000037252903,0.23000000417232513,0.07999999821186066,0.20000000298023224,0.027499999850988388,5.0,2.0,1.2000000476837158,0.5461007952690125,0.5313030481338501,0.014797757379710674,1.087997317314148,1.6523478031158447,0.7732234597206116,0.9896289706230164,0.9896289706230164
2,2,249,1,1,1,accepted,0.8123676180839539,0.04156045988202095,1.1371310949325562,0.46731066703796387,11682.7666015625,13.417218208312988,12500000.0,0.019999999552965164,0.0020000000949949026,60.0,180.0,300.0,0.02500000037252903,0.23000000417232513,0.07999999821186066,0.20000000298023224,0.027499999850988388,5.0,2.0,1.2000000476837158,3.452470302581787,3.314709424972534,0.13776084780693054,1.2530486583709717,2.059363842010498,0.7841361165046692,0.9650779366493225,0.9650779366493225
2,2,250,1,1,0,valid_not_selected,0.6150872111320496,0.0971982404589653,1.9659398794174194,0.0784437358379364,1961.09326171875,0.37806597352027893,12500000.0,0.019999999552965164,0.0020000000949949026,60.0,180.0,300.0,0.02500000037252903,0.23000000417232513,0.07999999821186066,0.20000000298023224,0.027499999850988388,5.0,2.0,1.2000000476837158,0.2516433894634247,0.22935087978839874,0.022292502224445343,1.382599115371704,5.301914691925049,0.936391294002533,0.9972804188728333,0.9972804188728333
2,2,251,3,1,0,valid_not_selected,0.72315913438797,0.06482519209384918,1.1259839534759521,0.17320795357227325,4330.19873046875,1.843260645866394,12500000.0,0.009999999776482582,0.0020000000949949026,60.0,180.0,300.0,0.02500000037252903,0.23000000417232513,0.07999999821186066,0.20000000298023224,0.027499999850988388,5.0,2.0,1.2000000476837158,0.3494357764720917,0.3281625807285309,0.021273203194141388,1.2426717281341553,2.4873270988464355,0.846603274345398,0.9938137531280518,0.9938137531280518
2,2,252,8,1,0,valid_not_selected,0.6162876486778259,0.0968082845211029,1.0186865329742432,0.18764722347259521,4691.1806640625,56.33835220336914,480000.0,0.019999999552965164,0.0020000000949949026,60.0,120.0,240.0,0.02500000037252903,0.23000000417232513,0.07999999821186066,0.20000000298023224,0.027499999850988388,5.0,2.0,1.2000000476837158,0.34624582529067993,0.38335806131362915,-0.03711223602294922,1.0895472764968872,1.5585929155349731,0.28024640679359436,0.8204115033149719,0.8204115033149719
2,2,253,0,1,0,valid_not_selected,0.9232483506202698,0.01597139798104763,1.8220871686935425,0.4292617738246918,10731.5439453125,11.321279525756836,12500000.0,0.019999999552965164,0.0020000000949949026,20.0,120.0,240.0,0.02500000037252903,0.23000000417232513,0.07999999821186066,0.20000000298023224,0.027499999850988388,5.0,2.0,1.2000000476837158,2.3972933292388916,2.4362030029296875,-0.03890956938266754,1.2251787185668945,1.9817919731140137,0.6491707563400269,0.9503173232078552,0.9503173232078552
2,2,254,1,1,0,valid_not_selected,0.7889106869697571,0.047420434653759,1.0000014305114746,0.2505347728729248,6263.369140625,3.8564445972442627,12500000.0,0.019999999552965164,0.0020000000949949026,60.0,180.0,300.0,0.02500000037252903,0.23000000417232513,0.07999999821186066,0.20000000298023224,0.027499999850988388,5.0,2.0,1.2000000476837158,1.0117793083190918,0.9659724235534668,0.04580683261156082,1.1109894514083862,2.0725769996643066,0.8132742047309875,0.9893007874488831,0.9893007874488831
2,2,255,1,1,0,valid_not_selected,0.7871192097663879,0.047875117510557175,1.0000014305114746,0.2377852201461792,5944.63037109375,3.4739279747009277,12500000.0,0.019999999552965164,0.0020000000949949026,60.0,180.0,300.0,0.02500000037252903,0.23000000417232513,0.07999999821186066,0.20000000298023224,0.027499999850988388,5.0,2.0,1.2000000476837158,0.9120139479637146,0.8703460097312927,0.041667915880680084,1.1083712577819824,2.069958209991455,0.8144690990447998,0.9903555512428284,0.9903555512428284
2,2,256,10,1,1,accepted,0.6526729464530945,0.08533582836389542,1.0186865329742432,0.12426444888114929,3106.611083984375,24.706636428833008,480000.0,0.009999999776482582,0.0020000000949949026,60.0,120.0,240.0,0.02500000037252903,0.23000000417232513,0.07999999821186066,0.20000000298023224,0.027499999850988388,5.0,2.0,1.2000000476837158,0.12468382716178894,0.13631650805473328,-0.01163268182426691,1.2111237049102783,1.8731695413589478,0.3263620436191559,0.890062153339386,0.890062153339386
2,2,257,9,1,0,valid_not_selected,0.6620281338691711,0.08248944580554962,1.2620844841003418,0.3226880431175232,8067.201171875,166.60406494140625,480000.0,0.019999999552965164,0.0020000000949949026,60.0,180.0,300.0,0.02500000037252903,0.23000000417232513,0.07999999821186066,0.20000000298023224,0.027499999850988388,5.0,2.0,1.2000000476837158,0.8329534530639648,0.9078407287597656,-0.07488727569580078,1.061774492263794,1.2632933855056763,0.3704358637332916,0.8535891175270081,0.8535891175270081
2,2,258,8,1,0,valid_not_selected,0.6126773357391357,0.09798337519168854,1.1017478704452515,0.27740609645843506,6935.15234375,123.1265869140625,480000.0,0.019999999552965164,0.0020000000949949026,60.0,120.0,240.0,0.02500000037252903,0.23000000417232513,0.07999999821186066,0.20000000298023224,0.027499999850988388,5.0,2.0,1.2000000476837158,0.5592833161354065,0.6200366020202637,-0.06075327843427658,0.9294499754905701,1.2452600002288818,0.2713407576084137,0.7474775910377502,0.7474775910377502
2,2,259,9,1,1,accepted,0.7813957333564758,0.04933471605181694,1.0186865329742432,0.16003595292568207,4000.898681640625,40.978397369384766,480000.0,0.019999999552965164,0.0020000000949949026,60.0,180.0,300.0,0.02500000037252903,0.23000000417232513,0.07999999821186066,0.20000000298023224,0.027499999850988388,5.0,2.0,1.2000000476837158,0.41624367237091064,0.39667388796806335,0.019569793716073036,1.2475285530090332,2.306009292602539,0.6745610237121582,0.9062211513519287,0.9062211513519287
2,2,260,3,1,0,valid_not_selected,0.7650278806686401,0.05356860160827637,1.0000001192092896,0.2984132170677185,7460.330078125,5.47125768661499,12500000.0,0.009999999776482582,0.0020000000949949026,60.0,180.0,300.0,0.02500000037252903,0.23000000417232513,0.07999999821186066,0.20000000298023224,0.027499999850988388,5.0,2.0,1.2000000476837158,0.9336977005004883,0.8862239122390747,0.04747377708554268,1.236102819442749,2.2028706073760986,0.8232290744781494,0.9840334057807922,0.9840334057807922
2,2,261,1,1,1,accepted,0.8044937252998352,0.043508417904376984,1.0000014305114746,0.41382497549057007,10345.6240234375,10.521663665771484,12500000.0,0.019999999552965164,0.0020000000949949026,60.0,180.0,300.0,0.02500000037252903,0.23000000417232513,0.07999999821186066,0.20000000298023224,0.027499999850988388,5.0,2.0,1.2000000476837158,2.7207696437835693,2.6073288917541504,0.11344075202941895,1.2062678337097168,2.0645246505737305,0.7940810918807983,0.9720204472541809,0.9720204472541809
2,2,262,10,1,1,accepted,0.6275685429573059,0.09318047761917114,1.0186865329742432,0.16228578984737396,4057.14501953125,42.138671875,480000.0,0.009999999776482582,0.0020000000949949026,60.0,120.0,240.0,0.02500000037252903,0.23000000417232513,0.07999999821186066,0.20000000298023224,0.027499999850988388,5.0,2.0,1.2000000476837158,0.19053734838962555,0.21011605858802795,-0.019578713923692703,1.143559455871582,1.8095152378082275,0.3016669452190399,0.8374521136283875,0.8374521136283875
2,2,263,8,1,0,valid_not_selected,0.6118990778923035,0.09823758900165558,1.243040680885315,0.3169446587562561,7923.61669921875,160.7261962890625,480000.0,0.019999999552965164,0.0020000000949949026,60.0,120.0,240.0,0.02500000037252903,0.23000000417232513,0.07999999821186066,0.20000000298023224,0.027499999850988388,5.0,2.0,1.2000000476837158,0.6622888445854187,0.7344383001327515,-0.07214944809675217,0.8887505531311035,1.1637364625930786,0.26892733573913574,0.7205758094787598,0.7205758094787598
2,2,264,11,1,0,valid_not_selected,0.6270402073860168,0.0933489203453064,1.3217471837997437,0.34136438369750977,8534.109375,186.44737243652344,480000.0,0.009999999776482582,0.0020000000949949026,60.0,180.0,300.0,0.02500000037252903,0.23000000417232513,0.07999999821186066,0.20000000298023224,0.027499999850988388,5.0,2.0,1.2000000476837158,0.5760288834571838,0.6353368759155273,-0.059308011084795,0.9141345024108887,1.2852370738983154,0.3230333626270294,0.8450207710266113,0.8450207710266113
2,2,265,9,1,1,accepted,0.9007981419563293,0.020894819870591164,1.0186865329742432,0.2334650605916977,5836.62646484375,87.20946502685547,480000.0,0.019999999552965164,0.0020000000949949026,60.0,180.0,300.0,0.02500000037252903,0.23000000417232513,0.07999999821186066,0.20000000298023224,0.027499999850988388,5.0,2.0,1.2000000476837158,0.6143994927406311,0.627511203289032,-0.013111733831465244,1.080665111541748,1.7715612649917603,0.5525549650192261,0.8742333054542542,0.8742333054542542
2,2,266,8,1,1,accepted,0.6194666624069214,0.09577927738428116,1.0186865329742432,0.15088865160942078,3772.21630859375,36.42780685424805,480000.0,0.019999999552965164,0.0020000000949949026,60.0,120.0,240.0,0.02500000037252903,0.23000000417232513,0.07999999821186066,0.20000000298023224,0.027499999850988388,5.0,2.0,1.2000000476837158,0.23399671912193298,0.2587827444076538,-0.024786023423075676,1.097578763961792,1.5115021467208862,0.2811809480190277,0.8732542395591736,0.8732542395591736
2,2,267,9,1,0,valid_not_selected,0.6168277263641357,0.09663309901952744,1.7020127773284912,0.07542536407709122,1885.634033203125,9.102373123168945,480000.0,0.019999999552965164,0.0020000000949949026,60.0,180.0,300.0,0.02500000037252903,0.23000000417232513,0.07999999821186066,0.20000000298023224,0.027499999850988388,5.0,2.0,1.2000000476837158,0.18332380056381226,0.16716967523097992,0.016154123470187187,1.2391588687896729,4.417695999145508,0.8092480301856995,0.9513339400291443,0.9513339400291443
2,2,268,1,1,1,accepted,0.8167957067489624,0.04047325998544693,1.2160321474075317,0.4916071593761444,12290.1787109375,14.84866714477539,12500000.0,0.019999999552965164,0.0020000000949949026,60.0,180.0,300.0,0.02500000037252903,0.23000000417232513,0.07999999821186066,0.20000000298023224,0.027499999850988388,5.0,2.0,1.2000000476837158,3.8109259605407715,3.6626851558685303,0.1482408046722412,1.2752573490142822,2.056581497192383,0.7788370251655579,0.9617772102355957,0.9617772102355957
2,2,269,9,1,0,valid_not_selected,0.648588240146637,0.0865914523601532,1.328255534172058,0.3434659540653229,8586.6484375,188.75010681152344,480000.0,0.019999999552965164,0.0020000000949949026,60.0,180.0,300.0,0.02500000037252903,0.23000000417232513,0.07999999821186066,0.20000000298023224,0.027499999850988388,5.0,2.0,1.2000000476837158,0.9126688838005066,0.9991902112960815,-0.08652133494615555,1.0712145566940308,1.2170575857162476,0.35097479820251465,0.8477984070777893,0.8477984070777893
2,2,270,0,1,1,accepted,0.9600881338119507,0.008146042935550213,1.8220871686935425,0.3894404172897339,9736.009765625,9.31822395324707,12500000.0,0.019999999552965164,0.0020000000949949026,20.0,120.0,240.0,0.02500000037252903,0.23000000417232513,0.07999999821186066,0.20000000298023224,0.027499999850988388,5.0,2.0,1.2000000476837158,2.0117099285125732,2.0282320976257324,-0.016522066667675972,1.2070815563201904,1.973591923713684,0.6754189729690552,0.9587343335151672,0.9587343335151672
2,2,271,2,1,0,valid_not_selected,0.937571108341217,0.012892537750303745,1.8220871686935425,0.4621606767177582,11554.0166015625,13.123119354248047,12500000.0,0.009999999776482582,0.0020000000949949026,20.0,120.0,240.0,0.02500000037252903,0.23000000417232513,0.07999999821186066,0.20000000298023224,0.027499999850988388,5.0,2.0,1.2000000476837158,1.8047645092010498,1.8283363580703735,-0.02357189543545246,1.2729582786560059,2.0201776027679443,0.6509173512458801,0.9420846104621887,0.9420846104621887
2,2,272,1,1,0,valid_not_selected,0.7148900628089905,0.06712529808282852,1.4171184301376343,0.13162298500537872,3290.57470703125,1.064423680305481,12500000.0,0.019999999552965164,0.0020000000949949026,60.0,180.0,300.0,0.02500000037252903,0.23000000417232513,0.07999999821186066,0.20000000298023224,0.027499999850988388,5.0,2.0,1.2000000476837158,0.29436740279197693,0.2758508324623108,0.01851656846702099,1.1287879943847656,2.0988576412200928,0.8454519510269165,0.9969703555107117,0.9969703555107117
2,2,273,0,1,0,valid_not_selected,0.6811423301696777,0.07679679244756699,1.8220871686935425,0.10409099608659744,2602.274658203125,0.665698230266571,12500000.0,0.019999999552965164,0.0020000000949949026,20.0,120.0,240.0,0.02500000037252903,0.23000000417232513,0.07999999821186066,0.20000000298023224,0.027499999850988388,5.0,2.0,1.2000000476837158,0.14513684809207916,0.1347857415676117,0.01035111304372549,1.0683999061584473,1.583196997642517,0.8416107296943665,0.9975064396858215,0.9975064396858215
2,2,274,9,1,0,valid_not_selected,0.6289340257644653,0.09274578839540482,1.52938973903656,0.41520214080810547,10380.052734375,275.8283996582031,480000.0,0.019999999552965164,0.0020000000949949026,60.0,180.0,300.0,0.02500000037252903,0.23000000417232513,0.07999999821186066,0.20000000298023224,0.027499999850988388,5.0,2.0,1.2000000476837158,1.2373237609863281,1.3638114929199219,-0.12648777663707733,1.1000916957855225,1.1359491348266602,0.31523337960243225,0.8200002312660217,0.8200002312660217
2,2,275,2,1,0,valid_not_selected,0.9546921849250793,0.00927326362580061,1.8220871686935425,0.2076772302389145,5191.9306640625,2.6498959064483643,12500000.0,0.009999999776482582,0.0020000000949949026,20.0,120.0,240.0,0.02500000037252903,0.23000000417232513,0.07999999821186066,0.20000000298023224,0.027499999850988388,5.0,2.0,1.2000000476837158,0.35680702328681946,0.3535286486148834,0.0032783641945570707,1.1382313966751099,1.8358075618743896,0.7378815412521362,0.9886161684989929,0.9886161684989929
2,2,276,9,1,0,valid_not_selected,0.635036289691925,0.09081462770700455,1.4410043954849243,0.381997674703598,9549.94140625,233.47549438476562,480000.0,0.019999999552965164,0.0020000000949949026,60.0,180.0,300.0,0.02500000037252903,0.23000000417232513,0.07999999821186066,0.20000000298023224,0.027499999850988388,5.0,2.0,1.2000000476837158,1.0832674503326416,1.1914703845977783,-0.10820294171571732,1.0883721113204956,1.1636366844177246,0.3276405334472656,0.8368447422981262,0.8368447422981262
2,2,277,2,1,0,valid_not_selected,0.9582793712615967,0.008523187600076199,1.8220871686935425,0.18151472508907318,4537.86767578125,2.0242998600006104,12500000.0,0.009999999776482582,0.0020000000949949026,20.0,120.0,240.0,0.02500000037252903,0.23000000417232513,0.07999999821186066,0.20000000298023224,0.027499999850988388,5.0,2.0,1.2000000476837158,0.272434264421463,0.2701318860054016,0.00230238470248878,1.1309964656829834,1.8375197649002075,0.7395889759063721,0.9912662506103516,0.9912662506103516
2,2,278,0,1,0,valid_not_selected,0.8893523216247559,0.023452356457710266,1.8220871686935425,0.22955754399299622,5738.9384765625,3.237682342529297,12500000.0,0.019999999552965164,0.0020000000949949026,20.0,120.0,240.0,0.02500000037252903,0.23000000417232513,0.07999999821186066,0.20000000298023224,0.027499999850988388,5.0,2.0,1.2000000476837158,0.6743319034576416,0.6588796377182007,0.015452279709279537,1.1025547981262207,1.7163017988204956,0.7637665271759033,0.9870229363441467,0.9870229363441467
2,2,279,9,1,0,valid_not_selected,0.7227059006690979,0.06495057791471481,1.0186865329742432,0.14029088616371155,3507.272216796875,31.490442276000977,480000.0,0.019999999552965164,0.0020000000949949026,60.0,180.0,300.0,0.02500000037252903,0.23000000417232513,0.07999999821186066,0.20000000298023224,0.027499999850988388,5.0,2.0,1.2000000476837158,0.35225048661231995,0.3307669758796692,0.02148350700736046,1.2995760440826416,2.445478916168213,0.689501166343689,0.9185831546783447,0.9185831546783447
2,2,280,2,1,0,valid_not_selected,0.9689505100250244,0.006308342330157757,1.8220871686935425,0.2863265573978424,7158.1640625,5.037027359008789,12500000.0,0.009999999776482582,0.0020000000949949026,20.0,120.0,240.0,0.02500000037252903,0.23000000417232513,0.07999999821186066,0.20000000298023224,0.027499999850988388,5.0,2.0,1.2000000476837158,0.6946244239807129,0.690269947052002,0.00435445923358202,1.1808857917785645,1.9104375839233398,0.7227524518966675,0.9778012633323669,0.9778012633323669
2,2,281,1,1,0,valid_not_selected,0.7702573537826538,0.052206121385097504,1.0916181802749634,0.17891326546669006,4472.83154296875,1.9666911363601685,12500000.0,0.019999999552965164,0.0020000000949949026,60.0,180.0,300.0,0.02500000037252903,0.23000000417232513,0.07999999821186066,0.20000000298023224,0.027499999850988388,5.0,2.0,1.2000000476837158,0.5149599313735962,0.48940974473953247,0.02555018477141857,1.1079891920089722,2.0320050716400146,0.8218954205513,0.994600772857666,0.994600772857666
2,2,282,3,1,1,accepted,0.7859537601470947,0.04817145690321922,1.1509617567062378,0.4714811146259308,11787.02734375,13.657766342163086,12500000.0,0.009999999776482582,0.0020000000949949026,60.0,180.0,300.0,0.02500000037252903,0.23000000417232513,0.07999999821186066,0.20000000298023224,0.027499999850988388,5.0,2.0,1.2000000476837158,2.37434983253479,2.265230417251587,0.10911945253610611,1.4274976253509521,2.1796579360961914,0.7927764058113098,0.962642252445221,0.962642252445221
2,2,283,3,1,0,valid_not_selected,0.6747919321060181,0.07867018133401871,1.4150546789169312,0.13187940418720245,3296.9853515625,1.0685750246047974,12500000.0,0.009999999776482582,0.0020000000949949026,60.0,180.0,300.0,0.02500000037252903,0.23000000417232513,0.07999999821186066,0.20000000298023224,0.027499999850988388,5.0,2.0,1.2000000476837158,0.20759138464927673,0.19245120882987976,0.015140172094106674,1.263589859008789,2.4941861629486084,0.8742544054985046,0.9963889122009277,0.9963889122009277
2,2,284,8,1,0,valid_not_selected,0.6115239262580872,0.09836023300886154,1.3277479410171509,0.34330156445503235,8582.5390625,188.56948852539062,480000.0,0.019999999552965164,0.0020000000949949026,60.0,120.0,240.0,0.02500000037252903,0.23000000417232513,0.07999999821186066,0.20000000298023224,0.027499999850988388,5.0,2.0,1.2000000476837158,0.7356383204460144,0.8158894181251526,-0.08025107532739639,0.8680673241615295,1.1239070892333984,0.2677256762981415,0.7037293910980225,0.7037293910980225
2,2,285,8,1,0,valid_not_selected,0.6119652986526489,0.09821593016386032,1.2294212579727173,0.31289994716644287,7822.498046875,156.650146484375,480000.0,0.019999999552965164,0.0020000000949949026,60.0,120.0,240.0,0.02500000037252903,0.23000000417232513,0.07999999821186066,0.20000000298023224,0.027499999850988388,5.0,2.0,1.2000000476837158,0.6513655781745911,0.7223076820373535,-0.07094211876392365,0.892324686050415,1.1707446575164795,0.26913708448410034,0.7232377529144287,0.7232377529144287
2,2,286,8,1,1,accepted,0.661486804485321,0.08265305310487747,1.9808684587478638,0.06305504590272903,1576.3760986328125,6.361500263214111,480000.0,0.019999999552965164,0.0020000000949949026,60.0,120.0,240.0,0.02500000037252903,0.23000000417232513,0.07999999821186066,0.20000000298023224,0.027499999850988388,5.0,2.0,1.2000000476837158,0.08344274759292603,0.07707247138023376,0.006370274815708399,1.1623356342315674,1.9040520191192627,0.7894154191017151,0.9679014682769775,0.9679014682769775
2,2,287,2,1,0,valid_not_selected,0.6629799604415894,0.08092918992042542,2.006364583969116,0.07550957053899765,1887.7391357421875,0.3503120541572571,12500000.0,0.009999999776482582,0.0020000000949949026,20.0,120.0,240.0,0.02500000037252903,0.23000000417232513,0.07999999821186066,0.20000000298023224,0.027499999850988388,5.0,2.0,1.2000000476837158,0.025108342990279198,0.027319269254803658,-0.00221092626452446,0.758953869342804,1.1596815586090088,0.40929025411605835,0.9990370869636536,0.9990370869636536
2,2,288,11,1,1,accepted,0.6849521994590759,0.07568123936653137,1.154484748840332,0.10721898823976517,2680.474609375,18.39345359802246,480000.0,0.009999999776482582,0.0020000000949949026,60.0,180.0,300.0,0.02500000037252903,0.23000000417232513,0.07999999821186066,0.20000000298023224,0.027499999850988388,5.0,2.0,1.2000000476837158,0.14450515806674957,0.13433827459812164,0.010166887193918228,1.5044000148773193,2.713796615600586,0.7001397609710693,0.9416744709014893,0.9416744709014893
2,2,289,11,1,0,valid_not_selected,0.6446760296821594,0.08780147135257721,1.075154423713684,0.27053558826446533,6763.38916015625,117.10316467285156,480000.0,0.009999999776482582,0.0020000000949949026,60.0,180.0,300.0,0.02500000037252903,0.23000000417232513,0.07999999821186066,0.20000000298023224,0.027499999850988388,5.0,2.0,1.2000000476837158,0.3877978026866913,0.4251243472099304,-0.037326544523239136,0.9062770009040833,1.3842159509658813,0.3629768490791321,0.8710245490074158,0.8710245490074158
2,2,290,3,1,0,valid_not_selected,0.7446917295455933,0.05895698815584183,1.0000001192092896,0.21067140996456146,5266.78515625,2.726856231689453,12500000.0,0.009999999776482582,0.0020000000949949026,60.0,180.0,300.0,0.02500000037252903,0.23000000417232513,0.07999999821186066,0.20000000298023224,0.027499999850988388,5.0,2.0,1.2000000476837158,0.49251437187194824,0.46509385108947754,0.0274205319583416,1.216872215270996,2.369927406311035,0.8364064693450928,0.9913175702095032,0.9913175702095032
2,2,291,11,1,0,valid_not_selected,0.6068500280380249,0.09989472478628159,1.751116156578064,0.07308328151702881,1827.0819091796875,8.545862197875977,480000.0,0.009999999776482582,0.0020000000949949026,60.0,180.0,300.0,0.02500000037252903,0.23000000417232513,0.07999999821186066,0.20000000298023224,0.027499999850988388,5.0,2.0,1.2000000476837158,0.044728461652994156,0.0406661294400692,0.00406233174726367,0.8413833975791931,1.7245583534240723,0.815416693687439,0.9806192517280579,0.9806192517280579
2,2,292,1,1,0,valid_not_selected,0.7913418412208557,0.046805042773485184,1.0000014305114746,0.2721780240535736,6804.4501953125,4.551527500152588,12500000.0,0.019999999552965164,0.0020000000949949026,60.0,180.0,300.0,0.02500000037252903,0.23000000417232513,0.07999999821186066,0.20000000298023224,0.027499999850988388,5.0,2.0,1.2000000476837158,1.192186951637268,1.1388815641403198,0.053305402398109436,1.117370367050171,2.0744731426239014,0.8112767934799194,0.987406313419342,0.987406313419342
2,2,293,1,1,0,valid_not_selected,0.7925407290458679,0.046502284705638885,1.0000014305114746,0.28492608666419983,7123.15185546875,4.987874507904053,12500000.0,0.019999999552965164,0.0020000000949949026,60.0,180.0,300.0,0.02500000037252903,0.23000000417232513,0.07999999821186066,0.20000000298023224,0.027499999850988388,5.0,2.0,1.2000000476837158,1.3049838542938232,1.2469956874847412,0.05798814818263054,1.122212529182434,2.0745716094970703,0.8100807666778564,0.986230194568634,0.986230194568634
2,2,294,10,1,0,valid_not_selected,0.6122230887413025,0.0981317088007927,1.334501028060913,0.3454948961734772,8637.373046875,190.98667907714844,480000.0,0.009999999776482582,0.0020000000949949026,60.0,120.0,240.0,0.02500000037252903,0.23000000417232513,0.07999999821186066,0.20000000298023224,0.027499999850988388,5.0,2.0,1.2000000476837158,0.4994630217552185,0.5538092851638794,-0.05434625223278999,0.8186275959014893,1.181152582168579,0.26897528767585754,0.6953588128089905,0.6953588128089905
2,2,295,11,1,0,valid_not_selected,0.5187743902206421,0.09934020042419434,2.1595852375030518,0.056215960532426834,1405.3990478515625,5.056373119354248,480000.0,0.009999999776482582,0.0020000000949949026,60.0,180.0,300.0,0.02500000037252903,0.23000000417232513,0.07999999821186066,0.20000000298023224,0.027499999850988388,5.0,2.0,1.2000000476837158,0.06671901047229767,0.06069004535675049,0.006028961390256882,1.5653798580169678,4.897636890411377,0.8537285923957825,0.9684074521064758,0.9684074521064758
2,2,296,3,1,1,accepted,0.7754482626914978,0.05086280405521393,1.0000001192092896,0.39119452238082886,9779.86328125,9.40235424041748,12500000.0,0.009999999776482582,0.0020000000949949026,60.0,180.0,300.0,0.02500000037252903,0.23000000417232513,0.07999999821186066,0.20000000298023224,0.027499999850988388,5.0,2.0,1.2000000476837158,1.60699462890625,1.5292145013809204,0.07778013497591019,1.3282109498977661,2.1669063568115234,0.8088568449020386,0.9736477732658386,0.9736477732658386
2,2,297,2,1,0,valid_not_selected,0.95545494556427,0.009113532491028309,1.8220871686935425,0.1970074474811554,4925.18603515625,2.3846044540405273,12500000.0,0.009999999776482582,0.0020000000949949026,20.0,120.0,240.0,0.02500000037252903,0.23000000417232513,0.07999999821186066,0.20000000298023224,0.027499999850988388,5.0,2.0,1.2000000476837158,0.3206726908683777,0.317776620388031,0.002896067686378956,1.1344608068466187,1.8332833051681519,0.7388268709182739,0.9897549748420715,0.9897549748420715
2,2,298,0,1,0,valid_not_selected,0.9035907983779907,0.02027573063969612,1.8220871686935425,0.24530045688152313,6132.51123046875,3.696986198425293,12500000.0,0.019999999552965164,0.0020000000949949026,20.0,120.0,240.0,0.02500000037252903,0.23000000417232513,0.07999999821186066,0.20000000298023224,0.027499999850988388,5.0,2.0,1.2000000476837158,0.7803753614425659,0.7648671269416809,0.015508239157497883,1.1139882802963257,1.7596982717514038,0.7564182877540588,0.9848502278327942,0.9848502278327942
2,2,299,2,1,0,valid_not_selected,0.9548922777175903,0.009231352247297764,1.8220871686935425,0.22152505815029144,5538.1259765625,3.0150656700134277,12500000.0,0.009999999776482582,0.0020000000949949026,20.0,120.0,240.0,0.02500000037252903,0.23000000417232513,0.07999999821186066,0.20000000298023224,0.027499999850988388,5.0,2.0,1.2000000476837158,0.40723252296447754,0.4035075902938843,0.0037249205633997917,1.144282579421997,1.8436460494995117,0.7362115979194641,0.9870186448097229,0.9870186448097229
2,2,300,10,1,0,valid_not_selected,0.6151297688484192,0.09718441218137741,1.0186865329742432,0.25642842054367065,6410.7099609375,105.20880889892578,480000.0,0.009999999776482582,0.0020000000949949026,60.0,120.0,240.0,0.02500000037252903,0.23000000417232513,0.07999999821186066,0.20000000298023224,0.027499999850988388,5.0,2.0,1.2000000476837158,0.3413543999195099,0.37809979915618896,-0.036745406687259674,0.9243262410163879,1.4130678176879883,0.2772080898284912,0.7516443133354187,0.7516443133354187
2,2,301,1,1,0,valid_not_selected,0.7977129817008972,0.04520128667354584,1.0000014305114746,0.3477746248245239,8694.365234375,7.43099308013916,12500000.0,0.019999999552965164,0.0020000000949949026,60.0,180.0,300.0,0.02500000037252903,0.23000000417232513,0.07999999821186066,0.20000000298023224,0.027499999850988388,5.0,2.0,1.2000000476837158,1.932639479637146,1.8490595817565918,0.08357987552881241,1.1563374996185303,2.070458173751831,0.8034213185310364,0.9798045754432678,0.9798045754432678
2,2,302,11,1,0,valid_not_selected,0.6294287443161011,0.09258852154016495,1.2693533897399902,0.32490766048431396,8122.69091796875,168.9039306640625,480000.0,0.009999999776482582,0.0020000000949949026,60.0,180.0,300.0,0.02500000037252903,0.23000000417232513,0.07999999821186066,0.20000000298023224,0.027499999850988388,5.0,2.0,1.2000000476837158,0.5274956226348877,0.5813190937042236,-0.053823474794626236,0.9090316891670227,1.3019229173660278,0.32959631085395813,0.8506837487220764,0.8506837487220764
2,2,303,10,1,0,valid_not_selected,0.6157369613647461,0.09698708355426788,1.0186865329742432,0.24607712030410767,6151.927734375,96.88629150390625,480000.0,0.009999999776482582,0.0020000000949949026,60.0,120.0,240.0,0.02500000037252903,0.23000000417232513,0.07999999821186066,0.20000000298023224,0.027499999850988388,5.0,2.0,1.2000000476837158,0.3246321976184845,0.3594989478588104,-0.034866753965616226,0.942474901676178,1.4518221616744995,0.27878662943840027,0.7591044306755066,0.7591044306755066
2,2,304,1,1,0,valid_not_selected,0.5379056334495544,0.09669660776853561,2.1365890502929688,0.06678327918052673,1669.5819091796875,0.2740227282047272,12500000.0,0.019999999552965164,0.0020000000949949026,60.0,180.0,300.0,0.02500000037252903,0.23000000417232513,0.07999999821186066,0.20000000298023224,0.027499999850988388,5.0,2.0,1.2000000476837158,0.18583370745182037,0.1694485992193222,0.01638510450720787,1.5209559202194214,5.347944259643555,0.9211843609809875,0.9980096220970154,0.9980096220970154
2,2,305,10,1,0,valid_not_selected,0.6116808652877808,0.09830892086029053,1.4341188669204712,0.3795253336429596,9488.1328125,230.4630889892578,480000.0,0.009999999776482582,0.0020000000949949026,60.0,120.0,240.0,0.02500000037252903,0.23000000417232513,0.07999999821186066,0.20000000298023224,0.027499999850988388,5.0,2.0,1.2000000476837158,0.5681965947151184,0.6301455497741699,-0.061948928982019424,0.7946411371231079,1.1288155317306519,0.26730799674987793,0.6763885617256165,0.6763885617256165
2,2,306,8,1,0,valid_not_selected,0.6142551898956299,0.09746897220611572,1.0186865329742432,0.22747761011123657,5686.9404296875,82.79367065429688,480000.0,0.019999999552965164,0.0020000000949949026,60.0,120.0,240.0,0.02500000037252903,0.23000000417232513,0.07999999821186066,0.20000000298023224,0.027499999850988388,5.0,2.0,1.2000000476837158,0.4398992657661438,0.48740625381469727,-0.04750698804855347,1.0056791305541992,1.4018155336380005,0.275835245847702,0.7847208976745605,0.7847208976745605
2,2,307,3,1,0,valid_not_selected,0.7572876214981079,0.055602431297302246,1.0000001192092896,0.2522743344306946,6306.8583984375,3.910184144973755,12500000.0,0.009999999776482582,0.0020000000949949026,60.0,180.0,300.0,0.02500000037252903,0.23000000417232513,0.07999999821186066,0.20000000298023224,0.027499999850988388,5.0,2.0,1.2000000476837158,0.6804856061935425,0.6446419358253479,0.035843659192323685,1.2137902975082397,2.2682154178619385,0.8295803070068359,0.9881534576416016,0.9881534576416016
2,2,308,11,1,0,valid_not_selected,0.6204332113265991,0.0954674556851387,1.5640933513641357,0.42901521921157837,10725.380859375,294.48638916015625,480000.0,0.009999999776482582,0.0020000000949949026,60.0,180.0,300.0,0.02500000037252903,0.23000000417232513,0.07999999821186066,0.20000000298023224,0.027499999850988388,5.0,2.0,1.2000000476837158,0.8557836413383484,0.94610595703125,-0.0903223305940628,0.9471743702888489,1.220638394355774,0.3015250265598297,0.7949112057685852,0.7949112057685852
2,2,309,0,1,1,accepted,0.9938358068466187,0.0012366562150418758,1.8220871686935425,0.35474440455436707,8868.6103515625,7.731828689575195,12500000.0,0.019999999552965164,0.0020000000949949026,20.0,120.0,240.0,0.02500000037252903,0.23000000417232513,0.07999999821186066,0.20000000298023224,0.027499999850988388,5.0,2.0,1.2000000476837158,1.6847188472747803,1.6868048906326294,-0.002085997723042965,1.188192367553711,1.9502654075622559,0.6972862482070923,0.9658026695251465,0.9658026695251465
2,2,310,3,1,1,accepted,0.7833327054977417,0.04883955046534538,1.0906357765197754,0.4535592198371887,11338.98046875,12.639185905456543,12500000.0,0.009999999776482582,0.0020000000949949026,60.0,180.0,300.0,0.02500000037252903,0.23000000417232513,0.07999999821186066,0.20000000298023224,0.027499999850988388,5.0,2.0,1.2000000476837158,2.1884803771972656,2.0865731239318848,0.10190729051828384,1.405011773109436,2.175508737564087,0.7966889142990112,0.9652323126792908,0.9652323126792908
2,2,311,11,1,0,valid_not_selected,0.6192806959152222,0.09583933651447296,1.636942744255066,0.4595244228839874,11488.1103515625,337.8601989746094,480000.0,0.009999999776482582,0.0020000000949949026,60.0,180.0,300.0,0.02500000037252903,0.23000000417232513,0.07999999821186066,0.20000000298023224,0.027499999850988388,5.0,2.0,1.2000000476837158,0.9587489366531372,1.0603744983673096,-0.10162559151649475,0.9574868679046631,1.203262209892273,0.2970847487449646,0.7728915214538574,0.7728915214538574
2,2,312,9,1,0,valid_not_selected,0.7514215111732483,0.05715771019458771,1.0710058212280273,0.26947924494743347,6736.98095703125,116.19046783447266,480000.0,0.019999999552965164,0.0020000000949949026,60.0,180.0,300.0,0.02500000037252903,0.23000000417232513,0.07999999821186066,0.20000000298023224,0.027499999850988388,5.0,2.0,1.2000000476837158,0.6808763146400452,0.7221529483795166,-0.041276607662439346,1.0529168844223022,1.4936546087265015,0.45995378494262695,0.8664578795433044,0.8664578795433044
2,2,313,1,1,1,accepted,0.8152777552604675,0.04084528982639313,1.190513253211975,0.48361384868621826,12090.345703125,14.36972713470459,12500000.0,0.019999999552965164,0.0020000000949949026,60.0,180.0,300.0,0.02500000037252903,0.23000000417232513,0.07999999821186066,0.20000000298023224,0.027499999850988388,5.0,2.0,1.2000000476837158,3.6912684440612793,3.5464141368865967,0.14485430717468262,1.2679126262664795,2.0575406551361084,0.780635416507721,0.9628717303276062,0.9628717303276062
2,2,314,0,1,0,valid_not_selected,0.8672520518302917,0.028485126793384552,1.8220871686935425,0.496878057718277,12421.951171875,15.168782234191895,12500000.0,0.019999999552965164,0.0020000000949949026,20.0,120.0,240.0,0.02500000037252903,0.23000000417232513,0.07999999821186066,0.20000000298023224,0.027499999850988388,5.0,2.0,1.2000000476837158,3.0604121685028076,3.150144338607788,-0.08973225951194763,1.2471644878387451,1.9598064422607422,0.6039692759513855,0.9357566237449646,0.9357566237449646
2,2,315,3,1,1,accepted,0.7746742367744446,0.051062535494565964,1.0000001192092896,0.38431644439697266,9607.9111328125,9.07463264465332,12500000.0,0.009999999776482582,0.0020000000949949026,60.0,180.0,300.0,0.02500000037252903,0.23000000417232513,0.07999999821186066,0.20000000298023224,0.027499999850988388,5.0,2.0,1.2000000476837158,1.549207091331482,1.473943829536438,0.07526330649852753,1.3201303482055664,2.1669421195983887,0.810063362121582,0.9745108485221863,0.9745108485221863
2,2,316,10,1,0,valid_not_selected,0.6175429821014404,0.09640131890773773,1.0186865329742432,0.22228722274303436,5557.18017578125,79.05854797363281,480000.0,0.009999999776482582,0.0020000000949949026,60.0,120.0,240.0,0.02500000037252903,0.23000000417232513,0.07999999821186066,0.20000000298023224,0.027499999850988388,5.0,2.0,1.2000000476837158,0.28686773777008057,0.31747251749038696,-0.0306047685444355,0.9902040958404541,1.5501705408096313,0.28320613503456116,0.7775273323059082,0.7775273323059082
2,2,317,10,1,1,accepted,0.8493213653564453,0.032663531601428986,1.269492506980896,0.09958311915397644,2489.577880859375,15.866869926452637,480000.0,0.009999999776482582,0.0020000000949949026,60.0,120.0,240.0,0.02500000037252903,0.23000000417232513,0.07999999821186066,0.20000000298023224,0.027499999850988388,5.0,2.0,1.2000000476837158,0.08796311914920807,0.09093332290649414,-0.002970203524455428,1.1589844226837158,1.872434139251709,0.39867347478866577,0.9252972602844238,0.9252972602844238
2,2,318,1,1,0,valid_not_selected,0.775715172290802,0.050793975591659546,1.0217944383621216,0.19109059870243073,4777.2646484375,2.243518829345703,12500000.0,0.019999999552965164,0.0020000000949949026,60.0,180.0,300.0,0.02500000037252903,0.23000000417232513,0.07999999821186066,0.20000000298023224,0.027499999850988388,5.0,2.0,1.2000000476837158,0.588178277015686,0.559746503829956,0.02843175083398819,1.1064348220825195,2.0439164638519287,0.8197978138923645,0.9938127398490906,0.9938127398490906
2,2,319,2,1,0,valid_not_selected,0.9581974744796753,0.008540273644030094,1.8220871686935425,0.24721212685108185,6180.302734375,3.7548329830169678,12500000.0,0.009999999776482582,0.0020000000949949026,20.0,120.0,240.0,0.02500000037252903,0.23000000417232513,0.07999999821186066,0.20000000298023224,0.027499999850988388,5.0,2.0,1.2000000476837158,0.5112022161483765,0.506873369216919,0.004328837152570486,1.1577341556549072,1.8667047023773193,0.7319302558898926,0.9837020039558411,0.9837020039558411
