sample_index,split,source_id,sample_weight,aux_weight,config_index,config_name,velocity_index,U,Re,Ca,F_target,F_pred,F_physics,F_residual,F_stem,F_leaf,Fcol_1_pred,Fcol_2_pred,Fcol_3_pred,Fcol_1_true,Fcol_2_true,Fcol_3_true,Cd_stem_eff,Cd_leaf_eff,shielding_coef,shielding_target,angle_diff_deg,reconfiguration_factor,reconfiguration_correction,reconfiguration_gain,column_correction_1,column_correction_2,column_correction_3
0,train,0,1.0,1.0,0,PVC_20_0,0,0.05000000074505806,1250.0,0.15360000729560852,0.07093784958124161,0.0362057127058506,0.03515125438570976,0.0010544575052335858,0.009394574910402298,0.025756679475307465,0.00247955578379333,0.0078192837536335,0.015457840636372566,0.0008135348907671869,0.012708019465208054,0.012708019465208054,1.3070712089538574,2.0759077072143555,0.5184712409973145,0.9039982557296753,100.79964447021484,0.9992440342903137,0.0012186182430014014,0.9992440342903137,1.0220733880996704,0.9686635732650757,0.9941349029541016
1,train,0,1.0,1.0,0,PVC_20_0,1,0.07500000298023224,1875.0,0.3456000089645386,0.17443148791790009,0.08139580488204956,0.07902698218822479,0.0023688196670264006,0.021137792617082596,0.0578891858458519,0.005572276655584574,0.0175933837890625,0.03472352772951126,0.0018697602208703756,0.027825873345136642,0.027825873345136642,1.3070712089538574,2.0759077072143555,0.5184712409973145,0.9087178111076355,101.7435531616211,0.9983009696006775,-0.004552222788333893,0.9983009696006775,1.0220733880996704,0.9686635732650757,0.9941349029541016
2,val,0,1.0,1.0,0,PVC_20_0,2,0.10000000149011612,2500.0,0.6144000291824341,0.14795003831386566,0.14228171110153198,0.14033514261245728,0.0019465687219053507,0.03757829964160919,0.10275684297084808,0.009889604523777962,0.031277135014534,0.061590105295181274,0.003428105963394046,0.0476507768034935,0.0476507768034935,1.3070712089538574,2.0759077072143555,0.5184712409973145,0.91482013463974,102.96401977539062,0.9969842433929443,0.004351290408521891,0.9969842433929443,1.0220733880996704,0.9686635732650757,0.9941349029541016
3,train,0,1.0,1.0,0,PVC_20_0,3,0.125,3125.0,0.9599999785423279,0.20464740693569183,0.21240836381912231,0.2189585566520691,-0.006550193764269352,0.05871609225869179,0.1602424681186676,0.01541918981820345,0.0488705188035965,0.09595274925231934,0.005584338214248419,0.07105002552270889,0.07105002552270889,1.3070712089538574,2.0759077072143555,0.5184712409973145,0.9218372106552124,104.36743927001953,0.9952974319458008,-0.005502539221197367,0.9952974319458008,1.0220733880996704,0.9686635732650757,0.9941349029541016
4,val,0,1.0,1.0,0,PVC_20_0,4,0.15000000596046448,3750.0,1.3824000358581543,0.270246684551239,0.30530616641044617,0.31474775075912476,-0.00944158062338829,0.08455117046833038,0.23019656538963318,0.022145377472043037,0.07037353515625,0.1376776546239853,0.008491037413477898,0.09684506058692932,0.09684506058692932,1.3070712089538574,2.0759077072143555,0.5184712409973145,0.9292217493057251,105.84434509277344,0.9932453036308289,-0.004321985878050327,0.9932453036308289,1.0220733880996704,0.9686635732650757,0.9941349029541016
5,train,0,1.0,1.0,0,PVC_20_0,5,0.17499999701976776,4375.0,1.881600022315979,0.3938428461551666,0.41469648480415344,0.42752182483673096,-0.012825341895222664,0.11508353054523468,0.31243830919265747,0.030049320310354233,0.0957862064242363,0.18660280108451843,0.012395291589200497,0.12395953387022018,0.12395953387022018,1.3070712089538574,2.0759077072143555,0.5184712409973145,0.9363734722137451,107.27469635009766,0.9908337593078613,-0.0009178852196782827,0.9908337593078613,1.0220733880996704,0.9686635732650757,0.9941349029541016
6,train,0,1.0,1.0,0,PVC_20_0,6,0.20000000298023224,5000.0,2.4576001167297363,0.43085381388664246,0.5403579473495483,0.5570697784423828,-0.01671186089515686,0.15031319856643677,0.40675660967826843,0.039109185338020325,0.125108540058136,0.24253888428211212,0.01771606132388115,0.1515229493379593,0.1515229493379593,1.3070712089538574,2.0759077072143555,0.5184712409973145,0.9426351189613342,108.52703094482422,0.9880697131156921,0.0005832258029840887,0.9880697131156921,1.0220733880996704,0.9686635732650757,0.9941349029541016
7,train,0,1.0,1.0,0,PVC_20_0,7,0.22499999403953552,5625.0,3.1103999614715576,0.6180073022842407,0.6820570230484009,0.7031513452529907,-0.021094316616654396,0.19024011492729187,0.5129112601280212,0.04930031672120094,0.1583404392004013,0.3052704930305481,0.025219960138201714,0.178911954164505,0.178911954164505,1.3070712089538574,2.0759077072143555,0.5184712409973145,0.9472165703773499,109.44332122802734,0.9849613308906555,0.0003977250016760081,0.9849613308906555,1.0220733880996704,0.9686635732650757,0.9941349029541016
8,train,0,1.0,1.0,0,PVC_20_0,8,0.25,6250.0,3.8399999141693115,0.8448036313056946,0.8395354151725769,0.8655002117156982,-0.0259647686034441,0.23486436903476715,0.6306358575820923,0.06059551239013672,0.195482075214386,0.3745582401752472,0.03648537024855614,0.2057376205921173,0.2057376205921173,1.3070712089538574,2.0759077072143555,0.5184712409973145,0.9489527344703674,109.79054260253906,0.9815180897712708,-0.0006451195804402232,0.9815180897712708,1.0220733880996704,0.9686635732650757,0.9941349029541016
9,train,0,1.0,1.0,0,PVC_20_0,9,0.2750000059604645,6875.0,4.646399974822998,1.050018072128296,1.0125097036361694,1.0438241958618164,-0.03131446614861488,0.28418588638305664,0.7596383094787598,0.07296520471572876,0.2365332990884781,0.4501397907733917,0.055444035679101944,0.2318010926246643,0.2318010926246643,1.3070712089538574,2.0759077072143555,0.5184712409973145,0.9455310702323914,109.10620880126953,0.9777507781982422,-0.001941762282513082,0.9777507781982422,1.0220733880996704,0.9686635732650757,0.9941349029541016
10,train,0,1.0,1.0,0,PVC_20_0,10,0.30000001192092896,7500.0,5.529600143432617,1.2444380521774292,1.2006754875183105,1.237809419631958,-0.037133991718292236,0.33820468187332153,0.8996047377586365,0.08637773990631104,0.281494140625,0.5317328572273254,0.09599050879478455,0.25704047083854675,0.25704047083854675,1.3070712089538574,2.0759077072143555,0.5184712409973145,0.9301102161407471,106.02204132080078,0.9736709594726562,-0.0031563404481858015,0.9736709594726562,1.0220733880996704,0.9686635732650757,0.9941349029541016
11,train,0,1.0,1.0,0,PVC_20_0,11,0.32499998807907104,8125.0,6.48960018157959,1.354056715965271,1.4037094116210938,1.4471228122711182,-0.04341335967183113,0.39692074060440063,1.0502020120620728,0.10079967230558395,0.3303646743297577,0.6190376281738281,0.2500753104686737,0.28148239850997925,0.28148239850997925,1.3070712089538574,2.0759077072143555,0.5184712409973145,0.8688808679580688,93.77617645263672,0.9692919850349426,-0.004129775799810886,0.9692919850349426,1.0220733880996704,0.9686635732650757,0.9941349029541016
12,val,0,1.0,1.0,0,PVC_20_0,12,0.3499999940395355,8750.0,7.526400089263916,1.6986725330352783,1.621272325515747,1.6714143753051758,-0.0501420684158802,0.4603341221809387,1.2110803127288818,0.11619600653648376,0.3831448256969452,0.7117394804954529,0.5733868479728699,0.30520471930503845,0.30520471930503845,1.3070712089538574,2.0759077072143555,0.5184712409973145,0.778120756149292,75.62416076660156,0.9646282196044922,-0.0048048594035208225,0.9646282196044922,1.0220733880996704,0.9686635732650757,0.9941349029541016
13,train,0,1.0,1.0,0,PVC_20_0,13,0.375,9375.0,8.640000343322754,1.9440239667892456,1.8530129194259644,1.9103221893310547,-0.057309262454509735,0.5284448266029358,1.3818774223327637,0.13253048062324524,0.43983468413352966,0.8095122575759888,0.8262953162193298,0.3283105492591858,0.3283105492591858,1.3070712089538574,2.0759077072143555,0.5184712409973145,0.7271667718887329,65.43335723876953,0.9596949219703674,-0.005175807047635317,0.9596949219703674,1.0220733880996704,0.9686635732650757,0.9941349029541016
14,train,0,1.0,1.0,0,PVC_20_0,14,0.4000000059604645,10000.0,9.830400466918945,2.125422716140747,2.0985705852508545,2.1634743213653564,-0.06490378081798553,0.6012527942657471,1.5622215270996094,0.14976586401462555,0.500434160232544,0.9120215177536011,1.0331017971038818,0.3509112596511841,0.3509112596511841,1.3070712089538574,2.0759077072143555,0.5184712409973145,0.6930793523788452,58.615875244140625,0.9545088410377502,-0.005266835447400808,0.9545088410377502,1.0220733880996704,0.9686635732650757,0.9941349029541016
15,train,0,1.0,1.0,0,PVC_20_0,15,0.42500001192092896,10625.0,11.097599983215332,2.3944380283355713,2.357578992843628,2.4304933547973633,-0.07291430979967117,0.6787580251693726,1.7517354488372803,0.16786408424377441,0.5649431347846985,1.0189282894134521,1.2118146419525146,0.3731164038181305,0.3731164038181305,1.3070712089538574,2.0759077072143555,0.5184712409973145,0.6676045656204224,53.52091598510742,0.9490873217582703,-0.005108634475618601,0.9490873217582703,1.0220733880996704,0.9686635732650757,0.9941349029541016
16,train,0,1.0,1.0,0,PVC_20_0,16,0.44999998807907104,11250.0,12.44159984588623,2.6817269325256348,2.6296722888946533,2.7110018730163574,-0.08132951706647873,0.7609604597091675,1.9500412940979004,0.18678678572177887,0.6333617568016052,1.1298927068710327,1.370949149131775,0.395028293132782,0.395028293132782,1.3070712089538574,2.0759077072143555,0.5184712409973145,0.6474189162254333,49.48377990722656,0.943448543548584,-0.004737645387649536,0.943448543548584,1.0220733880996704,0.9686635732650757,0.9941349029541016
17,train,0,1.0,1.0,0,PVC_20_0,17,0.4749999940395355,11875.0,13.86240005493164,2.9678232669830322,2.9144859313964844,3.004624128341675,-0.09013812988996506,0.8478603363037109,2.156763792037964,0.20649540424346924,0.7056903839111328,1.2445780038833618,1.515420913696289,0.4167393147945404,0.4167393147945404,1.3070712089538574,2.0759077072143555,0.5184712409973145,0.6308286190032959,46.16572570800781,0.9376114010810852,-0.004186443518847227,0.9376114010810852,1.0220733880996704,0.9686635732650757,0.9941349029541016
18,train,0,1.0,1.0,0,PVC_20_0,18,0.5,12500.0,15.359999656677246,3.0878708362579346,3.2116594314575195,3.310988426208496,-0.09932900965213776,0.9394574761390686,2.3715310096740723,0.22695116698741913,0.781928300857544,1.3626515865325928,1.6484487056732178,0.4383312165737152,0.4383312165737152,1.3070712089538574,2.0759077072143555,0.5184712409973145,0.6168425679206848,43.36851501464844,0.9315952658653259,-0.0034866060595959425,0.9315952658653259,1.0220733880996704,0.9686635732650757,0.9941349029541016
19,train,0,1.0,1.0,1,PVC_20_180,0,0.05000000074505806,1250.0,0.15360000729560852,0.30792152881622314,0.04198777303099632,0.040764834731817245,0.0012229382991790771,0.009394574910402298,0.03137025982141495,0.015892256051301956,1.0425710961214918e-08,0.015477994456887245,0.013280894607305527,1.3017747316988583e-22,0.013280894607305527,1.3070712089538574,2.0759077072143555,0.5184712409973145,0.9950531721115112,119.01063537597656,0.9995658993721008,0.008074412122368813,0.9995658993721008,1.0220733880996704,0.9686635732650757,0.9941349029541016
20,val,0,1.0,1.0,1,PVC_20_180,1,0.07500000298023224,1875.0,0.3456000089645386,0.17357100546360016,0.09441252797842026,0.09166266024112701,0.002749864710494876,0.021137792617082596,0.07052487134933472,0.03569936752319336,2.345784899659975e-08,0.03482548147439957,0.030723044648766518,2.8289993467871503e-22,0.030723044648766518,1.3070712089538574,2.0759077072143555,0.5184712409973145,0.9886112809181213,117.72225952148438,0.9990240931510925,0.0024485557805746794,0.9990240931510925,1.0220733880996704,0.9686635732650757,0.9941349029541016
21,train,0,1.0,1.0,1,PVC_20_180,2,0.10000000149011612,2500.0,0.6144000291824341,0.34319770336151123,0.16769562661647797,0.1628113090991974,0.004884311929345131,0.03757829964160919,0.1252330094575882,0.06332098692655563,4.170284384485967e-08,0.06191197782754898,0.05678054317831993,4.807654095618108e-22,0.05678054317831993,1.3070712089538574,2.0759077072143555,0.5184712409973145,0.9791058301925659,115.8211669921875,0.9982669949531555,0.0005731935962103307,0.9982669949531555,1.0220733880996704,0.9686635732650757,0.9941349029541016
22,train,0,1.0,1.0,1,PVC_20_180,3,0.125,3125.0,0.9599999785423279,0.31932196021080017,0.2617260217666626,0.2541029751300812,0.007623047102242708,0.05871609225869179,0.1953868716955185,0.09864934533834457,6.516069106510258e-08,0.09673745930194855,0.09318999201059341,7.104417698677035e-22,0.09318999201059341,1.3070712089538574,2.0759077072143555,0.5184712409973145,0.9660651087760925,113.21302032470703,0.997296154499054,0.00041095164488069713,0.997296154499054,1.0220733880996704,0.9686635732650757,0.9941349029541016
23,train,0,1.0,1.0,1,PVC_20_180,4,0.15000000596046448,3750.0,1.3824000358581543,0.31083568930625916,0.37636202573776245,0.3654000759124756,0.010961941443383694,0.08455117046833038,0.2808489203453064,0.14154691994190216,9.3831395986399e-08,0.13930192589759827,0.14211547374725342,3.0935381589327246e-21,0.14211547374725342,1.3070712089538574,2.0759077072143555,0.5184712409973145,0.9489836692810059,109.7967300415039,0.9961134791374207,0.000970510474871844,0.9961134791374207,1.0220733880996704,0.9686635732650757,0.9941349029541016
24,train,0,1.0,1.0,1,PVC_20_180,5,0.17499999701976776,4375.0,1.881600022315979,0.5591400265693665,0.5114322304725647,0.4965362548828125,0.014896003529429436,0.11508353054523468,0.3814527094364166,0.19184717535972595,1.2771494084518054e-07,0.18960539996623993,0.20557907223701477,4.078542853266631e-21,0.20557907223701477,1.3070712089538574,2.0759077072143555,0.5184712409973145,0.927563488483429,105.51270294189453,0.9947217106819153,0.0017510094912722707,0.9947217106819153,1.0220733880996704,0.9686635732650757,0.9941349029541016
25,train,0,1.0,1.0,1,PVC_20_180,6,0.20000000298023224,5000.0,2.4576001167297363,0.6062102913856506,0.666736364364624,0.6473169922828674,0.01941940002143383,0.15031319856643677,0.49700379371643066,0.2493557333946228,1.6681137537943869e-07,0.24764791131019592,0.28418269753456116,5.143182058862414e-21,0.28418269753456116,1.3070712089538574,2.0759077072143555,0.5184712409973145,0.9021280407905579,100.42560577392578,0.9931241869926453,0.002500091213732958,0.9931241869926453,1.0220733880996704,0.9686635732650757,0.9941349029541016
26,train,0,1.0,1.0,1,PVC_20_180,7,0.22499999403953552,5625.0,3.1103999614715576,0.8631705045700073,0.8420464396476746,0.8175209760665894,0.024525489658117294,0.19024011492729187,0.6272808313369751,0.31385135650634766,2.1112062142947252e-07,0.3134292960166931,0.3756729066371918,6.2701978720074416e-21,0.3756729066371918,1.3070712089538574,2.0759077072143555,0.5184712409973145,0.8739358186721802,94.78716278076172,0.9913249015808105,0.00309888762421906,0.9913249015808105,1.0220733880996704,0.9686635732650757,0.9941349029541016
27,train,0,1.0,1.0,1,PVC_20_180,8,0.25,6250.0,3.8399999141693115,1.0573121309280396,1.0371099710464478,1.006903052330017,0.030206914991140366,0.23486436903476715,0.7720386981964111,0.38508856296539307,2.6064276426041033e-07,0.3869498372077942,0.47503334283828735,2.200904255082346e-21,0.47503334283828735,1.3070712089538574,2.0759077072143555,0.5184712409973145,0.8448962569236755,88.97925567626953,0.9893288016319275,0.0034958820324391127,0.9893288016319275,1.0220733880996704,0.9686635732650757,0.9941349029541016
28,val,0,1.0,1.0,1,PVC_20_180,9,0.2750000059604645,6875.0,4.646399974822998,1.2427419424057007,1.2516497373580933,1.2151941061019897,0.036455608904361725,0.28418588638305664,0.9310082197189331,0.4627985656261444,3.153776901854144e-07,0.46820929646492004,0.5766147971153259,2.6106018041597455e-21,0.5766147971153259,1.3070712089538574,2.0759077072143555,0.5184712409973145,0.8167735934257507,83.3547134399414,0.9871415495872498,0.0036757553461939096,0.9871415495872498,1.0220733880996704,0.9686635732650757,0.9941349029541016
29,train,0,1.0,1.0,1,PVC_20_180,10,0.30000001192092896,7500.0,5.529600143432617,1.5060391426086426,1.4853684902191162,1.4421055316925049,0.04326290637254715,0.33820468187332153,1.1039007902145386,0.5466927289962769,3.75325583945596e-07,0.5572077035903931,0.6762266159057617,3.0584045913771367e-21,0.6762266159057617,1.3070712089538574,2.0759077072143555,0.5184712409973145,0.7906438708305359,78.12877655029297,0.9847699999809265,0.0036449420731514692,0.9847699999809265,1.0220733880996704,0.9686635732650757,0.9941349029541016
30,train,0,1.0,1.0,1,PVC_20_180,11,0.32499998807907104,8125.0,6.48960018157959,1.597334623336792,1.7379508018493652,1.687331199645996,0.05061962828040123,0.39692074060440063,1.2904105186462402,0.6364648938179016,4.4048624658898916e-07,0.6539451479911804,0.771656334400177,3.5438832744536875e-21,0.771656334400177,1.3070712089538574,2.0759077072143555,0.5184712409973145,0.766912579536438,73.38251495361328,0.982221782207489,0.0034168881829828024,0.982221782207489,1.0220733880996704,0.9686635732650757,0.9941349029541016
31,train,0,1.0,1.0,1,PVC_20_180,12,0.3499999940395355,8750.0,7.526400089263916,1.9695085287094116,2.0090670585632324,1.9505507946014404,0.05851616710424423,0.4603341221809387,1.4902167320251465,0.731794536113739,5.108597633807221e-07,0.7584215998649597,0.8621596693992615,1.1680538468040135e-22,0.8621596693992615,1.3070712089538574,2.0759077072143555,0.5184712409973145,0.7455744743347168,69.1148910522461,0.9795053601264954,0.0030097721610218287,0.9795053601264954,1.0220733880996704,0.9686635732650757,0.9941349029541016
32,train,0,1.0,1.0,1,PVC_20_180,13,0.375,9375.0,8.640000343322754,2.2906291484832764,2.2983758449554443,2.231433153152466,0.06694258004426956,0.5284448266029358,1.7029882669448853,0.8323505520820618,5.864462195859232e-07,0.8706371188163757,0.9478147625923157,1.0756810115930194e-22,0.9478147625923157,1.3070712089538574,2.0759077072143555,0.5184712409973145,0.7264378666877747,65.2875747680664,0.9766305088996887,0.0024438973050564528,0.9766305088996887,1.0220733880996704,0.9686635732650757,0.9941349029541016
33,train,0,1.0,1.0,1,PVC_20_180,14,0.4000000059604645,10000.0,9.830400466918945,2.650298833847046,2.6055283546447754,2.529639720916748,0.0758887231349945,0.6012527942657471,1.9283868074417114,0.9377945065498352,6.672455015177547e-07,0.9905916452407837,1.0290770530700684,9.475226058219414e-23,1.0290770530700684,1.3070712089538574,2.0759077072143555,0.5184712409973145,0.7092531323432922,61.850624084472656,0.9736077785491943,0.0017381069483235478,0.9736077785491943,1.0220733880996704,0.9686635732650757,0.9941349029541016
34,train,0,1.0,1.0,1,PVC_20_180,15,0.42500001192092896,10625.0,11.097599983215332,2.8269872665405273,2.9301724433898926,2.8448281288146973,0.08534430712461472,0.6787580251693726,2.166069984436035,1.0477842092514038,7.532575523327978e-07,1.1182849407196045,1.1065337657928467,8.751692933370289e-23,1.1065337657928467,1.3070712089538574,2.0759077072143555,0.5184712409973145,0.6937710642814636,58.754215240478516,0.9704481959342957,0.0009124891366809607,0.9704481959342957,1.0220733880996704,0.9686635732650757,0.9941349029541016
35,train,0,1.0,1.0,1,PVC_20_180,16,0.44999998807907104,11250.0,12.44159984588623,3.2195968627929688,3.271955728530884,3.176656723022461,0.09529908746480942,0.7609604597091675,2.415696144104004,1.1619782447814941,8.444824857178901e-07,1.2537171840667725,1.1807831525802612,1.4413170314209997e-23,1.1807831525802612,1.3070712089538574,2.0759077072143555,0.5184712409973145,0.6797662973403931,55.95326232910156,0.9671638607978821,-1.467391848564148e-05,0.9671638607978821,1.0220733880996704,0.9686635732650757,0.9941349029541016
36,val,0,1.0,1.0,1,PVC_20_180,17,0.4749999940395355,11875.0,13.86240005493164,3.643343448638916,3.630533218383789,3.5247902870178223,0.10574302822351456,0.8478603363037109,2.6769299507141113,1.2800401449203491,9.409204722032882e-07,1.3968889713287354,1.2523813247680664,2.179188649855603e-23,1.2523813247680664,1.3070712089538574,2.0759077072143555,0.5184712409973145,0.6670430302619934,53.408607482910156,0.9637673497200012,-0.001027101301588118,0.9637673497200012,1.0220733880996704,0.9686635732650757,0.9941349029541016
37,train,0,1.0,1.0,1,PVC_20_180,18,0.5,12500.0,15.359999656677246,4.037886619567871,4.0055623054504395,3.8888962268829346,0.11666611582040787,0.9394574761390686,2.9494388103485107,1.401638388633728,1.0425710570416413e-06,1.5477993488311768,1.3218237161636353,7.380154498657305e-22,1.3218237161636353,1.3070712089538574,2.0759077072143555,0.5184712409973145,0.6554343104362488,51.08686828613281,0.9602715969085693,-0.0021095003467053175,0.9602715969085693,1.0220733880996704,0.9686635732650757,0.9941349029541016
38,train,0,1.0,1.0,2,PVC_10_0,0,0.05000000074505806,1250.0,0.15360000729560852,0.004296653904020786,0.022733286023139954,0.02343376725912094,-0.0007004811777733266,0.009681769646704197,0.01375199668109417,0.0012998116435483098,0.004350242670625448,0.00810194294899702,0.00040676744538359344,0.006354009732604027,0.006354009732604027,1.3470287322998047,2.168041706085205,0.5503640174865723,0.9039982557296753,100.79964447021484,0.99921053647995,-0.0020668681245297194,0.99921053647995,1.0260716676712036,0.9722198843955994,0.9978866577148438
39,train,0,1.0,1.0,2,PVC_10_0,1,0.07500000298023224,1875.0,0.3456000089645386,0.0044425735250115395,0.05111091583967209,0.05269130319356918,-0.0015803873538970947,0.0217839814722538,0.030907323583960533,0.00292089581489563,0.009788043797016144,0.01819838397204876,0.0009348801104351878,0.013912936672568321,0.013912936672568321,1.3470287322998047,2.168041706085205,0.5503640174865723,0.9087178111076355,101.7435531616211,0.9982256889343262,0.006298611406236887,0.9982256889343262,1.0260716676712036,0.9722198843955994,0.9978866577148438
40,val,0,1.0,1.0,2,PVC_10_0,2,0.10000000149011612,2500.0,0.6144000291824341,0.11792551726102829,0.0907798707485199,0.09358735382556915,-0.0028074809815734625,0.03872707858681679,0.05486027151346207,0.005183582194149494,0.017400970682501793,0.032275717705488205,0.001714052981697023,0.02382538840174675,0.02382538840174675,1.3470287322998047,2.168041706085205,0.5503640174865723,0.91482013463974,102.96401977539062,0.9968509078025818,0.007654975634068251,0.9968509078025818,1.0260716676712036,0.9722198843955994,0.9978866577148438
41,val,0,1.0,1.0,2,PVC_10_0,3,0.125,3125.0,0.9599999785423279,0.3397746682167053,0.1416761428117752,0.14605778455734253,-0.0043816473335027695,0.06051105260848999,0.08554673194885254,0.008081118576228619,0.027189012616872787,0.05027659609913826,0.0027921691071242094,0.035525012761354446,0.035525012761354446,1.3470287322998047,2.168041706085205,0.5503640174865723,0.9218372106552124,104.36743927001953,0.9950898289680481,0.003183817956596613,0.9950898289680481,1.0260716676712036,0.9722198843955994,0.9978866577148438
42,train,0,1.0,1.0,2,PVC_10_0,4,0.15000000596046448,3750.0,1.3824000358581543,0.16250543296337128,0.2037203311920166,0.21002088487148285,-0.006300557404756546,0.0871359258890152,0.12288495898246765,0.011604942381381989,0.039152175188064575,0.07212784141302109,0.004245518706738949,0.04842253029346466,0.04842253029346466,1.3470287322998047,2.168041706085205,0.5503640174865723,0.9292217493057251,105.84434509277344,0.9929481148719788,-0.00015720166265964508,0.9929481148719788,1.0260716676712036,0.9722198843955994,0.9978866577148438
43,train,0,1.0,1.0,2,PVC_10_0,5,0.17499999701976776,4375.0,1.881600022315979,0.17313167452812195,0.2768165171146393,0.28537777066230774,-0.008561267517507076,0.11860167235136032,0.16677609086036682,0.015744760632514954,0.0532904677093029,0.09774085134267807,0.006197645794600248,0.06197976693511009,0.06197976693511009,1.3470287322998047,2.168041706085205,0.5503640174865723,0.9363734722137451,107.27469635009766,0.9904317855834961,-0.0015026412438601255,0.9904317855834961,1.0260716676712036,0.9722198843955994,0.9978866577148438
44,train,0,1.0,1.0,2,PVC_10_0,6,0.20000000298023224,5000.0,2.4576001167297363,0.32816481590270996,0.36085274815559387,0.37201306223869324,-0.011160322465002537,0.15490831434726715,0.2171047478914261,0.02048865705728531,0.06960388273000717,0.1270122081041336,0.008858030661940575,0.07576147466897964,0.07576147466897964,1.3470287322998047,2.168041706085205,0.5503640174865723,0.9426351189613342,108.52703094482422,0.9875485897064209,-0.001958429114893079,0.9875485897064209,1.0260716676712036,0.9722198843955994,0.9978866577148438
45,val,0,1.0,1.0,2,PVC_10_0,7,0.22499999403953552,5625.0,3.1103999614715576,0.4748879671096802,0.45570191740989685,0.46979570388793945,-0.0140937939286232,0.1960557997226715,0.27373990416526794,0.025823181495070457,0.08809240162372589,0.15982432663440704,0.012609980069100857,0.0894559770822525,0.0894559770822525,1.3470287322998047,2.168041706085205,0.5503640174865723,0.9472165703773499,109.44332122802734,0.9843073487281799,-0.0022513922303915024,0.9843073487281799,1.0260716676712036,0.9722198843955994,0.9978866577148438
46,train,0,1.0,1.0,2,PVC_10_0,8,0.25,6250.0,3.8399999141693115,0.5574852824211121,0.561223030090332,0.578580379486084,-0.017357323318719864,0.24204421043395996,0.336536169052124,0.031733520328998566,0.10875605046749115,0.1960465908050537,0.01824268512427807,0.10286881029605865,0.10286881029605865,1.3470287322998047,2.168041706085205,0.5503640174865723,0.9489527344703674,109.79054260253906,0.9807185530662537,-0.002574693411588669,0.9807185530662537,1.0260716676712036,0.9722198843955994,0.9978866577148438
47,train,0,1.0,1.0,2,PVC_10_0,9,0.2750000059604645,6875.0,4.646399974822998,0.5972995758056641,0.6772619485855103,0.6982080936431885,-0.020946139469742775,0.2928735315799713,0.40533459186553955,0.038203585892915726,0.13159482181072235,0.23553620278835297,0.027722017839550972,0.11590054631233215,0.11590054631233215,1.3470287322998047,2.168041706085205,0.5503640174865723,0.9455310702323914,109.10620880126953,0.9767937660217285,-0.002886583562940359,0.9767937660217285,1.0260716676712036,0.9722198843955994,0.9978866577148438
48,train,0,1.0,1.0,2,PVC_10_0,10,0.30000001192092896,7500.0,5.529600143432617,0.7768981456756592,0.8036531209945679,0.8285082578659058,-0.024855127558112144,0.3485437035560608,0.47996455430984497,0.04521619901061058,0.1566087007522583,0.2781396508216858,0.04799525439739227,0.12852023541927338,0.12852023541927338,1.3470287322998047,2.168041706085205,0.5503640174865723,0.9301102161407471,106.02204132080078,0.9725459218025208,-0.0030957828275859356,0.9725459218025208,1.0260716676712036,0.9722198843955994,0.9978866577148438
49,train,0,1.0,1.0,2,PVC_10_0,11,0.32499998807907104,8125.0,6.48960018157959,0.982464611530304,0.9402208924293518,0.9692997336387634,-0.029078854247927666,0.409054696559906,0.5602450370788574,0.05275321006774902,0.1837977170944214,0.3236941397190094,0.12503765523433685,0.14074119925498962,0.14074119925498962,1.3470287322998047,2.168041706085205,0.5503640174865723,0.8688808679580688,93.77617645263672,0.9679895043373108,-0.003132822923362255,0.9679895043373108,1.0260716676712036,0.9722198843955994,0.9978866577148438
50,train,0,1.0,1.0,2,PVC_10_0,12,0.3499999940395355,8750.0,7.526400089263916,1.096636176109314,1.0867819786071777,1.1203936338424683,-0.03361165151000023,0.4744066894054413,0.6459869146347046,0.06079567223787308,0.2131618708372116,0.3720293343067169,0.28669342398643494,0.15260235965251923,0.15260235965251923,1.3470287322998047,2.168041706085205,0.5503640174865723,0.778120756149292,75.62416076660156,0.9631401896476746,-0.0029620348941534758,0.9631401896476746,1.0260716676712036,0.9722198843955994,0.9978866577148438
51,train,0,1.0,1.0,2,PVC_10_0,13,0.375,9375.0,8.640000343322754,1.2108826637268066,1.2431459426879883,1.2815935611724854,-0.03844762220978737,0.5445995330810547,0.7369940280914307,0.06932397931814194,0.24470111727714539,0.42296892404556274,0.4131476581096649,0.1641552746295929,0.1641552746295929,1.3470287322998047,2.168041706085205,0.5503640174865723,0.7271667718887329,65.43335723876953,0.9580144882202148,-0.002573411911725998,0.9580144882202148,1.0260716676712036,0.9722198843955994,0.9978866577148438
52,train,0,1.0,1.0,2,PVC_10_0,14,0.4000000059604645,10000.0,9.830400466918945,1.3690028190612793,1.4091191291809082,1.452699899673462,-0.0435807928442955,0.6196332573890686,0.8330665826797485,0.0783180370926857,0.2784155309200287,0.47633299231529236,0.5165508985519409,0.17545562982559204,0.17545562982559204,1.3470287322998047,2.168041706085205,0.5503640174865723,0.6930793523788452,58.615875244140625,0.9526306986808777,-0.0019780502188950777,0.9526306986808777,1.0260716676712036,0.9722198843955994,0.9978866577148438
53,train,0,1.0,1.0,2,PVC_10_0,15,0.42500001192092896,10625.0,11.097599983215332,1.6664570569992065,1.5845046043395996,1.633509635925293,-0.04900505766272545,0.6995078325271606,0.9340018033981323,0.08775739371776581,0.31430497765541077,0.5319394469261169,0.6059073209762573,0.18655820190906525,0.18655820190906525,1.3470287322998047,2.168041706085205,0.5503640174865723,0.6676045656204224,53.52091598510742,0.9470074772834778,-0.0011926157167181373,0.9470074772834778,1.0260716676712036,0.9722198843955994,0.9978866577148438
54,train,0,1.0,1.0,2,PVC_10_0,16,0.44999998807907104,11250.0,12.44159984588623,1.7020379304885864,1.769106388092041,1.82382071018219,-0.05471435934305191,0.784223198890686,1.039597511291504,0.09762140363454819,0.35236960649490356,0.589606523513794,0.6854745745658875,0.197514146566391,0.197514146566391,1.3470287322998047,2.168041706085205,0.5503640174865723,0.6474189162254333,49.48377990722656,0.9411647915840149,-0.0002407170832157135,0.9411647915840149,1.0260716676712036,0.9722198843955994,0.9978866577148438
55,val,0,1.0,1.0,2,PVC_10_0,17,0.4749999940395355,11875.0,13.86240005493164,1.914313793182373,1.9627305269241333,2.023433208465576,-0.06070270389318466,0.8737797141075134,1.149653434753418,0.10788940638303757,0.3926093578338623,0.6491546630859375,0.7577104568481445,0.2083696573972702,0.2083696573972702,1.3470287322998047,2.168041706085205,0.5503640174865723,0.6308286190032959,46.16572570800781,0.9351229667663574,0.0008530335035175085,0.9351229667663574,1.0260716676712036,0.9722198843955994,0.9978866577148438
56,train,0,1.0,1.0,2,PVC_10_0,18,0.5,12500.0,15.359999656677246,2.087332010269165,2.1651854515075684,2.232149600982666,-0.06696416437625885,0.9681768417358398,1.2639728784561157,0.11854071915149689,0.4350242018699646,0.7104079723358154,0.8242243528366089,0.2191656082868576,0.2191656082868576,1.3470287322998047,2.168041706085205,0.5503640174865723,0.6168425679206848,43.36851501464844,0.928902804851532,0.0020658213179558516,0.928902804851532,1.0260716676712036,0.9722198843955994,0.9978866577148438
57,val,0,1.0,1.0,3,PVC_10_180,0,0.05000000074505806,1250.0,0.15360000729560852,0.1761522889137268,0.026909293606877327,0.026125531643629074,0.0007837613229639828,0.009681769646704197,0.016443761065602303,0.00833078008145094,5.800322888660503e-09,0.008112975396215916,0.006640447303652763,6.508873658494291e-23,0.006640447303652763,1.3470287322998047,2.168041706085205,0.5503640174865723,0.9950531721115112,119.01063537597656,0.9995467066764832,0.012052667327225208,0.9995467066764832,1.0260716676712036,0.9722198843955994,0.9978866577148438
58,val,0,1.0,1.0,3,PVC_10_180,1,0.07500000298023224,1875.0,0.3456000089645386,0.1749381422996521,0.06051308289170265,0.05875057727098465,0.001762507250532508,0.0217839814722538,0.03696659579873085,0.018712390214204788,1.3050724945173897e-08,0.018254192546010017,0.015361522324383259,1.4144996733935752e-22,0.015361522324383259,1.3470287322998047,2.168041706085205,0.5503640174865723,0.9886112809181213,117.72225952148438,0.9989809393882751,0.004668505396693945,0.9989809393882751,1.0260716676712036,0.9722198843955994,0.9978866577148438
59,train,0,1.0,1.0,3,PVC_10_180,2,0.10000000149011612,2500.0,0.6144000291824341,0.10751472413539886,0.10749731957912445,0.10436634719371796,0.0031309728510677814,0.03872707858681679,0.06563926488161087,0.03318734094500542,2.3201291554642012e-08,0.03245190158486366,0.028390271589159966,2.403827047809054e-22,0.028390271589159966,1.3470287322998047,2.168041706085205,0.5503640174865723,0.9791058301925659,115.8211669921875,0.9981903433799744,0.0013682908611372113,0.9981903433799744,1.0260716676712036,0.9722198843955994,0.9978866577148438
60,train,0,1.0,1.0,3,PVC_10_180,3,0.125,3125.0,0.9599999785423279,0.198393777012825,0.16780123114585876,0.16291384398937225,0.004887388087809086,0.06051105260848999,0.10240279138088226,0.05169665440917015,3.625201472345907e-08,0.05070609599351883,0.04659499600529671,3.5522088493385176e-22,0.04659499600529671,1.3470287322998047,2.168041706085205,0.5503640174865723,0.9660651087760925,113.21302032470703,0.9971766471862793,0.00021755509078502655,0.9971766471862793,1.0260716676712036,0.9722198843955994,0.9978866577148438
61,train,0,1.0,1.0,3,PVC_10_180,4,0.15000000596046448,3750.0,1.3824000358581543,0.27636855840682983,0.24134734272956848,0.2343178540468216,0.007029496133327484,0.0871359258890152,0.1471819281578064,0.07416510581970215,5.220289978069559e-08,0.07301677018404007,0.07105773687362671,1.5467690794663623e-21,0.07105773687362671,1.3470287322998047,2.168041706085205,0.5503640174865723,0.9489836692810059,109.7967300415039,0.9959421157836914,0.00016673468053340912,0.9959421157836914,1.0260716676712036,0.9722198843955994,0.9978866577148438
62,train,0,1.0,1.0,3,PVC_10_180,5,0.17499999701976776,4375.0,1.881600022315979,0.3855060040950775,0.3280419111251831,0.31848734617233276,0.009554566815495491,0.11860167235136032,0.19988566637039185,0.1005016565322876,7.105395383177893e-08,0.09938394278287888,0.10278953611850739,2.0392714266333154e-21,0.10278953611850739,1.3470287322998047,2.168041706085205,0.5503640174865723,0.927563488483429,105.51270294189453,0.9944894909858704,0.0006330273463390768,0.9944894909858704,1.0260716676712036,0.9722198843955994,0.9978866577148438
63,train,0,1.0,1.0,3,PVC_10_180,6,0.20000000298023224,5000.0,2.4576001167297363,0.4729076027870178,0.42777544260025024,0.41531604528427124,0.012459411285817623,0.15490831434726715,0.2604077458381653,0.13060005009174347,9.280516621856805e-08,0.12980760633945465,0.14209134876728058,2.571591029431207e-21,0.14209134876728058,1.3470287322998047,2.168041706085205,0.5503640174865723,0.9021280407905579,100.42560577392578,0.9928227066993713,0.0012932524550706148,0.9928227066993713,1.0260716676712036,0.9722198843955994,0.9978866577148438
64,val,0,1.0,1.0,3,PVC_10_180,7,0.22499999403953552,5625.0,3.1103999614715576,0.585237979888916,0.5404236316680908,0.5246832370758057,0.0157404076308012,0.1960557997226715,0.32862740755081177,0.1643395572900772,1.1745652983563559e-07,0.1642877459526062,0.1878364533185959,3.1350989360037208e-21,0.1878364533185959,1.3470287322998047,2.168041706085205,0.5503640174865723,0.8739358186721802,94.78716278076172,0.9909459948539734,0.0019728124607354403,0.9909459948539734,1.0260716676712036,0.9722198843955994,0.9978866577148438
65,val,0,1.0,1.0,3,PVC_10_180,8,0.25,6250.0,3.8399999141693115,0.6845232844352722,0.6658485531806946,0.6464549899101257,0.01939353719353676,0.24204421043395996,0.40441077947616577,0.20158624649047852,1.4500805889383628e-07,0.20282438397407532,0.23751667141914368,1.100452127541173e-21,0.23751667141914368,1.3470287322998047,2.168041706085205,0.5503640174865723,0.8448962569236755,88.97925567626953,0.9888648390769958,0.002579765161499381,0.9888648390769958,1.0260716676712036,0.9722198843955994,0.9978866577148438
66,train,0,1.0,1.0,3,PVC_10_180,9,0.2750000059604645,6875.0,4.646399974822998,0.8764917254447937,0.8038994669914246,0.7804850339889526,0.02341441437602043,0.2928735315799713,0.4876115322113037,0.24219384789466858,1.7545974628774275e-07,0.2454174906015396,0.28830739855766296,1.3053009020798728e-21,0.28830739855766296,1.3470287322998047,2.168041706085205,0.5503640174865723,0.8167735934257507,83.3547134399414,0.9865855574607849,0.003071047132834792,0.9865855574607849,1.0260716676712036,0.9722198843955994,0.9978866577148438
67,train,0,1.0,1.0,3,PVC_10_180,10,0.30000001192092896,7500.0,5.529600143432617,0.9029657244682312,0.9544146060943604,0.9266163110733032,0.027798324823379517,0.3485437035560608,0.5780726075172424,0.28600531816482544,2.0881159912278235e-07,0.2920670807361603,0.33811330795288086,1.5292022956885683e-21,0.33811330795288086,1.3470287322998047,2.168041706085205,0.5503640174865723,0.7906438708305359,78.12877655029297,0.9841156005859375,0.0034281271509826183,0.9841156005859375,1.0260716676712036,0.9722198843955994,0.9978866577148438
68,val,0,1.0,1.0,3,PVC_10_180,11,0.32499998807907104,8125.0,6.48960018157959,1.0138746500015259,1.1172230243682861,1.0846827030181885,0.03254028409719467,0.409054696559906,0.6756280660629272,0.332854688167572,2.450636031881004e-07,0.3427731692790985,0.3858281672000885,1.7719416372268438e-21,0.3858281672000885,1.3470287322998047,2.168041706085205,0.5503640174865723,0.766912579536438,73.38251495361328,0.9814633727073669,0.003647132543846965,0.9814633727073669,1.0260716676712036,0.9722198843955994,0.9978866577148438
69,train,0,1.0,1.0,3,PVC_10_180,12,0.3499999940395355,8750.0,7.526400089263916,1.313947081565857,1.2921463251113892,1.2545112371444702,0.037635110318660736,0.4744066894054413,0.7801045179367065,0.3825684189796448,2.842158153271157e-07,0.3975357711315155,0.43107983469963074,5.840269234020067e-23,0.43107983469963074,1.3470287322998047,2.168041706085205,0.5503640174865723,0.7455744743347168,69.1148910522461,0.9786383509635925,0.003731213044375181,0.9786383509635925,1.0260716676712036,0.9722198843955994,0.9978866577148438
70,train,0,1.0,1.0,3,PVC_10_180,13,0.375,9375.0,8.640000343322754,1.5928974151611328,1.4789997339248657,1.435922384262085,0.04307740554213524,0.5445995330810547,0.8913228511810303,0.43496769666671753,3.2626817869640945e-07,0.4563548266887665,0.47390738129615784,5.378405057965097e-23,0.47390738129615784,1.3470287322998047,2.168041706085205,0.5503640174865723,0.7264378666877747,65.2875747680664,0.9756510853767395,0.003688165917992592,0.9756510853767395,1.0260716676712036,0.9722198843955994,0.9978866577148438
71,train,0,1.0,1.0,3,PVC_10_180,14,0.4000000059604645,10000.0,9.830400466918945,1.7449835538864136,1.6775963306427002,1.6287345886230469,0.048861730843782425,0.6196332573890686,1.0091012716293335,0.48987048864364624,3.712206648742722e-07,0.5192304253578186,0.5145385265350342,4.737613029109707e-23,0.5145385265350342,1.3470287322998047,2.168041706085205,0.5503640174865723,0.7092531323432922,61.850624084472656,0.9725130200386047,0.0035266599152237177,0.9725130200386047,1.0260716676712036,0.9722198843955994,0.9978866577148438
72,train,0,1.0,1.0,3,PVC_10_180,15,0.42500001192092896,10625.0,11.097599983215332,1.9275760650634766,1.8877465724945068,1.8327640295028687,0.05498256906867027,0.6995078325271606,1.133256196975708,0.5470933318138123,4.190733307041228e-07,0.5861624479293823,0.5532668828964233,4.3758464666851443e-23,0.5532668828964233,1.3470287322998047,2.168041706085205,0.5503640174865723,0.6937710642814636,58.754215240478516,0.9692365527153015,0.0032557079102844,0.9692365527153015,1.0260716676712036,0.9722198843955994,0.9978866577148438
73,train,0,1.0,1.0,3,PVC_10_180,16,0.44999998807907104,11250.0,12.44159984588623,2.2017436027526855,2.1092631816864014,2.0478286743164062,0.061434462666511536,0.784223198890686,1.2636054754257202,0.6064540147781372,4.6982611934254237e-07,0.6571509838104248,0.5903915762901306,7.206585157104998e-24,0.5903915762901306,1.3470287322998047,2.168041706085205,0.5503640174865723,0.6797662973403931,55.95326232910156,0.9658346176147461,0.0028864978812634945,0.9658346176147461,1.0260716676712036,0.9722198843955994,0.9978866577148438
74,val,0,1.0,1.0,3,PVC_10_180,17,0.4749999940395355,11875.0,13.86240005493164,2.481191635131836,2.34196138381958,2.273749351501465,0.06821203231811523,0.8737797141075134,1.3999695777893066,0.6677731275558472,5.234791160546592e-07,0.7321959733963013,0.6261906623840332,1.0895943249278015e-23,0.6261906623840332,1.3470287322998047,2.168041706085205,0.5503640174865723,0.6670430302619934,53.408607482910156,0.9623207449913025,0.002426055260002613,0.9623207449913025,1.0260716676712036,0.9722198843955994,0.9978866577148438
75,train,0,1.0,1.0,3,PVC_10_180,18,0.5,12500.0,15.359999656677246,2.5872838497161865,2.585660696029663,2.5103507041931152,0.07531002163887024,0.9681768417358398,1.542173981666565,0.7308758497238159,5.800322355753451e-07,0.8112975358963013,0.6609118580818176,3.6900772493286525e-22,0.6609118580818176,1.3470287322998047,2.168041706085205,0.5503640174865723,0.6554343104362488,51.08686828613281,0.9587089419364929,0.0018852200591936707,0.9587089419364929,1.0260716676712036,0.9722198843955994,0.9978866577148438
76,val,0,1.0,1.0,8,guijiao_20_0,0,0.05000000074505806,1250.0,4.0,0.03274283930659294,0.026430848985910416,0.02566102333366871,0.000769824895542115,0.006341884378343821,0.019319139420986176,0.008199458010494709,0.002885330468416214,0.008234350010752678,0.01904510147869587,0.008109244517982006,0.008109244517982006,0.8823490142822266,1.160988450050354,0.34639209508895874,0.6207086443901062,44.14173126220703,0.9874687194824219,-0.01294600311666727,0.9874687194824219,0.9597023725509644,0.9566177725791931,0.9637882709503174
77,train,0,1.0,1.0,8,guijiao_20_0,1,0.07500000298023224,1875.0,9.0,0.1314956545829773,0.058579880744218826,0.05687369778752327,0.001706184004433453,0.014269237406551838,0.042604461312294006,0.0180180836468935,0.006491993088275194,0.01809438318014145,0.03737829253077507,0.012877439148724079,0.012877439148724079,0.8823490142822266,1.160988450050354,0.34639209508895874,0.5476172566413879,29.523452758789062,0.9721911549568176,-0.011265410110354424,0.9721911549568176,0.9597023725509644,0.9566177725791931,0.9637882709503174
78,train,0,1.0,1.0,8,guijiao_20_0,2,0.10000000149011612,2500.0,16.0,0.1263606995344162,0.1019982397556305,0.09904450923204422,0.002953730057924986,0.025367537513375282,0.07367697358131409,0.031003650277853012,0.011541321873664856,0.031132005155086517,0.05183761939406395,0.01717318408191204,0.01717318408191204,0.8823490142822266,1.160988450050354,0.34639209508895874,0.5097271203994751,21.9454288482666,0.9516491889953613,0.01418947335332632,0.9516491889953613,0.9597023725509644,0.9566177725791931,0.9637882709503174
79,train,0,1.0,1.0,8,guijiao_20_0,3,0.125,3125.0,25.0,0.10596927255392075,0.14634309709072113,0.15086406469345093,-0.004520973190665245,0.039636772125959396,0.11122729629278183,0.04650704562664032,0.018033314496278763,0.046686939895153046,0.06461422890424728,0.02142789214849472,0.02142789214849472,0.8823490142822266,1.160988450050354,0.34639209508895874,0.48791635036468506,17.583267211914062,0.9268563389778137,-0.012520878575742245,0.9268563389778137,0.9597023725509644,0.9566177725791931,0.9637882709503174
80,val,0,1.0,1.0,8,guijiao_20_0,4,0.15000000596046448,3750.0,36.0,0.2565729320049286,0.20464666187763214,0.2109757363796234,-0.006329074967652559,0.05707694962620735,0.15389879047870636,0.06386026740074158,0.025967972353100777,0.06407055258750916,0.07707758992910385,0.02586590126156807,0.02586590126156807,0.8823490142822266,1.160988450050354,0.34639209508895874,0.47369226813316345,14.738452911376953,0.8991329669952393,-0.008201898075640202,0.8991329669952393,0.9597023725509644,0.9566177725791931,0.9637882709503174
81,train,0,1.0,1.0,8,guijiao_20_0,5,0.17499999701976776,4375.0,49.0,0.34047091007232666,0.26982250809669495,0.2781674265861511,-0.008344918489456177,0.077688068151474,0.20047935843467712,0.08247114717960358,0.03534529358148575,0.0826629251241684,0.08983232080936432,0.030577916651964188,0.030577916651964188,0.8823490142822266,1.160988450050354,0.34639209508895874,0.4635932743549347,12.71865463256836,0.8699091076850891,-0.0019154171459376812,0.8699091076850891,0.9597023725509644,0.9566177725791931,0.9637882709503174
82,train,0,1.0,1.0,8,guijiao_20_0,6,0.20000000298023224,5000.0,64.0,0.37226971983909607,0.340948224067688,0.35149291157722473,-0.010544695891439915,0.10147015005350113,0.2500227689743042,0.10187964141368866,0.046165287494659424,0.10197784751653671,0.1031419187784195,0.0355924554169178,0.0355924554169178,0.8823490142822266,1.160988450050354,0.34639209508895874,0.45599478483200073,11.198957443237305,0.8404847979545593,0.0008305402589030564,0.8404847979545593,0.9597023725509644,0.9566177725791931,0.9637882709503174
83,train,0,1.0,1.0,8,guijiao_20_0,7,0.22499999403953552,5625.0,81.0,0.4480170011520386,0.417385995388031,0.4302947521209717,-0.012908750213682652,0.12842313945293427,0.3018716275691986,0.12176486104726791,0.05842792987823486,0.12167882174253464,0.11711513996124268,0.04091043025255203,0.04091043025255203,0.8823490142822266,1.160988450050354,0.34639209508895874,0.45003658533096313,10.007320404052734,0.811859130859375,0.001376805012114346,0.811859130859375,0.9597023725509644,0.9566177725791931,0.9637882709503174
84,train,0,1.0,1.0,8,guijiao_20_0,8,0.25,6250.0,100.0,0.5355852842330933,0.49873170256614685,0.5141562819480896,-0.01542458962649107,0.15854708850383759,0.3556091785430908,0.14191952347755432,0.07213325798511505,0.14155638217926025,0.1317870318889618,0.046520885080099106,0.046520885080099106,0.8823490142822266,1.160988450050354,0.34639209508895874,0.4452192783355713,9.043856620788574,0.7846785187721252,0.0008848325815051794,0.7846785187721252,0.9597023725509644,0.9566177725791931,0.9637882709503174
85,train,0,1.0,1.0,8,guijiao_20_0,9,0.2750000059604645,6875.0,121.0,0.537065327167511,0.5847408771514893,0.6028255224227905,-0.018084658309817314,0.1918419897556305,0.41098350286483765,0.16221433877944946,0.0872812494635582,0.1614879071712494,0.14715644717216492,0.052408237010240555,0.052408237010240555,0.8823490142822266,1.160988450050354,0.34639209508895874,0.4412316679954529,8.246335983276367,0.7592787146568298,-7.264316082000732e-06,0.7592787146568298,0.9597023725509644,0.9566177725791931,0.9637882709503174
86,train,0,1.0,1.0,8,guijiao_20_0,10,0.30000001192092896,7500.0,144.0,0.6555957198143005,0.6752645373344421,0.6961488723754883,-0.020884348079562187,0.2283077985048294,0.46784108877182007,0.18256892263889313,0.1038718894124031,0.18140025436878204,0.16320447623729706,0.05855567753314972,0.05855567753314972,0.8823490142822266,1.160988450050354,0.34639209508895874,0.43786895275115967,7.573787689208984,0.7357690930366516,-0.0009783465648069978,0.7357690930366516,0.9597023725509644,0.9566177725791931,0.9637882709503174
87,train,0,1.0,1.0,8,guijiao_20_0,11,0.32499998807907104,8125.0,169.0,0.7337173223495483,0.7702019214630127,0.7940224409103394,-0.0238205436617136,0.2679445743560791,0.5260778665542603,0.20293228328227997,0.12190520018339157,0.2012404054403305,0.17990387976169586,0.064946748316288,0.064946748316288,0.8823490142822266,1.160988450050354,0.34639209508895874,0.43499016761779785,6.998030662536621,0.7141146659851074,-0.0018809769535437226,0.7141146659851074,0.9597023725509644,0.9566177725791931,0.9637882709503174
88,train,0,1.0,1.0,8,guijiao_20_0,12,0.3499999940395355,8750.0,196.0,0.7751927375793457,0.8694668412208557,0.8963574171066284,-0.026890581473708153,0.310752272605896,0.5856051445007324,0.22327129542827606,0.141381174325943,0.22095265984535217,0.19722402095794678,0.07156606018543243,0.07156606018543243,0.8823490142822266,1.160988450050354,0.34639209508895874,0.4324948787689209,6.498973846435547,0.6941962242126465,-0.002651020186021924,0.6941962242126465,0.9597023725509644,0.9566177725791931,0.9637882709503174
89,val,0,1.0,1.0,8,guijiao_20_0,13,0.375,9375.0,225.0,0.7986027598381042,0.9729559421539307,1.003047227859497,-0.030091263353824615,0.35673096776008606,0.6463162302970886,0.24356432259082794,0.16229984164237976,0.24045203626155853,0.2151336669921875,0.07839954644441605,0.07839954644441605,0.8823490142822266,1.160988450050354,0.34639209508895874,0.43030932545661926,6.06186580657959,0.6758446097373962,-0.0032692081294953823,0.6758446097373962,0.9597023725509644,0.9566177725791931,0.9637882709503174
90,val,0,1.0,1.0,8,guijiao_20_0,14,0.4000000059604645,10000.0,256.0,0.884392499923706,1.0804957151412964,1.1139129400253296,-0.0334172248840332,0.4058806002140045,0.7080323696136475,0.26379695534706116,0.1846611499786377,0.2595742344856262,0.23360233008861542,0.08543454110622406,0.08543454110622406,0.8823490142822266,1.160988450050354,0.34639209508895874,0.42837801575660706,5.675602912902832,0.6588466167449951,-0.003736983286216855,0.6588466167449951,0.9597023725509644,0.9566177725791931,0.9637882709503174
91,val,0,1.0,1.0,8,guijiao_20_0,15,0.42500001192092896,10625.0,289.0,1.0040017366409302,1.1885653734207153,1.2253249883651733,-0.036759570240974426,0.458201140165329,0.767123818397522,0.28395941853523254,0.2052217572927475,0.27794262766838074,0.2526010274887085,0.09265967458486557,0.09265967458486557,0.8823490142822266,1.160988450050354,0.34639209508895874,0.4266582429409027,5.331648349761963,0.6377208828926086,-0.004064911976456642,0.6377208828926086,0.9597023725509644,0.9566177725791931,0.9637882709503174
92,train,0,1.0,1.0,8,guijiao_20_0,16,0.44999998807907104,11250.0,324.0,1.018639326095581,1.29301917552948,1.3330092430114746,-0.03999008610844612,0.5136925578117371,0.8193166851997375,0.3040449619293213,0.22077195346355438,0.2944997549057007,0.2721027135848999,0.10006482899188995,0.10006482899188995,0.8823490142822266,1.160988450050354,0.34639209508895874,0.4251165986061096,5.02332067489624,0.6090204119682312,-0.004269203171133995,0.6090204119682312,0.9597023725509644,0.9566177725791931,0.9637882709503174
93,train,0,1.0,1.0,8,guijiao_20_0,17,0.4749999940395355,11875.0,361.0,1.1686152219772339,1.3945008516311646,1.4376295804977417,-0.04312868043780327,0.5723550319671631,0.8652745485305786,0.32404792308807373,0.2362520545721054,0.30497458577156067,0.2920822501182556,0.10764095932245255,0.10764095932245255,0.8823490142822266,1.160988450050354,0.34639209508895874,0.42372652888298035,4.74530553817749,0.5798666477203369,-0.004363976884633303,0.5798666477203369,0.9597023725509644,0.9566177725791931,0.9637882709503174
94,train,0,1.0,1.0,8,guijiao_20_0,18,0.5,12500.0,400.0,1.143523097038269,1.4632341861724854,1.508488655090332,-0.04525445029139519,0.6341883540153503,0.8743003606796265,0.34396296739578247,0.25168076157569885,0.27865657210350037,0.31251654028892517,0.11538002640008926,0.11538002640008926,0.8823490142822266,1.160988450050354,0.34639209508895874,0.42246657609939575,4.493317604064941,0.5386444330215454,-0.004364274442195892,0.5386444330215454,0.9597023725509644,0.9566177725791931,0.9637882709503174
95,train,0,1.0,1.0,9,guijiao_20_180,0,0.05000000074505806,1250.0,4.0,0.08496236801147461,0.0236214492470026,0.02293344959616661,0.0006879993597976863,0.006341884378343821,0.016591565683484077,0.008199458010494709,3.847107521437465e-09,0.00839210394769907,0.01904510147869587,3.115521200628112e-22,0.01904510147869587,0.8823490142822266,1.160988450050354,0.34639209508895874,0.838975191116333,87.79503631591797,0.9937346577644348,0.002170693362131715,0.9937346577644348,0.9597023725509644,0.9566177725791931,0.9637882709503174
96,val,0,1.0,1.0,9,guijiao_20_180,1,0.07500000298023224,1875.0,9.0,0.20686888694763184,0.05270463973283768,0.051169563084840775,0.001535077695734799,0.014269237406551838,0.03690032660961151,0.0180180836468935,8.655991479145086e-09,0.018882231786847115,0.03737829253077507,3.9326089374331247e-22,0.03737829253077507,0.8823490142822266,1.160988450050354,0.34639209508895874,0.7209258079528809,64.1851577758789,0.9860992431640625,0.0013731560902670026,0.9860992431640625,0.9597023725509644,0.9566177725791931,0.9637882709503174
97,train,0,1.0,1.0,9,guijiao_20_180,2,0.10000000149011612,2500.0,16.0,0.23048630356788635,0.0926377922296524,0.08993961662054062,0.002698172116652131,0.025367537513375282,0.06457208096981049,0.031003650277853012,1.538843008574986e-08,0.03356841579079628,0.05183761939406395,7.925297521407882e-22,0.05183761939406395,0.8823490142822266,1.160988450050354,0.34639209508895874,0.6509374380111694,50.1874885559082,0.9758427143096924,0.002174098277464509,0.9758427143096924,0.9597023725509644,0.9566177725791931,0.9637882709503174
98,train,0,1.0,1.0,9,guijiao_20_180,3,0.125,3125.0,25.0,0.37194958329200745,0.1427522897720337,0.13859447836875916,0.004157808143645525,0.039636772125959396,0.09895770996809006,0.04650704562664032,2.404441623582443e-08,0.05245064198970795,0.06461422890424728,6.314029432525771e-23,0.06461422890424728,0.8823490142822266,1.160988450050354,0.34639209508895874,0.6060657501220703,41.2131462097168,0.9634857177734375,0.0034043770283460617,0.9634857177734375,0.9597023725509644,0.9566177725791931,0.9637882709503174
99,train,0,1.0,1.0,9,guijiao_20_180,4,0.15000000596046448,3750.0,36.0,0.4915699362754822,0.2023601233959198,0.19646617770195007,0.005893947556614876,0.05707694962620735,0.13938923180103302,0.06386026740074158,3.4623965916580346e-08,0.07552892714738846,0.07707758992910385,1.1234837105300057e-22,0.07707758992910385,0.8823490142822266,1.160988450050354,0.34639209508895874,0.5746968984603882,34.93937683105469,0.9497024416923523,0.004508857615292072,0.9497024416923523,0.9597023725509644,0.9566177725791931,0.9637882709503174
100,val,0,1.0,1.0,9,guijiao_20_180,5,0.17499999701976776,4375.0,49.0,0.4082214832305908,0.27085134387016296,0.2629625201225281,0.007888821884989738,0.077688068151474,0.18527445197105408,0.08247114717960358,4.712705958809238e-08,0.10280325263738632,0.08983232080936432,1.3686390868963706e-22,0.08983232080936432,0.8823490142822266,1.160988450050354,0.34639209508895874,0.551417887210846,30.2835750579834,0.9352129101753235,0.005238630343228579,0.9352129101753235,0.9597023725509644,0.9566177725791931,0.9637882709503174
101,train,0,1.0,1.0,9,guijiao_20_180,6,0.20000000298023224,5000.0,64.0,0.6384890079498291,0.3477521538734436,0.3376235067844391,0.010128634050488472,0.10147015005350113,0.23615336418151855,0.10187964141368866,6.155372034299944e-08,0.13427366316318512,0.1031419187784195,1.1510744046800364e-22,0.1031419187784195,0.8823490142822266,1.160988450050354,0.34639209508895874,0.533397376537323,26.679471969604492,0.9206588864326477,0.005518155172467232,0.9206588864326477,0.9597023725509644,0.9566177725791931,0.9637882709503174
102,val,0,1.0,1.0,9,guijiao_20_180,7,0.22499999403953552,5625.0,81.0,0.6797599196434021,0.43273186683654785,0.42012810707092285,0.012603751383721828,0.12842313945293427,0.2917049825191498,0.12176486104726791,7.790391265416474e-08,0.1699400544166565,0.11711513996124268,1.050909643209376e-21,0.11711513996124268,0.8823490142822266,1.160988450050354,0.34639209508895874,0.5190048217773438,23.800962448120117,0.9065223336219788,0.005368292797356844,0.9065223336219788,0.9597023725509644,0.9566177725791931,0.9637882709503174
103,val,0,1.0,1.0,9,guijiao_20_180,8,0.25,6250.0,100.0,0.6456429958343506,0.5255772471427917,0.510269284248352,0.015307961031794548,0.15854708850383759,0.35172218084335327,0.14191952347755432,9.617766494329771e-08,0.2098025679588318,0.1317870318889618,2.441323209599568e-21,0.1317870318889618,0.8823490142822266,1.160988450050354,0.34639209508895874,0.507230281829834,21.44605827331543,0.8931077122688293,0.004867030773311853,0.8931077122688293,0.9597023725509644,0.9566177725791931,0.9637882709503174
104,train,0,1.0,1.0,9,guijiao_20_180,9,0.2750000059604645,6875.0,121.0,0.7804605960845947,0.626154899597168,0.6079175472259521,0.01823737844824791,0.1918419897556305,0.41607555747032166,0.16221433877944946,1.1637498431582571e-07,0.25386109948158264,0.14715644717216492,7.467274025110506e-22,0.14715644717216492,0.8823490142822266,1.160988450050354,0.34639209508895874,0.49741220474243164,19.482440948486328,0.8805696964263916,0.004121902398765087,0.8805696964263916,0.9597023725509644,0.9566177725791931,0.9637882709503174
105,train,0,1.0,1.0,9,guijiao_20_180,10,0.30000001192092896,7500.0,144.0,0.7066598534584045,0.734382152557373,0.7129925489425659,0.021389592438936234,0.2283077985048294,0.4846847653388977,0.18256892263889313,1.3849586366632138e-07,0.30211570858955383,0.16320447623729706,1.0497243475137566e-20,0.16320447623729706,0.8823490142822266,1.160988450050354,0.34639209508895874,0.48909759521484375,17.819517135620117,0.868958055973053,0.0032526866998523474,0.868958055973053,0.9597023725509644,0.9566177725791931,0.9637882709503174
106,train,0,1.0,1.0,9,guijiao_20_180,11,0.32499998807907104,8125.0,169.0,0.8475066423416138,0.8502063751220703,0.8254433274269104,0.024763070046901703,0.2679445743560791,0.5574987530708313,0.20293228328227997,1.625402745730753e-07,0.3545663058757782,0.17990387976169586,1.9914623663219895e-20,0.17990387976169586,0.8823490142822266,1.160988450050354,0.34639209508895874,0.48196521401405334,16.393043518066406,0.8582587242126465,0.0023839168716222048,0.8582587242126465,0.9597023725509644,0.9566177725791931,0.9637882709503174
107,train,0,1.0,1.0,9,guijiao_20_180,12,0.3499999940395355,8750.0,196.0,0.8986618518829346,0.9735935926437378,0.9452368021011353,0.028356820344924927,0.310752272605896,0.6344845294952393,0.22327129542827606,1.8850823835236952e-07,0.4112130105495453,0.19722402095794678,3.602878215793624e-20,0.19722402095794678,0.8823490142822266,1.160988450050354,0.34639209508895874,0.4757799208164215,15.155984878540039,0.848423182964325,0.0016333539970219135,0.848423182964325,0.9597023725509644,0.9566177725791931,0.9637882709503174
108,train,0,1.0,1.0,9,guijiao_20_180,13,0.375,9375.0,225.0,0.9627761244773865,1.1045215129852295,1.072351336479187,0.032170187681913376,0.35673096776008606,0.7156203389167786,0.24356432259082794,2.1639976921505877e-07,0.4720557928085327,0.2151336669921875,6.256844559669679e-20,0.2151336669921875,0.8823490142822266,1.160988450050354,0.34639209508895874,0.4703657627105713,14.073150634765625,0.8393872380256653,0.0011086310259997845,0.8393872380256653,0.9597023725509644,0.9566177725791931,0.9637882709503174
109,train,0,1.0,1.0,9,guijiao_20_180,14,0.4000000059604645,10000.0,256.0,1.150991439819336,1.2407540082931519,1.2046159505844116,0.03613805025815964,0.4058806002140045,0.7987353801727295,0.26379695534706116,2.4621488137199776e-07,0.5349382162094116,0.23360233008861542,1.048540348326812e-19,0.23360233008861542,0.8823490142822266,1.160988450050354,0.34639209508895874,0.4655887186527252,13.117743492126465,0.8297438621520996,0.0009033435489982367,0.8297438621520996,0.9597023725509644,0.9566177725791931,0.9637882709503174
110,train,0,1.0,1.0,9,guijiao_20_180,15,0.42500001192092896,10625.0,289.0,1.2544622421264648,1.3589708805084229,1.3193897008895874,0.03958117216825485,0.458201140165329,0.8611885905265808,0.28395941853523254,2.779534895580582e-07,0.5772289037704468,0.2526010274887085,1.7030078461772696e-19,0.2526010274887085,0.8823490142822266,1.160988450050354,0.34639209508895874,0.4613442122936249,12.268844604492188,0.8074415326118469,0.0010915729217231274,0.8074415326118469,0.9597023725509644,0.9566177725791931,0.9637882709503174
111,train,0,1.0,1.0,9,guijiao_20_180,16,0.44999998807907104,11250.0,324.0,1.3411883115768433,1.4801079034805298,1.4369986057281494,0.04310932755470276,0.5136925578117371,0.9233061075210571,0.3040449619293213,3.1161565061665897e-07,0.619260847568512,0.2721027135848999,2.690328686616003e-19,0.2721027135848999,0.8823490142822266,1.160988450050354,0.34639209508895874,0.4575488269329071,11.509765625,0.7867286801338196,0.0017259420128539205,0.7867286801338196,0.9597023725509644,0.9566177725791931,0.9637882709503174
112,train,0,1.0,1.0,9,guijiao_20_180,17,0.4749999940395355,11875.0,361.0,1.5874711275100708,1.6042386293411255,1.557513952255249,0.04672464728355408,0.5723550319671631,0.9851588606834412,0.32404792308807373,3.4720147823463776e-07,0.6611105799674988,0.2920822501182556,2.5470766692546686e-18,0.2920822501182556,0.8823490142822266,1.160988450050354,0.34639209508895874,0.45413661003112793,10.827320098876953,0.7675181031227112,0.0028405485209077597,0.7675181031227112,0.9597023725509644,0.9566177725791931,0.9637882709503174
113,train,0,1.0,1.0,9,guijiao_20_180,18,0.5,12500.0,400.0,1.6530265808105469,1.7313737869262695,1.6809463500976562,0.05042744055390358,0.6341883540153503,1.0467579364776611,0.34396296739578247,3.8471065977319086e-07,0.70279461145401,0.31251654028892517,1.337401227409797e-18,0.31251654028892517,0.8823490142822266,1.160988450050354,0.34639209508895874,0.45105257630348206,10.210517883300781,0.7496858239173889,0.0044454713352024555,0.7496858239173889,0.9597023725509644,0.9566177725791931,0.9637882709503174
114,train,0,1.0,1.0,10,guijiao_10_0,0,0.05000000074505806,1250.0,4.0,0.061789702624082565,0.01671486906707287,0.01622803881764412,0.00048683019122108817,0.006424464285373688,0.009803574532270432,0.004147105850279331,0.0014907531440258026,0.004165716003626585,0.009522550739347935,0.004054622258991003,0.004054622258991003,0.8938384056091309,1.1740195751190186,0.35372668504714966,0.6207086443901062,44.14173126220703,0.9873295426368713,0.010440181009471416,0.9873295426368713,0.9602215886116028,0.9572629928588867,0.964532732963562
115,train,0,1.0,1.0,10,guijiao_10_0,1,0.07500000298023224,1875.0,9.0,0.07487817108631134,0.03715353459119797,0.036071449518203735,0.001082083792425692,0.014455043710768223,0.021616404876112938,0.009110759943723679,0.0033541943412274122,0.009151450358331203,0.018689146265387535,0.0064387195743620396,0.0064387195743620396,0.8938384056091309,1.1740195751190186,0.35372668504714966,0.5476172566413879,29.523452758789062,0.9718873500823975,-0.007101459428668022,0.9718873500823975,0.9602215886116028,0.9572629928588867,0.964532732963562
116,train,0,1.0,1.0,10,guijiao_10_0,2,0.10000000149011612,2500.0,16.0,0.08106280863285065,0.06496234983205795,0.06307196617126465,0.0018903810996562243,0.02569785714149475,0.0373741090297699,0.015671318396925926,0.0059630125761032104,0.01573977991938591,0.025918809697031975,0.00858659204095602,0.00858659204095602,0.8938384056091309,1.1740195751190186,0.35372668504714966,0.5097271203994751,21.9454288482666,0.9511362910270691,0.00453892583027482,0.9511362910270691,0.9602215886116028,0.9572629928588867,0.964532732963562
117,val,0,1.0,1.0,10,guijiao_10_0,3,0.125,3125.0,25.0,0.11539952456951141,0.09710079431533813,0.09656208008527756,0.0005387148121371865,0.0401528999209404,0.05640918016433716,0.023497946560382843,0.009317206218838692,0.023594027385115623,0.03230711445212364,0.01071394607424736,0.01071394607424736,0.8938384056091309,1.1740195751190186,0.35372668504714966,0.48791635036468506,17.583267211914062,0.9261138439178467,0.018540034070611,0.9261138439178467,0.9602215886116028,0.9572629928588867,0.964532732963562
118,val,0,1.0,1.0,10,guijiao_10_0,4,0.15000000596046448,3750.0,36.0,0.22257539629936218,0.1317838430404663,0.13585244119167328,-0.004068602807819843,0.05782017484307289,0.07803227007389069,0.032251324504613876,0.013416777364909649,0.032364170998334885,0.038538794964551926,0.012932950630784035,0.012932950630784035,0.8938384056091309,1.1740195751190186,0.35372668504714966,0.47369226813316345,14.738452911376953,0.89816814661026,0.006002162117511034,0.89816814661026,0.9602215886116028,0.9572629928588867,0.964532732963562
119,train,0,1.0,1.0,10,guijiao_10_0,5,0.17499999701976776,4375.0,49.0,0.19035470485687256,0.174920454621315,0.18032994866371155,-0.005409493111073971,0.07869967818260193,0.10163027048110962,0.04163200408220291,0.018261723220348358,0.04173654317855835,0.04491616040468216,0.015288958325982094,0.015288958325982094,0.8938384056091309,1.1740195751190186,0.35372668504714966,0.4635932743549347,12.71865463256836,0.8687525391578674,-0.0030154327396303415,0.8687525391578674,0.9602215886116028,0.9572629928588867,0.964532732963562
120,val,0,1.0,1.0,10,guijiao_10_0,6,0.20000000298023224,5000.0,64.0,0.2699236571788788,0.2226332128047943,0.22951862215995789,-0.006885402370244265,0.102791428565979,0.12672719359397888,0.051408618688583374,0.023852050304412842,0.051466524600982666,0.05157095938920975,0.0177962277084589,0.0177962277084589,0.8938384056091309,1.1740195751190186,0.35372668504714966,0.45599478483200073,11.198957443237305,0.8391799926757812,-0.0038515417836606503,0.8391799926757812,0.9602215886116028,0.9572629928588867,0.964532732963562
121,train,0,1.0,1.0,10,guijiao_10_0,7,0.22499999403953552,5625.0,81.0,0.29202887415885925,0.2745971381664276,0.2830897271633148,-0.008492579683661461,0.13009537756443024,0.15299434959888458,0.06142066791653633,0.03018774464726448,0.06138593703508377,0.05855756998062134,0.020455215126276016,0.020455215126276016,0.8938384056091309,1.1740195751190186,0.35372668504714966,0.45003658533096313,10.007320404052734,0.8104515671730042,-0.0026384065859019756,0.8104515671730042,0.9602215886116028,0.9572629928588867,0.964532732963562
122,train,0,1.0,1.0,10,guijiao_10_0,8,0.25,6250.0,100.0,0.29831641912460327,0.33061110973358154,0.3408361077308655,-0.010224983096122742,0.1606115996837616,0.18022450804710388,0.07156495749950409,0.03726882487535477,0.07139073312282562,0.0658935159444809,0.023260442540049553,0.023260442540049553,0.8938384056091309,1.1740195751190186,0.35372668504714966,0.4452192783355713,9.043856620788574,0.7832081317901611,-0.001705616945400834,0.7832081317901611,0.9602215886116028,0.9572629928588867,0.964532732963562
123,train,0,1.0,1.0,10,guijiao_10_0,9,0.2750000059604645,6875.0,121.0,0.4310641288757324,0.3905540704727173,0.4026329517364502,-0.012078890576958656,0.19434002041816711,0.2082929164171219,0.08177735656499863,0.04509527608752251,0.08142028748989105,0.07357822358608246,0.026204118505120277,0.026204118505120277,0.8938384056091309,1.1740195751190186,0.35372668504714966,0.4412316679954529,8.246335983276367,0.7577765583992004,-0.001399078406393528,0.7577765583992004,0.9602215886116028,0.9572629928588867,0.964532732963562
124,val,0,1.0,1.0,10,guijiao_10_0,10,0.30000001192092896,7500.0,144.0,0.40116769075393677,0.4543522000312805,0.46840423345565796,-0.01405202504247427,0.23128069937229156,0.2371235191822052,0.09201808273792267,0.053667109459638596,0.09143832325935364,0.08160223811864853,0.02927783876657486,0.02927783876657486,0.8938384056091309,1.1740195751190186,0.35372668504714966,0.43786895275115967,7.573787689208984,0.734257698059082,-0.0015483541646972299,0.734257698059082,0.9602215886116028,0.9572629928588867,0.964532732963562
125,train,0,1.0,1.0,10,guijiao_10_0,11,0.32499998807907104,8125.0,169.0,0.506271243095398,0.5219550132751465,0.5380978584289551,-0.01614282839000225,0.27143359184265137,0.2666642963886261,0.10226187855005264,0.06298431009054184,0.10141810029745102,0.08995193988084793,0.032473374158144,0.032473374158144,0.8938384056091309,1.1740195751190186,0.35372668504714966,0.43499016761779785,6.998030662536621,0.7126087546348572,-0.0019391136011108756,0.7126087546348572,0.9602215886116028,0.9572629928588867,0.964532732963562
126,train,0,1.0,1.0,10,guijiao_10_0,12,0.3499999940395355,8750.0,196.0,0.5606998205184937,0.59331876039505,0.6116687059402466,-0.018349947407841682,0.3147987127304077,0.29687002301216125,0.11249241232872009,0.07304689288139343,0.11133071035146713,0.09861201047897339,0.03578303009271622,0.03578303009271622,0.8938384056091309,1.1740195751190186,0.35372668504714966,0.4324948787689209,6.498973846435547,0.6927042603492737,-0.0024097198620438576,0.6927042603492737,0.9602215886116028,0.9572629928588867,0.964532732963562
127,train,0,1.0,1.0,10,guijiao_10_0,13,0.375,9375.0,225.0,0.5885866284370422,0.6683892011642456,0.6890609264373779,-0.020671704784035683,0.3613760769367218,0.32768481969833374,0.12269897758960724,0.08385485410690308,0.12113100290298462,0.10756683349609375,0.03919977322220802,0.03919977322220802,0.8938384056091309,1.1740195751190186,0.35372668504714966,0.43030932545661926,6.06186580657959,0.6743690371513367,-0.00286313658580184,0.6743690371513367,0.9602215886116028,0.9572629928588867,0.964532732963562
128,val,0,1.0,1.0,10,guijiao_10_0,14,0.4000000059604645,10000.0,256.0,0.6958703994750977,0.747073233127594,0.7701784372329712,-0.02310522086918354,0.411165714263916,0.3590127229690552,0.13287453353405,0.09540820121765137,0.13072998821735382,0.11680116504430771,0.04271727055311203,0.04271727055311203,0.8938384056091309,1.1740195751190186,0.35372668504714966,0.42837801575660706,5.675602912902832,0.6573816537857056,-0.0032428966369479895,0.6573816537857056,0.9602215886116028,0.9572629928588867,0.964532732963562
129,val,0,1.0,1.0,10,guijiao_10_0,15,0.42500001192092896,10625.0,289.0,0.6730650663375854,0.8271322250366211,0.8527134656906128,-0.02558126114308834,0.4641675055027008,0.3885459303855896,0.14301422238349915,0.10561200231313705,0.1399196833372116,0.12630051374435425,0.046329837292432785,0.046329837292432785,0.8938384056091309,1.1740195751190186,0.35372668504714966,0.4266582429409027,5.331648349761963,0.6349465250968933,-0.0035226328764110804,0.6349465250968933,0.9602215886116028,0.9572629928588867,0.964532732963562
130,val,0,1.0,1.0,10,guijiao_10_0,16,0.44999998807907104,11250.0,324.0,0.6925672888755798,0.9071363806724548,0.9351919889450073,-0.02805560640990734,0.520381510257721,0.4148104786872864,0.1531146913766861,0.11359752714633942,0.14809824526309967,0.13605135679244995,0.05003241449594498,0.05003241449594498,0.8938384056091309,1.1740195751190186,0.35372668504714966,0.4251165986061096,5.02332067489624,0.606158971786499,-0.0036919005215168,0.606158971786499,0.9602215886116028,0.9572629928588867,0.964532732963562
131,val,0,1.0,1.0,10,guijiao_10_0,17,0.4749999940395355,11875.0,361.0,0.7913765907287598,0.986690878868103,1.0172069072723389,-0.030516045168042183,0.5798078179359436,0.4373990297317505,0.16317309439182281,0.12154790014028549,0.15267804265022278,0.1460411250591278,0.05382047966122627,0.05382047966122627,0.8938384056091309,1.1740195751190186,0.35372668504714966,0.42372652888298035,4.74530553817749,0.5765007138252258,-0.0037521300837397575,0.5765007138252258,0.9602215886116028,0.9572629928588867,0.964532732963562
132,train,0,1.0,1.0,10,guijiao_10_0,18,0.5,12500.0,400.0,0.9285801649093628,1.058292269706726,1.0910227298736572,-0.03273050859570503,0.6424463987350464,0.44857627153396606,0.17318682372570038,0.12947268784046173,0.14591674506664276,0.15625827014446259,0.05769001320004463,0.05769001320004463,0.8938384056091309,1.1740195751190186,0.35372668504714966,0.42246657609939575,4.493317604064941,0.5406001210212708,-0.0037089211400598288,0.5406001210212708,0.9602215886116028,0.9572629928588867,0.964532732963562
133,train,0,1.0,1.0,11,guijiao_10_180,0,0.05000000074505806,1250.0,4.0,0.06980589777231216,0.015262535773217678,0.014817998744547367,0.0004445370868779719,0.006424464285373688,0.00839353445917368,0.004147105850279331,1.9876706947030698e-09,0.004246426746249199,0.009522550739347935,1.557760600314056e-22,0.009522550739347935,0.8938384056091309,1.1740195751190186,0.35372668504714966,0.838975191116333,87.79503631591797,0.9936651587486267,0.003020113566890359,0.9936651587486267,0.9602215886116028,0.9572629928588867,0.964532732963562
134,train,0,1.0,1.0,11,guijiao_10_180,1,0.07500000298023224,1875.0,9.0,0.03306988999247551,0.034113869071006775,0.03312026709318161,0.0009936017449945211,0.014455043710768223,0.018665224313735962,0.009110759943723679,4.472258563481546e-09,0.00955445971339941,0.018689146265387535,1.9663044687165624e-22,0.018689146265387535,0.8938384056091309,1.1740195751190186,0.35372668504714966,0.7209258079528809,64.1851577758789,0.9859474301338196,-0.0004056077159475535,0.9859474301338196,0.9602215886116028,0.9572629928588867,0.964532732963562
135,train,0,1.0,1.0,11,guijiao_10_180,2,0.10000000149011612,2500.0,16.0,0.15503378212451935,0.06010552868247032,0.05835489183664322,0.0017506356816738844,0.02569785714149475,0.03265703469514847,0.015671318396925926,7.950682778812279e-09,0.016985706984996796,0.025918809697031975,3.962648760703941e-22,0.025918809697031975,0.8938384056091309,1.1740195751190186,0.35372668504714966,0.6509374380111694,50.1874885559082,0.9755868315696716,-0.0010756845586001873,0.9755868315696716,0.9602215886116028,0.9572629928588867,0.964532732963562
136,train,0,1.0,1.0,11,guijiao_10_180,3,0.125,3125.0,25.0,0.1742364466190338,0.09289673715829849,0.09019102156162262,0.0027057130355387926,0.0401528999209404,0.05003812164068222,0.023497946560382843,1.2422940010026196e-08,0.026540163904428482,0.03230711445212364,3.1570147162628854e-23,0.03230711445212364,0.8938384056091309,1.1740195751190186,0.35372668504714966,0.6060657501220703,41.2131462097168,0.9631161093711853,-0.0004148799635004252,0.9631161093711853,0.9602215886116028,0.9572629928588867,0.964532732963562
137,train,0,1.0,1.0,11,guijiao_10_180,4,0.15000000596046448,3750.0,36.0,0.2257920205593109,0.13213801383972168,0.1282893568277359,0.0038486553821712732,0.05782017484307289,0.07046918570995331,0.032251324504613876,1.7889034253926184e-08,0.03821783885359764,0.038538794964551926,5.617418552650028e-23,0.038538794964551926,0.8938384056091309,1.1740195751190186,0.35372668504714966,0.5746968984603882,34.93937683105469,0.9492234587669373,0.0007954964530654252,0.9492234587669373,0.9602215886116028,0.9572629928588867,0.964532732963562
138,train,0,1.0,1.0,11,guijiao_10_180,5,0.17499999701976776,4375.0,49.0,0.24175983667373657,0.17752091586589813,0.1723504364490509,0.005170478485524654,0.07869967818260193,0.09365075081586838,0.04163200408220291,2.4348961957798565e-08,0.05201872065663338,0.04491616040468216,6.843195434481853e-23,0.04491616040468216,0.8938384056091309,1.1740195751190186,0.35372668504714966,0.551417887210846,30.2835750579834,0.9346402287483215,0.0020981922280043364,0.9346402287483215,0.9602215886116028,0.9572629928588867,0.964532732963562
139,train,0,1.0,1.0,11,guijiao_10_180,6,0.20000000298023224,5000.0,64.0,0.24040131270885468,0.22880715131759644,0.22214290499687195,0.006664241198450327,0.102791428565979,0.11935147643089294,0.051408618688583374,3.1802731115249117e-08,0.06794282793998718,0.05157095938920975,5.755372023400182e-23,0.05157095938920975,0.8938384056091309,1.1740195751190186,0.35372668504714966,0.533397376537323,26.679471969604492,0.9200141429901123,0.003222612664103508,0.9200141429901123,0.9602215886116028,0.9572629928588867,0.964532732963562
140,train,0,1.0,1.0,11,guijiao_10_180,7,0.22499999403953552,5625.0,81.0,0.35061752796173096,0.28583136200904846,0.2775062322616577,0.008325127884745598,0.13009537756443024,0.14741083979606628,0.06142066791653633,4.025032751542312e-08,0.08599012345075607,0.05855756998062134,5.25454821604688e-22,0.05855756998062134,0.8938384056091309,1.1740195751190186,0.35372668504714966,0.5190048217773438,23.800962448120117,0.9058275818824768,0.004014131613075733,0.9058275818824768,0.9602215886116028,0.9572629928588867,0.964532732963562
141,train,0,1.0,1.0,11,guijiao_10_180,8,0.25,6250.0,100.0,0.3476819396018982,0.34848731756210327,0.3383372724056244,0.010150044225156307,0.1606115996837616,0.1777256727218628,0.07156495749950409,4.969176004010478e-08,0.10616065561771393,0.0658935159444809,1.220661604799784e-21,0.0658935159444809,0.8938384056091309,1.1740195751190186,0.35372668504714966,0.507230281829834,21.44605827331543,0.8923819661140442,0.004401498939841986,0.8923819661140442,0.9602215886116028,0.9572629928588867,0.964532732963562
142,train,0,1.0,1.0,11,guijiao_10_180,9,0.2750000059604645,6875.0,121.0,0.38224053382873535,0.41670888662338257,0.4045718312263489,0.012137063778936863,0.19434002041816711,0.21023181080818176,0.08177735656499863,6.012703579472145e-08,0.12845438718795776,0.07357822358608246,3.733637012555253e-22,0.07357822358608246,0.8938384056091309,1.1740195751190186,0.35372668504714966,0.49741220474243164,19.482440948486328,0.8798279762268066,0.004359635058790445,0.8798279762268066,0.9602215886116028,0.9572629928588867,0.964532732963562
143,train,0,1.0,1.0,11,guijiao_10_180,10,0.30000001192092896,7500.0,144.0,0.5158165097236633,0.4904552102088928,0.47617021203041077,0.014284994453191757,0.23128069937229156,0.2448895126581192,0.09201808273792267,7.155613701570473e-08,0.15287135541439056,0.08160223811864853,5.248621737568783e-21,0.08160223811864853,0.8938384056091309,1.1740195751190186,0.35372668504714966,0.48909759521484375,17.819517135620117,0.8682113289833069,0.0039049747865647078,0.8682113289833069,0.9602215886116028,0.9572629928588867,0.964532732963562
144,val,0,1.0,1.0,11,guijiao_10_180,11,0.32499998807907104,8125.0,169.0,0.47507306933403015,0.5697001218795776,0.5531070232391357,0.016593076288700104,0.27143359184265137,0.28167346119880676,0.10226187855005264,8.397908146662303e-08,0.17941150069236755,0.08995193988084793,9.957311831609947e-21,0.08995193988084793,0.8938384056091309,1.1740195751190186,0.35372668504714966,0.48196521401405334,16.393043518066406,0.8575146794319153,0.0030774245969951153,0.8575146794319153,0.9602215886116028,0.9572629928588867,0.964532732963562
145,train,0,1.0,1.0,11,guijiao_10_180,12,0.3499999940395355,8750.0,196.0,0.5916249752044678,0.6544269323348999,0.6353660821914673,0.01906082034111023,0.3147987127304077,0.32056739926338196,0.11249241232872009,9.739584783119426e-08,0.2080748826265335,0.09861201047897339,1.801439107896812e-20,0.09861201047897339,0.8938384056091309,1.1740195751190186,0.35372668504714966,0.4757799208164215,15.155984878540039,0.8476872444152832,0.0019320485880598426,0.8476872444152832,0.9602215886116028,0.9572629928588867,0.964532732963562
146,train,0,1.0,1.0,11,guijiao_10_180,13,0.375,9375.0,225.0,0.7030403017997742,0.7446245551109314,0.7229366302490234,0.021687906235456467,0.3613760769367218,0.361560583114624,0.12269897758960724,1.1180647874198257e-07,0.23886150121688843,0.10756683349609375,3.1284222798348394e-20,0.10756683349609375,0.8938384056091309,1.1740195751190186,0.35372668504714966,0.4703657627105713,14.073150634765625,0.8386629223823547,0.0005338396294973791,0.8386629223823547,0.9602215886116028,0.9572629928588867,0.964532732963562
147,val,0,1.0,1.0,11,guijiao_10_180,14,0.4000000059604645,10000.0,256.0,0.7948856353759766,0.8380259871482849,0.8136177062988281,0.024408305063843727,0.411165714263916,0.4024520218372345,0.13287453353405,1.2721092446099647e-07,0.26957735419273376,0.11680116504430771,5.24270174163406e-20,0.11680116504430771,0.8938384056091309,1.1740195751190186,0.35372668504714966,0.4655887186527252,13.117743492126465,0.8276808857917786,-0.0010479070479050279,0.8276808857917786,0.9602215886116028,0.9572629928588867,0.964532732963562
148,val,0,1.0,1.0,11,guijiao_10_180,15,0.42500001192092896,10625.0,289.0,0.9257188439369202,0.924965500831604,0.8980250358581543,0.026940487325191498,0.4641675055027008,0.4338575303554535,0.14301422238349915,1.4360917077738122e-07,0.2908431589603424,0.12630051374435425,8.515039230886348e-20,0.12630051374435425,0.8938384056091309,1.1740195751190186,0.35372668504714966,0.4613442122936249,12.268844604492188,0.8054035305976868,-0.002742959652096033,0.8054035305976868,0.9602215886116028,0.9572629928588867,0.964532732963562
149,train,0,1.0,1.0,11,guijiao_10_180,16,0.44999998807907104,11250.0,324.0,1.0905781984329224,1.0150432586669922,0.9854792356491089,0.02956407330930233,0.520381510257721,0.46509769558906555,0.1531146913766861,1.610013100616925e-07,0.3119828402996063,0.13605135679244995,1.3451643433080014e-19,0.13605135679244995,0.8938384056091309,1.1740195751190186,0.35372668504714966,0.4575488269329071,11.509765625,0.784727156162262,-0.004485124256461859,0.784727156162262,0.9602215886116028,0.9572629928588867,0.964532732963562
150,val,0,1.0,1.0,11,guijiao_10_180,17,0.4749999940395355,11875.0,361.0,1.0394068956375122,1.1082937717437744,1.0760136842727661,0.03228006139397621,0.5798078179359436,0.4962058663368225,0.16317309439182281,1.7938725704880198e-07,0.3330325782299042,0.1460411250591278,1.2735383346273343e-18,0.1460411250591278,0.8938384056091309,1.1740195751190186,0.35372668504714966,0.45413661003112793,10.827320098876953,0.7655588984489441,-0.006210990250110626,0.7655588984489441,0.9602215886116028,0.9572629928588867,0.964532732963562
151,val,0,1.0,1.0,11,guijiao_10_180,18,0.5,12500.0,400.0,1.115393042564392,1.204719066619873,1.169630527496338,0.03508851304650307,0.6424463987350464,0.5271841287612915,0.17318682372570038,1.9876704016041913e-07,0.353997141122818,0.15625827014446259,6.687006137048985e-19,0.15625827014446259,0.8938384056091309,1.1740195751190186,0.35372668504714966,0.45105257630348206,10.210517883300781,0.7477693557739258,-0.007861766964197159,0.7477693557739258,0.9602215886116028,0.9572629928588867,0.964532732963562
152,train,1,0.20000000298023224,0.30000001192092896,12,synthetic_0000,0,0.31939631700515747,7984.90771484375,4.827890396118164,1.9296501874923706,1.7713901996612549,1.7197966575622559,0.0515935942530632,0.3951476216316223,1.3246489763259888,0.6577368378639221,4.6716033352822706e-07,0.6669116616249084,0.7764458656311035,3.489370537278666e-21,0.7764458656311035,1.3472918272018433,2.1846213340759277,0.5399278998374939,0.8110246062278748,82.20491790771484,0.9859721064567566,0.0027747361455112696,0.9859721064567566,1.0269927978515625,0.9705864787101746,0.9974957704544067
153,train,1,0.20000000298023224,0.30000001192092896,13,synthetic_0001,1,0.43977925181388855,10994.4814453125,266.1661682128906,1.8583924770355225,1.0644205808639526,1.097340703010559,-0.032920077443122864,0.49697232246398926,0.6003683805465698,0.059636328369379044,0.22912105917930603,0.31161096692085266,0.7258675694465637,0.10194704681634903,0.10194704681634903,0.8937680721282959,1.1794236898422241,0.3499251902103424,0.5617115497589111,32.34230422973633,0.6845996975898743,0.0053895991295576096,0.6845996975898743,0.9606297612190247,0.9568178057670593,0.9644094705581665
154,train,1,0.20000000298023224,0.30000001192092896,14,synthetic_0002,2,0.4864594340324402,12161.4853515625,31.33639144897461,1.882183313369751,1.6861305236816406,1.7382786273956299,-0.05214814469218254,0.8299383521080017,0.908340334892273,0.08794894814491272,0.3043461740016937,0.5160452127456665,0.5892670750617981,0.14530391991138458,0.14530391991138458,1.219873309135437,1.8352580070495605,0.4834902286529541,0.5480977892875671,29.61956024169922,0.8870594501495361,-0.0048305257223546505,0.8870594501495361,1.0078990459442139,0.9662700891494751,0.9872445464134216
155,train,1,0.20000000298023224,0.30000001192092896,15,synthetic_0003,3,0.1325320303440094,3313.30078125,19.03525733947754,0.2495458871126175,0.12909814715385437,0.13309085369110107,-0.003992707002907991,0.04613880068063736,0.08695206046104431,0.008976010605692863,0.021782169118523598,0.05619387701153755,0.10876335948705673,0.02761797234416008,0.02761797234416008,0.9136645197868347,1.2123864889144897,0.35620883107185364,0.5917947292327881,38.358951568603516,0.9490046501159668,-0.00403412664309144,0.9490046501159668,0.9624061584472656,0.9571774005889893,0.9655240178108215
156,train,1,0.20000000298023224,0.30000001192092896,16,synthetic_0004,4,0.18105311691761017,4526.32763671875,9.444295883178711,0.3161894381046295,0.2091522514820099,0.21562084555625916,-0.0064686015248298645,0.10313452035188675,0.112486332654953,0.011207484640181065,0.031239595264196396,0.07003924995660782,0.10354305058717728,0.036656640470027924,0.036656640470027924,1.0943447351455688,1.546450138092041,0.42706334590911865,0.7027266025543213,60.545318603515625,0.9668276906013489,-0.011866673827171326,0.9668276906013489,0.986234188079834,0.9619974493980408,0.9774879217147827
157,train,1,0.20000000298023224,0.30000001192092896,17,synthetic_0005,5,0.21486282348632812,5371.57080078125,68.13875579833984,0.3218056857585907,0.20991988480091095,0.2164122313261032,-0.006492344196885824,0.11950743198394775,0.09690479934215546,0.010030655190348625,0.027943080291152,0.05893106386065483,0.08663242310285568,0.02001045271754265,0.02001045271754265,0.9003980159759521,1.184462070465088,0.35583701729774475,0.5230057835578918,24.601152420043945,0.8535671234130859,-0.0075914873741567135,0.8535671234130859,0.9607580900192261,0.9573885202407837,0.9648948907852173
158,train,1,0.20000000298023224,0.30000001192092896,18,synthetic_0006,6,0.281405508518219,7035.13720703125,7.56178617477417,1.2167948484420776,0.9502602219581604,0.979649543762207,-0.02938929945230484,0.2816402018070221,0.6980093717575073,0.06812410056591034,0.21020448207855225,0.41968074440956116,0.37497296929359436,0.19686828553676605,0.19686828553676605,1.2370623350143433,1.8946592807769775,0.4835622012615204,0.7759909629821777,75.19819641113281,0.9674307703971863,-0.0046652755700051785,0.9674307703971863,1.0119365453720093,0.965766191482544,0.9883795976638794
159,train,1,0.20000000298023224,0.30000001192092896,19,synthetic_0007,7,0.1267358511686325,3168.396484375,35.174095153808594,0.12597081065177917,0.09175927191972733,0.08908668905496597,0.0026725828647613525,0.04020959883928299,0.04887709021568298,0.022461313754320145,1.2120276338123404e-08,0.026415763422846794,0.027840513736009598,3.740899266048718e-23,0.027840513736009598,0.8707488179206848,1.1381880044937134,0.3464439809322357,0.576564610004425,35.31292724609375,0.9515174031257629,0.0004662926949094981,0.9515174031257629,0.958500325679779,0.9568339586257935,0.9632940888404846
160,train,1,0.20000000298023224,0.30000001192092896,20,synthetic_0008,8,0.41377881169319153,10344.4697265625,8.165862083435059,3.0621743202209473,2.9360644817352295,2.850548505783081,0.08551593124866486,0.6626081466674805,2.1879403591156006,1.070405125617981,7.819119218765991e-07,1.1175343990325928,1.1756547689437866,1.5397923683770387e-22,1.1756547689437866,1.3461158275604248,2.1813981533050537,0.5392853617668152,0.7341731190681458,66.83463287353516,0.9767822623252869,0.0011924015125259757,0.9767822623252869,1.0268586874008179,0.9705272316932678,0.9973971247673035
161,train,1,0.20000000298023224,0.30000001192092896,21,synthetic_0009,9,0.24806861579418182,6201.71533203125,108.45155334472656,0.38449859619140625,0.3383738696575165,0.3285183906555176,0.009855479001998901,0.15681050717830658,0.1717078983783722,0.06827700883150101,4.809957943052723e-08,0.1034308522939682,0.06267372518777847,1.5330850564422917e-21,0.06267372518777847,0.8863263726234436,1.1622042655944824,0.351332426071167,0.5029579401016235,20.591585159301758,0.8877370357513428,0.004110620357096195,0.8877370357513428,0.9596333503723145,0.9571212530136108,0.964123547077179
162,train,1,0.20000000298023224,0.30000001192092896,22,synthetic_0010,10,0.4591941833496094,11479.8544921875,68.86920928955078,2.210259199142456,1.6883187294006348,1.7405345439910889,-0.05221579223871231,0.6361061930656433,1.1044282913208008,0.11102835088968277,0.35912343859672546,0.6342765688896179,0.7913719415664673,0.18198835849761963,0.18198835849761963,1.0492984056472778,1.4654878377914429,0.4035075306892395,0.5233942866325378,24.678852081298828,0.8286493420600891,0.0005808639689348638,0.8286493420600891,0.9799692630767822,0.9600545167922974,0.9741312265396118
163,train,1,0.20000000298023224,0.30000001192092896,23,synthetic_0011,11,0.28403061628341675,7100.76513671875,12.959049224853516,0.759762167930603,0.5758833885192871,0.5936941504478455,-0.017810756340622902,0.27547600865364075,0.3182181417942047,0.031148036941885948,0.09608188271522522,0.190988227725029,0.27270570397377014,0.07708706706762314,0.07708706706762314,1.187724232673645,1.7573496103286743,0.46817970275878906,0.640916109085083,48.183223724365234,0.9496267437934875,-0.014562075026333332,0.9496267437934875,1.0024710893630981,0.9650486707687378,0.9846543073654175
164,train,1,0.20000000298023224,0.30000001192092896,24,synthetic_0012,12,0.3988097608089447,9970.244140625,193.67137145996094,0.9059556722640991,0.8739846348762512,0.8485289812088013,0.025455651804804802,0.41937071084976196,0.4291582405567169,0.14997254312038422,1.3336257609353197e-07,0.27918556332588196,0.12860916554927826,2.2565403099915633e-20,0.12860916554927826,0.9171252846717834,1.2116177082061768,0.3613016903400421,0.47626402974128723,15.252806663513184,0.846398651599884,0.0009357460658065975,0.846398651599884,0.9622247815132141,0.9577162265777588,0.9658384919166565
165,train,1,0.20000000298023224,0.30000001192092896,25,synthetic_0013,13,0.46484339237213135,11621.0849609375,12.9608793258667,2.1210227012634277,2.2572824954986572,2.1915369033813477,0.06574568152427673,0.839206874370575,1.352329969406128,0.6474308967590332,5.059155796516279e-07,0.7048985958099365,0.6185199022293091,1.6847047282709454e-22,0.6185199022293091,1.3508832454681396,2.1787021160125732,0.5525569915771484,0.674895703792572,54.9791374206543,0.9643824696540833,0.0024771210737526417,0.9643824696540833,1.02652108669281,0.97243332862854,0.9982153177261353
166,train,1,0.20000000298023224,0.30000001192092896,26,synthetic_0014,14,0.19639864563941956,4909.96630859375,44.803951263427734,0.4347597360610962,0.2667652666568756,0.2750157117843628,-0.008250433020293713,0.10065518319606781,0.1743605136871338,0.018077557906508446,0.047176383435726166,0.10910657048225403,0.15982189774513245,0.040087632834911346,0.040087632834911346,0.9076561331748962,1.202319622039795,0.35429421067237854,0.5246534943580627,24.93070411682129,0.8928698897361755,-0.008258137851953506,0.8928698897361755,0.9618479013442993,0.9570673108100891,0.9651831984519958
167,train,1,0.20000000298023224,0.30000001192092896,27,synthetic_0015,15,0.21053899824619293,5263.47509765625,37.403072357177734,0.5328525304794312,0.4268559515476227,0.4144233465194702,0.01243261806666851,0.11940795928239822,0.2950153946876526,0.1339903622865677,7.73550468124995e-08,0.16102495789527893,0.1489114612340927,2.007589661963485e-22,0.1489114612340927,0.9369799494743347,1.2523736953735352,0.36377906799316406,0.5716564059257507,34.331275939941406,0.9446477293968201,0.0054190801456570625,0.9446477293968201,0.964754581451416,0.9576172232627869,0.9668806791305542
168,train,1,0.20000000298023224,0.30000001192092896,28,synthetic_0016,16,0.41098862886428833,10274.7158203125,45.10024642944336,1.2415413856506348,1.0212655067443848,1.0528509616851807,-0.031585413962602615,0.5371058583259583,0.5157450437545776,0.0511489063501358,0.16551214456558228,0.29908400774002075,0.3487221896648407,0.08751271665096283,0.08751271665096283,1.1060185432434082,1.5715351104736328,0.43194156885147095,0.5242657661437988,24.853153228759766,0.8670570850372314,-0.011014305055141449,0.8670570850372314,0.9882306456565857,0.9623429775238037,0.9783505797386169
169,train,1,0.20000000298023224,0.30000001192092896,29,synthetic_0017,17,0.13942205905914307,3485.551513671875,0.7891212105751038,0.31864839792251587,0.35184651613235474,0.34159860014915466,0.010247902013361454,0.07657887786626816,0.2650197148323059,0.13399356603622437,9.38825763796558e-08,0.13102607429027557,0.11316884309053421,9.080680116372384e-22,0.11316884309053421,1.3702762126922607,2.2481372356414795,0.5526746511459351,0.9726255536079407,114.52510833740234,0.9975919723510742,0.00011984072625637054,0.9975919723510742,1.0294983386993408,0.9717837572097778,0.9994259476661682
170,train,1,0.20000000298023224,0.30000001192092896,30,synthetic_0018,18,0.378053218126297,9451.3310546875,12.003012657165527,2.356846332550049,2.177807331085205,2.1143765449523926,0.06343089789152145,0.5167598724365234,1.5976166725158691,0.7712070345878601,5.3087296691956e-07,0.8264090418815613,0.8466885685920715,1.6823515751233328e-21,0.8466885685920715,1.257607340812683,1.9467482566833496,0.4934973120689392,0.6841011643409729,56.820228576660156,0.9700570106506348,0.0026554849464446306,0.9700570106506348,1.0151052474975586,0.9665629863739014,0.9900522232055664
171,train,1,0.20000000298023224,0.30000001192092896,31,synthetic_0019,0,0.10214107483625412,2553.52685546875,20.32386016845703,0.14585594832897186,0.07177401334047318,0.07399381697177887,-0.002219802001491189,0.02605508081614971,0.04793873429298401,0.0049898368306458,0.011671733111143112,0.031277164816856384,0.06306549906730652,0.015869762748479843,0.015869762748479843,0.8686677813529968,1.1393651962280273,0.3422299027442932,0.5850543975830078,37.01087951660156,0.9488450884819031,0.003704463830217719,0.9488450884819031,0.9586769342422485,0.9563841223716736,0.9630619287490845
172,train,1,0.20000000298023224,0.30000001192092896,32,synthetic_0020,1,0.07860125601291656,1965.031494140625,1.1720293760299683,0.05651896446943283,0.04386718198657036,0.04522383585572243,-0.0013566524721682072,0.020611219108104706,0.02461261674761772,0.002427267376333475,0.006892946548759937,0.015292401425540447,0.001134017831645906,0.013660281896591187,0.013660281896591187,1.1603976488113403,1.6932311058044434,0.45564180612564087,0.9257025718688965,105.14051055908203,0.9953169822692871,-0.006332955323159695,0.9953169822692871,0.9977232813835144,0.9640839695930481,0.9824979305267334
173,train,1,0.20000000298023224,0.30000001192092896,33,synthetic_0021,2,0.33690086007118225,8422.521484375,76.22600555419922,0.7565515041351318,0.7118710875511169,0.6911371350288391,0.020733963698148727,0.319538950920105,0.37159818410873413,0.15384534001350403,1.0989119658688651e-07,0.21775273978710175,0.13494674861431122,9.818136068218808e-22,0.13494674861431122,0.9792232513427734,1.3191089630126953,0.3826603293418884,0.5225882530212402,24.51764678955078,0.902326762676239,0.008026906289160252,0.902326762676239,0.9689487814903259,0.9590352177619934,0.9695883989334106
174,train,1,0.20000000298023224,0.30000001192092896,34,synthetic_0022,3,0.37096014618873596,9274.00390625,49.5421142578125,0.9914396405220032,0.7822231650352478,0.8064155578613281,-0.024192379787564278,0.41987138986587524,0.3865441679954529,0.03868308290839195,0.1212284192442894,0.22663268446922302,0.2703371047973633,0.06836585700511932,0.06836585700511932,1.0612651109695435,1.4773905277252197,0.4136277735233307,0.518890380859375,23.778076171875,0.8637898564338684,-0.01327293086796999,0.8637898564338684,0.9807544350624084,0.9610671401023865,0.9751014709472656
175,train,1,0.20000000298023224,0.30000001192092896,35,synthetic_0023,4,0.27220800518989563,6805.20068359375,18.2852725982666,1.094096302986145,0.8979042172431946,0.8717518448829651,0.026152389124035835,0.23201309144496918,0.6397387385368347,0.3033267557621002,1.848723059083568e-07,0.33641180396080017,0.3595525920391083,1.3291665066830285e-22,0.3595525920391083,1.0891127586364746,1.5490731000900269,0.41897106170654297,0.6367055773735046,47.34111404418945,0.9642826914787292,0.006247699726372957,0.9642826914787292,0.98659348487854,0.9610680341720581,0.9769587516784668
176,train,1,0.20000000298023224,0.30000001192092896,36,synthetic_0024,5,0.09855113923549652,2463.778564453125,4.2258734703063965,0.08139587938785553,0.057932205498218536,0.059723906219005585,-0.0017917021177709103,0.028889000415802002,0.030834905803203583,0.003103453665971756,0.008032586425542831,0.019698865711688995,0.003133670426905155,0.015435488894581795,0.015435488894581795,1.0345972776412964,1.4239050149917603,0.4032022953033447,0.94815593957901,109.63118743896484,0.9859669804573059,-0.0033568968065083027,0.9859669804573059,0.9765962958335876,0.9603661894798279,0.9732435941696167
177,train,1,0.20000000298023224,0.30000001192092896,37,synthetic_0025,6,0.2788568139076233,6971.42041015625,13.95384693145752,1.1812527179718018,0.7936941385269165,0.8182412385940552,-0.024547109380364418,0.25421881675720215,0.564022421836853,0.0560881532728672,0.1630232036113739,0.3449110984802246,0.5218186378479004,0.1431504189968109,0.1431504189968109,1.137122631072998,1.6553049087524414,0.43865635991096497,0.6298851370811462,45.977027893066406,0.9489642977714539,-0.005862371996045113,0.9489642977714539,0.9949738383293152,0.9624168872833252,0.980522096157074
178,train,1,0.20000000298023224,0.30000001192092896,38,synthetic_0026,7,0.38999801874160767,9749.9501953125,140.9248504638672,1.0197232961654663,0.6860367059707642,0.7072542905807495,-0.021217554807662964,0.4126432240009308,0.2946110963821411,0.029717281460762024,0.10167841613292694,0.16321539878845215,0.28541886806488037,0.04986286163330078,0.04986286163330078,0.9436523914337158,1.2562446594238281,0.3702162504196167,0.546271800994873,29.25436019897461,0.7592204213142395,-0.00480619678273797,0.7592204213142395,0.9648485779762268,0.9582591652870178,0.9673935174942017
179,train,1,0.20000000298023224,0.30000001192092896,39,synthetic_0027,8,0.12254957854747772,3063.739501953125,28.895038604736328,0.12157099694013596,0.06994251161813736,0.07210567593574524,-0.002163160825148225,0.0379888117313385,0.03411686420440674,0.003537458833307028,0.008675344288349152,0.02190406247973442,0.03890944644808769,0.009590823203325272,0.009590823203325272,0.8798208236694336,1.152094841003418,0.3492783308029175,0.5541852712631226,30.837053298950195,0.9289241433143616,0.022962387651205063,0.9289241433143616,0.9591460824012756,0.9570001363754272,0.9637740254402161
180,train,1,0.20000000298023224,0.30000001192092896,40,synthetic_0028,9,0.4421572685241699,11053.931640625,16.93781852722168,1.8114657402038574,1.8939316272735596,1.8387689590454102,0.0551627092063427,0.7255100607872009,1.1132588386535645,0.5260744094848633,3.969821023019904e-07,0.5871840119361877,0.4927573502063751,1.8818018147670324e-22,0.4927573502063751,1.2907794713974,2.0161736011505127,0.5194957852363586,0.6447774767875671,48.95549392700195,0.957780659198761,0.005040068179368973,0.957780659198761,1.0188028812408447,0.9693429470062256,0.993119478225708
181,train,1,0.20000000298023224,0.30000001192092896,41,synthetic_0029,10,0.2927040159702301,7317.60009765625,103.56944274902344,0.7837321162223816,0.7381917238235474,0.7166911363601685,0.021500561386346817,0.22274139523506165,0.4939497709274292,0.19712918996810913,1.38636096380651e-07,0.2968204617500305,0.17796087265014648,3.71789897243883e-21,0.17796087265014648,0.904285728931427,1.1967151165008545,0.3532266318798065,0.5053662061691284,21.0732364654541,0.8888397812843323,0.0034310496412217617,0.8888397812843323,0.9615430235862732,0.9570061564445496,0.9649935960769653
182,train,1,0.20000000298023224,0.30000001192092896,42,synthetic_0030,11,0.09952336549758911,2488.084228515625,0.5909401178359985,0.1514594703912735,0.14251935482025146,0.1399226039648056,0.0025967552792280912,0.037351544946432114,0.10257105529308319,0.009860260412096977,0.03131289407610893,0.06139790639281273,0.0033862008713185787,0.04735046997666359,0.04735046997666359,1.3116577863693237,2.0881428718566895,0.5208648443222046,0.9143104553222656,102.86209106445312,0.9970819354057312,0.0067714499309659,0.9970819354057312,1.0226688385009766,0.9688724875450134,0.9945166707038879
183,train,1,0.20000000298023224,0.30000001192092896,43,synthetic_0031,12,0.4373287558555603,10933.21875,83.36947631835938,1.2532860040664673,1.2724274396896362,1.235366702079773,0.03706071898341179,0.5687477588653564,0.6666189432144165,0.26919734477996826,2.1077975986827369e-07,0.39742138981819153,0.21838317811489105,2.164475188593768e-21,0.21838317811489105,1.0343458652496338,1.4234099388122559,0.4031056761741638,0.5173342823982239,23.466854095458984,0.8916829228401184,0.006243855692446232,0.8916829228401184,0.9765583872795105,0.9603597521781921,0.9732263684272766
184,train,1,0.20000000298023224,0.30000001192092896,44,synthetic_0032,13,0.14994850754737854,3748.712890625,6.874508857727051,0.3294670581817627,0.20955826342105865,0.21603941917419434,-0.006481149233877659,0.0684209018945694,0.14761851727962494,0.014870937913656235,0.03913038596510887,0.09361719340085983,0.07582564651966095,0.058391980826854706,0.058391980826854706,1.0584408044815063,1.4843140840530396,0.4069913625717163,0.8283227682113647,85.66455841064453,0.9765028953552246,-0.005592919420450926,0.9765028953552246,0.9814497232437134,0.9602794647216797,0.9747695326805115
185,train,1,0.20000000298023224,0.30000001192092896,45,synthetic_0033,14,0.1954413205385208,4886.033203125,24.335302352905273,0.5199732780456543,0.38986295461654663,0.3785077929496765,0.011355161666870117,0.10611731559038162,0.2723904848098755,0.1275612860918045,7.136940638474698e-08,0.14482910931110382,0.1601741462945938,3.623069005902028e-23,0.1601741462945938,0.9663081765174866,1.3047559261322021,0.37362316250801086,0.6085634231567383,41.71268844604492,0.9604207873344421,0.005234478507190943,0.9604207873344421,0.9681224822998047,0.9582003951072693,0.968662679195404
186,train,1,0.20000000298023224,0.30000001192092896,46,synthetic_0034,15,0.48730194568634033,12182.548828125,32.12616729736328,1.8785157203674316,1.6818554401397705,1.733871340751648,-0.05201592668890953,0.8303709030151367,0.9035004377365112,0.08754300326108932,0.30280008912086487,0.5131573677062988,0.5840396285057068,0.14407537877559662,0.14407537877559662,1.2162922620773315,1.8264495134353638,0.48175424337387085,0.5462936162948608,29.258718490600586,0.8852322101593018,-0.004847113974392414,0.8852322101593018,1.0073059797286987,0.9661291241645813,0.9869533777236938
187,train,1,0.20000000298023224,0.30000001192092896,47,synthetic_0035,16,0.1853952407836914,4634.880859375,31.511869430541992,0.27304786443710327,0.17343872785568237,0.17880278825759888,-0.005364065058529377,0.09335754066705704,0.08544524013996124,0.008752104826271534,0.02303554303944111,0.05365758761763573,0.08535207808017731,0.021048203110694885,0.021048203110694885,0.9447445273399353,1.2581230401992798,0.37058988213539124,0.5476905107498169,29.538101196289062,0.9171785712242126,-0.00862642377614975,0.9171785712242126,0.9649645090103149,0.9582821726799011,0.9674590826034546
188,train,1,0.20000000298023224,0.30000001192092896,48,synthetic_0036,17,0.27620556950569153,6905.13916015625,173.98074340820312,0.44149747490882874,0.3983270823955536,0.38672542572021484,0.01160166971385479,0.19038744270801544,0.1963379681110382,0.07134386152029037,5.721680551573627e-08,0.12499403953552246,0.0642484575510025,7.846638521852288e-21,0.0642484575510025,0.8680316805839539,1.1340659856796265,0.34560197591781616,0.480722039937973,16.144407272338867,0.8578864932060242,0.003191437805071473,0.8578864932060242,0.9583144187927246,0.9567847847938538,0.9631520509719849
189,train,1,0.20000000298023224,0.30000001192092896,49,synthetic_0037,18,0.15780285000801086,3945.0712890625,20.371952056884766,0.3566870093345642,0.24717597663402557,0.23997671902179718,0.007199256680905819,0.06730018556118011,0.17267653346061707,0.08181148767471313,4.3766672064293743e-08,0.09086500108242035,0.11440745741128922,9.545683958830134e-23,0.11440745741128922,0.9400451183319092,1.2577399015426636,0.36479100584983826,0.625702977180481,45.14059829711914,0.9674028754234314,0.0036484920419752598,0.9674028754234314,0.9650850296020508,0.9576765894889832,0.9670630693435669
190,train,1,0.20000000298023224,0.30000001192092896,50,synthetic_0038,0,0.1589248776435852,3973.121826171875,8.451969146728516,0.4489608705043793,0.295147180557251,0.28655070066452026,0.008596470579504967,0.07595275342464447,0.210597962141037,0.10295476764440536,5.690716875506041e-08,0.10764312744140625,0.17149753868579865,3.295786645979424e-22,0.17149753868579865,1.0459764003753662,1.4587016105651855,0.4022512435913086,0.7294378280639648,65.88756561279297,0.9836792945861816,0.0033501037396490574,0.9836792945861816,0.9794384241104126,0.9599738717079163,0.9739009737968445
191,train,1,0.20000000298023224,0.30000001192092896,51,synthetic_0039,1,0.3776973485946655,9442.43359375,15.053218841552734,2.1356945037841797,1.63089919090271,1.6813390254974365,-0.05043988302350044,0.5007979273796082,1.1805411577224731,0.11546187847852707,0.36467137932777405,0.700407862663269,0.9447265267372131,0.2526983618736267,0.2526983618736267,1.2210594415664673,1.8547457456588745,0.4759955108165741,0.619475245475769,43.89504623413086,0.9392946362495422,-0.005652753170579672,0.9392946362495422,1.0093708038330078,0.9651734232902527,0.9870883226394653
192,train,1,0.20000000298023224,0.30000001192092896,52,synthetic_0040,2,0.29109859466552734,7277.46533203125,15.472868919372559,1.3096569776535034,1.0956171751022339,1.0637061595916748,0.031910981982946396,0.2763751149177551,0.7873309850692749,0.3763276934623718,2.3536749438335391e-07,0.41100308299064636,0.44645801186561584,1.8542678870477413e-23,0.44645801186561584,1.134438395500183,1.6492114067077637,0.4375247359275818,0.6546227931976318,50.924556732177734,0.9675249457359314,0.0058370837941765785,0.9675249457359314,0.9945010542869568,0.9623374938964844,0.9803187847137451
193,train,1,0.20000000298023224,0.30000001192092896,53,synthetic_0041,3,0.13393333554267883,3348.333251953125,1.3849103450775146,0.26360249519348145,0.23123985528945923,0.23839065432548523,-0.007150794379413128,0.06554918736219406,0.17284147441387177,0.016774551942944527,0.051568739116191864,0.10449818521738052,0.006771755870431662,0.07718519121408463,0.07718519121408463,1.2710189819335938,1.9812532663345337,0.5001194477081299,0.9292618632316589,105.85237121582031,0.9935392737388611,-0.015294590033590794,0.9935392737388611,1.0170904397964478,0.9671061635017395,0.9911521077156067
194,train,1,0.20000000298023224,0.30000001192092896,54,synthetic_0042,4,0.05746452137827873,1436.613037109375,0.7187166810035706,0.053847186267375946,0.042679525911808014,0.041436441242694855,0.001243086182512343,0.010516523383557796,0.030919918790459633,0.015514140948653221,8.610114399232316e-09,0.01540576945990324,0.019032662734389305,6.146999810986619e-23,0.019032662734389305,1.1077321767807007,1.5895743370056152,0.42646753787994385,0.9752650260925293,115.0530014038086,0.9984473586082458,0.0017772521823644638,0.9984473586082458,0.9898144006729126,0.9615737199783325,0.9783217906951904
195,train,1,0.20000000298023224,0.30000001192092896,55,synthetic_0043,5,0.12846489250659943,3211.622314453125,16.842809677124023,0.15310516953468323,0.10419635474681854,0.10116152465343475,0.003034826833754778,0.04430996626615524,0.05685155838727951,0.02718396857380867,1.438188323987788e-08,0.029667574912309647,0.04171134531497955,6.469579297736657e-22,0.04171134531497955,0.9338877201080322,1.2395939826965332,0.3668990135192871,0.6453798413276672,49.075965881347656,0.9730373024940491,-0.0008268037927336991,0.9730373024940491,0.9638397097587585,0.9580559134483337,0.9668128490447998
196,train,1,0.20000000298023224,0.30000001192092896,56,synthetic_0044,6,0.11188442260026932,2797.110595703125,6.475625038146973,0.23165810108184814,0.1362474113702774,0.13227906823158264,0.003968348726630211,0.03563760966062546,0.09664145857095718,0.04748508334159851,2.473569971073175e-08,0.049156349152326584,0.09149529039859772,1.6890256665476391e-22,0.09149529039859772,0.9902194142341614,1.3491766452789307,0.38192012906074524,0.7672281265258789,73.44562530517578,0.988326370716095,0.0002318844199180603,0.988326370716095,0.9712029695510864,0.9587020874023438,0.9701755046844482
197,train,1,0.20000000298023224,0.30000001192092896,57,synthetic_0045,7,0.4448027014732361,11120.0673828125,326.0817565917969,1.4193170070648193,1.4407232999801636,1.3987610340118408,0.041962217539548874,0.5006735920906067,0.8980875015258789,0.2957186996936798,3.0297141506707703e-07,0.6023684740066528,0.2652638554573059,2.6795357890797757e-19,0.2652638554573059,0.8802013397216797,1.1575604677200317,0.3457335829734802,0.4573419690132141,11.468393325805664,0.786109983921051,0.002045505680143833,0.786109983921051,0.9595353007316589,0.9565806984901428,0.963672935962677
198,train,1,0.20000000298023224,0.30000001192092896,58,synthetic_0046,8,0.29984036087989807,7496.00927734375,14.598140716552734,0.860627293586731,0.7756714224815369,0.7530791759490967,0.02259223721921444,0.306536465883255,0.4465426802635193,0.21378564834594727,1.4216146837497945e-07,0.23275688290596008,0.24352537095546722,3.771556609636141e-23,0.24352537095546722,1.1859437227249146,1.7531126737594604,0.4673495888710022,0.6611355543136597,52.227108001708984,0.9674383997917175,0.008724760264158249,0.9674383997917175,1.002164602279663,0.9649838209152222,0.9845125079154968
199,train,1,0.20000000298023224,0.30000001192092896,59,synthetic_0047,9,0.45374709367752075,11343.677734375,196.875732421875,1.3602522611618042,0.8967649340629578,0.9244998097419739,-0.027734896168112755,0.5566562414169312,0.3678435683250427,0.036476124078035355,0.1366107165813446,0.19475673139095306,0.3863541781902313,0.06004916876554489,0.06004916876554489,0.9404191970825195,1.2507023811340332,0.3691132068634033,0.5549184083938599,30.983686447143555,0.7163564562797546,0.0016240482218563557,0.7163564562797546,0.9645089507102966,0.9581913948059082,0.9672002196311951
200,train,1,0.20000000298023224,0.30000001192092896,60,synthetic_0048,10,0.20714430510997772,5178.60791015625,7.808567047119141,0.4068351686000824,0.3021858036518097,0.3115317225456238,-0.009345915168523788,0.14398722350597382,0.16754451394081116,0.0164792463183403,0.048656146973371506,0.10240911692380905,0.10894143581390381,0.052544791251420975,0.052544791251420975,1.1671861410140991,1.7089766263961792,0.45871639251708984,0.7623324990272522,72.46649932861328,0.9695696830749512,-0.012691052630543709,0.9695696830749512,0.9989098310470581,0.9643176794052124,0.9830294251441956
201,train,1,0.20000000298023224,0.30000001192092896,61,synthetic_0049,11,0.4009439945220947,10023.599609375,9.549579620361328,2.790534019470215,2.636681079864502,2.559885025024414,0.07679606974124908,0.606525182723999,1.9533597230911255,0.9509158730506897,6.786742119402334e-07,1.0024431943893433,1.0453695058822632,1.066635743127138e-22,1.0453695058822632,1.3123314380645752,2.0899431705474854,0.5212174654006958,0.7130492329597473,62.60984420776367,0.9741529822349548,0.0016881620977073908,0.9741529822349548,1.0227556228637695,0.9689034223556519,0.9945727586746216
202,train,1,0.20000000298023224,0.30000001192092896,62,synthetic_0050,12,0.4543493986129761,11358.734375,385.2949523925781,1.330622673034668,0.7620370984077454,0.7856051921844482,-0.02356807328760624,0.523486316204071,0.2621188461780548,0.02760942652821541,0.1062539666891098,0.1282554566860199,0.3873805105686188,0.048215821385383606,0.048215821385383606,0.8820385932922363,1.1555285453796387,0.3499765992164612,0.5688545107841492,33.77090072631836,0.5913913249969482,0.010501987300813198,0.5913913249969482,0.9593099355697632,0.9570412635803223,0.9638926982879639
203,train,1,0.20000000298023224,0.30000001192092896,63,synthetic_0051,13,0.34857580065727234,8714.39453125,311.62017822265625,0.7888527512550354,0.4573284983634949,0.4714726209640503,-0.014144128188490868,0.30059173703193665,0.17088088393211365,0.01715072989463806,0.06517298519611359,0.088557168841362,0.2280091941356659,0.030405091121792793,0.030405091121792793,0.8604877591133118,1.122725486755371,0.3432806432247162,0.5649094581604004,32.98188781738281,0.6601389050483704,0.005587487947195768,0.6601389050483704,0.957815945148468,0.956649661064148,0.9627618789672852
204,train,1,0.20000000298023224,0.30000001192092896,64,synthetic_0052,14,0.3613528311252594,9033.8212890625,176.06845092773438,1.0581281185150146,1.0641984939575195,1.0332027673721313,0.03099578060209751,0.3361309766769409,0.6970717906951904,0.25046661496162415,2.070153186650714e-07,0.44660496711730957,0.21893168985843658,2.783894769240541e-20,0.21893168985843658,0.8953807950019836,1.1820555925369263,0.3504285216331482,0.48021572828292847,16.043148040771484,0.8543340563774109,0.000632811279501766,0.8543340563774109,0.960766077041626,0.9568464159965515,0.9644982814788818
205,train,1,0.20000000298023224,0.30000001192092896,65,synthetic_0053,15,0.15676209330558777,3919.05224609375,25.317920684814453,0.20775215327739716,0.1533169448375702,0.1488514244556427,0.0044655147939920425,0.06591455638408661,0.0829368606209755,0.03881854563951492,2.1369594094267086e-08,0.04411829262971878,0.050480153411626816,6.209985621103085e-23,0.050480153411626816,0.9329564571380615,1.2380197048187256,0.3665848672389984,0.6049033403396606,40.98067092895508,0.960874617099762,0.0009776853257790208,0.960874617099762,0.9637461304664612,0.9580367207527161,0.9667580127716064
206,train,1,0.20000000298023224,0.30000001192092896,66,synthetic_0054,16,0.43215054273605347,10803.763671875,21.012235641479492,1.6479536294937134,1.70828115940094,1.6585257053375244,0.04975544288754463,0.6696156859397888,0.9889100790023804,0.4613177180290222,3.417888194690022e-07,0.5275920629501343,0.42228370904922485,2.0654568376558983e-22,0.42228370904922485,1.2471469640731812,1.9033969640731812,0.4969679117202759,0.6226348876953125,44.5269775390625,0.9515590667724609,0.006539985537528992,0.9515590667724609,1.0122953653335571,0.9673864245414734,0.9894810318946838
207,train,1,0.20000000298023224,0.30000001192092896,67,synthetic_0055,17,0.21547211706638336,5386.802734375,11.120707511901855,0.4446007013320923,0.3062993586063385,0.31577250361442566,-0.009473140351474285,0.14989688992500305,0.1658756136894226,0.01644294522702694,0.04737185314297676,0.10206082463264465,0.15580061078071594,0.047903675585985184,0.047903675585985184,1.1229814291000366,1.6086437702178955,0.43916016817092896,0.6672080755233765,53.44161605834961,0.9597935676574707,-0.014505391009151936,0.9597935676574707,0.9911702275276184,0.9628621935844421,0.9796221852302551
208,train,1,0.20000000298023224,0.30000001192092896,68,synthetic_0056,18,0.22689397633075714,5672.349609375,48.78363800048828,0.37575605511665344,0.3161829710006714,0.30697381496429443,0.00920915324240923,0.13932590186595917,0.16764792799949646,0.07411137223243713,4.564251909755512e-08,0.09353650361299515,0.07566949725151062,1.4373112588531598e-22,0.07566949725151062,0.941343367099762,1.2522839307785034,0.36942803859710693,0.5517326593399048,30.346529006958008,0.9315007328987122,0.005362321622669697,0.9315007328987122,0.964605450630188,0.9582107663154602,0.9672553539276123
209,train,1,0.20000000298023224,0.30000001192092896,69,synthetic_0057,0,0.2761867046356201,6904.66748046875,13.997344970703125,0.7367858290672302,0.6433032751083374,0.624566376209259,0.01873687654733658,0.25566819310188293,0.3688981831073761,0.17705480754375458,1.1495367857605743e-07,0.19184325635433197,0.21074740588665009,2.9414360702615356e-23,0.21074740588665009,1.1658246517181396,1.7058088779449463,0.4580976366996765,0.6659277081489563,53.185543060302734,0.9694530367851257,0.008502302691340446,0.9694530367851257,0.9986721277236938,0.9642704725265503,0.9829226136207581
210,train,1,0.20000000298023224,0.30000001192092896,70,synthetic_0058,1,0.3751034438610077,9377.5859375,46.47632598876953,1.0275728702545166,0.8159950971603394,0.8412319421768188,-0.025236867368221283,0.43438979983329773,0.4068421721458435,0.04062214866280556,0.12770748138427734,0.2385125607252121,0.28591156005859375,0.07191911339759827,0.07191911339759827,1.0738402605056763,1.5032902956008911,0.41866859793663025,0.522515594959259,24.503116607666016,0.8684981465339661,-0.013213850557804108,0.8684981465339661,0.9828013777732849,0.9614125490188599,0.9759982824325562
211,train,1,0.20000000298023224,0.30000001192092896,71,synthetic_0059,2,0.12969981133937836,3242.4951171875,40.4637565612793,0.12787452340126038,0.09485574811697006,0.09209297597408295,0.00276277051307261,0.041812464594841,0.05028051137924194,0.022851860150694847,1.2518110992232323e-08,0.02742863819003105,0.027149349451065063,3.433766685564866e-23,0.027149349451065063,0.8645480871200562,1.1288102865219116,0.344527006149292,0.5655414462089539,33.1082878112793,0.9457970261573792,0.0008786690887063742,0.9457970261573792,0.9580810070037842,0.9567221403121948,0.9629710912704468
212,train,1,0.20000000298023224,0.30000001192092896,72,synthetic_0060,3,0.21657142043113708,5414.28515625,2.189678430557251,0.5026059150695801,0.5268317461013794,0.5114872455596924,0.0153445303440094,0.18748076260089874,0.32400646805763245,0.16267001628875732,1.2049979147832346e-07,0.16133633255958557,0.16260603070259094,3.0643630786753245e-21,0.16260603070259094,1.3903257846832275,2.2895524501800537,0.5755854249000549,0.9139779210090637,102.79558563232422,0.9932419657707214,0.0003681331581901759,0.9932419657707214,1.0307631492614746,0.974750816822052,1.0015854835510254
213,train,1,0.20000000298023224,0.30000001192092896,73,synthetic_0061,4,0.48499467968940735,12124.8671875,12.240984916687012,3.650383234024048,3.166043281555176,3.2639615535736084,-0.09791816025972366,0.901318371295929,2.362643241882324,0.22464871406555176,0.7811418771743774,1.3568525314331055,1.592376470565796,0.46262457966804504,0.46262457966804504,1.3328044414520264,2.1450977325439453,0.5320767164230347,0.6501062512397766,50.02125549316406,0.9425886273384094,-0.004029417876154184,0.9425886273384094,1.0252996683120728,0.9698696732521057,0.996282160282135
214,train,1,0.20000000298023224,0.30000001192092896,74,synthetic_0062,5,0.2232939749956131,5582.349609375,3.5709893703460693,0.423092782497406,0.434098482131958,0.44752413034439087,-0.013425655663013458,0.18952955305576324,0.25799456238746643,0.02450784295797348,0.08180529624223709,0.15168142318725586,0.013671224005520344,0.08417809754610062,0.08417809754610062,1.3221633434295654,2.10003924369812,0.5364589691162109,0.9487646222114563,109.75292205810547,0.9825882911682129,-0.0045266831293702126,0.9825882911682129,1.0230216979980469,0.9708948731422424,0.9957714080810547
215,train,1,0.20000000298023224,0.30000001192092896,75,synthetic_0063,6,0.3005605638027191,7514.01416015625,62.831478118896484,0.632882297039032,0.45365652441978455,0.46768710017204285,-0.014030564576387405,0.2532564699649811,0.21443063020706177,0.02183188684284687,0.06497181951999664,0.1276269257068634,0.16952036321163177,0.040503621101379395,0.040503621101379395,0.9751214385032654,1.3116824626922607,0.3811960816383362,0.5200037956237793,24.000761032104492,0.8513218760490417,-0.014387942850589752,0.8513218760490417,0.9684422016143799,0.9589427709579468,0.9693290591239929
216,train,1,0.20000000298023224,0.30000001192092896,76,synthetic_0064,7,0.0937294214963913,2343.235595703125,1.224294900894165,0.0894884467124939,0.08037017285823822,0.07802930474281311,0.002340866019949317,0.030595481395721436,0.047433819621801376,0.02384641021490097,1.476102351460895e-08,0.023587394505739212,0.027168547734618187,7.603260392307401e-23,0.027168547734618187,1.2113442420959473,1.814332127571106,0.47936832904815674,0.9555113911628723,111.1022720336914,0.9969876408576965,0.000523742230143398,0.9969876408576965,1.006481409072876,0.9659364223480225,0.9865521788597107
217,train,1,0.20000000298023224,0.30000001192092896,77,synthetic_0065,8,0.28324833512306213,7081.20849609375,3.213536024093628,0.6865761280059814,0.7856510877609253,0.8099493980407715,-0.02429833635687828,0.326070100069046,0.48387932777404785,0.04467245936393738,0.16326479613780975,0.2759420871734619,0.020396659150719643,0.1402955949306488,0.1402955949306488,1.4136385917663574,2.3565168380737305,0.5897094011306763,0.9476897120475769,109.5379409790039,0.9824213981628418,0.005586737301200628,0.9824213981628418,1.0329734086990356,0.9762431979179382,1.0035786628723145
218,train,1,0.20000000298023224,0.30000001192092896,78,synthetic_0066,9,0.36611783504486084,9152.9462890625,15.451948165893555,1.2674291133880615,1.234093189239502,1.1981489658355713,0.035944245755672455,0.479048490524292,0.7191004157066345,0.34259355068206787,2.429506764656253e-07,0.37650662660598755,0.35334235429763794,1.4643908973543522e-23,0.35334235429763794,1.2430821657180786,1.8931249380111694,0.4949302673339844,0.6547725796699524,50.95452117919922,0.9632272124290466,0.007621179800480604,0.9632272124290466,1.0116546154022217,0.9672151207923889,0.9891456961631775
219,train,1,0.20000000298023224,0.30000001192092896,79,synthetic_0067,10,0.4145510196685791,10363.775390625,131.957763671875,1.4845365285873413,1.5283557176589966,1.4838409423828125,0.044514816254377365,0.46761786937713623,1.0162230730056763,0.38326123356819153,3.065726161821658e-07,0.6329615116119385,0.322755366563797,3.2655494383505247e-20,0.322755366563797,0.9464491605758667,1.2690329551696777,0.3669179081916809,0.4931953251361847,18.639062881469727,0.8688475489616394,-0.0028346197213977575,0.8688475489616394,0.965791642665863,0.9578017592430115,0.9674469828605652
220,train,1,0.20000000298023224,0.30000001192092896,80,synthetic_0068,11,0.27568233013153076,6892.05810546875,4.21627140045166,0.850829005241394,0.8237053751945496,0.7997140884399414,0.023991283029317856,0.2978905141353607,0.5018236041069031,0.24968256056308746,1.8324466566355113e-07,0.2521408796310425,0.2899787127971649,1.3258821695011186e-21,0.2899787127971649,1.3633298873901367,2.213338851928711,0.5597075819969177,0.8312411904335022,86.24823760986328,0.9875495433807373,0.0024213427677750587,0.9875495433807373,1.0279295444488525,0.9731379151344299,0.9992777705192566
221,train,1,0.20000000298023224,0.30000001192092896,81,synthetic_0069,12,0.4081067144870758,10202.66796875,28.217479705810547,2.172137975692749,2.1269326210021973,2.064983606338501,0.06194908544421196,0.5487574934959412,1.5162261724472046,0.6947219371795654,4.7547359827149194e-07,0.821503758430481,0.6468876600265503,9.711635680828392e-23,0.6468876600265503,1.146027684211731,1.6756501197814941,0.44243746995925903,0.5951583981513977,39.03168487548828,0.9442172646522522,0.0007754003745503724,0.9442172646522522,0.9965417385101318,0.962683916091919,0.9811998605728149
222,train,1,0.20000000298023224,0.30000001192092896,82,synthetic_0070,13,0.09229186922311783,2307.296875,5.417901515960693,0.07088303565979004,0.04748254269361496,0.04895106330513954,-0.0014685194473713636,0.02413833700120449,0.02481272630393505,0.0025173912290483713,0.0062793828547000885,0.016015952453017235,0.004280332010239363,0.012267816811800003,0.012267816811800003,0.9856950640678406,1.3309204578399658,0.38498643040657043,0.9331978559494019,106.63957214355469,0.9832432866096497,0.004546912852674723,0.9832432866096497,0.9697656631469727,0.9591827392578125,0.9700009226799011
223,train,1,0.20000000298023224,0.30000001192092896,83,synthetic_0071,14,0.29419007897377014,7354.751953125,198.16737365722656,0.5716509222984314,0.3446396291255951,0.35529854893684387,-0.01065891794860363,0.21592190861701965,0.13937664031982422,0.014188778586685658,0.048653844743967056,0.07653402537107468,0.1624104380607605,0.025186359882354736,0.025186359882354736,0.8677664399147034,1.133664846420288,0.3455199599266052,0.5550755858421326,31.015113830566406,0.728314220905304,-0.00048327443073503673,0.728314220905304,0.9582964181900024,0.9567800164222717,0.963138222694397
224,train,1,0.20000000298023224,0.30000001192092896,84,synthetic_0072,15,0.06680668145418167,1670.1671142578125,0.9716455936431885,0.041160471737384796,0.030784958973526955,0.03173696622252464,-0.0009520073654130101,0.014604280702769756,0.017132684588432312,0.0016962700756266713,0.004721843171864748,0.010714571923017502,0.0007987113785929978,0.010131679475307465,0.010131679475307465,1.1381579637527466,1.6425025463104248,0.44575151801109314,0.9220579862594604,104.4115982055664,0.9962298274040222,-0.0060969153419137,0.9962298274040222,0.993824303150177,0.9633446335792542,0.9807772636413574
225,train,1,0.20000000298023224,0.30000001192092896,85,synthetic_0073,16,0.2850094735622406,7125.23681640625,47.026939392089844,0.9032544493675232,0.6144123673439026,0.6334147453308105,-0.019002355635166168,0.22818221151828766,0.4052325189113617,0.0414603091776371,0.1167307049036026,0.2470415085554123,0.3280763328075409,0.08260387182235718,0.08260387182235718,0.9770691990852356,1.324556827545166,0.3773265480995178,0.5218376517295837,24.367528915405273,0.8796741366386414,-0.006390091497451067,0.8796741366386414,0.9694724678993225,0.9584231376647949,0.969336986541748
226,train,1,0.20000000298023224,0.30000001192092896,86,synthetic_0074,17,0.08840636163949966,2210.158935546875,8.345870971679688,0.13924625515937805,0.07659043371677399,0.07435965538024902,0.0022307762410491705,0.020559433847665787,0.05380021780729294,0.02630147524178028,1.2961984374726399e-08,0.027498727664351463,0.053290560841560364,6.941702325874101e-22,0.053290560841560364,0.9149686098098755,1.2145843505859375,0.35662633180618286,0.7311691641807556,66.23383331298828,0.9865036010742188,0.00019804202020168304,0.9865036010742188,0.9625298380851746,0.9572014808654785,0.965598464012146
227,train,1,0.20000000298023224,0.30000001192092896,87,synthetic_0075,18,0.33684346079826355,8421.0859375,31.78793716430664,1.4295263290405273,1.3087602853775024,1.2706413269042969,0.03811897709965706,0.34929364919662476,0.9213477373123169,0.41986083984375,2.71070717872135e-07,0.501486599445343,0.41436153650283813,1.207891070082185e-22,0.41436153650283813,1.0707709789276123,1.510051965713501,0.4117526710033417,0.5849093198776245,36.98186492919922,0.9435175061225891,0.004032139200717211,0.9435175061225891,0.9834877252578735,0.9605900645256042,0.9756408929824829
228,train,1,0.20000000298023224,0.30000001192092896,88,synthetic_0076,0,0.195330411195755,4883.26025390625,1.6230902671813965,0.6634956002235413,0.6828559637069702,0.6629670858383179,0.019888900220394135,0.14954645931720734,0.5134206414222717,0.25860127806663513,1.8133293622213387e-07,0.25481918454170227,0.24845391511917114,5.164992485169965e-21,0.24845391511917114,1.363322377204895,2.2288177013397217,0.5487800240516663,0.9387860894203186,107.75720977783203,0.995108425617218,0.0012633271981030703,0.995108425617218,1.0287634134292603,0.9714134931564331,0.9988415241241455
229,train,1,0.20000000298023224,0.30000001192092896,89,synthetic_0077,1,0.08530537039041519,2132.63427734375,6.153846263885498,0.09866410493850708,0.05698353424668312,0.058745890855789185,-0.0017623560270294547,0.019598418846726418,0.039147473871707916,0.004019490908831358,0.009519641287624836,0.02560834027826786,0.012194276787340641,0.019851811230182648,0.019851811230182648,0.9367645382881165,1.2519975900650024,0.36370810866355896,0.8999322056770325,99.98644256591797,0.9821224808692932,-0.003438278567045927,0.9821224808692932,0.9647315740585327,0.9576131105422974,0.9668679237365723
230,train,1,0.20000000298023224,0.30000001192092896,90,synthetic_0078,2,0.36318838596343994,9079.7099609375,5.934487819671631,2.4635112285614014,2.302656650543213,2.2355892658233643,0.06706727296113968,0.5138306617736816,1.7217586040496826,0.8505771160125732,6.148442821540812e-07,0.8711808919906616,0.9805110096931458,4.446856734012587e-21,0.9805110096931458,1.3549342155456543,2.2056314945220947,0.5441262722015381,0.7801018357276917,76.02037048339844,0.9827084541320801,0.0021625966764986515,0.9827084541320801,1.0278502702713013,0.9709761738777161,0.9981369972229004
231,train,1,0.20000000298023224,0.30000001192092896,91,synthetic_0079,3,0.1626093089580536,4065.232666015625,33.815372467041016,0.3224865198135376,0.18472746014595032,0.19044065475463867,-0.005713192746043205,0.06839065998792648,0.12204999476671219,0.01265815831720829,0.03174929320812225,0.0776425451040268,0.12676192820072174,0.03131064027547836,0.03131064027547836,0.8996387124061584,1.1890383958816528,0.35176241397857666,0.5426682829856873,28.533655166625977,0.9161670207977295,-0.007373920176178217,0.9161670207977295,0.9611324667930603,0.9569224119186401,0.9647341370582581
