sample_index,split,source_id,sample_weight,aux_weight,config_index,config_name,velocity_index,U,Re,Ca,F_target,F_pred,F_physics,F_residual,F_stem,F_leaf,Fcol_1_pred,Fcol_2_pred,Fcol_3_pred,Fcol_1_true,Fcol_2_true,Fcol_3_true,Cd_stem_eff,Cd_leaf_eff,shielding_coef,shielding_target,angle_diff_deg,reconfiguration_factor,reconfiguration_correction,reconfiguration_gain,column_correction_1,column_correction_2,column_correction_3
0,val,0,1.0,1.0,0,PVC_20_0,0,0.05000000074505806,1250.0,0.15360000729560852,0.07093784958124161,0.03321614861488342,0.033660344779491425,-0.00044419500045478344,0.008109275251626968,0.025551067665219307,0.004757958929985762,0.010098639875650406,0.010694468393921852,0.0008135348907671869,0.012708019465208054,0.012708019465208054,1.1282469034194946,1.9358124732971191,0.818993330001831,0.9039982557296753,100.79964447021484,1.2946300506591797,-0.07145910710096359,1.2668761014938354,1.6585171222686768,0.6703842878341675,0.5814340710639954
1,train,0,1.0,1.0,0,PVC_20_0,1,0.07500000298023224,1875.0,0.3456000089645386,0.17443148791790009,0.07411686331033707,0.07406305521726608,5.380548827815801e-05,0.01823325641453266,0.05582980066537857,0.010045469738543034,0.021496092900633812,0.0242882389575243,0.0018697602208703756,0.027825873345136642,0.027825873345136642,1.1274670362472534,1.9631084203720093,0.8081464171409607,0.9087178111076355,101.7435531616211,1.2547181844711304,-0.08101453632116318,1.224223017692566,1.5881062746047974,0.6558746695518494,0.5988904237747192
2,val,0,1.0,1.0,0,PVC_20_0,2,0.10000000149011612,2500.0,0.6144000291824341,0.14795003831386566,0.1311068832874298,0.13033871352672577,0.0007681759307160974,0.03261743113398552,0.09772127866744995,0.017203323543071747,0.037321269512176514,0.04319668933749199,0.003428105963394046,0.0476507768034935,0.0476507768034935,1.1345192193984985,1.9572529792785645,0.8051596879959106,0.91482013463974,102.96401977539062,1.2400996685028076,-0.08488993346691132,1.2085180282592773,1.5543503761291504,0.6532103419303894,0.6087360978126526
3,train,0,1.0,1.0,0,PVC_20_0,3,0.125,3125.0,0.9599999785423279,0.20464740693569183,0.20439253747463226,0.20275342464447021,0.0016391165554523468,0.05130615830421448,0.15144726634025574,0.026260990649461746,0.057660218328237534,0.06752606481313705,0.005584338214248419,0.07105002552270889,0.07105002552270889,1.1421196460723877,1.9468425512313843,0.8045491576194763,0.9218372106552124,104.36743927001953,1.2345010042190552,-0.08745481073856354,1.202112078666687,1.53480064868927,0.6532909870147705,0.6155372858047485
4,val,0,1.0,1.0,0,PVC_20_0,4,0.15000000596046448,3750.0,1.3824000358581543,0.270246684551239,0.2941019535064697,0.2914908230304718,0.002611115574836731,0.07433409243822098,0.21715673804283142,0.03722574561834335,0.08256495743989944,0.09736604243516922,0.008491037413477898,0.09684506058692932,0.09684506058692932,1.1491260528564453,1.936405897140503,0.8048006296157837,0.9292217493057251,105.84434509277344,1.2327234745025635,-0.08942069113254547,1.199654221534729,1.522106647491455,0.6542612910270691,0.620942234992981
5,val,0,1.0,1.0,0,PVC_20_0,5,0.17499999701976776,4375.0,1.881600022315979,0.3938428461551666,0.4003365933895111,0.3967145085334778,0.0036220885813236237,0.10173606127500534,0.29497843980789185,0.05009893700480461,0.11207429319620132,0.1328052282333374,0.012395291589200497,0.12395953387022018,0.12395953387022018,1.1554762125015259,1.9268884658813477,0.8053771257400513,0.9363734722137451,107.27469635009766,1.2326593399047852,-0.09098910540342331,1.1990118026733398,1.51324462890625,0.6555855870246887,0.6256592273712158
6,train,0,1.0,1.0,0,PVC_20_0,6,0.20000000298023224,5000.0,2.4576001167297363,0.43085381388664246,0.5231848359107971,0.518585205078125,0.004599636420607567,0.13354922831058502,0.38503599166870117,0.06488107144832611,0.14621809124946594,0.17393682897090912,0.01771606132388115,0.1515229493379593,0.1515229493379593,1.1612974405288696,1.918588399887085,0.8060343861579895,0.9426351189613342,108.52703094482422,1.2332634925842285,-0.09224924445152283,1.1991331577301025,1.5067646503448486,0.6570781469345093,0.6300296783447266
7,val,0,1.0,1.0,0,PVC_20_0,7,0.22499999403953552,5625.0,3.1103999614715576,0.6180073022842407,0.6627218723297119,0.6572628021240234,0.005459089297801256,0.1698118895292282,0.48745089769363403,0.08157411962747574,0.18501773476600647,0.22085903584957123,0.025219960138201714,0.178911954164505,0.178911954164505,1.16671621799469,1.9116743803024292,0.8066393733024597,0.9472165703773499,109.44332122802734,1.2339357137680054,-0.09325459599494934,1.199414610862732,1.5018993616104126,0.6586648225784302,0.6342283487319946
8,train,0,1.0,1.0,0,PVC_20_0,8,0.25,6250.0,3.8399999141693115,0.8448036313056946,0.8190115690231323,0.8129064440727234,0.006105139385908842,0.21056167781352997,0.6023447513580322,0.10018230974674225,0.22848591208457947,0.2736765146255493,0.03648537024855614,0.2057376205921173,0.2057376205921173,1.1718214750289917,1.9062618017196655,0.807112455368042,0.9489527344703674,109.79054260253906,1.2343038320541382,-0.0940466895699501,1.1994792222976685,1.4982092380523682,0.6603114604949951,0.6383531093597412
9,train,0,1.0,1.0,0,PVC_20_0,9,0.2750000059604645,6875.0,4.646399974822998,1.050018072128296,0.9921049475669861,0.9856693744659424,0.006435558665543795,0.2558334469795227,0.7298359274864197,0.12071085721254349,0.2766249477863312,0.3325001299381256,0.055444035679101944,0.2318010926246643,0.2318010926246643,1.1766682863235474,1.9024189710617065,0.8074052929878235,0.9455310702323914,109.10620880126953,1.2341289520263672,-0.09466595947742462,1.199079990386963,1.4954204559326172,0.6620011925697327,0.6424670219421387
10,train,0,1.0,1.0,0,PVC_20_0,10,0.30000001192092896,7500.0,5.529600143432617,1.2444380521774292,1.1820342540740967,1.175689458847046,0.0063447654247283936,0.30565762519836426,0.8700317740440369,0.14316411316394806,0.329423189163208,0.397444486618042,0.09599050879478455,0.25704047083854675,0.25704047083854675,1.1812855005264282,1.900168538093567,0.8074885606765747,0.9301102161407471,106.02204132080078,1.2332546710968018,-0.09515681862831116,1.1980489492416382,1.4933501482009888,0.6637236475944519,0.6466153264045715
11,train,0,1.0,1.0,0,PVC_20_0,11,0.32499998807907104,8125.0,6.48960018157959,1.354056715965271,1.388805866241455,1.3830761909484863,0.005729635711759329,0.3600575625896454,1.0230185985565186,0.16754306852817535,0.38684991002082825,0.468625545501709,0.2500753104686737,0.28148239850997925,0.28148239850997925,1.1856796741485596,1.899501919746399,0.8073437213897705,0.8688808679580688,93.77617645263672,1.231574296951294,-0.09556424617767334,1.1962659358978271,1.4918631315231323,0.6654701828956604,0.6508344411849976
12,val,0,1.0,1.0,0,PVC_20_0,12,0.3499999940395355,8750.0,7.526400089263916,1.6986725330352783,1.6123886108398438,1.6078977584838867,0.004490892868489027,0.4190482497215271,1.1888494491577148,0.19384343922138214,0.4488503038883209,0.5461557507514954,0.5733868479728699,0.30520471930503845,0.30520471930503845,1.1898442506790161,1.9003865718841553,0.8069573044776917,0.778120756149292,75.62416076660156,1.2290092706680298,-0.09592647850513458,1.193640947341919,1.4908573627471924,0.6672337055206299,0.6551541090011597
13,train,0,1.0,1.0,0,PVC_20_0,13,0.375,9375.0,8.640000343322754,1.9440239667892456,1.852696418762207,1.8501615524291992,0.0025349080096930265,0.48263466358184814,1.367526888847351,0.22205360233783722,0.5153377652168274,0.6301355361938477,0.8262953162193298,0.3283105492591858,0.3283105492591858,1.193763017654419,1.902775764465332,0.8063175678253174,0.7271667718887329,65.43335723876953,1.2254959344863892,-0.09627790749073029,1.1900994777679443,1.4902567863464355,0.6690078377723694,0.6595979332923889
14,val,0,1.0,1.0,0,PVC_20_0,14,0.4000000059604645,10000.0,9.830400466918945,2.125422716140747,2.109570026397705,2.109794855117798,-0.0002247342054033652,0.5508086681365967,1.5589861869812012,0.2521514594554901,0.5861873626708984,0.720647394657135,1.0331017971038818,0.3509112596511841,0.3509112596511841,1.197409987449646,1.9066118001937866,0.8054131269454956,0.6930793523788452,58.615875244140625,1.2209781408309937,-0.09664235264062881,1.18557870388031,1.4899976253509521,0.6707857847213745,0.6641847491264343
15,train,0,1.0,1.0,0,PVC_20_0,15,0.42500001192092896,10625.0,11.097599983215332,2.3944380283355713,2.3827521800994873,2.3866207599639893,-0.0038684739265590906,0.6235478520393372,1.7630728483200073,0.28410348296165466,0.6612277626991272,0.8177416324615479,1.2118146419525146,0.3731164038181305,0.3731164038181305,1.2007540464401245,1.9118249416351318,0.8042317032814026,0.6676045656204224,53.52091598510742,1.2154017686843872,-0.09703295677900314,1.1800215244293213,1.4900379180908203,0.6725625395774841,0.6689273118972778
16,train,0,1.0,1.0,0,PVC_20_0,16,0.44999998807907104,11250.0,12.44159984588623,2.6817269325256348,2.671860456466675,2.6803324222564697,-0.008472044952213764,0.7008134126663208,1.979519009590149,0.3178604543209076,0.7402334809303284,0.9214251041412354,1.370949149131775,0.395028293132782,0.395028293132782,1.203758955001831,1.9183350801467896,0.8027594685554504,0.6474189162254333,49.48377990722656,1.2087135314941406,-0.0974501371383667,1.1733766794204712,1.4903432130813599,0.6743340492248535,0.6738322973251343
17,train,0,1.0,1.0,0,PVC_20_0,17,0.4749999940395355,11875.0,13.86240005493164,2.9678232669830322,2.9763572216033936,2.9904685020446777,-0.014111383818089962,0.7825510501861572,2.2079174518585205,0.35335615277290344,0.822917640209198,1.0316436290740967,1.515420913696289,0.4167393147945404,0.4167393147945404,1.2063895463943481,1.9260488748550415,0.800981342792511,0.6308286190032959,46.16572570800781,1.2008588314056396,-0.09788263589143753,1.1655958890914917,1.4908941984176636,0.6760989427566528,0.6789001226425171
18,train,0,1.0,1.0,0,PVC_20_0,18,0.5,12500.0,15.359999656677246,3.0878708362579346,3.295511245727539,3.3163747787475586,-0.020863601937890053,0.8686879873275757,2.4476866722106934,0.39050203561782837,0.9089223742485046,1.14826238155365,1.6484487056732178,0.4383312165737152,0.4383312165737152,1.2086093425750732,1.934854507446289,0.7988812327384949,0.6168425679206848,43.36851501464844,1.1917848587036133,-0.09830918163061142,1.1566358804702759,1.4916777610778809,0.6778573989868164,0.6841240525245667
19,train,0,1.0,1.0,1,PVC_20_180,0,0.05000000074505806,1250.0,0.15360000729560852,0.30792152881622314,0.04972509667277336,0.04813235625624657,0.0015927398344501853,0.008693953044712543,0.0394384041428566,0.02945200353860855,1.2791425696434544e-08,0.009986386634409428,0.013280894607305527,1.3017747316988583e-22,0.013280894607305527,1.2095932960510254,1.877435564994812,0.8042511343955994,0.9950531721115112,119.01063537597656,1.2998584508895874,-0.06915980577468872,1.2728890180587769,1.643228530883789,0.6655361652374268,0.557174801826477
20,val,0,1.0,1.0,1,PVC_20_180,1,0.07500000298023224,1875.0,0.3456000089645386,0.17357100546360016,0.10763434320688248,0.10379469394683838,0.003839649260044098,0.01960660330951214,0.08418808877468109,0.06174980476498604,2.7410077763079244e-08,0.022438257932662964,0.030723044648766518,2.8289993467871503e-22,0.030723044648766518,1.2123889923095703,1.8558295965194702,0.8013836741447449,0.9886112809181213,117.72225952148438,1.2743213176727295,-0.09092075377702713,1.2395626306533813,1.590688943862915,0.6608162522315979,0.5780145525932312
21,val,0,1.0,1.0,1,PVC_20_180,2,0.10000000149011612,2500.0,0.6144000291824341,0.34319770336151123,0.185740128159523,0.178792342543602,0.006947789341211319,0.03510110080242157,0.14369124174118042,0.10403686761856079,4.706891942873881e-08,0.039654336869716644,0.05678054317831993,4.807654095618108e-22,0.05678054317831993,1.2209076881408691,1.8235713243484497,0.8004834055900574,0.9791058301925659,115.8211669921875,1.261386513710022,-0.10660523921251297,1.2210453748703003,1.5574404001235962,0.6601875424385071,0.5936286449432373
22,train,0,1.0,1.0,1,PVC_20_180,3,0.125,3125.0,0.9599999785423279,0.31932196021080017,0.2834741175174713,0.27260294556617737,0.010871170088648796,0.05534452572464943,0.21725842356681824,0.15567947924137115,7.161029458302437e-08,0.06157887727022171,0.09318999201059341,7.104417698677035e-22,0.09318999201059341,1.232017159461975,1.791055679321289,0.8003036379814148,0.9660651087760925,113.21302032470703,1.2541402578353882,-0.11912092566490173,1.2093219757080078,1.5333421230316162,0.6609820127487183,0.6065120100975037
23,train,0,1.0,1.0,1,PVC_20_180,4,0.15000000596046448,3750.0,1.3824000358581543,0.31083568930625916,0.4003913998603821,0.3848249912261963,0.015566408634185791,0.08051116019487381,0.3043138384819031,0.21612733602523804,1.0089376445421294e-07,0.08818639814853668,0.14211547374725342,3.0935381589327246e-21,0.14211547374725342,1.244616985321045,1.7603198289871216,0.8003928661346436,0.9489836692810059,109.7967300415039,1.249819278717041,-0.12978728115558624,1.2011560201644897,1.514310359954834,0.6624110341072083,0.6178838014602661
24,train,0,1.0,1.0,1,PVC_20_180,5,0.17499999701976776,4375.0,1.881600022315979,0.5591400265693665,0.536126434803009,0.5151443481445312,0.02098207175731659,0.11078515648841858,0.40435922145843506,0.2848811149597168,1.3478083360496385e-07,0.11947794258594513,0.20557907223701477,4.078542853266631e-21,0.20557907223701477,1.2582520246505737,1.73176908493042,0.8005353212356567,0.927563488483429,105.51270294189453,1.2470263242721558,-0.13924148678779602,1.1949349641799927,1.4984149932861328,0.6641671061515808,0.6284288763999939
25,train,0,1.0,1.0,1,PVC_20_180,6,0.20000000298023224,5000.0,2.4576001167297363,0.6062102913856506,0.6903923153877258,0.6633362174034119,0.027056096121668816,0.14635848999023438,0.5169777274131775,0.3614957928657532,1.7313227829163225e-07,0.15548175573349,0.28418269753456116,5.143182058862414e-21,0.28418269753456116,1.2726824283599854,1.7054706811904907,0.8006075024604797,0.9021280407905579,100.42560577392578,1.2449363470077515,-0.1478053331375122,1.189733862876892,1.4846630096435547,0.6661074757575989,0.6385633945465088
26,train,0,1.0,1.0,1,PVC_20_180,7,0.22499999403953552,5625.0,3.1103999614715576,0.8631705045700073,0.8629798293113708,0.8292601108551025,0.03371972218155861,0.18742665648460388,0.641833484172821,0.4455806016921997,2.1580696341061412e-07,0.19625268876552582,0.3756729066371918,6.2701978720074416e-21,0.3756729066371918,1.28774094581604,1.681415319442749,0.8005332946777344,0.8739358186721802,94.78716278076172,1.2430107593536377,-0.15566709637641907,1.1849620342254639,1.472517728805542,0.6681617498397827,0.6485595703125
27,train,0,1.0,1.0,1,PVC_20_180,8,0.25,6250.0,3.8399999141693115,1.0573121309280396,1.0537481307983398,1.0128463506698608,0.040901776403188705,0.2341853231191635,0.7786610126495361,0.5367896556854248,2.6265840347150515e-07,0.24187110364437103,0.47503334283828735,2.200904255082346e-21,0.47503334283828735,1.3032922744750977,1.6595687866210938,0.8002637624740601,0.8448962569236755,88.97925567626953,1.240870714187622,-0.16296358406543732,1.1802057027816772,1.461672067642212,0.6702938079833984,0.6586121320724487
28,val,0,1.0,1.0,1,PVC_20_180,9,0.2750000059604645,6875.0,4.646399974822998,1.2427419424057007,1.2626142501831055,1.2140802145004272,0.04853402078151703,0.28682804107666016,0.9272521734237671,0.634811520576477,3.135307053980796e-07,0.29244038462638855,0.5766147971153259,2.6106018041597455e-21,0.5766147971153259,1.319223403930664,1.6398900747299194,0.7997645139694214,0.8167735934257507,83.3547134399414,1.2382307052612305,-0.16980338096618652,1.1751539707183838,1.4519400596618652,0.672485888004303,0.6688692569732666
29,train,0,1.0,1.0,1,PVC_20_180,10,0.30000001192092896,7500.0,5.529600143432617,1.5060391426086426,1.4895395040512085,1.432984709739685,0.05655478686094284,0.34554323554039,1.0874414443969727,0.7393568754196167,3.6825224469794193e-07,0.3480842411518097,0.6762266159057617,3.0584045913771367e-21,0.6762266159057617,1.335432767868042,1.6223371028900146,0.7990074753761292,0.7906438708305359,78.12877655029297,1.2348601818084717,-0.17627887427806854,1.1695562601089478,1.4432053565979004,0.6747297048568726,0.6794513463973999
30,train,0,1.0,1.0,1,PVC_20_180,11,0.32499998807907104,8125.0,6.48960018157959,1.597334623336792,1.734514594078064,1.6696031093597412,0.06491148471832275,0.410513699054718,1.259089469909668,0.8501471877098083,4.266284179266222e-07,0.4089418053627014,0.771656334400177,3.5438832744536875e-21,0.771656334400177,1.3518331050872803,1.6068716049194336,0.7979674935340881,0.766912579536438,73.38251495361328,1.230560302734375,-0.18246357142925262,1.1632006168365479,1.4353915452957153,0.6770209670066833,0.6904588341712952
31,train,0,1.0,1.0,1,PVC_20_180,12,0.3499999940395355,8750.0,7.526400089263916,1.9695085287094116,1.997541904449463,1.9239780902862549,0.0735638216137886,0.48191308975219727,1.4420650005340576,0.9669037461280823,4.88434352519107e-07,0.47516077756881714,0.8621596693992615,1.1680538468040135e-22,0.8621596693992615,1.368342399597168,1.5934572219848633,0.7966188192367554,0.7455744743347168,69.1148910522461,1.2251486778259277,-0.18841241300106049,1.1558986902236938,1.4284522533416748,0.6793590784072876,0.7019772529602051
32,train,0,1.0,1.0,1,PVC_20_180,13,0.375,9375.0,8.640000343322754,2.2906291484832764,2.278613328933716,2.1961300373077393,0.0824832171201706,0.5599052906036377,1.6362247467041016,1.0893361568450928,5.534046181310259e-07,0.5468879342079163,0.9478147625923157,1.0756810115930194e-22,0.9478147625923157,1.384886384010315,1.582056999206543,0.7949342131614685,0.7264378666877747,65.2875747680664,1.2184549570083618,-0.1941629946231842,1.1474813222885132,1.4223629236221313,0.6817440986633301,0.7140798568725586
33,train,0,1.0,1.0,1,PVC_20_180,14,0.4000000059604645,10000.0,9.830400466918945,2.650298833847046,2.5776703357696533,2.4860167503356934,0.09165363758802414,0.6446419954299927,1.8413748741149902,1.2171216011047363,6.212222842805204e-07,0.6242527365684509,1.0290770530700684,9.475226058219414e-23,1.0290770530700684,1.401395559310913,1.5726284980773926,0.7928832769393921,0.7092531323432922,61.850624084472656,1.2103098630905151,-0.19972945749759674,1.1377894878387451,1.4171134233474731,0.6841789484024048,0.7268270254135132
34,train,0,1.0,1.0,1,PVC_20_180,15,0.42500001192092896,10625.0,11.097599983215332,2.8269872665405273,2.8945608139038086,2.793491840362549,0.1010688841342926,0.7362598180770874,2.057232141494751,1.3498848676681519,6.915050221323327e-07,0.7073466181755066,1.1065337657928467,8.751692933370289e-23,1.1065337657928467,1.4178012609481812,1.565117597579956,0.7904335856437683,0.6937710642814636,58.754215240478516,1.2005475759506226,-0.2051067054271698,1.1266754865646362,1.412705898284912,0.6866671442985535,0.7402651309967041
35,val,0,1.0,1.0,1,PVC_20_180,16,0.44999998807907104,11250.0,12.44159984588623,3.2195968627929688,3.2289822101593018,3.118255138397217,0.11072706431150436,0.8348797559738159,2.2833752632141113,1.4871793985366821,7.63794105296256e-07,0.7961951494216919,1.1807831525802612,1.4413170314209997e-23,1.1807831525802612,1.4340393543243408,1.5594568252563477,0.7875487208366394,0.6797662973403931,55.95326232910156,1.189002275466919,-0.21026571094989777,1.1140003204345703,1.4091541767120361,0.689215898513794,0.7544224858283997
36,train,0,1.0,1.0,1,PVC_20_180,17,0.4749999940395355,11875.0,13.86240005493164,3.643343448638916,3.5804009437561035,3.459774971008301,0.12062598019838333,0.9406002759933472,2.519174575805664,1.6284536123275757,8.375399147553253e-07,0.8907200694084167,1.2523813247680664,2.179188649855603e-23,1.2523813247680664,1.4500399827957153,1.5555578470230103,0.7841901183128357,0.6670430302619934,53.408607482910156,1.1755092144012451,-0.21515564620494843,1.0996339321136475,1.4064769744873047,0.6918351054191589,0.7693047523498535
37,train,0,1.0,1.0,1,PVC_20_180,18,0.5,12500.0,15.359999656677246,4.037886619567871,3.9479615688323975,3.8172123432159424,0.1307491809129715,1.0534944534301758,2.7637178897857666,1.773022174835205,9.120877848545206e-07,0.9906947612762451,1.3218237161636353,7.380154498657305e-22,1.3218237161636353,1.4657313823699951,1.5533075332641602,0.7803159952163696,0.6554343104362488,51.08686828613281,1.1599102020263672,-0.2197028398513794,1.083459496498108,1.4046974182128906,0.6945379376411438,0.7848893404006958
38,train,0,1.0,1.0,2,PVC_10_0,0,0.05000000074505806,1250.0,0.15360000729560852,0.004296653904020786,0.0243427362293005,0.026714280247688293,-0.0023715440183877945,0.008544852957129478,0.018169427290558815,0.003537142649292946,0.008897308260202408,0.005734976381063461,0.00040676744538359344,0.006354009732604027,0.006354009732604027,1.1888489723205566,2.5378530025482178,0.8395097255706787,0.9039982557296753,100.79964447021484,1.208390235900879,0.15676860511302948,1.2652214765548706,1.8834158182144165,0.8801742196083069,0.4762854278087616
39,train,0,1.0,1.0,2,PVC_10_0,1,0.07500000298023224,1875.0,0.3456000089645386,0.0044425735250115395,0.05116693675518036,0.053623929619789124,-0.0024569910019636154,0.01947605609893799,0.034147873520851135,0.006750552915036678,0.014320028014481068,0.01307729072868824,0.0009348801104351878,0.013912936672568321,0.013912936672568321,1.20431649684906,2.481614112854004,0.8078846335411072,0.9087178111076355,101.7435531616211,1.1953511238098145,0.043117955327034,1.2108135223388672,1.707151174545288,0.6991481184959412,0.5158131718635559
40,train,0,1.0,1.0,2,PVC_10_0,2,0.10000000149011612,2500.0,0.6144000291824341,0.11792551726102829,0.08742309361696243,0.08988706767559052,-0.0024639740586280823,0.03447076305747032,0.05541630834341049,0.010572189465165138,0.022204788401722908,0.022639330476522446,0.001714052981697023,0.02382538840174675,0.02382538840174675,1.1989829540252686,2.327765703201294,0.8021738529205322,0.91482013463974,102.96401977539062,1.1910439729690552,-0.0006570740370079875,1.1908092498779297,1.630234718322754,0.6657410860061646,0.5444911122322083
41,val,0,1.0,1.0,2,PVC_10_0,3,0.125,3125.0,0.9599999785423279,0.3397746682167053,0.1341186910867691,0.13661503791809082,-0.0024963512551039457,0.053918275982141495,0.08269676566123962,0.015331213362514973,0.03253113105893135,0.034834425896406174,0.0027921691071242094,0.035525012761354446,0.035525012761354446,1.2002676725387573,2.2265238761901855,0.8026933073997498,0.9218372106552124,104.36743927001953,1.1933536529541016,-0.02331775799393654,1.185005784034729,1.5895541906356812,0.6553757190704346,0.5633126497268677
42,train,0,1.0,1.0,2,PVC_10_0,4,0.15000000596046448,3750.0,1.3824000358581543,0.16250543296337128,0.19142843782901764,0.19398218393325806,-0.002553750993683934,0.07792330533266068,0.11605887115001678,0.021072817966341972,0.04524683952331543,0.04973921179771423,0.004245518706738949,0.04842253029346466,0.04842253029346466,1.2046114206314087,2.1595349311828613,0.8047824501991272,0.9292217493057251,105.84434509277344,1.1981470584869385,-0.03835095465183258,1.1843620538711548,1.5651719570159912,0.6513152718544006,0.5762094855308533
43,val,0,1.0,1.0,2,PVC_10_0,5,0.17499999701976776,4375.0,1.881600022315979,0.17313167452812195,0.25941160321235657,0.262099951505661,-0.0026883382815867662,0.10654211044311523,0.15555784106254578,0.02781517431139946,0.06034613400697708,0.06739654392004013,0.006197645794600248,0.06197976693511009,0.06197976693511009,1.2100613117218018,2.113166570663452,0.8071456551551819,0.9363734722137451,107.27469635009766,1.2034952640533447,-0.04943748936057091,1.1856459379196167,1.5494718551635742,0.64959317445755,0.5855736136436462
44,train,0,1.0,1.0,2,PVC_10_0,6,0.20000000298023224,5000.0,2.4576001167297363,0.32816481590270996,0.33810439705848694,0.34109658002853394,-0.002992169000208378,0.13982398808002472,0.20127259194850922,0.03557673096656799,0.07784362882375717,0.08785223215818405,0.008858030661940575,0.07576147466897964,0.07576147466897964,1.2158606052398682,2.0802700519561768,0.8093621134757996,0.9426351189613342,108.52703094482422,1.208453893661499,-0.057965654879808426,1.187439203262329,1.5390106439590454,0.6489299535751343,0.5927484035491943
45,val,0,1.0,1.0,2,PVC_10_0,7,0.22499999403953552,5625.0,3.1103999614715576,0.4748879671096802,0.42753127217292786,0.4311177730560303,-0.003586503444239497,0.17781735956668854,0.25330042839050293,0.04437961056828499,0.09776180237531662,0.11115901917219162,0.012609980069100857,0.0894559770822525,0.0894559770822525,1.2217189073562622,2.057029962539673,0.8112735748291016,0.9472165703773499,109.44332122802734,1.212518572807312,-0.064665287733078,1.1889961957931519,1.5320188999176025,0.6488205194473267,0.5985044240951538
46,val,0,1.0,1.0,2,PVC_10_0,8,0.25,6250.0,3.8399999141693115,0.5574852824211121,0.5277042388916016,0.5323166847229004,-0.004612465854734182,0.22056545317173004,0.31175124645233154,0.05424896255135536,0.12012496590614319,0.13737733662128448,0.01824268512427807,0.10286881029605865,0.10286881029605865,1.2274945974349976,2.041259765625,0.8128186464309692,0.9489527344703674,109.79054260253906,1.2154158353805542,-0.07001354545354843,1.1898871660232544,1.5274747610092163,0.6490292549133301,0.603308916091919
47,train,0,1.0,1.0,2,PVC_10_0,9,0.2750000059604645,6875.0,4.646399974822998,0.5972995758056641,0.6386151313781738,0.6448385715484619,-0.006223432719707489,0.2680995762348175,0.3767389953136444,0.06521055102348328,0.14495396614074707,0.16657447814941406,0.027722017839550972,0.11590054631233215,0.11590054631233215,1.2330846786499023,2.0316102504730225,0.8139762878417969,0.9455310702323914,109.10620880126953,1.2169913053512573,-0.07437292486429214,1.18983793258667,1.524722933769226,0.6494317054748535,0.6074681878089905
48,train,0,1.0,1.0,2,PVC_10_0,10,0.30000001192092896,7500.0,5.529600143432617,0.7768981456756592,0.7602283358573914,0.7688077092170715,-0.008579354733228683,0.32043391466140747,0.44837379455566406,0.07728844881057739,0.17226137220859528,0.1988239586353302,0.04799525439739227,0.12852023541927338,0.12852023541927338,1.2383918762207031,2.0271992683410645,0.8147411942481995,0.9301102161407471,106.02204132080078,1.2171472311019897,-0.0780302882194519,1.188654899597168,1.5233038663864136,0.6499533653259277,0.6111990809440613
49,val,0,1.0,1.0,2,PVC_10_0,11,0.32499998807907104,8125.0,6.48960018157959,0.982464611530304,0.8924660682678223,0.9043106436729431,-0.011844603344798088,0.3775593042373657,0.5267513394355774,0.09050245583057404,0.2020457237958908,0.23420317471027374,0.12503765523433685,0.14074119925498962,0.14074119925498962,1.2433133125305176,2.0274369716644287,0.8151111602783203,0.8688808679580688,93.77617645263672,1.21580171585083,-0.08122184872627258,1.1861767768859863,1.5228726863861084,0.650546133518219,0.6146643757820129
50,train,0,1.0,1.0,2,PVC_10_0,12,0.3499999940395355,8750.0,7.526400089263916,1.096636176109314,1.0351924896240234,1.0513789653778076,-0.016186418011784554,0.43943867087364197,0.6119402647018433,0.10486546903848648,0.23428502678871155,0.27278974652290344,0.28669342398643494,0.15260235965251923,0.15260235965251923,1.2477407455444336,2.0319206714630127,0.8150807023048401,0.778120756149292,75.62416076660156,1.2128674983978271,-0.08413630723953247,1.1822535991668701,1.523160696029663,0.6511772274971008,0.617992639541626
51,train,0,1.0,1.0,2,PVC_10_0,13,0.375,9375.0,8.640000343322754,1.2108826637268066,1.1881930828094482,1.2099676132202148,-0.021774563938379288,0.5060021281242371,0.7039655447006226,0.12038058042526245,0.2689298987388611,0.31465503573417664,0.4131476581096649,0.1641552746295929,0.1641552746295929,1.2515608072280884,2.040370225906372,0.8146395087242126,0.7271667718887329,65.43335723876953,1.208243727684021,-0.0869188904762268,1.1767380237579346,1.5239540338516235,0.6518250703811646,0.6212868094444275
52,train,0,1.0,1.0,2,PVC_10_0,14,0.4000000059604645,10000.0,9.830400466918945,1.3690028190612793,1.3511465787887573,1.379929780960083,-0.028783168643712997,0.577142596244812,0.802787184715271,0.13703717291355133,0.30589553713798523,0.35985445976257324,0.5165508985519409,0.17545562982559204,0.17545562982559204,1.2546576261520386,2.05257248878479,0.8137707710266113,0.6930793523788452,58.615875244140625,1.2018144130706787,-0.08967075496912003,1.1694841384887695,1.5250787734985352,0.6524795889854431,0.6246298551559448
53,train,0,1.0,1.0,2,PVC_10_0,15,0.42500001192092896,10625.0,11.097599983215332,1.6664570569992065,1.523597002029419,1.5609872341156006,-0.03739020228385925,0.6527146100997925,0.9082726240158081,0.154806986451149,0.345053493976593,0.4084121584892273,0.6059073209762573,0.18655820190906525,0.18655820190906525,1.2569199800491333,2.068347692489624,0.812452495098114,0.6676045656204224,53.52091598510742,1.193450927734375,-0.09245925396680832,1.1603472232818604,1.5263983011245728,0.6531422734260559,0.6280844211578369
54,val,0,1.0,1.0,2,PVC_10_0,16,0.44999998807907104,11250.0,12.44159984588623,1.7020379304885864,1.7049157619476318,1.752694845199585,-0.04777907580137253,0.7325327396392822,1.0201621055603027,0.17363807559013367,0.3862212300300598,0.46030282974243164,0.6854745745658875,0.197514146566391,0.197514146566391,1.2582420110702515,2.0875086784362793,0.8106573224067688,0.6474189162254333,49.48377990722656,1.1830143928527832,-0.09531284868717194,1.149187445640564,1.5278034210205078,0.6538278460502625,0.6316961050033569
55,train,0,1.0,1.0,2,PVC_10_0,17,0.4749999940395355,11875.0,13.86240005493164,1.914313793182373,1.8942677974700928,1.954404354095459,-0.06013653799891472,0.8163736462593079,1.138030767440796,0.19344936311244965,0.42915356159210205,0.5154278874397278,0.7577104568481445,0.2083696573972702,0.2083696573972702,1.2585309743881226,2.109842538833618,0.8083548545837402,0.6308286190032959,46.16572570800781,1.1703627109527588,-0.09823040664196014,1.1358730792999268,1.5292093753814697,0.654564380645752,0.6354912519454956
56,train,0,1.0,1.0,2,PVC_10_0,18,0.5,12500.0,15.359999656677246,2.087332010269165,2.0905723571777344,2.165221929550171,-0.07464952021837234,0.9039768576622009,1.2612450122833252,0.21412350237369537,0.473532497882843,0.5735890865325928,0.8242243528366089,0.2191656082868576,0.2191656082868576,1.257706880569458,2.1350910663604736,0.8055113554000854,0.6168425679206848,43.36851501464844,1.155354619026184,-0.10118698328733444,1.120282530784607,1.530548334121704,0.6553946137428284,0.6394779682159424
57,val,0,1.0,1.0,3,PVC_10_180,0,0.05000000074505806,1250.0,0.15360000729560852,0.1761522889137268,0.03276751562952995,0.03199968487024307,0.0007678315159864724,0.009087682701647282,0.022912001237273216,0.017670059576630592,7.479369124041568e-09,0.005241934675723314,0.006640447303652763,6.508873658494291e-23,0.006640447303652763,1.2643730640411377,2.0956060886383057,0.7986733913421631,0.9950531721115112,119.01063537597656,1.3043147325515747,0.012541167438030243,1.3092219829559326,1.7174487113952637,0.6826573610305786,0.5094919800758362
58,val,0,1.0,1.0,3,PVC_10_180,1,0.07500000298023224,1875.0,0.3456000089645386,0.1749381422996521,0.07091712206602097,0.06891556084156036,0.0020015595946460962,0.02038954384624958,0.04852601885795593,0.036720819771289825,1.5728135238646246e-08,0.011805185116827488,0.015361522324383259,1.4144996733935752e-22,0.015361522324383259,1.2608026266098022,2.085127592086792,0.7962624430656433,0.9886112809181213,117.72225952148438,1.273264765739441,-0.022348623722791672,1.26472806930542,1.6503223180770874,0.6657921075820923,0.5305534601211548
59,train,0,1.0,1.0,3,PVC_10_180,2,0.10000000149011612,2500.0,0.6144000291824341,0.10751472413539886,0.12206888198852539,0.11834725737571716,0.0037216267082840204,0.036436501890420914,0.08191075921058655,0.0611255057156086,2.66214730260117e-08,0.020785225555300713,0.028390271589159966,2.403827047809054e-22,0.028390271589159966,1.2673563957214355,2.042330026626587,0.7964649796485901,0.9791058301925659,115.8211669921875,1.2585586309432983,-0.04673851281404495,1.240911602973938,1.6079199314117432,0.6594299077987671,0.5467599630355835
60,train,0,1.0,1.0,3,PVC_10_180,3,0.125,3125.0,0.9599999785423279,0.198393777012825,0.18589532375335693,0.17997516691684723,0.005920162424445152,0.057451795786619186,0.12252336740493774,0.09041047096252441,4.004061437967721e-08,0.03211285546422005,0.04659499600529671,3.5522088493385176e-22,0.04659499600529671,1.2789268493652344,1.994482398033142,0.7976192235946655,0.9660651087760925,113.21302032470703,1.2512377500534058,-0.06572838127613068,1.2265652418136597,1.5768362283706665,0.6566504240036011,0.5600757598876953
61,train,0,1.0,1.0,3,PVC_10_180,4,0.15000000596046448,3750.0,1.3824000358581543,0.27636855840682983,0.2621728777885437,0.2535803020000458,0.008592573925852776,0.08364962786436081,0.16993066668510437,0.12418172508478165,5.588481144513935e-08,0.04574887827038765,0.07105773687362671,1.5467690794663623e-21,0.07105773687362671,1.2931342124938965,1.9481312036514282,0.7990851998329163,0.9489836692810059,109.7967300415039,1.2477056980133057,-0.08168703317642212,1.2171293497085571,1.5517759323120117,0.6554405093193054,0.5716783404350281
62,train,0,1.0,1.0,3,PVC_10_180,5,0.17499999701976776,4375.0,1.881600022315979,0.3855060040950775,0.35074761509895325,0.33902812004089355,0.011719483882188797,0.11524484306573868,0.22378328442573547,0.16210483014583588,7.406181623537123e-08,0.06167837232351303,0.10278953611850739,2.0392714266333154e-21,0.10278953611850739,1.3089033365249634,1.9051358699798584,0.800557553768158,0.927563488483429,105.51270294189453,1.2461625337600708,-0.0957944393157959,1.2103499174118042,1.5303534269332886,0.6550264358520508,0.5822756886482239
63,train,0,1.0,1.0,3,PVC_10_180,6,0.20000000298023224,5000.0,2.4576001167297363,0.4729076027870178,0.45153844356536865,0.4362725019454956,0.0152659360319376,0.15245705842971802,0.2838154435157776,0.2039070427417755,9.448607585227364e-08,0.07990830391645432,0.14209134876728058,2.571591029431207e-21,0.14209134876728058,1.3257133960723877,1.8660625219345093,0.8018700480461121,0.9021280407905579,100.42560577392578,1.245559573173523,-0.10867217928171158,1.2049522399902344,1.5114191770553589,0.6550549864768982,0.5923038721084595
64,train,0,1.0,1.0,3,PVC_10_180,7,0.22499999403953552,5625.0,3.1103999614715576,0.585237979888916,0.5645376443862915,0.5453506708145142,0.01918695867061615,0.19551073014736176,0.3498399555683136,0.24937386810779572,1.1707761160550945e-07,0.10046597570180893,0.1878364533185959,3.1350989360037208e-21,0.1878364533185959,1.3432836532592773,1.8310456275939941,0.8029282689094543,0.8739358186721802,94.78716278076172,1.2452212572097778,-0.12068251520395279,1.2001383304595947,1.4943907260894775,0.655347466468811,0.6020495295524597
65,train,0,1.0,1.0,3,PVC_10_180,8,0.25,6250.0,3.8399999141693115,0.6845232844352722,0.6898075342178345,0.666373074054718,0.02343447133898735,0.24463501572608948,0.42173805832862854,0.29834040999412537,1.417603954223523e-07,0.12339749187231064,0.23751667141914368,1.100452127541173e-21,0.23751667141914368,1.3614469766616821,1.8000587224960327,0.803677499294281,0.8448962569236755,88.97925567626953,1.2446744441986084,-0.1320737898349762,1.1953577995300293,1.478959321975708,0.6558107733726501,0.6117168664932251
66,train,0,1.0,1.0,3,PVC_10_180,9,0.2750000059604645,6875.0,4.646399974822998,0.8764917254447937,0.8274711966514587,0.7995098233222961,0.027961380779743195,0.30006396770477295,0.4994458556175232,0.35067909955978394,1.684593371464871e-07,0.14876656234264374,0.28830739855766296,1.3053009020798728e-21,0.28830739855766296,1.3801000118255615,1.7730207443237305,0.8040831089019775,0.8167735934257507,83.3547134399414,1.243558406829834,-0.14304453134536743,1.1901930570602417,1.4649474620819092,0.6563985347747803,0.6214661598205566
67,train,0,1.0,1.0,3,PVC_10_180,10,0.30000001192092896,7500.0,5.529600143432617,0.9029657244682312,0.9777100086212158,0.944985032081604,0.03272497281432152,0.3620384931564331,0.5829465389251709,0.40629178285598755,1.9709757737018663e-07,0.17665451765060425,0.33811330795288086,1.5292022956885683e-21,0.33811330795288086,1.3991825580596924,1.7498563528060913,0.8041179776191711,0.7906438708305359,78.12877655029297,1.2415730953216553,-0.1537707895040512,1.184297800064087,1.4522485733032227,0.6570912003517151,0.6314334869384766
68,train,0,1.0,1.0,3,PVC_10_180,11,0.32499998807907104,8125.0,6.48960018157959,1.0138746500015259,1.140757441520691,1.1030681133270264,0.037689365446567535,0.43080568313598633,0.67226243019104,0.4651021957397461,2.275922668104613e-07,0.20715996623039246,0.3858281672000885,1.7719416372268438e-21,0.3858281672000885,1.418655276298523,1.7305208444595337,0.8037548661231995,0.766912579536438,73.38251495361328,1.2384480237960815,-0.16440753638744354,1.1773649454116821,1.4407958984375,0.6578838229179382,0.641741156578064
69,train,0,1.0,1.0,3,PVC_10_180,12,0.3499999940395355,8750.0,7.526400089263916,1.313947081565857,1.316888451576233,1.2740631103515625,0.042825303971767426,0.506618082523346,0.7674450874328613,0.527047336101532,2.5984996909755864e-07,0.24039752781391144,0.43107983469963074,5.840269234020067e-23,0.43107983469963074,1.4384896755218506,1.715013027191162,0.8029608726501465,0.7455744743347168,69.1148910522461,1.233916997909546,-0.1750904768705368,1.1691029071807861,1.4305469989776611,0.6587824821472168,0.6525029540061951
70,train,0,1.0,1.0,3,PVC_10_180,13,0.375,9375.0,8.640000343322754,1.5928974151611328,1.506405234336853,1.4582935571670532,0.04811163991689682,0.5897305011749268,0.8685630559921265,0.5920684337615967,2.93758148472989e-07,0.2764943540096283,0.47390738129615784,5.378405057965097e-23,0.47390738129615784,1.458657145500183,1.7033705711364746,0.8016936779022217,0.7264378666877747,65.2875747680664,1.2277061939239502,-0.18592780828475952,1.1592267751693726,1.42147958278656,0.6597986817359924,0.6638270020484924
71,val,0,1.0,1.0,3,PVC_10_180,14,0.4000000059604645,10000.0,9.830400466918945,1.7449835538864136,1.709608554840088,1.6560757160186768,0.053532786667346954,0.6803959608078003,0.9756797552108765,0.6600964665412903,3.2917475323301915e-07,0.31558290123939514,0.5145385265350342,4.737613029109707e-23,0.5145385265350342,1.4791213274002075,1.6956629753112793,0.7998987436294556,0.7092531323432922,61.850624084472656,1.219520926475525,-0.1969899982213974,1.1474509239196777,1.4135868549346924,0.6609488725662231,0.6758160591125488
72,train,0,1.0,1.0,3,PVC_10_180,15,0.42500001192092896,10625.0,11.097599983215332,1.9275760650634766,1.9267464876174927,1.8676687479019165,0.05907769128680229,0.7788552045822144,1.0888135433197021,0.731026291847229,3.659125127342122e-07,0.35778695344924927,0.5532668828964233,4.3758464666851443e-23,0.5532668828964233,1.499826431274414,1.6919724941253662,0.797508180141449,0.6937710642814636,58.754215240478516,1.2090400457382202,-0.20829962193965912,1.133487343788147,1.406869888305664,0.6622536182403564,0.688565731048584
73,train,0,1.0,1.0,3,PVC_10_180,16,0.44999998807907104,11250.0,12.44159984588623,2.2017436027526855,2.1579461097717285,2.093214988708496,0.06473107635974884,0.8853302597999573,1.207884669303894,0.8046886324882507,4.0371938325733936e-07,0.4031956195831299,0.5903915762901306,7.206585157104998e-24,0.5903915762901306,1.5206961631774902,1.6923750638961792,0.7944402694702148,0.6797662973403931,55.95326232910156,1.1959115266799927,-0.2198289930820465,1.1170426607131958,1.4013456106185913,0.663738489151001,0.7021552920341492
74,train,0,1.0,1.0,3,PVC_10_180,17,0.4749999940395355,11875.0,13.86240005493164,2.481191635131836,2.4031004905700684,2.3326363563537598,0.07046425342559814,1.0000077486038208,1.3326287269592285,0.880801260471344,4.422542758675263e-07,0.45182710886001587,0.6261906623840332,1.0895943249278015e-23,0.6261906623840332,1.5416234731674194,1.6969165802001953,0.7906000018119812,0.6670430302619934,53.408607482910156,1.1797529458999634,-0.23148894309997559,1.0978230237960815,1.3970329761505127,0.6654343008995056,0.7166398763656616
75,val,0,1.0,1.0,3,PVC_10_180,18,0.5,12500.0,15.359999656677246,2.5872838497161865,2.6617238521575928,2.585509777069092,0.07621410489082336,1.1230231523513794,1.4624866247177124,0.9589142799377441,4.810613631889282e-07,0.5035718679428101,0.6609118580818176,3.6900772493286525e-22,0.6609118580818176,1.562467098236084,1.7055838108062744,0.7858820557594299,0.6554343104362488,51.08686828613281,1.1601595878601074,-0.24312813580036163,1.0755393505096436,1.393956184387207,0.6673808693885803,0.7320332527160645
76,train,0,1.0,1.0,4,Rguijiao_20_0,0,0.05000000074505806,1250.0,0.5408450961112976,0.0793856531381607,0.03150102496147156,0.03151699900627136,-1.5974967027432285e-05,0.007987840101122856,0.023529158905148506,0.004534924402832985,0.00884702242910862,0.010147212073206902,0.0008497143280692399,0.012034342624247074,0.012034342624247074,1.111351490020752,2.097278594970703,0.7644954323768616,0.9132076501846313,102.64153289794922,1.179305911064148,-0.08497808128595352,1.149241328239441,1.608419418334961,0.6401674747467041,0.56132972240448
77,train,0,1.0,1.0,4,Rguijiao_20_0,1,0.07500000298023224,1875.0,1.216901421546936,0.06598012149333954,0.06974520534276962,0.06930102407932281,0.00044417948811315,0.01795298233628273,0.05134804546833038,0.009653170593082905,0.01899893581867218,0.022695939987897873,0.002076980657875538,0.024730108678340912,0.024730108678340912,1.1101361513137817,2.1000008583068848,0.7573790550231934,0.9264792203903198,105.29583740234375,1.1436699628829956,-0.09333508461713791,1.1116466522216797,1.5710786581039429,0.6367749571800232,0.5761268734931946
78,train,0,1.0,1.0,4,Rguijiao_20_0,2,0.10000000149011612,2500.0,2.1633803844451904,0.13217772543430328,0.12257099896669388,0.12148655951023102,0.0010844420175999403,0.0319441482424736,0.08954241126775742,0.01660161465406418,0.032882802188396454,0.04005799442529678,0.004223970230668783,0.03916126862168312,0.03916126862168312,1.111100673675537,2.0947647094726562,0.7533635497093201,0.9396970868110657,107.93941497802734,1.1224232912063599,-0.09806431084871292,1.089402437210083,1.554760217666626,0.6375575661659241,0.5851191878318787
79,train,0,1.0,1.0,4,Rguijiao_20_0,3,0.125,3125.0,3.380281686782837,0.19640156626701355,0.18967515230178833,0.18783916532993317,0.0018359824316576123,0.04997538402676582,0.13786378502845764,0.025340965017676353,0.050387557595968246,0.06213527172803879,0.008221819996833801,0.053746797144412994,0.053746797144412994,1.1124955415725708,2.0896010398864746,0.7500362992286682,0.9483026266098022,109.66053009033203,1.1061277389526367,-0.10169539600610733,1.0723812580108643,1.546775460243225,0.6395686864852905,0.5915402770042419
80,val,0,1.0,1.0,4,Rguijiao_20_0,4,0.15000000596046448,3750.0,4.867605686187744,0.2594616115093231,0.27059125900268555,0.2679765820503235,0.002614691387861967,0.07206780463457108,0.195908784866333,0.035809144377708435,0.07133438438177109,0.08876524865627289,0.01782258413732052,0.06770908087491989,0.06770908087491989,1.1140916347503662,2.0857298374176025,0.7465739250183105,0.9432054162025452,108.6410903930664,1.0911788940429688,-0.10481709241867065,1.0568666458129883,1.5430141687393188,0.6421612501144409,0.5965693593025208
81,train,0,1.0,1.0,4,Rguijiao_20_0,5,0.17499999701976776,4375.0,6.625351905822754,0.35800719261169434,0.36466363072395325,0.3613436222076416,0.0033200180623680353,0.09825335443019867,0.26309025287628174,0.0479157529771328,0.0954662635922432,0.11970824748277664,0.0833248496055603,0.08086365461349487,0.08086365461349487,1.1159210205078125,2.083242416381836,0.7425991892814636,0.8541660308837891,90.83320617675781,1.075844645500183,-0.10765987634658813,1.0410970449447632,1.5417286157608032,0.6451595425605774,0.6007526516914368
82,train,0,1.0,1.0,4,Rguijiao_20_0,6,0.20000000298023224,5000.0,8.653521537780762,0.47495365142822266,0.4710232615470886,0.4671856164932251,0.003837637836113572,0.12857647240161896,0.33860912919044495,0.061535194516181946,0.12243978679180145,0.15463414788246155,0.23541828989982605,0.09331627935171127,0.09331627935171127,1.1180561780929565,2.0818288326263428,0.7379172444343567,0.7266942262649536,65.3388442993164,1.059217095375061,-0.11034096032381058,1.024154543876648,1.542019009590149,0.6485196352005005,0.6043848991394043
83,train,0,1.0,1.0,4,Rguijiao_20_0,7,0.22499999403953552,5625.0,10.952113151550293,0.5159441232681274,0.5885681509971619,0.584525465965271,0.004042695742100477,0.16309291124343872,0.4214325547218323,0.07650171220302582,0.1518196314573288,0.19311122596263885,0.33878958225250244,0.10526465624570847,0.10526465624570847,1.1205525398254395,2.0810225009918213,0.7324184775352478,0.6701484322547913,54.029693603515625,1.0407954454421997,-0.11290938407182693,1.0055407285690308,1.5433573722839355,0.6522378921508789,0.6076379418373108
84,train,0,1.0,1.0,4,Rguijiao_20_0,8,0.25,6250.0,13.521126747131348,0.5834466218948364,0.7159534692764282,0.7121507525444031,0.003802727209404111,0.20186562836170197,0.5102851390838623,0.09260734915733337,0.18307727575302124,0.23460052907466888,0.4210447072982788,0.11690676212310791,0.11690676212310791,1.123426079750061,2.0803334712982178,0.7260353565216064,0.6344692707061768,46.893856048583984,1.0202929973602295,-0.11535779386758804,0.9849833846092224,1.5453976392745972,0.656316876411438,0.610612690448761
85,train,0,1.0,1.0,4,Rguijiao_20_0,9,0.2750000059604645,6875.0,16.360563278198242,0.8144222497940063,0.8515962958335876,0.8486170768737793,0.0029792017303407192,0.24495777487754822,0.6036592721939087,0.10960332304239273,0.2155979871749878,0.27845796942710876,0.4909791052341461,0.1284092366695404,0.1284092366695404,1.1266472339630127,2.079317569732666,0.7187260389328003,0.6089425683021545,41.788509368896484,0.9975508451461792,-0.11761973053216934,0.9623513221740723,1.5478918552398682,0.6607546806335449,0.6133643388748169
86,train,0,1.0,1.0,4,Rguijiao_20_0,10,0.30000001192092896,7500.0,19.470422744750977,0.9322099089622498,0.9937083721160889,0.9922794103622437,0.0014289566315710545,0.2924242317676544,0.6998552083969116,0.12720602750778198,0.24869970977306366,0.3239494562149048,0.552803099155426,0.13990218937397003,0.13990218937397003,1.1301418542861938,2.077603816986084,0.7104723453521729,0.5894266963005066,37.88533401489258,0.9725083708763123,-0.11957616358995438,0.9376217126846313,1.5506418943405151,0.6655396819114685,0.6159183382987976
87,val,0,1.0,1.0,4,Rguijiao_20_0,11,0.32499998807907104,8125.0,22.850704193115234,0.985845148563385,1.1403640508651733,1.141357660293579,-0.0009935590205714107,0.34430620074272156,0.7970514893531799,0.14510689675807953,0.28166598081588745,0.37027859687805176,0.6090114116668701,0.15148326754570007,0.15148326754570007,1.133810043334961,2.0749101638793945,0.7012835741043091,0.5738567113876343,34.77134704589844,0.9451995491981506,-0.12106750905513763,0.9108696579933167,1.5534687042236328,0.6706519722938538,0.6182798743247986
88,train,0,1.0,1.0,4,Rguijiao_20_0,12,0.3499999940395355,8750.0,26.501407623291016,1.1948415040969849,1.2896039485931396,1.2940363883972168,-0.004432397428900003,0.40062567591667175,0.8934106826782227,0.16298767924308777,0.31379270553588867,0.4166303277015686,0.6612422466278076,0.1632239818572998,0.1632239818572998,1.1375352144241333,2.0710489749908447,0.6912034749984741,0.5610531568527222,32.210636138916016,0.9157597422599792,-0.12190233170986176,0.8822697401046753,1.5561937093734741,0.676064133644104,0.6204428672790527
89,train,0,1.0,1.0,4,Rguijiao_20_0,13,0.375,9375.0,30.422534942626953,1.4401521682739258,1.4395701885223389,1.4485929012298584,-0.009022766724228859,0.46138572692871094,0.9872071743011475,0.1805390566587448,0.34444233775138855,0.4622258245944977,0.7106358408927917,0.1751757562160492,0.1751757562160492,1.1412051916122437,2.065932035446167,0.6803134679794312,0.5502814054489136,30.056276321411133,0.8844295740127563,-0.12187862396240234,0.8520916700363159,1.5586297512054443,0.6817439794540405,0.622397780418396
90,val,0,1.0,1.0,4,Rguijiao_20_0,14,0.4000000059604645,10000.0,34.61408615112305,1.5939713716506958,1.588646411895752,1.6035287380218506,-0.014882273972034454,0.5265719294548035,1.0769567489624023,0.19748087227344513,0.3730953335762024,0.506380558013916,0.7580162286758423,0.1873747855424881,0.1873747855424881,1.1447213888168335,2.059570550918579,0.6687338352203369,0.5410550832748413,28.211017608642578,0.8515479564666748,-0.12079966068267822,0.8206879496574402,1.5605833530426025,0.6876548528671265,0.6241385340690613
91,train,0,1.0,1.0,4,Rguijiao_20_0,15,0.42500001192092896,10625.0,39.07605743408203,1.847556233406067,1.7355753183364868,1.757677435874939,-0.022102132439613342,0.5961576700210571,1.1615197658538818,0.21357916295528412,0.399387925863266,0.5485527515411377,0.803994357585907,0.19984598457813263,0.19984598457813263,1.1480093002319336,2.052070379257202,0.6566170454025269,0.5330373644828796,26.607471466064453,0.8175299763679504,-0.11849475651979446,0.788468062877655,1.5618572235107422,0.6937568783760071,0.6256665587425232
92,val,0,1.0,1.0,4,Rguijiao_20_0,16,0.44999998807907104,11250.0,43.80845260620117,1.9395111799240112,1.8795408010482788,1.910280466079712,-0.03073967434465885,0.6701107621192932,1.2401697635650635,0.22866028547286987,0.4231314957141876,0.5883778929710388,0.8490321040153503,0.21260574460029602,0.21260574460029602,1.1510223150253296,2.0436172485351562,0.6441382169723511,0.5259861946105957,25.19723892211914,0.7828385233879089,-0.11483552306890488,0.7558692097663879,1.5622706413269043,0.7000094652175903,0.626994788646698
93,val,0,1.0,1.0,4,Rguijiao_20_0,17,0.4749999940395355,11875.0,48.8112678527832,2.0250658988952637,2.02017879486084,2.0609946250915527,-0.04081592708826065,0.7483988404273987,1.3125958442687988,0.24261611700057983,0.4443058967590332,0.625673770904541,0.8934834003448486,0.2256641983985901,0.2256641983985901,1.1537401676177979,2.0344583988189697,0.6314818859100342,0.519722580909729,23.944515228271484,0.7479475736618042,-0.10974972695112228,0.7233214974403381,1.5616689920425415,0.7063705325126648,0.6281441450119019
94,train,0,1.0,1.0,4,Rguijiao_20_0,18,0.5,12500.0,54.08450698852539,2.1159510612487793,2.157545328140259,2.20986270904541,-0.05231732502579689,0.8309952020645142,1.3788676261901855,0.25540316104888916,0.463034987449646,0.6604294180870056,0.9382701516151428,0.23902688920497894,0.23902688920497894,1.1561672687530518,2.0248801708221436,0.6188294887542725,0.5142316222190857,22.84632110595703,0.7133095264434814,-0.10323026776313782,0.6912189722061157,1.5599404573440552,0.7127982378005981,0.6291441917419434
95,train,0,1.0,1.0,5,Rguijiao_20_180,0,0.05000000074505806,1250.0,0.5408450961112976,0.03256566822528839,0.051413778215646744,0.04976975545287132,0.0016440239269286394,0.008425414562225342,0.04134434089064598,0.031155597418546677,1.2703813112580065e-08,0.010188729502260685,0.014045508578419685,4.771743885034999e-23,0.014045508578419685,1.1722314357757568,2.0336415767669678,0.7722773551940918,0.9817633032798767,116.3526611328125,1.2393895387649536,-0.02874046005308628,1.2287033796310425,1.6624681949615479,0.6583234071731567,0.5436723232269287
96,train,0,1.0,1.0,5,Rguijiao_20_180,1,0.07500000298023224,1875.0,1.216901421546936,0.1428789347410202,0.11129269003868103,0.10723470151424408,0.004057987127453089,0.01897147111594677,0.08826322853565216,0.06556219607591629,2.7070115038441145e-08,0.022701004520058632,0.034756336361169815,9.746242062107351e-23,0.034756336361169815,1.1731150150299072,2.0203006267547607,0.7666661739349365,0.955812931060791,111.16258239746094,1.2047898769378662,-0.05132715404033661,1.1862382888793945,1.6211445331573486,0.6548070311546326,0.5613235831260681
97,train,0,1.0,1.0,5,Rguijiao_20_180,2,0.10000000149011612,2500.0,2.1633803844451904,0.154811292886734,0.19150425493717194,0.18398801982402802,0.007516237907111645,0.03390800580382347,0.15008001029491425,0.110312320291996,4.599131031568504e-08,0.03976764902472496,0.06915778666734695,1.5577213465954122e-22,0.06915778666734695,1.1794087886810303,1.9960005283355713,0.7620565891265869,0.9151419997215271,103.02839660644531,1.1784898042678833,-0.06827584654092789,1.1543511152267456,1.5958945751190186,0.654832124710083,0.5753207802772522
98,train,0,1.0,1.0,5,Rguijiao_20_180,3,0.125,3125.0,3.380281686782837,0.3438483476638794,0.2904976010322571,0.27852803468704224,0.011969574727118015,0.05339568108320236,0.22513234615325928,0.16404831409454346,6.888259207471492e-08,0.06108396500349045,0.11730728298425674,3.3007464984804745e-22,0.11730728298425674,1.1886342763900757,1.9699586629867554,0.7571501731872559,0.8628255128860474,92.56509399414062,1.154107689857483,-0.08242031931877136,1.1255711317062378,1.578339695930481,0.6564738154411316,0.5877002477645874
99,train,0,1.0,1.0,5,Rguijiao_20_180,4,0.15000000596046448,3750.0,4.867605686187744,0.366254061460495,0.4064595699310303,0.38916510343551636,0.01729447767138481,0.07762964069843292,0.31153547763824463,0.225263774394989,9.503648357167549e-08,0.08627159893512726,0.17116811871528625,3.0512473384256006e-22,0.17116811871528625,1.2000716924667358,1.9446855783462524,0.7513281106948853,0.8097938895225525,81.95877838134766,1.128508448600769,-0.0949200764298439,1.0963730812072754,1.5652358531951904,0.6591897010803223,0.5994545221328735
100,val,0,1.0,1.0,5,Rguijiao_20_180,5,0.17499999701976776,4375.0,6.625351905822754,0.5469441413879395,0.5371533632278442,0.5138841867446899,0.023269182071089745,0.10685458034276962,0.4070296287536621,0.29220885038375854,1.235809321542547e-07,0.11482065171003342,0.22271017730236053,4.1042529535057127e-22,0.22271017730236053,1.2136101722717285,1.9207020998001099,0.7442252039909363,0.7638893723487854,72.77787780761719,1.0998231172561646,-0.10629457980394363,1.0647515058517456,1.5552053451538086,0.6628309488296509,0.6111029386520386
101,val,0,1.0,1.0,5,Rguijiao_20_180,6,0.20000000298023224,5000.0,8.653521537780762,0.6811033487319946,0.6797834038734436,0.6502242684364319,0.02955913543701172,0.1413765400648117,0.508847713470459,0.3628157377243042,1.5345575832270697e-07,0.14603179693222046,0.269457072019577,5.165577832583413e-22,0.269457072019577,1.2293610572814941,1.8977469205856323,0.7355799674987793,0.7262254357337952,65.24508666992188,1.0668179988861084,-0.11669383198022842,1.029470682144165,1.547577977180481,0.6673920154571533,0.6228935122489929
102,train,0,1.0,1.0,5,Rguijiao_20_180,7,0.22499999403953552,5625.0,10.952113151550293,0.8595311641693115,0.8309293985366821,0.7952180504798889,0.03571133315563202,0.18156331777572632,0.6136547327041626,0.4346812069416046,1.8342278451655147e-07,0.17897336184978485,0.31184452772140503,6.088031133035027e-22,0.31184452772140503,1.2474559545516968,1.8752638101577759,0.7251880168914795,0.6954247355461121,59.08494186401367,1.0286893844604492,-0.12597012519836426,0.9898141622543335,1.541943907737732,0.6729171872138977,0.6348718404769897
103,val,0,1.0,1.0,5,Rguijiao_20_180,8,0.25,6250.0,13.521126747131348,0.9238037467002869,0.9866431951522827,0.9454758167266846,0.04116738587617874,0.22782397270202637,0.7176518440246582,0.505165159702301,2.121354185646851e-07,0.21248644590377808,0.35095101594924927,4.4343872033728714e-23,0.35095101594924927,1.2678898572921753,1.8526698350906372,0.7129045724868774,0.6699312329292297,53.986244201660156,0.9850662350654602,-0.13369958102703094,0.9455553293228149,1.537967562675476,0.6794489026069641,0.6469116806983948
104,train,0,1.0,1.0,5,Rguijiao_20_180,9,0.2750000059604645,6875.0,16.360563278198242,1.1566203832626343,1.1427702903747559,1.0974628925323486,0.04530739039182663,0.28055986762046814,0.8169030547142029,0.5716368556022644,2.3828329176467378e-07,0.24526596069335938,0.3877774477005005,1.5124849068464185e-22,0.3877774477005005,1.2903938293457031,1.829586386680603,0.698676586151123,0.6485117077827454,49.702335357666016,0.9360916018486023,-0.13925574719905853,0.8969847559928894,1.5353083610534668,0.6869957447052002,0.65873783826828
105,train,0,1.0,1.0,5,Rguijiao_20_180,10,0.30000001192092896,7500.0,19.470422744750977,1.4060606956481934,1.295504093170166,1.2479748725891113,0.047529250383377075,0.3400951623916626,0.9078797101974487,0.6318421959877014,2.607988562886021e-07,0.2760372459888458,0.42311134934425354,2.1849816341358754e-22,0.42311134934425354,1.3143773078918457,1.805997610092163,0.6825861930847168,0.6302563548088074,46.05126953125,0.8825239539146423,-0.14194148778915405,0.8449439406394958,1.5335566997528076,0.6955056190490723,0.6699753999710083
106,train,0,1.0,1.0,5,Rguijiao_20_180,11,0.32499998807907104,8125.0,22.850704193115234,1.4605861902236938,1.4420667886734009,1.394712209701538,0.04735463112592697,0.40661168098449707,0.988100528717041,0.6843000054359436,2.7907361754841986e-07,0.30380019545555115,0.4575432538986206,2.0516508882903167e-22,0.4575432538986206,1.3389837741851807,1.782328486442566,0.6648949980735779,0.6144993305206299,42.899864196777344,0.825756847858429,-0.1411762833595276,0.7907836437225342,1.5321919918060303,0.7048449516296387,0.6802282333374023
107,train,0,1.0,1.0,5,Rguijiao_20_180,12,0.3499999940395355,8750.0,26.501407623291016,1.5938189029693604,1.5812747478485107,1.536751389503479,0.04452330246567726,0.4801207482814789,1.0566306114196777,0.7285746932029724,2.9309151727829885e-07,0.32805564999580383,0.49150949716567993,1.0935382981323264e-22,0.49150949716567993,1.3632533550262451,1.7594037055969238,0.6460543870925903,0.60074782371521,40.14957046508789,0.7676718235015869,-0.13667169213294983,0.7361961007118225,1.5305860042572021,0.7147909998893738,0.6891776323318481
108,train,0,1.0,1.0,5,Rguijiao_20_180,13,0.375,9375.0,30.422534942626953,1.7949695587158203,1.7137248516082764,1.674691915512085,0.0390329509973526,0.560488224029541,1.114203691482544,0.765298068523407,3.034065230167471e-07,0.3489052951335907,0.5253316760063171,1.495270447281558e-22,0.5253316760063171,1.3863283395767212,1.7382687330245972,0.6266657114028931,0.588631272315979,37.72625732421875,0.7103330492973328,-0.1285284459590912,0.6829436421394348,1.528076410293579,0.7250444889068604,0.6966617107391357
109,train,0,1.0,1.0,5,Rguijiao_20_180,14,0.4000000059604645,10000.0,34.61408615112305,1.8172143697738647,1.841467022895813,1.8103649616241455,0.03110210970044136,0.6474957466125488,1.1628692150115967,0.7959088087081909,3.109590807071072e-07,0.3669600784778595,0.5592469573020935,1.9560245382707015e-22,0.5592469573020935,1.4075993299484253,1.7199397087097168,0.6073881387710571,0.5778660178184509,35.57320785522461,0.6556088924407959,-0.11721877008676529,0.6325539946556091,1.524092197418213,0.7352687120437622,0.7026947736740112
110,train,0,1.0,1.0,5,Rguijiao_20_180,15,0.42500001192092896,10625.0,39.07605743408203,1.9982558488845825,1.967334270477295,1.9462614059448242,0.021072842180728912,0.7409086227416992,1.205352783203125,0.8222377896308899,3.168173634549021e-07,0.383114755153656,0.593430757522583,4.209740443493825e-22,0.593430757522583,1.4267534017562866,1.7051831483840942,0.5888265371322632,0.5682315826416016,33.64631271362305,0.6048823595046997,-0.10348545014858246,0.5861034393310547,1.5182840824127197,0.7451410293579102,0.7074315547943115
111,train,0,1.0,1.0,5,Rguijiao_20_180,16,0.44999998807907104,11250.0,43.80845260620117,2.1439406871795654,2.0942234992980957,2.0849108695983887,0.009312559850513935,0.8405121564865112,1.244398593902588,0.846099853515625,3.219520579023083e-07,0.3982985019683838,0.6280124187469482,7.673410321620723e-23,0.6280124187469482,1.443713903427124,1.6944022178649902,0.571441650390625,0.5595534443855286,31.910694122314453,0.5589325428009033,-0.08818238973617554,0.5441461205482483,1.5105786323547363,0.7544010877609253,0.7110995054244995
112,train,0,1.0,1.0,5,Rguijiao_20_180,17,0.4749999940395355,11875.0,48.8112678527832,2.1708872318267822,2.224586248397827,2.2284390926361084,-0.0038528391160070896,0.9461195468902588,1.2823195457458496,0.8690186738967896,3.271080402100779e-07,0.4133005142211914,0.6630873680114746,1.0249265592317644e-21,0.6630873680114746,1.458548665046692,1.6876448392868042,0.555511474609375,0.5516924262046814,30.33848762512207,0.5179854035377502,-0.07213085889816284,0.5067765712738037,1.5011464357376099,0.7628750205039978,0.7139369249343872
113,train,0,1.0,1.0,5,Rguijiao_20_180,18,0.5,12500.0,54.08450698852539,2.288050651550293,2.360234498977661,2.3783977031707764,-0.018163152039051056,1.0575655698776245,1.3208321332931519,0.8921262621879578,3.3278254818469577e-07,0.4287055432796478,0.6987252831459045,1.5449125679011279e-21,0.6987252831459045,1.471395492553711,1.6846888065338135,0.5411438941955566,0.544535219669342,28.90704917907715,0.4818679690361023,-0.05601653829216957,0.4737702012062073,1.4903134107589722,0.7704781889915466,0.7161605358123779
114,train,0,1.0,1.0,6,Rguijiao_10_0,0,0.05000000074505806,1250.0,0.5408450961112976,0.032475970685482025,0.030309196561574936,0.03094218485057354,-0.0006329877651296556,0.008672276511788368,0.02226990833878517,0.01393462996929884,0.003906359430402517,0.0044289203360676765,0.007022754289209843,0.006017171312123537,0.006017171312123537,1.2065774202346802,2.2160487174987793,0.670687735080719,0.6977755427360535,59.55510711669922,1.0120923519134521,0.09290152043104172,1.0402997732162476,1.61185622215271,0.6737250685691833,0.5123052000999451
115,train,0,1.0,1.0,6,Rguijiao_10_0,1,0.07500000298023224,1875.0,1.216901421546936,0.01790078543126583,0.06284739822149277,0.06337825953960419,-0.0005308593390509486,0.019398745149374008,0.04397951811552048,0.026674214750528336,0.007566537242382765,0.00973876565694809,0.017378168180584908,0.012365054339170456,0.012365054339170456,1.199535846710205,2.1967737674713135,0.6575392484664917,0.6890503168106079,57.810062408447266,0.9446771144866943,0.028865301981568336,0.9528576135635376,1.5103044509887695,0.6515508890151978,0.5514126420021057
116,train,0,1.0,1.0,6,Rguijiao_10_0,2,0.10000000149011612,2500.0,2.1633803844451904,0.07656078040599823,0.10563398152589798,0.1061234176158905,-0.0004894387093372643,0.034460000693798065,0.07166341692209244,0.04259448125958443,0.012267175130546093,0.016801761463284492,0.03457889333367348,0.01958063431084156,0.01958063431084156,1.198608636856079,2.1517586708068848,0.6501362919807434,0.6682419776916504,53.64839553833008,0.9008585810661316,0.0017578769475221634,0.9013336896896362,1.4641408920288086,0.6485891342163086,0.5775429606437683
117,train,0,1.0,1.0,6,Rguijiao_10_0,3,0.125,3125.0,3.380281686782837,0.23806096613407135,0.15790998935699463,0.15847796201705933,-0.0005679792375303805,0.0538627915084362,0.10461516678333282,0.061347607523202896,0.017840523272752762,0.02542703226208687,0.05865364149212837,0.026873398572206497,0.026873398572206497,1.1990325450897217,2.1127800941467285,0.6431355476379395,0.6360481977462769,47.20964050292969,0.8646421432495117,-0.013265393674373627,0.8612011671066284,1.4385583400726318,0.6504814624786377,0.5962460041046143
118,train,0,1.0,1.0,6,Rguijiao_10_0,4,0.15000000596046448,3750.0,4.867605686187744,0.1772611141204834,0.21848250925540924,0.21933506429195404,-0.0008525537559762597,0.07756979763507843,0.1417652666568756,0.08233712613582611,0.024065334349870682,0.03536280617117882,0.08558405935764313,0.033854540437459946,0.033854540437459946,1.1991466283798218,2.0806655883789062,0.6351956129074097,0.6019469499588013,40.38938522338867,0.8301101922988892,-0.022982047870755196,0.8243868947029114,1.4222913980484009,0.6544511914253235,0.6108570098876953
119,val,0,1.0,1.0,6,Rguijiao_10_0,5,0.17499999701976776,4375.0,6.625351905822754,0.18364696204662323,0.28583741188049316,0.2873212397098541,-0.001483841915614903,0.10549775511026382,0.1818234920501709,0.10484637320041656,0.030683154240250587,0.0462939515709877,0.11135508865118027,0.040431827306747437,0.040431827306747437,1.1981998682022095,2.054380178451538,0.6258347034454346,0.5731584429740906,34.63169479370117,0.7944331169128418,-0.029394296929240227,0.7874276041984558,1.4108946323394775,0.6597532629966736,0.6229674816131592
120,train,0,1.0,1.0,6,Rguijiao_10_0,6,0.20000000298023224,5000.0,8.653521537780762,0.3012953996658325,0.35817646980285645,0.3608051538467407,-0.002628674963489175,0.13748064637184143,0.2233245074748993,0.12807294726371765,0.0374101921916008,0.05784136801958084,0.1347285360097885,0.04665813967585564,0.04665813967585564,1.195483684539795,2.033202886581421,0.6148704290390015,0.5506797432899475,30.13594627380371,0.756191611289978,-0.03300078213214874,0.7487051486968994,1.402214765548706,0.6661369204521179,0.6332799196243286
121,val,0,1.0,1.0,6,Rguijiao_10_0,7,0.22499999403953552,5625.0,10.952113151550293,0.3997516632080078,0.43346506357192993,0.4379093647003174,-0.004444314632564783,0.17323380708694458,0.2646755576133728,0.15114647150039673,0.04395405575633049,0.06957501173019409,0.15592226386070251,0.05263232812285423,0.05263232812285423,1.1902270317077637,2.016669273376465,0.6022990345954895,0.5332548022270203,26.650957107543945,0.7148072123527527,-0.033717721700668335,0.7075766921043396,1.394869327545166,0.6734763383865356,0.6420794725418091
122,train,0,1.0,1.0,6,Rguijiao_10_0,8,0.25,6250.0,13.521126747131348,0.3755049407482147,0.5095673203468323,0.516618549823761,-0.007051202934235334,0.21234725415706635,0.30427128076553345,0.17317645251750946,0.05004402622580528,0.081050805747509,0.17547550797462463,0.058453381061553955,0.058453381061553955,1.1817586421966553,2.0044844150543213,0.5882894992828369,0.5195333957672119,23.90667724609375,0.6703677773475647,-0.03125375136733055,0.6640823483467102,1.3876914978027344,0.6816559433937073,0.6494734287261963
123,train,0,1.0,1.0,6,Rguijiao_10_0,9,0.2750000059604645,6875.0,16.360563278198242,0.5174230337142944,0.5844939947128296,0.5950137376785278,-0.01051975879818201,0.25432905554771423,0.340684711933136,0.19334228336811066,0.055471695959568024,0.09187072515487671,0.19388872385025024,0.0642046183347702,0.0642046183347702,1.1697490215301514,1.996521234512329,0.5731877684593201,0.5085000395774841,21.700002670288086,0.6235471367835999,-0.025371894240379333,0.618800938129425,1.3795747756958008,0.6905465722084045,0.6555345058441162
124,train,0,1.0,1.0,6,Rguijiao_10_0,10,0.30000001192092896,7500.0,19.470422744750977,0.7263884544372559,0.6567201018333435,0.6715875267982483,-0.014867449179291725,0.29869550466537476,0.37289202213287354,0.21101176738739014,0.06012837961316109,0.10175185650587082,0.21155567467212677,0.06995109468698502,0.06995109468698502,1.1543787717819214,1.9928631782531738,0.5574880838394165,0.49944519996643066,19.889041900634766,0.5754793286323547,-0.016103485599160194,0.5726991295814514,1.3695218563079834,0.7000131607055664,0.6603962779045105
125,train,0,1.0,1.0,6,Rguijiao_10_0,11,0.32499998807907104,8125.0,22.850704193115234,0.856721043586731,0.7254543900489807,0.745516836643219,-0.02006242424249649,0.3450746536254883,0.4004421830177307,0.22584620118141174,0.06401930004358292,0.11057667434215546,0.2287716269493103,0.07574163377285004,0.07574163377285004,1.136340618133545,1.993821144104004,0.5417557954788208,0.491877019405365,18.37540626525879,0.5275450944900513,-0.0038623991422355175,0.5269338488578796,1.3567897081375122,0.7099162936210632,0.6642984747886658
126,train,0,1.0,1.0,6,Rguijiao_10_0,12,0.3499999940395355,8750.0,26.501407623291016,0.7031731605529785,0.7907476425170898,0.8167731165885925,-0.026025479659438133,0.3932725191116333,0.42350059747695923,0.23785153031349182,0.06724625080823898,0.11840280145406723,0.24575474858283997,0.0816119909286499,0.0816119909286499,1.1166566610336304,1.9998754262924194,0.5265293121337891,0.4854499101638794,17.08997917175293,0.48112329840660095,0.010574559681117535,0.48264962434768677,1.3410462141036987,0.7200843095779419,0.6675745248794556
127,train,0,1.0,1.0,6,Rguijiao_10_0,13,0.375,9375.0,30.422534942626953,0.7567718625068665,0.8534002304077148,0.886032223701477,-0.032631974667310715,0.4432758688926697,0.4427563548088074,0.24735447764396667,0.0699705183506012,0.1254313588142395,0.26266583800315857,0.0875878781080246,0.0875878781080246,1.0964118242263794,2.011531114578247,0.5122416615486145,0.4799163043498993,15.983262062072754,0.4373837411403656,0.0262176301330328,0.44082391262054443,1.3224343061447144,0.730288565158844,0.6705951690673828
128,train,0,1.0,1.0,6,Rguijiao_10_0,14,0.4000000059604645,10000.0,34.61408615112305,0.926590085029602,0.9147194623947144,0.9544407725334167,-0.03972133994102478,0.49519726634025574,0.459243506193161,0.2549170255661011,0.07237336784601212,0.13195312023162842,0.27962347865104675,0.09368739277124405,0.09368739277124405,1.0765156745910645,2.029147148132324,0.4991828203201294,0.475095272064209,15.019055366516113,0.39717182517051697,0.0420643575489521,0.4021838307380676,1.3015156984329224,0.7402352094650269,0.6737056970596313
129,train,0,1.0,1.0,6,Rguijiao_10_0,15,0.42500001192092896,10625.0,39.07605743408203,0.9616321325302124,0.9762151837348938,1.0233306884765625,-0.0471155010163784,0.549198567867279,0.4741321802139282,0.2612142860889435,0.07462655007839203,0.1382913738489151,0.2967153787612915,0.09992299228906631,0.09992299228906631,1.0575810670852661,2.0528087615966797,0.4875023365020752,0.4708518087863922,14.17035961151123,0.3609698414802551,0.057287003844976425,0.3671734929084778,1.279110312461853,0.7495968341827393,0.6771831512451172
130,train,0,1.0,1.0,6,Rguijiao_10_0,16,0.44999998807907104,11250.0,43.80845260620117,1.140575885772705,1.039340615272522,1.0939831733703613,-0.054642610251903534,0.6054254770278931,0.4885576367378235,0.26692166924476624,0.07687725871801376,0.1447587013244629,0.3140062093734741,0.10630287230014801,0.10630287230014801,1.0399149656295776,2.0822834968566895,0.4772348403930664,0.46708327531814575,13.416654586791992,0.32893121242523193,0.07133976370096207,0.3359709680080414,1.2561050653457642,0.7580674886703491,0.6812191009521484
131,train,0,1.0,1.0,6,Rguijiao_10_0,17,0.4749999940395355,11875.0,48.8112678527832,1.0781452655792236,1.1053117513656616,1.1674671173095703,-0.06215537339448929,0.6639732718467712,0.5034938454627991,0.27262625098228455,0.07924088090658188,0.15162672102451324,0.3315436840057373,0.11283209919929504,0.11283209919929504,1.02358877658844,2.117048740386963,0.46833038330078125,0.46371036767959595,12.742074966430664,0.30094367265701294,0.08397770673036575,0.3085254430770874,1.2332961559295654,0.7654144167900085,0.6859230399131775
132,train,0,1.0,1.0,6,Rguijiao_10_0,18,0.5,12500.0,54.08450698852539,1.1654129028320312,1.1750435829162598,1.2445838451385498,-0.06954026222229004,0.7248848080635071,0.5196990370750427,0.2787836790084839,0.08180207759141922,0.1591133028268814,0.34936264157295227,0.11951344460248947,0.11951344460248947,1.008535385131836,2.15637469291687,0.46068519353866577,0.4606708288192749,12.13416576385498,0.27671486139297485,0.09519687294960022,0.2846175730228424,1.2112957239151,0.7715123891830444,0.6913361549377441
133,train,0,1.0,1.0,7,Rguijiao_10_180,0,0.05000000074505806,1250.0,0.5408450961112976,0.07105152308940887,0.03337499871850014,0.03272876515984535,0.0006462332676164806,0.008658611215651035,0.024070153012871742,0.01867271028459072,7.34258609469407e-09,0.0053974357433617115,0.007022754289209843,2.3858719425174996e-23,0.007022754289209843,1.2046761512756348,2.2525277137756348,0.760563850402832,0.9817633032798767,116.3526611328125,1.234792947769165,0.08102265000343323,1.2648067474365234,1.7477595806121826,0.677717924118042,0.5051981806755066
134,train,0,1.0,1.0,7,Rguijiao_10_180,1,0.07500000298023224,1875.0,1.216901421546936,0.12306200712919235,0.07269002497196198,0.07090611010789871,0.0017839112551882863,0.019378473982214928,0.051527634263038635,0.03941813111305237,1.5552476639868473e-08,0.012109489180147648,0.017378168180584908,4.8731210310536756e-23,0.017378168180584908,1.1982824802398682,2.2696127891540527,0.754561185836792,0.955812931060791,111.16258239746094,1.193258285522461,0.05358316749334335,1.212439775466919,1.6977366209030151,0.6657952070236206,0.5215549468994141
135,train,0,1.0,1.0,7,Rguijiao_10_180,2,0.10000000149011612,2500.0,2.1633803844451904,0.1277802288532257,0.1255211979150772,0.12202128767967224,0.003499903017655015,0.03446764126420021,0.08755365014076233,0.06628251820802689,2.629910156315418e-08,0.021271103993058205,0.03457889333367348,7.788606732977061e-23,0.03457889333367348,1.1988743543624878,2.2595901489257812,0.7497262358665466,0.9151419997215271,103.02839660644531,1.1614456176757812,0.03470983728766441,1.173539638519287,1.666403889656067,0.6614252328872681,0.5347753167152405
136,train,0,1.0,1.0,7,Rguijiao_10_180,3,0.125,3125.0,3.380281686782837,0.20696482062339783,0.19075064361095428,0.1849435567855835,0.005807091947644949,0.054027259349823,0.1309162974357605,0.09823847562074661,3.9161289322464654e-08,0.0326777808368206,0.05865364149212837,1.6503732492402373e-22,0.05865364149212837,1.2026937007904053,2.2415363788604736,0.7443976402282715,0.8628255128860474,92.56509399414062,1.131022572517395,0.01954449899494648,1.1376540660858154,1.6436690092086792,0.660155177116394,0.5467455983161926
137,train,0,1.0,1.0,7,Rguijiao_10_180,4,0.15000000596046448,3750.0,4.867605686187744,0.25759854912757874,0.266780823469162,0.25813478231430054,0.00864605512470007,0.07817620784044266,0.17995858192443848,0.13393431901931763,5.355189713895925e-08,0.046024203300476074,0.08558405935764313,1.5256236692128003e-22,0.08558405935764313,1.2085211277008057,2.220113754272461,0.7377108335494995,0.8097938895225525,81.95877838134766,1.0977108478546143,0.0057893418706953526,1.0996173620224,1.6255536079406738,0.6607837677001953,0.558593213558197
138,train,0,1.0,1.0,7,Rguijiao_10_180,5,0.17499999701976776,4375.0,6.625351905822754,0.36598169803619385,0.3513522148132324,0.33951669931411743,0.01183552760630846,0.1070847362279892,0.23243197798728943,0.17159055173397064,6.86737848809571e-08,0.060841359198093414,0.11135508865118027,2.0521264767528563e-22,0.11135508865118027,1.216224193572998,2.1959338188171387,0.7290668487548828,0.7638893723487854,72.77787780761719,1.0587213039398193,-0.007675124332308769,1.0562835931777954,1.6103723049163818,0.663006603717804,0.5709943771362305
139,train,0,1.0,1.0,7,Rguijiao_10_180,6,0.20000000298023224,5000.0,8.653521537780762,0.4905824661254883,0.4414213299751282,0.42639049887657166,0.01503083761781454,0.14100247621536255,0.2853880226612091,0.20895463228225708,8.350377100896367e-08,0.07643330842256546,0.1347285360097885,2.5827889162917066e-22,0.1347285360097885,1.2261083126068115,2.1681876182556152,0.717960000038147,0.7262254357337952,65.24508666992188,1.0119785070419312,-0.021248070523142815,1.0055277347564697,1.5973857641220093,0.6668449640274048,0.5843061208724976
140,val,0,1.0,1.0,7,Rguijiao_10_180,7,0.22499999403953552,5625.0,10.952113151550293,0.5705785155296326,0.5332225561141968,0.5155261158943176,0.017696410417556763,0.18027029931545258,0.33525580167770386,0.2434086799621582,9.685350477184329e-08,0.0918470248579979,0.15592226386070251,3.0440155665175137e-22,0.15592226386070251,1.2385722398757935,2.1357507705688477,0.703954815864563,0.6954247355461121,59.08494186401367,0.956089437007904,-0.03469216451048851,0.9461387991905212,1.5862600803375244,0.6724656820297241,0.5985540747642517
141,train,0,1.0,1.0,7,Rguijiao_10_180,8,0.25,6250.0,13.521126747131348,0.6228553056716919,0.6227680444717407,0.6036370992660522,0.019130926579236984,0.22530066967010498,0.37833642959594727,0.2723846733570099,1.0757884894019298e-07,0.10595162957906723,0.17547550797462463,2.2171936016864357e-23,0.17547550797462463,1.2538471221923828,2.0980560779571533,0.686776876449585,0.6699312329292297,53.986244201660156,0.8908334374427795,-0.047101158648729324,0.8782456517219543,1.5768063068389893,0.6800927519798279,0.613342821598053
142,train,0,1.0,1.0,7,Rguijiao_10_180,9,0.2750000059604645,6875.0,16.360563278198242,0.7124390006065369,0.706937849521637,0.6883354187011719,0.01860242523252964,0.27651211619377136,0.4118232727050781,0.2941126823425293,1.149464594618621e-07,0.11771045625209808,0.19388872385025024,7.562424534232092e-23,0.19388872385025024,1.271776795387268,2.0560028553009033,0.6665025949478149,0.6485117077827454,49.702335357666016,0.8178637027740479,-0.0570419505238533,0.8038679361343384,1.5687317848205566,0.689906120300293,0.6278414130210876
143,train,0,1.0,1.0,7,Rguijiao_10_180,10,0.30000001192092896,7500.0,19.470422744750977,0.8545188307762146,0.7847869396209717,0.7691977024078369,0.015589220449328423,0.3342371881008148,0.4349604845046997,0.3083652853965759,1.1897702734131599e-07,0.12659509479999542,0.21155567467212677,1.0924908170679377e-22,0.21155567467212677,1.2917379140853882,2.0124571323394775,0.6437433362007141,0.6302563548088074,46.05126953125,0.7409430742263794,-0.06301233917474747,0.7269364595413208,1.5613800287246704,0.701866865158081,0.6410029530525208
144,train,0,1.0,1.0,7,Rguijiao_10_180,11,0.32499998807907104,8125.0,22.850704193115234,0.8390063047409058,0.8580492734909058,0.8480736017227173,0.009975680150091648,0.39865466952323914,0.44941890239715576,0.3165687322616577,1.204550414968253e-07,0.1328500658273697,0.2287716269493103,1.0258254441451584e-22,0.2287716269493103,1.3127810955047607,1.971624493598938,0.6196432113647461,0.6144993305206299,42.899864196777344,0.6650570631027222,-0.06405415385961533,0.6522771716117859,1.5536519289016724,0.715533971786499,0.6519997715950012
145,val,0,1.0,1.0,7,Rguijiao_10_180,12,0.3499999940395355,8750.0,26.501407623291016,0.9622376561164856,0.9302047491073608,0.9281812906265259,0.0020234694238752127,0.4697844386100769,0.45839688181877136,0.32106462121009827,1.2053294540237403e-07,0.13733214139938354,0.24575474858283997,5.467691490661632e-23,0.24575474858283997,1.3339043855667114,1.9374568462371826,0.5956043004989624,0.60074782371521,40.14957046508789,0.5947096943855286,-0.06016828492283821,0.5839748978614807,1.544325590133667,0.7300550937652588,0.6605696678161621
146,train,0,1.0,1.0,7,Rguijiao_10_180,13,0.375,9375.0,30.422534942626953,0.9720920324325562,1.0048511028289795,1.0126968622207642,-0.007845782674849033,0.5475296378135681,0.46516722440719604,0.3241138756275177,1.2024828777157381e-07,0.14105324447155,0.26266583800315857,7.47635223640779e-23,0.26266583800315857,1.354276180267334,1.9123477935791016,0.5728850364685059,0.588631272315979,37.72625732421875,0.5326142907142639,-0.05229384824633598,0.524258553981781,1.532609224319458,0.744400143623352,0.6669862270355225
147,val,0,1.0,1.0,7,Rguijiao_10_180,14,0.4000000059604645,10000.0,34.61408615112305,1.132528305053711,1.0845999717712402,1.103844404220581,-0.019244378432631493,0.6317121982574463,0.47213226556777954,0.3273208439350128,1.202767947461325e-07,0.14481131732463837,0.27962347865104675,9.780122691353507e-23,0.27962347865104675,1.3732872009277344,1.8969237804412842,0.552315354347229,0.5778660178184509,35.57320785522461,0.4795208275318146,-0.041884489357471466,0.4734954833984375,1.5184366703033447,0.7576680779457092,0.6717775464057922
148,train,0,1.0,1.0,7,Rguijiao_10_180,15,0.42500001192092896,10625.0,39.07605743408203,1.1095962524414062,1.1708728075027466,1.2027568817138672,-0.03188410773873329,0.7220982909202576,0.48065856099128723,0.33157631754875183,1.2094196222278697e-07,0.14908212423324585,0.2967153787612915,2.1048702217469125e-22,0.2967153787612915,1.3905308246612549,1.890565037727356,0.534241259098053,0.5682315826416016,33.64631271362305,0.4348437190055847,-0.030384795740246773,0.4308799207210541,1.5023339986801147,0.7692789435386658,0.6754738092422485
149,train,0,1.0,1.0,7,Rguijiao_10_180,16,0.44999998807907104,11250.0,43.80845260620117,1.2849382162094116,1.2642103433609009,1.3097681999206543,-0.0455578938126564,0.8184284567832947,0.4913397431373596,0.33725351095199585,1.22335862329237e-07,0.1540861278772354,0.3140062093734741,3.8367051608103614e-23,0.3140062093734741,1.4057817459106445,1.892033338546753,0.5186434388160706,0.5595534443855286,31.910694122314453,0.39740556478500366,-0.018895050510764122,0.39515286684036255,1.4850680828094482,0.7789973616600037,0.678505539894104
150,train,0,1.0,1.0,7,Rguijiao_10_180,17,0.4749999940395355,11875.0,48.8112678527832,1.3797824382781982,1.3646613359451294,1.4247667789459229,-0.06010548025369644,0.9204447269439697,0.5043221116065979,0.34442847967147827,1.2443381081084226e-07,0.15989352762699127,0.3315436840057373,5.124632796158822e-22,0.3315436840057373,1.4189682006835938,1.8999183177947998,0.5052996873855591,0.5516924262046814,30.33848762512207,0.36593398451805115,-0.008090363815426826,0.36504581570625305,1.4673652648925781,0.7868462204933167,0.6811927556991577
151,train,0,1.0,1.0,7,Rguijiao_10_180,18,0.5,12500.0,54.08450698852539,1.528909683227539,1.4720574617385864,1.5474507808685303,-0.07539331167936325,1.0279110670089722,0.5195397138595581,0.3530366122722626,1.2716782293864526e-07,0.16650298237800598,0.34936264157295227,7.7245628395056395e-22,0.34936264157295227,1.4301371574401855,1.9128880500793457,0.49391183257102966,0.544535219669342,28.90704917907715,0.33929258584976196,0.0017017035279422998,0.33946576714515686,1.4497828483581543,0.7929984331130981,0.6837624311447144
152,train,3,1.0,1.0,8,guijiao_20_0,0,0.05000000074505806,1250.0,4.0,0.03274283930659294,0.042906504124403,0.042720891535282135,0.00018561248725745827,0.008454308845102787,0.03426658362150192,0.020620139315724373,0.00578147079795599,0.007864972576498985,0.01904510147869587,0.008109244517982006,0.008109244517982006,1.1762515306472778,2.0481438636779785,0.6514844298362732,0.6207086443901062,44.14173126220703,0.9117233157157898,-0.08090592920780182,0.8895941376686096,1.5089607238769531,0.6494125127792358,0.5755506157875061
153,train,3,1.0,1.0,8,guijiao_20_0,1,0.07500000298023224,1875.0,9.0,0.1314956545829773,0.08894022554159164,0.08872625231742859,0.0002139767602784559,0.019178498536348343,0.06954775750637054,0.04146409407258034,0.011599456891417503,0.016484206542372704,0.03737829253077507,0.012877439148724079,0.012877439148724079,1.185916781425476,2.0194039344787598,0.6314448714256287,0.5476172566413879,29.523452758789062,0.8439133167266846,-0.08657550066709518,0.8219946622848511,1.4802539348602295,0.655792236328125,0.5884804725646973
154,train,3,1.0,1.0,8,guijiao_20_0,2,0.10000000149011612,2500.0,16.0,0.1263606995344162,0.14742983877658844,0.1475866734981537,-0.00015682866796851158,0.0343739278614521,0.11321274936199188,0.06712760031223297,0.01868310756981373,0.027402043342590332,0.05183761939406395,0.01717318408191204,0.01717318408191204,1.1956146955490112,1.994599461555481,0.6133062839508057,0.5097271203994751,21.9454288482666,0.7875393033027649,-0.08510086685419083,0.767433226108551,1.461785078048706,0.6633673906326294,0.5967127680778503
155,train,3,1.0,1.0,8,guijiao_20_0,3,0.125,3125.0,25.0,0.10596927255392075,0.21614058315753937,0.21727998554706573,-0.0011394057655707002,0.05411047115921974,0.1631695181131363,0.09637052565813065,0.026659680530428886,0.04013930633664131,0.06461422890424728,0.02142789214849472,0.02142789214849472,1.2045460939407349,1.9740240573883057,0.5962619185447693,0.48791635036468506,17.583267211914062,0.737280011177063,-0.0791599303483963,0.7197710871696472,1.4469585418701172,0.6713201999664307,0.6026729941368103
156,train,3,1.0,1.0,8,guijiao_20_0,4,0.15000000596046448,3750.0,36.0,0.2565729320049286,0.2932882606983185,0.29618561267852783,-0.0028973501175642014,0.0784318745136261,0.21775373816490173,0.12819473445415497,0.03524644300341606,0.05431255325675011,0.07707758992910385,0.02586590126156807,0.02586590126156807,1.2124733924865723,1.9570378065109253,0.5802121162414551,0.47369226813316345,14.738452911376953,0.6914732456207275,-0.06989505141973495,0.6769741177558899,1.4334917068481445,0.6792872548103333,0.6073305606842041
157,train,3,1.0,1.0,8,guijiao_20_0,5,0.17499999701976776,4375.0,49.0,0.34047091007232666,0.3775203824043274,0.38306015729904175,-0.0055397748947143555,0.10735918581485748,0.27570098638534546,0.16182953119277954,0.04424140229821205,0.06963006407022476,0.08983232080936432,0.030577916651964188,0.030577916651964188,1.2193412780761719,1.9431382417678833,0.5652028322219849,0.4635932743549347,12.71865463256836,0.6495040655136108,-0.05812879279255867,0.6381775736808777,1.420414924621582,0.6870399713516235,0.6111589670181274
158,train,3,1.0,1.0,8,guijiao_20_0,6,0.20000000298023224,5000.0,64.0,0.37226971983909607,0.46787145733833313,0.47699540853500366,-0.009123941883444786,0.1408984214067459,0.33609700202941895,0.19670584797859192,0.05351024866104126,0.08588091284036636,0.1031419187784195,0.0355924554169178,0.0355924554169178,1.225203514099121,1.9319945573806763,0.5512873530387878,0.45599478483200073,11.198957443237305,0.6110706329345703,-0.04460511356592178,0.602893590927124,1.40730881690979,0.6944341659545898,0.6144248247146606
159,train,3,1.0,1.0,8,guijiao_20_0,7,0.22499999403953552,5625.0,81.0,0.4480170011520386,0.5636990070343018,0.5773630738258362,-0.013664036989212036,0.17904795706272125,0.3983151316642761,0.23242393136024475,0.06297136098146439,0.10291985422372818,0.11711513996124268,0.04091043025255203,0.04091043025255203,1.230173945426941,1.9233684539794922,0.5384899377822876,0.45003658533096313,10.007320404052734,0.5759494304656982,-0.030007172375917435,0.5707646608352661,1.3940393924713135,0.7013902068138123,0.6172958016395569
160,train,3,1.0,1.0,8,guijiao_20_0,8,0.25,6250.0,100.0,0.5355852842330933,0.6646168828010559,0.6837590336799622,-0.019142158329486847,0.22180362045764923,0.46195539832115173,0.26872071623802185,0.07258167862892151,0.12065301090478897,0.1317870318889618,0.046520885080099106,0.046520885080099106,1.234385371208191,1.9170676469802856,0.5268008708953857,0.4452192783355713,9.043856620788574,0.5439218282699585,-0.014930256642401218,0.5414855480194092,1.3806246519088745,0.7078723907470703,0.6198870539665222
161,train,3,1.0,1.0,8,guijiao_20_0,9,0.2750000059604645,6875.0,121.0,0.537065327167511,0.7704296708106995,0.7959491014480591,-0.025519438087940216,0.2691609859466553,0.5267881155014038,0.3054392337799072,0.08232417702674866,0.13902470469474792,0.14715644717216492,0.052408237010240555,0.052408237010240555,1.2379664182662964,1.9129060506820679,0.5161811113357544,0.4412316679954529,8.246335983276367,0.514761745929718,0.00014091655611991882,0.514783501625061,1.3671618700027466,0.7138720750808716,0.6222817897796631
162,train,3,1.0,1.0,8,guijiao_20_0,10,0.30000001192092896,7500.0,144.0,0.6555957198143005,0.8810784220695496,0.9138234853744507,-0.032745037227869034,0.32111454010009766,0.592708945274353,0.3425029218196869,0.09219849109649658,0.15800750255584717,0.16320447623729706,0.05855567753314972,0.05855567753314972,1.2410223484039307,1.91069495677948,0.5065708160400391,0.43786895275115967,7.573787689208984,0.48823821544647217,0.014841295778751373,0.49041202664375305,1.353779911994934,0.7193950414657593,0.6245417594909668
163,train,3,1.0,1.0,8,guijiao_20_0,11,0.32499998807907104,8125.0,169.0,0.7337173223495483,0.996598482131958,1.0373615026474,-0.04076302796602249,0.37765806913375854,0.6597034335136414,0.3798946738243103,0.10221445560455322,0.17759430408477783,0.17990387976169586,0.064946748316288,0.064946748316288,1.2436387538909912,1.9102438688278198,0.4978974163532257,0.43499016761779785,6.998030662536621,0.4641232490539551,0.028915641829371452,0.4681493937969208,1.3406085968017578,0.7244547009468079,0.6267116665840149
164,train,3,1.0,1.0,8,guijiao_20_0,12,0.3499999940395355,8750.0,196.0,0.7751927375793457,1.1170806884765625,1.1665973663330078,-0.04951673746109009,0.4387821555137634,0.7278152704238892,0.4176371693611145,0.11238672584295273,0.19779138267040253,0.19722402095794678,0.07156606018543243,0.07156606018543243,1.2458765506744385,1.9113562107086182,0.490081787109375,0.4324948787689209,6.498973846435547,0.44219648838043213,0.04220173880457878,0.44779491424560547,1.3277643918991089,0.7290685176849365,0.6288241147994995
165,train,3,1.0,1.0,8,guijiao_20_0,13,0.375,9375.0,225.0,0.7986027598381042,1.2426508665084839,1.301603078842163,-0.058952249586582184,0.5044753551483154,0.7971277832984924,0.4557804465293884,0.1227327287197113,0.2186146229505539,0.2151336669921875,0.07839954644441605,0.07839954644441605,1.2477843761444092,1.913846492767334,0.4830436110496521,0.43030932545661926,6.06186580657959,0.42224961519241333,0.05461214855313301,0.42916759848594666,1.31533944606781,0.7332569360733032,0.6309012174606323
166,train,3,1.0,1.0,8,guijiao_20_0,14,0.4000000059604645,10000.0,256.0,0.884392499923706,1.3734486103057861,1.4424681663513184,-0.069019615650177,0.574722945690155,0.8677451610565186,0.4943893849849701,0.13327012956142426,0.2400856614112854,0.23360233008861542,0.08543454110622406,0.08543454110622406,1.2493975162506104,1.9175323247909546,0.47670504450798035,0.42837801575660706,5.675602912902832,0.4040888249874115,0.06611619889736176,0.41210389137268066,1.303402304649353,0.737042248249054,0.6329588890075684
167,train,3,1.0,1.0,8,guijiao_20_0,15,0.42500001192092896,10625.0,289.0,1.0040017366409302,1.5096163749694824,1.589289665222168,-0.07967329770326614,0.6495066285133362,0.9397830963134766,0.5335370898246765,0.14401637017726898,0.2622295916080475,0.2526010274887085,0.09265967458486557,0.09265967458486557,1.2507423162460327,1.9222506284713745,0.47099214792251587,0.4266582429409027,5.331648349761963,0.38753560185432434,0.07672152668237686,0.3964552879333496,1.2919964790344238,0.7404485940933228,0.6350067853927612
168,train,3,1.0,1.0,8,guijiao_20_0,16,0.44999998807907104,11250.0,324.0,1.018639326095581,1.6512936353683472,1.74216628074646,-0.09087269008159637,0.7288065552711487,1.013359785079956,0.5732987523078918,0.15498784184455872,0.28507310152053833,0.2721027135848999,0.10006482899188995,0.10006482899188995,1.25184166431427,1.9278509616851807,0.4658372402191162,0.4251165986061096,5.02332067489624,0.372426837682724,0.08646223694086075,0.3820870816707611,1.2811468839645386,0.7435007095336914,0.6370508670806885
169,train,3,1.0,1.0,8,guijiao_20_0,17,0.4749999940395355,11875.0,361.0,1.1686152219772339,1.798608422279358,1.9011907577514648,-0.10258232057094574,0.8126010298728943,1.0885897874832153,0.6137471795082092,0.16619957983493805,0.30864304304122925,0.2920822501182556,0.10764095932245255,0.10764095932245255,1.252714991569519,1.9341977834701538,0.4611785411834717,0.42372652888298035,4.74530553817749,0.358614981174469,0.09538965672254562,0.36887744069099426,1.270861029624939,0.7462242841720581,0.6390944719314575
170,train,3,1.0,1.0,8,guijiao_20_0,18,0.5,12500.0,400.0,1.143523097038269,1.9516767263412476,2.0664472579956055,-0.11477051675319672,0.9008656740188599,1.1655817031860352,0.6549506187438965,0.17766527831554413,0.33296576142311096,0.31251654028892517,0.11538002640008926,0.11538002640008926,1.2533782720565796,1.9411728382110596,0.4569609761238098,0.42246657609939575,4.493317604064941,0.3459666669368744,0.10356179624795914,0.3567153513431549,1.2611340284347534,0.7486454248428345,0.6411391496658325
171,train,3,1.0,1.0,9,guijiao_20_180,0,0.05000000074505806,1250.0,4.0,0.08496236801147461,0.04679088667035103,0.045666713267564774,0.0011241750326007605,0.008441302925348282,0.03722541034221649,0.02784397266805172,1.0560746055432446e-08,0.009381424635648727,0.01904510147869587,3.115521200628112e-22,0.01904510147869587,1.1744420528411865,2.166635513305664,0.7086563110351562,0.838975191116333,87.79503631591797,1.0633517503738403,-0.03899693861603737,1.050911545753479,1.6304891109466553,0.6544958353042603,0.5493580102920532
172,train,3,1.0,1.0,9,guijiao_20_180,1,0.07500000298023224,1875.0,9.0,0.20686888694763184,0.09626106172800064,0.09398001432418823,0.0022810485679656267,0.01928601786494255,0.07469399273395538,0.05517112836241722,2.079380223563021e-08,0.01952284574508667,0.03737829253077507,3.9326089374331247e-22,0.03737829253077507,1.1925652027130127,2.1305809020996094,0.6862221360206604,0.7209258079528809,64.1851577758789,0.9798632860183716,-0.06563536822795868,0.9605691432952881,1.5975021123886108,0.6580516695976257,0.5652917623519897
173,train,3,1.0,1.0,9,guijiao_20_180,2,0.10000000149011612,2500.0,16.0,0.23048630356788635,0.1562463939189911,0.153025820851326,0.003220571205019951,0.03495458886027336,0.11807122826576233,0.08640191704034805,3.225757794211859e-08,0.03166928514838219,0.05183761939406395,7.925297521407882e-22,0.05183761939406395,1.2158116102218628,2.0858848094940186,0.6626719236373901,0.6509374380111694,50.1874885559082,0.8989466428756714,-0.08348457515239716,0.8764321804046631,1.5754095315933228,0.6656785011291504,0.5774419903755188
174,train,3,1.0,1.0,9,guijiao_20_180,3,0.125,3125.0,25.0,0.37194958329200745,0.2228262573480606,0.21938017010688782,0.003446081653237343,0.055783141404390335,0.16359703242778778,0.11882500350475311,4.3902762314473875e-08,0.044771987944841385,0.06461422890424728,6.314029432525771e-23,0.06461422890424728,1.241781234741211,2.038815975189209,0.6386934518814087,0.6060657501220703,41.2131462097168,0.8209635019302368,-0.09333725273609161,0.7979755401611328,1.5581130981445312,0.6760079860687256,0.5870802402496338
175,train,3,1.0,1.0,9,guijiao_20_180,4,0.15000000596046448,3750.0,36.0,0.4915699362754822,0.29378262162208557,0.29117870330810547,0.002603917382657528,0.08204999566078186,0.2091287225484848,0.15092550218105316,5.5217107330918225e-08,0.058203160762786865,0.07707758992910385,1.1234837105300057e-22,0.07707758992910385,1.2684056758880615,1.993845820426941,0.6153401136398315,0.5746968984603882,34.93937683105469,0.7483595013618469,-0.09542608261108398,0.726935625076294,1.5426640510559082,0.6879048943519592,0.594915509223938
176,train,3,1.0,1.0,9,guijiao_20_180,5,0.17499999701976776,4375.0,49.0,0.4082214832305908,0.3684704601764679,0.36794131994247437,0.0005291335401125252,0.11393724381923676,0.2540040910243988,0.18224090337753296,6.611095670905343e-08,0.07176313549280167,0.08983232080936432,1.3686390868963706e-22,0.08983232080936432,1.2940521240234375,1.9541630744934082,0.5934736728668213,0.551417887210846,30.2835750579834,0.683128833770752,-0.0906294584274292,0.6645553708076477,1.5274133682250977,0.7002352476119995,0.6014673709869385
177,train,3,1.0,1.0,9,guijiao_20_180,6,0.20000000298023224,5000.0,64.0,0.6384890079498291,0.4472147524356842,0.45001015067100525,-0.0027954010292887688,0.1515432596206665,0.29846689105033875,0.2129434496164322,7.671601309766629e-08,0.08552337437868118,0.1031419187784195,1.1510744046800364e-22,0.1031419187784195,1.3177673816680908,1.9213824272155762,0.5735999345779419,0.533397376537323,26.679471969604492,0.626095175743103,-0.08047650009393692,0.6109793782234192,1.511620044708252,0.7120599746704102,0.6071041226387024
178,train,3,1.0,1.0,9,guijiao_20_180,7,0.22499999403953552,5625.0,81.0,0.6797599196434021,0.5307085514068604,0.5380153656005859,-0.007306812331080437,0.19491533935070038,0.34310001134872437,0.24344462156295776,8.722561517515715e-08,0.09965530037879944,0.11711513996124268,1.050909643209376e-21,0.11711513996124268,1.3391929864883423,1.8958113193511963,0.5558980703353882,0.5190048217773438,23.800962448120117,0.5770452618598938,-0.06675806641578674,0.5654885172843933,1.495185375213623,0.7227780818939209,0.6120616793632507
179,train,3,1.0,1.0,9,guijiao_20_180,8,0.25,6250.0,100.0,0.6456429958343506,0.6196476817131042,0.6325607299804688,-0.012913020327687263,0.2440747767686844,0.38848593831062317,0.27415964007377625,9.781390275520607e-08,0.11432620882987976,0.1317870318889618,2.441323209599568e-21,0.1317870318889618,1.3583290576934814,1.876955509185791,0.5403231382369995,0.507230281829834,21.44605827331543,0.5351581573486328,-0.05113495513796806,0.5269485712051392,1.478359341621399,0.7321242094039917,0.6164846420288086
180,train,3,1.0,1.0,9,guijiao_20_180,9,0.2750000059604645,6875.0,121.0,0.7804605960845947,0.7145863771438599,0.7341071367263794,-0.01952073909342289,0.2990281879901886,0.4350789487361908,0.30541709065437317,1.0861094779102132e-07,0.12966173887252808,0.14715644717216492,7.467274025110506e-22,0.14715644717216492,1.3753361701965332,1.8639421463012695,0.5267075300216675,0.49741220474243164,19.482440948486328,0.49939656257629395,-0.03491325303912163,0.49416589736938477,1.4615089893341064,0.7400711178779602,0.62046879529953
181,train,3,1.0,1.0,9,guijiao_20_180,10,0.30000001192092896,7500.0,144.0,0.7066598534584045,0.8159183263778687,0.8429648876190186,-0.027046576142311096,0.35977044701576233,0.4831944704055786,0.3374495506286621,1.197049783741022e-07,0.14574480056762695,0.16320447623729706,1.0497243475137566e-20,0.16320447623729706,1.3904170989990234,1.855802059173584,0.5148335695266724,0.48909759521484375,17.819517135620117,0.46874287724494934,-0.01899385266005993,0.4660719037055969,1.4449756145477295,0.7467209100723267,0.6240863800048828
182,train,3,1.0,1.0,9,guijiao_20_180,11,0.32499998807907104,8125.0,169.0,0.8475066423416138,0.9239095449447632,0.9593288898468018,-0.035419341176748276,0.4262866675853729,0.5330421924591064,0.37041494250297546,1.3115327135437838e-07,0.16262713074684143,0.17990387976169586,1.9914623663219895e-20,0.17990387976169586,1.4037740230560303,1.8516168594360352,0.5044761896133423,0.48196521401405334,16.393043518066406,0.4423052966594696,-0.003923638258129358,0.44178467988967896,1.4290218353271484,0.7522289752960205,0.6273982524871826
183,train,3,1.0,1.0,9,guijiao_20_180,12,0.3499999940395355,8750.0,196.0,0.8986618518829346,1.0387321710586548,1.0833125114440918,-0.044580355286598206,0.4985525906085968,0.5847598910331726,0.4044193923473358,1.4299182282684342e-07,0.18034034967422485,0.19722402095794678,3.602878215793624e-20,0.19722402095794678,1.415588617324829,1.8505797386169434,0.4954235553741455,0.4757799208164215,15.155984878540039,0.4193432629108429,0.010014542378485203,0.42060309648513794,1.4138211011886597,0.7567602396011353,0.630456805229187
184,train,3,1.0,1.0,9,guijiao_20_180,13,0.375,9375.0,225.0,0.9627761244773865,1.1604968309402466,1.2149780988693237,-0.054481279104948044,0.5765380859375,0.6384400129318237,0.4395352900028229,1.5524393859323027e-07,0.1989045888185501,0.2151336669921875,6.256844559669679e-20,0.2151336669921875,1.426026463508606,1.8520171642303467,0.48748743534088135,0.4703657627105713,14.073150634765625,0.39925703406333923,0.022715162485837936,0.4019778072834015,1.399467945098877,0.7604693174362183,0.6333065032958984
185,train,3,1.0,1.0,9,guijiao_20_180,14,0.4000000059604645,10000.0,256.0,1.150991439819336,1.2892695665359497,1.3543517589569092,-0.06508218497037888,0.6602073907852173,0.6941443681716919,0.47581160068511963,1.679235168694504e-07,0.21833260357379913,0.23360233008861542,1.048540348326812e-19,0.23360233008861542,1.435233235359192,1.8553789854049683,0.48050421476364136,0.4655887186527252,13.117743492126465,0.3815634250640869,0.03418296203017235,0.385476291179657,1.3860007524490356,0.7634912729263306,0.6359851956367493
186,train,3,1.0,1.0,9,guijiao_20_180,15,0.42500001192092896,10625.0,289.0,1.2544622421264648,1.4250937700271606,1.5014445781707764,-0.07635083794593811,0.7495233416557312,0.7519212365150452,0.5132858753204346,1.810411305314119e-07,0.23863518238067627,0.2526010274887085,1.7030078461772696e-19,0.2526010274887085,1.443342685699463,1.860228419303894,0.4743344783782959,0.4613442122936249,12.268844604492188,0.36587661504745483,0.04448458552360535,0.37075936794281006,1.3734149932861328,0.7659427523612976,0.638523519039154
187,train,3,1.0,1.0,9,guijiao_20_180,16,0.44999998807907104,11250.0,324.0,1.3411883115768433,1.5679899454116821,1.6562490463256836,-0.08825905621051788,0.8444471955299377,0.8118019104003906,0.5519821643829346,1.9460267708382162e-07,0.25981956720352173,0.2721027135848999,2.690328686616003e-19,0.2721027135848999,1.4504730701446533,1.8662168979644775,0.4688601493835449,0.4575488269329071,11.509765625,0.3518836498260498,0.053715091198682785,0.3575540781021118,1.3616797924041748,0.7679212093353271,0.6409464478492737
188,train,3,1.0,1.0,9,guijiao_20_180,17,0.4749999940395355,11875.0,361.0,1.5874711275100708,1.7179720401763916,1.8187565803527832,-0.10078451782464981,0.9449406266212463,0.8738158941268921,0.5919221043586731,2.086135566514713e-07,0.28189364075660706,0.2920822501182556,2.5470766692546686e-18,0.2920822501182556,1.4567312002182007,1.8730734586715698,0.4639822840690613,0.45413661003112793,10.827320098876953,0.33933207392692566,0.06198183447122574,0.3456417918205261,1.3507503271102905,0.769507646560669,0.643273651599884
189,train,3,1.0,1.0,9,guijiao_20_180,18,0.5,12500.0,400.0,1.6530265808105469,1.8750418424606323,1.9889485836029053,-0.11390677094459534,1.0509651899337769,0.9379833340644836,0.6331194043159485,2.2307703773094545e-07,0.30486369132995605,0.31251654028892517,1.337401227409797e-18,0.31251654028892517,1.462212324142456,1.880583643913269,0.45961761474609375,0.45105257630348206,10.210517883300781,0.32801470160484314,0.06939225643873215,0.3348431885242462,1.3405723571777344,0.7707687616348267,0.6455209255218506
190,train,3,1.0,1.0,10,guijiao_10_0,0,0.05000000074505806,1250.0,4.0,0.061789702624082565,0.024412423372268677,0.0247323140501976,-0.00031989123090170324,0.00860560405999422,0.016126709058880806,0.009824034757912159,0.002659063320606947,0.0036436121445149183,0.009522550739347935,0.004054622258991003,0.004054622258991003,1.1973012685775757,2.1196954250335693,0.6154835224151611,0.6207086443901062,44.14173126220703,0.8234305381774902,0.012282283045351505,0.8264645934104919,1.495411992073059,0.6576324105262756,0.5546296834945679
191,train,3,1.0,1.0,10,guijiao_10_0,1,0.07500000298023224,1875.0,9.0,0.07487817108631134,0.050490982830524445,0.051187582314014435,-0.0006965979700908065,0.019362274557352066,0.03182530775666237,0.019080795347690582,0.005197667982429266,0.007546843495219946,0.018689146265387535,0.0064387195743620396,0.0064387195743620396,1.197280764579773,2.0761215686798096,0.5969220399856567,0.5476172566413879,29.523452758789062,0.7514822483062744,-0.004660218954086304,0.7504315972328186,1.4515058994293213,0.6623892188072205,0.574100136756897
192,train,3,1.0,1.0,10,guijiao_10_0,2,0.10000000149011612,2500.0,16.0,0.08106280863285065,0.08389386534690857,0.08532556146383286,-0.0014316969318315387,0.03447386622428894,0.050851695239543915,0.030191699042916298,0.00823353324085474,0.012426460161805153,0.025918809697031975,0.00858659204095602,0.00858659204095602,1.199090838432312,2.042710304260254,0.5800656080245972,0.5097271203994751,21.9454288482666,0.6934253573417664,-0.008272499777376652,0.6917044520378113,1.4245212078094482,0.6697156429290771,0.586311936378479
193,train,3,1.0,1.0,10,guijiao_10_0,3,0.125,3125.0,25.0,0.11539952456951141,0.12355569750070572,0.12622083723545074,-0.002665142063051462,0.05393529310822487,0.07228554785251617,0.042619626969099045,0.011607031337916851,0.018058892339468002,0.03230711445212364,0.01071394607424736,0.01071394607424736,1.2006465196609497,2.0182254314422607,0.5641772747039795,0.48791635036468506,17.583267211914062,0.6427433490753174,-0.0050070686265826225,0.6417778730392456,1.4039251804351807,0.6777037382125854,0.5948745012283325
194,train,3,1.0,1.0,10,guijiao_10_0,4,0.15000000596046448,3750.0,36.0,0.22257539629936218,0.16862685978412628,0.17313271760940552,-0.004505854565650225,0.07771891355514526,0.09541380405426025,0.055943213403224945,0.015201140195131302,0.02426944486796856,0.038538794964551926,0.012932950630784035,0.012932950630784035,1.2014517784118652,2.000685930252075,0.5492432713508606,0.47369226813316345,14.738452911376953,0.5972667336463928,0.0026077961083501577,0.5977340340614319,1.3860750198364258,0.6857261657714844,0.6013109683990479
195,train,3,1.0,1.0,10,guijiao_10_0,5,0.17499999701976776,4375.0,49.0,0.19035470485687256,0.21846917271614075,0.22549138963222504,-0.00702220993116498,0.10578741133213043,0.1197039783000946,0.06984158605337143,0.018935024738311768,0.030927367508411407,0.04491616040468216,0.015288958325982094,0.015288958325982094,1.2014896869659424,1.9886959791183472,0.5353624820709229,0.4635932743549347,12.71865463256836,0.5561009645462036,0.013015913777053356,0.5582724213600159,1.36940598487854,0.6934834718704224,0.606402575969696
196,train,3,1.0,1.0,10,guijiao_10_0,6,0.20000000298023224,5000.0,64.0,0.2699236571788788,0.2726432681083679,0.28288623690605164,-0.010242967866361141,0.13810577988624573,0.1447804570198059,0.08408257365226746,0.022757243365049362,0.03794064372777939,0.05157095938920975,0.0177962277084589,0.0177962277084589,1.2009196281433105,1.9813462495803833,0.5226142406463623,0.45599478483200073,11.198957443237305,0.518775463104248,0.025015152990818024,0.5226686596870422,1.35321843624115,0.7008100152015686,0.6106137037277222
197,train,3,1.0,1.0,10,guijiao_10_0,7,0.22499999403953552,5625.0,81.0,0.29202887415885925,0.33088219165802,0.34504765272140503,-0.01416546106338501,0.17464777827262878,0.17039988934993744,0.09851159900426865,0.026638656854629517,0.04524962604045868,0.05855756998062134,0.020455215126276016,0.020455215126276016,1.199941873550415,1.9780124425888062,0.5110280513763428,0.45003658533096313,10.007320404052734,0.4849640429019928,0.03764934092760086,0.49044162034988403,1.337256908416748,0.7076117396354675,0.614246129989624
198,train,3,1.0,1.0,10,guijiao_10_0,8,0.25,6250.0,100.0,0.29831641912460327,0.3930579423904419,0.411823034286499,-0.018765101209282875,0.2153964787721634,0.19642657041549683,0.11303973942995071,0.030566006898880005,0.05282082408666611,0.0658935159444809,0.023260442540049553,0.023260442540049553,1.1987282037734985,1.9782094955444336,0.5005859136581421,0.4452192783355713,9.043856620788574,0.4543890058994293,0.050197381526231766,0.4612317681312561,1.3215036392211914,0.7138341665267944,0.6175076961517334
199,train,3,1.0,1.0,10,guijiao_10_0,9,0.2750000059604645,6875.0,121.0,0.4310641288757324,0.45914340019226074,0.4831477701663971,-0.024004371836781502,0.2603400945663452,0.22280767560005188,0.12763038277626038,0.034536559134721756,0.06064074486494064,0.07357822358608246,0.026204118505120277,0.026204118505120277,1.197395920753479,1.9815114736557007,0.4912335276603699,0.4412316679954529,8.246335983276367,0.4267897605895996,0.062167298048734665,0.43474945425987244,1.306056022644043,0.7194470167160034,0.6205434799194336
200,train,3,1.0,1.0,10,guijiao_10_0,10,0.30000001192092896,7500.0,144.0,0.40116769075393677,0.5291789770126343,0.5590178966522217,-0.029838915914297104,0.3094671666622162,0.2495507299900055,0.14228588342666626,0.03855421394109726,0.06871063262224197,0.08160223811864853,0.02927783876657486,0.02927783876657486,1.196008324623108,1.9875208139419556,0.4828934073448181,0.43786895275115967,7.573787689208984,0.4019133150577545,0.07326049357652664,0.41074663400650024,1.2910479307174683,0.7244378328323364,0.6234540343284607
201,train,3,1.0,1.0,10,guijiao_10_0,11,0.32499998807907104,8125.0,169.0,0.506271243095398,0.6032446622848511,0.6394666433334351,-0.036221981048583984,0.3627631366252899,0.27670353651046753,0.157034769654274,0.04262685403227806,0.07704189419746399,0.08995193988084793,0.032473374158144,0.032473374158144,1.1945892572402954,1.9958609342575073,0.47547635436058044,0.43499016761779785,6.998030662536621,0.37951356172561646,0.08333240449428558,0.3890013098716736,1.2766051292419434,0.7288113832473755,0.6263076066970825
202,train,3,1.0,1.0,10,guijiao_10_0,12,0.3499999940395355,8750.0,196.0,0.5606998205184937,0.6814394593238831,0.724547803401947,-0.043108321726322174,0.4202083945274353,0.3043394088745117,0.17192205786705017,0.04676457867026329,0.08565276116132736,0.09861201047897339,0.03578303009271622,0.03578303009271622,1.1931383609771729,2.006178855895996,0.46888983249664307,0.4324948787689209,6.498973846435547,0.3593541383743286,0.09234734624624252,0.36930978298187256,1.262826919555664,0.7325856685638428,0.6291490793228149
203,train,3,1.0,1.0,10,guijiao_10_0,13,0.375,9375.0,225.0,0.5885866284370422,0.7638646364212036,0.8143185377120972,-0.05045388638973236,0.4817771911621094,0.3325413763523102,0.18699878454208374,0.050977956503629684,0.09456462413072586,0.10756683349609375,0.03919977322220802,0.03919977322220802,1.191642165184021,2.0181522369384766,0.46304255723953247,0.43030932545661926,6.06186580657959,0.3412076234817505,0.10034282505512238,0.3514789342880249,1.2497745752334595,0.7357909679412842,0.6320065855979919
204,train,3,1.0,1.0,10,guijiao_10_0,14,0.4000000059604645,10000.0,256.0,0.6958703994750977,0.8506186008453369,0.9088372588157654,-0.058218639343976974,0.5474391579627991,0.3613981008529663,0.2023189514875412,0.05527807027101517,0.10380106419324875,0.11680116504430771,0.04271727055311203,0.04271727055311203,1.1900849342346191,2.031489372253418,0.4578494429588318,0.42837801575660706,5.675602912902832,0.3248637020587921,0.1073986068367958,0.33533066511154175,1.2374780178070068,0.7384669780731201,0.6348961591720581
205,train,3,1.0,1.0,10,guijiao_10_0,15,0.42500001192092896,10625.0,289.0,0.6730650663375854,0.9417891502380371,1.0081547498703003,-0.06636560708284378,0.6171596646308899,0.390995055437088,0.21793407201766968,0.05967533215880394,0.1133856400847435,0.12630051374435425,0.046329837292432785,0.046329837292432785,1.1884524822235107,2.045936107635498,0.4532318711280823,0.4266582429409027,5.331648349761963,0.31012651324272156,0.11361231654882431,0.32069677114486694,1.225940465927124,0.7406595945358276,0.6378260850906372
206,train,3,1.0,1.0,10,guijiao_10_0,16,0.44999998807907104,11250.0,324.0,0.6925672888755798,1.0374528169631958,1.112314224243164,-0.07486142963171005,0.6909021139144897,0.42141208052635193,0.23389121890068054,0.06417962908744812,0.12334123998880386,0.13605135679244995,0.05003241449594498,0.05003241449594498,1.1867347955703735,2.0612688064575195,0.4491194486618042,0.4251165986061096,5.02332067489624,0.29681795835494995,0.11909196525812149,0.30742254853248596,1.215142846107483,0.7424184679985046,0.640798807144165
207,train,3,1.0,1.0,10,guijiao_10_0,17,0.4749999940395355,11875.0,361.0,0.7913765907287598,1.13767671585083,1.221352458000183,-0.08367571234703064,0.7686295509338379,0.4527229070663452,0.25023311376571655,0.06880000978708267,0.13368980586528778,0.1460411250591278,0.05382047966122627,0.05382047966122627,1.184928059577942,2.0772948265075684,0.44544970989227295,0.42372652888298035,4.74530553817749,0.2847784161567688,0.12393806874752045,0.29536688327789307,1.2050538063049316,0.7437918186187744,0.6438131928443909
208,train,3,1.0,1.0,10,guijiao_10_0,18,0.5,12500.0,400.0,0.9285801649093628,1.2425150871276855,1.3352973461151123,-0.09278227388858795,0.8503052592277527,0.4849920868873596,0.26699620485305786,0.07354450970888138,0.14445139467716217,0.15625827014446259,0.05769001320004463,0.05769001320004463,1.1830333471298218,2.0938491821289062,0.44216740131378174,0.42246657609939575,4.493317604064941,0.27386409044265747,0.12824492156505585,0.2844005823135376,1.1956332921981812,0.7448287606239319,0.6468664407730103
209,train,3,1.0,1.0,11,guijiao_10_180,0,0.05000000074505806,1250.0,4.0,0.06980589777231216,0.029230862855911255,0.028927015140652657,0.0003038477443624288,0.008499722927808762,0.020427292212843895,0.015594187192618847,5.660360180570478e-09,0.004833098966628313,0.009522550739347935,1.557760600314056e-22,0.009522550739347935,1.182569980621338,2.3474886417388916,0.6919928789138794,0.838975191116333,87.79503631591797,1.028875470161438,0.06551697105169296,1.0490981340408325,1.6885418891906738,0.6642824411392212,0.5233289003372192
210,train,3,1.0,1.0,11,guijiao_10_180,1,0.07500000298023224,1875.0,9.0,0.03306988999247551,0.059886857867240906,0.05926860496401787,0.0006182524375617504,0.01923694834113121,0.04003165662288666,0.030105918645858765,1.0824789953289837e-08,0.009925725869834423,0.018689146265387535,1.9663044687165624e-22,0.018689146265387535,1.1895310878753662,2.3186748027801514,0.666386604309082,0.7209258079528809,64.1851577758789,0.9287429451942444,0.032470520585775375,0.9377899765968323,1.6409400701522827,0.6640415787696838,0.5410072207450867
211,train,3,1.0,1.0,11,guijiao_10_180,2,0.10000000149011612,2500.0,16.0,0.15503378212451935,0.0964776799082756,0.09580837190151215,0.0006693060859106481,0.03459971025586128,0.06120866537094116,0.04546047002077103,1.6201298080886772e-08,0.01574818044900894,0.025918809697031975,3.962648760703941e-22,0.025918809697031975,1.2034680843353271,2.2645840644836426,0.6395775079727173,0.6509374380111694,50.1874885559082,0.8321912288665771,0.007908198051154613,0.834165632724762,1.6043603420257568,0.6704800724983215,0.5557741522789001
212,train,3,1.0,1.0,11,guijiao_10_180,3,0.125,3125.0,25.0,0.1742364466190338,0.13666757941246033,0.13655439019203186,0.00011318878387100995,0.054891664534807205,0.08166272938251495,0.05999135226011276,2.1229801916433644e-08,0.0216713584959507,0.03230711445212364,3.1570147162628854e-23,0.03230711445212364,1.2219361066818237,2.199345588684082,0.6128618717193604,0.6060657501220703,41.2131462097168,0.7415658235549927,-0.008088133297860622,0.7397664785385132,1.5732192993164062,0.6813107132911682,0.5683118104934692
213,train,3,1.0,1.0,11,guijiao_10_180,4,0.15000000596046448,3750.0,36.0,0.2257920205593109,0.17978093028068542,0.18107452988624573,-0.0012935955310240388,0.08038587868213654,0.1006886437535286,0.07324646413326263,2.580646629724015e-08,0.02744215540587902,0.038538794964551926,5.617418552650028e-23,0.038538794964551926,1.2426801919937134,2.1345314979553223,0.5878317356109619,0.5746968984603882,34.93937683105469,0.6609711050987244,-0.014899417757987976,0.6580166816711426,1.5451598167419434,0.6945820450782776,0.5789018869400024
214,train,3,1.0,1.0,11,guijiao_10_180,5,0.17499999701976776,4375.0,49.0,0.24175983667373657,0.22631463408470154,0.22996580600738525,-0.003651171689853072,0.11127055436372757,0.11869524419307709,0.08557489514350891,3.008984350572064e-08,0.03312031552195549,0.04491616040468216,6.843195434481853e-23,0.04491616040468216,1.2637649774551392,2.078200578689575,0.5654875636100769,0.551417887210846,30.2835750579834,0.592541515827179,-0.013413242995738983,0.590157151222229,1.5188815593719482,0.7083301544189453,0.5878573656082153
215,train,3,1.0,1.0,11,guijiao_10_180,6,0.20000000298023224,5000.0,64.0,0.24040131270885468,0.27712130546569824,0.28408071398735046,-0.006959397811442614,0.14765554666519165,0.1364251673221588,0.0975416973233223,3.428337080890742e-08,0.038883425295352936,0.05157095938920975,5.755372023400182e-23,0.05157095938920975,1.2839611768722534,2.0339348316192627,0.5461192727088928,0.533397376537323,26.679471969604492,0.5359973907470703,-0.005856655538082123,0.5350556373596191,1.4938364028930664,0.7210577130317688,0.5954937934875488
216,train,3,1.0,1.0,11,guijiao_10_180,7,0.22499999403953552,5625.0,81.0,0.35061752796173096,0.3329162299633026,0.344091534614563,-0.011175299063324928,0.18960265815258026,0.15448887646198273,0.10960004478693008,3.853388719221584e-08,0.04488879442214966,0.05855756998062134,5.25454821604688e-22,0.05855756998062134,1.3026913404464722,2.001965284347534,0.5295612812042236,0.5190048217773438,23.800962448120117,0.48966920375823975,0.005189534276723862,0.490431547164917,1.470007300376892,0.7319756746292114,0.602069616317749
217,train,3,1.0,1.0,11,guijiao_10_180,8,0.25,6250.0,100.0,0.3476819396018982,0.39416009187698364,0.41040539741516113,-0.016245318576693535,0.23714439570903778,0.17326101660728455,0.12202656269073486,4.292289546015127e-08,0.051234401762485504,0.0658935159444809,1.220661604799784e-21,0.0658935159444809,1.3197600841522217,1.9808257818222046,0.5154638290405273,0.507230281829834,21.44605827331543,0.4515501856803894,0.017581654712557793,0.45393189787864685,1.447591781616211,0.7408730983734131,0.6077897548675537
218,train,3,1.0,1.0,11,guijiao_10_180,9,0.2750000059604645,6875.0,121.0,0.38224053382873535,0.4611090123653412,0.48322591185569763,-0.0221168901771307,0.290290504693985,0.19293540716171265,0.13496528565883636,4.7488292409525457e-08,0.0579700730741024,0.07357822358608246,3.733637012555253e-22,0.07357822358608246,1.335148572921753,1.9685193300247192,0.5034475326538086,0.49741220474243164,19.482440948486328,0.4198499321937561,0.029888993129134178,0.42361459136009216,1.4267728328704834,0.7478703856468201,0.6128251552581787
219,train,3,1.0,1.0,11,guijiao_10_180,10,0.30000001192092896,7500.0,144.0,0.5158165097236633,0.5338888764381409,0.5626298785209656,-0.02874102257192135,0.3490293622016907,0.2136005163192749,0.14848266541957855,5.224488575095165e-08,0.06511779874563217,0.08160223811864853,5.248621737568783e-21,0.08160223811864853,1.3489056825637817,1.9631061553955078,0.4931671619415283,0.48909759521484375,17.819517135620117,0.39315101504325867,0.04132351651787758,0.39802491664886475,1.4076281785964966,0.7532221674919128,0.6173221468925476
220,train,3,1.0,1.0,11,guijiao_10_180,11,0.32499998807907104,8125.0,169.0,0.47507306933403015,0.6125507950782776,0.6486245393753052,-0.036073751747608185,0.4133327901363373,0.2352917492389679,0.16260547935962677,5.719728335407126e-08,0.07268620282411575,0.08995193988084793,9.957311831609947e-21,0.08995193988084793,1.3611165285110474,1.9629409313201904,0.4843291640281677,0.48196521401405334,16.393043518066406,0.37038108706474304,0.05154227465391159,0.37610816955566406,1.390135645866394,0.7572131156921387,0.6214039921760559
221,train,3,1.0,1.0,11,guijiao_10_180,12,0.3499999940395355,8750.0,196.0,0.5916249752044678,0.6971055269241333,0.7411812543869019,-0.04407573491334915,0.4831603765487671,0.25802090764045715,0.17734193801879883,6.234640892444077e-08,0.08067891746759415,0.09861201047897339,1.801439107896812e-20,0.09861201047897339,1.3718839883804321,1.9667060375213623,0.476690411567688,0.4757799208164215,15.155984878540039,0.3507409691810608,0.06047472730278969,0.35710427165031433,1.3741991519927979,0.7601065039634705,0.6251701712608337
222,train,3,1.0,1.0,11,guijiao_10_180,13,0.375,9375.0,225.0,0.7030403017997742,0.7875432968139648,0.8402544856071472,-0.05271117016673088,0.5584641695022583,0.2817903161048889,0.19269225001335144,6.76920564046668e-08,0.0890980064868927,0.10756683349609375,3.1284222798348394e-20,0.10756683349609375,1.381321907043457,1.9733896255493164,0.47005149722099304,0.4703657627105713,14.073150634765625,0.33362945914268494,0.0681869238615036,0.34045422077178955,1.3596869707107544,0.7621285319328308,0.6286988258361816
223,train,3,1.0,1.0,11,guijiao_10_180,14,0.4000000059604645,10000.0,256.0,0.7948856353759766,0.8838440179824829,0.9457923173904419,-0.061948295682668686,0.6391928195953369,0.306599497795105,0.20865365862846375,7.323431105987765e-08,0.09794574975967407,0.11680116504430771,5.24270174163406e-20,0.11680116504430771,1.3895493745803833,1.9822230339050293,0.4642500877380371,0.4655887186527252,13.117743492126465,0.3185897469520569,0.07480883598327637,0.3257397711277008,1.3464539051055908,0.7634653449058533,0.6320493817329407
224,train,3,1.0,1.0,11,guijiao_10_180,15,0.42500001192092896,10625.0,289.0,0.9257188439369202,0.9859825372695923,1.0577409267425537,-0.07175839692354202,0.7252930402755737,0.33244794607162476,0.22522303462028503,7.897359921571478e-08,0.10722482949495316,0.12630051374435425,8.515039230886348e-20,0.12630051374435425,1.3966827392578125,1.9926307201385498,0.45915332436561584,0.4613442122936249,12.268844604492188,0.3052687346935272,0.08048675954341888,0.3126397728919983,1.3343589305877686,0.7642674446105957,0.6352654099464417
225,train,3,1.0,1.0,11,guijiao_10_180,16,0.44999998807907104,11250.0,324.0,1.0905781984329224,1.0939357280731201,1.1760501861572266,-0.08211442083120346,0.8167128562927246,0.35933730006217957,0.24239809811115265,8.491106484598276e-08,0.11693910509347916,0.13605135679244995,1.3451643433080014e-19,0.13605135679244995,1.4028348922729492,2.0041799545288086,0.45465293526649475,0.4575488269329071,11.509765625,0.2933906316757202,0.0853637233376503,0.30090412497520447,1.3232688903808594,0.7646531462669373,0.6383790373802185
226,train,3,1.0,1.0,11,guijiao_10_180,17,0.4749999940395355,11875.0,361.0,1.0394068956375122,1.2076804637908936,1.3006727695465088,-0.09299232810735703,0.9134016036987305,0.38727110624313354,0.2601780295372009,9.10482143012814e-08,0.12709297239780426,0.1460411250591278,1.2735383346273343e-18,0.1460411250591278,1.4081103801727295,2.0165467262268066,0.4506598114967346,0.45413661003112793,10.827320098876953,0.2827360928058624,0.08956777304410934,0.2903333306312561,1.313067078590393,0.7647160291671753,0.6414130926132202
227,train,3,1.0,1.0,11,guijiao_10_180,18,0.5,12500.0,400.0,1.115393042564392,1.3271948099136353,1.4315646886825562,-0.10436993092298508,1.0153110027313232,0.4162536561489105,0.2785623371601105,9.738676709503125e-08,0.13769122958183289,0.15625827014446259,6.687006137048985e-19,0.15625827014446259,1.4126067161560059,2.0294859409332275,0.44710031151771545,0.45105257630348206,10.210517883300781,0.2731282413005829,0.09321083128452301,0.2807658016681671,1.3036495447158813,0.7645303010940552,0.6443839073181152
228,train,2,0.5,0.0,17,pseudo_cycle_10_config_5,-1,0.44212478399276733,11053.119140625,42.288516998291016,2.0692989826202393,2.053980827331543,2.0407979488372803,0.013182878494262695,0.8084801435470581,1.2323178052902222,0.8387490510940552,3.203622611636092e-07,0.3935684561729431,0.0,0.0,0.0,1.438605785369873,1.6973601579666138,0.5767706632614136,0.0,0.0,0.572868287563324,-0.09312029182910919,0.5568645596504211,1.5132042169570923,0.751562237739563,0.7100447416305542
229,train,2,0.5,0.0,16,pseudo_cycle_10_config_4,-1,0.20011858642101288,5002.96484375,8.663783073425293,0.4663879871368408,0.47155529260635376,0.4677157998085022,0.00383950537070632,0.12873022258281708,0.3389855921268463,0.06160314381122589,0.1225738376379013,0.15480861067771912,0.0,0.0,0.0,1.1180669069290161,2.0818233489990234,0.7378931045532227,0.0,0.0,1.0591342449188232,-0.1103532612323761,1.0240706205368042,1.5420234203338623,0.6485365629196167,0.6044010519981384
230,train,2,0.5,0.0,15,pseudo_cycle_10_config_3,-1,0.40849289298057556,10212.3212890625,10.25227165222168,1.7964001893997192,1.7818008661270142,1.7263973951339722,0.05540342256426811,0.7129579782485962,1.013439416885376,0.6838735938072205,3.4151798899983987e-07,0.32956546545028687,0.0,0.0,0.0,1.486130952835083,1.6939544677734375,0.7991571426391602,0.0,0.0,1.216234803199768,-0.20080430805683136,1.1429672241210938,1.4111723899841309,0.6613736152648926,0.6800578832626343
231,train,2,0.5,0.0,15,pseudo_cycle_10_config_3,-1,0.411599338054657,10289.9833984375,10.408794403076172,1.8230985403060913,1.808610200881958,1.7525192499160767,0.056091003119945526,0.7250949144363403,1.0274243354797363,0.6926535367965698,3.460692994394776e-07,0.33477047085762024,0.0,0.0,0.0,1.488701581954956,1.6934460401535034,0.7988682389259338,0.0,0.0,1.2149643898010254,-0.20220652222633362,1.1412622928619385,1.4103232622146606,0.6615334153175354,0.6816315650939941
232,train,2,0.5,0.0,16,pseudo_cycle_10_config_4,-1,0.2605535686016083,6513.8388671875,14.686787605285645,0.7659603357315063,0.772306501865387,0.7687720060348511,0.0035344879142940044,0.21952638030052185,0.5492455959320068,0.09968921542167664,0.1966898888349533,0.2528664767742157,0.0,0.0,0.0,1.1247469186782837,2.0799684524536133,0.7230644226074219,0.0,0.0,1.0109713077545166,-0.11634117364883423,0.9756860733032227,1.546407699584961,0.6581469774246216,0.6117994785308838
233,train,2,0.5,0.0,16,pseudo_cycle_10_config_4,-1,0.1760605275630951,4401.51318359375,6.705894947052002,0.3642136752605438,0.3689328134059906,0.36558616161346436,0.0033466489985585213,0.09945531189441681,0.26613086462020874,0.048463791608810425,0.09655550867319107,0.12111157923936844,0.0,0.0,0.0,1.1160049438476562,2.0831634998321533,0.7424159049987793,0.0,0.0,1.0751701593399048,-0.10777682811021805,1.040406584739685,1.5417134761810303,0.6452946662902832,0.6009162068367004
234,train,2,0.5,0.0,18,pseudo_cycle_10_config_6,-1,0.22462014853954315,5615.50341796875,10.915160179138184,0.43153297901153564,0.43230971693992615,0.43672069907188416,-0.004410988185554743,0.17266416549682617,0.264056533575058,0.15080153942108154,0.043857425451278687,0.06939756125211716,0.0,0.0,0.0,1.19032883644104,2.0168874263763428,0.6025015711784363,0.0,0.0,0.715459942817688,-0.033729515969753265,0.7082203030586243,1.39497709274292,0.6733583211898804,0.6419562697410583
235,train,2,0.5,0.0,15,pseudo_cycle_10_config_3,-1,0.4693906307220459,11734.765625,13.536921501159668,2.342449903488159,2.3468971252441406,2.277723789215088,0.06917344778776169,0.9735552072525024,1.3041685819625854,0.8635302186012268,4.3356610035516496e-07,0.4406379461288452,0.0,0.0,0.0,1.5369292497634888,1.695536494255066,0.7915341854095459,0.0,0.0,1.1836628913879395,-0.22886796295642853,1.1023921966552734,1.3978936672210693,0.6650334596633911,0.7133103013038635
236,train,2,0.5,0.0,16,pseudo_cycle_10_config_4,-1,0.23733672499656677,5933.41796875,12.186039924621582,0.6444399952888489,0.650292158126831,0.6463038921356201,0.0039882720448076725,0.18169012665748596,0.46461376547813416,0.08432158827781677,0.16704604029655457,0.21324613690376282,0.0,0.0,0.0,1.1219244003295898,2.0806972980499268,0.7293822765350342,0.0,0.0,1.0309504270553589,-0.1141359806060791,0.9956498742103577,1.5442941188812256,0.6542056798934937,0.6091362833976746
237,train,2,0.5,0.0,18,pseudo_cycle_10_config_6,-1,0.2622523605823517,6556.30859375,14.878925323486328,0.5528513193130493,0.5465444326400757,0.5551856160163879,-0.008641157299280167,0.23259538412094116,0.3225902318954468,0.1833375096321106,0.05279620364308357,0.0864565297961235,0.0,0.0,0.0,1.1763170957565308,2.000054359436035,0.5809966325759888,0.0,0.0,0.647657036781311,-0.02880450151860714,0.642060399055481,1.3838964700698853,0.685932457447052,0.6526044607162476
238,train,2,0.5,0.0,17,pseudo_cycle_10_config_5,-1,0.09445489197969437,2361.372314453125,1.9301081895828247,0.1874758005142212,0.17203465104103088,0.1653740108013153,0.006660647224634886,0.03020831011235714,0.13516570627689362,0.09956171363592148,4.1429753849797635e-08,0.03560394421219826,0.0,0.0,0.0,1.1777135133743286,2.0016989707946777,0.763074517250061,0.0,0.0,1.1840074062347412,-0.06481919437646866,1.1609834432601929,1.600653886795044,0.6546539068222046,0.572404682636261
239,train,2,0.5,0.0,13,pseudo_cycle_10_config_1,-1,0.15649887919425964,3912.47216796875,1.504781723022461,0.4179295301437378,0.43387937545776367,0.4169720709323883,0.01690729521214962,0.0878821313381195,0.3290899395942688,0.23322026431560516,1.0926564186775067e-07,0.09586957097053528,0.0,0.0,0.0,1.2480738162994385,1.7526824474334717,0.8004308342933655,0.0,0.0,1.2489863634109497,-0.1323453187942505,1.199397087097168,1.5099284648895264,0.6628437042236328,0.6206843852996826
240,train,2,0.5,0.0,15,pseudo_cycle_10_config_3,-1,0.4586089551448822,11465.2236328125,12.92219066619873,2.24287748336792,2.2408061027526855,2.174107313156128,0.06669876724481583,0.923886239528656,1.2502210140228271,0.8306400775909424,4.169271221599047e-07,0.41958045959472656,0.0,0.0,0.0,1.527902364730835,1.6934705972671509,0.7932100296020508,0.0,0.0,1.1907092332839966,-0.2238357961177826,1.1107522249221802,1.3997218608856201,0.6642966866493225,0.7070402503013611
241,train,2,0.5,0.0,19,pseudo_cycle_10_config_7,-1,0.3240644335746765,8101.61083984375,22.719327926635742,0.8500483632087708,0.8553515672683716,0.8451212644577026,0.010230295360088348,0.39612284302711487,0.44899845123291016,0.31634393334388733,1.204323467618451e-07,0.13265438377857208,0.0,0.0,0.0,1.3119862079620361,1.9730534553527832,0.6205527782440186,0.0,0.0,0.6678206920623779,-0.06410714238882065,0.6549770832061768,1.5539624691009521,0.7150011658668518,0.6516323089599609
242,train,2,0.5,0.0,14,pseudo_cycle_10_config_2,-1,0.2271271049976349,5678.177734375,3.169487237930298,0.44368740916252136,0.4356362819671631,0.43929117918014526,-0.0036549046635627747,0.18126894533634186,0.2580222487449646,0.04517749696969986,0.09956912696361542,0.11327560991048813,0.0,0.0,0.0,1.2222150564193726,2.0554208755493164,0.8114197254180908,0.0,0.0,1.2128134965896606,-0.06516657024621964,1.1891030073165894,1.5315483808517456,0.6488282680511475,0.5989450812339783
243,train,2,0.5,0.0,15,pseudo_cycle_10_config_3,-1,0.45376327633857727,11344.0810546875,12.650561332702637,2.1984479427337646,2.1939637660980225,2.128373622894287,0.06559012085199356,0.9020644426345825,1.2263092994689941,0.815997838973999,4.0948316382127814e-07,0.41031110286712646,0.0,0.0,0.0,1.5238456726074219,1.692793369293213,0.7939139604568481,0.0,0.0,1.1936824321746826,-0.22157859802246094,1.1143341064453125,1.4006179571151733,0.6639793515205383,0.7042776942253113
244,train,2,0.5,0.0,18,pseudo_cycle_10_config_6,-1,0.17910359799861908,4477.58984375,6.93971061706543,0.28897348046302795,0.29742124676704407,0.29905328154563904,-0.001632030471228063,0.11047536879777908,0.18857792019844055,0.1086321622133255,0.03178767114877701,0.048158079385757446,0.0,0.0,0.0,1.1978956460952759,2.0505685806274414,0.6241471767425537,0.0,0.0,0.7883564233779907,-0.030176401138305664,0.781219482421875,1.409325122833252,0.6607307195663452,0.6247724890708923
245,train,2,0.5,0.0,19,pseudo_cycle_10_config_7,-1,0.40776532888412476,10194.1318359375,35.9710693359375,1.1219700574874878,1.110660433769226,1.1337089538574219,-0.02304854430258274,0.6591349840164185,0.47457391023635864,0.32850509881973267,1.2040763408549537e-07,0.14606867730617523,0.0,0.0,0.0,1.3788464069366455,1.8940283060073853,0.5464293360710144,0.0,0.0,0.4647919535636902,-0.038369517773389816,0.45944181084632874,1.5136075019836426,0.761469304561615,0.6730204224586487
246,train,2,0.5,0.0,14,pseudo_cycle_10_config_2,-1,0.24836952984333038,6209.23828125,3.790074348449707,0.530360758304596,0.5208435654640198,0.525373101234436,-0.004529541824012995,0.21763181686401367,0.3077412545681,0.05357229709625244,0.1185915395617485,0.13557741045951843,0.0,0.0,0.0,1.22712242603302,2.042090892791748,0.8127297759056091,0.0,0.0,1.2152657508850098,-0.06969892233610153,1.1898549795150757,1.5277111530303955,0.6490088105201721,0.603018045425415
247,train,2,0.5,0.0,19,pseudo_cycle_10_config_7,-1,0.3369520902633667,8423.8017578125,24.562301635742188,0.8911377191543579,0.8924479484558105,0.8860073089599609,0.006440609693527222,0.43182697892189026,0.45418035984039307,0.319030225276947,1.2059616949500196e-07,0.1351500302553177,0.0,0.0,0.0,1.3229261636734009,1.9542667865753174,0.6080580353736877,0.0,0.0,0.6305180191993713,-0.06277202814817429,0.6186443567276001,1.5494565963745117,0.7224326133728027,0.6563926339149475
248,train,2,0.5,0.0,14,pseudo_cycle_10_config_2,-1,0.2764365077018738,6910.912109375,4.695067882537842,0.6575401425361633,0.6453138589859009,0.6516509652137756,-0.006337131839245558,0.270976722240448,0.38067424297332764,0.0658741295337677,0.14645592868328094,0.168344184756279,0.0,0.0,0.0,1.2333983182907104,2.031222105026245,0.8140309453010559,0.0,0.0,1.2170394659042358,-0.07459910959005356,1.1898024082183838,1.5246092081069946,0.6494590044021606,0.6076924204826355
249,train,2,0.5,0.0,17,pseudo_cycle_10_config_5,-1,0.10026242583990097,2506.560791015625,2.1747491359710693,0.20519256591796875,0.192448690533638,0.1848907172679901,0.007557969074696302,0.0340886153280735,0.1508021056652069,0.11083215475082397,4.621208660182674e-08,0.03996991366147995,0.0,0.0,0.0,1.1794922351837158,1.995728850364685,0.7620080709457397,0.0,0.0,1.178231120109558,-0.0684361532330513,1.154041051864624,1.5956783294677734,0.6548424959182739,0.5754568576812744
250,train,2,0.5,0.0,12,pseudo_cycle_10_config_0,-1,0.2840677797794342,7101.6943359375,4.957869052886963,1.0517292022705078,1.0590472221374512,1.0525906085968018,0.006456651259213686,0.2733776569366455,0.7792129516601562,0.12863227725028992,0.29523804783821106,0.3553426265716553,0.0,0.0,0.0,1.1783688068389893,1.9014184474945068,0.8074607849121094,0.0,0.0,1.2338987588882446,-0.09485604614019394,1.1987859010696411,1.4945945739746094,0.6626228094100952,0.6439657211303711
251,train,2,0.5,0.0,18,pseudo_cycle_10_config_6,-1,0.2725818455219269,6814.5458984375,16.0740966796875,0.5856053829193115,0.5773451924324036,0.5874909162521362,-0.010145705193281174,0.2501569986343384,0.33733388781547546,0.19149255752563477,0.05497950688004494,0.09086182713508606,0.0,0.0,0.0,1.1710647344589233,1.9971067905426025,0.574683427810669,0.0,0.0,0.6281511783599854,-0.02609231323003769,0.623234212398529,1.3804293870925903,0.6896591186523438,0.6550036072731018
252,train,2,0.5,0.0,16,pseudo_cycle_10_config_4,-1,0.22773556411266327,5693.38916015625,11.220041275024414,0.5963881015777588,0.6020542979240417,0.5980138778686523,0.004040432162582874,0.16712705790996552,0.43088680505752563,0.07821273058652878,0.1551589071750641,0.19751514494419098,0.0,0.0,0.0,1.1208492517471313,2.0809500217437744,0.7317640781402588,0.0,0.0,1.0386570692062378,-0.11318420618772507,1.0033892393112183,1.5435523986816406,0.6526669263839722,0.6079758405685425
253,train,2,0.5,0.0,12,pseudo_cycle_10_config_0,-1,0.22845299541950226,5711.32470703125,3.2065999507904053,0.6755338311195374,0.6833099722862244,0.6777467131614685,0.005563278216868639,0.17517228424549103,0.5025744438171387,0.0840301513671875,0.19074350595474243,0.22780080139636993,0.0,0.0,0.0,1.16743803024292,1.9108349084854126,0.8067139983177185,0.0,0.0,1.2340112924575806,-0.0933762788772583,1.1994431018829346,1.5013270378112793,0.6588891744613647,0.6348007917404175
254,train,2,0.5,0.0,19,pseudo_cycle_10_config_7,-1,0.3684627115726471,9211.5673828125,29.371070861816406,0.9919750094413757,0.9849227070808411,0.99002605676651,-0.005103361792862415,0.5265698432922363,0.4634562134742737,0.32335278391838074,1.203129613713827e-07,0.1401033103466034,0.0,0.0,0.0,1.3490593433380127,1.9179767370224,0.5786430835723877,0.0,0.0,0.5479828119277954,-0.05466019734740257,0.5389969348907471,1.5359201431274414,0.7407215237617493,0.6654883027076721
255,train,2,0.5,0.0,17,pseudo_cycle_10_config_5,-1,0.4838852286338806,12097.1298828125,50.65443420410156,2.2604315280914307,2.27211856842041,2.280937671661377,-0.008819137699902058,0.9850677251815796,1.295870065689087,0.8771636486053467,3.2904696922742005e-07,0.4187059998512268,0.0,0.0,0.0,1.4633342027664185,1.6861763000488281,0.550225019454956,0.0,0.0,0.5046138167381287,-0.06638113409280777,0.4945647716522217,1.4974368810653687,0.7656790018081665,0.7147876620292664
256,train,2,0.5,0.0,19,pseudo_cycle_10_config_7,-1,0.35804641246795654,8951.16015625,27.733928680419922,0.9584622979164124,0.9538078308105469,0.9547721743583679,-0.0009643411613069475,0.49409255385398865,0.4606796205043793,0.3221113979816437,1.204404611598875e-07,0.13856810331344604,0.0,0.0,0.0,1.3405770063400269,1.9283244609832764,0.5880979299545288,0.0,0.0,0.5737517476081848,-0.05800417438149452,0.5637677311897278,1.5408339500427246,0.734740138053894,0.6628465056419373
257,train,2,0.5,0.0,12,pseudo_cycle_10_config_0,-1,0.32387903332710266,8096.97607421875,6.444908142089844,1.3733000755310059,1.3791738748550415,1.3734039068222046,0.005770014598965645,0.3575200140476227,1.0158839225769043,0.16640877723693848,0.3841764032840729,0.46529871225357056,0.0,0.0,0.0,1.1854870319366455,1.8994978666305542,0.8073553442955017,0.0,0.0,1.2316679954528809,-0.09554674476385117,1.1963634490966797,1.4919191598892212,0.6653913259506226,0.6506432890892029
258,train,2,0.5,0.0,19,pseudo_cycle_10_config_7,-1,0.08470258861780167,2117.564697265625,1.5521228313446045,0.12029507756233215,0.09164242446422577,0.08926280587911606,0.0023796174209564924,0.024710258468985558,0.06455254554748535,0.049168553203344345,1.944217054017372e-08,0.015383971855044365,0.0,0.0,0.0,1.1979703903198242,2.267327308654785,0.7526662945747375,0.0,0.0,1.1803598403930664,0.0455918051302433,1.1965043544769287,1.6841249465942383,0.6635756492614746,0.5269328951835632
259,train,2,0.5,0.0,19,pseudo_cycle_10_config_7,-1,0.3128829300403595,7822.0732421875,21.17856216430664,0.8142260909080505,0.8229154348373413,0.8099040389060974,0.013011366128921509,0.3665924072265625,0.4433116316795349,0.31320926547050476,1.199870922619084e-07,0.1301022320985794,0.0,0.0,0.0,1.3025124073028564,1.9908013343811035,0.6314045190811157,0.0,0.0,0.701392650604248,-0.06418872624635696,0.6878862380981445,1.5575251579284668,0.7087426781654358,0.646971583366394
260,train,2,0.5,0.0,14,pseudo_cycle_10_config_2,-1,0.2722892463207245,6807.23095703125,4.555248260498047,0.6378465890884399,0.6260708570480347,0.6320865750312805,-0.0060156905092298985,0.26271355152130127,0.36937302350997925,0.06396842747926712,0.1421421319246292,0.1632624715566635,0.0,0.0,0.0,1.2324905395507812,2.032390832901001,0.8138697743415833,0.0,0.0,1.2168875932693481,-0.07393863797187805,1.1898951530456543,1.524949550628662,0.6493812203407288,0.6070412397384644
261,train,2,0.5,0.0,14,pseudo_cycle_10_config_2,-1,0.3111480474472046,7778.701171875,5.948194980621338,0.8344660401344299,0.8178898692131042,0.8278030753135681,-0.009913193993270397,0.3453168272972107,0.4824862480163574,0.0830395445227623,0.18523764610290527,0.21420904994010925,0.0,0.0,0.0,1.2406399250030518,2.026758909225464,0.8149551153182983,0.0,0.0,1.2167376279830933,-0.07949912548065186,1.1877187490463257,1.5230066776275635,0.6502112150192261,0.612768828868866
262,train,2,0.5,0.0,12,pseudo_cycle_10_config_0,-1,0.30783915519714355,7695.978515625,5.822356700897217,1.2385553121566772,1.2450588941574097,1.2388455867767334,0.006213265936821699,0.32222217321395874,0.9166234731674194,0.1506013721227646,0.34693410992622375,0.4190880060195923,0.0,0.0,0.0,1.1826870441436768,1.899790644645691,0.8074684739112854,0.0,0.0,1.232818603515625,-0.09529188275337219,1.197575330734253,1.492826223373413,0.6642687916755676,0.647929310798645
263,train,2,0.5,0.0,14,pseudo_cycle_10_config_2,-1,0.30683109164237976,7670.77685546875,5.784286975860596,0.811296284198761,0.7953109741210938,0.8046852350234985,-0.009374250657856464,0.3355681896209717,0.46911704540252686,0.08078562468290329,0.18015438318252563,0.20817701518535614,0.0,0.0,0.0,1.239778757095337,2.026822805404663,0.8148816823959351,0.0,0.0,1.2169321775436401,-0.0789402574300766,1.188112735748291,1.523100733757019,0.6501100659370422,0.6121662259101868
264,train,2,0.5,0.0,14,pseudo_cycle_10_config_2,-1,0.23753634095191956,5938.40869140625,3.4666595458984375,0.4851217269897461,0.47642019391059875,0.4804578423500061,-0.004037655424326658,0.19865690171718597,0.28180092573165894,0.049193717539310455,0.10866886377334595,0.12393833696842194,0.0,0.0,0.0,1.2246321439743042,2.0482871532440186,0.8120961785316467,0.0,0.0,1.2141289710998535,-0.06749100983142853,1.1895461082458496,1.529481053352356,0.6488946676254272,0.6010106205940247
265,train,2,0.5,0.0,13,pseudo_cycle_10_config_1,-1,0.13944347202777863,3486.08642578125,1.1946686506271362,0.339878112077713,0.3487069308757782,0.335214227437973,0.013492693193256855,0.06927213072776794,0.2659420967102051,0.1895616501569748,8.795890238388893e-08,0.07638037204742432,0.0,0.0,0.0,1.239151120185852,1.7730416059494019,0.8003391027450562,0.0,0.0,1.2513943910598755,-0.1254580169916153,1.2042951583862305,1.521882176399231,0.6617554426193237,0.6132142543792725
266,train,2,0.5,0.0,18,pseudo_cycle_10_config_6,-1,0.1899682879447937,4749.20703125,7.807193279266357,0.32193025946617126,0.32867634296417236,0.3307732939720154,-0.0020969510078430176,0.12417510151863098,0.2065981775522232,0.11872123181819916,0.03471652418375015,0.0531604178249836,0.0,0.0,0.0,1.1968355178833008,2.041121482849121,0.6194665431976318,0.0,0.0,0.7718976736068726,-0.03188874199986458,0.7645132541656494,1.405468463897705,0.6634544134140015,0.6293338537216187
267,train,2,0.5,0.0,13,pseudo_cycle_10_config_1,-1,0.10623975843191147,2655.994140625,0.6934661269187927,0.22558413445949554,0.20831423997879028,0.20046192407608032,0.007852311246097088,0.03970229998230934,0.16075962781906128,0.11607256531715393,5.2742525014082275e-08,0.04468700662255287,0.0,0.0,0.0,1.223499059677124,1.8153460025787354,0.8003952503204346,0.0,0.0,1.2591900825500488,-0.10995716601610184,1.2176529169082642,1.5507839918136597,0.6602970957756042,0.5970393419265747
268,train,2,0.5,0.0,16,pseudo_cycle_10_config_4,-1,0.27889689803123474,6972.4228515625,16.827518463134766,0.8666044473648071,0.8733700513839722,0.8705809712409973,0.0027890766505151987,0.252067506313324,0.6185134649276733,0.11231484264135361,0.22073747217655182,0.2854611277580261,0.0,0.0,0.0,1.1271758079528809,2.079104423522949,0.7175017595291138,0.0,0.0,0.9937990307807922,-0.11794841289520264,0.9586338996887207,1.548308253288269,0.6614781022071838,0.6137751936912537
269,train,2,0.5,0.0,18,pseudo_cycle_10_config_6,-1,0.2401151955127716,6002.87939453125,12.473031997680664,0.4816162884235382,0.47951385378837585,0.485433965921402,-0.00592011446133256,0.1965109407901764,0.2889230251312256,0.1646459996700287,0.04770555719733238,0.07657144963741302,0.0,0.0,0.0,1.1855219602584839,2.008794069290161,0.593982458114624,0.0,0.0,0.6882728338241577,-0.0326274111866951,0.6815358996391296,1.3905816078186035,0.6783294081687927,0.6467138528823853
270,train,2,0.5,0.0,17,pseudo_cycle_10_config_5,-1,0.4897470474243164,12243.67578125,51.889129638671875,2.287518262863159,2.303874969482422,2.316044807434082,-0.01216980442404747,1.0111632347106934,1.3048814535140991,0.8825706243515015,3.3037036928362795e-07,0.422310471534729,0.0,0.0,0.0,1.4663569927215576,1.685463786125183,0.5468463897705078,0.0,0.0,0.49611905217170715,-0.06259680539369583,0.4868023991584778,1.494901180267334,0.7674674987792969,0.71531081199646
271,train,2,0.5,0.0,12,pseudo_cycle_10_config_0,-1,0.3161241412162781,7903.103515625,6.139971733093262,1.3072870969772339,1.3134673833847046,1.307452917098999,0.006014508195221424,0.34021857380867004,0.9672343730926514,0.15866734087467194,0.3659343123435974,0.4426327347755432,0.0,0.0,0.0,1.1841448545455933,1.8995592594146729,0.8074222207069397,0.0,0.0,1.2322686910629272,-0.09542647004127502,1.1969914436340332,1.492330551147461,0.6648474931716919,0.6493263840675354
272,train,2,0.5,0.0,12,pseudo_cycle_10_config_0,-1,0.27151092886924744,6787.77294921875,4.5292439460754395,0.95930415391922,0.9669371247291565,0.9605249166488647,0.006412227638065815,0.24924257397651672,0.7112823724746704,0.11773033440113068,0.26962634921073914,0.323925644159317,0.0,0.0,0.0,1.176006555557251,1.9028595685958862,0.807376503944397,0.0,0.0,1.2341923713684082,-0.09458812326192856,1.1991703510284424,1.4957630634307861,0.6617633104324341,0.6418917179107666
273,train,2,0.5,0.0,12,pseudo_cycle_10_config_0,-1,0.2908691465854645,7271.72802734375,5.198120594024658,1.1036030054092407,1.1107124090194702,1.1042789220809937,0.006433510687202215,0.2869306802749634,0.8173482418060303,0.13474006950855255,0.3096006512641907,0.37300750613212585,0.0,0.0,0.0,1.1796246767044067,1.9008052349090576,0.8074839115142822,0.0,0.0,1.233662486076355,-0.09498944133520126,1.1985069513320923,1.4940325021743774,0.6630911827087402,0.6450937390327454
274,train,2,0.5,0.0,13,pseudo_cycle_10_config_1,-1,0.1475404053926468,3688.510009765625,1.3374360799789429,0.3755527138710022,0.3880486488342285,0.37297704815864563,0.015071587637066841,0.07781169563531876,0.29516535997390747,0.20980413258075714,9.780627152622401e-08,0.08536113053560257,0.0,0.0,0.0,1.2433260679244995,1.7632495164871216,0.8003789782524109,0.0,0.0,1.2501596212387085,-0.12879899144172668,1.2018537521362305,1.5160218477249146,0.6622527241706848,0.6168102622032166
275,train,2,0.5,0.0,17,pseudo_cycle_10_config_5,-1,0.4604560136795044,11511.400390625,45.867919921875,2.1530797481536865,2.148205280303955,2.14424467086792,0.003960528876632452,0.8839613199234009,1.2602832317352295,0.8557263016700745,3.2407194794359384e-07,0.4045565724372864,0.0,0.0,0.0,1.450170636177063,1.6910943984985352,0.5645923614501953,0.0,0.0,0.5412008762359619,-0.08151673525571823,0.527965784072876,1.5068279504776,0.7580475807189941,0.7123738527297974
276,train,2,0.5,0.0,13,pseudo_cycle_10_config_1,-1,0.19557753205299377,4889.43798828125,2.350114345550537,0.6357714533805847,0.6617639064788818,0.6358271837234497,0.025936750695109367,0.139671191573143,0.4961559772491455,0.34738829731941223,1.6602903940565739e-07,0.14876748621463776,0.0,0.0,0.0,1.2700800895690918,1.709958553314209,0.8006035685539246,0.0,0.0,1.245281457901001,-0.14634622633457184,1.1906087398529053,1.4869673252105713,0.6657544374465942,0.6367870569229126
277,train,2,0.5,0.0,15,pseudo_cycle_10_config_3,-1,0.4240339398384094,10600.84765625,11.047203063964844,1.9314013719558716,1.9180949926376343,1.8592336177825928,0.058861419558525085,0.774902880191803,1.0843307971954346,0.7282335162162781,3.644711341621587e-07,0.35609686374664307,0.0,0.0,0.0,1.4990224838256836,1.6920397281646729,0.7976124286651611,0.0,0.0,1.2094918489456177,-0.2078581005334854,1.1340709924697876,1.4071078300476074,0.6622000336647034,0.6880576610565186
278,train,2,0.5,0.0,17,pseudo_cycle_10_config_5,-1,0.44868531823158264,11217.1328125,43.55283737182617,2.099327325820923,2.087482452392578,2.0775139331817627,0.0099685899913311,0.8351232409477234,1.2423906326293945,0.8448799252510071,3.2168679808819434e-07,0.39751043915748596,0.0,0.0,0.0,1.442875862121582,1.6948682069778442,0.5723212361335754,0.0,0.0,0.5612240433692932,-0.08901220560073853,0.5462372899055481,1.5110290050506592,0.7539324760437012,0.7109291553497314
279,train,2,0.5,0.0,13,pseudo_cycle_10_config_1,-1,0.1252901703119278,3132.254150390625,0.9644619226455688,0.2840760350227356,0.28472182154655457,0.2738005220890045,0.010921304114162922,0.05560803785920143,0.2181924730539322,0.15633153915405273,7.192323892013519e-08,0.06186085566878319,0.0,0.0,0.0,1.2321560382843018,1.7906869649887085,0.8003036975860596,0.0,0.0,1.2540769577026367,-0.11925353854894638,1.209210991859436,1.5330969095230103,0.6609957218170166,0.6066510081291199
280,train,2,0.5,0.0,16,pseudo_cycle_10_config_4,-1,0.2652369737625122,6630.923828125,15.219515800476074,0.791300892829895,0.7977527379989624,0.7943734526634216,0.0033792590256780386,0.22761158645153046,0.56676185131073,0.10287759453058243,0.20279017090797424,0.2610941231250763,0.0,0.0,0.0,1.125351905822754,2.0797791481018066,0.7216924428939819,0.0,0.0,1.0067048072814941,-0.11676523089408875,0.9714403748512268,1.5468778610229492,0.6589796543121338,0.6123141646385193
281,train,2,0.5,0.0,19,pseudo_cycle_10_config_7,-1,0.3909790813922882,9774.4775390625,33.0704231262207,1.0656116008758545,1.0551223754882812,1.07009756565094,-0.014975197613239288,0.6006072163581848,0.4694903492927551,0.32607582211494446,1.2020365147691336e-07,0.14341440796852112,0.0,0.0,0.0,1.3666133880615234,1.9013919830322266,0.5594585537910461,0.0,0.0,0.4976583421230316,-0.04583660513162613,0.49081504344940186,1.523809790611267,0.753048837184906,0.6702008247375488
282,train,2,0.5,0.0,13,pseudo_cycle_10_config_1,-1,0.09410081058740616,2352.52001953125,0.5440487861633301,0.2046445906162262,0.1655219942331314,0.1593826711177826,0.006139317527413368,0.03102308325469494,0.1283595860004425,0.09319356083869934,4.19845989085843e-08,0.03516598418354988,0.0,0.0,0.0,1.218597650527954,1.83135986328125,0.8006049990653992,0.0,0.0,1.2637735605239868,-0.1032610610127449,1.2246239185333252,1.5642330646514893,0.6601589918136597,0.5902531147003174
283,train,2,0.5,0.0,13,pseudo_cycle_10_config_1,-1,0.11033003777265549,2758.250732421875,0.7478916049003601,0.23610147833824158,0.22377170622348785,0.21529923379421234,0.008472477085888386,0.04288024827837944,0.1724189817905426,0.12427409738302231,5.662567659214801e-08,0.048144832253456116,0.0,0.0,0.0,1.2252702713012695,1.8099820613861084,0.8003560900688171,0.0,0.0,1.2579082250595093,-0.1120634526014328,1.2156184911727905,1.5466792583465576,0.6604059934616089,0.5991964936256409
284,train,2,0.5,0.0,15,pseudo_cycle_10_config_3,-1,0.3911585211753845,9778.962890625,9.400623321533203,1.6502585411071777,1.636162519454956,1.5845615863800049,0.05160089209675789,0.6474527716636658,0.9371088743209839,0.6356996893882751,3.1648764320379996e-07,0.30140891671180725,0.0,0.0,0.0,1.4718537330627441,1.6979345083236694,0.8005978465080261,0.0,0.0,1.222660779953003,-0.19304952025413513,1.1518505811691284,1.4162440299987793,0.6605256199836731,0.6714940071105957
285,train,2,0.5,0.0,14,pseudo_cycle_10_config_2,-1,0.25520381331443787,6380.09521484375,4.001523971557617,0.5600069165229797,0.549906313419342,0.5548007488250732,-0.00489445636048913,0.2300645411014557,0.32473623752593994,0.05643981322646141,0.12508943676948547,0.14320699870586395,0.0,0.0,0.0,1.2286763191223145,2.0387818813323975,0.8130918741226196,0.0,0.0,1.2158564329147339,-0.0709918960928917,1.1899616718292236,1.526772141456604,0.6491001844406128,0.6042197346687317
286,train,2,0.5,0.0,12,pseudo_cycle_10_config_0,-1,0.25531235337257385,6382.80859375,4.004928112030029,0.8465114235877991,0.8543855547904968,0.8481802940368652,0.006205279845744371,0.21980220079421997,0.6283780932426453,0.10438366234302521,0.23832452297210693,0.2856699228286743,0.0,0.0,0.0,1.1728715896606445,1.9053122997283936,0.8071908950805664,0.0,0.0,1.2343183755874634,-0.09419068694114685,1.1994400024414062,1.4975483417510986,0.6606674194335938,0.6392266750335693
287,train,2,0.5,0.0,15,pseudo_cycle_10_config_3,-1,0.44416099786758423,11104.025390625,12.120818138122559,2.1110851764678955,2.102688789367676,2.0392863750457764,0.06340241432189941,0.8597337603569031,1.179552674293518,0.7872518301010132,3.9480968894167745e-07,0.39230045676231384,0.0,0.0,0.0,1.515811800956726,1.6919111013412476,0.7952221035957336,0.0,0.0,1.1992344856262207,-0.21712008118629456,1.1211211681365967,1.4025278091430664,0.6633740067481995,0.6989024877548218
288,train,2,0.5,0.0,14,pseudo_cycle_10_config_2,-1,0.3219810724258423,8049.52685546875,6.369594573974609,0.8940458297729492,0.875937283039093,0.8873338103294373,-0.011396502144634724,0.3704076409339905,0.5169261693954468,0.08884593844413757,0.1983180195093155,0.22976216673851013,0.0,0.0,0.0,1.2427431344985962,2.0271759033203125,0.8150874376296997,0.0,0.0,1.216046929359436,-0.08085507899522781,1.1865499019622803,1.5228815078735352,0.6504719853401184,0.6142556071281433
289,train,2,0.5,0.0,19,pseudo_cycle_10_config_7,-1,0.3476864695549011,8692.1611328125,26.152204513549805,0.9253431558609009,0.9234727025032043,0.9206259846687317,0.0028467001393437386,0.46292200684547424,0.45770397782325745,0.32073989510536194,1.2055446063641284e-07,0.13696396350860596,0.0,0.0,0.0,1.3319698572158813,1.940260887145996,0.5977901220321655,0.0,0.0,0.6008992195129395,-0.060714852064847946,0.589954137802124,1.545282006263733,0.7287030220031738,0.6598740816116333
290,train,2,0.5,0.0,14,pseudo_cycle_10_config_2,-1,0.2894887626171112,7237.21875,5.148900508880615,0.7215433716773987,0.7077961564064026,0.7152837514877319,-0.007487589493393898,0.29784515500068665,0.4174385964870453,0.07207291573286057,0.16047775745391846,0.18488791584968567,0.0,0.0,0.0,1.2362014055252075,2.028458833694458,0.8144674897193909,0.0,0.0,1.2172598838806152,-0.07656179368495941,1.1893012523651123,1.5237624645233154,0.6497231721878052,0.6096712946891785
291,train,2,0.5,0.0,16,pseudo_cycle_10_config_4,-1,0.1912953406572342,4782.38330078125,7.916651248931885,0.42765066027641296,0.43265968561172485,0.42897334694862366,0.003686335403472185,0.11754556745290756,0.3114277720451355,0.056630898267030716,0.11275073140859604,0.14204612374305725,0.0,0.0,0.0,1.1172738075256348,2.082226276397705,0.7396357655525208,0.0,0.0,1.0651905536651611,-0.10942123085260391,1.0302242040634155,1.5417776107788086,0.6473091840744019,0.6031699180603027
292,train,2,0.5,0.0,18,pseudo_cycle_10_config_6,-1,0.17259511351585388,4314.8779296875,6.444507122039795,0.269680917263031,0.2791108787059784,0.28051435947418213,-0.001403468195348978,0.10263151675462723,0.1778828501701355,0.10263654589653015,0.03003714792430401,0.04520915448665619,0.0,0.0,0.0,1.198356032371521,2.0566773414611816,0.6268033981323242,0.0,0.0,0.7979613542556763,-0.02890150249004364,0.791042685508728,1.4118472337722778,0.6591936349868774,0.6218878030776978
293,train,2,0.5,0.0,16,pseudo_cycle_10_config_4,-1,0.21119698882102966,5279.9248046875,9.649574279785156,0.5169970989227295,0.5223609209060669,0.5183850526809692,0.003975855652242899,0.14351359009742737,0.37487146258354187,0.06808330863714218,0.13533034920692444,0.17145779728889465,0.0,0.0,0.0,1.119127869606018,2.0814223289489746,0.7355602383613586,0.0,0.0,1.0512089729309082,-0.11150439828634262,1.0160446166992188,1.542513370513916,0.6501405239105225,0.6058813333511353
294,train,2,0.5,0.0,17,pseudo_cycle_10_config_5,-1,0.47673770785331726,11918.4423828125,49.16904067993164,2.2275571823120117,2.2338273525238037,2.238640546798706,-0.004813279025256634,0.9536790251731873,1.284961462020874,0.8706082105636597,3.274813877851557e-07,0.4143528938293457,0.0,0.0,0.0,1.459504246711731,1.687320590019226,0.5544619560241699,0.0,0.0,0.5153224468231201,-0.07100623846054077,0.5043451189994812,1.5004346370697021,0.7634322047233582,0.7141091823577881
295,train,2,0.5,0.0,19,pseudo_cycle_10_config_7,-1,0.38402366638183594,9600.591796875,31.904260635375977,1.0426539182662964,1.032949686050415,1.044750452041626,-0.011800780892372131,0.5771837830543518,0.4675666093826294,0.3251926898956299,1.201990045274215e-07,0.14237381517887115,0.0,0.0,0.0,1.3613203763961792,1.9056756496429443,0.5651849508285522,0.0,0.0,0.5124224424362183,-0.04874866083264351,0.504928469657898,1.5277584791183472,0.7493513822555542,0.6688736081123352
296,train,2,0.5,0.0,17,pseudo_cycle_10_config_5,-1,0.08033443987369537,2008.3609619140625,1.3961634635925293,0.15115457773208618,0.12675181031227112,0.1220427080988884,0.004709095228463411,0.021785056218504906,0.10025765001773834,0.074287548661232,3.07436316404619e-08,0.02597007527947426,0.0,0.0,0.0,1.1741329431533813,2.0155317783355713,0.765659749507904,0.0,0.0,1.1987799406051636,-0.055277928709983826,1.178900122642517,1.6148217916488647,0.6546198725700378,0.5645231604576111
297,train,2,0.5,0.0,16,pseudo_cycle_10_config_4,-1,0.24172164499759674,6043.041015625,12.640486717224121,0.6668341755867004,0.6727749705314636,0.6688351631164551,0.003939816728234291,0.1885513961315155,0.48028379678726196,0.08716265112161636,0.17255516350269318,0.22056598961353302,0.0,0.0,0.0,1.1224340200424194,2.080578088760376,0.7282500267028809,0.0,0.0,1.0273243188858032,-0.11456409096717834,0.9920159578323364,1.5446617603302002,0.6549264192581177,0.6096541881561279
298,train,2,0.5,0.0,15,pseudo_cycle_10_config_3,-1,0.11258041113615036,2814.51025390625,0.7787118554115295,0.1581951081752777,0.15261879563331604,0.14785060286521912,0.004768198821693659,0.04637722671031952,0.1014733836054802,0.07527825236320496,3.306504581246372e-08,0.02619510143995285,0.0,0.0,0.0,1.2727444171905518,2.018286943435669,0.796978771686554,0.0,0.0,1.2542399168014526,-0.05678236857056618,1.2328742742538452,1.5912957191467285,0.6577562689781189,0.553734302520752
299,train,2,0.5,0.0,13,pseudo_cycle_10_config_1,-1,0.1826966106891632,4567.4150390625,2.0507466793060303,0.5582278966903687,0.5816563963890076,0.5588713884353638,0.022785009816288948,0.12116330862045288,0.4377080500125885,0.30764973163604736,1.4611869403324818e-07,0.1300581693649292,0.0,0.0,0.0,1.2626190185546875,1.7234325408935547,0.8005692362785339,0.0,0.0,1.2463372945785522,-0.14196254312992096,1.1932573318481445,1.4939841032028198,0.6647488474845886,0.6315780282020569
300,train,2,0.5,0.0,15,pseudo_cycle_10_config_3,-1,0.435710072517395,10892.751953125,11.663966178894043,2.035031795501709,2.0240707397460938,1.962583065032959,0.06148775666952133,0.8234758973121643,1.1391072273254395,0.7622622847557068,3.819956475581421e-07,0.37684452533721924,0.0,0.0,0.0,1.5087519884109497,1.6916403770446777,0.7962819933891296,0.0,0.0,1.2037612199783325,-0.21321582794189453,1.1267629861831665,1.4043564796447754,0.662865936756134,0.694280743598938
301,train,2,0.5,0.0,12,pseudo_cycle_10_config_0,-1,0.2384163737297058,5960.40869140625,3.492394208908081,0.7366172671318054,0.7445093393325806,0.7386705875396729,0.0058387266471982,0.19112028181552887,0.5475503206253052,0.09132187813520432,0.2077643722295761,0.24846409261226654,0.0,0.0,0.0,1.1694905757904053,1.9085776805877686,0.8069133162498474,0.0,0.0,1.2341887950897217,-0.09370332211256027,1.199494481086731,1.4997928142547607,0.659542441368103,0.6364468336105347
302,train,2,0.5,0.0,13,pseudo_cycle_10_config_1,-1,0.17164631187915802,4291.158203125,1.8101727962493896,0.49615368247032166,0.5168362259864807,0.49662038683891296,0.0202158335596323,0.10642047971487045,0.3901998996734619,0.2751922607421875,1.2997256249036582e-07,0.11500751227140427,0.0,0.0,0.0,1.256372332572937,1.7354683876037598,0.8005180954933167,0.0,0.0,1.2473458051681519,-0.13803038001060486,1.1956943273544312,1.5004072189331055,0.6639184951782227,0.6270455718040466
303,train,2,0.5,0.0,18,pseudo_cycle_10_config_6,-1,0.25011909008026123,6252.97705078125,13.53400707244873,0.5139258503913879,0.509928286075592,0.5169939398765564,-0.007065680809319019,0.21254083514213562,0.3044531047344208,0.17327743768692017,0.05007152631878853,0.08110413700342178,0.0,0.0,0.0,1.181709885597229,2.0044357776641846,0.5882197022438049,0.0,0.0,0.6701495051383972,-0.03123382478952408,0.663870096206665,1.3876560926437378,0.6816965937614441,0.6495054960250854
304,train,2,0.5,0.0,17,pseudo_cycle_10_config_5,-1,0.06845567375421524,1711.3917236328125,1.013798475265503,0.13102048635482788,0.09359334409236908,0.0902690589427948,0.0033242828212678432,0.015792539343237877,0.07447651773691177,0.05550239980220795,2.2847483904797627e-08,0.018974097445607185,0.0,0.0,0.0,1.172182559967041,2.025564670562744,0.7679557800292969,0.0,0.0,1.2126448154449463,-0.04614761844277382,1.1958565711975098,1.629845380783081,0.6552364826202393,0.5571802854537964
305,train,2,0.5,0.0,18,pseudo_cycle_10_config_6,-1,0.19999228417873383,4999.806640625,8.652851104736328,0.35305196046829224,0.3581536114215851,0.36078178882598877,-0.0026281874161213636,0.13747015595436096,0.2233116328716278,0.12806575000286102,0.03740812838077545,0.057837750762701035,0.0,0.0,0.0,1.1954848766326904,2.0332088470458984,0.6148741245269775,0.0,0.0,0.756203830242157,-0.032999999821186066,0.7487174272537231,1.402217149734497,0.6661347150802612,0.6332769393920898
306,train,2,0.5,0.0,12,pseudo_cycle_10_config_0,-1,0.2593318223953247,6483.294921875,4.132022857666016,0.8738212585449219,0.8816548585891724,0.8753838539123535,0.0062710256315767765,0.2269297093153,0.6484541296958923,0.10762014240026474,0.24590879678726196,0.29492518305778503,0.0,0.0,0.0,1.173658847808838,1.9046416282653809,0.807244598865509,0.0,0.0,1.234311580657959,-0.09429578483104706,1.1993944644927979,1.497074007987976,0.660938024520874,0.6398874521255493
307,train,2,0.5,0.0,18,pseudo_cycle_10_config_6,-1,0.21821968257427216,5455.49169921875,10.301977157592773,0.4109407961368561,0.4128761887550354,0.4167540371417999,-0.0038778483867645264,0.163185715675354,0.2535683214664459,0.1449548751115799,0.04221358522772789,0.06639985740184784,0.0,0.0,0.0,1.1919455528259277,2.0207138061523438,0.6058611869812012,0.0,0.0,0.7263481020927429,-0.03382423147559166,0.7189776301383972,1.3967978954315186,0.6713976263999939,0.6398347616195679
