{
  "a0": 0.7601404786109924,
  "a1": 41.69154739379883,
  "a2": 2.0306453704833984,
  "b0": 1.6913236379623413,
  "b1": 42.61087417602539,
  "b2": 0.6157179474830627,
  "mean_Cd_cyl": 1.1499990224838257,
  "mean_Cd_soft": 1.8629153966903687
}