sample_index,split,source_id,sample_weight,aux_weight,config_index,config_name,velocity_index,U,Re,Ca,F_target,F_pred,F_physics,F_residual,F_stem,F_leaf,Fcol_1_pred,Fcol_2_pred,Fcol_3_pred,Fcol_1_true,Fcol_2_true,Fcol_3_true,Cd_stem_eff,Cd_leaf_eff,shielding_coef,shielding_target,angle_diff_deg,reconfiguration_factor,reconfiguration_correction,reconfiguration_gain,column_correction_1,column_correction_2,column_correction_3
0,train,0,1.0,1.0,0,PVC_20_0,0,0.05000000074505806,1250.0,0.15360000729560852,0.07093784958124161,0.03443523496389389,0.033432282507419586,0.0010029529221355915,0.009108497761189938,0.024323785677552223,0.0021788671147078276,0.008008383214473724,0.014136535115540028,0.0008135348907671869,0.012708019465208054,0.012708019465208054,1.2672693729400635,1.9010930061340332,0.5694921016693115,0.9039982557296753,100.79964447021484,0.9993076324462891,-0.003257279982790351,0.9993076324462891,0.98063725233078,0.9862626194953918,0.992651104927063
1,val,0,1.0,1.0,0,PVC_20_0,1,0.07500000298023224,1875.0,0.3456000089645386,0.17443148791790009,0.07742487639188766,0.07516981661319733,0.002255059080198407,0.020494122058153152,0.05467569828033447,0.004897039849311113,0.01801886223256588,0.031759798526763916,0.0018697602208703756,0.027825873345136642,0.027825873345136642,1.2672693729400635,1.9010930061340332,0.5694921016693115,0.9087178111076355,101.7435531616211,0.9984437823295593,-0.0017005654517561197,0.9984437823295593,0.98063725233078,0.9862626194953918,0.992651104927063
2,train,0,1.0,1.0,0,PVC_20_0,2,0.10000000149011612,2500.0,0.6144000291824341,0.14795003831386566,0.1375090628862381,0.1335040032863617,0.00400505680590868,0.03643399104475975,0.09707001596689224,0.008692428469657898,0.0320335328578949,0.05634405463933945,0.003428105963394046,0.0476507768034935,0.0476507768034935,1.2672693729400635,1.9010930061340332,0.5694921016693115,0.91482013463974,102.96401977539062,0.9972372651100159,-0.00048707611858844757,0.9972372651100159,0.98063725233078,0.9862626194953918,0.992651104927063
3,train,0,1.0,1.0,0,PVC_20_0,3,0.125,3125.0,0.9599999785423279,0.20464740693569183,0.21458706259727478,0.20833705365657806,0.00625001173466444,0.056928109377622604,0.15140894055366516,0.013555081561207771,0.05005239322781563,0.08780147135257721,0.005584338214248419,0.07105002552270889,0.07105002552270889,1.2672693729400635,1.9010930061340332,0.5694921016693115,0.9218372106552124,104.36743927001953,0.9956912994384766,0.0007508526323363185,0.9956912994384766,0.98063725233078,0.9862626194953918,0.992651104927063
4,train,0,1.0,1.0,0,PVC_20_0,4,0.15000000596046448,3750.0,1.3824000358581543,0.270246684551239,0.308530330657959,0.29954415559768677,0.00898617971688509,0.08197648823261261,0.21756768226623535,0.019472364336252213,0.07207544893026352,0.12601988017559052,0.008491037413477898,0.09684506058692932,0.09684506058692932,1.2672693729400635,1.9010930061340332,0.5694921016693115,0.9292217493057251,105.84434509277344,0.9938097596168518,0.002004335867241025,0.9938097596168518,0.98063725233078,0.9862626194953918,0.992651104927063
5,train,0,1.0,1.0,0,PVC_20_0,5,0.17499999701976776,4375.0,1.881600022315979,0.3938428461551666,0.41918298602104187,0.4069739580154419,0.012209020555019379,0.11157909780740738,0.2953948676586151,0.02642904780805111,0.09810268878936768,0.17086313664913177,0.012395291589200497,0.12395953387022018,0.12395953387022018,1.2672693729400635,1.9010930061340332,0.5694921016693115,0.9363734722137451,107.27469635009766,0.991597592830658,0.0031621481757611036,0.991597592830658,0.98063725233078,0.9862626194953918,0.992651104927063
6,train,0,1.0,1.0,0,PVC_20_0,6,0.20000000298023224,5000.0,2.4576001167297363,0.43085381388664246,0.5463629961013794,0.5304497480392456,0.015913229435682297,0.145735964179039,0.3847137987613678,0.03440746292471886,0.1281341314315796,0.22217220067977905,0.01771606132388115,0.1515229493379593,0.1515229493379593,1.2672693729400635,1.9010930061340332,0.5694921016693115,0.9426351189613342,108.52703094482422,0.9890604615211487,0.004117419011890888,0.9890604615211487,0.98063725233078,0.9862626194953918,0.992651104927063
7,train,0,1.0,1.0,0,PVC_20_0,7,0.22499999403953552,5625.0,3.1103999614715576,0.6180073022842407,0.6898631453514099,0.669770359992981,0.02009277418255806,0.18444707989692688,0.4853232502937317,0.04338761046528816,0.16216975450515747,0.27976587414741516,0.025219960138201714,0.178911954164505,0.178911954164505,1.2672693729400635,1.9010930061340332,0.5694921016693115,0.9472165703773499,109.44332122802734,0.9862053990364075,0.004799312446266413,0.9862053990364075,0.98063725233078,0.9862626194953918,0.992651104927063
8,train,0,1.0,1.0,0,PVC_20_0,8,0.25,6250.0,3.8399999141693115,0.8448036313056946,0.8494523763656616,0.8247114419937134,0.024740923196077347,0.22771243751049042,0.5969989895820618,0.0533473901450634,0.2002095729112625,0.34344202280044556,0.03648537024855614,0.2057376205921173,0.2057376205921173,1.2672693729400635,1.9010930061340332,0.5694921016693115,0.9489527344703674,109.79054260253906,0.9830401539802551,0.005176362115889788,0.9830401539802551,0.98063725233078,0.9862626194953918,0.992651104927063
9,train,0,1.0,1.0,0,PVC_20_0,9,0.2750000059604645,6875.0,4.646399974822998,1.050018072128296,1.024877667427063,0.9950273633003235,0.0298503078520298,0.275532066822052,0.7194952964782715,0.06426271796226501,0.24225357174873352,0.41297903656959534,0.055444035679101944,0.2318010926246643,0.2318010926246643,1.2672693729400635,1.9010930061340332,0.5694921016693115,0.9455310702323914,109.10620880126953,0.979573667049408,0.005246753338724375,0.979573667049408,0.98063725233078,0.9862626194953918,0.992651104927063
10,train,0,1.0,1.0,0,PVC_20_0,10,0.30000001192092896,7500.0,5.529600143432617,1.2444380521774292,1.2158663272857666,1.1804533004760742,0.0354129783809185,0.32790595293045044,0.8525474071502686,0.07610774040222168,0.2883017957210541,0.4881378412246704,0.09599050879478455,0.25704047083854675,0.25704047083854675,1.2672693729400635,1.9010930061340332,0.5694921016693115,0.9301102161407471,106.02204132080078,0.9758157730102539,0.005028963554650545,0.9758157730102539,0.98063725233078,0.9862626194953918,0.992651104927063
11,train,0,1.0,1.0,0,PVC_20_0,11,0.32499998807907104,8125.0,6.48960018157959,1.354056715965271,1.4221267700195312,1.3807063102722168,0.041420452296733856,0.38483402132987976,0.9958722591400146,0.0888550654053688,0.3383542001247406,0.5686629414558411,0.2500753104686737,0.28148239850997925,0.28148239850997925,1.2672693729400635,1.9010930061340332,0.5694921016693115,0.8688808679580688,93.77617645263672,0.971777617931366,0.004551630467176437,0.971777617931366,0.98063725233078,0.9862626194953918,0.992651104927063
12,train,0,1.0,1.0,0,PVC_20_0,12,0.3499999940395355,8750.0,7.526400089263916,1.6986725330352783,1.6433525085449219,1.5954886674880981,0.04786379262804985,0.44631636142730713,1.149172306060791,0.10247589647769928,0.3924107253551483,0.6542856693267822,0.5733868479728699,0.30520471930503845,0.30520471930503845,1.2672693729400635,1.9010930061340332,0.5694921016693115,0.778120756149292,75.62416076660156,0.9674711227416992,0.003848725464195013,0.9674711227416992,0.98063725233078,0.9862626194953918,0.992651104927063
13,train,0,1.0,1.0,0,PVC_20_0,13,0.375,9375.0,8.640000343322754,1.9440239667892456,1.8792250156402588,1.824491262435913,0.054733723402023315,0.5123530030250549,1.312138319015503,0.11694037169218063,0.45047158002853394,0.744726300239563,0.8262953162193298,0.3283105492591858,0.3283105492591858,1.2672693729400635,1.9010930061340332,0.5694921016693115,0.7271667718887329,65.43335723876953,0.9629091620445251,0.0029536529909819365,0.9629091620445251,0.98063725233078,0.9862626194953918,0.992651104927063
14,train,0,1.0,1.0,0,PVC_20_0,14,0.4000000059604645,10000.0,9.830400466918945,2.125422716140747,2.1294145584106445,2.0673940181732178,0.062020644545555115,0.582943856716156,1.4844502210617065,0.1322176605463028,0.5125365257263184,0.8396960496902466,1.0331017971038818,0.3509112596511841,0.3509112596511841,1.2672693729400635,1.9010930061340332,0.5694921016693115,0.6930793523788452,58.615875244140625,0.9581058025360107,0.001897375681437552,0.9581058025360107,0.98063725233078,0.9862626194953918,0.992651104927063
15,train,0,1.0,1.0,0,PVC_20_0,15,0.42500001192092896,10625.0,11.097599983215332,2.3944380283355713,2.3935866355895996,2.3238718509674072,0.06971481442451477,0.6580889821052551,1.6657828092575073,0.14827615022659302,0.5786057710647583,0.9389009475708008,1.2118146419525146,0.3731164038181305,0.3731164038181305,1.2672693729400635,1.9010930061340332,0.5694921016693115,0.6676045656204224,53.52091598510742,0.9530757069587708,0.0007095764158293605,0.9530757069587708,0.98063725233078,0.9862626194953918,0.992651104927063
16,train,0,1.0,1.0,0,PVC_20_0,16,0.44999998807907104,11250.0,12.44159984588623,2.6817269325256348,2.671400785446167,2.593594551086426,0.07780630886554718,0.7377883195877075,1.8558062314987183,0.16508379578590393,0.6486790180206299,1.0420434474945068,1.370949149131775,0.395028293132782,0.395028293132782,1.2672693729400635,1.9010930061340332,0.5694921016693115,0.6474189162254333,49.48377990722656,0.947834312915802,-0.0005871225148439407,0.947834312915802,0.98063725233078,0.9862626194953918,0.992651104927063
17,train,0,1.0,1.0,0,PVC_20_0,17,0.4749999940395355,11875.0,13.86240005493164,2.9678232669830322,2.9625189304351807,2.8762335777282715,0.08628527820110321,0.8220419883728027,2.0541915893554688,0.18260826170444489,0.7227565050125122,1.1488267183303833,1.515420913696289,0.4167393147945404,0.4167393147945404,1.2672693729400635,1.9010930061340332,0.5694921016693115,0.6308286190032959,46.16572570800781,0.9423980116844177,-0.0019700073171406984,0.9423980116844177,0.98063725233078,0.9862626194953918,0.992651104927063
18,val,0,1.0,1.0,0,PVC_20_0,18,0.5,12500.0,15.359999656677246,3.0878708362579346,3.2666027545928955,3.1714608669281006,0.09514188021421432,0.9108497500419617,2.260611057281494,0.20081698894500732,0.80083829164505,1.2589558362960815,1.6484487056732178,0.4383312165737152,0.4383312165737152,1.2672693729400635,1.9010930061340332,0.5694921016693115,0.6168425679206848,43.36851501464844,0.9367831349372864,-0.0034224423579871655,0.9367831349372864,0.98063725233078,0.9862626194953918,0.992651104927063
19,train,0,1.0,1.0,1,PVC_20_180,0,0.05000000074505806,1250.0,0.15360000729560852,0.30792152881622314,0.04232846945524216,0.04109562933444977,0.0012328410521149635,0.009692647494375706,0.03140298277139664,0.015697015449404716,1.2701888152388818e-10,0.01570596545934677,0.013280894607305527,1.3017747316988583e-22,0.013280894607305527,1.348542332649231,2.110056161880493,0.6074997186660767,0.9950531721115112,119.01063537597656,0.6695587635040283,0.004801666829735041,0.6695587635040283,0.9932008385658264,0.990896463394165,0.9924517273902893
20,train,0,1.0,1.0,1,PVC_20_180,1,0.07500000298023224,1875.0,0.3456000089645386,0.17357100546360016,0.09517887234687805,0.0924067348241806,0.0027721344958990812,0.021808456629514694,0.07059828191995621,0.03525985777378082,2.857925285315588e-10,0.035338424146175385,0.030723044648766518,2.8289993467871503e-22,0.030723044648766518,1.348542332649231,2.110056161880493,0.6074997186660767,0.9886112809181213,117.72225952148438,0.6690080761909485,0.002846276154741645,0.6690080761909485,0.9932008385658264,0.990896463394165,0.9924517273902893
21,train,0,1.0,1.0,1,PVC_20_180,2,0.10000000149011612,2500.0,0.6144000291824341,0.34319770336151123,0.16905738413333893,0.16413350403308868,0.004923875909298658,0.03877058997750282,0.12536291778087616,0.06253905594348907,5.080755260955527e-10,0.06282386183738708,0.05678054317831993,4.807654095618108e-22,0.05678054317831993,1.348542332649231,2.110056161880493,0.6074997186660767,0.9791058301925659,115.8211669921875,0.6682385802268982,0.0012717072386294603,0.6682385802268982,0.9932008385658264,0.990896463394165,0.9924517273902893
22,train,0,1.0,1.0,1,PVC_20_180,3,0.125,3125.0,0.9599999785423279,0.31932196021080017,0.26385262608528137,0.25616779923439026,0.007684817537665367,0.06057904288172722,0.19558875262737274,0.09742646664381027,7.938680268715359e-10,0.09816228598356247,0.09318999201059341,7.104417698677035e-22,0.09318999201059341,1.348542332649231,2.110056161880493,0.6074997186660767,0.9660651087760925,113.21302032470703,0.6672518253326416,-0.0001474190503358841,0.6672518253326416,0.9932008385658264,0.990896463394165,0.9924517273902893
23,val,0,1.0,1.0,1,PVC_20_180,4,0.15000000596046448,3750.0,1.3824000358581543,0.31083568930625916,0.3794223666191101,0.36837154626846313,0.011050811968743801,0.08723382651805878,0.28113773465156555,0.139784038066864,1.1431701141262351e-09,0.14135369658470154,0.14211547374725342,3.0935381589327246e-21,0.14211547374725342,1.348542332649231,2.110056161880493,0.6074997186660767,0.9489836692810059,109.7967300415039,0.6660498976707458,-0.0014527597231790423,0.6660498976707458,0.9932008385658264,0.990896463394165,0.9924517273902893
24,val,0,1.0,1.0,1,PVC_20_180,5,0.17499999701976776,4375.0,1.881600022315979,0.5591400265693665,0.5155945420265198,0.5005776882171631,0.015016843564808369,0.1187349259853363,0.3818427622318268,0.18944469094276428,1.5559813437704406e-09,0.1923980712890625,0.20557907223701477,4.078542853266631e-21,0.20557907223701477,1.348542332649231,2.110056161880493,0.6074997186660767,0.927563488483429,105.51270294189453,0.6646356582641602,-0.0025972535368055105,0.6646356582641602,0.9932008385658264,0.990896463394165,0.9924517273902893
25,train,0,1.0,1.0,1,PVC_20_180,6,0.20000000298023224,5000.0,2.4576001167297363,0.6062102913856506,0.6721680760383606,0.6525910496711731,0.01957704871892929,0.1550823599100113,0.497508704662323,0.24621327221393585,2.032302104382211e-09,0.25129544734954834,0.28418269753456116,5.143182058862414e-21,0.28418269753456116,1.348542332649231,2.110056161880493,0.6074997186660767,0.9021280407905579,100.42560577392578,0.6630123257637024,-0.003502550069242716,0.6630123257637024,0.9932008385658264,0.990896463394165,0.9924517273902893
26,train,0,1.0,1.0,1,PVC_20_180,7,0.22499999403953552,5625.0,3.1103999614715576,0.8631705045700073,0.8489148020744324,0.8241900205612183,0.024724774062633514,0.19627609848976135,0.6279139518737793,0.309868186712265,2.5721322849392436e-09,0.31804579496383667,0.3756729066371918,6.2701978720074416e-21,0.3756729066371918,1.348542332649231,2.110056161880493,0.6074997186660767,0.8739358186721802,94.78716278076172,0.6611843705177307,-0.004086667206138372,0.6611843705177307,0.9932008385658264,0.990896463394165,0.9924517273902893
27,val,0,1.0,1.0,1,PVC_20_180,8,0.25,6250.0,3.8399999141693115,1.0573121309280396,1.0455809831619263,1.0151283740997314,0.03045262023806572,0.24231617152690887,0.7728121876716614,0.3801630437374115,3.1754721074861436e-09,0.3926491439342499,0.47503334283828735,2.200904255082346e-21,0.47503334283828735,1.348542332649231,2.110056161880493,0.6074997186660767,0.8448962569236755,88.97925567626953,0.6591566801071167,-0.004297991748899221,0.6591566801071167,0.9932008385658264,0.990896463394165,0.9924517273902893
28,val,0,1.0,1.0,1,PVC_20_180,9,0.2750000059604645,6875.0,4.646399974822998,1.2427419424057007,1.2618892192840576,1.2251367568969727,0.03675249218940735,0.29320257902145386,0.931934118270874,0.45682868361473083,3.842321572022911e-09,0.4751054644584656,0.5766147971153259,2.6106018041597455e-21,0.5766147971153259,1.348542332649231,2.110056161880493,0.6074997186660767,0.8167735934257507,83.3547134399414,0.6569352746009827,-0.0041241878643631935,0.6569352746009827,0.9932008385658264,0.990896463394165,0.9924517273902893
29,train,0,1.0,1.0,1,PVC_20_180,10,0.30000001192092896,7500.0,5.529600143432617,1.5060391426086426,1.4975417852401733,1.4539260864257812,0.04361569881439209,0.3489353060722351,1.1049907207489014,0.53957599401474,4.572680456504941e-09,0.5654147863388062,0.6762266159057617,3.0584045913771367e-21,0.6762266159057617,1.348542332649231,2.110056161880493,0.6074997186660767,0.7906438708305359,78.12877655029297,0.6545271277427673,-0.0036034893710166216,0.6545271277427673,0.9932008385658264,0.990896463394165,0.9924517273902893
30,train,0,1.0,1.0,1,PVC_20_180,11,0.32499998807907104,8125.0,6.48960018157959,1.597334623336792,1.752223014831543,1.7011899948120117,0.05103302001953125,0.40951430797576904,1.2916756868362427,0.6280986666679382,5.366548094798418e-09,0.6635770201683044,0.771656334400177,3.5438832744536875e-21,0.771656334400177,1.348542332649231,2.110056161880493,0.6074997186660767,0.766912579536438,73.38251495361328,0.6519402861595154,-0.002820858731865883,0.6519402861595154,0.9932008385658264,0.990896463394165,0.9924517273902893
31,train,0,1.0,1.0,1,PVC_20_180,12,0.3499999940395355,8750.0,7.526400089263916,1.9695085287094116,2.0256030559539795,1.9666082859039307,0.058994825929403305,0.4749397039413452,1.4916685819625854,0.7220762968063354,6.2239253750817625e-09,0.76959228515625,0.8621596693992615,1.1680538468040135e-22,0.8621596693992615,1.348542332649231,2.110056161880493,0.6074997186660767,0.7455744743347168,69.1148910522461,0.6491835117340088,-0.0019036378944292665,0.6491835117340088,0.9932008385658264,0.990896463394165,0.9924517273902893
32,val,0,1.0,1.0,1,PVC_20_180,13,0.375,9375.0,8.640000343322754,2.2906291484832764,2.317340850830078,2.249849796295166,0.06749112159013748,0.5452114343643188,1.7046384811401367,0.8211780190467834,7.144812297354974e-09,0.883460521697998,0.9478147625923157,1.0756810115930194e-22,0.9478147625923157,1.348542332649231,2.110056161880493,0.6074997186660767,0.7264378666877747,65.2875747680664,0.6462668776512146,-0.0010097190970554948,0.6462668776512146,0.9932008385658264,0.990896463394165,0.9924517273902893
33,train,0,1.0,1.0,1,PVC_20_180,14,0.4000000059604645,10000.0,9.830400466918945,2.650298833847046,2.627089262008667,2.5505776405334473,0.07651172578334808,0.6203294396400452,1.9302482604980469,0.9250664114952087,8.129208417528844e-09,1.0051817893981934,1.0290770530700684,9.475226058219414e-23,1.0290770530700684,1.348542332649231,2.110056161880493,0.6074997186660767,0.7092531323432922,61.850624084472656,0.6432011723518372,-0.0003133583813905716,0.6432011723518372,0.9932008385658264,0.990896463394165,0.9924517273902893
34,val,0,1.0,1.0,1,PVC_20_180,15,0.42500001192092896,10625.0,11.097599983215332,2.8269872665405273,2.9544966220855713,2.868450403213501,0.08604629337787628,0.7002938389778137,2.168156623840332,1.033400535583496,9.177115067871e-09,1.1347559690475464,1.1065337657928467,8.751692933370289e-23,1.1065337657928467,1.348542332649231,2.110056161880493,0.6074997186660767,0.6937710642814636,58.754215240478516,0.6399980187416077,8.596107363700867e-06,0.6399980187416077,0.9932008385658264,0.990896463394165,0.9924517273902893
35,val,0,1.0,1.0,1,PVC_20_180,16,0.44999998807907104,11250.0,12.44159984588623,3.2195968627929688,3.299213409423828,3.2031288146972656,0.09608451277017593,0.7851043939590454,2.4180243015289307,1.145841121673584,1.0288529139756974e-08,1.2721831798553467,1.1807831525802612,1.4413170314209997e-23,1.1807831525802612,1.348542332649231,2.110056161880493,0.6074997186660767,0.6797662973403931,55.95326232910156,0.6366698145866394,-0.00021238811314105988,0.6366698145866394,0.9932008385658264,0.990896463394165,0.9924517273902893
36,train,0,1.0,1.0,1,PVC_20_180,17,0.4749999940395355,11875.0,13.86240005493164,3.643343448638916,3.660893440246582,3.5542774200439453,0.1066160649061203,0.8747614026069641,2.679516077041626,1.2620526552200317,1.1463455074078865e-08,1.4174634218215942,1.2523813247680664,2.179188649855603e-23,1.2523813247680664,1.348542332649231,2.110056161880493,0.6074997186660767,0.6670430302619934,53.408607482910156,0.6332294344902039,-0.0011245175264775753,0.6332294344902039,0.9932008385658264,0.990896463394165,0.9924517273902893
37,train,0,1.0,1.0,1,PVC_20_180,18,0.5,12500.0,15.359999656677246,4.037886619567871,4.039200305938721,3.921569347381592,0.11763080954551697,0.9692646861076355,2.9523046016693115,1.381708025932312,1.2701888429944574e-08,1.5705965757369995,1.3218237161636353,7.380154498657305e-22,1.3218237161636353,1.348542332649231,2.110056161880493,0.6074997186660767,0.6554343104362488,51.08686828613281,0.6296903491020203,-0.0028494687285274267,0.6296903491020203,0.9932008385658264,0.990896463394165,0.9924517273902893
38,train,0,1.0,1.0,2,PVC_10_0,0,0.05000000074505806,1250.0,0.15360000729560852,0.004296653904020786,0.02269626595079899,0.02203521877527237,0.0006610472919419408,0.009411203674972057,0.012624014168977737,0.0011221041204407811,0.004219490569084883,0.007282419130206108,0.00040676744538359344,0.006354009732604027,0.006354009732604027,1.3093849420547485,1.9542827606201172,0.5825235843658447,0.9039982557296753,100.79964447021484,0.9992882609367371,0.010590259917080402,0.9992882609367371,0.9825791120529175,0.9883890151977539,0.9949236512184143
39,train,0,1.0,1.0,2,PVC_10_0,1,0.07500000298023224,1875.0,0.3456000089645386,0.0044425735250115395,0.05103778839111328,0.04955127090215683,0.0014865169068798423,0.021175209432840347,0.028376061469316483,0.0025218697264790535,0.009493853896856308,0.016360336914658546,0.0009348801104351878,0.013912936672568321,0.013912936672568321,1.3093849420547485,1.9542827606201172,0.5825235843658447,0.9087178111076355,101.7435531616211,0.9984002709388733,0.007267181761562824,0.9984002709388733,0.9825791120529175,0.9883890151977539,0.9949236512184143
40,train,0,1.0,1.0,2,PVC_10_0,2,0.10000000149011612,2500.0,0.6144000291824341,0.11792551726102829,0.09066226333379745,0.0880216509103775,0.002640611259266734,0.03764481469988823,0.05037683993577957,0.0044762203469872475,0.01687796227633953,0.029022660106420517,0.001714052981697023,0.02382538840174675,0.02382538840174675,1.3093849420547485,1.9542827606201172,0.5825235843658447,0.91482013463974,102.96401977539062,0.9971602559089661,0.004088541027158499,0.9971602559089661,0.9825791120529175,0.9883890151977539,0.9949236512184143
41,val,0,1.0,1.0,2,PVC_10_0,3,0.125,3125.0,0.9599999785423279,0.3397746682167053,0.14151640236377716,0.13739462196826935,0.004121778067201376,0.05882002040743828,0.07857460528612137,0.006979892496019602,0.02637181617319584,0.045222897082567215,0.0027921691071242094,0.035525012761354446,0.035525012761354446,1.3093849420547485,1.9542827606201172,0.5825235843658447,0.9218372106552124,104.36743927001953,0.9955714344978333,0.0017731301486492157,0.9955714344978333,0.9825791120529175,0.9883890151977539,0.9949236512184143
42,train,0,1.0,1.0,2,PVC_10_0,4,0.15000000596046448,3750.0,1.3824000358581543,0.16250543296337128,0.2035321295261383,0.19760408997535706,0.005928033962845802,0.08470083773136139,0.11290325224399567,0.01002619881182909,0.03797541558742523,0.06490163505077362,0.004245518706738949,0.04842253029346466,0.04842253029346466,1.3093849420547485,1.9542827606201172,0.5825235843658447,0.9292217493057251,105.84434509277344,0.9936379790306091,0.0003375839442014694,0.9936379790306091,0.9825791120529175,0.9883890151977539,0.9949236512184143
43,val,0,1.0,1.0,2,PVC_10_0,5,0.17499999701976776,4375.0,1.881600022315979,0.17313167452812195,0.27662694454193115,0.2685699760913849,0.008056976832449436,0.11528725177049637,0.15328273177146912,0.013607092201709747,0.05168875679373741,0.08798688650131226,0.006197645794600248,0.06197976693511009,0.06197976693511009,1.3093849420547485,1.9542827606201172,0.5825235843658447,0.9363734722137451,107.27469635009766,0.9913650155067444,-0.0003794003278017044,0.9913650155067444,0.9825791120529175,0.9883890151977539,0.9949236512184143
44,train,0,1.0,1.0,2,PVC_10_0,6,0.20000000298023224,5000.0,2.4576001167297363,0.32816481590270996,0.36070460081100464,0.35019880533218384,0.010505802929401398,0.15057925879955292,0.19961956143379211,0.01771322451531887,0.06751184910535812,0.11439448595046997,0.008858030661940575,0.07576147466897964,0.07576147466897964,1.3093849420547485,1.9542827606201172,0.5825235843658447,0.9426351189613342,108.52703094482422,0.9887587428092957,-0.0005544889718294144,0.9887587428092957,0.9825791120529175,0.9883890151977539,0.9949236512184143
45,train,0,1.0,1.0,2,PVC_10_0,7,0.22499999403953552,5625.0,3.1103999614715576,0.4748879671096802,0.4556555449962616,0.4423842132091522,0.01327131874859333,0.19057688117027283,0.2518073320388794,0.02233404852449894,0.08544468134641647,0.14402860403060913,0.012609980069100857,0.0894559770822525,0.0894559770822525,1.3093849420547485,1.9542827606201172,0.5825235843658447,0.9472165703773499,109.44332122802734,0.9858264327049255,-0.0003433395177125931,0.9858264327049255,0.9825791120529175,0.9883890151977539,0.9949236512184143
46,train,0,1.0,1.0,2,PVC_10_0,8,0.25,6250.0,3.8399999141693115,0.5574852824211121,0.5613576769828796,0.5450077056884766,0.016349969431757927,0.2352800816297531,0.30972763895988464,0.027457887306809425,0.10548726469278336,0.17678247392177582,0.01824268512427807,0.10286881029605865,0.10286881029605865,1.3093849420547485,1.9542827606201172,0.5825235843658447,0.9489527344703674,109.79054260253906,0.9825763702392578,0.00013665668666362762,0.9825763702392578,0.9825791120529175,0.9883890151977539,0.9949236512184143
47,train,0,1.0,1.0,2,PVC_10_0,9,0.2750000059604645,6875.0,4.646399974822998,0.5972995758056641,0.6776773929595947,0.6579395532608032,0.019737867638468742,0.28468891978263855,0.37325066328048706,0.033072032034397125,0.12763959169387817,0.21253903210163116,0.027722017839550972,0.11590054631233215,0.11590054631233215,1.3093849420547485,1.9542827606201172,0.5825235843658447,0.9455310702323914,109.10620880126953,0.9790179133415222,0.0007966289413161576,0.9790179133415222,0.9825791120529175,0.9883890151977539,0.9949236512184143
48,val,0,1.0,1.0,2,PVC_10_0,10,0.30000001192092896,7500.0,5.529600143432617,0.7768981456756592,0.8044707775115967,0.7810399532318115,0.02343081496655941,0.33880335092544556,0.44223663210868835,0.039162881672382355,0.15190166234970093,0.25117209553718567,0.04799525439739227,0.12852023541927338,0.12852023541927338,1.3093849420547485,1.9542827606201172,0.5825235843658447,0.9301102161407471,106.02204132080078,0.9751617908477783,0.0015721438685432076,0.9751617908477783,0.9825791120529175,0.9883890151977539,0.9949236512184143
49,train,0,1.0,1.0,2,PVC_10_0,11,0.32499998807907104,8125.0,6.48960018157959,0.982464611530304,0.9415841698646545,0.9141598343849182,0.02742433361709118,0.39762336015701294,0.5165364742279053,0.04571598395705223,0.17827346920967102,0.2925470173358917,0.12503765523433685,0.14074119925498962,0.14074119925498962,1.3093849420547485,1.9542827606201172,0.5825235843658447,0.8688808679580688,93.77617645263672,0.9710193276405334,0.002415725030004978,0.9710193276405334,0.9825791120529175,0.9883890151977539,0.9949236512184143
50,train,0,1.0,1.0,2,PVC_10_0,12,0.3499999940395355,8750.0,7.526400089263916,1.096636176109314,1.0888564586639404,1.057142734527588,0.03171374276280403,0.4611489474773407,0.5959937572479248,0.052716225385665894,0.20675502717494965,0.33652251958847046,0.28669342398643494,0.15260235965251923,0.15260235965251923,1.3093849420547485,1.9542827606201172,0.5825235843658447,0.778120756149292,75.62416076660156,0.9666033387184143,0.0032936346251517534,0.9666033387184143,0.9825791120529175,0.9883890151977539,0.9949236512184143
51,val,0,1.0,1.0,2,PVC_10_0,13,0.375,9375.0,8.640000343322754,1.2108826637268066,1.2461198568344116,1.2098257541656494,0.03629414364695549,0.529380202293396,0.6804455518722534,0.060147881507873535,0.237346351146698,0.3829513490200043,0.4131476581096649,0.1641552746295929,0.1641552746295929,1.3093849420547485,1.9542827606201172,0.5825235843658447,0.7271667718887329,65.43335723876953,0.9619276523590088,0.004183340817689896,0.9619276523590088,0.9825791120529175,0.9883890151977539,0.9949236512184143
52,train,0,1.0,1.0,2,PVC_10_0,14,0.4000000059604645,10000.0,9.830400466918945,1.3690028190612793,1.4132016897201538,1.3720412254333496,0.04116050899028778,0.6023170351982117,0.7697242498397827,0.06799476593732834,0.2700473964214325,0.43168210983276367,0.5165508985519409,0.17545562982559204,0.17545562982559204,1.3093849420547485,1.9542827606201172,0.5825235843658447,0.6930793523788452,58.615875244140625,0.9570067524909973,0.005066930782049894,0.9570067524909973,0.9825791120529175,0.9883890151977539,0.9949236512184143
53,val,0,1.0,1.0,2,PVC_10_0,15,0.42500001192092896,10625.0,11.097599983215332,1.6664570569992065,1.5899262428283691,1.5436185598373413,0.046307723969221115,0.6799594163894653,0.863659143447876,0.07624035328626633,0.3048582077026367,0.48256057500839233,0.6059073209762573,0.18655820190906525,0.18655820190906525,1.3093849420547485,1.9542827606201172,0.5825235843658447,0.6676045656204224,53.52091598510742,0.9518563151359558,0.005932721309363842,0.9518563151359558,0.9825791120529175,0.9883890151977539,0.9949236512184143
54,train,0,1.0,1.0,2,PVC_10_0,16,0.44999998807907104,11250.0,12.44159984588623,1.7020379304885864,1.7761162519454956,1.7243856191635132,0.051730625331401825,0.7623075246810913,0.9620780944824219,0.08486782014369965,0.3417787253856659,0.5354315042495728,0.6854745745658875,0.197514146566391,0.197514146566391,1.3093849420547485,1.9542827606201172,0.5825235843658447,0.6474189162254333,49.48377990722656,0.9464924931526184,0.0067722490057349205,0.9464924931526184,0.9825791120529175,0.9883890151977539,0.9949236512184143
55,train,0,1.0,1.0,2,PVC_10_0,17,0.4749999940395355,11875.0,13.86240005493164,1.914313793182373,1.9715944528579712,1.9141703844070435,0.05742403864860535,0.8493611812591553,1.0648092031478882,0.09386026859283447,0.38080909848213196,0.5901398062705994,0.7577104568481445,0.2083696573972702,0.2083696573972702,1.3093849420547485,1.9542827606201172,0.5825235843658447,0.6308286190032959,46.16572570800781,0.9409325122833252,0.007580953184515238,0.9409325122833252,0.9825791120529175,0.9883890151977539,0.9949236512184143
56,train,0,1.0,1.0,2,PVC_10_0,18,0.5,12500.0,15.359999656677246,2.087332010269165,2.176185131072998,2.112802267074585,0.06338285654783249,0.9411203265190125,1.1716820001602173,0.10320070385932922,0.4219490587711334,0.6465322375297546,0.8242243528366089,0.2191656082868576,0.2191656082868576,1.3093849420547485,1.9542827606201172,0.5825235843658447,0.6168425679206848,43.36851501464844,0.9351937174797058,0.008354750461876392,0.9351937174797058,0.9825791120529175,0.9883890151977539,0.9949236512184143
57,train,0,1.0,1.0,3,PVC_10_180,0,0.05000000074505806,1250.0,0.15360000729560852,0.1761522889137268,0.027086369693279266,0.02629746124148369,0.0007889080443419516,0.010042822919785976,0.016254637390375137,0.008126536384224892,6.739597074867376e-11,0.008128100074827671,0.006640447303652763,6.508873658494291e-23,0.006640447303652763,1.397262454032898,2.1787564754486084,0.6227996349334717,0.9950531721115112,119.01063537597656,0.6695444583892822,-0.002656827913597226,0.6695444583892822,0.9960004091262817,0.9933606386184692,0.9948305487632751
58,val,0,1.0,1.0,3,PVC_10_180,1,0.07500000298023224,1875.0,0.3456000089645386,0.1749381422996521,0.060912154614925385,0.05913805216550827,0.0017741038464009762,0.02259635180234909,0.03654170036315918,0.018253473564982414,1.5164096367481505e-10,0.018288226798176765,0.015361522324383259,1.4144996733935752e-22,0.015361522324383259,1.397262454032898,2.1787564754486084,0.6227996349334717,0.9886112809181213,117.72225952148438,0.668975830078125,-0.00253580161370337,0.668975830078125,0.9960004091262817,0.9933606386184692,0.9948305487632751
59,train,0,1.0,1.0,3,PVC_10_180,2,0.10000000149011612,2500.0,0.6144000291824341,0.10751472413539886,0.10820836573839188,0.10505673289299011,0.00315163005143404,0.040171291679143906,0.06488543748855591,0.03237304091453552,2.6958388299469505e-10,0.032512400299310684,0.028390271589159966,2.403827047809054e-22,0.028390271589159966,1.397262454032898,2.1787564754486084,0.6227996349334717,0.9791058301925659,115.8211669921875,0.6681813597679138,-0.0017653555842116475,0.6681813597679138,0.9960004091262817,0.9933606386184692,0.9948305487632751
60,val,0,1.0,1.0,3,PVC_10_180,3,0.125,3125.0,0.9599999785423279,0.198393777012825,0.16891546547412872,0.16399571299552917,0.004919750615954399,0.0627676472067833,0.10122807323932648,0.05042744800448418,4.212248050361467e-10,0.0508006252348423,0.04659499600529671,3.5522088493385176e-22,0.04659499600529671,1.397262454032898,2.1787564754486084,0.6227996349334717,0.9660651087760925,113.21302032470703,0.6671627163887024,-0.0008274184656329453,0.6671627163887024,0.9960004091262817,0.9933606386184692,0.9948305487632751
61,train,0,1.0,1.0,3,PVC_10_180,4,0.15000000596046448,3750.0,1.3824000358581543,0.27636855840682983,0.24295751750469208,0.2358812689781189,0.007076249457895756,0.09038540720939636,0.14549586176872253,0.07234294712543488,6.065638546992602e-10,0.07315290719270706,0.07105773687362671,1.5467690794663623e-21,0.07105773687362671,1.397262454032898,2.1787564754486084,0.6227996349334717,0.9489836692810059,109.7967300415039,0.6659221053123474,5.9081241488456726e-05,0.6659221053123474,0.9960004091262817,0.9933606386184692,0.9948305487632751
62,val,0,1.0,1.0,3,PVC_10_180,5,0.17499999701976776,4375.0,1.881600022315979,0.3855060040950775,0.3302425146102905,0.32062408328056335,0.009618442505598068,0.12302457541227341,0.19759950041770935,0.09803027659654617,8.256005323836746e-10,0.09956922382116318,0.10278953611850739,2.0392714266333154e-21,0.10278953611850739,1.397262454032898,2.1787564754486084,0.6227996349334717,0.927563488483429,105.51270294189453,0.6644625067710876,0.0007955262553878129,0.6644625067710876,0.9960004091262817,0.9933606386184692,0.9948305487632751
63,train,0,1.0,1.0,3,PVC_10_180,6,0.20000000298023224,5000.0,2.4576001167297363,0.4729076027870178,0.4306632876396179,0.4181200861930847,0.012543202377855778,0.16068516671657562,0.2574349045753479,0.12738531827926636,1.0783355319787802e-09,0.13004960119724274,0.14209134876728058,2.571591029431207e-21,0.14209134876728058,1.397262454032898,2.1787564754486084,0.6227996349334717,0.9021280407905579,100.42560577392578,0.6627876162528992,0.0013416233705356717,0.6627876162528992,0.9960004091262817,0.9933606386184692,0.9948305487632751
64,train,0,1.0,1.0,3,PVC_10_180,7,0.22499999403953552,5625.0,3.1103999614715576,0.585237979888916,0.5440979599952698,0.5282509922981262,0.015846971422433853,0.20336715877056122,0.3248838186264038,0.16028980910778046,1.3647680763284598e-09,0.16459400951862335,0.1878364533185959,3.1350989360037208e-21,0.1878364533185959,1.397262454032898,2.1787564754486084,0.6227996349334717,0.8739358186721802,94.78716278076172,0.6609019041061401,0.0016859287861734629,0.6609019041061401,0.9960004091262817,0.9933606386184692,0.9948305487632751
65,train,0,1.0,1.0,3,PVC_10_180,8,0.25,6250.0,3.8399999141693115,0.6845232844352722,0.6704114079475403,0.6508855819702148,0.0195258017629385,0.2510705888271332,0.3998149633407593,0.19661246240139008,1.6848992201445867e-09,0.2032025009393692,0.23751667141914368,1.100452127541173e-21,0.23751667141914368,1.397262454032898,2.1787564754486084,0.6227996349334717,0.8448962569236755,88.97925567626953,0.6588108539581299,0.0018302013631910086,0.6588108539581299,0.9960004091262817,0.9933606386184692,0.9948305487632751
66,train,0,1.0,1.0,3,PVC_10_180,9,0.2750000059604645,6875.0,4.646399974822998,0.8764917254447937,0.8094557523727417,0.7858803868293762,0.023575372993946075,0.30379539728164673,0.4820849895477295,0.2362099587917328,2.0387278532041364e-09,0.2458750158548355,0.28830739855766296,1.3053009020798728e-21,0.28830739855766296,1.397262454032898,2.1787564754486084,0.6227996349334717,0.8167735934257507,83.3547134399414,0.6565209031105042,0.0017958692042157054,0.6565209031105042,0.9960004091262817,0.9933606386184692,0.9948305487632751
67,train,0,1.0,1.0,3,PVC_10_180,10,0.30000001192092896,7500.0,5.529600143432617,0.9029657244682312,0.9610729217529297,0.933081865310669,0.027991054579615593,0.36154162883758545,0.5715402364730835,0.27892863750457764,2.426255418797041e-09,0.29261162877082825,0.33811330795288086,1.5292022956885683e-21,0.33811330795288086,1.397262454032898,2.1787564754486084,0.6227996349334717,0.7906438708305359,78.12877655029297,0.6540395617485046,0.0016132411547005177,0.6540395617485046,0.9960004091262817,0.9933606386184692,0.9948305487632751
68,train,0,1.0,1.0,3,PVC_10_180,11,0.32499998807907104,8125.0,6.48960018157959,1.0138746500015259,1.125095009803772,1.0923271179199219,0.03276792913675308,0.42430928349494934,0.6680178642272949,0.3246056139469147,2.8474798074995533e-09,0.34341222047805786,0.3858281672000885,1.7719416372268438e-21,0.3858281672000885,1.397262454032898,2.1787564754486084,0.6227996349334717,0.766912579536438,73.38251495361328,0.6513752937316895,0.0013263943837955594,0.6513752937316895,0.9960004091262817,0.9933606386184692,0.9948305487632751
69,train,0,1.0,1.0,3,PVC_10_180,12,0.3499999940395355,8750.0,7.526400089263916,1.313947081565857,1.301347255706787,1.2634464502334595,0.03790084645152092,0.49209824204444885,0.771348237991333,0.3730713427066803,3.3024021295346984e-09,0.3982768952846527,0.43107983469963074,5.840269234020067e-23,0.43107983469963074,1.397262454032898,2.1787564754486084,0.6227996349334717,0.7455744743347168,69.1148910522461,0.6485377550125122,0.0009809263283386827,0.6485377550125122,0.9960004091262817,0.9933606386184692,0.9948305487632751
70,train,0,1.0,1.0,3,PVC_10_180,13,0.375,9375.0,8.640000343322754,1.5928974151611328,1.4896494150161743,1.4462649822235107,0.04338448867201805,0.5649087429046631,0.8813562393188477,0.42415061593055725,3.791022606947081e-09,0.4572056233882904,0.47390738129615784,5.378405057965097e-23,0.47390738129615784,1.397262454032898,2.1787564754486084,0.6227996349334717,0.7264378666877747,65.2875747680664,0.6455374956130981,0.0006232988089323044,0.6455374956130981,0.9960004091262817,0.9933606386184692,0.9948305487632751
71,val,0,1.0,1.0,3,PVC_10_180,14,0.4000000059604645,10000.0,9.830400466918945,1.7449835538864136,1.6898179054260254,1.6406044960021973,0.04921337217092514,0.6427406668663025,0.9978638887405396,0.4776654839515686,4.313342127915121e-09,0.520198404788971,0.5145385265350342,4.737613029109707e-23,0.5145385265350342,1.397262454032898,2.1787564754486084,0.6227996349334717,0.7092531323432922,61.850624084472656,0.6423861980438232,0.000292433425784111,0.6423861980438232,0.9960004091262817,0.9933606386184692,0.9948305487632751
72,train,0,1.0,1.0,3,PVC_10_180,15,0.42500001192092896,10625.0,11.097599983215332,1.9275760650634766,1.9016677141189575,1.8462858200073242,0.05538192018866539,0.7255939841270447,1.1206917762756348,0.5334365367889404,4.8693586940373734e-09,0.5872551798820496,0.5532668828964233,4.3758464666851443e-23,0.5532668828964233,1.397262454032898,2.1787564754486084,0.6227996349334717,0.6937710642814636,58.754215240478516,0.639096200466156,1.7805024981498718e-05,0.639096200466156,0.9960004091262817,0.9933606386184692,0.9948305487632751
73,train,0,1.0,1.0,3,PVC_10_180,16,0.44999998807907104,11250.0,12.44159984588623,2.2017436027526855,2.1250147819519043,2.0631303787231445,0.06188443303108215,0.8134686350822449,1.2496616840362549,0.5912855863571167,5.459072305313839e-09,0.6583760380744934,0.5903915762901306,7.206585157104998e-24,0.5903915762901306,1.397262454032898,2.1787564754486084,0.6227996349334717,0.6797662973403931,55.95326232910156,0.6356807351112366,-0.0001773405820131302,0.6356807351112366,0.9960004091262817,0.9933606386184692,0.9948305487632751
74,train,0,1.0,1.0,3,PVC_10_180,17,0.4749999940395355,11875.0,13.86240005493164,2.481191635131836,2.359678268432617,2.2909631729125977,0.06871508806943893,0.9063647985458374,1.3845984935760498,0.6510374546051025,6.082486514458196e-09,0.7335610389709473,0.6261906623840332,1.0895943249278015e-23,0.6261906623840332,1.397262454032898,2.1787564754486084,0.6227996349334717,0.6670430302619934,53.408607482910156,0.6321534514427185,-0.00028126128017902374,0.6321534514427185,0.9960004091262817,0.9933606386184692,0.9948305487632751
75,train,0,1.0,1.0,3,PVC_10_180,18,0.5,12500.0,15.359999656677246,2.5872838497161865,2.6054811477661133,2.529613494873047,0.07586774230003357,1.0042823553085327,1.5253312587738037,0.7125211954116821,6.739596880578347e-09,0.8128100037574768,0.6609118580818176,3.6900772493286525e-22,0.6609118580818176,1.397262454032898,2.1787564754486084,0.6227996349334717,0.6554343104362488,51.08686828613281,0.628528356552124,-0.0002853740006685257,0.628528356552124,0.9960004091262817,0.9933606386184692,0.9948305487632751
76,train,0,1.0,1.0,8,guijiao_20_0,0,0.05000000074505806,1250.0,4.0,0.03274283930659294,0.02566603757441044,0.02491852454841137,0.0007475126767531037,0.004913646727800369,0.020004877820611,0.008214305154979229,0.003529679263010621,0.008260893635451794,0.01904510147869587,0.008109244517982006,0.008109244517982006,0.6836378574371338,1.1627734899520874,0.4202035069465637,0.6207086443901062,44.14173126220703,0.9874497056007385,0.0013383451150730252,0.9874497056007385,0.9599922299385071,0.9632061123847961,0.965438961982727
77,val,0,1.0,1.0,8,guijiao_20_0,1,0.07500000298023224,1875.0,9.0,0.1314956545829773,0.0568535253405571,0.05519959703087807,0.0016539279604330659,0.01105570513755083,0.04414389282464981,0.018050063401460648,0.007941776886582375,0.018152054399251938,0.03737829253077507,0.012877439148724079,0.012877439148724079,0.6836378574371338,1.1627734899520874,0.4202035069465637,0.5476172566413879,29.523452758789062,0.9721494317054749,-0.01161819789558649,0.9721494317054749,0.9599922299385071,0.9632061123847961,0.965438961982727
78,val,0,1.0,1.0,8,guijiao_20_0,2,0.10000000149011612,2500.0,16.0,0.1263606995344162,0.09412805736064911,0.09606017917394638,-0.0019321193685755134,0.019654586911201477,0.0764055922627449,0.031057171523571014,0.014118717052042484,0.03122970275580883,0.05183761939406395,0.01717318408191204,0.01717318408191204,0.6836378574371338,1.1627734899520874,0.4202035069465637,0.5097271203994751,21.9454288482666,0.9515788555145264,-0.006063507869839668,0.9515788555145264,0.9599922299385071,0.9632061123847961,0.965438961982727
79,train,0,1.0,1.0,8,guijiao_20_0,3,0.125,3125.0,25.0,0.10596927255392075,0.1418045610189438,0.14618618786334991,-0.004381631035357714,0.030710291117429733,0.11547589302062988,0.046584658324718475,0.022060494869947433,0.04683073237538338,0.06461422890424728,0.02142789214849472,0.02142789214849472,0.6836378574371338,1.1627734899520874,0.4202035069465637,0.48791635036468506,17.583267211914062,0.9267544746398926,0.003305152989923954,0.9267544746398926,0.9599922299385071,0.9632061123847961,0.965438961982727
80,train,0,1.0,1.0,8,guijiao_20_0,4,0.15000000596046448,3750.0,36.0,0.2565729320049286,0.19809077680110931,0.20421664416790009,-0.006125862244516611,0.04422282055020332,0.15999382734298706,0.0639629065990448,0.0317671075463295,0.06426380574703217,0.07707758992910385,0.02586590126156807,0.02586590126156807,0.6836378574371338,1.1627734899520874,0.4202035069465637,0.47369226813316345,14.738452911376953,0.8990004658699036,0.0013348135398700833,0.8990004658699036,0.9599922299385071,0.9632061123847961,0.965438961982727
81,val,0,1.0,1.0,8,guijiao_20_0,5,0.17499999701976776,4375.0,49.0,0.34047091007232666,0.26086869835853577,0.2689364552497864,-0.008067767135798931,0.06019217520952225,0.20874427258968353,0.08259869366884232,0.0432385690510273,0.08290700614452362,0.08983232080936432,0.030577916651964188,0.030577916651964188,0.6836378574371338,1.1627734899520874,0.4202035069465637,0.4635932743549347,12.71865463256836,0.8697502613067627,-0.0019983642268925905,0.8697502613067627,0.9599922299385071,0.9632061123847961,0.965438961982727
82,val,0,1.0,1.0,8,guijiao_20_0,6,0.20000000298023224,5000.0,64.0,0.37226971983909607,0.3292158842086792,0.3393975794315338,-0.010181683115661144,0.07861834764480591,0.2607792317867279,0.10203147679567337,0.05647486820816994,0.1022728905081749,0.1031419187784195,0.0355924554169178,0.0355924554169178,0.6836378574371338,1.1627734899520874,0.4202035069465637,0.45599478483200073,11.198957443237305,0.8403053879737854,-0.003864673199132085,0.8403053879737854,0.9599922299385071,0.9632061123847961,0.965438961982727
83,train,0,1.0,1.0,8,guijiao_20_0,7,0.22499999403953552,5625.0,81.0,0.4480170011520386,0.4024941325187683,0.4149421751499176,-0.012448051013052464,0.0995013415813446,0.315440833568573,0.12194032967090607,0.07147599756717682,0.12202450633049011,0.11711513996124268,0.04091043025255203,0.04091043025255203,0.6836378574371338,1.1627734899520874,0.4202035069465637,0.45003658533096313,10.007320404052734,0.8116655349731445,-0.004270752891898155,0.8116655349731445,0.9599922299385071,0.9632061123847961,0.965438961982727
84,val,0,1.0,1.0,8,guijiao_20_0,8,0.25,6250.0,100.0,0.5355852842330933,0.48029884696006775,0.4951532483100891,-0.014854393899440765,0.12284116446971893,0.372312068939209,0.1421179473400116,0.08824197947978973,0.14195215702056885,0.1317870318889618,0.046520885080099106,0.046520885080099106,0.6836378574371338,1.1627734899520874,0.4202035069465637,0.4452192783355713,9.043856620788574,0.7844762206077576,-0.003759368322789669,0.7844762206077576,0.9599922299385071,0.9632061123847961,0.965438961982727
85,train,0,1.0,1.0,8,guijiao_20_0,9,0.2750000059604645,6875.0,121.0,0.537065327167511,0.5623859763145447,0.5797791481018066,-0.01739317551255226,0.1486378163099289,0.43114131689071655,0.16243526339530945,0.10677279531955719,0.1619332730770111,0.14715644717216492,0.052408237010240555,0.052408237010240555,0.6836378574371338,1.1627734899520874,0.4202035069465637,0.4412316679954529,8.246335983276367,0.7590720057487488,-0.0028028730303049088,0.7590720057487488,0.9599922299385071,0.9632061123847961,0.965438961982727
86,train,0,1.0,1.0,8,guijiao_20_0,10,0.30000001192092896,7500.0,144.0,0.6555957198143005,0.6486064791679382,0.6686662435531616,-0.02005978487432003,0.1768912822008133,0.49177494645118713,0.18281190097332,0.127068430185318,0.18189460039138794,0.16320447623729706,0.05855567753314972,0.05855567753314972,0.6836378574371338,1.1627734899520874,0.4202035069465637,0.43786895275115967,7.573787689208984,0.7355610728263855,-0.0017083885613828897,0.7355610728263855,0.9599922299385071,0.9632061123847961,0.965438961982727
87,train,0,1.0,1.0,8,guijiao_20_0,11,0.32499998807907104,8125.0,169.0,0.7337173223495483,0.7388594150543213,0.761710524559021,-0.02285110577940941,0.20760156214237213,0.5541089773178101,0.2031969577074051,0.14912894368171692,0.20178307592868805,0.17990387976169586,0.064946748316288,0.064946748316288,0.6836378574371338,1.1627734899520874,0.4202035069465637,0.43499016761779785,6.998030662536621,0.7139072418212891,-0.000650184229016304,0.7139072418212891,0.9599922299385071,0.9632061123847961,0.965438961982727
88,train,0,1.0,1.0,8,guijiao_20_0,12,0.3499999940395355,8750.0,196.0,0.7751927375793457,0.8330582976341248,0.858822762966156,-0.0257644671946764,0.2407686710357666,0.6180540919303894,0.22355733811855316,0.1729542762041092,0.22154249250888824,0.19722402095794678,0.07156606018543243,0.07156606018543243,0.6836378574371338,1.1627734899520874,0.4202035069465637,0.4324948787689209,6.498973846435547,0.6939907073974609,0.00028593651950359344,0.6939907073974609,0.9599922299385071,0.9632061123847961,0.965438961982727
89,train,0,1.0,1.0,8,guijiao_20_0,13,0.375,9375.0,225.0,0.7986027598381042,0.9310990571975708,0.9598957300186157,-0.028796646744012833,0.2763926386833191,0.6835030913352966,0.24387143552303314,0.198544442653656,0.2410871982574463,0.2151336669921875,0.07839954644441605,0.07839954644441605,0.6836378574371338,1.1627734899520874,0.4202035069465637,0.43030932545661926,6.06186580657959,0.6756413578987122,0.0010667868191376328,0.6756413578987122,0.9599922299385071,0.9632061123847961,0.965438961982727
90,train,0,1.0,1.0,8,guijiao_20_0,14,0.4000000059604645,10000.0,256.0,0.884392499923706,1.0328062772750854,1.0647485256195068,-0.031942218542099,0.31447339057922363,0.7502751350402832,0.2641249895095825,0.22589947283267975,0.2602507174015045,0.23360233008861542,0.08543454110622406,0.08543454110622406,0.6836378574371338,1.1627734899520874,0.4202035069465637,0.42837801575660706,5.675602912902832,0.6586449146270752,0.001687284791842103,0.6586449146270752,0.9599922299385071,0.9632061123847961,0.965438961982727
91,train,0,1.0,1.0,8,guijiao_20_0,15,0.42500001192092896,10625.0,289.0,1.0040017366409302,1.133818507194519,1.1688847541809082,-0.03506629541516304,0.355010986328125,0.8138737678527832,0.2843081057071686,0.250914990901947,0.2786506712436676,0.2526010274887085,0.09265967458486557,0.09265967458486557,0.6836378574371338,1.1627734899520874,0.4202035069465637,0.4266582429409027,5.331648349761963,0.6373391151428223,0.0021576681174337864,0.6373391151428223,0.9599922299385071,0.9632061123847961,0.965438961982727
92,train,0,1.0,1.0,8,guijiao_20_0,16,0.44999998807907104,11250.0,324.0,1.018639326095581,1.2295243740081787,1.2675505876541138,-0.03802625834941864,0.3980053663253784,0.8695452213287354,0.3044140934944153,0.2699219584465027,0.2952091693878174,0.2721027135848999,0.10006482899188995,0.10006482899188995,0.6836378574371338,1.1627734899520874,0.4202035069465637,0.4251165986061096,5.02332067489624,0.6086274981498718,0.0024928231723606586,0.6086274981498718,0.9599922299385071,0.9632061123847961,0.965438961982727
93,val,0,1.0,1.0,8,guijiao_20_0,17,0.4749999940395355,11875.0,361.0,1.1686152219772339,1.3214054107666016,1.3622733354568481,-0.04086793586611748,0.44345664978027344,0.9188166856765747,0.3244372010231018,0.28884339332580566,0.30553609132766724,0.2920822501182556,0.10764095932245255,0.10764095932245255,0.6836378574371338,1.1627734899520874,0.4202035069465637,0.42372652888298035,4.74530553817749,0.5794106125831604,0.002711585722863674,0.5794106125831604,0.9599922299385071,0.9632061123847961,0.965438961982727
94,train,0,1.0,1.0,8,guijiao_20_0,18,0.5,12500.0,400.0,1.143523097038269,1.3799588680267334,1.422637701034546,-0.04267886281013489,0.49136465787887573,0.9312731027603149,0.3443722426891327,0.3077023923397064,0.27919843792915344,0.31251654028892517,0.11538002640008926,0.11538002640008926,0.6836378574371338,1.1627734899520874,0.4202035069465637,0.42246657609939575,4.493317604064941,0.5382378697395325,0.0028326415922492743,0.5382378697395325,0.9599922299385071,0.9632061123847961,0.965438961982727
95,train,0,1.0,1.0,9,guijiao_20_180,0,0.05000000074505806,1250.0,4.0,0.08496236801147461,0.027222998440265656,0.02643011510372162,0.0007928825216367841,0.005907639395445585,0.020522475242614746,0.010140863247215748,6.828653614787683e-11,0.010381612926721573,0.01904510147869587,3.115521200628112e-22,0.01904510147869587,0.8219324946403503,1.4265216588974,0.49264031648635864,0.838975191116333,87.79503631591797,0.6623201966285706,0.003161224303767085,0.6623201966285706,0.9701933264732361,0.9716880321502686,0.9703429937362671
96,train,0,1.0,1.0,9,guijiao_20_180,1,0.07500000298023224,1875.0,9.0,0.20686888694763184,0.06058114767074585,0.05881669744849205,0.001764450571499765,0.013292188756167889,0.04552450776100159,0.022165874019265175,1.5364470806744635e-10,0.023358631879091263,0.03737829253077507,3.9326089374331247e-22,0.03737829253077507,0.8219324946403503,1.4265216588974,0.49264031648635864,0.7209258079528809,64.1851577758789,0.6530278325080872,-0.0002153683453798294,0.6530278325080872,0.9701933264732361,0.9716880321502686,0.9703429937362671
97,train,0,1.0,1.0,9,guijiao_20_180,2,0.10000000149011612,2500.0,16.0,0.23048630356788635,0.10611843317747116,0.10302770137786865,0.0030907336622476578,0.02363055758178234,0.07939714193344116,0.03787068650126457,2.731461445915073e-10,0.04152645170688629,0.05183761939406395,7.925297521407882e-22,0.05183761939406395,0.8219324946403503,1.4265216588974,0.49264031648635864,0.6509374380111694,50.1874885559082,0.6407020092010498,-0.002922036685049534,0.6407020092010498,0.9701933264732361,0.9716880321502686,0.9703429937362671
98,train,0,1.0,1.0,9,guijiao_20_180,3,0.125,3125.0,25.0,0.37194958329200745,0.16289100050926208,0.15814676880836487,0.004744232632219791,0.036922745406627655,0.12122401595115662,0.05633893981575966,4.267908804145293e-10,0.06488507986068726,0.06461422890424728,6.314029432525771e-23,0.06461422890424728,0.8219324946403503,1.4265216588974,0.49264031648635864,0.6060657501220703,41.2131462097168,0.6261406540870667,-0.005004470236599445,0.6261406540870667,0.9701933264732361,0.9716880321502686,0.9703429937362671
99,train,0,1.0,1.0,9,guijiao_20_180,4,0.15000000596046448,3750.0,36.0,0.4915699362754822,0.22999301552772522,0.2232944667339325,0.0066985441371798515,0.053168755024671555,0.17012570798397064,0.07669118046760559,6.145788322697854e-10,0.09343452751636505,0.07707758992910385,1.1234837105300057e-22,0.07707758992910385,0.8219324946403503,1.4265216588974,0.49264031648635864,0.5746968984603882,34.93937683105469,0.6103093028068542,-0.006268048193305731,0.6103093028068542,0.9701933264732361,0.9716880321502686,0.9703429937362671
100,val,0,1.0,1.0,9,guijiao_20_180,5,0.17499999701976776,4375.0,49.0,0.4082214832305908,0.3066923916339874,0.29776009917259216,0.008932285942137241,0.07236858457326889,0.22539150714874268,0.09821673482656479,8.365101389351537e-10,0.12717477977275848,0.08983232080936432,1.3686390868963706e-22,0.08983232080936432,0.8219324946403503,1.4265216588974,0.49264031648635864,0.551417887210846,30.2835750579834,0.5941388010978699,-0.006381352432072163,0.5941388010978699,0.9701933264732361,0.9716880321502686,0.9703429937362671
101,train,0,1.0,1.0,9,guijiao_20_180,6,0.20000000298023224,5000.0,64.0,0.6384890079498291,0.39247721433639526,0.3810468912124634,0.011430325917899609,0.09452223032712936,0.2865246534347534,0.12041885405778885,1.0925845783660293e-09,0.16610580682754517,0.1031419187784195,1.1510744046800364e-22,0.1031419187784195,0.8219324946403503,1.4265216588974,0.49264031648635864,0.533397376537323,26.679471969604492,0.5783548355102539,-0.004963284358382225,0.5783548355102539,0.9701933264732361,0.9716880321502686,0.9703429937362671
102,val,0,1.0,1.0,9,guijiao_20_180,7,0.22499999403953552,5625.0,81.0,0.6797599196434021,0.48702430725097656,0.4728425145149231,0.014181792736053467,0.11962968856096268,0.353212833404541,0.14298515021800995,1.3828025391404708e-09,0.21022769808769226,0.11711513996124268,1.050909643209376e-21,0.11711513996124268,0.8219324946403503,1.4265216588974,0.49264031648635864,0.5190048217773438,23.800962448120117,0.5634163618087769,-0.001772657036781311,0.5634163618087769,0.9701933264732361,0.9716880321502686,0.9703429937362671
103,train,0,1.0,1.0,9,guijiao_20_180,8,0.25,6250.0,100.0,0.6456429958343506,0.5901132822036743,0.5729609727859497,0.017152301967144012,0.14769098162651062,0.4252699613571167,0.16572962701320648,1.7071635216581171e-09,0.259540319442749,0.1317870318889618,2.441323209599568e-21,0.1317870318889618,0.8219324946403503,1.4265216588974,0.49264031648635864,0.507230281829834,21.44605827331543,0.5495496988296509,0.002266773721203208,0.5495496988296509,0.9701933264732361,0.9716880321502686,0.9703429937362671
104,val,0,1.0,1.0,9,guijiao_20_180,9,0.2750000059604645,6875.0,121.0,0.7804605960845947,0.69568932056427,0.6812924146652222,0.014396890997886658,0.1787060797214508,0.5025863647460938,0.18854252994060516,2.0656676369412708e-09,0.3140438199043274,0.14715644717216492,7.467274025110506e-22,0.14715644717216492,0.8219324946403503,1.4265216588974,0.49264031648635864,0.49741220474243164,19.482440948486328,0.5368208885192871,0.0027726052794605494,0.5368208885192871,0.9701933264732361,0.9716880321502686,0.9703429937362671
105,val,0,1.0,1.0,9,guijiao_20_180,10,0.30000001192092896,7500.0,144.0,0.7066598534584045,0.7740049362182617,0.7977704405784607,-0.023765526711940765,0.21267502009868622,0.5850954055786133,0.21135732531547546,2.4583153290791415e-09,0.3737381100654602,0.16320447623729706,1.0497243475137566e-20,0.16320447623729706,0.8219324946403503,1.4265216588974,0.49264031648635864,0.48909759521484375,17.819517135620117,0.5252032279968262,-0.0017469526501372457,0.5252032279968262,0.9701933264732361,0.9716880321502686,0.9703429937362671
106,train,0,1.0,1.0,9,guijiao_20_180,11,0.32499998807907104,8125.0,169.0,0.8475066423416138,0.8946856260299683,0.9223536849021912,-0.02766808122396469,0.24959774315357208,0.6727559566497803,0.2341327667236328,2.8851063760271245e-09,0.43862318992614746,0.17990387976169586,1.9914623663219895e-20,0.17990387976169586,0.8219324946403503,1.4265216588974,0.49264031648635864,0.48196521401405334,16.393043518066406,0.5146241784095764,-0.0015093840193003416,0.5146241784095764,0.9701933264732361,0.9716880321502686,0.9703429937362671
107,train,0,1.0,1.0,9,guijiao_20_180,12,0.3499999940395355,8750.0,196.0,0.8986618518829346,1.0233663320541382,1.055016279220581,-0.03164992853999138,0.2894743084907532,0.7655420303344727,0.2568429410457611,3.346040111651405e-09,0.5086990594863892,0.19722402095794678,3.602878215793624e-20,0.19722402095794678,0.8219324946403503,1.4265216588974,0.49264031648635864,0.4757799208164215,15.155984878540039,0.5049931406974792,0.002293163677677512,0.5049931406974792,0.9701933264732361,0.9716880321502686,0.9703429937362671
108,val,0,1.0,1.0,9,guijiao_20_180,13,0.375,9375.0,225.0,0.9627761244773865,1.1417770385742188,1.1770894527435303,-0.03531236574053764,0.3323047161102295,0.8447847366333008,0.27947142720222473,3.841117646175007e-09,0.5653132796287537,0.2151336669921875,6.256844559669679e-20,0.2151336669921875,0.8219324946403503,1.4265216588974,0.49264031648635864,0.4703657627105713,14.073150634765625,0.4855692386627197,0.004992903675884008,0.4855692386627197,0.9701933264732361,0.9716880321502686,0.9703429937362671
109,train,0,1.0,1.0,9,guijiao_20_180,14,0.4000000059604645,10000.0,256.0,1.150991439819336,1.2536269426345825,1.2923986911773682,-0.03877170756459236,0.37808892130851746,0.9143097400665283,0.3020072281360626,4.370338313464117e-09,0.6123024821281433,0.23360233008861542,1.048540348326812e-19,0.23360233008861542,0.8219324946403503,1.4265216588974,0.49264031648635864,0.4655887186527252,13.117743492126465,0.46205511689186096,0.005552635528147221,0.46205511689186096,0.9701933264732361,0.9716880321502686,0.9703429937362671
110,train,0,1.0,1.0,9,guijiao_20_180,15,0.42500001192092896,10625.0,289.0,1.2544622421264648,1.3680059909820557,1.4103152751922607,-0.0423092246055603,0.42682695388793945,0.9834883213043213,0.3244422376155853,4.933702335563339e-09,0.6590460538864136,0.2526010274887085,1.7030078461772696e-19,0.2526010274887085,0.8219324946403503,1.4265216588974,0.49264031648635864,0.4613442122936249,12.268844604492188,0.4404197633266449,0.004453240428119898,0.4404197633266449,0.9701933264732361,0.9716880321502686,0.9703429937362671
111,train,0,1.0,1.0,9,guijiao_20_180,16,0.44999998807907104,11250.0,324.0,1.3411883115768433,1.4849480390548706,1.5308740139007568,-0.045925989747047424,0.4785187542438507,1.0523552894592285,0.34676915407180786,5.531210156561883e-09,0.7055860757827759,0.2721027135848999,2.690328686616003e-19,0.2721027135848999,0.8219324946403503,1.4265216588974,0.49264031648635864,0.4575488269329071,11.509765625,0.42050352692604065,0.00235917535610497,0.42050352692604065,0.9701933264732361,0.9716880321502686,0.9703429937362671
112,train,0,1.0,1.0,9,guijiao_20_180,17,0.4749999940395355,11875.0,361.0,1.5874711275100708,1.6043533086776733,1.6539722681045532,-0.04961893707513809,0.5331645011901855,1.1208077669143677,0.3689803183078766,6.16286000010291e-09,0.7518274784088135,0.2920822501182556,2.5470766692546686e-18,0.2920822501182556,0.8219324946403503,1.4265216588974,0.49264031648635864,0.45413661003112793,10.827320098876953,0.40210095047950745,-0.0002322811633348465,0.40210095047950745,0.9701933264732361,0.9716880321502686,0.9703429937362671
113,train,0,1.0,1.0,9,guijiao_20_180,18,0.5,12500.0,400.0,1.6530265808105469,1.7258455753326416,1.779222011566162,-0.05337642505764961,0.5907639265060425,1.1884580850601196,0.3910675346851349,6.8286540866324685e-09,0.7973905801773071,0.31251654028892517,1.337401227409797e-18,0.31251654028892517,0.8219324946403503,1.4265216588974,0.49264031648635864,0.45105257630348206,10.210517883300781,0.3849433958530426,-0.00300780707038939,0.3849433958530426,0.9701933264732361,0.9716880321502686,0.9703429937362671
114,val,0,1.0,1.0,10,guijiao_10_0,0,0.05000000074505806,1250.0,4.0,0.061789702624082565,0.015743881464004517,0.015285329893231392,0.00045855133794248104,0.005026041064411402,0.010259289294481277,0.004194263834506273,0.0018453042721375823,0.004219722002744675,0.009522550739347935,0.004054622258991003,0.004054622258991003,0.6992753148078918,1.1869397163391113,0.42993244528770447,0.6207086443901062,44.14173126220703,0.9871916174888611,0.0029438482597470284,0.9871916174888611,0.9607721567153931,0.9642903804779053,0.9666058421134949
115,train,0,1.0,1.0,10,guijiao_10_0,1,0.07500000298023224,1875.0,9.0,0.07487817108631134,0.03495834395289421,0.033940162509679794,0.001018179696984589,0.01130859274417162,0.02263157069683075,0.009211964905261993,0.004151933826506138,0.009267671965062618,0.018689146265387535,0.0064387195743620396,0.0064387195743620396,0.6992753148078918,1.1869397163391113,0.42993244528770447,0.5476172566413879,29.523452758789062,0.9715864062309265,-0.003923710901290178,0.9715864062309265,0.9607721567153931,0.9642903804779053,0.9666058421134949
116,train,0,1.0,1.0,10,guijiao_10_0,2,0.10000000149011612,2500.0,16.0,0.08106280863285065,0.061037007719278336,0.05925929546356201,0.0017777140019461513,0.020104164257645607,0.039155133068561554,0.01583986170589924,0.007381217088550329,0.015934057533740997,0.025918809697031975,0.00858659204095602,0.00858659204095602,0.6992753148078918,1.1869397163391113,0.42993244528770447,0.5097271203994751,21.9454288482666,0.9506282806396484,-0.002611081814393401,0.9506282806396484,0.9607721567153931,0.9642903804779053,0.9666058421134949
117,val,0,1.0,1.0,10,guijiao_10_0,3,0.125,3125.0,25.0,0.11539952456951141,0.09327863901853561,0.09056194126605988,0.002716697519645095,0.0314127542078495,0.059149183332920074,0.023740844801068306,0.011533149518072605,0.023875191807746887,0.03230711445212364,0.01071394607424736,0.01071394607424736,0.6992753148078918,1.1869397163391113,0.42993244528770447,0.48791635036468506,17.583267211914062,0.9253793358802795,0.0026029718574136496,0.9253793358802795,0.9607721567153931,0.9642903804779053,0.9666058421134949
118,train,0,1.0,1.0,10,guijiao_10_0,4,0.15000000596046448,3750.0,36.0,0.22257539629936218,0.1309613436460495,0.12714733183383942,0.0038140162359923124,0.04523437097668648,0.08191296458244324,0.03257032111287117,0.01660773530602455,0.032734911888837814,0.038538794964551926,0.012932950630784035,0.012932950630784035,0.6992753148078918,1.1869397163391113,0.42993244528770447,0.47369226813316345,14.738452911376953,0.8972151279449463,0.007139366120100021,0.8972151279449463,0.9607721567153931,0.9642903804779053,0.9666058421134949
119,train,0,1.0,1.0,10,guijiao_10_0,5,0.17499999701976776,4375.0,49.0,0.19035470485687256,0.17344577610492706,0.1683950126171112,0.005050769541412592,0.06156900152564049,0.10682600736618042,0.04202554374933243,0.02260497212409973,0.04219549149274826,0.04491616040468216,0.015288958325982094,0.015288958325982094,0.6992753148078918,1.1869397163391113,0.42993244528770447,0.4635932743549347,12.71865463256836,0.8676118850708008,0.009053443558514118,0.8676118850708008,0.9607721567153931,0.9642903804779053,0.9666058421134949
120,val,0,1.0,1.0,10,guijiao_10_0,6,0.20000000298023224,5000.0,64.0,0.2699236571788788,0.22023743391036987,0.21382588148117065,0.006411559879779816,0.08041665703058243,0.13340923190116882,0.05187385156750679,0.029524868354201317,0.05201051011681557,0.05157095938920975,0.0177962277084589,0.0177962277084589,0.6992753148078918,1.1869397163391113,0.42993244528770447,0.45599478483200073,11.198957443237305,0.8378950953483582,0.008307338692247868,0.8378950953483582,0.9607721567153931,0.9642903804779053,0.9666058421134949
121,train,0,1.0,1.0,10,guijiao_10_0,7,0.22499999403953552,5625.0,81.0,0.29202887415885925,0.27099335193634033,0.2631111145019531,0.007882230915129185,0.1017773225903511,0.16133379936218262,0.06195472180843353,0.037367407232522964,0.06201167032122612,0.05855756998062134,0.020455215126276016,0.020455215126276016,0.6992753148078918,1.1869397163391113,0.42993244528770447,0.45003658533096313,10.007320404052734,0.80906742811203,0.005760589148849249,0.80906742811203,0.9607721567153931,0.9642903804779053,0.9666058421134949
122,train,0,1.0,1.0,10,guijiao_10_0,8,0.25,6250.0,100.0,0.29831641912460327,0.3254798948764801,0.3160444498062134,0.009435442276299,0.125651016831398,0.19039344787597656,0.07216537743806839,0.04613259807229042,0.07209546864032745,0.0658935159444809,0.023260442540049553,0.023260442540049553,0.6992753148078918,1.1869397163391113,0.42993244528770447,0.4452192783355713,9.043856620788574,0.7817637324333191,0.0025231915060430765,0.7817637324333191,0.9607721567153931,0.9642903804779053,0.9666058421134949
123,train,0,1.0,1.0,10,guijiao_10_0,9,0.2750000059604645,6875.0,121.0,0.4310641288757324,0.3834487795829773,0.37250232696533203,0.010946443304419518,0.15203773975372314,0.2204645872116089,0.08244224637746811,0.055820442736148834,0.08220189809799194,0.07357822358608246,0.026204118505120277,0.026204118505120277,0.6992753148078918,1.1869397163391113,0.42993244528770447,0.4412316679954529,8.246335983276367,0.756302535533905,-0.0004061926156282425,0.756302535533905,0.9607721567153931,0.9642903804779053,0.9666058421134949
124,val,0,1.0,1.0,10,guijiao_10_0,10,0.30000001192092896,7500.0,144.0,0.40116769075393677,0.44407621026039124,0.4324091672897339,0.011667048558592796,0.1809374839067459,0.25147169828414917,0.09274589270353317,0.0664309412240982,0.09229487925767899,0.08160223811864853,0.02927783876657486,0.02927783876657486,0.6992753148078918,1.1869397163391113,0.42993244528770447,0.43786895275115967,7.573787689208984,0.7327756285667419,-0.0023503724951297045,0.7327756285667419,0.9607721567153931,0.9642903804779053,0.9666058421134949
125,train,0,1.0,1.0,10,guijiao_10_0,11,0.32499998807907104,8125.0,169.0,0.506271243095398,0.5036220550537109,0.4957129657268524,0.007909061387181282,0.21235021948814392,0.2833627462387085,0.10305130481719971,0.07796408981084824,0.10234735906124115,0.08995193988084793,0.032473374158144,0.032473374158144,0.6992753148078918,1.1869397163391113,0.42993244528770447,0.43499016761779785,6.998030662536621,0.7111327648162842,-0.0030379071831703186,0.7111327648162842,0.9607721567153931,0.9642903804779053,0.9666058421134949
126,train,0,1.0,1.0,10,guijiao_10_0,12,0.3499999940395355,8750.0,196.0,0.5606998205184937,0.5575389266014099,0.5623675584793091,-0.004828642122447491,0.24627599120140076,0.31609153747558594,0.11334240436553955,0.09041988849639893,0.11232923716306686,0.09861201047897339,0.03578303009271622,0.03578303009271622,0.6992753148078918,1.1869397163391113,0.42993244528770447,0.4324948787689209,6.498973846435547,0.6912424564361572,-0.0025562159717082977,0.6912424564361572,0.9607721567153931,0.9642903804779053,0.9666058421134949
127,val,0,1.0,1.0,10,guijiao_10_0,13,0.375,9375.0,225.0,0.5885866284370422,0.6168539524078369,0.6323142051696777,-0.015460250899195671,0.2827148139476776,0.3495993912220001,0.12360857427120209,0.10379833728075027,0.12219247221946716,0.10756683349609375,0.03919977322220802,0.03919977322220802,0.6992753148078918,1.1869397163391113,0.42993244528770447,0.43030932545661926,6.06186580657959,0.6729232668876648,-0.001239613862708211,0.6729232668876648,0.9607721567153931,0.9642903804779053,0.9666058421134949
128,train,0,1.0,1.0,10,guijiao_10_0,14,0.4000000059604645,10000.0,256.0,0.6958703994750977,0.685194194316864,0.705449640750885,-0.020255420356988907,0.3216666281223297,0.3837830126285553,0.13384294509887695,0.11809947341680527,0.1318405717611313,0.11680116504430771,0.04271727055311203,0.04271727055311203,0.6992753148078918,1.1869397163391113,0.42993244528770447,0.42837801575660706,5.675602912902832,0.6559452414512634,0.0005014073103666306,0.6559452414512634,0.9607721567153931,0.9642903804779053,0.9666058421134949
129,train,0,1.0,1.0,10,guijiao_10_0,15,0.42500001192092896,10625.0,289.0,0.6730650663375854,0.755351185798645,0.7784368991851807,-0.023085692897439003,0.36313149333000183,0.4153054356575012,0.14404065907001495,0.13022130727767944,0.14104348421096802,0.12630051374435425,0.046329837292432785,0.046329837292432785,0.6992753148078918,1.1869397163391113,0.42993244528770447,0.4266582429409027,5.331648349761963,0.6322223544120789,0.0023024841211736202,0.6322223544120789,0.9607721567153931,0.9642903804779053,0.9666058421134949
130,train,0,1.0,1.0,10,guijiao_10_0,16,0.44999998807907104,11250.0,324.0,0.6925672888755798,0.8250499963760376,0.8504692912101746,-0.02541930414736271,0.4071092903614044,0.44336000084877014,0.15419845283031464,0.14004740118980408,0.14911413192749023,0.13605135679244995,0.05003241449594498,0.05003241449594498,0.6992753148078918,1.1869397163391113,0.42993244528770447,0.4251165986061096,5.02332067489624,0.6033344268798828,0.003910974133759737,0.6033344268798828,0.9607721567153931,0.9642903804779053,0.9666058421134949
131,train,0,1.0,1.0,10,guijiao_10_0,17,0.4749999940395355,11875.0,361.0,0.7913765907287598,0.8930590152740479,0.9206379652023315,-0.027578920125961304,0.4536002278327942,0.46703770756721497,0.1643134355545044,0.14983126521110535,0.15289299190044403,0.1460411250591278,0.05382047966122627,0.05382047966122627,0.6992753148078918,1.1869397163391113,0.42993244528770447,0.42372652888298035,4.74530553817749,0.573059618473053,0.005185816437005997,0.573059618473053,0.9607721567153931,0.9642903804779053,0.9666058421134949
132,val,0,1.0,1.0,10,guijiao_10_0,18,0.5,12500.0,400.0,0.9285801649093628,0.9841271638870239,1.0145429372787476,-0.03041578270494938,0.502604067325592,0.5119388699531555,0.17438285052776337,0.15958444774150848,0.17797158658504486,0.15625827014446259,0.05769001320004463,0.05769001320004463,0.6992753148078918,1.1869397163391113,0.42993244528770447,0.42246657609939575,4.493317604064941,0.5620831847190857,0.006069732829928398,0.5620831847190857,0.9607721567153931,0.9642903804779053,0.9666058421134949
133,train,0,1.0,1.0,11,guijiao_10_180,0,0.05000000074505806,1250.0,4.0,0.06980589777231216,0.01707061007618904,0.01657341979444027,0.0004971908638253808,0.006055449601262808,0.010517969727516174,0.0051965112797915936,3.5811364290649905e-11,0.005321458447724581,0.009522550739347935,1.557760600314056e-22,0.009522550739347935,0.8424974679946899,1.4604711532592773,0.5039354562759399,0.838975191116333,87.79503631591797,0.6621399521827698,0.007710138335824013,0.6621399521827698,0.9717421531677246,0.9731572866439819,0.9716423749923706
134,train,0,1.0,1.0,11,guijiao_10_180,1,0.07500000298023224,1875.0,9.0,0.03306988999247551,0.03805730491876602,0.03694886714220047,0.0011084377765655518,0.013624764047563076,0.02332410216331482,0.01135081984102726,8.057556705187707e-11,0.011973281390964985,0.018689146265387535,1.9663044687165624e-22,0.018689146265387535,0.8424974679946899,1.4604711532592773,0.5039354562759399,0.7209258079528809,64.1851577758789,0.6526383757591248,0.0034705689176917076,0.6526383757591248,0.9717421531677246,0.9731572866439819,0.9716423749923706
135,train,0,1.0,1.0,11,guijiao_10_180,2,0.10000000149011612,2500.0,16.0,0.15503378212451935,0.06682976335287094,0.06488332152366638,0.0019464417127892375,0.02422179840505123,0.04066152125597,0.01937568560242653,1.4324545716259962e-10,0.021285833790898323,0.025918809697031975,3.962648760703941e-22,0.025918809697031975,0.8424974679946899,1.4604711532592773,0.5039354562759399,0.6509374380111694,50.1874885559082,0.6400561332702637,0.0013696375535801053,0.6400561332702637,0.9717421531677246,0.9731572866439819,0.9716423749923706
136,val,0,1.0,1.0,11,guijiao_10_180,3,0.125,3125.0,25.0,0.1742364466190338,0.10289760679006577,0.09990070760250092,0.00299690174870193,0.03784656524658203,0.062054142355918884,0.02879502810537815,2.238210311533706e-10,0.033259112387895584,0.03230711445212364,3.1570147162628854e-23,0.03230711445212364,0.8424974679946899,1.4604711532592773,0.5039354562759399,0.6060657501220703,41.2131462097168,0.6252298951148987,0.001281720818951726,0.6252298951148987,0.9717421531677246,0.9731572866439819,0.9716423749923706
137,train,0,1.0,1.0,11,guijiao_10_180,4,0.15000000596046448,3750.0,36.0,0.2257920205593109,0.14579442143440247,0.1415482759475708,0.004246140830218792,0.054499056190252304,0.0870492160320282,0.03915608674287796,3.223022682075083e-10,0.04789312556385994,0.038538794964551926,5.617418552650028e-23,0.038538794964551926,0.8424974679946899,1.4604711532592773,0.5039354562759399,0.5746968984603882,34.93937683105469,0.6091627478599548,0.002187678823247552,0.6091627478599548,0.9717421531677246,0.9731572866439819,0.9716423749923706
138,train,0,1.0,1.0,11,guijiao_10_180,5,0.17499999701976776,4375.0,49.0,0.24175983667373657,0.19514687359333038,0.18946439027786255,0.005682485643774271,0.0741792619228363,0.11528513580560684,0.0500972718000412,4.386891960805883e-10,0.06518786400556564,0.04491616040468216,6.843195434481853e-23,0.04491616040468216,0.8424974679946899,1.4604711532592773,0.5039354562759399,0.551417887210846,30.2835750579834,0.5928090810775757,0.0017672294052317739,0.5928090810775757,0.9717421531677246,0.9731572866439819,0.9716423749923706
139,train,0,1.0,1.0,11,guijiao_10_180,6,0.20000000298023224,5000.0,64.0,0.24040131270885468,0.25067776441574097,0.24339959025382996,0.0072781736962497234,0.09688719362020493,0.14651240408420563,0.061369068920612335,5.729818286503985e-10,0.08514333516359329,0.05157095938920975,5.755372023400182e-23,0.05157095938920975,0.8424974679946899,1.4604711532592773,0.5039354562759399,0.533397376537323,26.679471969604492,0.5768998265266418,-0.0005939770489931107,0.5768998265266418,0.9717421531677246,0.9731572866439819,0.9716423749923706
140,val,0,1.0,1.0,11,guijiao_10_180,7,0.22499999403953552,5625.0,81.0,0.35061752796173096,0.3106785714626312,0.3031987249851227,0.007479839026927948,0.12262286245822906,0.18057586252689362,0.07281633466482162,7.251800271390607e-10,0.10775952786207199,0.05855756998062134,5.25454821604688e-22,0.05855756998062134,0.8424974679946899,1.4604711532592773,0.5039354562759399,0.5190048217773438,23.800962448120117,0.5618868470191956,-0.0010419950122013688,0.5618868470191956,0.9717421531677246,0.9731572866439819,0.9716423749923706
141,train,0,1.0,1.0,11,guijiao_10_180,8,0.25,6250.0,100.0,0.3476819396018982,0.3602941334247589,0.3687703013420105,-0.008476166054606438,0.15138626098632812,0.21738404035568237,0.08434758335351944,8.952841246134824e-10,0.13303644955158234,0.0658935159444809,1.220661604799784e-21,0.0658935159444809,0.8424974679946899,1.4604711532592773,0.5039354562759399,0.507230281829834,21.44605827331543,0.5479845404624939,0.0008139142883010209,0.5479845404624939,0.9717421531677246,0.9731572866439819,0.9716423749923706
142,train,0,1.0,1.0,11,guijiao_10_180,9,0.2750000059604645,6875.0,121.0,0.38224053382873535,0.42699337005615234,0.44006049633026123,-0.013067133724689484,0.18317736685276031,0.2568831443786621,0.0959089994430542,1.0832937880067561e-09,0.16097413003444672,0.07357822358608246,3.733637012555253e-22,0.07357822358608246,0.8424974679946899,1.4604711532592773,0.5039354562759399,0.49741220474243164,19.482440948486328,0.5352475643157959,0.001498733414337039,0.5352475643157959,0.9717421531677246,0.9731572866439819,0.9716423749923706
143,train,0,1.0,1.0,11,guijiao_10_180,10,0.30000001192092896,7500.0,144.0,0.5158165097236633,0.5015450716018677,0.5170367360115051,-0.015491653233766556,0.21799622476100922,0.2990405261516571,0.10746803134679794,1.2892090728300332e-09,0.19157250225543976,0.08160223811864853,5.248621737568783e-21,0.08160223811864853,0.8424974679946899,1.4604711532592773,0.5039354562759399,0.48909759521484375,17.819517135620117,0.5236402153968811,0.0010117642814293504,0.5236402153968811,0.9717421531677246,0.9731572866439819,0.9716423749923706
144,train,0,1.0,1.0,11,guijiao_10_180,11,0.32499998807907104,8125.0,169.0,0.47507306933403015,0.581694483757019,0.5996789932250977,-0.01798451691865921,0.25584277510643005,0.34383624792099,0.11900464445352554,1.5130299235721623e-09,0.22483159601688385,0.08995193988084793,9.957311831609947e-21,0.08995193988084793,0.8424974679946899,1.4604711532592773,0.5039354562759399,0.48196521401405334,16.393043518066406,0.5130837559700012,0.0005153771489858627,0.5130837559700012,0.9717421531677246,0.9731572866439819,0.9716423749923706
145,train,0,1.0,1.0,11,guijiao_10_180,12,0.3499999940395355,8750.0,196.0,0.5916249752044678,0.6673381924629211,0.6879746913909912,-0.020636513829231262,0.2967170178890228,0.39125770330429077,0.1305062621831894,1.7547567843223533e-09,0.2607514560222626,0.09861201047897339,1.801439107896812e-20,0.09861201047897339,0.8424974679946899,1.4604711532592773,0.5039354562759399,0.4757799208164215,15.155984878540039,0.5034830570220947,0.0003392677754163742,0.5034830570220947,0.9717421531677246,0.9731572866439819,0.9716423749923706
146,train,0,1.0,1.0,11,guijiao_10_180,13,0.375,9375.0,225.0,0.7030403017997742,0.746712327003479,0.769804835319519,-0.023092519491910934,0.3406190872192383,0.42918577790260315,0.1419648826122284,2.014389099969094e-09,0.28722089529037476,0.10756683349609375,3.1284222798348394e-20,0.10756683349609375,0.8424974679946899,1.4604711532592773,0.5039354562759399,0.4703657627105713,14.073150634765625,0.48125433921813965,0.00031455419957637787,0.48125433921813965,0.9717421531677246,0.9731572866439819,0.9716423749923706
147,train,0,1.0,1.0,11,guijiao_10_180,14,0.4000000059604645,10000.0,256.0,0.7948856353759766,0.8263663053512573,0.851922869682312,-0.025556545704603195,0.3875487744808197,0.4643741250038147,0.15337522327899933,2.291927314601594e-09,0.3109988868236542,0.11680116504430771,5.24270174163406e-20,0.11680116504430771,0.8424974679946899,1.4604711532592773,0.5039354562759399,0.4655887186527252,13.117743492126465,0.45782020688056946,0.00020244531333446503,0.45782020688056946,0.9717421531677246,0.9731572866439819,0.9716423749923706
148,val,0,1.0,1.0,11,guijiao_10_180,15,0.42500001192092896,10625.0,289.0,0.9257188439369202,0.9087918996810913,0.9368979334831238,-0.028106046840548515,0.4375062584877014,0.49939167499542236,0.16473309695720673,2.5873712061752485e-09,0.33465859293937683,0.12630051374435425,8.515039230886348e-20,0.12630051374435425,0.8424974679946899,1.4604711532592773,0.5039354562759399,0.4613442122936249,12.268844604492188,0.4362823963165283,-0.0001523960381746292,0.4362823963165283,0.9717421531677246,0.9731572866439819,0.9716423749923706
149,train,0,1.0,1.0,11,guijiao_10_180,16,0.44999998807907104,11250.0,324.0,1.0905781984329224,0.9939959645271301,1.0247373580932617,-0.03074137307703495,0.49049144983291626,0.5342459678649902,0.1760348379611969,2.900720108556243e-09,0.35821112990379333,0.13605135679244995,1.3451643433080014e-19,0.13605135679244995,0.8424974679946899,1.4604711532592773,0.5039354562759399,0.4575488269329071,11.509765625,0.41646608710289,-0.0008196624112315476,0.41646608710289,0.9717421531677246,0.9731572866439819,0.9716423749923706
150,train,0,1.0,1.0,11,guijiao_10_180,17,0.4749999940395355,11875.0,361.0,1.0394068956375122,1.0819060802459717,1.1153664588928223,-0.033460333943367004,0.5465043783187866,0.5688620209693909,0.18727640807628632,3.2319757981014163e-09,0.38158559799194336,0.1460411250591278,1.2735383346273343e-18,0.1460411250591278,0.8424974679946899,1.4604711532592773,0.5039354562759399,0.45413661003112793,10.827320098876953,0.3981478214263916,-0.001802801969461143,0.3981478214263916,0.9717421531677246,0.9731572866439819,0.9716423749923706
151,train,0,1.0,1.0,11,guijiao_10_180,18,0.5,12500.0,400.0,1.115393042564392,1.172269582748413,1.2085247039794922,-0.036255136132240295,0.6055450439453125,0.6029796600341797,0.19845326244831085,3.5811364984539296e-09,0.40452638268470764,0.15625827014446259,6.687006137048985e-19,0.15625827014446259,0.8424974679946899,1.4604711532592773,0.5039354562759399,0.45105257630348206,10.210517883300781,0.3810238540172577,-0.003072261344641447,0.3810238540172577,0.9717421531677246,0.9731572866439819,0.9716423749923706
152,train,1,0.20000000298023224,0.30000001192092896,12,synthetic_0000,0,0.31939631700515747,7984.90771484375,4.827890396118164,1.9296501874923706,1.7616519927978516,1.7103440761566162,0.05130786448717117,0.41156265139579773,1.298781394958496,0.6357446908950806,5.449415585445649e-09,0.6630366444587708,0.7764458656311035,3.489370537278666e-21,0.7764458656311035,1.403260588645935,2.1782186031341553,0.6175897121429443,0.8110246062278748,82.20491790771484,0.6560121178627014,-0.004830756690353155,0.6560121178627014,0.9954473376274109,0.9927243590354919,0.9946150779724121
153,train,1,0.20000000298023224,0.30000001192092896,13,synthetic_0001,1,0.43977925181388855,10994.4814453125,266.1661682128906,1.8583924770355225,1.1882721185684204,1.1536870002746582,0.03458516299724579,0.4347136616706848,0.7189732789993286,0.06374628841876984,0.32461246848106384,0.33061450719833374,0.7258675694465637,0.10194704681634903,0.10194704681634903,0.7818005681037903,1.2985997200012207,0.4568703770637512,0.5617115497589111,32.34230422973633,0.6631841063499451,-0.006329021882265806,0.6631841063499451,0.9628742337226868,0.9680770039558411,0.9705150127410889
154,train,1,0.20000000298023224,0.30000001192092896,14,synthetic_0002,2,0.4864594340324402,12161.4853515625,31.33639144897461,1.882183313369751,1.7573091983795166,1.7061264514923096,0.05118270590901375,0.7842983603477478,0.921828031539917,0.08234672248363495,0.3390377461910248,0.5004435777664185,0.5892670750617981,0.14530391991138458,0.14530391991138458,1.1527900695800781,1.7642418146133423,0.5508506298065186,0.5480977892875671,29.61956024169922,0.8905908465385437,0.0022656710352748632,0.8905908465385437,0.9766252636909485,0.9828146696090698,0.9883647561073303
155,train,1,0.20000000298023224,0.30000001192092896,15,synthetic_0003,3,0.1325320303440094,3313.30078125,19.03525733947754,0.2495458871126175,0.14792153239250183,0.14361323416233063,0.0043083056807518005,0.040733739733695984,0.10287949442863464,0.009807991795241833,0.03152903914451599,0.061542462557554245,0.10876335948705673,0.02761797234416008,0.02761797234416008,0.8066306710243225,1.33099365234375,0.4638877511024475,0.5917947292327881,38.358951568603516,0.9444341659545898,0.0036250026896595955,0.9444341659545898,0.9637404084205627,0.969078540802002,0.9717701077461243
156,train,1,0.20000000298023224,0.30000001192092896,16,synthetic_0004,4,0.18105311691761017,4526.32763671875,9.444295883178711,0.3161894381046295,0.22577792406082153,0.2192019820213318,0.006575946230441332,0.09552491456270218,0.12367706000804901,0.011366515420377254,0.039891377091407776,0.0724191665649414,0.10354305058717728,0.036656640470027924,0.036656640470027924,1.0136003494262695,1.5942877531051636,0.520488977432251,0.7027266025543213,60.545318603515625,0.9658505916595459,-0.012606685049831867,0.9658505916595459,0.9714517593383789,0.9776816964149475,0.9821606874465942
157,train,1,0.20000000298023224,0.30000001192092896,17,synthetic_0005,5,0.21486282348632812,5371.57080078125,68.13875579833984,0.3218056857585907,0.22886113822460175,0.22219547629356384,0.006665665656328201,0.1056164875626564,0.11657898128032684,0.010999289341270924,0.0412449985742569,0.0643346905708313,0.08663242310285568,0.02001045271754265,0.02001045271754265,0.7957403063774109,1.319767713546753,0.46565067768096924,0.5230057835578918,24.601152420043945,0.8417630195617676,1.5033408999443054e-05,0.8417630195617676,0.963607132434845,0.9691697359085083,0.971601128578186
158,train,1,0.20000000298023224,0.30000001192092896,18,synthetic_0006,6,0.281405508518219,7035.13720703125,7.56178617477417,1.2167948484420776,0.9887189865112305,0.9599218368530273,0.028797147795557976,0.2681928873062134,0.691728949546814,0.06238097324967384,0.2308240532875061,0.39852389693260193,0.37497296929359436,0.19686828553676605,0.19686828553676605,1.17799711227417,1.7925879955291748,0.5513424277305603,0.7759909629821777,75.19819641113281,0.9691100716590881,0.002539165550842881,0.9691100716590881,0.9772524833679199,0.9830888509750366,0.9889124631881714
159,train,1,0.20000000298023224,0.30000001192092896,19,synthetic_0007,7,0.1267358511686325,3168.396484375,35.174095153808594,0.12597081065177917,0.10049530118703842,0.09756840020418167,0.0029268984217196703,0.037318095564842224,0.06025030463933945,0.027250388637185097,2.1790060034110326e-10,0.0329999141395092,0.027840513736009598,3.740899266048718e-23,0.027840513736009598,0.8081326484680176,1.4119198322296143,0.4943959712982178,0.576564610004425,35.31292724609375,0.6119163036346436,0.006391808856278658,0.6119163036346436,0.9701176285743713,0.9717275500297546,0.9700910449028015
160,train,1,0.20000000298023224,0.30000001192092896,20,synthetic_0008,8,0.41377881169319153,10344.4697265625,8.165862083435059,3.0621743202209473,2.921992301940918,2.8368914127349854,0.0851009264588356,0.689929723739624,2.1469616889953613,1.0352840423583984,9.13239261990384e-09,1.1116775274276733,1.1756547689437866,1.5397923683770387e-22,1.1756547689437866,1.4016207456588745,2.1761772632598877,0.6172897815704346,0.7341731190681458,66.83463287353516,0.6468348503112793,-0.0018239167984575033,0.6468348503112793,0.9953804016113281,0.9926698207855225,0.9945505857467651
161,train,1,0.20000000298023224,0.30000001192092896,21,synthetic_0009,9,0.24806861579418182,6201.71533203125,108.45155334472656,0.38449859619140625,0.3475087285041809,0.3569733798503876,-0.009464656002819538,0.14712291955947876,0.2098504602909088,0.0803033635020256,8.666766193599074e-10,0.1295471042394638,0.06267372518777847,1.5330850564422917e-21,0.06267372518777847,0.831570029258728,1.445127248764038,0.5009515881538391,0.5029579401016235,20.591585159301758,0.543276309967041,0.0032885160762816668,0.543276309967041,0.9712273478507996,0.972706139087677,0.9711509943008423
162,train,1,0.20000000298023224,0.30000001192092896,22,synthetic_0010,10,0.4591941833496094,11479.8544921875,68.86920928955078,2.210259199142456,1.8839750289916992,1.829103708267212,0.0548713281750679,0.5834110379219055,1.2456927299499512,0.113580122590065,0.47490641474723816,0.6572061777114868,0.7913719415664673,0.18198835849761963,0.18198835849761963,0.9623743295669556,1.5283033847808838,0.503748893737793,0.5233942866325378,24.678852081298828,0.8237576484680176,-0.011472662910819054,0.8237576484680176,0.9692872762680054,0.9751476049423218,0.9793059825897217
163,train,1,0.20000000298023224,0.30000001192092896,23,synthetic_0011,11,0.28403061628341675,7100.76513671875,12.959049224853516,0.759762167930603,0.6047869920730591,0.5871721506118774,0.017614848911762238,0.2588844895362854,0.32828763127326965,0.029693111777305603,0.11093151569366455,0.1876630038022995,0.27270570397377014,0.07708706706762314,0.07708706706762314,1.1161894798278809,1.719740629196167,0.5431097745895386,0.640916109085083,48.183223724365234,0.9506254196166992,-0.007520431652665138,0.9506254196166992,0.9752535820007324,0.9814832806587219,0.9867696762084961
164,train,1,0.20000000298023224,0.30000001192092896,24,synthetic_0012,12,0.3988097608089447,9970.244140625,193.67137145996094,0.9059556722640991,0.8957385420799255,0.923439085483551,-0.02770053967833519,0.4001467227935791,0.5232923626899719,0.1737244874238968,2.3925101899635592e-09,0.34956789016723633,0.12860916554927826,2.2565403099915633e-20,0.12860916554927826,0.8750842213630676,1.50574791431427,0.5125839710235596,0.47626402974128723,15.252806663513184,0.50229412317276,0.00010062567889690399,0.50229412317276,0.9732677936553955,0.9744846820831299,0.9730977416038513
165,train,1,0.20000000298023224,0.30000001192092896,25,synthetic_0013,13,0.46484339237213135,11621.0849609375,12.9608793258667,2.1210227012634277,2.2721478939056396,2.205979824066162,0.06616807729005814,0.871237576007843,1.3347421884536743,0.629988968372345,5.8523248469555256e-09,0.7047532200813293,0.6185199022293091,1.6847047282709454e-22,0.6185199022293091,1.402443766593933,2.1852173805236816,0.6237465143203735,0.674895703792572,54.9791374206543,0.6342859268188477,3.449432551860809e-05,0.6342859268188477,0.9962112307548523,0.993533194065094,0.995033860206604
166,train,1,0.20000000298023224,0.30000001192092896,26,synthetic_0014,14,0.19639864563941956,4909.96630859375,44.803951263427734,0.4347597360610962,0.3040483593940735,0.2951928377151489,0.008855529129505157,0.08863060921430588,0.20656222105026245,0.01965646632015705,0.06840971112251282,0.11849604547023773,0.15982189774513245,0.040087632834911346,0.040087632834911346,0.7992247343063354,1.3213659524917603,0.46181797981262207,0.5246534943580627,24.93070411682129,0.8844141364097595,0.014471636153757572,0.8844141364097595,0.9634814858436584,0.9687809348106384,0.9713973999023438
167,train,1,0.20000000298023224,0.30000001192092896,27,synthetic_0015,15,0.21053899824619293,5263.47509765625,37.403072357177734,0.5328525304794312,0.4863015115261078,0.4721382260322571,0.014163283631205559,0.11439312249422073,0.35774511098861694,0.15950454771518707,1.356071477331966e-09,0.19824054837226868,0.1489114612340927,2.007589661963485e-22,0.1489114612340927,0.8976292014122009,1.5310349464416504,0.5125011801719666,0.5716564059257507,34.331275939941406,0.6048743724822998,0.013442732393741608,0.6048743724822998,0.9736638069152832,0.9747147560119629,0.9736906886100769
168,train,1,0.20000000298023224,0.30000001192092896,28,synthetic_0016,16,0.41098862886428833,10274.7158203125,45.10024642944336,1.2415413856506348,1.096498727798462,1.0645625591278076,0.03193613514304161,0.4983622133731842,0.5662003755569458,0.05133702978491783,0.20880264043807983,0.30606070160865784,0.3487221896648407,0.08751271665096283,0.08751271665096283,1.0262370109558105,1.6098198890686035,0.5233591198921204,0.5242657661437988,24.853153228759766,0.8646163940429688,-0.004619224928319454,0.8646163940429688,0.9719165563583374,0.9781560301780701,0.9827399253845215
169,train,1,0.20000000298023224,0.30000001192092896,29,synthetic_0017,17,0.13942205905914307,3485.551513671875,0.7891212105751038,0.31864839792251587,0.3472674787044525,0.3371531665325165,0.010114304721355438,0.08024299144744873,0.25691017508506775,0.12805218994617462,1.0690270890734155e-09,0.12885798513889313,0.11316884309053421,9.080680116372384e-22,0.11316884309053421,1.4358408451080322,2.2187817096710205,0.6235203742980957,0.9726255536079407,114.52510833740234,0.6676232814788818,-0.0048852046020329,0.6676232814788818,0.9967724084854126,0.9938036203384399,0.9958927035331726
170,train,1,0.20000000298023224,0.30000001192092896,30,synthetic_0018,18,0.378053218126297,9451.3310546875,12.003012657165527,2.356846332550049,2.2363929748535156,2.171260356903076,0.06513272970914841,0.5278371572494507,1.643423080444336,0.7817341685295105,6.833293042518562e-09,0.8616889715194702,0.8466885685920715,1.6823515751233328e-21,0.8466885685920715,1.2845654487609863,2.0301809310913086,0.5954575538635254,0.6841011643409729,56.820228576660156,0.6388731002807617,0.0019040514016523957,0.6388731002807617,0.9905405640602112,0.9887322187423706,0.9898939728736877
171,train,1,0.20000000298023224,0.30000001192092896,31,synthetic_0019,0,0.10214107483625412,2553.52685546875,20.32386016845703,0.14585594832897186,0.08165590465068817,0.0792776346206665,0.0023782674688845873,0.022465521469712257,0.056812115013599396,0.005480076186358929,0.016986103728413582,0.03434593603014946,0.06306549906730652,0.015869762748479843,0.015869762748479843,0.7489932179450989,1.2552517652511597,0.4472317099571228,0.5850543975830078,37.01087951660156,0.9440814852714539,-0.0010354086989536881,0.9440814852714539,0.9617382884025574,0.9667370319366455,0.9688321352005005
172,train,1,0.20000000298023224,0.30000001192092896,32,synthetic_0020,1,0.07860125601291656,1965.031494140625,1.1720293760299683,0.05651896446943283,0.04643642157316208,0.04508392512798309,0.0013524977257475257,0.019284531474113464,0.02579939365386963,0.002355041680857539,0.008202004246413708,0.015242349356412888,0.001134017831645906,0.013660281896591187,0.013660281896591187,1.085706114768982,1.6825956106185913,0.5365402698516846,0.9257025718688965,105.14051055908203,0.9953462481498718,0.006896011997014284,0.9953462481498718,0.9741172194480896,0.9803648591041565,0.9854219555854797
173,train,1,0.20000000298023224,0.30000001192092896,33,synthetic_0021,2,0.33690086007118225,8422.521484375,76.22600555419922,0.7565515041351318,0.7389028668403625,0.7594937682151794,-0.020590903237462044,0.31169945001602173,0.4477943181991577,0.17935772240161896,1.90787852183405e-09,0.26843661069869995,0.13494674861431122,9.818136068218808e-22,0.13494674861431122,0.9551992416381836,1.6144417524337769,0.5324916839599609,0.5225882530212402,24.51764678955078,0.5593071579933167,-0.0038072748575359583,0.5593071579933167,0.9769600033760071,0.9776453971862793,0.9766161441802979
174,train,1,0.20000000298023224,0.30000001192092896,34,synthetic_0022,3,0.37096014618873596,9274.00390625,49.5421142578125,0.9914396405220032,0.8478848338127136,0.8231897354125977,0.024695098400115967,0.3868795335292816,0.4363102316856384,0.0398414209485054,0.16002868115901947,0.23644015192985535,0.2703371047973633,0.06836585700511932,0.06836585700511932,0.9778751730918884,1.550215721130371,0.5122276544570923,0.518890380859375,23.778076171875,0.8588113784790039,-0.00708617502823472,0.8588113784790039,0.9701432585716248,0.9763307571411133,0.9805048108100891
175,train,1,0.20000000298023224,0.30000001192092896,35,synthetic_0023,4,0.27220800518989563,6805.20068359375,18.2852725982666,1.094096302986145,0.9870047569274902,0.958258867263794,0.02874591574072838,0.23060548305511475,0.7276533842086792,0.34044143557548523,2.865269799201542e-09,0.38721197843551636,0.3595525920391083,1.3291665066830285e-22,0.3595525920391083,1.082505226135254,1.7745583057403564,0.5549519062042236,0.6367055773735046,47.34111404418945,0.6296485066413879,0.012003871612250805,0.6296485066413879,0.9818998575210571,0.9816533923149109,0.981602132320404
176,train,1,0.20000000298023224,0.30000001192092896,36,synthetic_0024,5,0.09855113923549652,2463.778564453125,4.2258734703063965,0.08139587938785553,0.06354087591171265,0.06169019639492035,0.001850675791501999,0.026499388739466667,0.03519080951809883,0.00327168102376163,0.010873895138502121,0.02104523405432701,0.003133670426905155,0.015435488894581795,0.015435488894581795,0.949018657207489,1.5144150257110596,0.50538170337677,0.94815593957901,109.63118743896484,0.9850919842720032,0.0006202887743711472,0.9850919842720032,0.9690924286842346,0.9752281308174133,0.9791468381881714
177,train,1,0.20000000298023224,0.30000001192092896,37,synthetic_0025,6,0.2788568139076233,6971.42041015625,13.95384693145752,1.1812527179718018,0.8599581718444824,0.8349112868309021,0.025046875700354576,0.23711168766021729,0.5977995991706848,0.05465962365269661,0.19819845259189606,0.34494149684906006,0.5218186378479004,0.1431504189968109,0.1431504189968109,1.0606024265289307,1.6494171619415283,0.5262389183044434,0.6298851370811462,45.977027893066406,0.9491319060325623,-1.5573576092720032e-05,0.9491319060325623,0.9728773236274719,0.9788205027580261,0.9837904572486877
178,train,1,0.20000000298023224,0.30000001192092896,38,synthetic_0026,7,0.38999801874160767,9749.9501953125,140.9248504638672,1.0197232961654663,0.7470459342002869,0.7252881526947021,0.02175780199468136,0.37067458033561707,0.3546135425567627,0.031964533030986786,0.14745628833770752,0.1751927137374878,0.28541886806488037,0.04986286163330078,0.04986286163330078,0.8476766347885132,1.3867595195770264,0.4798536002635956,0.546271800994873,29.25436019897461,0.7464391589164734,-0.0014667370123788714,0.7464391589164734,0.9654467105865479,0.9712643027305603,0.9742239117622375
179,train,1,0.20000000298023224,0.30000001192092896,39,synthetic_0027,8,0.12254957854747772,3063.739501953125,28.895038604736328,0.12157099694013596,0.07646100968122482,0.07423403859138489,0.002226967830210924,0.0332237109541893,0.04101032391190529,0.0039223432540893555,0.012841291725635529,0.024246688932180405,0.03890944644808769,0.009590823203325272,0.009590823203325272,0.7694611549377441,1.2853351831436157,0.4581008851528168,0.5541852712631226,30.837053298950195,0.9217420220375061,0.00696875574067235,0.9217420220375061,0.9626843929290771,0.9680913090705872,0.9702463746070862
180,train,1,0.20000000298023224,0.30000001192092896,40,synthetic_0028,9,0.4421572685241699,11053.931640625,16.93781852722168,1.8114657402038574,1.9363802671432495,1.8799974918365479,0.056382741779088974,0.7442720532417297,1.135725498199463,0.5284953713417053,4.9276946967324875e-09,0.6072301268577576,0.4927573502063751,1.8818018147670324e-22,0.4927573502063751,1.3241596221923828,2.087486505508423,0.6092628240585327,0.6447774767875671,48.95549392700195,0.626470148563385,-0.00422768946737051,0.626470148563385,0.9929968118667603,0.9909048080444336,0.9919386506080627
181,train,1,0.20000000298023224,0.30000001192092896,41,synthetic_0029,10,0.2927040159702301,7317.60009765625,103.56944274902344,0.7837321162223816,0.8296704888343811,0.8072104454040527,0.02246006950736046,0.2102140188217163,0.5969964265823364,0.22972969710826874,2.457072767469981e-09,0.3672667145729065,0.17796087265014648,3.71789897243883e-21,0.17796087265014648,0.8534272313117981,1.470452070236206,0.501133382320404,0.5053662061691284,21.0732364654541,0.5451920628547668,0.022078515961766243,0.5451920628547668,0.9716445803642273,0.9729633927345276,0.9717444777488708
182,train,1,0.20000000298023224,0.30000001192092896,42,synthetic_0030,11,0.09952336549758911,2488.084228515625,0.5909401178359985,0.1514594703912735,0.13687358796596527,0.13288703560829163,0.003986548166722059,0.036261849105358124,0.0966251790523529,0.00864658784121275,0.0319284163415432,0.05605018138885498,0.0033862008713185787,0.04735046997666359,0.04735046997666359,1.273391842842102,1.90853750705719,0.5707131028175354,0.9143104553222656,102.86209106445312,0.9973320960998535,-0.000405656173825264,0.9973320960998535,0.9808711409568787,0.986478328704834,0.9929028749465942
183,train,1,0.20000000298023224,0.30000001192092896,43,synthetic_0031,12,0.4373287558555603,10933.21875,83.36947631835938,1.2532860040664673,1.3058987855911255,1.3459959030151367,-0.040097106248140335,0.5616386532783508,0.7843571901321411,0.30609774589538574,3.495559619537403e-09,0.47825944423675537,0.21838317811489105,2.164475188593768e-21,0.21838317811489105,1.0214170217514038,1.7020283937454224,0.5477789640426636,0.5173342823982239,23.466854095458984,0.5499024391174316,0.003349349368363619,0.5499024391174316,0.9799516797065735,0.9801636338233948,0.9794661998748779
184,train,1,0.20000000298023224,0.30000001192092896,44,synthetic_0032,13,0.14994850754737854,3748.712890625,6.874508857727051,0.3294670581817627,0.23376663029193878,0.2269580066204071,0.006808627396821976,0.06286761909723282,0.1640903800725937,0.015235424973070621,0.05132250860333443,0.09753245115280151,0.07582564651966095,0.058391980826854706,0.058391980826854706,0.9725341796875,1.5409165620803833,0.5061526298522949,0.8283227682113647,85.66455841064453,0.9756360650062561,-0.00324267684482038,0.9756360650062561,0.969655454158783,0.9755324125289917,0.9797788262367249
185,train,1,0.20000000298023224,0.30000001192092896,45,synthetic_0033,14,0.1954413205385208,4886.033203125,24.335302352905273,0.5199732780456543,0.44436705112457275,0.43142491579055786,0.012942146509885788,0.10270752012729645,0.3287173807621002,0.1519325226545334,1.2308777330716225e-09,0.17678485810756683,0.1601741462945938,3.623069005902028e-23,0.1601741462945938,0.9352585077285767,1.581756591796875,0.5217414498329163,0.6085634231567383,41.71268844604492,0.62312912940979,0.012308704666793346,0.62312912940979,0.9753670692443848,0.9761739373207092,0.9753296971321106
186,train,1,0.20000000298023224,0.30000001192092896,46,synthetic_0034,15,0.48730194568634033,12182.548828125,32.12616729736328,1.8785157203674316,1.7546676397323608,1.7035619020462036,0.05110576003789902,0.7842031121253967,0.9193587899208069,0.08214869350194931,0.3386636972427368,0.49854639172554016,0.5840396285057068,0.14407537877559662,0.14407537877559662,1.148667812347412,1.7592339515686035,0.5499863028526306,0.5462936162948608,29.258718490600586,0.8886277079582214,0.0021439888514578342,0.8886277079582214,0.9764703512191772,0.9826653599739075,0.9881863594055176
187,train,1,0.20000000298023224,0.30000001192092896,47,synthetic_0035,16,0.1853952407836914,4634.880859375,31.511869430541992,0.27304786443710327,0.19114911556243896,0.18558178842067719,0.005567328073084354,0.08389076590538025,0.10169102251529694,0.009565629065036774,0.033386360853910446,0.058739032596349716,0.08535207808017731,0.021048203110694885,0.021048203110694885,0.8489442467689514,1.3883789777755737,0.4801895320415497,0.5476905107498169,29.538101196289062,0.9098896384239197,-0.00940326601266861,0.9098896384239197,0.9654918313026428,0.9713148474693298,0.9742870926856995
188,train,1,0.20000000298023224,0.30000001192092896,48,synthetic_0036,17,0.27620556950569153,6905.13916015625,173.98074340820312,0.44149747490882874,0.4027850031852722,0.4152323007583618,-0.012447305954992771,0.17632681131362915,0.23890550434589386,0.0828634649515152,1.0278686790599068e-09,0.15604203939437866,0.0642484575510025,7.846638521852288e-21,0.0642484575510025,0.8039252161979675,1.4059133529663086,0.4931953549385071,0.480722039937973,16.144407272338867,0.5136744379997253,0.007128302473574877,0.5136744379997253,0.9699175953865051,0.9715502262115479,0.9698998928070068
189,train,1,0.20000000298023224,0.30000001192092896,49,synthetic_0037,18,0.15780285000801086,3945.0712890625,20.371952056884766,0.3566870093345642,0.2832600474357605,0.27501004934310913,0.00824999064207077,0.06455062329769135,0.21045944094657898,0.09867642819881439,7.661369871847512e-10,0.11178300529718399,0.11440745741128922,9.545683958830134e-23,0.11440745741128922,0.9016394019126892,1.536475419998169,0.513503909111023,0.625702977180481,45.14059829711914,0.6309226155281067,0.007487527560442686,0.6309226155281067,0.9738460183143616,0.9748715758323669,0.9738661050796509
190,train,1,0.20000000298023224,0.30000001192092896,50,synthetic_0038,0,0.1589248776435852,3973.121826171875,8.451969146728516,0.4489608705043793,0.3310415744781494,0.32139989733695984,0.00964166596531868,0.07492698729038239,0.24647291004657745,0.11963199079036713,9.203003914493024e-10,0.12684091925621033,0.17149753868579865,3.295786645979424e-22,0.17149753868579865,1.0318503379821777,1.709086537361145,0.5439788699150085,0.7294378280639648,65.88756561279297,0.6509885787963867,0.010776324197649956,0.6509885787963867,0.9796756505966187,0.9798052906990051,0.9794681668281555
191,train,1,0.20000000298023224,0.30000001192092896,51,synthetic_0039,1,0.3776973485946655,9442.43359375,15.053218841552734,2.1356945037841797,1.710947036743164,1.6611145734786987,0.04983246698975563,0.4751562178134918,1.1859583854675293,0.1069011241197586,0.40702247619628906,0.672034740447998,0.9447265267372131,0.2526983618736267,0.2526983618736267,1.1585389375686646,1.7689208984375,0.5472896099090576,0.619475245475769,43.89504623413086,0.9418520331382751,-0.001169459312222898,0.9418520331382751,0.9765211939811707,0.9823893308639526,0.9880801439285278
192,train,1,0.20000000298023224,0.30000001192092896,52,synthetic_0040,2,0.29109859466552734,7277.46533203125,15.472868919372559,1.3096569776535034,1.1831982135772705,1.1487382650375366,0.03445989266037941,0.2766536772251129,0.8720846176147461,0.41129282116889954,3.47679018908309e-09,0.46079179644584656,0.44645801186561584,1.8542678870477413e-23,0.44645801186561584,1.1355818510055542,1.84242844581604,0.5660427212715149,0.6546227931976318,50.924556732177734,0.6340743899345398,0.008362826891243458,0.6340743899345398,0.9842050671577454,0.9835546612739563,0.9838132262229919
193,train,1,0.20000000298023224,0.30000001192092896,53,synthetic_0041,3,0.13393333554267883,3348.333251953125,1.3849103450775146,0.26360249519348145,0.23689065873622894,0.22999103367328644,0.006899620406329632,0.06293760240077972,0.1670534312725067,0.01503491960465908,0.05472264811396599,0.0972958579659462,0.006771755870431662,0.07718519121408463,0.07718519121408463,1.2203798294067383,1.844103217124939,0.5600442886352539,0.9292618632316589,105.85237121582031,0.9939832091331482,2.3556873202323914e-05,0.9939832091331482,0.9788534641265869,0.9846025705337524,0.9907034039497375
194,train,1,0.20000000298023224,0.30000001192092896,54,synthetic_0042,4,0.05746452137827873,1436.613037109375,0.7187166810035706,0.053847186267375946,0.04684991016983986,0.04548538103699684,0.0013645286671817303,0.010483796708285809,0.03500158339738846,0.01745745912194252,1.308807923150468e-10,0.017544126138091087,0.019032662734389305,6.146999810986619e-23,0.019032662734389305,1.1042850017547607,1.8024901151657104,0.5595495104789734,0.9752650260925293,115.0530014038086,0.6682398319244385,0.012075535021722317,0.6682398319244385,0.9828488826751709,0.9824376702308655,0.9825124144554138
195,train,1,0.20000000298023224,0.30000001192092896,55,synthetic_0043,5,0.12846489250659943,3211.622314453125,16.842809677124023,0.15310516953468323,0.11643080413341522,0.11303973197937012,0.0033910758793354034,0.04258525371551514,0.07045447826385498,0.033402640372514725,2.56414306454289e-10,0.03705183416604996,0.04171134531497955,6.469579297736657e-22,0.04171134531497955,0.897537350654602,1.536560297012329,0.5183438658714294,0.6453798413276672,49.075965881347656,0.6371028423309326,-0.0019615136552602053,0.6371028423309326,0.9743108749389648,0.9753844738006592,0.9740920662879944
196,train,1,0.20000000298023224,0.30000001192092896,56,synthetic_0044,6,0.11188442260026932,2797.110595703125,6.475625038146973,0.23165810108184814,0.15569917857646942,0.15116438269615173,0.0045347982086241245,0.03472726792097092,0.11643711477518082,0.056975554674863815,4.195261638084702e-10,0.059461560100317,0.09149529039859772,1.6890256665476391e-22,0.09149529039859772,0.9649249911308289,1.6212658882141113,0.5287802219390869,0.7672281265258789,73.44562530517578,0.6560347080230713,0.01079488918185234,0.6560347080230713,0.976699948310852,0.9773057103157043,0.9766108989715576
197,train,1,0.20000000298023224,0.30000001192092896,57,synthetic_0045,7,0.4448027014732361,11120.0673828125,326.0817565917969,1.4193170070648193,1.444474697113037,1.4891489744186401,-0.04467424750328064,0.4657193720340729,1.0234296321868896,0.33722615242004395,5.376892708852665e-09,0.6862035393714905,0.2652638554573059,2.6795357890797757e-19,0.2652638554573059,0.8187506198883057,1.422044038772583,0.4917619228363037,0.4573419690132141,11.468393325805664,0.4199425280094147,0.003520085010677576,0.4199425280094147,0.9700461030006409,0.9715578556060791,0.9702006578445435
198,train,1,0.20000000298023224,0.30000001192092896,58,synthetic_0046,8,0.29984036087989807,7496.00927734375,14.598140716552734,0.860627293586731,0.8192829489707947,0.7954229712486267,0.023859987035393715,0.3094426095485687,0.485980361700058,0.2294219434261322,1.999778120875817e-09,0.2565584182739258,0.24352537095546722,3.771556609636141e-23,0.24352537095546722,1.1971871852874756,1.9278857707977295,0.5847645401954651,0.6611355543136597,52.227108001708984,0.6344903111457825,-0.008296078070998192,0.6344903111457825,0.9876471161842346,0.9865279197692871,0.986810028553009
199,train,1,0.20000000298023224,0.30000001192092896,59,synthetic_0047,9,0.45374709367752075,11343.677734375,196.875732421875,1.3602522611618042,0.9738157987594604,0.9454535245895386,0.02836226113140583,0.49953263998031616,0.4459208548069,0.039122484624385834,0.19846490025520325,0.20833347737789154,0.3863541781902313,0.06004916876554489,0.06004916876554489,0.8439142107963562,1.3819482326507568,0.47885364294052124,0.5549184083938599,30.983686447143555,0.7033331990242004,-0.001318262075074017,0.7033331990242004,0.9653127193450928,0.9711140990257263,0.9740362763404846
200,train,1,0.20000000298023224,0.30000001192092896,60,synthetic_0048,10,0.20714430510997772,5178.60791015625,7.808567047119141,0.4068351686000824,0.31926295161247253,0.3099641799926758,0.009298768825829029,0.13486413657665253,0.17510004341602325,0.01591913029551506,0.05746619775891304,0.10171472281217575,0.10894143581390381,0.052544791251420975,0.052544791251420975,1.0932327508926392,1.6917754411697388,0.5381733179092407,0.7623324990272522,72.46649932861328,0.9698631763458252,-0.010233001783490181,0.9698631763458252,0.9743972420692444,0.9806418418884277,0.9857563376426697
201,train,1,0.20000000298023224,0.30000001192092896,61,synthetic_0049,11,0.4009439945220947,10023.599609375,9.549579620361328,2.790534019470215,2.6536130905151367,2.576328754425049,0.07728428393602371,0.6264984011650085,1.9498302936553955,0.935434877872467,8.22094659014283e-09,1.0143953561782837,1.0453695058822632,1.066635743127138e-22,1.0453695058822632,1.355547308921814,2.1187877655029297,0.6088013648986816,0.7130492329597473,62.60984420776367,0.643818199634552,-0.0005496907979249954,0.643818199634552,0.9934899210929871,0.991131603717804,0.992729902267456
202,train,1,0.20000000298023224,0.30000001192092896,62,synthetic_0050,12,0.4543493986129761,11358.734375,385.2949523925781,1.330622673034668,0.995357096195221,0.9663688540458679,0.028988216072320938,0.4583900570869446,0.5079787969589233,0.029700472950935364,0.15071406960487366,0.3275642395019531,0.3873805105686188,0.048215821385383606,0.048215821385383606,0.7723559141159058,1.2891480922698975,0.4589458107948303,0.5688545107841492,33.77090072631836,0.7302510142326355,0.007462137844413519,0.7302510142326355,0.9627857804298401,0.968210756778717,0.9703965187072754
203,train,1,0.20000000298023224,0.30000001192092896,63,synthetic_0051,13,0.34857580065727234,8714.39453125,311.62017822265625,0.7888527512550354,0.4784567654132843,0.46452227234840393,0.013934502378106117,0.25971341133117676,0.20480886101722717,0.018488392233848572,0.09256153553724289,0.09375894069671631,0.2280091941356659,0.030405091121792793,0.030405091121792793,0.7434676885604858,1.2508587837219238,0.45035555958747864,0.5649094581604004,32.98188781738281,0.6324568390846252,0.0196115393191576,0.6324568390846252,0.9617774486541748,0.9670112729072571,0.9688872694969177
204,train,1,0.20000000298023224,0.30000001192092896,64,synthetic_0052,14,0.3613528311252594,9033.8212890625,176.06845092773438,1.0581281185150146,1.1223682165145874,1.1570796966552734,-0.034711431711912155,0.31565988063812256,0.8414198160171509,0.2886432111263275,3.673645609936216e-09,0.5527766346931458,0.21893168985843658,2.783894769240541e-20,0.21893168985843658,0.8408502340316772,1.4529911279678345,0.4977841377258301,0.48021572828292847,16.043148040771484,0.5107447504997253,-0.004112117923796177,0.5107447504997253,0.9710663557052612,0.9724569916725159,0.9711863398551941
205,train,1,0.20000000298023224,0.30000001192092896,65,synthetic_0053,15,0.15676209330558777,3919.05224609375,25.317920684814453,0.20775215327739716,0.1707133948802948,0.165741428732872,0.0049719731323421,0.06332536041736603,0.10241606831550598,0.0473068505525589,3.8115205436284327e-10,0.05510921776294708,0.050480153411626816,6.209985621103085e-23,0.050480153411626816,0.896308958530426,1.5348821878433228,0.5180326700210571,0.6049033403396606,40.98067092895508,0.6227431893348694,-0.0038083179388195276,0.6227431893348694,0.9742539525032043,0.9753355383872986,0.9740378260612488
206,train,1,0.20000000298023224,0.30000001192092896,66,synthetic_0054,16,0.43215054273605347,10803.763671875,21.012235641479492,1.6479536294937134,1.7683476209640503,1.7168737649917603,0.05147382244467735,0.6819642782211304,1.0349094867706299,0.4748815894126892,4.469650871641306e-09,0.5600279569625854,0.42228370904922485,2.0654568376558983e-22,0.42228370904922485,1.270146131515503,2.0198187828063965,0.5990151166915894,0.6226348876953125,44.5269775390625,0.6190440058708191,-0.007034411188215017,0.6190440058708191,0.9907419085502625,0.989061713218689,0.9897738099098206
207,train,1,0.20000000298023224,0.30000001192092896,67,synthetic_0055,17,0.21547211706638336,5386.802734375,11.120707511901855,0.4446007013320923,0.3279329538345337,0.318381667137146,0.009551282040774822,0.1394425332546234,0.1789391189813614,0.016361268237233162,0.058700188994407654,0.10387766361236572,0.15580061078071594,0.047903675585985184,0.047903675585985184,1.0446606874465942,1.6324183940887451,0.5274982452392578,0.6672080755233765,53.44161605834961,0.9592342376708984,-0.012194105423986912,0.9592342376708984,0.9725959897041321,0.9788443446159363,0.9835784435272217
208,train,1,0.20000000298023224,0.30000001192092896,68,synthetic_0056,18,0.22689397633075714,5672.349609375,48.78363800048828,0.37575605511665344,0.34962520003318787,0.33946213126182556,0.010163082741200924,0.13428711891174316,0.2051750123500824,0.08854150772094727,8.10944256190993e-10,0.11663350462913513,0.07566949725151062,1.4373112588531598e-22,0.07566949725151062,0.9072994589805603,1.549866795539856,0.5208016633987427,0.5517326593399048,30.346529006958008,0.5896520614624023,-0.011046931147575378,0.5896520614624023,0.9747623205184937,0.9757721424102783,0.9745223522186279
209,train,1,0.20000000298023224,0.30000001192092896,69,synthetic_0057,0,0.2761867046356201,6904.66748046875,13.997344970703125,0.7367858290672302,0.6840389966964722,0.6641173362731934,0.0199216790497303,0.2573949992656708,0.4067223370075226,0.1926165670156479,1.6556791493371747e-09,0.2141057699918747,0.21074740588665009,2.9414360702615356e-23,0.21074740588665009,1.1736990213394165,1.8981153964996338,0.5800604820251465,0.6659277081489563,53.185543060302734,0.6363032460212708,-0.008591427467763424,0.6363032460212708,0.9866386651992798,0.9857001900672913,0.9858458042144775
210,train,1,0.20000000298023224,0.30000001192092896,70,synthetic_0058,1,0.3751034438610077,9377.5859375,46.47632598876953,1.0275728702545166,0.8824018836021423,0.8567014336585999,0.025700438767671585,0.4010619521141052,0.45563948154449463,0.041550956666469574,0.16650448739528656,0.2475840151309967,0.28591156005859375,0.07191911339759827,0.07191911339759827,0.991451621055603,1.566994309425354,0.5153937339782715,0.522515594959259,24.503116607666016,0.8643007874488831,-0.006797196343541145,0.8643007874488831,0.9706395864486694,0.9768459796905518,0.9811373353004456
211,train,1,0.20000000298023224,0.30000001192092896,71,synthetic_0059,2,0.12969981133937836,3242.4951171875,40.4637565612793,0.12787452340126038,0.10342559218406677,0.10041338205337524,0.003012211062014103,0.03861687332391739,0.061796508729457855,0.027588577941060066,2.2462022519764702e-10,0.03420793265104294,0.027149349451065063,3.433766685564866e-23,0.027149349451065063,0.7984737157821655,1.3981093168258667,0.49162837862968445,0.5655414462089539,33.1082878112793,0.6054971218109131,0.008970897644758224,0.6054971218109131,0.9696580767631531,0.9713197350502014,0.9696518182754517
212,train,1,0.20000000298023224,0.30000001192092896,72,synthetic_0060,3,0.21657142043113708,5414.28515625,2.189678430557251,0.5026059150695801,0.5249378085136414,0.509648859500885,0.01528896950185299,0.19646574556827545,0.31318309903144836,0.15511158108711243,1.3329922721183607e-09,0.15807151794433594,0.16260603070259094,3.0643630786753245e-21,0.16260603070259094,1.4569569826126099,2.253175735473633,0.6336219906806946,0.9139779210090637,102.79558563232422,0.6633480787277222,0.0022577138151973486,0.6633480787277222,0.9984123706817627,0.9953369498252869,0.9971604347229004
213,train,1,0.20000000298023224,0.30000001192092896,73,synthetic_0061,4,0.48499467968940735,12124.8671875,12.240984916687012,3.650383234024048,3.1888177394866943,3.0959413051605225,0.09287639707326889,0.8805721402168274,2.21536922454834,0.19622866809368134,0.7806209325790405,1.2385197877883911,1.592376470565796,0.46262457966804504,0.46262457966804504,1.302126407623291,1.943494200706482,0.5764083862304688,0.6501062512397766,50.02125549316406,0.9475547671318054,-0.0009844467276707292,0.9475547671318054,0.9819716215133667,0.9874874353408813,0.9940769076347351
214,train,1,0.20000000298023224,0.30000001192092896,74,synthetic_0062,5,0.2232939749956131,5582.349609375,3.5709893703460693,0.423092782497406,0.43707388639450073,0.4243437647819519,0.012730113230645657,0.18303968012332916,0.24130409955978394,0.02147720381617546,0.08145304769277573,0.13837385177612305,0.013671224005520344,0.08417809754610062,0.08417809754610062,1.2768898010253906,1.9148207902908325,0.5761137008666992,0.9487646222114563,109.75292205810547,0.9840922951698303,-0.0017555804224684834,0.9840922951698303,0.9813327193260193,0.9872469902038574,0.9935962557792664
215,train,1,0.20000000298023224,0.30000001192092896,75,synthetic_0063,6,0.3005605638027191,7514.01416015625,62.831478118896484,0.632882297039032,0.496957927942276,0.48248380422592163,0.014474127441644669,0.22947800159454346,0.2530058026313782,0.023431843146681786,0.09235473722219467,0.13721923530101776,0.16952036321163177,0.040503621101379395,0.040503621101379395,0.8835666179656982,1.4323679208755493,0.4891892969608307,0.5200037956237793,24.000761032104492,0.8416757583618164,-0.007930397056043148,0.8416757583618164,0.9667295813560486,0.9726855158805847,0.9759958386421204
216,train,1,0.20000000298023224,0.30000001192092896,76,synthetic_0064,7,0.0937294214963913,2343.235595703125,1.224294900894165,0.0894884467124939,0.08441349118947983,0.08195490390062332,0.0024585905484855175,0.030994610860943794,0.050960294902324677,0.025366337969899178,2.014774042047307e-10,0.025593958795070648,0.027168547734618187,7.603260392307401e-23,0.027168547734618187,1.2271466255187988,1.9657260179519653,0.590678870677948,0.9555113911628723,111.1022720336914,0.6667374968528748,0.002104560611769557,0.6667374968528748,0.9889248013496399,0.9875749349594116,0.9880326986312866
217,train,1,0.20000000298023224,0.30000001192092896,77,synthetic_0065,8,0.28324833512306213,7081.20849609375,3.213536024093628,0.6865761280059814,0.773561954498291,0.7510313987731934,0.022530585527420044,0.3234899938106537,0.4275413751602173,0.037523053586483,0.14817839860916138,0.2418399155139923,0.020396659150719643,0.1402955949306488,0.1402955949306488,1.4024529457092285,2.067676305770874,0.6005231142044067,0.9476897120475769,109.5379409790039,0.9845330119132996,0.004690536297857761,0.9845330119132996,0.986178457736969,0.9916234016418457,0.9986346364021301
218,train,1,0.20000000298023224,0.30000001192092896,78,synthetic_0066,9,0.36611783504486084,9152.9462890625,15.451948165893555,1.2674291133880615,1.2797596454620361,1.2424914836883545,0.037268102169036865,0.4875763952732086,0.7549150586128235,0.35427016019821167,3.1926279397964663e-09,0.4006448984146118,0.35334235429763794,1.4643908973543522e-23,0.35334235429763794,1.2652112245559692,2.0136220455169678,0.5980668663978577,0.6547725796699524,50.95452117919922,0.6311310529708862,-0.006458388175815344,0.6311310529708862,0.9905343651771545,0.9888920187950134,0.9895747900009155
219,train,1,0.20000000298023224,0.30000001192092896,79,synthetic_0067,10,0.4145510196685791,10363.775390625,131.957763671875,1.4845365285873413,1.617537021636963,1.6675552129745483,-0.05001824349164963,0.44958701729774475,1.217968225479126,0.4405880272388458,5.349209519778242e-09,0.7773802280426025,0.322755366563797,3.2655494383505247e-20,0.322755366563797,0.9099550247192383,1.5477293729782104,0.5155690908432007,0.4931953251361847,18.639062881469727,0.5255878567695618,-0.030473658815026283,0.5255878567695618,0.9742233157157898,0.9751957654953003,0.9742293357849121
220,train,1,0.20000000298023224,0.30000001192092896,80,synthetic_0068,11,0.27568233013153076,6892.05810546875,4.21627140045166,0.850829005241394,0.8260273337364197,0.8019692897796631,0.02405804954469204,0.31012988090515137,0.4918394386768341,0.24140262603759766,2.0897010788445414e-09,0.25043681263923645,0.2899787127971649,1.3258821695011186e-21,0.2899787127971649,1.4193447828292847,2.206289291381836,0.6268248558044434,0.8312411904335022,86.24823760986328,0.6575882434844971,0.002512969309464097,0.6575882434844971,0.9968969225883484,0.9940946102142334,0.9956956505775452
221,train,1,0.20000000298023224,0.30000001192092896,81,synthetic_0069,12,0.4081067144870758,10202.66796875,28.217479705810547,2.172137975692749,2.2797274589538574,2.213344097137451,0.0663834810256958,0.5502841472625732,1.6630598306655884,0.7483415603637695,6.935224838855447e-09,0.9147182703018188,0.6468876600265503,9.711635680828392e-23,0.6468876600265503,1.1492160558700562,1.8597606420516968,0.5688323974609375,0.5951583981513977,39.03168487548828,0.6092553734779358,0.01001123245805502,0.6092553734779358,0.9847931265830994,0.9840377569198608,0.9843772649765015
222,train,1,0.20000000298023224,0.30000001192092896,82,synthetic_0070,13,0.09229186922311783,2307.296875,5.417901515960693,0.07088303565979004,0.052527740597724915,0.05099783092737198,0.0015299090882763267,0.02192668803036213,0.02907114289700985,0.0027250845450907946,0.008856866508722305,0.01748919114470482,0.004280332010239363,0.012267816811800003,0.012267816811800003,0.8953820466995239,1.4472787380218506,0.49218738079071045,0.9331978559494019,106.63957214355469,0.9818129539489746,0.00428755721077323,0.9818129539489746,0.9671539664268494,0.9731490015983582,0.9765722155570984
223,train,1,0.20000000298023224,0.30000001192092896,83,synthetic_0071,14,0.29419007897377014,7354.751953125,198.16737365722656,0.5716509222984314,0.367925226688385,0.35720953345298767,0.010715695098042488,0.18747074902057648,0.1697387844324112,0.015379378572106361,0.07197688519954681,0.08238252252340317,0.1624104380607605,0.025186359882354736,0.025186359882354736,0.7534244060516357,1.2641175985336304,0.4533570408821106,0.5550755858421326,31.015113830566406,0.7141115069389343,0.016136718913912773,0.7141115069389343,0.9621241688728333,0.967426598072052,0.9694101214408875
224,train,1,0.20000000298023224,0.30000001192092896,84,synthetic_0072,15,0.06680668145418167,1670.1671142578125,0.9716455936431885,0.041160471737384796,0.032820526510477066,0.031864602118730545,0.0009559239842928946,0.013617181219160557,0.018247421830892563,0.0016713468357920647,0.005756403785198927,0.010819671675562859,0.0007987113785929978,0.010131679475307465,0.010131679475307465,1.061230182647705,1.6527001857757568,0.5311771631240845,0.9220579862594604,104.4115982055664,0.9962064623832703,0.011386184021830559,0.9962064623832703,0.9732088446617126,0.9794602394104004,0.9843266606330872
225,train,1,0.20000000298023224,0.30000001192092896,85,synthetic_0073,16,0.2850094735622406,7125.23681640625,47.026939392089844,0.9032544493675232,0.6972357034683228,0.6769284009933472,0.02030731365084648,0.20582278072834015,0.4711056351661682,0.04403862729668617,0.1634969264268875,0.263570100069046,0.3280763328075409,0.08260387182235718,0.08260387182235718,0.8813269138336182,1.4266973733901978,0.48379063606262207,0.5218376517295837,24.367528915405273,0.8725160956382751,0.010110791772603989,0.8725160956382751,0.9663772583007812,0.9720318913459778,0.9754540920257568
226,train,1,0.20000000298023224,0.30000001192092896,86,synthetic_0074,17,0.08840636163949966,2210.158935546875,8.345870971679688,0.13924625515937805,0.08838136494159698,0.08580721914768219,0.002574142999947071,0.019508222118020058,0.06629899889230728,0.03230873495340347,2.2913816677405663e-10,0.03399026393890381,0.053290560841560364,6.941702325874101e-22,0.053290560841560364,0.8681861162185669,1.4908114671707153,0.5049962997436523,0.7311691641807556,66.23383331298828,0.6535344123840332,0.004787988029420376,0.6535344123840332,0.972321093082428,0.973552942276001,0.9723969101905823
227,train,1,0.20000000298023224,0.30000001192092896,87,synthetic_0075,18,0.33684346079826355,8421.0859375,31.78793716430664,1.4295263290405273,1.4433757066726685,1.401342511177063,0.042033158242702484,0.34611424803733826,1.0552282333374023,0.4720807671546936,4.279884446845017e-09,0.5831474661827087,0.41436153650283813,1.207891070082185e-22,0.41436153650283813,1.06102454662323,1.7468864917755127,0.5503487586975098,0.5849093198776245,36.98186492919922,0.6064416766166687,0.022282829508185387,0.6064416766166687,0.9809595346450806,0.9808739423751831,0.9807000756263733
228,train,1,0.20000000298023224,0.30000001192092896,88,synthetic_0076,0,0.195330411195755,4883.26025390625,1.6230902671813965,0.6634956002235413,0.6754635572433472,0.6557905077934265,0.01967306062579155,0.1564079076051712,0.4993826150894165,0.2479727566242218,2.0798121003196e-09,0.2514098584651947,0.24845391511917114,5.164992485169965e-21,0.24845391511917114,1.4258737564086914,2.2063727378845215,0.6217116117477417,0.9387860894203186,107.75720977783203,0.6651573181152344,-0.006394256372004747,0.6651573181152344,0.9963680505752563,0.9934741258621216,0.9955026507377625
229,train,1,0.20000000298023224,0.30000001192092896,89,synthetic_0077,1,0.08530537039041519,2132.63427734375,6.153846263885498,0.09866410493850708,0.06545670330524445,0.06355023384094238,0.001906472141854465,0.017458582296967506,0.046091653406620026,0.0043794866651296616,0.013651343062520027,0.028060823678970337,0.012194276787340641,0.019851811230182648,0.019851811230182648,0.8344847559928894,1.3669626712799072,0.47150683403015137,0.8999322056770325,99.98644256591797,0.980522632598877,0.0027633369900286198,0.980522632598877,0.9647183418273926,0.9701899290084839,0.9731596112251282
230,train,1,0.20000000298023224,0.30000001192092896,90,synthetic_0078,2,0.36318838596343994,9079.7099609375,5.934487819671631,2.4635112285614014,2.284846544265747,2.2183010578155518,0.06654539704322815,0.5362222194671631,1.6820788383483887,0.819143533706665,7.114368649752123e-09,0.8629353046417236,0.9805110096931458,4.446856734012587e-21,0.9805110096931458,1.413979411125183,2.1915643215179443,0.6195467114448547,0.7801018357276917,76.02037048339844,0.6528146862983704,-0.003647447330877185,0.6528146862983704,0.995884358882904,0.9930801391601562,0.995036244392395
231,train,1,0.20000000298023224,0.30000001192092896,91,synthetic_0079,3,0.1626093089580536,4065.232666015625,33.815372467041016,0.3224865198135376,0.21079939603805542,0.20465975999832153,0.0061396327801048756,0.059996698051691055,0.14466306567192078,0.0138183468952775,0.046128951013088226,0.08471577614545822,0.12676192820072174,0.03131064027547836,0.03131064027547836,0.7892211675643921,1.3083157539367676,0.45899122953414917,0.5426682829856873,28.533655166625977,0.9090332984924316,0.008730292320251465,0.9090332984924316,0.9631325602531433,0.968377411365509,0.9708917737007141
