sample_index,split,source_id,sample_weight,aux_weight,config_index,config_name,velocity_index,U,Re,Ca,F_target,F_pred,F_physics,F_residual,F_stem,F_leaf,Fcol_1_pred,Fcol_2_pred,Fcol_3_pred,Fcol_1_true,Fcol_2_true,Fcol_3_true,Cd_stem_eff,Cd_leaf_eff,shielding_coef,shielding_target,angle_diff_deg,reconfiguration_factor,column_correction_1,column_correction_2,column_correction_3
0,val,0,1.0,1.0,0,PVC_20_0,0,0.05000000074505806,1250.0,0.15360000729560852,0.07093784958124161,0.10148096084594727,0.08655435591936111,0.014926603063941002,0.009456487372517586,0.07709787040948868,0.005129780620336533,0.03293411806225777,0.03903397172689438,0.0008135348907671869,0.012708019465208054,0.012708019465208054,1.3156850337982178,3.5580856800079346,0.8290814161300659,0.9039982557296753,100.79964447021484,0.940233051776886,1.3108214139938354,1.5831995010375977,1.5557130575180054
1,train,0,1.0,1.0,0,PVC_20_0,1,0.07500000298023224,1875.0,0.3456000089645386,0.17443148791790009,0.1708756536245346,0.14803321659564972,0.022842438891530037,0.018713584169745445,0.12931963801383972,0.008245361037552357,0.06888299435377121,0.052191272377967834,0.0018697602208703756,0.027825873345136642,0.027825873345136642,1.1571685075759888,2.642293691635132,0.877205491065979,0.9087178111076355,101.7435531616211,1.3091408014297485,0.9056417346000671,1.3452391624450684,0.8941012024879456
2,val,0,1.0,1.0,0,PVC_20_0,2,0.10000000149011612,2500.0,0.6144000291824341,0.14795003831386566,0.14437994360923767,0.13512861728668213,0.009251327253878117,0.03228723257780075,0.10284139215946198,0.011010115034878254,0.045840851962566376,0.04599042236804962,0.003428105963394046,0.0476507768034935,0.0476507768034935,1.1230340003967285,1.7323342561721802,0.8781402111053467,0.91482013463974,102.96401977539062,1.3491061925888062,1.00681734085083,0.7445429563522339,0.6559462547302246
3,train,0,1.0,1.0,0,PVC_20_0,3,0.125,3125.0,0.9599999785423279,0.20464740693569183,0.1982460618019104,0.19159409403800964,0.0066519672982394695,0.05271631479263306,0.1388777792453766,0.019701018929481506,0.05611517280340195,0.06306159496307373,0.005584338214248419,0.07105002552270889,0.07105002552270889,1.173511028289795,1.5856481790542603,0.8693245053291321,0.9218372106552124,104.36743927001953,1.3493152856826782,1.2594621181488037,0.643630862236023,0.6287867426872253
4,val,0,1.0,1.0,0,PVC_20_0,4,0.15000000596046448,3750.0,1.3824000358581543,0.270246684551239,0.2827039062976837,0.27518123388290405,0.007522671949118376,0.07835505902767181,0.19682618975639343,0.031549450010061264,0.07664927840232849,0.08862745761871338,0.008491037413477898,0.09684506058692932,0.09684506058692932,1.211285948753357,1.5750166177749634,0.8572251796722412,0.9292217493057251,105.84434509277344,1.342306137084961,1.4174550771713257,0.6265744566917419,0.6210517883300781
5,val,0,1.0,1.0,0,PVC_20_0,5,0.17499999701976776,4375.0,1.881600022315979,0.3938428461551666,0.38647928833961487,0.3767735958099365,0.009705686941742897,0.10800526291131973,0.2687683403491974,0.04549284279346466,0.1026284471154213,0.12064705044031143,0.012395291589200497,0.12395953387022018,0.12395953387022018,1.2266792058944702,1.5941828489303589,0.8450064659118652,0.9363734722137451,107.27469635009766,1.3332269191741943,1.4936935901641846,0.6219682097434998,0.6178416609764099
6,train,0,1.0,1.0,0,PVC_20_0,6,0.20000000298023224,5000.0,2.4576001167297363,0.43085381388664246,0.5079278349876404,0.49528083205223083,0.01264697965234518,0.14126527309417725,0.3540155589580536,0.06176134943962097,0.13333939015865326,0.15891481935977936,0.01771606132388115,0.1515229493379593,0.1515229493379593,1.2283935546875,1.623630166053772,0.8332626819610596,0.9426351189613342,108.52703094482422,1.3235878944396973,1.5355132818222046,0.6205193996429443,0.6162305474281311
7,val,0,1.0,1.0,0,PVC_20_0,7,0.22499999403953552,5625.0,3.1103999614715576,0.6180073022842407,0.6475712060928345,0.6314684152603149,0.016102802008390427,0.17802366614341736,0.45344477891921997,0.08072183281183243,0.16885343194007874,0.2038695216178894,0.025219960138201714,0.178911954164505,0.178911954164505,1.223136305809021,1.66047203540802,0.821654200553894,0.9472165703773499,109.44332122802734,1.313673734664917,1.562225103378296,0.6203195452690125,0.6153850555419922
8,train,0,1.0,1.0,0,PVC_20_0,8,0.25,6250.0,3.8399999141693115,0.8448036313056946,0.8064380288124084,0.7867070436477661,0.019730979576706886,0.21832503378391266,0.5683820247650146,0.10273285955190659,0.2094341367483139,0.25621503591537476,0.03648537024855614,0.2057376205921173,0.2057376205921173,1.2150262594223022,1.7046782970428467,0.8097602128982544,0.9489527344703674,109.79054260253906,1.30343759059906,1.5810054540634155,0.6208077073097229,0.614993691444397
9,train,0,1.0,1.0,0,PVC_20_0,9,0.2750000059604645,6875.0,4.646399974822998,1.050018072128296,0.9855108261108398,0.9625957608222961,0.022915054112672806,0.2623712420463562,0.7002245187759399,0.12813560664653778,0.25533929467201233,0.3167496621608734,0.055444035679101944,0.2318010926246643,0.2318010926246643,1.206737995147705,1.7563906908035278,0.7972344160079956,0.9455310702323914,109.10620880126953,1.2926981449127197,1.5948612689971924,0.621765673160553,0.6149095296859741
10,train,0,1.0,1.0,0,PVC_20_0,10,0.30000001192092896,7500.0,5.529600143432617,1.2444380521774292,1.1852914094924927,1.160645604133606,0.024645807221531868,0.3105160892009735,0.8501294851303101,0.15722571313381195,0.30667930841445923,0.3862244188785553,0.09599050879478455,0.25704047083854675,0.25704047083854675,1.2000621557235718,1.8153743743896484,0.7838030457496643,0.9301102161407471,106.02204132080078,1.281157374382019,1.605273723602295,0.6230818033218384,0.6150455474853516
11,train,0,1.0,1.0,0,PVC_20_0,11,0.32499998807907104,8125.0,6.48960018157959,1.354056715965271,1.4052860736846924,1.3818433284759521,0.023442687466740608,0.3632311522960663,1.0186121463775635,0.19019365310668945,0.3632580637931824,0.4651604890823364,0.2500753104686737,0.28148239850997925,0.28148239850997925,1.196130394935608,1.8808270692825317,0.7692464590072632,0.8688808679580688,93.77617645263672,1.268394112586975,1.6131064891815186,0.6246817111968994,0.6153352856636047
12,val,0,1.0,1.0,0,PVC_20_0,12,0.3499999940395355,8750.0,7.526400089263916,1.6986725330352783,1.643404245376587,1.6260591745376587,0.017345044761896133,0.42105257511138916,1.2050065994262695,0.22702981531620026,0.42438220977783203,0.5535945296287537,0.5733868479728699,0.30520471930503845,0.30520471930503845,1.1955353021621704,1.9511897563934326,0.7533893585205078,0.778120756149292,75.62416076660156,1.2538763284683228,1.6189346313476562,0.6265073418617249,0.6157156825065613
13,train,0,1.0,1.0,0,PVC_20_0,13,0.375,9375.0,8.640000343322754,1.9440239667892456,1.8953814506530762,1.8913557529449463,0.004025711212307215,0.4845294654369354,1.4068262577056885,0.26740145683288574,0.4886611998081207,0.6507635712623596,0.8262953162193298,0.3283105492591858,0.3283105492591858,1.1984496116638184,2.023972511291504,0.7361023426055908,0.7271667718887329,65.43335723876953,1.2369980812072754,1.6231712102890015,0.6285101175308228,0.6161206960678101
14,val,0,1.0,1.0,0,PVC_20_0,14,0.4000000059604645,10000.0,9.830400466918945,2.125422716140747,2.154540538787842,2.173454999923706,-0.018914470449090004,0.5541887879371643,1.6192662715911865,0.31054461002349854,0.5538893938064575,0.7548322081565857,1.0331017971038818,0.3509112596511841,0.3509112596511841,1.2047580480575562,2.0958030223846436,0.7173100709915161,0.6930793523788452,58.615875244140625,1.217132568359375,1.6261188983917236,0.6306472420692444,0.6164825558662415
15,train,0,1.0,1.0,0,PVC_20_0,15,0.42500001192092896,10625.0,11.097599983215332,2.3944380283355713,2.4122121334075928,2.4656686782836914,-0.05345647409558296,0.6305021643638611,1.8351664543151855,0.3552284240722656,0.6171267628669739,0.8628112077713013,1.2118146419525146,0.3731164038181305,0.3731164038181305,1.2141458988189697,2.16286039352417,0.6970112919807434,0.6676045656204224,53.52091598510742,1.1936731338500977,1.6279932260513306,0.6328802704811096,0.616740882396698
16,train,0,1.0,1.0,0,PVC_20_0,16,0.44999998807907104,11250.0,12.44159984588623,2.6817269325256348,2.658876657485962,2.7594165802001953,-0.1005399227142334,0.7138170599937439,2.0455994606018066,0.3998205363750458,0.6750368475914001,0.9707422256469727,1.370949149131775,0.395028293132782,0.395028293132782,1.2260948419570923,2.2215516567230225,0.675322413444519,0.6474189162254333,49.48377990722656,1.1660504341125488,1.6289323568344116,0.6351792812347412,0.6168561577796936
17,train,0,1.0,1.0,0,PVC_20_0,17,0.4749999940395355,11875.0,13.86240005493164,2.9678232669830322,2.885676383972168,3.045151948928833,-0.15947556495666504,0.8042324185371399,2.240919589996338,0.4424265921115875,0.7244091629981995,1.074083685874939,1.515420913696289,0.4167393147945404,0.4167393147945404,1.2398139238357544,2.2690982818603516,0.6525335311889648,0.6308286190032959,46.16572570800781,1.1337488889694214,1.6289979219436646,0.6375327110290527,0.6168214082717896
18,train,0,1.0,1.0,0,PVC_20_0,18,0.5,12500.0,15.359999656677246,3.0878708362579346,3.0857794284820557,3.3134374618530273,-0.22765812277793884,0.9014588594436646,2.4119784832000732,0.48106977343559265,0.7627211213111877,1.1681876182556152,1.6484487056732178,0.4383312165737152,0.4383312165737152,1.2542035579681396,2.3038206100463867,0.6291441321372986,0.6168425679206848,43.36851501464844,1.0963653326034546,1.628174066543579,0.639956533908844,0.6166622638702393
19,train,0,1.0,1.0,1,PVC_20_180,0,0.05000000074505806,1250.0,0.15360000729560852,0.30792152881622314,0.16549426317214966,0.13960221409797668,0.025892049074172974,0.012342415750026703,0.12725979089736938,0.06334468722343445,6.159026355589958e-08,0.06391505151987076,0.013280894607305527,1.3017747316988583e-22,0.013280894607305527,1.7172054052352905,3.91776442527771,0.8875721096992493,0.9950531721115112,119.01063537597656,1.3334832191467285,1.6166760921478271,1.3282582759857178,1.6312328577041626
20,val,0,1.0,1.0,1,PVC_20_180,1,0.07500000298023224,1875.0,0.3456000089645386,0.17357100546360016,0.14259599149227142,0.1366075575351715,0.005988428834825754,0.019303051754832268,0.11730450391769409,0.05927653983235359,7.222531195338888e-08,0.05802789703011513,0.030723044648766518,2.8289993467871503e-22,0.030723044648766518,1.193618655204773,2.7397303581237793,0.8705922365188599,0.9886112809181213,117.72225952148438,1.3462963104248047,0.9523369073867798,0.999640166759491,0.9322761297225952
21,val,0,1.0,1.0,1,PVC_20_180,2,0.10000000149011612,2500.0,0.6144000291824341,0.34319770336151123,0.18160602450370789,0.18717603385448456,-0.005570013076066971,0.032569218426942825,0.15460681915283203,0.08074919134378433,9.54770627004109e-08,0.07385752350091934,0.05678054317831993,4.807654095618108e-22,0.05678054317831993,1.1328423023223877,2.2793970108032227,0.8622226715087891,0.9791058301925659,115.8211669921875,1.3300987482070923,0.8877957463264465,0.9130945205688477,0.812025249004364
22,train,0,1.0,1.0,1,PVC_20_180,3,0.125,3125.0,0.9599999785423279,0.31932196021080017,0.26277902722358704,0.27720850706100464,-0.014429491944611073,0.051108647137880325,0.22609984874725342,0.12027791887521744,1.3548671518037736e-07,0.10582180321216583,0.09318999201059341,7.104417698677035e-22,0.09318999201059341,1.1377228498458862,2.1669137477874756,0.8600363731384277,0.9660651087760925,113.21302032470703,1.3237098455429077,0.8945615291595459,0.878750205039978,0.7870447039604187
23,train,0,1.0,1.0,1,PVC_20_180,4,0.15000000596046448,3750.0,1.3824000358581543,0.31083568930625916,0.3715152144432068,0.39550602436065674,-0.023990796878933907,0.0743197649717331,0.32118627429008484,0.17290785908699036,1.8774045429381658e-07,0.14827822148799896,0.14211547374725342,3.0935381589327246e-21,0.14211547374725342,1.14890456199646,2.1319124698638916,0.8582653999328613,0.9489836692810059,109.7967300415039,1.320966362953186,0.9095988273620605,0.8630435466766357,0.7800320982933044
24,train,0,1.0,1.0,1,PVC_20_180,5,0.17499999701976776,4375.0,1.881600022315979,0.5591400265693665,0.5046533346176147,0.5391950011253357,-0.034541644155979156,0.10192825645208359,0.4372667670249939,0.23708254098892212,2.5134906422863423e-07,0.2001839578151703,0.20557907223701477,4.078542853266631e-21,0.20557907223701477,1.1576589345932007,2.119441270828247,0.8561485409736633,0.927563488483429,105.51270294189453,1.3197317123413086,0.9225612878799438,0.8568111062049866,0.7789775133132935
25,train,0,1.0,1.0,1,PVC_20_180,6,0.20000000298023224,5000.0,2.4576001167297363,0.6062102913856506,0.6602398157119751,0.7059316635131836,-0.045691829174757004,0.13371849060058594,0.5722131729125977,0.3112955689430237,3.2566802588007704e-07,0.2609172463417053,0.28418269753456116,5.143182058862414e-21,0.28418269753456116,1.1627693176269531,2.1127564907073975,0.8535116314888,0.9021280407905579,100.42560577392578,1.3192592859268188,0.9307049512863159,0.8555907011032104,0.7800849080085754
26,train,0,1.0,1.0,1,PVC_20_180,7,0.22499999403953552,5625.0,3.1103999614715576,0.8631705045700073,0.836506724357605,0.8931438326835632,-0.05663713812828064,0.16953520476818085,0.7236086130142212,0.3938002586364746,4.0983530880112085e-07,0.32980790734291077,0.3756729066371918,6.2701978720074416e-21,0.3756729066371918,1.1648153066635132,2.1059656143188477,0.850202202796936,0.8739358186721802,94.78716278076172,1.3192507028579712,0.9332783222198486,0.8568081259727478,0.781620979309082
27,train,0,1.0,1.0,1,PVC_20_180,8,0.25,6250.0,3.8399999141693115,1.0573121309280396,1.031722068786621,1.0978927612304688,-0.06617064774036407,0.20930971205234528,0.8885830640792847,0.48255857825279236,5.026351459491707e-07,0.4060240089893341,0.47503334283828735,2.200904255082346e-21,0.47503334283828735,1.1648540496826172,2.097024440765381,0.8460038900375366,0.8448962569236755,88.97925567626953,1.3195388317108154,0.9300860166549683,0.8588451147079468,0.7825727462768555
28,val,0,1.0,1.0,1,PVC_20_180,9,0.2750000059604645,6875.0,4.646399974822998,1.2427419424057007,1.244278073310852,1.3169211149215698,-0.07264304161071777,0.2530982792377472,1.063822865486145,0.5752705335617065,6.0242422250667e-07,0.4885517358779907,0.5766147971153259,2.6106018041597455e-21,0.5766147971153259,1.1640883684158325,2.0855417251586914,0.8406200408935547,0.8167735934257507,83.3547134399414,1.3199750185012817,0.9210875034332275,0.8605829477310181,0.7822386622428894
29,train,0,1.0,1.0,1,PVC_20_180,10,0.30000001192092896,7500.0,5.529600143432617,1.5060391426086426,1.4729920625686646,1.5469316244125366,-0.07393953204154968,0.3011385500431061,1.245793104171753,0.6695287823677063,7.071113259371486e-07,0.5762636065483093,0.6762266159057617,3.0584045913771367e-21,0.6762266159057617,1.163820505142212,2.072105884552002,0.8336655497550964,0.7906438708305359,78.12877655029297,1.3203777074813843,0.9063488245010376,0.8611590266227722,0.7800946235656738
30,train,0,1.0,1.0,1,PVC_20_180,11,0.32499998807907104,8125.0,6.48960018157959,1.597334623336792,1.7175867557525635,1.7851101160049438,-0.06752338260412216,0.3539196252822876,1.4311904907226562,0.7631140947341919,8.141954594975687e-07,0.6680755615234375,0.771656334400177,3.5438832744536875e-21,0.771656334400177,1.1654672622680664,2.058114528656006,0.8246616125106812,0.766912579536438,73.38251495361328,1.3204972743988037,0.8861240744590759,0.8598430752754211,0.7757657766342163
31,train,0,1.0,1.0,1,PVC_20_180,12,0.3499999940395355,8750.0,7.526400089263916,1.9695085287094116,1.9792060852050781,2.0298373699188232,-0.05063128471374512,0.4122501015663147,1.6175872087478638,0.8544109463691711,9.208790174852766e-07,0.763175368309021,0.8621596693992615,1.1680538468040135e-22,0.8621596693992615,1.170541524887085,2.0456745624542236,0.8130499124526978,0.7455744743347168,69.1148910522461,1.319987416267395,0.8609999418258667,0.8560181260108948,0.7690607309341431
32,train,0,1.0,1.0,1,PVC_20_180,13,0.375,9375.0,8.640000343322754,2.2906291484832764,2.2606005668640137,2.281343936920166,-0.020743422210216522,0.4772872030735016,1.8040566444396973,0.9428355693817139,1.024227913148934e-06,0.8612200617790222,0.9478147625923157,1.0756810115930194e-22,0.9478147625923157,1.1805365085601807,2.0373165607452393,0.7982535362243652,0.7264378666877747,65.2875747680664,1.3183774948120117,0.8320584297180176,0.8492487668991089,0.7600322365760803
33,train,0,1.0,1.0,1,PVC_20_180,14,0.4000000059604645,10000.0,9.830400466918945,2.650298833847046,2.565523624420166,2.5419483184814453,0.023575259372591972,0.5504733324050903,1.9914751052856445,1.0290985107421875,1.1213522839170764e-06,0.9623755216598511,1.0290770530700684,9.475226058219414e-23,1.0290770530700684,1.196681022644043,2.03543758392334,0.779807448387146,0.7092531323432922,61.850624084472656,1.315055012702942,0.8009659051895142,0.8394078016281128,0.7490341663360596
34,train,0,1.0,1.0,1,PVC_20_180,15,0.42500001192092896,10625.0,11.097599983215332,2.8269872665405273,2.8971054553985596,2.8154489994049072,0.08165653049945831,0.6333143711090088,2.1821346282958984,1.1150473356246948,1.2095870260964148e-06,1.067086100578308,1.1065337657928467,8.751692933370289e-23,1.1065337657928467,1.2195613384246826,2.0415878295898438,0.7575602531433105,0.6937710642814636,58.754215240478516,1.309256672859192,0.7698415517807007,0.8267786502838135,0.7367284893989563
35,val,0,1.0,1.0,1,PVC_20_180,16,0.44999998807907104,11250.0,12.44159984588623,3.2195968627929688,3.255662202835083,3.1054913997650146,0.15017084777355194,0.7269760966300964,2.3785152435302734,1.2029162645339966,1.2867131999882986e-06,1.1755975484848022,1.1807831525802612,1.4413170314209997e-23,1.1807831525802612,1.2486976385116577,2.055877447128296,0.7318827509880066,0.6797662973403931,55.95326232910156,1.3000822067260742,0.7408343553543091,0.8120582699775696,0.7240096926689148
36,train,0,1.0,1.0,1,PVC_20_180,17,0.4749999940395355,11875.0,13.86240005493164,3.643343448638916,3.637014627456665,3.4133481979370117,0.22366641461849213,0.8317986726760864,2.5815494060516357,1.2941654920578003,1.3512301393348025e-06,1.2873826026916504,1.2523813247680664,2.179188649855603e-23,1.2523813247680664,1.2823102474212646,2.076815605163574,0.7037614583969116,0.6670430302619934,53.408607482910156,1.2865387201309204,0.7155839800834656,0.7962250709533691,0.7118334174156189
37,train,0,1.0,1.0,1,PVC_20_180,18,0.5,12500.0,15.359999656677246,4.037886619567871,4.032238006591797,3.7362287044525146,0.29600948095321655,0.9469931721687317,2.7892355918884277,1.3885122537612915,1.402633756697469e-06,1.4007220268249512,1.3218237161636353,7.380154498657305e-22,1.3218237161636353,1.3175556659698486,2.101707696914673,0.6746741533279419,0.6554343104362488,51.08686828613281,1.26764976978302,0.6948912143707275,0.7803306579589844,0.7010017037391663
38,train,0,1.0,1.0,2,PVC_10_0,0,0.05000000074505806,1250.0,0.15360000729560852,0.004296653904020786,0.009940010495483875,0.010094917379319668,-0.0001549070148030296,0.006301731802523136,0.0037931855767965317,0.0001959831570275128,0.0018608842510730028,0.001736318226903677,0.00040676744538359344,0.006354009732604027,0.006354009732604027,0.8767625689506531,2.003084659576416,0.7696454524993896,0.9039982557296753,100.79964447021484,0.22320334613323212,0.74945467710495,1.4421066045761108,1.0356141328811646
39,train,0,1.0,1.0,2,PVC_10_0,1,0.07500000298023224,1875.0,0.3456000089645386,0.0044425735250115395,0.018200084567070007,0.019834071397781372,-0.0016339861322194338,0.014237694442272186,0.005596376024186611,0.00040665900451131165,0.0027478134725242853,0.0024419038090854883,0.0009348801104351878,0.013912936672568321,0.013912936672568321,0.8803984522819519,1.7876330614089966,0.8411358594894409,0.9087178111076355,101.7435531616211,0.2567828595638275,0.6731783747673035,0.8434569835662842,0.6304786205291748
40,train,0,1.0,1.0,2,PVC_10_0,2,0.10000000149011612,2500.0,0.6144000291824341,0.11792551726102829,0.09965445101261139,0.10117831826210022,-0.001523869577795267,0.040021684020757675,0.06115663796663284,0.01013362966477871,0.02380925416946411,0.027213752269744873,0.001714052981697023,0.02382538840174675,0.02382538840174675,1.3920583724975586,2.7037606239318848,0.8792535066604614,0.91482013463974,102.96401977539062,1.0904953479766846,1.4690603017807007,0.6122775673866272,0.6153256893157959
41,val,0,1.0,1.0,2,PVC_10_0,3,0.125,3125.0,0.9599999785423279,0.3397746682167053,0.13957922160625458,0.14176586270332336,-0.002186642726883292,0.057214539498090744,0.08455131947994232,0.014685951173305511,0.03183839097619057,0.03802698105573654,0.0027921691071242094,0.035525012761354446,0.035525012761354446,1.2736454010009766,2.216114044189453,0.8444609045982361,0.9218372106552124,104.36743927001953,1.1842845678329468,1.5307369232177734,0.6129317283630371,0.6182048320770264
42,train,0,1.0,1.0,2,PVC_10_0,4,0.15000000596046448,3750.0,1.3824000358581543,0.16250543296337128,0.18169353902339935,0.1851830631494522,-0.0034895194694399834,0.07706908136606216,0.10811398178339005,0.018955165520310402,0.04010535031557083,0.04905346781015396,0.004245518706738949,0.04842253029346466,0.04842253029346466,1.191406011581421,1.9606804847717285,0.8252850770950317,0.9292217493057251,105.84434509277344,1.1962482929229736,1.5352658033370972,0.6138981580734253,0.6196803450584412
43,val,0,1.0,1.0,2,PVC_10_0,5,0.17499999701976776,4375.0,1.881600022315979,0.17313167452812195,0.2371882051229477,0.24116641283035278,-0.003978200722485781,0.10178900510072708,0.1393774151802063,0.024595607072114944,0.051233965903520584,0.06354784965515137,0.006197645794600248,0.06197976693511009,0.06197976693511009,1.1560773849487305,1.8542507886886597,0.8145320415496826,0.9363734722137451,107.27469635009766,1.201472520828247,1.5408695936203003,0.6146108508110046,0.620942234992981
44,train,0,1.0,1.0,2,PVC_10_0,6,0.20000000298023224,5000.0,2.4576001167297363,0.32816481590270996,0.3071313798427582,0.31021198630332947,-0.0030806197319179773,0.13158896565437317,0.1786230206489563,0.03171436861157417,0.06521618366241455,0.08169247210025787,0.008858030661940575,0.07576147466897964,0.07576147466897964,1.1442517042160034,1.8144301176071167,0.8074501156806946,0.9426351189613342,108.52703094482422,1.2058978080749512,1.5488593578338623,0.6152302026748657,0.6222715973854065
45,val,0,1.0,1.0,2,PVC_10_0,7,0.22499999403953552,5625.0,3.1103999614715576,0.4748879671096802,0.3924733102321625,0.3927452564239502,-0.00027193702408112586,0.16657739877700806,0.22616785764694214,0.04038876295089722,0.08207039535045624,0.10370869189500809,0.012609980069100857,0.0894559770822525,0.0894559770822525,1.1444931030273438,1.8096064329147339,0.8015836477279663,0.9472165703773499,109.44332122802734,1.2098352909088135,1.55758535861969,0.6158444881439209,0.62380450963974
46,val,0,1.0,1.0,2,PVC_10_0,8,0.25,6250.0,3.8399999141693115,0.5574852824211121,0.49410146474838257,0.4893057346343994,0.0047957259230315685,0.2068098485469818,0.2824958860874176,0.05071917176246643,0.1018548235297203,0.12992188334465027,0.01824268512427807,0.10286881029605865,0.10286881029605865,1.1509417295455933,1.8265421390533447,0.7955682277679443,0.9489527344703674,109.79054260253906,1.2127565145492554,1.5658694505691528,0.6164950728416443,0.6256157755851746
47,train,0,1.0,1.0,2,PVC_10_0,9,0.2750000059604645,6875.0,4.646399974822998,0.5972995758056641,0.6124120950698853,0.6003050804138184,0.012107029557228088,0.2522561550140381,0.3480489253997803,0.06280350685119629,0.12457587569952011,0.16066953539848328,0.027722017839550972,0.11590054631233215,0.11590054631233215,1.160215139389038,1.8585247993469238,0.7885738611221313,0.9455310702323914,109.10620880126953,1.2140675783157349,1.5731639862060547,0.6171969175338745,0.6277195811271667
48,train,0,1.0,1.0,2,PVC_10_0,10,0.30000001192092896,7500.0,5.529600143432617,0.7768981456756592,0.747009813785553,0.7258390188217163,0.02117079496383667,0.30280211567878723,0.4230368733406067,0.07671137154102325,0.1501135379076004,0.19621196389198303,0.04799525439739227,0.12852023541927338,0.12852023541927338,1.1702497005462646,1.9012751579284668,0.7800557017326355,0.9301102161407471,106.02204132080078,1.2132905721664429,1.5793347358703613,0.6179463267326355,0.6300600171089172
49,val,0,1.0,1.0,2,PVC_10_0,11,0.32499998807907104,8125.0,6.48960018157959,0.982464611530304,0.8965582251548767,0.8655415773391724,0.03101665899157524,0.3582833707332611,0.5072581768035889,0.09245754778385162,0.1781584620475769,0.23664216697216034,0.12503765523433685,0.14074119925498962,0.14074119925498962,1.1798372268676758,1.9514044523239136,0.7696406841278076,0.8688808679580688,93.77617645263672,1.2100833654403687,1.5844546556472778,0.6187254190444946,0.6325161457061768
50,train,0,1.0,1.0,2,PVC_10_0,12,0.3499999940395355,8750.0,7.526400089263916,1.096636176109314,1.0587211847305298,1.0184563398361206,0.04026482254266739,0.4185258448123932,0.599930465221405,0.1099722608923912,0.20816156268119812,0.2817966341972351,0.28669342398643494,0.15260235965251923,0.15260235965251923,1.1883609294891357,2.0057907104492188,0.7570815086364746,0.778120756149292,75.62416076660156,1.204196810722351,1.5886590480804443,0.6195088624954224,0.6349292993545532
51,train,0,1.0,1.0,2,PVC_10_0,13,0.375,9375.0,8.640000343322754,1.2108826637268066,1.2301498651504517,1.1829286813735962,0.047221165150403976,0.4833630621433258,0.6995656490325928,0.12907204031944275,0.23931054770946503,0.3311830461025238,0.4131476581096649,0.1641552746295929,0.1641552746295929,1.1955645084381104,2.0613560676574707,0.7422517538070679,0.7271667718887329,65.43335723876953,1.19542396068573,1.5920671224594116,0.6202715635299683,0.6371464729309082
52,train,0,1.0,1.0,2,PVC_10_0,14,0.4000000059604645,10000.0,9.830400466918945,1.3690028190612793,1.4065461158752441,1.3565549850463867,0.049991071224212646,0.5526185631752014,0.8039364814758301,0.14943844079971313,0.2705523371696472,0.3839457333087921,0.5165508985519409,0.17545562982559204,0.17545562982559204,1.201344609260559,2.1150624752044678,0.7251605987548828,0.6930793523788452,58.615875244140625,1.183568000793457,1.594749927520752,0.6209968328475952,0.6390606760978699
53,train,0,1.0,1.0,2,PVC_10_0,15,0.42500001192092896,10625.0,11.097599983215332,1.6664570569992065,1.5828742980957031,1.5362331867218018,0.046641066670417786,0.626062273979187,0.9101709127426147,0.17061299085617065,0.3006758391857147,0.43888208270072937,0.6059073209762573,0.18655820190906525,0.18655820190906525,1.2055960893630981,2.1640450954437256,0.7059779167175293,0.6676045656204224,53.52091598510742,1.1684328317642212,1.596727728843689,0.6216818690299988,0.6406320333480835
54,val,0,1.0,1.0,2,PVC_10_0,16,0.44999998807907104,11250.0,12.44159984588623,1.7020379304885864,1.7537871599197388,1.71834135055542,0.03544584661722183,0.7033711075782776,1.0149701833724976,0.1920137107372284,0.3284473121166229,0.49450919032096863,0.6854745745658875,0.197514146566391,0.197514146566391,1.2081522941589355,2.205796718597412,0.6850458383560181,0.6474189162254333,49.48377990722656,1.149838924407959,1.5979803800582886,0.6223394274711609,0.641882598400116
55,train,0,1.0,1.0,2,PVC_10_0,17,0.4749999940395355,11875.0,13.86240005493164,1.914313793182373,1.9142601490020752,1.8990395069122314,0.015220696106553078,0.7841173410415649,1.1149221658706665,0.21297457814216614,0.3527742922306061,0.5491732954978943,0.7577104568481445,0.2083696573972702,0.2083696573972702,1.2088042497634888,2.238372802734375,0.6628692150115967,0.6308286190032959,46.16572570800781,1.127646803855896,1.5984597206115723,0.6229956746101379,0.642873227596283
56,train,0,1.0,1.0,2,PVC_10_0,18,0.5,12500.0,15.359999656677246,2.087332010269165,2.060326337814331,2.0746593475341797,-0.014332965016365051,0.8678032755851746,1.2068560123443604,0.23280471563339233,0.37285760045051575,0.6011937260627747,0.8242243528366089,0.2191656082868576,0.2191656082868576,1.2073783874511719,2.260557174682617,0.6400753855705261,0.6168425679206848,43.36851501464844,1.1017916202545166,1.5980983972549438,0.6236855387687683,0.643677294254303
57,val,0,1.0,1.0,3,PVC_10_180,0,0.05000000074505806,1250.0,0.15360000729560852,0.1761522889137268,0.07384707033634186,0.06322634220123291,0.010620725341141224,0.00993579812347889,0.05329054221510887,0.02576722949743271,1.9446266819045377e-08,0.02752329409122467,0.006640447303652763,6.508873658494291e-23,0.006640447303652763,1.3823717832565308,3.870577812194824,0.8033281564712524,0.9950531721115112,119.01063537597656,1.212330937385559,1.4643317461013794,1.0317542552947998,1.5641273260116577
58,val,0,1.0,1.0,3,PVC_10_180,1,0.07500000298023224,1875.0,0.3456000089645386,0.1749381422996521,0.09079226851463318,0.08116649091243744,0.00962577760219574,0.018961653113365173,0.06220483407378197,0.029338540509343147,3.822540151077192e-08,0.032866254448890686,0.015361522324383259,1.4144996733935752e-22,0.015361522324383259,1.1725080013275146,2.7279069423675537,0.8790705800056458,0.9886112809181213,117.72225952148438,1.351837396621704,0.9429110884666443,1.0481460094451904,1.0562881231307983
59,train,0,1.0,1.0,3,PVC_10_180,2,0.10000000149011612,2500.0,0.6144000291824341,0.10751472413539886,0.12273547053337097,0.11770512908697128,0.005030344240367413,0.034548304975032806,0.08315682411193848,0.041933633387088776,5.051577645076577e-08,0.04122314229607582,0.028390271589159966,2.403827047809054e-22,0.028390271589159966,1.201680064201355,2.199740409851074,0.8786624670028687,0.9791058301925659,115.8211669921875,1.3363869190216064,0.9509715437889099,0.9778478145599365,0.9348589181900024
60,train,0,1.0,1.0,3,PVC_10_180,3,0.125,3125.0,0.9599999785423279,0.198393777012825,0.18500778079032898,0.18304157257080078,0.001966207753866911,0.05587441474199295,0.12716716527938843,0.06582686305046082,7.181614591900143e-08,0.06134022772312164,0.04659499600529671,3.5522088493385176e-22,0.04659499600529671,1.2438130378723145,2.1239726543426514,0.8766212463378906,0.9660651087760925,113.21302032470703,1.3272627592086792,0.9962906837463379,0.929938554763794,0.9283851981163025
61,train,0,1.0,1.0,3,PVC_10_180,4,0.15000000596046448,3750.0,1.3824000358581543,0.27636855840682983,0.26468905806541443,0.2664039433002472,-0.0017148747574537992,0.08166037499904633,0.18474356830120087,0.09677961468696594,9.835959957626983e-08,0.08796385675668716,0.07105773687362671,1.5467690794663623e-21,0.07105773687362671,1.2623826265335083,2.1023800373077393,0.8741699457168579,0.9489836692810059,109.7967300415039,1.322122573852539,1.0316376686096191,0.8995503187179565,0.9376646280288696
62,train,0,1.0,1.0,3,PVC_10_180,5,0.17499999701976776,4375.0,1.881600022315979,0.3855060040950775,0.35754579305648804,0.3636329472064972,-0.0060871681198477745,0.11101945489645004,0.25261348485946655,0.13305990397930145,1.285853841181961e-07,0.11955345422029495,0.10278953611850739,2.0392714266333154e-21,0.10278953611850739,1.2609131336212158,2.081455707550049,0.87128084897995,0.927563488483429,105.51270294189453,1.3191311359405518,1.054932713508606,0.8775507807731628,0.9478500485420227
63,train,0,1.0,1.0,3,PVC_10_180,6,0.20000000298023224,5000.0,2.4576001167297363,0.4729076027870178,0.4607512652873993,0.4711206555366516,-0.010369391180574894,0.14332766830921173,0.3277929723262787,0.17302206158638,1.6100482014280715e-07,0.15477074682712555,0.14209134876728058,2.571591029431207e-21,0.14209134876728058,1.2463274002075195,2.0512588024139404,0.8676566481590271,0.9021280407905579,100.42560577392578,1.3175773620605469,1.0669735670089722,0.8582313656806946,0.9544232487678528
64,train,0,1.0,1.0,3,PVC_10_180,7,0.22499999403953552,5625.0,3.1103999614715576,0.585237979888916,0.5721652507781982,0.5853472948074341,-0.013182046823203564,0.17830972373485565,0.40703755617141724,0.2148565649986267,1.9402368423016014e-07,0.1921807825565338,0.1878364533185959,3.1350989360037208e-21,0.1878364533185959,1.2251017093658447,2.0113391876220703,0.8627449870109558,0.8739358186721802,94.78716278076172,1.3170796632766724,1.0680584907531738,0.8384554982185364,0.9553363919258118
65,train,0,1.0,1.0,3,PVC_10_180,8,0.25,6250.0,3.8399999141693115,0.6845232844352722,0.6908444762229919,0.7035225629806519,-0.012678103521466255,0.21621930599212646,0.4873032569885254,0.25684604048728943,2.261605374087594e-07,0.23045699298381805,0.23751667141914368,1.100452127541173e-21,0.23751667141914368,1.2033073902130127,1.965291976928711,0.8557557463645935,0.8448962569236755,88.97925567626953,1.3172264099121094,1.0583128929138184,0.8167130351066589,0.9495788812637329
66,train,0,1.0,1.0,3,PVC_10_180,9,0.2750000059604645,6875.0,4.646399974822998,0.8764917254447937,0.8179292678833008,0.8246594071388245,-0.006730112247169018,0.2580243945121765,0.566635012626648,0.29785823822021484,2.563702423685754e-07,0.26877647638320923,0.28830739855766296,1.3053009020798728e-21,0.28830739855766296,1.1867451667785645,1.919700026512146,0.8456648588180542,0.8167735934257507,83.3547134399414,1.3173880577087402,1.038259506225586,0.7925503253936768,0.9368876814842224
67,train,0,1.0,1.0,3,PVC_10_180,10,0.30000001192092896,7500.0,5.529600143432617,0.9029657244682312,0.9571502804756165,0.9504631757736206,0.006687089800834656,0.3054828345775604,0.6449803113937378,0.33778300881385803,2.842988919837808e-07,0.3071970045566559,0.33811330795288086,1.5292022956885683e-21,0.33811330795288086,1.180609941482544,1.883015513420105,0.8312749862670898,0.7906438708305359,78.12877655029297,1.3166234493255615,1.0092265605926514,0.7663771510124207,0.9178416132926941
68,train,0,1.0,1.0,3,PVC_10_180,11,0.32499998807907104,8125.0,6.48960018157959,1.0138746500015259,1.114126205444336,1.0853872299194336,0.028738958761096,0.3609938621520996,0.724393367767334,0.3776206970214844,3.1033064828989154e-07,0.3467724025249481,0.3858281672000885,1.7719416372268438e-21,0.3858281672000885,1.188762903213501,1.8634517192840576,0.8114537000656128,0.766912579536438,73.38251495361328,1.3136827945709229,0.9736194014549255,0.7395296692848206,0.8940832018852234
69,train,0,1.0,1.0,3,PVC_10_180,12,0.3499999940395355,8750.0,7.526400089263916,1.313947081565857,1.2941880226135254,1.2354618310928345,0.05872613936662674,0.427117258310318,0.8083445429801941,0.41911080479621887,3.35325040623502e-07,0.38923341035842896,0.43107983469963074,5.840269234020067e-23,0.43107983469963074,1.2127553224563599,1.8663678169250488,0.7856325507164001,0.7455744743347168,69.1148910522461,1.3071038722991943,0.9349625706672668,0.7141232490539551,0.8683112859725952
70,train,0,1.0,1.0,3,PVC_10_180,13,0.375,9375.0,8.640000343322754,1.5928974151611328,1.499587059020996,1.4058798551559448,0.09370715171098709,0.5057149529457092,0.9001649022102356,0.4639241397380829,3.6004843195769354e-07,0.43624040484428406,0.47390738129615784,5.378405057965097e-23,0.47390738129615784,1.2508504390716553,1.8922001123428345,0.7544220089912415,0.7264378666877747,65.2875747680664,1.2953948974609375,0.8972716331481934,0.6922848224639893,0.8437287211418152
71,val,0,1.0,1.0,3,PVC_10_180,14,0.4000000059604645,10000.0,9.830400466918945,1.7449835538864136,1.7275173664093018,1.5980887413024902,0.12942858040332794,0.5970050692558289,1.0010836124420166,0.5126358866691589,3.846036804588948e-07,0.48844730854034424,0.5145385265350342,4.737613029109707e-23,0.5145385265350342,1.2978368997573853,1.9359506368637085,0.7198504209518433,0.7092531323432922,61.850624084472656,1.2773033380508423,0.863792359828949,0.6752006411552429,0.8230345249176025
72,train,0,1.0,1.0,3,PVC_10_180,15,0.42500001192092896,10625.0,11.097599983215332,1.9275760650634766,1.9701166152954102,1.8083622455596924,0.16175438463687897,0.6992904543876648,1.1090717315673828,0.564160168170929,4.0836954440237605e-07,0.5449112057685852,0.5532668828964233,4.3758464666851443e-23,0.5532668828964233,1.3466100692749023,1.9888924360275269,0.684809684753418,0.6937710642814636,58.754215240478516,1.2521651983261108,0.836104154586792,0.6628307700157166,0.8075764775276184
73,train,0,1.0,1.0,3,PVC_10_180,16,0.44999998807907104,11250.0,12.44159984588623,2.2017436027526855,2.216928482055664,2.0293774604797363,0.1875511258840561,0.809752345085144,1.2196249961853027,0.6162356734275818,4.3051304032815096e-07,0.6033888459205627,0.5903915762901306,7.206585157104998e-24,0.5903915762901306,1.3908790349960327,2.0419349670410156,0.6519877314567566,0.6797662973403931,55.95326232910156,1.2202109098434448,0.8142425417900085,0.6543575525283813,0.7972677946090698
74,train,0,1.0,1.0,3,PVC_10_180,17,0.4749999940395355,11875.0,13.86240005493164,2.481191635131836,2.458582878112793,2.2535784244537354,0.20500436425209045,0.9256551861763,1.32792329788208,0.6665725708007812,4.505490664996614e-07,0.6613501906394958,0.6261906623840332,1.0895943249278015e-23,0.6261906623840332,1.427000641822815,2.08857798576355,0.6230690479278564,0.6670430302619934,53.408607482910156,1.182623267173767,0.797391951084137,0.6487712860107422,0.791144609451294
75,val,0,1.0,1.0,3,PVC_10_180,18,0.5,12500.0,15.359999656677246,2.5872838497161865,2.6893343925476074,2.475731372833252,0.21360310912132263,1.0450729131698608,1.4306585788726807,0.7137365341186523,4.685181806962646e-07,0.7169215083122253,0.6609118580818176,3.6900772493286525e-22,0.6609118580818176,1.4540144205093384,2.125835657119751,0.5986171960830688,0.6554343104362488,51.08686828613281,1.1412537097930908,0.7845032811164856,0.6452015042304993,0.7880039811134338
76,train,0,1.0,1.0,4,Rguijiao_20_0,0,0.05000000074505806,1250.0,0.5408450961112976,0.0793856531381607,0.07692241668701172,0.07302229106426239,0.003900125389918685,0.00872665923088789,0.06429563462734222,0.004995734430849552,0.027134014293551445,0.03216588497161865,0.0008497143280692399,0.012034342624247074,0.012034342624247074,1.2141437530517578,2.4126079082489014,0.8944462537765503,0.9132076501846313,102.64153289794922,1.098732829093933,1.6110801696777344,1.5258774757385254,1.6179136037826538
77,train,0,1.0,1.0,4,Rguijiao_20_0,1,0.07500000298023224,1875.0,1.216901421546936,0.06598012149333954,0.07089151442050934,0.07150930166244507,-0.0006177907343953848,0.01759132370352745,0.05391797795891762,0.008763696067035198,0.021700415760278702,0.023453865200281143,0.002076980657875538,0.024730108678340912,0.024730108678340912,1.0877726078033447,1.6757973432540894,0.8743749856948853,0.9264792203903198,105.29583740234375,1.3143141269683838,1.5117528438568115,0.6677376627922058,0.6310299038887024
78,train,0,1.0,1.0,4,Rguijiao_20_0,2,0.10000000149011612,2500.0,2.1633803844451904,0.13217772543430328,0.12451409548521042,0.12825684249401093,-0.003742747474461794,0.033087704330682755,0.09516914188861847,0.01692960597574711,0.03559311479330063,0.04264642670750618,0.004223970230668783,0.03916126862168312,0.03916126862168312,1.150876522064209,1.8235833644866943,0.818718671798706,0.9396970868110657,107.93941497802734,1.2750279903411865,1.5561023950576782,0.6232534050941467,0.6113867163658142
79,train,0,1.0,1.0,4,Rguijiao_20_0,3,0.125,3125.0,3.380281686782837,0.19640156626701355,0.1895584613084793,0.1976388394832611,-0.008080372586846352,0.051556818187236786,0.14608202874660492,0.026636863127350807,0.05307193100452423,0.06637323647737503,0.008221819996833801,0.053746797144412994,0.053746797144412994,1.1476995944976807,1.880089521408081,0.785252034664154,0.9483026266098022,109.66053009033203,1.2342027425765991,1.5701268911361694,0.6213690042495728,0.6102203726768494
80,val,0,1.0,1.0,4,Rguijiao_20_0,4,0.15000000596046448,3750.0,4.867605686187744,0.2594616115093231,0.2616535723209381,0.27575474977493286,-0.0141011793166399,0.07339079678058624,0.20236393809318542,0.03738613426685333,0.0721694827079773,0.0928083211183548,0.01782258413732052,0.06770908087491989,0.06770908087491989,1.1345436573028564,1.8728760480880737,0.7623693943023682,0.9432054162025452,108.6410903930664,1.2035462856292725,1.5754077434539795,0.6221750378608704,0.6099740266799927
81,train,0,1.0,1.0,4,Rguijiao_20_0,5,0.17499999701976776,4375.0,6.625351905822754,0.35800719261169434,0.34210920333862305,0.36398082971572876,-0.021871622651815414,0.09903354197740555,0.2649472951889038,0.04945851117372513,0.09309377521276474,0.12239500880241394,0.0833248496055603,0.08086365461349487,0.08086365461349487,1.1247820854187012,1.8524057865142822,0.7438747882843018,0.8541660308837891,90.83320617675781,1.179105281829834,1.5802031755447388,0.6236411333084106,0.6099267601966858
82,train,0,1.0,1.0,4,Rguijiao_20_0,6,0.20000000298023224,5000.0,8.653521537780762,0.47495365142822266,0.43181663751602173,0.46325841546058655,-0.03144178166985512,0.12890276312828064,0.3343556523323059,0.0630142018198967,0.11588943749666214,0.15545202791690826,0.23541828989982605,0.09331627935171127,0.09331627935171127,1.1208934783935547,1.833031177520752,0.7270618677139282,0.7266942262649536,65.3388442993164,1.1586296558380127,1.5852605104446411,0.62542724609375,0.6099589467048645
83,train,0,1.0,1.0,4,Rguijiao_20_0,7,0.22499999403953552,5625.0,10.952113151550293,0.5159441232681274,0.5320756435394287,0.5748958587646484,-0.04282023012638092,0.16355493664741516,0.4113408923149109,0.0782441794872284,0.14066241681575775,0.19243429601192474,0.33878958225250244,0.10526465624570847,0.10526465624570847,1.1237268447875977,1.820778727531433,0.7106949090957642,0.6701484322547913,54.029693603515625,1.1407394409179688,1.590303659439087,0.6274295449256897,0.6100319027900696
84,train,0,1.0,1.0,4,Rguijiao_20_0,8,0.25,6250.0,13.521126747131348,0.5834466218948364,0.6446918249130249,0.7007099390029907,-0.05601808428764343,0.20369179546833038,0.49701815843582153,0.09541244059801102,0.16760239005088806,0.23400332033634186,0.4210447072982788,0.11690676212310791,0.11690676212310791,1.1335891485214233,1.8196558952331543,0.6940665245056152,0.6344692707061768,46.893856048583984,1.1241168975830078,1.5950008630752563,0.6296179890632629,0.6101266741752625
85,train,0,1.0,1.0,4,Rguijiao_20_0,9,0.2750000059604645,6875.0,16.360563278198242,0.8144222497940063,0.7716723680496216,0.8427698612213135,-0.07109750807285309,0.25010600686073303,0.5926638841629028,0.11482615768909454,0.19689224660396576,0.28094545006752014,0.4909791052341461,0.1284092366695404,0.1284092366695404,1.1503257751464844,1.8326655626296997,0.6766675710678101,0.6089425683021545,41.788509368896484,1.1072800159454346,1.599084734916687,0.6320129036903381,0.6102315187454224
86,train,0,1.0,1.0,4,Rguijiao_20_0,10,0.30000001192092896,7500.0,19.470422744750977,0.9322099089622498,0.9146590828895569,1.0028623342514038,-0.08820325881242752,0.3035966157913208,0.699265718460083,0.13674809038639069,0.22855408489704132,0.333963543176651,0.552803099155426,0.13990218937397003,0.13990218937397003,1.1733201742172241,1.8616894483566284,0.6581212282180786,0.5894266963005066,37.88533401489258,1.0885728597640991,1.6023253202438354,0.6346796751022339,0.6103381514549255
87,val,0,1.0,1.0,4,Rguijiao_20_0,11,0.32499998807907104,8125.0,22.850704193115234,0.985845148563385,1.0740594863891602,1.1816234588623047,-0.10756398737430573,0.36486124992370605,0.8167622089385986,0.16123446822166443,0.26222893595695496,0.39329880475997925,0.6090114116668701,0.15148326754570007,0.15148326754570007,1.20149827003479,1.9069952964782715,0.6382195949554443,0.5738567113876343,34.77134704589844,1.0662091970443726,1.6044856309890747,0.6377207636833191,0.6104394793510437
88,train,0,1.0,1.0,4,Rguijiao_20_0,12,0.3499999940395355,8750.0,26.501407623291016,1.1948415040969849,1.2478511333465576,1.3772931098937988,-0.1294420063495636,0.43436139822006226,0.9429317712783813,0.18788494169712067,0.29690155386924744,0.45814529061317444,0.6612422466278076,0.1632239818572998,0.1632239818572998,1.2333242893218994,1.966558814048767,0.616991400718689,0.5610531568527222,32.210636138916016,1.0383257865905762,1.6052846908569336,0.6412620544433594,0.6105276346206665
89,train,0,1.0,1.0,4,Rguijiao_20_0,13,0.375,9375.0,30.422534942626953,1.4401521682739258,1.430326223373413,1.5843195915222168,-0.1539934277534485,0.512156069278717,1.0721635818481445,0.21554522216320038,0.33066514134407043,0.5259532332420349,0.7106358408927917,0.1751757562160492,0.1751757562160492,1.2667820453643799,2.035524606704712,0.5947564840316772,0.5502814054489136,30.056276321411133,1.003077507019043,1.6043596267700195,0.6454381346702576,0.6105939149856567
90,val,0,1.0,1.0,4,Rguijiao_20_0,14,0.4000000059604645,10000.0,34.61408615112305,1.5939713716506958,1.6116082668304443,1.7926242351531982,-0.18101590871810913,0.5977215766906738,1.1949026584625244,0.24212691187858582,0.36076104640960693,0.5920146703720093,0.7580162286758423,0.1873747855424881,0.1873747855424881,1.2993946075439453,2.1064229011535645,0.5721330642700195,0.5410550832748413,28.211017608642578,0.9588839411735535,1.6012094020843506,0.6503838300704956,0.6106320023536682
91,train,0,1.0,1.0,4,Rguijiao_20_0,15,0.42500001192092896,10625.0,39.07605743408203,1.847556233406067,1.779033899307251,1.988710641860962,-0.20967674255371094,0.6898479461669922,1.2988626956939697,0.2647988200187683,0.3841281831264496,0.649935781955719,0.803994357585907,0.19984598457813263,0.19984598457813263,1.3284268379211426,2.170612096786499,0.5499691367149353,0.5330373644828796,26.607471466064453,0.9049022793769836,1.59511137008667,0.6562281847000122,0.6106430888175964
92,val,0,1.0,1.0,4,Rguijiao_20_0,16,0.44999998807907104,11250.0,43.80845260620117,1.9395111799240112,1.9207475185394287,2.1592190265655518,-0.23847144842147827,0.7867416739463806,1.3724772930145264,0.2807016968727112,0.39842724800109863,0.6933482885360718,0.8490321040153503,0.21260574460029602,0.21260574460029602,1.3513544797897339,2.2206146717071533,0.529196560382843,0.5259861946105957,25.19723892211914,0.841678261756897,1.58502995967865,0.6630808115005493,0.6106408834457397
93,val,0,1.0,1.0,4,Rguijiao_20_0,17,0.4749999940395355,11875.0,48.8112678527832,2.0250658988952637,2.030102014541626,2.295724391937256,-0.2656223773956299,0.8863966464996338,1.409327745437622,0.2879696488380432,0.4030412435531616,0.7183167934417725,0.8934834003448486,0.2256641983985901,0.2256641983985901,1.3664791584014893,2.2521660327911377,0.5106306672096252,0.519722580909729,23.944515228271484,0.7716396450996399,1.5695719718933105,0.6709948182106018,0.6106503009796143
94,train,0,1.0,1.0,4,Rguijiao_20_0,18,0.5,12500.0,54.08450698852539,2.1159510612487793,2.1082327365875244,2.398010730743408,-0.2897779941558838,0.987087607383728,1.4109230041503906,0.28647857904434204,0.399400919675827,0.7250434756278992,0.9382701516151428,0.23902688920497894,0.23902688920497894,1.3733391761779785,2.26489520072937,0.49478745460510254,0.5142316222190857,22.84632110595703,0.6989187598228455,1.5470844507217407,0.6799145340919495,0.6107000112533569
95,train,0,1.0,1.0,5,Rguijiao_20_180,0,0.05000000074505806,1250.0,0.5408450961112976,0.03256566822528839,0.038845084607601166,0.04147358238697052,-0.0026284968480467796,0.00793650932610035,0.03353707492351532,0.01676992140710354,1.0724627408364995e-08,0.016767142340540886,0.014045508578419685,4.771743885034999e-23,0.014045508578419685,1.1042098999023438,1.471411943435669,0.8236494064331055,0.9817633032798767,116.3526611328125,0.9227842092514038,1.6467790603637695,0.9589707851409912,1.6465060710906982
96,train,0,1.0,1.0,5,Rguijiao_20_180,1,0.07500000298023224,1875.0,1.216901421546936,0.1428789347410202,0.13541263341903687,0.13855740427970886,-0.003144770860671997,0.01837347447872162,0.12018392235040665,0.06661756336688995,3.8661031709352756e-08,0.05356632173061371,0.034756336361169815,9.746242062107351e-23,0.034756336361169815,1.1361374855041504,1.9249188899993896,0.8861780762672424,0.955812931060791,111.16258239746094,1.3357690572738647,1.5353280305862427,0.7540951371192932,1.2345372438430786
97,train,0,1.0,1.0,5,Rguijiao_20_180,2,0.10000000149011612,2500.0,2.1633803844451904,0.154811292886734,0.17945852875709534,0.18891166150569916,-0.009453135542571545,0.03264566883444786,0.156265988945961,0.09391748905181885,7.197969154049133e-08,0.06234842166304588,0.06915778666734695,1.5577213465954122e-22,0.06915778666734695,1.1355013847351074,2.002009630203247,0.864033579826355,0.9151419997215271,103.02839660644531,1.3309184312820435,1.1749180555343628,0.7816309332847595,0.7799855470657349
98,train,0,1.0,1.0,5,Rguijiao_20_180,3,0.125,3125.0,3.380281686782837,0.3438483476638794,0.2694084644317627,0.284525066614151,-0.01511660497635603,0.05249470844864845,0.23203034698963165,0.14023393392562866,1.1238599739726851e-07,0.09179629385471344,0.11730728298425674,3.3007464984804745e-22,0.11730728298425674,1.168577790260315,2.0108861923217773,0.8520599007606506,0.8628255128860474,92.56509399414062,1.327506184577942,1.120695948600769,0.7905657887458801,0.7336007952690125
99,train,0,1.0,1.0,5,Rguijiao_20_180,4,0.15000000596046448,3750.0,4.867605686187744,0.366254061460495,0.3894164264202118,0.40699800848960876,-0.017581583932042122,0.07755997776985168,0.3294380307197571,0.19890116155147552,1.6291838278448267e-07,0.13053672015666962,0.17116811871528625,3.0512473384256006e-22,0.17116811871528625,1.1989948749542236,2.0154006481170654,0.8396113514900208,0.8097938895225525,81.95877838134766,1.3269904851913452,1.1018041372299194,0.8061578869819641,0.7231022715568542
100,val,0,1.0,1.0,5,Rguijiao_20_180,5,0.17499999701976776,4375.0,6.625351905822754,0.5469441413879395,0.5312157869338989,0.5452994108200073,-0.014083652757108212,0.10721290111541748,0.43808650970458984,0.26197153329849243,2.2208772065823723e-07,0.1761147528886795,0.22271017730236053,4.1042529535057127e-22,0.22271017730236053,1.2176798582077026,2.0044803619384766,0.82457435131073,0.7638893723487854,72.77787780761719,1.3269520998001099,1.0720123052597046,0.8266118764877319,0.7206781506538391
101,val,0,1.0,1.0,5,Rguijiao_20_180,6,0.20000000298023224,5000.0,8.653521537780762,0.6811033487319946,0.6882123947143555,0.6905013918876648,-0.0022889929823577404,0.1409272402524948,0.5495741367340088,0.3229960501194,2.867884631996276e-07,0.22657780349254608,0.269457072019577,5.165577832583413e-22,0.269457072019577,1.2254540920257568,1.9795753955841064,0.805694043636322,0.7262254357337952,65.24508666992188,1.325761318206787,1.0256012678146362,0.8476843237876892,0.7194467782974243
102,train,0,1.0,1.0,5,Rguijiao_20_180,7,0.22499999403953552,5625.0,10.952113151550293,0.8595311641693115,0.8537290096282959,0.8349018692970276,0.018827149644494057,0.17840977013111115,0.6564921140670776,0.3764932453632355,3.5246290508439415e-07,0.2799985110759735,0.31184452772140503,6.088031133035027e-22,0.31184452772140503,1.2257890701293945,1.946614146232605,0.7815426588058472,0.6954247355461121,59.08494186401367,1.3217432498931885,0.9634828567504883,0.865583062171936,0.7165433168411255
103,val,0,1.0,1.0,5,Rguijiao_20_180,8,0.25,6250.0,13.521126747131348,0.9238037467002869,1.020923137664795,0.9730489253997803,0.04787416756153107,0.21969008445739746,0.7533588409423828,0.4188741445541382,4.1320834043290233e-07,0.3344842493534088,0.35095101594924927,4.4343872033728714e-23,0.35095101594924927,1.2226229906082153,1.9126579761505127,0.750820517539978,0.6699312329292297,53.986244201660156,1.3124940395355225,0.8899130821228027,0.8769165277481079,0.7106238007545471
104,train,0,1.0,1.0,5,Rguijiao_20_180,9,0.2750000059604645,6875.0,16.360563278198242,1.1566203832626343,1.1844353675842285,1.1037992238998413,0.0806361511349678,0.26507696509361267,0.838722288608551,0.45049455761909485,4.6282573862299614e-07,0.388227254152298,0.3877774477005005,1.5124849068464185e-22,0.3877774477005005,1.2191824913024902,1.884636402130127,0.7133826017379761,0.6485117077827454,49.702335357666016,1.2942126989364624,0.8140848278999329,0.8792986273765564,0.7015621066093445
105,train,0,1.0,1.0,5,Rguijiao_20_180,10,0.30000001192092896,7500.0,19.470422744750977,1.4060606956481934,1.3419272899627686,1.2302091121673584,0.11171822994947433,0.31484732031822205,0.915361762046814,0.47603243589401245,4.970119107383653e-07,0.43932878971099854,0.42311134934425354,2.1849816341358754e-22,0.42311134934425354,1.2168011665344238,1.8678183555603027,0.6715978980064392,0.6302563548088074,46.05126953125,1.2615066766738892,0.7482532262802124,0.8724302649497986,0.6905604600906372
106,train,0,1.0,1.0,5,Rguijiao_20_180,11,0.32499998807907104,8125.0,22.850704193115234,1.4605861902236938,1.491506576538086,1.354505181312561,0.13700133562088013,0.36892464756965637,0.985580563545227,0.5002007484436035,5.152639914740575e-07,0.48537927865982056,0.4575432538986206,2.0516508882903167e-22,0.4575432538986206,1.2148792743682861,1.8642299175262451,0.6303123831748962,0.6144993305206299,42.899864196777344,1.2089287042617798,0.7004162669181824,0.8585134148597717,0.6796621680259705
107,train,0,1.0,1.0,5,Rguijiao_20_180,12,0.3499999940395355,8750.0,26.501407623291016,1.5938189029693604,1.62882661819458,1.4743295907974243,0.15449701249599457,0.4270695149898529,1.047260046005249,0.5234859585762024,5.206107971389429e-07,0.5237736105918884,0.49150949716567993,1.0935382981323264e-22,0.49150949716567993,1.2126197814941406,1.8723920583724976,0.5943106412887573,0.60074782371521,40.14957046508789,1.1350932121276855,0.6702231764793396,0.8411536812782288,0.670591413974762
108,train,0,1.0,1.0,5,Rguijiao_20_180,13,0.375,9375.0,30.422534942626953,1.7949695587158203,1.751016616821289,1.5868943929672241,0.16412228345870972,0.48933276534080505,1.0975615978240967,0.5440338253974915,5.179230129215284e-07,0.5535272359848022,0.5253316760063171,1.495270447281558e-22,0.5253316760063171,1.2103302478790283,1.8886234760284424,0.5657838582992554,0.588631272315979,37.72625732421875,1.0462332963943481,0.6526318192481995,0.8236035704612732,0.6640201807022095
109,train,0,1.0,1.0,5,Rguijiao_20_180,14,0.4000000059604645,10000.0,34.61408615112305,1.8172143697738647,1.861588716506958,1.6943342685699463,0.16725444793701172,0.5560877323150635,1.1382465362548828,0.561649739742279,5.123892492520099e-07,0.5765962600708008,0.5592469573020935,1.9560245382707015e-22,0.5592469573020935,1.2088862657546997,1.908836841583252,0.5443438291549683,0.5778660178184509,35.57320785522461,0.953848123550415,0.6426525712013245,0.8077903985977173,0.6597546935081482
110,train,0,1.0,1.0,5,Rguijiao_20_180,15,0.42500001192092896,10625.0,39.07605743408203,1.9982558488845825,1.96858549118042,1.8027405738830566,0.16584497690200806,0.6277375221252441,1.1750030517578125,0.5782952904701233,5.081940912532446e-07,0.5967071652412415,0.593430757522583,4.209740443493825e-22,0.593430757522583,1.2088220119476318,1.929786205291748,0.5284772515296936,0.5682315826416016,33.64631271362305,0.8681952357292175,0.6369772553443909,0.7943993806838989,0.6572574377059937
111,train,0,1.0,1.0,5,Rguijiao_20_180,16,0.44999998807907104,11250.0,43.80845260620117,2.1439406871795654,2.07967472076416,1.918111801147461,0.16156287491321564,0.7045218348503113,1.2135899066925049,0.5963165163993835,5.077782816442777e-07,0.6172728538513184,0.6280124187469482,7.673410321620723e-23,0.6280124187469482,1.2101287841796875,1.9494690895080566,0.5166348814964294,0.5595534443855286,31.910694122314453,0.7945369482040405,0.63372403383255,0.7833844423294067,0.6559948921203613
112,train,0,1.0,1.0,5,Rguijiao_20_180,17,0.4749999940395355,11875.0,48.8112678527832,2.1708872318267822,2.199705123901367,2.0442163944244385,0.1554887443780899,0.7865117192268372,1.2577046155929565,0.6172822713851929,5.120352284393448e-07,0.6404218077659607,0.6630873680114746,1.0249265592317644e-21,0.6630873680114746,1.2124954462051392,1.9669334888458252,0.5076150894165039,0.5516924262046814,30.33848762512207,0.7337681651115417,0.6318686604499817,0.7744075655937195,0.6555549502372742
113,train,0,1.0,1.0,5,Rguijiao_20_180,18,0.5,12500.0,54.08450698852539,2.288050651550293,2.3308935165405273,2.182681083679199,0.14821235835552216,0.8736709356307983,1.3090100288391113,0.6418872475624084,5.209344067225175e-07,0.6671222448348999,0.6987252831459045,1.5449125679011279e-21,0.6987252831459045,1.2155420780181885,1.9819101095199585,0.500577449798584,0.544535219669342,28.90704917907715,0.684522807598114,0.630849301815033,0.767078697681427,0.6556503176689148
114,train,0,1.0,1.0,6,Rguijiao_10_0,0,0.05000000074505806,1250.0,0.5408450961112976,0.032475970685482025,0.02842031419277191,0.028478719294071198,-5.840598896611482e-05,0.008893105201423168,0.019585613161325455,0.007089569699019194,0.005390911363065243,0.00710513349622488,0.007022754289209843,0.006017171312123537,0.006017171312123537,1.2373014688491821,2.5800821781158447,0.8069310188293457,0.6977755427360535,59.55510711669922,0.4688465893268585,1.5628752708435059,1.4727540016174316,1.5663061141967773
115,train,0,1.0,1.0,6,Rguijiao_10_0,1,0.07500000298023224,1875.0,1.216901421546936,0.01790078543126583,0.02457364648580551,0.02630941942334175,-0.0017357736360281706,0.015479286201298237,0.010830133222043514,0.003418011823669076,0.004149648826569319,0.003262472106143832,0.017378168180584908,0.012365054339170456,0.012365054339170456,0.957173228263855,1.6505534648895264,0.7640143632888794,0.6890503168106079,57.810062408447266,0.26889243721961975,0.9127494692802429,1.4504002332687378,0.8712139129638672
116,train,0,1.0,1.0,6,Rguijiao_10_0,2,0.10000000149011612,2500.0,2.1633803844451904,0.07656078040599823,0.07630401104688644,0.07051727175712585,0.0057867420837283134,0.033444102853536606,0.03707317262887955,0.015501760877668858,0.009796940721571445,0.011774471029639244,0.03457889333367348,0.01958063431084156,0.01958063431084156,1.1632729768753052,2.3233468532562256,0.6957935094833374,0.6682419776916504,53.64839553833008,0.5379579067230225,0.8268513083457947,0.7510286569595337,0.6280406713485718
117,train,0,1.0,1.0,6,Rguijiao_10_0,3,0.125,3125.0,3.380281686782837,0.23806096613407135,0.21343398094177246,0.20207872986793518,0.01135525107383728,0.057601332664489746,0.14447739720344543,0.0808231458067894,0.024720804765820503,0.03893345594406128,0.05865364149212837,0.026873398572206497,0.026873398572206497,1.2822556495666504,2.5273349285125732,0.6391616463661194,0.6360481977462769,47.20964050292969,1.0624135732650757,1.2843047380447388,0.61458820104599,0.6186645030975342
118,train,0,1.0,1.0,6,Rguijiao_10_0,4,0.15000000596046448,3750.0,4.867605686187744,0.1772611141204834,0.19528812170028687,0.1986261010169983,-0.0033379746600985527,0.07092096656560898,0.1277051419019699,0.06627911329269409,0.022720973938703537,0.03870505467057228,0.08558405935764313,0.033854540437459946,0.033854540437459946,1.0963627099990845,1.8198270797729492,0.5918288230895996,0.6019469499588013,40.38938522338867,1.018494963645935,1.059531569480896,0.6137168407440186,0.6187351942062378
119,val,0,1.0,1.0,6,Rguijiao_10_0,5,0.17499999701976776,4375.0,6.625351905822754,0.18364696204662323,0.22800412774085999,0.23651590943336487,-0.008511784486472607,0.09403214603662491,0.14248375594615936,0.06976188719272614,0.026306424289941788,0.04641544818878174,0.11135508865118027,0.040431827306747437,0.040431827306747437,1.0679782629013062,1.6737208366394043,0.5721161961555481,0.5731584429740906,34.63169479370117,0.973189651966095,0.9323315620422363,0.6145110726356506,0.6203184127807617
120,train,0,1.0,1.0,6,Rguijiao_10_0,6,0.20000000298023224,5000.0,8.653521537780762,0.3012953996658325,0.28378331661224365,0.2954164147377014,-0.011633103713393211,0.12397810071706772,0.1714383214712143,0.08116289973258972,0.032135654240846634,0.05813976749777794,0.1347285360097885,0.04665813967585564,0.04665813967585564,1.0780702829360962,1.6631455421447754,0.5586425065994263,0.5506797432899475,30.13594627380371,0.9368727207183838,0.8681514263153076,0.6153059005737305,0.6218866109848022
121,val,0,1.0,1.0,6,Rguijiao_10_0,7,0.22499999403953552,5625.0,10.952113151550293,0.3997516632080078,0.3550262451171875,0.36896997690200806,-0.013943728990852833,0.15999354422092438,0.20897643268108368,0.096951425075531,0.03927713260054588,0.07274787127971649,0.15592226386070251,0.05263232812285423,0.05263232812285423,1.0992579460144043,1.7037086486816406,0.5464420318603516,0.5332548022270203,26.650957107543945,0.9016641974449158,0.8311086893081665,0.616168200969696,0.6236255168914795
122,train,0,1.0,1.0,6,Rguijiao_10_0,8,0.25,6250.0,13.521126747131348,0.3755049407482147,0.43843960762023926,0.45453524589538574,-0.01609562337398529,0.20179522037506104,0.2527400255203247,0.11572406440973282,0.04728657752275467,0.08972939103841782,0.17547550797462463,0.058453381061553955,0.058453381061553955,1.1230342388153076,1.7729376554489136,0.5342947840690613,0.5195333957672119,23.90667724609375,0.8627102375030518,0.8070380687713623,0.6172019839286804,0.625756025314331
123,train,0,1.0,1.0,6,Rguijiao_10_0,9,0.2750000059604645,6875.0,16.360563278198242,0.5174230337142944,0.5297036170959473,0.5486882925033569,-0.018984651193022728,0.24897445738315582,0.2997138500213623,0.13593171536922455,0.05558786168694496,0.10819428414106369,0.19388872385025024,0.0642046183347702,0.0642046183347702,1.145121455192566,1.857187271118164,0.5220446586608887,0.5085000395774841,21.700002670288086,0.8171998858451843,0.7895511388778687,0.6184886693954468,0.6284398436546326
124,train,0,1.0,1.0,6,Rguijiao_10_0,10,0.30000001192092896,7500.0,19.470422744750977,0.7263884544372559,0.6224718689918518,0.6461223363876343,-0.02365044318139553,0.3007560968399048,0.3453662395477295,0.1553799957036972,0.06337308138608932,0.12661318480968475,0.21155567467212677,0.06995109468698502,0.06995109468698502,1.1623423099517822,1.9419512748718262,0.5099396705627441,0.49944519996643066,19.889041900634766,0.7644647359848022,0.7752924561500549,0.620092511177063,0.6317560076713562
125,train,0,1.0,1.0,6,Rguijiao_10_0,11,0.32499998807907104,8125.0,22.850704193115234,0.856721043586731,0.7099196314811707,0.7407453060150146,-0.030825665220618248,0.35597535967826843,0.3847699761390686,0.17175093293190002,0.06983249634504318,0.143186554312706,0.2287716269493103,0.07574163377285004,0.07574163377285004,1.1722368001937866,2.013051748275757,0.49838176369667053,0.491877019405365,18.37540626525879,0.7062427997589111,0.7624866366386414,0.6220546960830688,0.635675311088562
126,train,0,1.0,1.0,6,Rguijiao_10_0,12,0.3499999940395355,8750.0,26.501407623291016,0.7031731605529785,0.7876465916633606,0.8282002210617065,-0.04055364429950714,0.41334155201911926,0.41485869884490967,0.1836652308702469,0.07454049587249756,0.15665298700332642,0.24575474858283997,0.0816119909286499,0.0816119909286499,1.1736406087875366,2.061190128326416,0.4877830147743225,0.4854499101638794,17.08997917175293,0.6462073922157288,0.750429093837738,0.62437903881073,0.6400610208511353
127,train,0,1.0,1.0,6,Rguijiao_10_0,13,0.375,9375.0,30.422534942626953,0.7567718625068665,0.8554408550262451,0.9076939821243286,-0.05225313454866409,0.4718758463859558,0.4358181357383728,0.1913033425807953,0.07764825224876404,0.16686654090881348,0.26266583800315857,0.0875878781080246,0.0875878781080246,1.1671518087387085,2.0844566822052,0.4784589409828186,0.4799163043498993,15.983262062072754,0.5886474847793579,0.7391296625137329,0.627025306224823,0.6447142958641052
128,train,0,1.0,1.0,6,Rguijiao_10_0,14,0.4000000059604645,10000.0,34.61408615112305,0.926590085029602,0.916506826877594,0.9816614389419556,-0.06515462696552277,0.5312222242355347,0.4504392445087433,0.1960459053516388,0.0797220766544342,0.1746712625026703,0.27962347865104675,0.09368739277124405,0.09368739277124405,1.154830813407898,2.086897850036621,0.47055959701538086,0.475095272064209,15.019055366516113,0.5369914770126343,0.7289167642593384,0.6299181580543518,0.6494438052177429
129,train,0,1.0,1.0,6,Rguijiao_10_0,15,0.42500001192092896,10625.0,39.07605743408203,0.9616321325302124,0.97528076171875,1.053969144821167,-0.07868839800357819,0.5916352868080139,0.4623337984085083,0.1996016949415207,0.08142013102769852,0.1813119798898697,0.2967153787612915,0.09992299228906631,0.09992299228906631,1.1393007040023804,2.075132369995117,0.4640629291534424,0.4708518087863922,14.17035961151123,0.4930139482021332,0.7200955152511597,0.6329665780067444,0.6541123986244202
130,train,0,1.0,1.0,6,Rguijiao_10_0,16,0.44999998807907104,11250.0,43.80845260620117,1.140575885772705,1.0356457233428955,1.1282386779785156,-0.09259301424026489,0.6537259817123413,0.4745126962661743,0.20334886014461517,0.08326146751642227,0.18790237605571747,0.3140062093734741,0.10630287230014801,0.10630287230014801,1.1228787899017334,2.0554986000061035,0.4588235318660736,0.46708327531814575,13.416654586791992,0.45693162083625793,0.7127826809883118,0.6360829472541809,0.6586393713951111
131,train,0,1.0,1.0,6,Rguijiao_10_0,17,0.4749999940395355,11875.0,48.8112678527832,1.0781452655792236,1.100241780281067,1.2070729732513428,-0.10683116316795349,0.7181792259216309,0.4888937473297119,0.20813295245170593,0.08556129783391953,0.19519948959350586,0.3315436840057373,0.11283209919929504,0.11283209919929504,1.107153296470642,2.0327212810516357,0.45463934540748596,0.46371036767959595,12.742074966430664,0.42797812819480896,0.706908106803894,0.6391936540603638,0.6629804968833923
132,train,0,1.0,1.0,6,Rguijiao_10_0,18,0.5,12500.0,54.08450698852539,1.1654129028320312,1.1705474853515625,1.2920188903808594,-0.12147136777639389,0.7855808138847351,0.5064380168914795,0.21435406804084778,0.088467538356781,0.2036164402961731,0.34936264157295227,0.11951344460248947,0.11951344460248947,1.0929819345474243,2.009765625,0.45130401849746704,0.4606708288192749,12.13416576385498,0.4049850106239319,0.702289342880249,0.6422425508499146,0.6671095490455627
133,train,0,1.0,1.0,7,Rguijiao_10_180,0,0.05000000074505806,1250.0,0.5408450961112976,0.07105152308940887,0.06735506653785706,0.060595761984586716,0.006759302690625191,0.009783691726624966,0.050812069326639175,0.025428088381886482,1.4010539395314936e-08,0.0253839660435915,0.007022754289209843,2.3858719425174996e-23,0.007022754289209843,1.3612091541290283,3.587648630142212,0.8098727464675903,0.9817633032798767,116.3526611328125,1.1576955318450928,1.6325938701629639,0.8330360054969788,1.6297607421875
134,train,0,1.0,1.0,7,Rguijiao_10_180,1,0.07500000298023224,1875.0,1.216901421546936,0.12306200712919235,0.11616920679807663,0.09919826686382294,0.016970938071608543,0.017753276973962784,0.08144499361515045,0.041717953979969025,3.045896335152065e-08,0.03972701355814934,0.017378168180584908,4.8731210310536756e-23,0.017378168180584908,1.0977870225906372,2.637314796447754,0.8880099058151245,0.955812931060791,111.16258239746094,1.3687291145324707,1.3697134256362915,0.8446277379989624,1.3043454885482788
135,train,0,1.0,1.0,7,Rguijiao_10_180,2,0.10000000149011612,2500.0,2.1633803844451904,0.1277802288532257,0.1313064694404602,0.11862608045339584,0.012680388987064362,0.03462006151676178,0.08400601893663406,0.045333605259656906,4.228958161434093e-08,0.038672372698783875,0.03457889333367348,7.788606732977061e-23,0.03457889333367348,1.2041759490966797,1.9968321323394775,0.8762385845184326,0.9151419997215271,103.02839660644531,1.3513256311416626,1.1200242042541504,0.8942921757698059,0.9554499983787537
136,train,0,1.0,1.0,7,Rguijiao_10_180,3,0.125,3125.0,3.380281686782837,0.20696482062339783,0.19727589190006256,0.18497112393379211,0.012304766103625298,0.057417962700128555,0.12755316495895386,0.07002893835306168,6.191331891614027e-08,0.05752415955066681,0.05865364149212837,1.6503732492402373e-22,0.05865364149212837,1.2781736850738525,1.9924789667129517,0.859856367111206,0.8628255128860474,92.56509399414062,1.339813232421875,1.1192529201507568,0.8631179332733154,0.9193925261497498
137,train,0,1.0,1.0,7,Rguijiao_10_180,4,0.15000000596046448,3750.0,4.867605686187744,0.25759854912757874,0.2789860665798187,0.2661428153514862,0.012843247503042221,0.0830940306186676,0.1830487847328186,0.09989538788795471,8.500290960000711e-08,0.08315330743789673,0.08558405935764313,1.5256236692128003e-22,0.08558405935764313,1.2845453023910522,2.005138397216797,0.8403085470199585,0.8097938895225525,81.95877838134766,1.3331999778747559,1.1072152853012085,0.8408971428871155,0.9216501712799072
138,train,0,1.0,1.0,7,Rguijiao_10_180,5,0.17499999701976776,4375.0,6.625351905822754,0.36598169803619385,0.3690268099308014,0.3541105389595032,0.014916260726749897,0.1096864566206932,0.24442407488822937,0.13108693063259125,1.0837219122095121e-07,0.11333703249692917,0.11135508865118027,2.0521264767528563e-22,0.11135508865118027,1.245773434638977,2.0044679641723633,0.8147470951080322,0.7638893723487854,72.77787780761719,1.3264390230178833,1.0732617378234863,0.8167752623558044,0.9279360175132751
139,train,0,1.0,1.0,7,Rguijiao_10_180,6,0.20000000298023224,5000.0,8.653521537780762,0.4905824661254883,0.4630882441997528,0.4433792233467102,0.019709015265107155,0.13653017580509186,0.30684906244277954,0.16086991131305695,1.2847809216509631e-07,0.14597903192043304,0.1347285360097885,2.5827889162917066e-22,0.1347285360097885,1.1872187852859497,2.0050690174102783,0.7790447473526001,0.7262254357337952,65.24508666992188,1.3143417835235596,1.0173864364624023,0.7822383046150208,0.9232122302055359
140,val,0,1.0,1.0,7,Rguijiao_10_180,7,0.22499999403953552,5625.0,10.952113151550293,0.5705785155296326,0.5575625896453857,0.530193567276001,0.027369001880288124,0.16549378633499146,0.36469975113868713,0.18680663406848907,1.428440157269506e-07,0.17789296805858612,0.15592226386070251,3.0440155665175137e-22,0.15592226386070251,1.1370481252670288,2.02400803565979,0.7301507592201233,0.6954247355461121,59.08494186401367,1.2885963916778564,0.9432066082954407,0.7408415675163269,0.8982005715370178
141,train,0,1.0,1.0,7,Rguijiao_10_180,8,0.25,6250.0,13.521126747131348,0.6228553056716919,0.6464856266975403,0.6112913489341736,0.03519429266452789,0.19994209706783295,0.41134923696517944,0.20663635432720184,1.50908462615007e-07,0.20471274852752686,0.17547550797462463,2.2171936016864357e-23,0.17547550797462463,1.1127212047576904,2.061195135116577,0.6717107892036438,0.6699312329292297,53.986244201660156,1.2371119260787964,0.8643853664398193,0.7048442959785461,0.856338620185852
142,train,0,1.0,1.0,7,Rguijiao_10_180,9,0.2750000059604645,6875.0,16.360563278198242,0.7124390006065369,0.7224828600883484,0.683648943901062,0.038833923637866974,0.24160708487033844,0.4420418441295624,0.21895280480384827,1.533579165879928e-07,0.22308889031410217,0.19388872385025024,7.562424534232092e-23,0.19388872385025024,1.111236333847046,2.095519542694092,0.6159406900405884,0.6485117077827454,49.702335357666016,1.1521717309951782,0.7994382381439209,0.6818094253540039,0.8145398497581482
143,train,0,1.0,1.0,7,Rguijiao_10_180,10,0.30000001192092896,7500.0,19.470422744750977,0.8545188307762146,0.7859600186347961,0.7492454051971436,0.036714594811201096,0.290157288312912,0.45908814668655396,0.22522471845149994,1.5251410445671354e-07,0.23386329412460327,0.21155567467212677,1.0924908170679377e-22,0.21155567467212677,1.1213808059692383,2.11194109916687,0.5732327699661255,0.6302563548088074,46.05126953125,1.0447077751159668,0.7561460733413696,0.6699306964874268,0.7851482629776001
144,train,0,1.0,1.0,7,Rguijiao_10_180,11,0.32499998807907104,8125.0,22.850704193115234,0.8390063047409058,0.8463596701622009,0.8158057332038879,0.030553944408893585,0.344921350479126,0.47088438272476196,0.22951941192150116,1.5160593136442913e-07,0.24136480689048767,0.2287716269493103,1.0258254441451584e-22,0.2287716269493103,1.1358356475830078,2.113292932510376,0.544428825378418,0.6144993305206299,42.899864196777344,0.9385088086128235,0.7304044365882874,0.6646305918693542,0.7681002616882324
145,val,0,1.0,1.0,7,Rguijiao_10_180,12,0.3499999940395355,8750.0,26.501407623291016,0.9622376561164856,0.9125550389289856,0.8901854753494263,0.022369541227817535,0.4053471088409424,0.4848383665084839,0.2352726310491562,1.5266145680925547e-07,0.24956557154655457,0.24575474858283997,5.467691490661632e-23,0.24575474858283997,1.150941252708435,2.1073126792907715,0.5254722833633423,0.60074782371521,40.14957046508789,0.849191427230835,0.7154998183250427,0.6626420021057129,0.7589667439460754
146,train,0,1.0,1.0,7,Rguijiao_10_180,13,0.375,9375.0,30.422534942626953,0.9720920324325562,0.9882972836494446,0.9751076698303223,0.01318963710218668,0.4709303677082062,0.5041773319244385,0.24388670921325684,1.5618910254033835e-07,0.2602904438972473,0.26266583800315857,7.47635223640779e-23,0.26266583800315857,1.1648132801055908,2.098996162414551,0.512569010257721,0.588631272315979,37.72625732421875,0.7794544696807861,0.7066949009895325,0.6622217893600464,0.7542269229888916
147,val,0,1.0,1.0,7,Rguijiao_10_180,14,0.4000000059604645,10000.0,34.61408615112305,1.132528305053711,1.073987603187561,1.0706329345703125,0.003354639746248722,0.5412689447402954,0.5293639898300171,0.2554756700992584,1.6196777608001867e-07,0.27388814091682434,0.27962347865104675,9.780122691353507e-23,0.27962347865104675,1.1766715049743652,2.090580701828003,0.5033255219459534,0.5778660178184509,35.57320785522461,0.7260412573814392,0.7013100385665894,0.6625238060951233,0.7518543004989624
148,train,0,1.0,1.0,7,Rguijiao_10_180,15,0.42500001192092896,10625.0,39.07605743408203,1.1095962524414062,1.1688742637634277,1.1759467124938965,-0.007072430569678545,0.6160893440246582,0.5598574280738831,0.2697131931781769,1.6961422488748212e-07,0.29014405608177185,0.2967153787612915,2.1048702217469125e-22,0.2967153787612915,1.1863913536071777,2.0828635692596436,0.4963727295398712,0.5682315826416016,33.64631271362305,0.6848194599151611,0.6979048252105713,0.6631467342376709,0.7507712244987488
149,train,0,1.0,1.0,7,Rguijiao_10_180,16,0.44999998807907104,11250.0,43.80845260620117,1.2849382162094116,1.272057056427002,1.2901688814163208,-0.01811176724731922,0.6952196359634399,0.5949492454528809,0.28622010350227356,1.787890084870014e-07,0.3087289333343506,0.3140062093734741,3.8367051608103614e-23,0.3140062093734741,1.1941508054733276,2.076035976409912,0.49092668294906616,0.5595534443855286,31.910694122314453,0.6524255275726318,0.6956937909126282,0.6639010906219482,0.7504042387008667
150,train,0,1.0,1.0,7,Rguijiao_10_180,17,0.4749999940395355,11875.0,48.8112678527832,1.3797824382781982,1.3827825784683228,1.4125821590423584,-0.029799623414874077,0.778557538986206,0.6340245604515076,0.3046783208847046,1.8923476829968422e-07,0.32934606075286865,0.3315436840057373,5.124632796158822e-22,0.3315436840057373,1.2002332210540771,2.070058584213257,0.48652175068855286,0.5516924262046814,30.33848762512207,0.6264337301254272,0.6942331194877625,0.664696991443634,0.7504404187202454
151,train,0,1.0,1.0,7,Rguijiao_10_180,18,0.5,12500.0,54.08450698852539,1.528909683227539,1.500479817390442,1.542648196220398,-0.042168423533439636,0.8660421371459961,0.6766060590744019,0.3248448669910431,2.0076578266525757e-07,0.35176095366477966,0.34936264157295227,7.7245628395056395e-22,0.34936264157295227,1.2049281597137451,2.06482195854187,0.48286813497543335,0.544535219669342,28.90704917907715,0.6051533222198486,0.6932609677314758,0.6654924154281616,0.7507032155990601
152,train,0,1.0,1.0,8,guijiao_20_0,0,0.05000000074505806,1250.0,4.0,0.03274283930659294,0.03678692504763603,0.03996165841817856,-0.0031747345346957445,0.008297895081341267,0.031663764268159866,0.012097527272999287,0.007360578514635563,0.012205657549202442,0.01904510147869587,0.008109244517982006,0.008109244517982006,1.1544896364212036,1.5438880920410156,0.7494770288467407,0.6207086443901062,44.14173126220703,0.6401788592338562,1.6319924592971802,1.3248759508132935,1.6465795040130615
153,train,0,1.0,1.0,8,guijiao_20_0,1,0.07500000298023224,1875.0,9.0,0.1314956545829773,0.12903091311454773,0.12141445279121399,0.007616453804075718,0.018396101891994476,0.10301835089921951,0.03961770236492157,0.021384835243225098,0.042015813291072845,0.03737829253077507,0.012877439148724079,0.012877439148724079,1.137536644935608,2.376187801361084,0.672993540763855,0.5476172566413879,29.523452758789062,0.6377366781234741,1.5492568016052246,1.24259352684021,1.6430350542068481
154,val,0,1.0,1.0,8,guijiao_20_0,2,0.10000000149011612,2500.0,16.0,0.1263606995344162,0.08746165037155151,0.07395444065332413,0.013507207855582237,0.022692466154694557,0.05126197636127472,0.016393309459090233,0.011484304443001747,0.02338436059653759,0.05183761939406395,0.01717318408191204,0.01717318408191204,0.7893030643463135,2.2906603813171387,0.4931209981441498,0.5097271203994751,21.9454288482666,0.3278661370277405,0.7275922298431396,1.033647894859314,1.037879467010498
155,train,0,1.0,1.0,8,guijiao_20_0,3,0.125,3125.0,25.0,0.10596927255392075,0.11530835181474686,0.0989961326122284,0.016312219202518463,0.04278289154171944,0.056213244795799255,0.02309397980570793,0.012458967976272106,0.020660294219851494,0.06461422890424728,0.02142789214849472,0.02142789214849472,0.952384352684021,1.9405696392059326,0.46726664900779724,0.48791635036468506,17.583267211914062,0.36938029527664185,0.6873130798339844,0.7935478687286377,0.6148827075958252
156,train,0,1.0,1.0,8,guijiao_20_0,4,0.15000000596046448,3750.0,36.0,0.2565729320049286,0.22135277092456818,0.1951567530632019,0.026196012273430824,0.07889506220817566,0.11626168340444565,0.04982954263687134,0.024362148717045784,0.042069993913173676,0.07707758992910385,0.02586590126156807,0.02586590126156807,1.2196338176727295,2.0382771492004395,0.47792595624923706,0.47369226813316345,14.738452911376953,0.49982061982154846,0.7246124148368835,0.7412655353546143,0.6117743849754333
157,train,0,1.0,1.0,8,guijiao_20_0,5,0.17499999701976776,4375.0,49.0,0.34047091007232666,0.31691795587539673,0.2836761474609375,0.03324180468916893,0.11737950891256332,0.16629663109779358,0.07130257785320282,0.034952662885189056,0.060041394084692,0.08983232080936432,0.030577916651964188,0.030577916651964188,1.3331480026245117,2.089622735977173,0.4779318869113922,0.4635932743549347,12.71865463256836,0.5111624598503113,0.7265760898590088,0.7452296018600464,0.611824095249176
158,train,0,1.0,1.0,8,guijiao_20_0,6,0.20000000298023224,5000.0,64.0,0.37226971983909607,0.3953797519207001,0.3575427532196045,0.037837009876966476,0.1566467136144638,0.20089605450630188,0.0849398672580719,0.04297924041748047,0.07297693938016891,0.1031419187784195,0.0355924554169178,0.0355924554169178,1.3621450662612915,2.111443281173706,0.4724866449832916,0.45599478483200073,11.198957443237305,0.470562607049942,0.7124156951904297,0.7629412412643433,0.6120790839195251
159,train,0,1.0,1.0,8,guijiao_20_0,7,0.22499999403953552,5625.0,81.0,0.4480170011520386,0.46098193526268005,0.42060360312461853,0.04037834331393242,0.19668973982334137,0.22391386330127716,0.09302985668182373,0.048955194652080536,0.0819288045167923,0.11711513996124268,0.04091043025255203,0.04091043025255203,1.351384162902832,2.1137514114379883,0.46604201197624207,0.45003658533096313,10.007320404052734,0.41671183705329895,0.695418655872345,0.7852314710617065,0.6124358177185059
160,val,0,1.0,1.0,8,guijiao_20_0,8,0.25,6250.0,100.0,0.5355852842330933,0.5194870233535767,0.4782456159591675,0.04124138504266739,0.2377425879240036,0.24050304293632507,0.0982791930437088,0.05369650945067406,0.08852732926607132,0.1317870318889618,0.046520885080099106,0.046520885080099106,1.3230891227722168,2.103593587875366,0.4602831304073334,0.4452192783355713,9.043856620788574,0.366189569234848,0.6804442405700684,0.8077034950256348,0.6129263639450073
161,train,0,1.0,1.0,8,guijiao_20_0,9,0.2750000059604645,6875.0,121.0,0.537065327167511,0.5760833024978638,0.535346269607544,0.04073702543973923,0.2802760899066925,0.25507014989852905,0.10278713703155518,0.057960908859968185,0.0943221002817154,0.14715644717216492,0.052408237010240555,0.052408237010240555,1.2890887260437012,2.0866663455963135,0.4555937945842743,0.4412316679954529,8.246335983276367,0.32472696900367737,0.6686221957206726,0.8275598287582397,0.613557755947113
162,train,0,1.0,1.0,8,guijiao_20_0,10,0.30000001192092896,7500.0,144.0,0.6555957198143005,0.6343798637390137,0.595323920249939,0.03905593603849411,0.3248611390590668,0.2704627811908722,0.10780229419469833,0.06227598339319229,0.10038451105356216,0.16320447623729706,0.05855567753314972,0.05855567753314972,1.2555018663406372,2.06687331199646,0.4518868923187256,0.43786895275115967,7.573787689208984,0.2928183972835541,0.6597084403038025,0.8433636426925659,0.6143144369125366
163,train,0,1.0,1.0,8,guijiao_20_0,11,0.32499998807907104,8125.0,169.0,0.7337173223495483,0.6965020895004272,0.6602098941802979,0.0362921878695488,0.3720320165157318,0.28817784786224365,0.11392511427402496,0.0669444277882576,0.1073082983493805,0.17990387976169586,0.064946748316288,0.064946748316288,1.225111961364746,2.0465426445007324,0.4489619731903076,0.43499016761779785,6.998030662536621,0.26898494362831116,0.6531046032905579,0.8548071384429932,0.6151720285415649
164,train,0,1.0,1.0,8,guijiao_20_0,12,0.3499999940395355,8750.0,196.0,0.7751927375793457,0.7635834217071533,0.7310935258865356,0.03248990699648857,0.4222191274166107,0.30887436866760254,0.12138628959655762,0.07211773097515106,0.11537034064531326,0.19722402095794678,0.07156606018543243,0.07156606018543243,1.1988476514816284,2.026926040649414,0.44663092494010925,0.4324948787689209,6.498973846435547,0.25138741731643677,0.648232638835907,0.8622923493385315,0.6161059141159058
165,val,0,1.0,1.0,8,guijiao_20_0,13,0.375,9375.0,225.0,0.7986027598381042,0.8361982107162476,0.8085216283798218,0.027676602825522423,0.4757397770881653,0.3327818512916565,0.13024120032787323,0.07786324620246887,0.12467741966247559,0.2151336669921875,0.07839954644441605,0.07839954644441605,1.1767089366912842,2.0086307525634766,0.44474726915359497,0.43030932545661926,6.06186580657959,0.2384253293275833,0.6446323394775391,0.8665285706520081,0.6170942187309265
166,val,0,1.0,1.0,8,guijiao_20_0,14,0.4000000059604645,10000.0,256.0,0.884392499923706,0.9146296381950378,0.8927515745162964,0.02187807857990265,0.5328145623207092,0.35993701219558716,0.14047391712665558,0.08420659601688385,0.13525649905204773,0.23360233008861542,0.08543454110622406,0.08543454110622406,1.1582924127578735,1.9919023513793945,0.443203866481781,0.42837801575660706,5.675602912902832,0.2288637012243271,0.6419622302055359,0.8682730793952942,0.6181187033653259
167,train,0,1.0,1.0,8,guijiao_20_0,15,0.42500001192092896,10625.0,289.0,1.0040017366409302,0.9990147352218628,0.9838925004005432,0.015122215263545513,0.5935921669006348,0.39030033349990845,0.15204529464244843,0.0911540538072586,0.14710097014904022,0.2526010274887085,0.09265967458486557,0.09265967458486557,1.1430690288543701,1.9767868518829346,0.4419233202934265,0.4266582429409027,5.331648349761963,0.2217942774295807,0.6399760246276855,0.8681999444961548,0.619164764881134
168,val,0,1.0,1.0,8,guijiao_20_0,16,0.44999998807907104,11250.0,324.0,1.018639326095581,1.0894161462783813,1.0819780826568604,0.0074380990117788315,0.6581699848175049,0.42380809783935547,0.16491259634494781,0.09870334714651108,0.16019216179847717,0.2721027135848999,0.10006482899188995,0.10006482899188995,1.1305121183395386,1.9632246494293213,0.4408492147922516,0.4251165986061096,5.02332067489624,0.21656034886837006,0.6384968161582947,0.8668555021286011,0.6202204823493958
169,train,0,1.0,1.0,8,guijiao_20_0,17,0.4749999940395355,11875.0,361.0,1.1686152219772339,1.1858608722686768,1.1870067119598389,-0.0011458391090855002,0.7266101837158203,0.4603964686393738,0.17903755605220795,0.10684949159622192,0.17450940608978271,0.2920822501182556,0.10764095932245255,0.10764095932245255,1.1201505661010742,1.9511041641235352,0.4399398863315582,0.42372652888298035,4.74530553817749,0.21268898248672485,0.637397289276123,0.8646596670150757,0.6212764978408813
170,val,0,1.0,1.0,8,guijiao_20_0,18,0.5,12500.0,400.0,1.143523097038269,1.2883539199829102,1.2989580631256104,-0.010604149661958218,0.7989523410797119,0.5000056624412537,0.19438695907592773,0.1155860498547554,0.19003266096115112,0.31251654028892517,0.11538002640008926,0.11538002640008926,1.1115858554840088,1.940293788909912,0.4391637146472931,0.42246657609939575,4.493317604064941,0.20983697474002838,0.636584997177124,0.861922562122345,0.6223253607749939
171,train,0,1.0,1.0,9,guijiao_20_180,0,0.05000000074505806,1250.0,4.0,0.08496236801147461,0.08396279066801071,0.07550521194934845,0.008457581512629986,0.00865159835666418,0.0668536126613617,0.03332345932722092,1.8626209907779412e-08,0.03353013098239899,0.01904510147869587,3.115521200628112e-22,0.01904510147869587,1.2037005424499512,2.525766611099243,0.7665433287620544,0.838975191116333,87.79503631591797,1.0772768259048462,1.6329325437545776,0.8930322527885437,1.6430597305297852
172,train,0,1.0,1.0,9,guijiao_20_180,1,0.07500000298023224,1875.0,9.0,0.20686888694763184,0.205586239695549,0.17240910232067108,0.03317714110016823,0.019552333280444145,0.1528567671775818,0.08910991996526718,4.973373535221981e-08,0.06374678760766983,0.03737829253077507,3.9326089374331247e-22,0.03737829253077507,1.2090331315994263,2.6909379959106445,0.7395652532577515,0.7209258079528809,64.1851577758789,1.3275349140167236,1.4781981706619263,0.8366473913192749,1.0574623346328735
173,train,0,1.0,1.0,9,guijiao_20_180,2,0.10000000149011612,2500.0,16.0,0.23048630356788635,0.23644433915615082,0.19980455935001373,0.03663978353142738,0.03556725010275841,0.16423730552196503,0.10645809024572372,7.440932137114942e-08,0.05777914077043533,0.05183761939406395,7.925297521407882e-22,0.05183761939406395,1.23712158203125,2.1803295612335205,0.7069143652915955,0.6509374380111694,50.1874885559082,1.3222829103469849,1.2308661937713623,0.9127545356750488,0.6680411696434021
174,train,0,1.0,1.0,9,guijiao_20_180,3,0.125,3125.0,25.0,0.37194958329200745,0.3240191340446472,0.27689698338508606,0.04712214320898056,0.06026870384812355,0.2166282832622528,0.13317976891994476,1.0862265753530664e-07,0.08344840258359909,0.06461422890424728,6.314029432525771e-23,0.06461422890424728,1.341633677482605,2.1401925086975098,0.6644032597541809,0.6060657501220703,41.2131462097168,1.2834399938583374,1.0343525409698486,0.9523141980171204,0.6481093764305115
175,val,0,1.0,1.0,9,guijiao_20_180,4,0.15000000596046448,3750.0,36.0,0.4915699362754822,0.41247355937957764,0.3552597761154175,0.05721379444003105,0.09049360454082489,0.2647661864757538,0.15286467969417572,1.41937547937232e-07,0.11190136522054672,0.07707758992910385,1.1234837105300057e-22,0.07707758992910385,1.3989348411560059,2.1096980571746826,0.6224879622459412,0.5746968984603882,34.93937683105469,1.2229487895965576,0.8777580261230469,0.9819633364677429,0.642544150352478
176,train,0,1.0,1.0,9,guijiao_20_180,5,0.17499999701976776,4375.0,49.0,0.4082214832305908,0.48913344740867615,0.42393410205841064,0.0651993528008461,0.12349718809127808,0.30043691396713257,0.16405047476291656,1.671561449256842e-07,0.13638626039028168,0.08983232080936432,1.3686390868963706e-22,0.08983232080936432,1.4026299715042114,2.05442476272583,0.5845791101455688,0.551417887210846,30.2835750579834,1.1318819522857666,0.7678719162940979,1.003810167312622,0.6383838653564453
177,train,0,1.0,1.0,9,guijiao_20_180,6,0.20000000298023224,5000.0,64.0,0.6384890079498291,0.5509480834007263,0.48074376583099365,0.07020430266857147,0.15799959003925323,0.3227441906929016,0.16941113770008087,1.804968690066744e-07,0.1533328741788864,0.1031419187784195,1.1510744046800364e-22,0.1031419187784195,1.3739093542099,1.9944056272506714,0.5533332824707031,0.533397376537323,26.679471969604492,1.0088051557540894,0.7016813158988953,1.0133094787597656,0.6350870132446289
178,val,0,1.0,1.0,9,guijiao_20_180,7,0.22499999403953552,5625.0,81.0,0.6797599196434021,0.6014162302017212,0.5290438532829285,0.07237236201763153,0.19420380890369415,0.3348400592803955,0.17170441150665283,1.8377575372596766e-07,0.16313548386096954,0.11711513996124268,1.050909643209376e-21,0.11711513996124268,1.3343042135238647,1.9471421241760254,0.5299474596977234,0.5190048217773438,23.800962448120117,0.8714923858642578,0.6662449240684509,1.0091811418533325,0.6329958438873291
179,train,0,1.0,1.0,9,guijiao_20_180,8,0.25,6250.0,100.0,0.6456429958343506,0.6494738459587097,0.576691746711731,0.07278207689523697,0.23329007625579834,0.3434016704559326,0.17384880781173706,1.8264699974679388e-07,0.16955266892910004,0.1317870318889618,2.441323209599568e-21,0.1317870318889618,1.2983099222183228,1.9185928106307983,0.5134472846984863,0.507230281829834,21.44605827331543,0.7457168698310852,0.648057758808136,0.9945347905158997,0.6320429444313049
180,train,0,1.0,1.0,9,guijiao_20_180,9,0.2750000059604645,6875.0,121.0,0.7804605960845947,0.7037575244903564,0.6312540769577026,0.0725034549832344,0.27646467089653015,0.3547893762588501,0.17832407355308533,1.8207298069228273e-07,0.17646512389183044,0.14715644717216492,7.467274025110506e-22,0.14715644717216492,1.2715586423873901,1.9059737920761108,0.5019426345825195,0.49741220474243164,19.482440948486328,0.6457838416099548,0.6385858058929443,0.9742310643196106,0.6319287419319153
181,train,0,1.0,1.0,9,guijiao_20_180,10,0.30000001192092896,7500.0,144.0,0.7066598534584045,0.7687904834747314,0.6967556476593018,0.07203483581542969,0.32446587085723877,0.372289776802063,0.18630971014499664,1.8438615256854973e-07,0.18597988784313202,0.16320447623729706,1.0497243475137566e-20,0.16320447623729706,1.253974437713623,1.9038164615631104,0.4937439262866974,0.48909759521484375,17.819517135620117,0.57215416431427,0.6334810853004456,0.9523266553878784,0.6323595643043518
182,train,0,1.0,1.0,9,guijiao_20_180,11,0.32499998807907104,8125.0,169.0,0.8475066423416138,0.8457088470458984,0.7742694616317749,0.07143940031528473,0.377593457698822,0.3966759741306305,0.19795063138008118,1.9006954232736462e-07,0.1987251490354538,0.17990387976169586,1.9914623663219895e-20,0.17990387976169586,1.243425965309143,1.9074126482009888,0.48767760396003723,0.48196521401405334,16.393043518066406,0.5193177461624146,0.6306540369987488,0.9312692284584045,0.6331214904785156
183,train,0,1.0,1.0,9,guijiao_20_180,12,0.3499999940395355,8750.0,196.0,0.8986618518829346,0.9340932369232178,0.8634821772575378,0.07061106711626053,0.4358910024166107,0.4275911748409271,0.2129504382610321,1.9885840174538316e-07,0.2146405428647995,0.19722402095794678,3.602878215793624e-20,0.19722402095794678,1.237667441368103,1.9136337041854858,0.4830055236816406,0.4757799208164215,15.155984878540039,0.4813438951969147,0.6290816068649292,0.9121821522712708,0.6340743899345398
184,val,0,1.0,1.0,9,guijiao_20_180,13,0.375,9375.0,225.0,0.9627761244773865,1.0330909490585327,0.9636720418930054,0.06941887736320496,0.49928948283195496,0.464382529258728,0.2309243530035019,2.1032072083926323e-07,0.23345798254013062,0.2151336669921875,6.256844559669679e-20,0.2151336669921875,1.2349575757980347,1.9206736087799072,0.4792759418487549,0.4703657627105713,14.073150634765625,0.4536372125148773,0.6282373070716858,0.8953888416290283,0.6351300477981567
185,train,0,1.0,1.0,9,guijiao_20_180,14,0.4000000059604645,10000.0,256.0,1.150991439819336,1.1418670415878296,1.0741124153137207,0.06775466352701187,0.5676859021186829,0.5064265131950378,0.25153088569641113,2.2406220523407683e-07,0.2548953890800476,0.23360233008861542,1.048540348326812e-19,0.23360233008861542,1.2340996265411377,1.9275890588760376,0.4762100577354431,0.4655887186527252,13.117743492126465,0.4330021142959595,0.6278350353240967,0.8808166980743408,0.6362330317497253
186,val,0,1.0,1.0,9,guijiao_20_180,15,0.42500001192092896,10625.0,289.0,1.2544622421264648,1.259730339050293,1.194190502166748,0.06553980708122253,0.6409769058227539,0.5532135963439941,0.27449920773506165,2.397706566625857e-07,0.278714120388031,0.2526010274887085,1.7030078461772696e-19,0.2526010274887085,1.2343168258666992,1.933943510055542,0.47363051772117615,0.4613442122936249,12.268844604492188,0.4172907769680023,0.6277105212211609,0.8682323694229126,0.6373489499092102
187,train,0,1.0,1.0,9,guijiao_20_180,16,0.44999998807907104,11250.0,324.0,1.3411883115768433,1.3861448764801025,1.3234238624572754,0.06272105127573013,0.7190724611282349,0.6043513417243958,0.2996242046356201,2.572120365584851e-07,0.30472686886787415,0.2721027135848999,2.690328686616003e-19,0.2721027135848999,1.2351218461990356,1.9395737648010254,0.47142064571380615,0.4575488269329071,11.509765625,0.4050671458244324,0.6277652978897095,0.8573623299598694,0.6384562849998474
188,train,0,1.0,1.0,9,guijiao_20_180,17,0.4749999940395355,11875.0,361.0,1.5874711275100708,1.5207034349441528,1.4614406824111938,0.0592627115547657,0.801897406578064,0.6595432758331299,0.32675236463546753,2.7621294407254027e-07,0.33279067277908325,0.2920822501182556,2.5470766692546686e-18,0.2920822501182556,1.236214280128479,1.9444602727890015,0.4695001244544983,0.45413661003112793,10.827320098876953,0.39536169171333313,0.6279377937316895,0.8479446172714233,0.6395418643951416
189,val,0,1.0,1.0,9,guijiao_20_180,18,0.5,12500.0,400.0,1.6530265808105469,1.6630966663360596,1.6079548597335815,0.05514179915189743,0.8893907070159912,0.7185641527175903,0.3557679355144501,2.9664431622222764e-07,0.3627959191799164,0.31251654028892517,1.337401227409797e-18,0.31251654028892517,1.2374130487442017,1.948644757270813,0.46781185269355774,0.45105257630348206,10.210517883300781,0.38751015067100525,0.6281882524490356,0.8397481441497803,0.6405977010726929
190,train,0,1.0,1.0,10,guijiao_10_0,0,0.05000000074505806,1250.0,4.0,0.061789702624082565,0.06088774651288986,0.05530692636966705,0.005580820608884096,0.010595355182886124,0.04471157118678093,0.0168643556535244,0.010868249461054802,0.01697896607220173,0.009522550739347935,0.004054622258991003,0.004054622258991003,1.474136233329773,2.771775722503662,0.7625696659088135,0.6207086443901062,44.14173126220703,1.0169458389282227,1.5954475402832031,1.34831964969635,1.6062901020050049
191,train,0,1.0,1.0,10,guijiao_10_0,1,0.07500000298023224,1875.0,9.0,0.07487817108631134,0.07447001338005066,0.06345193833112717,0.011018073186278343,0.017722494900226593,0.045729443430900574,0.017783790826797485,0.012378210201859474,0.015567440539598465,0.018689146265387535,0.0064387195743620396,0.0064387195743620396,1.0958837270736694,2.037599563598633,0.5811721086502075,0.5476172566413879,29.523452758789062,1.112900733947754,0.9294698238372803,1.1131764650344849,0.8136322498321533
192,train,0,1.0,1.0,10,guijiao_10_0,2,0.10000000149011612,2500.0,16.0,0.08106280863285065,0.08124826103448868,0.07398867607116699,0.007259583566337824,0.03451121598482132,0.039477456361055374,0.017195750027894974,0.007793277036398649,0.014488429762423038,0.025918809697031975,0.00858659204095602,0.00858659204095602,1.2003899812698364,1.8539683818817139,0.49978944659233093,0.5097271203994751,21.9454288482666,0.8390464782714844,0.7369558215141296,0.6682721972465515,0.6209285855293274
193,train,0,1.0,1.0,10,guijiao_10_0,3,0.125,3125.0,25.0,0.11539952456951141,0.12044671177864075,0.11653980612754822,0.003906909376382828,0.059649836272001266,0.05688997358083725,0.02482239156961441,0.011038021184504032,0.021029561758041382,0.03230711445212364,0.01071394607424736,0.01071394607424736,1.3278571367263794,2.0092036724090576,0.5023791193962097,0.48791635036468506,17.583267211914062,0.723548412322998,0.7285189032554626,0.6448472142219543,0.61720210313797
194,train,0,1.0,1.0,10,guijiao_10_0,4,0.15000000596046448,3750.0,36.0,0.22257539629936218,0.16573205590248108,0.16413430869579315,0.0015977444127202034,0.08802521228790283,0.07610909640789032,0.03295982629060745,0.014814781956374645,0.02833448350429535,0.038538794964551926,0.012932950630784035,0.012932950630784035,1.3607760667800903,2.0725364685058594,0.4996181130409241,0.47369226813316345,14.738452911376953,0.6567744016647339,0.717451810836792,0.6454534530639648,0.6167698502540588
195,train,0,1.0,1.0,10,guijiao_10_0,5,0.17499999701976776,4375.0,49.0,0.19035470485687256,0.21319976449012756,0.21372626721858978,-0.0005265087820589542,0.11968399584293365,0.09404227137565613,0.040372513234615326,0.01835387945175171,0.03531588241457939,0.04491616040468216,0.015288958325982094,0.015288958325982094,1.3593212366104126,2.1128273010253906,0.49299153685569763,0.4635932743549347,12.71865463256836,0.5897912383079529,0.7052712440490723,0.6503674387931824,0.616936445236206
196,train,0,1.0,1.0,10,guijiao_10_0,6,0.20000000298023224,5000.0,64.0,0.2699236571788788,0.26002055406570435,0.26298537850379944,-0.0029648304916918278,0.15390720963478088,0.10907816886901855,0.04642217233777046,0.021345363929867744,0.0413106307387352,0.05157095938920975,0.0177962277084589,0.0177962277084589,1.3383232355117798,2.135359525680542,0.4851057231426239,0.45599478483200073,11.198957443237305,0.5221419334411621,0.6939282417297363,0.6577430963516235,0.6175198554992676
197,val,0,1.0,1.0,10,guijiao_10_0,7,0.22499999403953552,5625.0,81.0,0.29202887415885925,0.30464619398117065,0.31068864464759827,-0.0060424585826694965,0.1898619681596756,0.12082667648792267,0.0509965717792511,0.023725304752588272,0.046104807406663895,0.05855756998062134,0.020455215126276016,0.020455215126276016,1.3044730424880981,2.1394872665405273,0.47729435563087463,0.45003658533096313,10.007320404052734,0.45881497859954834,0.6841281056404114,0.6668404340744019,0.6185041666030884
198,train,0,1.0,1.0,10,guijiao_10_0,8,0.25,6250.0,100.0,0.29831641912460327,0.34710776805877686,0.3571096658706665,-0.010001887567341328,0.22702479362487793,0.13008488714694977,0.05448446422815323,0.025644704699516296,0.04995572194457054,0.0658935159444809,0.023260442540049553,0.023260442540049553,1.2634422779083252,2.127573251724243,0.47016632556915283,0.4452192783355713,9.043856620788574,0.4040306806564331,0.6760869026184082,0.6768243908882141,0.6198906302452087
199,train,0,1.0,1.0,10,guijiao_10_0,9,0.2750000059604645,6875.0,121.0,0.4310641288757324,0.38855433464050293,0.4035426080226898,-0.014988260343670845,0.26533710956573486,0.13820549845695496,0.057490985840559006,0.02735031582415104,0.05336419865489006,0.07357822358608246,0.026204118505120277,0.026204118505120277,1.2203789949417114,2.1043190956115723,0.4639386236667633,0.4412316679954529,8.246335983276367,0.35960653424263,0.6697365045547485,0.6867616176605225,0.6216617822647095
200,val,0,1.0,1.0,10,guijiao_10_0,10,0.30000001192092896,7500.0,144.0,0.40116769075393677,0.4305310845375061,0.45156776905059814,-0.021036673337221146,0.3051200211048126,0.14644774794578552,0.060560278594493866,0.02907015196979046,0.05681730806827545,0.08160223811864853,0.02927783876657486,0.02927783876657486,1.1792078018188477,2.074730396270752,0.4586331844329834,0.43786895275115967,7.573787689208984,0.32520461082458496,0.6648685336112976,0.6958725452423096,0.6237757802009583
201,train,0,1.0,1.0,10,guijiao_10_0,11,0.32499998807907104,8125.0,169.0,0.506271243095398,0.4744766652584076,0.5025744438171387,-0.028097771108150482,0.3468802869319916,0.15569418668746948,0.06406278163194656,0.030965443700551987,0.06066596135497093,0.08995193988084793,0.032473374158144,0.032473374158144,1.1422865390777588,2.0428647994995117,0.4541855454444885,0.43499016761779785,6.998030662536621,0.2993317246437073,0.661234438419342,0.7037099003791809,0.6261735558509827
202,train,0,1.0,1.0,10,guijiao_10_0,12,0.3499999940395355,8750.0,196.0,0.5606998205184937,0.5215155482292175,0.5575991868972778,-0.0360836423933506,0.3911389410495758,0.16646021604537964,0.06820720434188843,0.03313280642032623,0.06512021273374557,0.09861201047897339,0.03578303009271622,0.03578303009271622,1.1105986833572388,2.0114898681640625,0.450497031211853,0.4324948787689209,6.498973846435547,0.2801991403102875,0.6585948467254639,0.7101569175720215,0.6287873983383179
203,train,0,1.0,1.0,10,guijiao_10_0,13,0.375,9375.0,225.0,0.5885866284370422,0.5724316239356995,0.6173374056816101,-0.044905759394168854,0.43833398818969727,0.17900340259075165,0.07309207320213318,0.03562282398343086,0.0702885091304779,0.10756683349609375,0.03919977322220802,0.03919977322220802,1.0841883420944214,1.982225775718689,0.4474588632583618,0.43030932545661926,6.06186580657959,0.2661771774291992,0.6567386388778687,0.7153154015541077,0.6315484046936035
204,val,0,1.0,1.0,10,guijiao_10_0,14,0.4000000059604645,10000.0,256.0,0.6958703994750977,0.6277242302894592,0.6822189092636108,-0.0544947013258934,0.488791286945343,0.19342759251594543,0.07875217497348785,0.03845783323049545,0.07621757686138153,0.11680116504430771,0.04271727055311203,0.04271727055311203,1.0625896453857422,1.9558509588241577,0.44496482610702515,0.42837801575660706,5.675602912902832,0.25594738125801086,0.6554880738258362,0.719385027885437,0.6343915462493896
205,train,0,1.0,1.0,10,guijiao_10_0,15,0.42500001192092896,10625.0,289.0,0.6730650663375854,0.6876797676086426,0.7524837851524353,-0.06480401009321213,0.5427312254905701,0.20975255966186523,0.08518890291452408,0.041643958538770676,0.08291970193386078,0.12630051374435425,0.046329837292432785,0.046329837292432785,1.045127034187317,1.9325906038284302,0.44291815161705017,0.4266582429409027,5.331648349761963,0.24850356578826904,0.6546986103057861,0.7225816249847412,0.6372592449188232
206,train,0,1.0,1.0,10,guijiao_10_0,16,0.44999998807907104,11250.0,324.0,0.6925672888755798,0.7524448037147522,0.8282515406608582,-0.07580675184726715,0.6002942323684692,0.22795730829238892,0.09238836914300919,0.04517897963523865,0.09038997441530228,0.13605135679244995,0.05003241449594498,0.05003241449594498,1.0311012268066406,1.9123557806015015,0.44123515486717224,0.4251165986061096,5.02332067489624,0.24309995770454407,0.654255747795105,0.7250977158546448,0.6401038765907288
207,train,0,1.0,1.0,10,guijiao_10_0,17,0.4749999940395355,11875.0,361.0,0.7913765907287598,0.8220748901367188,0.909564733505249,-0.08748982846736908,0.6615620255470276,0.24800267815589905,0.10033068060874939,0.04905661940574646,0.0986153855919838,0.1460411250591278,0.05382047966122627,0.05382047966122627,1.0198715925216675,1.8948915004730225,0.43984565138816833,0.42372652888298035,4.74530553817749,0.23919183015823364,0.6540705561637878,0.727090060710907,0.6428882479667664
208,train,0,1.0,1.0,10,guijiao_10_0,18,0.5,12500.0,400.0,0.9285801649093628,0.8965741991996765,0.9964228868484497,-0.0998486801981926,0.7265786528587341,0.2698442041873932,0.10899489372968674,0.0532691553235054,0.10758015513420105,0.15625827014446259,0.05769001320004463,0.05769001320004463,1.0108920335769653,1.8798813819885254,0.4386924207210541,0.42246657609939575,4.493317604064941,0.2363833338022232,0.6540750861167908,0.7286804914474487,0.645585298538208
209,train,0,1.0,1.0,11,guijiao_10_180,0,0.05000000074505806,1250.0,4.0,0.06980589777231216,0.0657898485660553,0.05515826493501663,0.010631580837070942,0.008461153134703636,0.04669710993766785,0.02318885549902916,1.365679658249519e-08,0.023508243262767792,0.009522550739347935,1.557760600314056e-22,0.009522550739347935,1.1772037744522095,3.0200655460357666,0.8205782771110535,0.838975191116333,87.79503631591797,1.3223860263824463,1.5483652353286743,0.8334589004516602,1.5696913003921509
210,train,0,1.0,1.0,11,guijiao_10_180,1,0.07500000298023224,1875.0,9.0,0.03306988999247551,0.04532328248023987,0.037870585918426514,0.007452697958797216,0.01435224898159504,0.023518335074186325,0.012490050867199898,1.4149962979104203e-08,0.011028269305825233,0.018689146265387535,1.9663044687165624e-22,0.018689146265387535,0.8874820470809937,1.4246965646743774,0.7315580248832703,0.7209258079528809,64.1851577758789,1.3755723237991333,0.7553437948226929,0.8773001432418823,0.6669415831565857
211,train,0,1.0,1.0,11,guijiao_10_180,2,0.10000000149011612,2500.0,16.0,0.15503378212451935,0.11727724969387054,0.10109196603298187,0.016185281798243523,0.04101550206542015,0.06007646769285202,0.03225712850689888,2.921716202308744e-08,0.027819307520985603,0.025918809697031975,3.962648760703941e-22,0.025918809697031975,1.4266258478164673,2.227457284927368,0.6353284120559692,0.6509374380111694,50.1874885559082,1.279650330543518,0.7544556856155396,0.8066944479942322,0.6506603956222534
212,train,0,1.0,1.0,11,guijiao_10_180,3,0.125,3125.0,25.0,0.1742364466190338,0.1802024096250534,0.161116361618042,0.01908605359494686,0.07033408433198929,0.0907822847366333,0.047835901379585266,4.126191299747006e-08,0.04294634610414505,0.03230711445212364,3.1570147162628854e-23,0.03230711445212364,1.5656977891921997,2.5096263885498047,0.5831223726272583,0.6060657501220703,41.2131462097168,1.1216027736663818,0.7250943779945374,0.8044359683990479,0.650978684425354
213,train,0,1.0,1.0,11,guijiao_10_180,4,0.15000000596046448,3750.0,36.0,0.2257920205593109,0.21748985350131989,0.20026634633541107,0.01722351275384426,0.09737291932106018,0.10289342701435089,0.05298324301838875,4.546787835124633e-08,0.04991013929247856,0.038538794964551926,5.617418552650028e-23,0.038538794964551926,1.5052818059921265,2.479285717010498,0.5463083982467651,0.5746968984603882,34.93937683105469,0.9187452793121338,0.6891965270042419,0.8119561672210693,0.6492220759391785
214,train,0,1.0,1.0,11,guijiao_10_180,5,0.17499999701976776,4375.0,49.0,0.24175983667373657,0.23850205540657043,0.22527042031288147,0.013231627643108368,0.12256205826997757,0.1027083545923233,0.052046388387680054,4.417514887222751e-08,0.05066191777586937,0.04491616040468216,6.843195434481853e-23,0.04491616040468216,1.3920092582702637,2.3493268489837646,0.5220797061920166,0.551417887210846,30.2835750579834,0.7243704199790955,0.665762186050415,0.8117662668228149,0.6480523943901062
215,train,0,1.0,1.0,11,guijiao_10_180,6,0.20000000298023224,5000.0,64.0,0.24040131270885468,0.26014792919158936,0.2510969042778015,0.00905101839452982,0.14890339970588684,0.10219350457191467,0.0512922964990139,4.257753616343507e-08,0.05090117081999779,0.05157095938920975,5.755372023400182e-23,0.05157095938920975,1.2948120832443237,2.220957040786743,0.5068901777267456,0.533397376537323,26.679471969604492,0.5886676907539368,0.6538687348365784,0.8030938506126404,0.6488825678825378
216,val,0,1.0,1.0,11,guijiao_10_180,7,0.22499999403953552,5625.0,81.0,0.35061752796173096,0.2905704975128174,0.2855915427207947,0.0049789585173130035,0.17910614609718323,0.10648538172245026,0.05312107503414154,4.292729016697194e-08,0.053364261984825134,0.05855756998062134,5.25454821604688e-22,0.05855756998062134,1.2305736541748047,2.126627206802368,0.49681949615478516,0.5190048217773438,23.800962448120117,0.5071830153465271,0.6485666036605835,0.7911956310272217,0.6515356302261353
217,train,0,1.0,1.0,11,guijiao_10_180,8,0.25,6250.0,100.0,0.3476819396018982,0.3307994306087494,0.3300792872905731,0.0007201309781521559,0.21431061625480652,0.115768663585186,0.057497575879096985,4.524649810377923e-08,0.05827104300260544,0.0658935159444809,1.220661604799784e-21,0.0658935159444809,1.1926851272583008,2.064030647277832,0.48949873447418213,0.507230281829834,21.44605827331543,0.4595516622066498,0.6465882062911987,0.7796018719673157,0.6552861332893372
218,train,0,1.0,1.0,11,guijiao_10_180,9,0.2750000059604645,6875.0,121.0,0.38224053382873535,0.37997162342071533,0.38394030928611755,-0.003968676086515188,0.25473058223724365,0.1292097270488739,0.06395027041435242,4.912160989078984e-08,0.06525939702987671,0.07357822358608246,3.733637012555253e-22,0.07357822358608246,1.1715959310531616,2.023637533187866,0.4837951064109802,0.49741220474243164,19.482440948486328,0.4310632646083832,0.6462671160697937,0.7695592045783997,0.6594967842102051
219,val,0,1.0,1.0,11,guijiao_10_180,10,0.30000001192092896,7500.0,144.0,0.5158165097236633,0.43710434436798096,0.4463195502758026,-0.009215211495757103,0.30023911595344543,0.14608043432235718,0.07209384441375732,5.421199134048038e-08,0.07398653775453568,0.08160223811864853,5.248621737568783e-21,0.08160223811864853,1.1603443622589111,1.997540831565857,0.4791732132434845,0.48909759521484375,17.819517135620117,0.4133472740650177,0.6467757225036621,0.7612364888191223,0.6637555956840515
220,val,0,1.0,1.0,11,guijiao_10_180,11,0.32499998807907104,8125.0,169.0,0.47507306933403015,0.5014133453369141,0.5164957046508789,-0.015082343481481075,0.35062986612319946,0.16586583852767944,0.08166287839412689,6.02877747724051e-08,0.08420290052890778,0.08995193988084793,9.957311831609947e-21,0.08995193988084793,1.1546339988708496,1.9804558753967285,0.47534486651420593,0.48196521401405334,16.393043518066406,0.40182217955589294,0.6476907730102539,0.7544400691986084,0.6678363084793091
221,val,0,1.0,1.0,11,guijiao_10_180,12,0.3499999940395355,8750.0,196.0,0.5916249752044678,0.5723181366920471,0.593920886516571,-0.021602744236588478,0.4057108759880066,0.18820999562740326,0.09247686713933945,6.719744050087684e-08,0.09573306143283844,0.09861201047897339,1.801439107896812e-20,0.09861201047897339,1.151974081993103,1.9690587520599365,0.47212815284729004,0.4757799208164215,15.155984878540039,0.39395251870155334,0.6487886905670166,0.7489007711410522,0.6716331243515015
222,val,0,1.0,1.0,11,guijiao_10_180,13,0.375,9375.0,225.0,0.7030403017997742,0.649398684501648,0.6781936883926392,-0.028795020654797554,0.4653289318084717,0.21286478638648987,0.10441140085458755,7.483983921474646e-08,0.10845331847667694,0.10756683349609375,3.1284222798348394e-20,0.10756683349609375,1.1509584188461304,1.9612864255905151,0.4693945050239563,0.4703657627105713,14.073150634765625,0.3883053660392761,0.6499496698379517,0.7443683743476868,0.6751101613044739
223,val,0,1.0,1.0,11,guijiao_10_180,14,0.4000000059604645,10000.0,256.0,0.7948856353759766,0.7323525547981262,0.769023060798645,-0.0366704948246479,0.52936851978302,0.2396545708179474,0.11737924069166183,8.314615485005561e-08,0.12227524071931839,0.11680116504430771,5.24270174163406e-20,0.11680116504430771,1.1508009433746338,1.955854058265686,0.46704810857772827,0.4655887186527252,13.117743492126465,0.3840513229370117,0.651110053062439,0.7406361103057861,0.6782683730125427
224,val,0,1.0,1.0,11,guijiao_10_180,15,0.42500001192092896,10625.0,289.0,0.9257188439369202,0.820961594581604,0.8661973476409912,-0.0452357679605484,0.5977440476417542,0.26845329999923706,0.13131825625896454,9.206883078149986e-08,0.13713495433330536,0.12630051374435425,8.515039230886348e-20,0.12630051374435425,1.1510642766952515,1.9519532918930054,0.4650155305862427,0.4613442122936249,12.268844604492188,0.38069894909858704,0.6522361636161804,0.7375410199165344,0.6811267137527466
225,val,0,1.0,1.0,11,guijiao_10_180,16,0.44999998807907104,11250.0,324.0,1.0905781984329224,0.9150670170783997,0.9695620536804199,-0.054495055228471756,0.6703931093215942,0.2991689443588257,0.1461832970380783,1.0157408780742117e-07,0.15298554301261902,0.13605135679244995,1.3451643433080014e-19,0.13605135679244995,1.1515073776245117,1.9490684270858765,0.46323996782302856,0.4575488269329071,11.509765625,0.37794962525367737,0.6533117890357971,0.7349552512168884,0.6837117671966553
226,val,0,1.0,1.0,11,guijiao_10_180,17,0.4749999940395355,11875.0,361.0,1.0394068956375122,1.0145519971847534,1.0790023803710938,-0.06445043534040451,0.7472689151763916,0.33173346519470215,0.161941260099411,1.1163770352595748e-07,0.1697920858860016,0.1460411250591278,1.2735383346273343e-18,0.1460411250591278,1.1519982814788818,1.946865439414978,0.46167686581611633,0.45413661003112793,10.827320098876953,0.37561777234077454,0.6543302536010742,0.732779860496521,0.6860517859458923
227,train,0,1.0,1.0,11,guijiao_10_180,18,0.5,12500.0,400.0,1.115393042564392,1.1193294525146484,1.1944327354431152,-0.0751032680273056,0.8283368349075317,0.3660959303379059,0.17856743931770325,1.2224199963384308e-07,0.18752837181091309,0.15625827014446259,6.687006137048985e-19,0.15625827014446259,1.1524686813354492,1.945128083229065,0.4602910578250885,0.45105257630348206,10.210517883300781,0.37358495593070984,0.655289888381958,0.7309377193450928,0.688173770904541
