sample_index,split,source_id,sample_weight,aux_weight,config_index,config_name,velocity_index,U,Re,Ca,F_target,F_pred,F_physics,F_residual,F_stem,F_leaf,Fcol_1_pred,Fcol_2_pred,Fcol_3_pred,Fcol_1_true,Fcol_2_true,Fcol_3_true,Cd_stem_eff,Cd_leaf_eff,shielding_coef,shielding_target,angle_diff_deg,reconfiguration_factor,reconfiguration_correction,reconfiguration_gain,column_correction_1,column_correction_2,column_correction_3
0,train,3,1.0,1.0,0,PVC_20_0,0,0.05000000074505806,1250.0,0.15360000729560852,0.07093784958124161,0.0684889554977417,0.06498166173696518,0.0035072967875748873,0.012224703095853329,0.052756957709789276,0.0016379286535084248,0.010567850433290005,0.04055117815732956,0.0008135348907671869,0.012708019465208054,0.012708019465208054,1.700827956199646,1.9475938081741333,0.8831908702850342,0.9039982557296753,100.79964447021484,1.1914410591125488,0.18305248022079468,1.2568700313568115,0.5720089673995972,0.6517514586448669,2.208784580230713
1,train,3,1.0,1.0,0,PVC_20_0,1,0.07500000298023224,1875.0,0.3456000089645386,0.17443148791790009,0.0960182398557663,0.09759947657585144,-0.0015812363708391786,0.029088497161865234,0.0685109794139862,0.0044375332072377205,0.019058704376220703,0.045014746487140656,0.0018697602208703756,0.027825873345136642,0.027825873345136642,1.7987089157104492,1.6736786365509033,0.8172423243522644,0.9087178111076355,101.7435531616211,1.6110403537750244,0.23265014588832855,1.7234829664230347,0.5844895839691162,0.4790928065776825,0.9247661828994751
2,train,3,1.0,1.0,0,PVC_20_0,2,0.10000000149011612,2500.0,0.6144000291824341,0.14795003831386566,0.12634126842021942,0.13141584396362305,-0.005074571818113327,0.05264412984251976,0.07877171039581299,0.008434061892330647,0.029102737084031105,0.04123491421341896,0.003428105963394046,0.0476507768034935,0.0476507768034935,1.8310998678207397,1.5544166564941406,0.7494789361953735,0.91482013463974,102.96401977539062,1.6504886150360107,0.24541305005550385,1.7720040082931519,0.6543970108032227,0.46991676092147827,0.49901270866394043
3,train,3,1.0,1.0,0,PVC_20_0,3,0.125,3125.0,0.9599999785423279,0.20464740693569183,0.1858711689710617,0.19530749320983887,-0.009436323307454586,0.08239022642374039,0.11291727423667908,0.014003563672304153,0.0409197099506855,0.05799400061368942,0.005584338214248419,0.07105002552270889,0.07105002552270889,1.8340779542922974,1.503799557685852,0.7017964124679565,0.9218372106552124,104.36743927001953,1.6424087285995483,0.22983437776565552,1.7556532621383667,0.7254817485809326,0.471141517162323,0.46861159801483154
4,train,3,1.0,1.0,0,PVC_20_0,4,0.15000000596046448,3750.0,1.3824000358581543,0.270246684551239,0.2579631805419922,0.2735185921192169,-0.015555412508547306,0.11806762218475342,0.1554509699344635,0.021075837314128876,0.05466070771217346,0.07971443235874176,0.008491037413477898,0.09684506058692932,0.09684506058692932,1.8251999616622925,1.4766855239868164,0.6686319708824158,0.9292217493057251,105.84434509277344,1.6282588243484497,0.20844677090644836,1.730080485343933,0.7835824489593506,0.4740563929080963,0.46225202083587646
5,train,3,1.0,1.0,0,PVC_20_0,5,0.17499999701976776,4375.0,1.881600022315979,0.3938428461551666,0.34144696593284607,0.3652893006801605,-0.02384233847260475,0.15991657972335815,0.20537272095680237,0.02959282323718071,0.0704500824213028,0.10532980412244797,0.012395291589200497,0.12395953387022018,0.12395953387022018,1.8162662982940674,1.4589097499847412,0.6449987888336182,0.9363734722137451,107.27469635009766,1.6156758069992065,0.19026726484298706,1.7078988552093506,0.828812837600708,0.4771277904510498,0.4601117670536041
6,train,3,1.0,1.0,0,PVC_20_0,6,0.20000000298023224,5000.0,2.4576001167297363,0.43085381388664246,0.43630149960517883,0.47073978185653687,-0.03443828597664833,0.20825208723545074,0.2624877095222473,0.03955010697245598,0.08829892426729202,0.1346386820077896,0.01771606132388115,0.1515229493379593,0.1515229493379593,1.8108875751495361,1.445219874382019,0.6274329423904419,0.9426351189613342,108.52703094482422,1.6057026386260986,0.17619355022907257,1.6905770301818848,0.8648791909217834,0.47999635338783264,0.4592188000679016
7,train,3,1.0,1.0,0,PVC_20_0,7,0.22499999403953552,5625.0,3.1103999614715576,0.6180073022842407,0.5425406694412231,0.5899800062179565,-0.0474393367767334,0.2633291184902191,0.3266509175300598,0.050971757620573044,0.10815241187810898,0.1675267368555069,0.025219960138201714,0.178911954164505,0.178911954164505,1.809239149093628,1.4334536790847778,0.6137336492538452,0.9472165703773499,109.44332122802734,1.5979461669921875,0.16528812050819397,1.6771825551986694,0.8950293660163879,0.48262080550193787,0.4588109850883484
8,train,3,1.0,1.0,0,PVC_20_0,8,0.25,6250.0,3.8399999141693115,0.8448036313056946,0.6601132154464722,0.7230619192123413,-0.06294869631528854,0.32535520195961,0.39770668745040894,0.06389319896697998,0.12992651760578156,0.2038869857788086,0.03648537024855614,0.2057376205921173,0.2057376205921173,1.8106725215911865,1.4226374626159668,0.6025429964065552,0.9489527344703674,109.79054260253906,1.5918420553207397,0.15656539797782898,1.6666103601455688,0.9214737415313721,0.4850429594516754,0.45862728357315063
9,train,3,1.0,1.0,0,PVC_20_0,9,0.2750000059604645,6875.0,4.646399974822998,1.050018072128296,0.7889231443405151,0.8700019717216492,-0.08107882738113403,0.39451494812965393,0.47548702359199524,0.07835429906845093,0.15352322161197662,0.2436095029115677,0.055444035679101944,0.2318010926246643,0.2318010926246643,1.8145134449005127,1.4123034477233887,0.5930144786834717,0.9455310702323914,109.10620880126953,1.5869184732437134,0.1492903232574463,1.657991886138916,0.9456353783607483,0.48731717467308044,0.4585610330104828
10,train,3,1.0,1.0,0,PVC_20_0,10,0.30000001192092896,7500.0,5.529600143432617,1.2444380521774292,0.9288508892059326,1.0307973623275757,-0.10194650292396545,0.4709830582141876,0.5598143339157104,0.09439674764871597,0.17883694171905518,0.2865806221961975,0.09599050879478455,0.25704047083854675,0.25704047083854675,1.820224404335022,1.4022185802459717,0.584607720375061,0.9301102161407471,106.02204132080078,1.5828194618225098,0.14295335114002228,1.650700330734253,0.9684278964996338,0.48949134349823,0.45856308937072754
11,train,3,1.0,1.0,0,PVC_20_0,11,0.32499998807907104,8125.0,6.48960018157959,1.354056715965271,1.079768180847168,1.2054359912872314,-0.12566785514354706,0.5549318194389343,0.6505042314529419,0.11206281185150146,0.20575754344463348,0.33268383145332336,0.2500753104686737,0.28148239850997925,0.28148239850997925,1.8274059295654297,1.3922674655914307,0.5769678950309753,0.8688808679580688,93.77617645263672,1.5792824029922485,0.13721150159835815,1.6442911624908447,0.990444540977478,0.4916033148765564,0.4586087465286255
12,train,3,1.0,1.0,0,PVC_20_0,12,0.3499999940395355,8750.0,7.526400089263916,1.6986725330352783,1.2415480613708496,1.3939025402069092,-0.15235446393489838,0.6465336680412292,0.7473689317703247,0.13139422237873077,0.23417255282402039,0.38180214166641235,0.5733868479728699,0.30520471930503845,0.30520471930503845,1.8357654809951782,1.3824009895324707,0.569857120513916,0.778120756149292,75.62416076660156,1.5761114358901978,0.1318344920873642,1.6384471654891968,1.0120697021484375,0.49368077516555786,0.4586849808692932
13,train,3,1.0,1.0,0,PVC_20_0,13,0.375,9375.0,8.640000343322754,1.9440239667892456,1.414070963859558,1.5961804389953613,-0.18210943043231964,0.7459607720375061,0.8502196073532104,0.15243075788021088,0.26396939158439636,0.433819442987442,0.8262953162193298,0.3283105492591858,0.3283105492591858,1.8450816869735718,1.3726102113723755,0.5631130933761597,0.7271667718887329,65.43335723876953,1.5731552839279175,0.1266697496175766,1.632936716079712,1.0335469245910645,0.49574410915374756,0.4587843418121338
14,train,3,1.0,1.0,0,PVC_20_0,14,0.4000000059604645,10000.0,9.830400466918945,2.125422716140747,1.597230076789856,1.8122549057006836,-0.21502484381198883,0.8533856272697449,0.958869218826294,0.1752087026834488,0.29503729939460754,0.4886232316493988,1.0331017971038818,0.3509112596511841,0.3509112596511841,1.855185866355896,1.362911343574524,0.5566247701644897,0.6930793523788452,58.615875244140625,1.5702943801879883,0.12162283807992935,1.627589464187622,1.0550180673599243,0.4978066086769104,0.4589024484157562
15,train,3,1.0,1.0,0,PVC_20_0,15,0.42500001192092896,10625.0,11.097599983215332,2.3944380283355713,1.7909339666366577,2.0421111583709717,-0.2511771619319916,0.9689766764640808,1.073134422302246,0.19975818693637848,0.32726919651031494,0.5461070537567139,1.2118146419525146,0.3731164038181305,0.3731164038181305,1.865939736366272,1.3533388376235962,0.5503174066543579,0.6676045656204224,53.52091598510742,1.5674275159835815,0.11664135009050369,1.622275710105896,1.076545000076294,0.49987509846687317,0.4590366780757904
16,train,3,1.0,1.0,0,PVC_20_0,16,0.44999998807907104,11250.0,12.44159984588623,2.6817269325256348,1.9951096773147583,2.2857346534729004,-0.2906250059604645,1.0928956270217896,1.1928390264511108,0.22610065340995789,0.360564649105072,0.6061737537384033,1.370949149131775,0.395028293132782,0.395028293132782,1.8772228956222534,1.3439435958862305,0.5441426038742065,0.6474189162254333,49.48377990722656,1.5644662380218506,0.1117083802819252,1.616895318031311,1.098122000694275,0.5019508600234985,0.4591852128505707
17,train,3,1.0,1.0,0,PVC_20_0,17,0.4749999940395355,11875.0,13.86240005493164,2.9678232669830322,2.2097063064575195,2.543114423751831,-0.3334081172943115,1.2252914905548096,1.3178229331970215,0.2542455792427063,0.3948346674442291,0.6687425971031189,1.515420913696289,0.4167393147945404,0.4167393147945404,1.8889232873916626,1.3347946405410767,0.5380738377571106,0.6308286190032959,46.16572570800781,1.5613292455673218,0.10683252662420273,1.6113694906234741,1.1196783781051636,0.5040287971496582,0.4593469798564911
18,train,3,1.0,1.0,0,PVC_20_0,18,0.5,12500.0,15.359999656677246,3.0878708362579346,2.434688091278076,2.8142282962799072,-0.3795403242111206,1.3662915229797363,1.447936773300171,0.2841859757900238,0.4300019443035126,0.7337487936019897,1.6484487056732178,0.4383312165737152,0.4383312165737152,1.900927186012268,1.3259730339050293,0.5321012139320374,0.6168425679206848,43.36851501464844,1.5579373836517334,0.10204606503248215,1.605631709098816,1.1410868167877197,0.5060976147651672,0.4595211148262024
19,train,3,1.0,1.0,1,PVC_20_180,0,0.05000000074505806,1250.0,0.15360000729560852,0.30792152881622314,0.03877784684300423,0.036679767072200775,0.002098078839480877,0.011118605732917786,0.02556116133928299,0.005414965562522411,1.0092937152705872e-08,0.020146185532212257,0.013280894607305527,1.3017747316988583e-22,0.013280894607305527,1.546936273574829,2.074179172515869,0.9460867643356323,0.9950531721115112,119.01063537597656,0.5662598609924316,0.09572090953588486,0.5825207829475403,0.5975533723831177,0.8829353451728821,2.2231757640838623
20,train,3,1.0,1.0,1,PVC_20_180,1,0.07500000298023224,1875.0,0.3456000089645386,0.17357100546360016,0.14443086087703705,0.1392371952533722,0.0051936618983745575,0.02660859376192093,0.11262860149145126,0.02351870760321617,2.707841950666534e-08,0.089109867811203,0.030723044648766518,2.8289993467871503e-22,0.030723044648766518,1.645362377166748,1.972733497619629,0.9272056818008423,0.9886112809181213,117.72225952148438,1.2688864469528198,0.1407126486301422,1.3224509954452515,0.534221887588501,0.49752703309059143,2.024109363555908
21,train,3,1.0,1.0,1,PVC_20_180,2,0.10000000149011612,2500.0,0.6144000291824341,0.34319770336151123,0.1809801161289215,0.17342114448547363,0.0075589753687381744,0.04906873777508736,0.12435241043567657,0.04844933748245239,4.8929614138160105e-08,0.07590302079916,0.05678054317831993,4.807654095618108e-22,0.05678054317831993,1.7067384719848633,1.8775384426116943,0.874445378780365,0.9791058301925659,115.8211669921875,1.5243217945098877,0.16621969640254974,1.600333571434021,0.5374860763549805,0.4655643701553345,0.8420509099960327
22,train,3,1.0,1.0,1,PVC_20_180,3,0.125,3125.0,0.9599999785423279,0.31932196021080017,0.2471942901611328,0.23457425832748413,0.01262002531439066,0.07833544909954071,0.15623880922794342,0.07858490198850632,7.299241389091549e-08,0.07765383273363113,0.09318999201059341,7.104417698677035e-22,0.09318999201059341,1.7438150644302368,1.8324655294418335,0.8296385407447815,0.9660651087760925,113.21302032470703,1.5836906433105469,0.17732857167720795,1.6679407358169556,0.5485060214996338,0.46056655049324036,0.542007327079773
23,train,3,1.0,1.0,1,PVC_20_180,4,0.15000000596046448,3750.0,1.3824000358581543,0.31083568930625916,0.3502233922481537,0.3297863006591797,0.020437097176909447,0.1144002228975296,0.21538607776165009,0.11441189795732498,1.0034002428938038e-07,0.10097408294677734,0.14211547374725342,3.0935381589327246e-21,0.14211547374725342,1.7685059309005737,1.8096401691436768,0.7973335385322571,0.9489836692810059,109.7967300415039,1.5974668264389038,0.1767876148223877,1.6821906566619873,0.5568009614944458,0.45932936668395996,0.4914039969444275
24,train,3,1.0,1.0,1,PVC_20_180,5,0.17499999701976776,4375.0,1.881600022315979,0.5591400265693665,0.474903404712677,0.4449084401130676,0.029994957149028778,0.15732498466968536,0.28758347034454346,0.1556343138217926,1.3122010500410397e-07,0.13194900751113892,0.20557907223701477,4.078542853266631e-21,0.20557907223701477,1.7868322134017944,1.7951922416687012,0.7737369537353516,0.927563488483429,105.51270294189453,1.5979968309402466,0.1708962470293045,1.6799242496490479,0.5617038607597351,0.459060937166214,0.4762205481529236
25,train,3,1.0,1.0,1,PVC_20_180,6,0.20000000298023224,5000.0,2.4576001167297363,0.6062102913856506,0.6181321740150452,0.5773286819458008,0.04080351069569588,0.20723505318164825,0.37009361386299133,0.20192138850688934,1.6561918414481624e-07,0.16817206144332886,0.28418269753456116,5.143182058862414e-21,0.28418269753456116,1.8020437955856323,1.7841136455535889,0.7557588815689087,0.9021280407905579,100.42560577392578,1.5939170122146606,0.16336442530155182,1.6720337867736816,0.5640706419944763,0.45913437008857727,0.4697912931442261
26,train,3,1.0,1.0,1,PVC_20_180,7,0.22499999403953552,5625.0,3.1103999614715576,0.8631705045700073,0.7787102460861206,0.726168692111969,0.052541546523571014,0.2642729878425598,0.4618957042694092,0.252953439950943,2.033963397707339e-07,0.20894204080104828,0.3756729066371918,6.2701978720074416e-21,0.3756729066371918,1.8157241344451904,1.7743828296661377,0.7414098978042603,0.8739358186721802,94.78716278076172,1.5879911184310913,0.1556263417005539,1.6621311902999878,0.5647311806678772,0.45935362577438354,0.46647346019744873
27,train,3,1.0,1.0,1,PVC_20_180,8,0.25,6250.0,3.8399999141693115,1.0573121309280396,0.9557598829269409,0.8908414840698242,0.0649184137582779,0.3285757601261139,0.5622656941413879,0.30838242173194885,2.4431514589196013e-07,0.25388303399086,0.47503334283828735,2.200904255082346e-21,0.47503334283828735,1.828595519065857,1.7650041580200195,0.7294313907623291,0.8448962569236755,88.97925567626953,1.5811651945114136,0.1480921357870102,1.6514126062393188,0.5642700791358948,0.45964714884757996,0.4645484983921051
28,train,3,1.0,1.0,1,PVC_20_180,9,0.2750000059604645,6875.0,4.646399974822998,1.2427419424057007,1.1483653783798218,1.0707614421844482,0.07760398089885712,0.40026551485061646,0.670495867729187,0.3678149878978729,2.8806613272536197e-07,0.3026805520057678,0.5766147971153259,2.6106018041597455e-21,0.5766147971153259,1.840962290763855,1.7554031610488892,0.7190186977386475,0.8167735934257507,83.3547134399414,1.5737510919570923,0.14080186188220978,1.6402273178100586,0.5630693435668945,0.45998716354370117,0.4633583128452301
29,train,3,1.0,1.0,1,PVC_20_180,10,0.30000001192092896,7500.0,5.529600143432617,1.5060391426086426,1.3554608821868896,1.2652671337127686,0.09019380807876587,0.47944357991218567,0.7858235836029053,0.43080994486808777,3.342799175243272e-07,0.35501331090927124,0.6762266159057617,3.0584045913771367e-21,0.6762266159057617,1.8529220819473267,1.745215654373169,0.7096437215805054,0.7906438708305359,78.12877655029297,1.565816044807434,0.13368043303489685,1.6286118030548096,0.5613778829574585,0.46036338806152344,0.46260911226272583
30,train,3,1.0,1.0,1,PVC_20_180,11,0.32499998807907104,8125.0,6.48960018157959,1.597334623336792,1.5757843255996704,1.4735960960388184,0.10218827426433563,0.5661818981170654,0.9074141383171082,0.49688318371772766,3.825326189144107e-07,0.41053056716918945,0.771656334400177,3.5438832744536875e-21,0.771656334400177,1.8644529581069946,1.7341992855072021,0.7009458541870117,0.766912579536438,73.38251495361328,1.5573216676712036,0.12662754952907562,1.6164816617965698,0.5593667030334473,0.4607735574245453,0.4621551036834717
31,train,3,1.0,1.0,1,PVC_20_180,12,0.3499999940395355,8750.0,7.526400089263916,1.9695085287094116,1.8078422546386719,1.6948665380477905,0.11297577619552612,0.6605105400085449,1.0343559980392456,0.5655137896537781,4.323455868870951e-07,0.4688417613506317,0.8621596693992615,1.1680538468040135e-22,0.8621596693992615,1.8754514455795288,1.7221906185150146,0.6926665306091309,0.7455744743347168,69.1148910522461,1.548173427581787,0.11954230070114136,1.603695034980774,0.5571637749671936,0.4612196087837219,0.4619190990924835
32,train,3,1.0,1.0,1,PVC_20_180,13,0.375,9375.0,8.640000343322754,2.2906291484832764,2.049887180328369,1.9280669689178467,0.12182030081748962,0.7624009847640991,1.1656659841537476,0.6361529231071472,4.83186681776715e-07,0.5295125842094421,0.9478147625923157,1.0756810115930194e-22,0.9478147625923157,1.8857455253601074,1.709087610244751,0.6846110820770264,0.7264378666877747,65.2875747680664,1.5382386445999146,0.11233434826135635,1.5900778770446777,0.5548748970031738,0.46170637011528015,0.46185940504074097
33,train,3,1.0,1.0,1,PVC_20_180,14,0.4000000059604645,10000.0,9.830400466918945,2.650298833847046,2.2998993396759033,2.1720471382141113,0.127852201461792,0.8717478513717651,1.3002994060516357,0.7082337141036987,5.344754754332826e-07,0.5920652151107788,1.0290770530700684,9.475226058219414e-23,1.0290770530700684,1.8951038122177124,1.6948423385620117,0.6766293048858643,0.7092531323432922,61.850624084472656,1.5273523330688477,0.10492855310440063,1.5754311084747314,0.5525945425033569,0.4622407853603363,0.46195483207702637
34,train,3,1.0,1.0,1,PVC_20_180,15,0.42500001192092896,10625.0,11.097599983215332,2.8269872665405273,2.555593490600586,2.425528049468994,0.1300654113292694,0.9883471727371216,1.4371808767318726,0.7811904549598694,5.856018674421648e-07,0.6559898257255554,1.1065337657928467,8.751692933370289e-23,1.1065337657928467,1.9032410383224487,1.6794748306274414,0.6686071157455444,0.6937710642814636,58.754215240478516,1.5153238773345947,0.09726889431476593,1.5595420598983765,0.5504111647605896,0.46283161640167236,0.46219727396965027
35,train,3,1.0,1.0,1,PVC_20_180,16,0.44999998807907104,11250.0,12.44159984588623,3.2195968627929688,2.8144736289978027,2.6871347427368164,0.12733888626098633,1.111887812614441,1.575247049331665,0.8544825315475464,6.359571784742002e-07,0.7207639217376709,1.1807831525802612,1.4413170314209997e-23,1.1807831525802612,1.909844994544983,1.6630839109420776,0.660466730594635,0.6797662973403931,55.95326232910156,1.5019457340240479,0.08932272344827652,1.542193055152893,0.5484083294868469,0.4634885787963867,0.46258744597435
36,train,3,1.0,1.0,1,PVC_20_180,17,0.4749999940395355,11875.0,13.86240005493164,3.643343448638916,3.0739476680755615,2.955467700958252,0.11848002672195435,1.2419497966766357,1.7135179042816162,0.9276297092437744,6.849837177469453e-07,0.7858874797821045,1.2523813247680664,2.179188649855603e-23,1.2523813247680664,1.9146040678024292,1.6458684206008911,0.6521700620651245,0.6670430302619934,53.408607482910156,1.4870078563690186,0.08108800649642944,1.523181438446045,0.5466627478599548,0.464221715927124,0.46313241124153137
37,train,3,1.0,1.0,1,PVC_20_180,18,0.5,12500.0,15.359999656677246,4.037886619567871,3.331515312194824,3.22921085357666,0.10230442881584167,1.3780277967453003,1.8511831760406494,1.0002541542053223,7.322354917960183e-07,0.8509283661842346,1.3218237161636353,7.380154498657305e-22,1.3218237161636353,1.9172559976577759,1.62814199924469,0.6437234878540039,0.6554343104362488,51.08686828613281,1.4703196287155151,0.07259602844715118,1.5023415088653564,0.5452405214309692,0.4650402069091797,0.4638426899909973
38,train,3,1.0,1.0,2,PVC_10_0,0,0.05000000074505806,1250.0,0.15360000729560852,0.004296653904020786,0.038858018815517426,0.03424283489584923,0.004615184850990772,0.01026871707290411,0.023974118754267693,0.0014159376733005047,0.004313204903155565,0.018244976177811623,0.00040676744538359344,0.006354009732604027,0.006354009732604027,1.4286909103393555,1.6674078702926636,0.8901294469833374,0.9039982557296753,100.79964447021484,1.2426912784576416,0.1927931159734726,1.3145660161972046,1.104451298713684,0.5895103216171265,2.2196664810180664
39,train,3,1.0,1.0,2,PVC_10_0,1,0.07500000298023224,1875.0,0.3456000089645386,0.0044425735250115395,0.05696270614862442,0.05571301653981209,0.0012496903073042631,0.025327304378151894,0.030385712161660194,0.0031565960962325335,0.008343308232724667,0.018885808065533638,0.0009348801104351878,0.013912936672568321,0.013912936672568321,1.5661327838897705,1.448869228363037,0.8165923953056335,0.9087178111076355,101.7435531616211,1.6667379140853882,0.23641663789749146,1.7849513292312622,0.9274865388870239,0.46823468804359436,0.8654982447624207
40,train,3,1.0,1.0,2,PVC_10_0,2,0.10000000149011612,2500.0,0.6144000291824341,0.11792551726102829,0.08354782313108444,0.08589930832386017,-0.002351481933146715,0.04909267649054527,0.036806635558605194,0.005623795557767153,0.013019002042710781,0.018163839355111122,0.001714052981697023,0.02382538840174675,0.02382538840174675,1.7075711488723755,1.407118797302246,0.7360075116157532,0.91482013463974,102.96401977539062,1.6766717433929443,0.23475795984268188,1.794755458831787,0.9518316388130188,0.4669475555419922,0.47949081659317017
41,train,3,1.0,1.0,2,PVC_10_0,3,0.125,3125.0,0.9599999785423279,0.3397746682167053,0.12633036077022552,0.1330205500125885,-0.006690185982733965,0.07901810109615326,0.05400244519114494,0.008894145488739014,0.018541639670729637,0.026566660031676292,0.0027921691071242094,0.035525012761354446,0.035525012761354446,1.7590116262435913,1.3978455066680908,0.6843446493148804,0.9218372106552124,104.36743927001953,1.6515592336654663,0.2066565752029419,1.753950834274292,0.9923714399337769,0.47150397300720215,0.4623267948627472
42,train,3,1.0,1.0,2,PVC_10_0,4,0.15000000596046448,3750.0,1.3824000358581543,0.16250543296337128,0.17646175622940063,0.1893092542886734,-0.012847496196627617,0.11434346437454224,0.07496578991413116,0.012857461348176003,0.025022223591804504,0.037086110562086105,0.004245518706738949,0.04842253029346466,0.04842253029346466,1.76762855052948,1.3944848775863647,0.6506819725036621,0.9292217493057251,105.84434509277344,1.6277414560317993,0.1800585240125656,1.7156680822372437,1.0209214687347412,0.4762514531612396,0.4592936038970947
43,train,3,1.0,1.0,2,PVC_10_0,5,0.17499999701976776,4375.0,1.881600022315979,0.17313167452812195,0.23415398597717285,0.25514674186706543,-0.020992757752537727,0.15570352971553802,0.09944319725036621,0.017539018765091896,0.03248316049575806,0.04942101612687111,0.006197645794600248,0.06197976693511009,0.06197976693511009,1.768416404724121,1.3908064365386963,0.627400815486908,0.9363734722137451,107.27469635009766,1.609512448310852,0.16080793738365173,1.6871590614318848,1.0432134866714478,0.48031172156333923,0.4584812819957733
44,train,3,1.0,1.0,2,PVC_10_0,6,0.20000000298023224,5000.0,2.4576001167297363,0.32816481590270996,0.29982200264930725,0.33101338148117065,-0.031191376969218254,0.20363904535770416,0.12737435102462769,0.022988921031355858,0.04089001193642616,0.06349541991949081,0.008858030661940575,0.07576147466897964,0.07576147466897964,1.7707741260528564,1.38590669631958,0.6101115942001343,0.9426351189613342,108.52703094482422,1.5958012342453003,0.14705532789230347,1.6662025451660156,1.063808560371399,0.48372095823287964,0.4582783281803131
45,train,3,1.0,1.0,2,PVC_10_0,7,0.22499999403953552,5625.0,3.1103999614715576,0.4748879671096802,0.3736473619937897,0.41719308495521545,-0.04354572296142578,0.2585034668445587,0.15868961811065674,0.02925175428390503,0.05018870159983635,0.07924915850162506,0.012609980069100857,0.0894559770822525,0.0894559770822525,1.7760839462280273,1.3799526691436768,0.5963802337646484,0.9472165703773499,109.44332122802734,1.5851680040359497,0.13670505583286285,1.6501781940460205,1.0845723152160645,0.4866664707660675,0.4582931101322174
46,train,3,1.0,1.0,2,PVC_10_0,8,0.25,6250.0,3.8399999141693115,0.5574852824211121,0.4556924104690552,0.5138710141181946,-0.05817861109972,0.3205646276473999,0.19330638647079468,0.0363655649125576,0.060318294912576675,0.0966225191950798,0.01824268512427807,0.10286881029605865,0.10286881029605865,1.7840118408203125,1.373229742050171,0.5848354697227478,0.9489527344703674,109.79054260253906,1.5765385627746582,0.12840548157691956,1.637269377708435,1.1061491966247559,0.48930624127388,0.45839911699295044
47,train,3,1.0,1.0,2,PVC_10_0,9,0.2750000059604645,6875.0,4.646399974822998,0.5972995758056641,0.5459774136543274,0.6211932301521301,-0.07521583139896393,0.39005765318870544,0.23113557696342468,0.044363100081682205,0.07121583074331284,0.11555663496255875,0.027722017839550972,0.11590054631233215,0.11590054631233215,1.7940129041671753,1.3659963607788086,0.5746804475784302,0.9455310702323914,109.10620880126953,1.5691715478897095,0.12137822061777115,1.6263104677200317,1.1286784410476685,0.49174562096595764,0.45854848623275757
48,train,3,1.0,1.0,2,PVC_10_0,10,0.30000001192092896,7500.0,5.529600143432617,0.7768981456756592,0.6445174813270569,0.7392914295196533,-0.09477395564317703,0.46720433235168457,0.27208712697029114,0.05327175185084343,0.08281943202018738,0.13599593937397003,0.04799525439739227,0.12852023541927338,0.12852023541927338,1.805620551109314,1.358480453491211,0.5654400587081909,0.9301102161407471,106.02204132080078,1.5625534057617188,0.1151965856552124,1.6165536642074585,1.152066707611084,0.4940471649169922,0.4587210416793823
49,train,3,1.0,1.0,2,PVC_10_0,11,0.32499998807907104,8125.0,6.48960018157959,0.982464611530304,0.7513378262519836,0.8682913780212402,-0.11695355176925659,0.5522152185440063,0.3160761594772339,0.0631122887134552,0.09507182985544205,0.15789203345775604,0.12503765523433685,0.14074119925498962,0.14074119925498962,1.81846022605896,1.3508985042572021,0.5568310022354126,0.8688808679580688,93.77617645263672,1.5563172101974487,0.10964955389499664,1.6075119972229004,1.176080346107483,0.49624207615852356,0.4589076638221741
50,train,3,1.0,1.0,2,PVC_10_0,12,0.3499999940395355,8750.0,7.526400089263916,1.096636176109314,0.86647629737854,1.0083098411560059,-0.14183351397514343,0.6452827453613281,0.36302703619003296,0.07389672100543976,0.10792342573404312,0.18120688199996948,0.28669342398643494,0.15260235965251923,0.15260235965251923,1.8322136402130127,1.3434667587280273,0.5486904382705688,0.778120756149292,75.62416076660156,1.5501883029937744,0.10465163737535477,1.5988571643829346,1.2003811597824097,0.4983384609222412,0.45910364389419556
51,train,3,1.0,1.0,2,PVC_10_0,13,0.375,9375.0,8.640000343322754,1.2108826637268066,0.9899775981903076,1.159444808959961,-0.1694672405719757,0.7465655207633972,0.4128792881965637,0.08562636375427246,0.12133581191301346,0.2059171348810196,0.4131476581096649,0.1641552746295929,0.1641552746295929,1.846577525138855,1.3364129066467285,0.5409350395202637,0.7271667718887329,65.43335723876953,1.5439525842666626,0.10019449889659882,1.5903613567352295,1.2245463132858276,0.5003266930580139,0.45930609107017517
52,train,3,1.0,1.0,2,PVC_10_0,14,0.4000000059604645,10000.0,9.830400466918945,1.3690028190612793,1.1218831539154053,1.3217648267745972,-0.19988170266151428,0.8561726212501526,0.4655922055244446,0.09828969091176987,0.1352851390838623,0.23201735317707062,0.5165508985519409,0.17545562982559204,0.17545562982559204,1.8612446784973145,1.3299790620803833,0.5335367321968079,0.6930793523788452,58.615875244140625,1.537434697151184,0.09630918502807617,1.5818554162979126,1.2480818033218384,0.5021840333938599,0.45951277017593384
53,train,3,1.0,1.0,2,PVC_10_0,15,0.42500001192092896,10625.0,11.097599983215332,1.6664570569992065,1.2622129917144775,1.4952902793884277,-0.23307722806930542,0.9741451144218445,0.521145224571228,0.11186093091964722,0.14976300299167633,0.25952133536338806,0.6059073209762573,0.18655820190906525,0.18655820190906525,1.8758924007415771,1.324418544769287,0.5265030860900879,0.6676045656204224,53.52091598510742,1.530481219291687,0.09303697943687439,1.5731985569000244,1.270452618598938,0.5038783550262451,0.4597218632698059
54,train,3,1.0,1.0,2,PVC_10_0,16,0.44999998807907104,11250.0,12.44159984588623,1.7020379304885864,1.4109487533569336,1.679979920387268,-0.26903119683265686,1.1004401445388794,0.5795397758483887,0.12629923224449158,0.16477786004543304,0.28846269845962524,0.6854745745658875,0.197514146566391,0.197514146566391,1.8901817798614502,1.3199923038482666,0.519864559173584,0.6474189162254333,49.48377990722656,1.5229517221450806,0.09040900319814682,1.564258337020874,1.2911076545715332,0.5053735375404358,0.4599318206310272
55,train,3,1.0,1.0,2,PVC_10_0,17,0.4749999940395355,11875.0,13.86240005493164,1.914313793182373,1.568010926246643,1.8757140636444092,-0.3077031373977661,1.2349255084991455,0.6407885551452637,0.14154724776744843,0.18035142123699188,0.318889856338501,0.7577104568481445,0.2083696573972702,0.2083696573972702,1.9037753343582153,1.316956639289856,0.5136604309082031,0.6308286190032959,46.16572570800781,1.5147056579589844,0.08842959254980087,1.5548890829086304,1.3095135688781738,0.5066337585449219,0.4601414203643799
56,train,3,1.0,1.0,2,PVC_10_0,18,0.5,12500.0,15.359999656677246,2.087332010269165,1.7332426309585571,2.0822837352752686,-0.34904107451438904,1.3773770332336426,0.704906702041626,0.15753044188022614,0.19651566445827484,0.3508606255054474,0.8242243528366089,0.2191656082868576,0.2191656082868576,1.9163506031036377,1.3155567646026611,0.5079296231269836,0.6168425679206848,43.36851501464844,1.5055928230285645,0.08706467598676682,1.5449179410934448,1.3251839876174927,0.5076301097869873,0.4603502154350281
57,train,3,1.0,1.0,3,PVC_10_180,0,0.05000000074505806,1250.0,0.15360000729560852,0.1761522889137268,0.0336901992559433,0.029453575611114502,0.004236622713506222,0.010288738645613194,0.019164836034178734,0.007604196667671204,4.339255177399082e-09,0.011560635641217232,0.006640447303652763,6.508873658494291e-23,0.006640447303652763,1.4314765930175781,1.8411478996276855,0.95195472240448,0.9950531721115112,119.01063537597656,0.7385349869728088,0.06451334059238434,0.7528285980224609,1.4629762172698975,0.6577245593070984,2.2241578102111816
58,train,3,1.0,1.0,3,PVC_10_180,1,0.07500000298023224,1875.0,0.3456000089645386,0.1749381422996521,0.10007699579000473,0.08995827287435532,0.010118724778294563,0.023855077102780342,0.06610319763422012,0.02410057932138443,1.2637141111326855e-08,0.0420026034116745,0.015361522324383259,1.4144996733935752e-22,0.015361522324383259,1.4750964641571045,1.7078121900558472,0.9207380414009094,0.9886112809181213,117.72225952148438,1.4954484701156616,0.08531170338392258,1.5337222814559937,1.0905029773712158,0.46577200293540955,1.9005335569381714
59,train,3,1.0,1.0,3,PVC_10_180,2,0.10000000149011612,2500.0,0.6144000291824341,0.10751472413539886,0.12070778012275696,0.10987837612628937,0.010829404927790165,0.044834598898887634,0.06504377722740173,0.03805927559733391,2.2038369351662368e-08,0.026984481140971184,0.028390271589159966,2.403827047809054e-22,0.028390271589159966,1.5594640970230103,1.6775250434875488,0.8530153632164001,0.9791058301925659,115.8211669921875,1.63157057762146,0.10642439872026443,1.6836622953414917,0.8983493447303772,0.4573710560798645,0.6369403600692749
60,train,3,1.0,1.0,3,PVC_10_180,3,0.125,3125.0,0.9599999785423279,0.198393777012825,0.17653383314609528,0.16087234020233154,0.015661489218473434,0.07310916483402252,0.08776317536830902,0.05457399785518646,3.287652816652553e-08,0.033189140260219574,0.04659499600529671,3.5522088493385176e-22,0.04659499600529671,1.6274734735488892,1.6735126972198486,0.8077850341796875,0.9660651087760925,113.21302032470703,1.6461031436920166,0.11744515597820282,1.7041010856628418,0.8164886236190796,0.4566839933395386,0.4965469539165497
61,train,3,1.0,1.0,3,PVC_10_180,4,0.15000000596046448,3750.0,1.3824000358581543,0.27636855840682983,0.24914905428886414,0.22703850269317627,0.022110553458333015,0.10777999460697174,0.11925850808620453,0.07380332797765732,4.547550247480103e-08,0.04545513913035393,0.07105773687362671,1.5467690794663623e-21,0.07105773687362671,1.6661641597747803,1.6715232133865356,0.7789430618286133,0.9489836692810059,109.7967300415039,1.640307903289795,0.11823304742574692,1.6984894275665283,0.7702415585517883,0.4569661617279053,0.4743883013725281
62,train,3,1.0,1.0,3,PVC_10_180,5,0.17499999701976776,4375.0,1.881600022315979,0.3855060040950775,0.333820104598999,0.3045973777770996,0.029222719371318817,0.14867478609085083,0.15592259168624878,0.09548749029636383,5.984792750268753e-08,0.060435038059949875,0.10278953611850739,2.0392714266333154e-21,0.10278953611850739,1.6885868310928345,1.6684116125106812,0.7590938806533813,0.927563488483429,105.51270294189453,1.6302756071090698,0.11504988372325897,1.68654465675354,0.7387169599533081,0.45745301246643066,0.4675416946411133
63,train,3,1.0,1.0,3,PVC_10_180,6,0.20000000298023224,5000.0,2.4576001167297363,0.4729076027870178,0.4296587109565735,0.39304104447364807,0.03661767765879631,0.1959497481584549,0.19709129631519318,0.11946174502372742,7.595431839035882e-08,0.07762947678565979,0.14209134876728058,2.571591029431207e-21,0.14209134876728058,1.7039107084274292,1.6639243364334106,0.7444799542427063,0.9021280407905579,100.42560577392578,1.6196502447128296,0.11085465550422668,1.6735140085220337,0.7150142192840576,0.4579800069332123,0.46463558077812195
64,train,3,1.0,1.0,3,PVC_10_180,7,0.22499999403953552,5625.0,3.1103999614715576,0.585237979888916,0.5362246632575989,0.49220454692840576,0.044020138680934906,0.24979031085968018,0.24241425096988678,0.14555633068084717,9.37036972459282e-08,0.09685783088207245,0.1878364533185959,3.1350989360037208e-21,0.1878364533185959,1.7162190675735474,1.6582545042037964,0.7329922914505005,0.8739358186721802,94.78716278076172,1.609175443649292,0.10650593787431717,1.66059148311615,0.6960827708244324,0.45850953459739685,0.46319565176963806
65,train,3,1.0,1.0,3,PVC_10_180,8,0.25,6250.0,3.8399999141693115,0.6845232844352722,0.6530159711837769,0.6019001007080078,0.05111584812402725,0.3103380501270294,0.2915620505809784,0.1735738068819046,1.1295872326400058e-07,0.11798812448978424,0.23751667141914368,1.100452127541173e-21,0.23751667141914368,1.7270985841751099,1.6515820026397705,0.723357081413269,0.8448962569236755,88.97925567626953,1.5988085269927979,0.1021534726023674,1.6478056907653809,0.6803098320960999,0.4590403437614441,0.46244582533836365
66,train,3,1.0,1.0,3,PVC_10_180,9,0.2750000059604645,6875.0,4.646399974822998,0.8764917254447937,0.7793599963188171,0.7218611836433411,0.05749879777431488,0.37767788767814636,0.3441832959651947,0.20329619944095612,1.3354063810311345e-07,0.14088696241378784,0.28830739855766296,1.3053009020798728e-21,0.28830739855766296,1.7370741367340088,1.6440194845199585,0.7147617340087891,0.8167735934257507,83.3547134399414,1.588296890258789,0.09776358306407928,1.6348801851272583,0.6667757034301758,0.4595829248428345,0.4620843529701233
67,train,3,1.0,1.0,3,PVC_10_180,10,0.30000001192092896,7500.0,5.529600143432617,0.9029657244682312,0.914371132850647,0.8517290353775024,0.06264209002256393,0.45182791352272034,0.3999011218547821,0.23449422419071198,1.5523131935424317e-07,0.1654067486524582,0.33811330795288086,1.5292022956885683e-21,0.33811330795288086,1.7461947202682495,1.6356408596038818,0.7066566944122314,0.7906438708305359,78.12877655029297,1.5773321390151978,0.09328024089336395,1.6214722394943237,0.6549391746520996,0.46015164256095886,0.4619787633419037
68,train,3,1.0,1.0,3,PVC_10_180,11,0.32499998807907104,8125.0,6.48960018157959,1.0138746500015259,1.056910514831543,0.9910371899604797,0.06587338447570801,0.532721996307373,0.4583151936531067,0.2669336497783661,1.7777432503862656e-07,0.19138137996196747,0.3858281672000885,1.7719416372268438e-21,0.3858281672000885,1.7542685270309448,1.6265099048614502,0.6986494064331055,0.766912579536438,73.38251495361328,1.5655841827392578,0.0886741355061531,1.6072323322296143,0.64448082447052,0.4607630968093872,0.46206849813461304
69,train,3,1.0,1.0,3,PVC_10_180,12,0.3499999940395355,8750.0,7.526400089263916,1.313947081565857,1.205552577972412,1.139195203781128,0.06635742634534836,0.6201876997947693,0.5190074443817139,0.30038076639175415,2.0087856000827742e-07,0.2186264842748642,0.43107983469963074,5.840269234020067e-23,0.43107983469963074,1.7609587907791138,1.6167117357254028,0.6904500722885132,0.7455744743347168,69.1148910522461,1.5527026653289795,0.0839603841304779,1.591812252998352,0.6352145075798035,0.46143531799316406,0.46232885122299194
70,train,3,1.0,1.0,3,PVC_10_180,13,0.375,9375.0,8.640000343322754,1.5928974151611328,1.3585771322250366,1.2954785823822021,0.06309853494167328,0.7139241695404053,0.5815544128417969,0.3346109688282013,2.2422906909014273e-07,0.24694320559501648,0.47390738129615784,5.378405057965097e-23,0.47390738129615784,1.7658413648605347,1.6063718795776367,0.6818516254425049,0.7264378666877747,65.2875747680664,1.5383176803588867,0.07920783758163452,1.5748716592788696,0.6270398497581482,0.4621875584125519,0.4627559781074524
71,train,3,1.0,1.0,3,PVC_10_180,14,0.4000000059604645,10000.0,9.830400466918945,1.7449835538864136,1.5140244960784912,1.459049105644226,0.05497540533542633,0.8135016560554504,0.6455474495887756,0.3694190979003906,2.475086660069792e-07,0.2761281132698059,0.5145385265350342,4.737613029109707e-23,0.5145385265350342,1.7684816122055054,1.5956923961639404,0.6727300882339478,0.7092531323432922,61.850624084472656,1.5220485925674438,0.07453439384698868,1.5560821294784546,0.6199067234992981,0.4630392789840698,0.4633590281009674
72,train,3,1.0,1.0,3,PVC_10_180,15,0.42500001192092896,10625.0,11.097599983215332,1.9275760650634766,1.6698393821716309,1.6290143728256226,0.040825068950653076,0.9183932542800903,0.7106211185455322,0.4046337306499481,2.704284440824267e-07,0.3059871196746826,0.5532668828964233,4.3758464666851443e-23,0.5532668828964233,1.7685322761535645,1.5849719047546387,0.6630526781082153,0.6937710642814636,58.754215240478516,1.5035287141799927,0.07009061425924301,1.5351437330245972,0.6137935519218445,0.4640084207057953,0.464155375957489
73,train,3,1.0,1.0,3,PVC_10_180,16,0.44999998807907104,11250.0,12.44159984588623,2.2017436027526855,1.8241311311721802,1.8045567274093628,0.01957443542778492,1.0280641317367554,0.7764925956726074,0.44013532996177673,2.9276901614139206e-07,0.3363569676876068,0.5903915762901306,7.206585157104998e-24,0.5903915762901306,1.765864372253418,1.5746368169784546,0.6528871059417725,0.6797662973403931,55.95326232910156,1.4824427366256714,0.06603081524372101,1.5118087530136108,0.6086851954460144,0.46510905027389526,0.46516484022140503
74,train,3,1.0,1.0,3,PVC_10_180,17,0.4749999940395355,11875.0,13.86240005493164,2.481191635131836,1.9755234718322754,1.9851150512695312,-0.009591549634933472,1.1421175003051758,0.8429974913597107,0.47587350010871887,3.144156721646141e-07,0.36712366342544556,0.6261906623840332,1.0895943249278015e-23,0.6261906623840332,1.760701298713684,1.5652292966842651,0.6423969864845276,0.6670430302619934,53.408607482910156,1.4585814476013184,0.062472835183143616,1.4859179258346558,0.6045612692832947,0.46634864807128906,0.4664027690887451
75,train,3,1.0,1.0,3,PVC_10_180,18,0.5,12500.0,15.359999656677246,2.5872838497161865,2.123502254486084,2.170581340789795,-0.047079190611839294,1.2604681253433228,0.9101132750511169,0.5118777751922607,3.353800082095404e-07,0.39823514223098755,0.6609118580818176,3.6900772493286525e-22,0.6609118580818176,1.7536946535110474,1.5573760271072388,0.6318204402923584,0.6554343104362488,51.08686828613281,1.4318888187408447,0.05946632847189903,1.4574335813522339,0.601385235786438,0.4677257537841797,0.46787089109420776
76,train,0,1.0,1.0,4,Rguijiao_20_0,0,0.05000000074505806,1250.0,0.5408450961112976,0.0793856531381607,0.08230266720056534,0.07854565978050232,0.003757007420063019,0.01238105446100235,0.06616460531949997,0.0024229162372648716,0.016074754297733307,0.04766693338751793,0.0008497143280692399,0.012034342624247074,0.012034342624247074,1.7225812673568726,1.8163654804229736,0.8241193890571594,0.9132076501846313,102.64153289794922,1.530335783958435,0.14080429077148438,1.594979166984558,0.7149518728256226,0.8977071642875671,2.193803310394287
77,train,0,1.0,1.0,4,Rguijiao_20_0,1,0.07500000298023224,1875.0,1.216901421546936,0.06598012149333954,0.07301841676235199,0.08069003373384476,-0.007671619765460491,0.02858814038336277,0.05210189148783684,0.005572380032390356,0.018193015828728676,0.02833649516105652,0.002076980657875538,0.024730108678340912,0.024730108678340912,1.7677690982818604,1.536712408065796,0.7452782392501831,0.9264792203903198,105.29583740234375,1.7091922760009766,0.21608199179172516,1.8199899196624756,0.7569955587387085,0.5172266364097595,0.6004000902175903
78,train,0,1.0,1.0,4,Rguijiao_20_0,2,0.10000000149011612,2500.0,2.1633803844451904,0.13217772543430328,0.11026772856712341,0.1263895481824875,-0.016121821478009224,0.05197669565677643,0.07441285252571106,0.010859290137887001,0.02657213993370533,0.03698141872882843,0.004223970230668783,0.03916126862168312,0.03916126862168312,1.8078848123550415,1.45316743850708,0.6763788461685181,0.9396970868110657,107.93941497802734,1.6944677829742432,0.2250390499830246,1.8088641166687012,0.8829101920127869,0.49818843603134155,0.4689652919769287
79,train,0,1.0,1.0,4,Rguijiao_20_0,3,0.125,3125.0,3.380281686782837,0.19640156626701355,0.16473425924777985,0.19079649448394775,-0.026062237098813057,0.08193591237068176,0.10886058211326599,0.01816767454147339,0.0368790440261364,0.053813859820365906,0.008221819996833801,0.053746797144412994,0.053746797144412994,1.8239645957946777,1.4140511751174927,0.6290807127952576,0.9483026266098022,109.66053009033203,1.6675746440887451,0.19577109813690186,1.76551353931427,0.9953593015670776,0.5009516477584839,0.4598505198955536
80,val,0,1.0,1.0,4,Rguijiao_20_0,4,0.15000000596046448,3750.0,4.867605686187744,0.2594616115093231,0.2305798977613449,0.26898831129074097,-0.03840840980410576,0.1185188889503479,0.15046942234039307,0.027229975908994675,0.04902923107147217,0.07421020418405533,0.01782258413732052,0.06770908087491989,0.06770908087491989,1.8321759700775146,1.3878326416015625,0.5979468822479248,0.9432054162025452,108.6410903930664,1.6463006734848022,0.16926120221614838,1.729897141456604,1.0773183107376099,0.5059776902198792,0.45793354511260986
81,train,0,1.0,1.0,4,Rguijiao_20_0,5,0.17499999701976776,4375.0,6.625351905822754,0.35800719261169434,0.30766159296035767,0.36125946044921875,-0.05359786003828049,0.1622011810541153,0.19905826449394226,0.03802037611603737,0.06306939572095871,0.09796849638223648,0.0833248496055603,0.08086365461349487,0.08086365461349487,1.8422138690948486,1.3674921989440918,0.5764775276184082,0.8541660308837891,90.83320617675781,1.6313213109970093,0.15037284791469574,1.7049132585525513,1.1380199193954468,0.5107540488243103,0.45736393332481384
82,train,0,1.0,1.0,4,Rguijiao_20_0,6,0.20000000298023224,5000.0,8.653521537780762,0.47495365142822266,0.39601320028305054,0.46784138679504395,-0.07182817906141281,0.2133425921201706,0.25449877977371216,0.05059359222650528,0.07892452925443649,0.12498066574335098,0.23541828989982605,0.09331627935171127,0.09331627935171127,1.8551527261734009,1.3501965999603271,0.5605323910713196,0.7266942262649536,65.3388442993164,1.620686411857605,0.13680696487426758,1.68720281124115,1.1866095066070557,0.515069305896759,0.45719048380851746
83,train,0,1.0,1.0,4,Rguijiao_20_0,7,0.22499999403953552,5625.0,10.952113151550293,0.5159441232681274,0.49561142921447754,0.5888304114341736,-0.09321898967027664,0.2722206115722656,0.31660979986190796,0.06500743329524994,0.09648413956165314,0.15511824190616608,0.33878958225250244,0.10526465624570847,0.10526465624570847,1.87032949924469,1.3345831632614136,0.5478520393371582,0.6701484322547913,54.029693603515625,1.6128007173538208,0.1265101134777069,1.6740113496780396,1.2283740043640137,0.5190417766571045,0.4571645259857178
84,train,0,1.0,1.0,4,Rguijiao_20_0,8,0.25,6250.0,13.521126747131348,0.5834466218948364,0.6064192652702332,0.724265456199646,-0.11784621328115463,0.3390790522098541,0.3851863741874695,0.08130600303411484,0.115633025765419,0.18824735283851624,0.4210447072982788,0.11690676212310791,0.11690676212310791,1.887048602104187,1.320002794265747,0.5371980667114258,0.6344692707061768,46.893856048583984,1.6066077947616577,0.11820760369300842,1.6635817289352417,1.2660776376724243,0.5227899551391602,0.4572025239467621
85,train,0,1.0,1.0,4,Rguijiao_20_0,9,0.2750000059604645,6875.0,16.360563278198242,0.8144222497940063,0.7284095287322998,0.8741563558578491,-0.1457468420267105,0.4141418933868408,0.4600144624710083,0.09951601177453995,0.1362592726945877,0.22423918545246124,0.4909791052341461,0.1284092366695404,0.1284092366695404,1.9047847986221313,1.3061726093292236,0.5278667211532593,0.6089425683021545,41.788509368896484,1.6014103889465332,0.11116593331098557,1.65481698513031,1.3011090755462646,0.5263863205909729,0.45727166533470154
86,train,0,1.0,1.0,4,Rguijiao_20_0,10,0.30000001192092896,7500.0,19.470422744750977,0.9322099089622498,0.8615727424621582,1.0384891033172607,-0.17691636085510254,0.49761149287223816,0.5408775806427002,0.11964420974254608,0.15825620293617249,0.2629771828651428,0.552803099155426,0.13990218937397003,0.13990218937397003,1.9231362342834473,1.2930103540420532,0.5194443464279175,0.5894266963005066,37.88533401489258,1.5967220067977905,0.10498053580522537,1.6470093727111816,1.3340983390808105,0.5298584699630737,0.4573579430580139
87,val,0,1.0,1.0,4,Rguijiao_20_0,11,0.32499998807907104,8125.0,22.850704193115234,0.985845148563385,1.005920648574829,1.2172244787216187,-0.21130380034446716,0.5896605253219604,0.6275639533996582,0.14167520403862,0.18152405321598053,0.3043646812438965,0.6090114116668701,0.15148326754570007,0.15148326754570007,1.9417686462402344,1.2805554866790771,0.5116833448410034,0.5738567113876343,34.77134704589844,1.5921783447265625,0.09945101290941238,1.6396815776824951,1.3652303218841553,0.533196210861206,0.45745497941970825
88,train,0,1.0,1.0,4,Rguijiao_20_0,12,0.3499999940395355,8750.0,26.501407623291016,1.1948415040969849,1.1614818572998047,1.4102904796600342,-0.2488086074590683,0.690419614315033,0.7198708653450012,0.16556833684444427,0.20597060024738312,0.34833192825317383,0.6612422466278076,0.1632239818572998,0.1632239818572998,1.960375189781189,1.2689307928085327,0.5044366121292114,0.5610531568527222,32.210636138916016,1.5874793529510498,0.09450600296258926,1.632487177848816,1.394408941268921,0.5363565683364868,0.4575601816177368
89,train,0,1.0,1.0,4,Rguijiao_20_0,13,0.375,9375.0,30.422534942626953,1.4401521682739258,1.3282960653305054,1.6175777912139893,-0.2892817556858063,0.7999662160873413,0.8176116347312927,0.19125555455684662,0.23151259124279022,0.3948434889316559,0.7106358408927917,0.1751757562160492,0.1751757562160492,1.9786603450775146,1.2583239078521729,0.49762165546417236,0.5502814054489136,30.056276321411133,1.5823553800582886,0.09015245735645294,1.62515127658844,1.4213531017303467,0.5392688512802124,0.4576726257801056
90,val,0,1.0,1.0,4,Rguijiao_20_0,14,0.4000000059604645,10000.0,34.61408615112305,1.5939713716506958,1.5063989162445068,1.8389277458190918,-0.33252885937690735,0.9183100461959839,0.9206176996231079,0.2186378389596939,0.2580767273902893,0.4439031481742859,0.7580162286758423,0.1873747855424881,0.1873747855424881,1.9963258504867554,1.2489742040634155,0.4911993741989136,0.5410550832748413,28.211017608642578,1.576543927192688,0.08644027262926102,1.6174269914627075,1.4456523656845093,0.5418407320976257,0.45779258012771606
91,train,0,1.0,1.0,4,Rguijiao_20_0,15,0.42500001192092896,10625.0,39.07605743408203,1.847556233406067,1.6957989931106567,2.0741167068481445,-0.3783177137374878,1.0453815460205078,1.0287351608276367,0.24758072197437286,0.28559932112693787,0.49555516242980957,0.803994357585907,0.19984598457813263,0.19984598457813263,2.013070821762085,1.241166591644287,0.4851585626602173,0.5330373644828796,26.607471466064453,1.5697704553604126,0.08342825621366501,1.609059453010559,1.466808795928955,0.54396653175354,0.4579211473464966
92,val,0,1.0,1.0,4,Rguijiao_20_0,16,0.44999998807907104,11250.0,43.80845260620117,1.9395111799240112,1.8964470624923706,2.3228323459625244,-0.4263853132724762,1.1810249090194702,1.1418074369430542,0.27790597081184387,0.31402358412742615,0.5498778820037842,0.8490321040153503,0.21260574460029602,0.21260574460029602,2.0285990238189697,1.235221266746521,0.47950422763824463,0.5259861946105957,25.19723892211914,1.5617327690124512,0.08115144819021225,1.599753737449646,1.4842658042907715,0.5455388426780701,0.4580596387386322
93,val,0,1.0,1.0,4,Rguijiao_20_0,17,0.4749999940395355,11875.0,48.8112678527832,2.0250658988952637,2.10819411277771,2.5846452713012695,-0.47645121812820435,1.3249961137771606,1.2596490383148193,0.30938223004341125,0.3432973027229309,0.60696941614151,0.8934834003448486,0.2256641983985901,0.2256641983985901,2.0426290035247803,1.2314790487289429,0.4742485284805298,0.519722580909729,23.944515228271484,1.5520929098129272,0.07959862053394318,1.589156150817871,1.4974462985992432,0.5464649796485901,0.45821014046669006
94,train,0,1.0,1.0,4,Rguijiao_20_0,18,0.5,12500.0,54.08450698852539,2.1159510612487793,2.330728769302368,2.858961343765259,-0.5282325744628906,1.4769601821899414,1.3820011615753174,0.34171244502067566,0.37336888909339905,0.6669198274612427,0.9382701516151428,0.23902688920497894,0.23902688920497894,2.054901123046875,1.2302817106246948,0.46940428018569946,0.5142316222190857,22.84632110595703,1.5404729843139648,0.07869096100330353,1.5768393278121948,1.505793571472168,0.5466858148574829,0.45837435126304626
95,train,0,1.0,1.0,5,Rguijiao_20_180,0,0.05000000074505806,1250.0,0.5408450961112976,0.03256566822528839,0.043280038982629776,0.03920703008770943,0.004073010291904211,0.010786286555230618,0.028420742601156235,0.007242955733090639,1.743322286529292e-08,0.02117776870727539,0.014045508578419685,4.771743885034999e-23,0.014045508578419685,1.5007004737854004,1.9956576824188232,0.9135012626647949,0.9817633032798767,116.3526611328125,0.6269465088844299,0.04786214232444763,0.6359485983848572,0.7609331011772156,1.503697395324707,2.2249016761779785
96,train,0,1.0,1.0,5,Rguijiao_20_180,1,0.07500000298023224,1875.0,1.216901421546936,0.1428789347410202,0.1614982783794403,0.15379288792610168,0.007705392315983772,0.02488580346107483,0.12890708446502686,0.02801918238401413,3.240700152673526e-08,0.10088787227869034,0.034756336361169815,9.746242062107351e-23,0.034756336361169815,1.5388323068618774,1.8927240371704102,0.9077017903327942,0.955812931060791,111.16258239746094,1.4486652612686157,0.11579220741987228,1.4989886283874512,0.5852293372154236,0.5592777729034424,2.1072185039520264
97,train,0,1.0,1.0,5,Rguijiao_20_180,2,0.10000000149011612,2500.0,2.1633803844451904,0.154811292886734,0.17051056027412415,0.16396135091781616,0.006549214944243431,0.0462927520275116,0.11766860634088516,0.05308939144015312,4.898894445659607e-08,0.06457916647195816,0.06915778666734695,1.5577213465954122e-22,0.06915778666734695,1.6101824045181274,1.8093453645706177,0.8376221060752869,0.9151419997215271,103.02839660644531,1.6357101202011108,0.169369176030159,1.7188218832015991,0.5690286159515381,0.47015124559402466,0.6921795606613159
98,train,0,1.0,1.0,5,Rguijiao_20_180,3,0.125,3125.0,3.380281686782837,0.3438483476638794,0.2426021695137024,0.23083122074604034,0.011770952492952347,0.07484365999698639,0.15598756074905396,0.08396770805120468,7.021810688456753e-08,0.0720197930932045,0.11730728298425674,3.3007464984804745e-22,0.11730728298425674,1.666084885597229,1.7950336933135986,0.7792777419090271,0.8628255128860474,92.56509399414062,1.6454836130142212,0.18935544788837433,1.7389581203460693,0.5738643407821655,0.461865097284317,0.49220818281173706
99,train,0,1.0,1.0,5,Rguijiao_20_180,4,0.15000000596046448,3750.0,4.867605686187744,0.366254061460495,0.3462147116661072,0.3264339566230774,0.019780747592449188,0.10988903790712357,0.21654492616653442,0.11935379356145859,9.385475152612344e-08,0.09719102829694748,0.17116811871528625,3.0512473384256006e-22,0.17116811871528625,1.6987676620483398,1.7893447875976562,0.7386186718940735,0.8097938895225525,81.95877838134766,1.62699294090271,0.17690381407737732,1.7133393287658691,0.576759934425354,0.46052804589271545,0.46966153383255005
100,val,0,1.0,1.0,5,Rguijiao_20_180,5,0.17499999701976776,4375.0,6.625351905822754,0.5469441413879395,0.465013712644577,0.4366554319858551,0.02835828810930252,0.1514025628566742,0.2852528691291809,0.15793684124946594,1.1963787471813703e-07,0.1273159235715866,0.22271017730236053,4.1042529535057127e-22,0.22271017730236053,1.719567894935608,1.7795031070709229,0.7098895907402039,0.7638893723487854,72.77787780761719,1.6032642126083374,0.15572568774223328,1.678165078163147,0.5756422877311707,0.46068963408470154,0.4640362858772278
101,val,0,1.0,1.0,5,Rguijiao_20_180,6,0.20000000298023224,5000.0,8.653521537780762,0.6811033487319946,0.596524715423584,0.5597459673881531,0.036778777837753296,0.19963645935058594,0.36010950803756714,0.19913291931152344,1.4751519472611108e-07,0.16097645461559296,0.269457072019577,5.165577832583413e-22,0.269457072019577,1.7359689474105835,1.7658839225769043,0.6885700225830078,0.7262254357337952,65.24508666992188,1.5796294212341309,0.1351764053106308,1.6436880826950073,0.5717158317565918,0.46130383014678955,0.4621675908565521
102,train,0,1.0,1.0,5,Rguijiao_20_180,7,0.22499999403953552,5625.0,10.952113151550293,0.8595311641693115,0.7395134568214417,0.694805383682251,0.04470806196331978,0.2548210322856903,0.4399843215942383,0.2424091100692749,1.7709099608964607e-07,0.19757503271102905,0.31184452772140503,6.088031133035027e-22,0.31184452772140503,1.7507833242416382,1.749236822128296,0.671546995639801,0.6954247355461121,59.08494186401367,1.5566149950027466,0.11663985997438431,1.611083984375,0.5663642883300781,0.4620918035507202,0.46161404252052307
103,val,0,1.0,1.0,5,Rguijiao_20_180,8,0.25,6250.0,13.521126747131348,0.9238037467002869,0.8924111723899841,0.8407207131385803,0.05169046297669411,0.3171033263206482,0.5236173868179321,0.28711068630218506,2.0772198183749424e-07,0.23650649189949036,0.35095101594924927,4.4343872033728714e-23,0.35095101594924927,1.7647488117218018,1.7297616004943848,0.6569083333015442,0.6699312329292297,53.986244201660156,1.533530354499817,0.09966538846492767,1.579382300376892,0.5604987144470215,0.4629821181297302,0.4617089331150055
104,train,0,1.0,1.0,5,Rguijiao_20_180,9,0.2750000059604645,6875.0,16.360563278198242,1.1566203832626343,1.0531278848648071,0.9961355924606323,0.0569922998547554,0.38652047514915466,0.6096150875091553,0.33252090215682983,2.3863782416810864e-07,0.27709394693374634,0.3877774477005005,1.5124849068464185e-22,0.3877774477005005,1.7777440547943115,1.7076382637023926,0.6435031890869141,0.6485117077827454,49.702335357666016,1.5094494819641113,0.08360573649406433,1.547309160232544,0.5547015070915222,0.4639703929424286,0.4622398912906647
105,train,0,1.0,1.0,5,Rguijiao_20_180,10,0.30000001192092896,7500.0,19.470422744750977,1.4060606956481934,1.2190780639648438,1.1595436334609985,0.059534408152103424,0.46294763684272766,0.6965960264205933,0.37796205282211304,2.6904382366410573e-07,0.31863367557525635,0.42311134934425354,2.1849816341358754e-22,0.42311134934425354,1.789169430732727,1.6834014654159546,0.6306494474411011,0.6302563548088074,46.05126953125,1.4834007024765015,0.0679265484213829,1.51362943649292,0.5493854880332947,0.46507740020751953,0.46314889192581177
106,train,0,1.0,1.0,5,Rguijiao_20_180,11,0.32499998807907104,8125.0,22.850704193115234,1.4605861902236938,1.3873202800750732,1.32943594455719,0.05788438022136688,0.5460482835769653,0.7833876609802246,0.42290180921554565,2.9825216074641503e-07,0.3604855239391327,0.4575432538986206,2.0516508882903167e-22,0.4575432538986206,1.7981523275375366,1.6581491231918335,0.6180059909820557,0.6144993305206299,42.899864196777344,1.4544192552566528,0.05226301774382591,1.4772229194641113,0.5448563694953918,0.4663313329219818,0.4644406735897064
107,train,0,1.0,1.0,5,Rguijiao_20_180,12,0.3499999940395355,8750.0,26.501407623291016,1.5938189029693604,1.5548821687698364,1.5045156478881836,0.05036654323339462,0.6352763175964355,0.869239330291748,0.46705174446105957,3.2583716347289737e-07,0.4021872878074646,0.49150949716567993,1.0935382981323264e-22,0.49150949716567993,1.8038015365600586,1.6335891485214233,0.6055240035057068,0.60074782371521,40.14957046508789,1.421638011932373,0.03645101934671402,1.4371840953826904,0.5413179397583008,0.46775445342063904,0.4661392867565155
108,train,0,1.0,1.0,5,Rguijiao_20_180,13,0.375,9375.0,30.422534942626953,1.7949695587158203,1.7193224430084229,1.683973789215088,0.03534870594739914,0.7299842834472656,0.9539895057678223,0.5104344487190247,3.517581319556484e-07,0.44355472922325134,0.5253316760063171,1.495270447281558e-22,0.5253316760063171,1.8055648803710938,1.6118569374084473,0.5933905839920044,0.588631272315979,37.72625732421875,1.3844765424728394,0.020565034821629524,1.393018126487732,0.5388562679290771,0.46935099363327026,0.468252569437027
109,train,0,1.0,1.0,5,Rguijiao_20_180,14,0.4000000059604645,10000.0,34.61408615112305,1.8172143697738647,1.879411220550537,1.867755651473999,0.011655558831989765,0.829643189907074,1.0381124019622803,0.5533984303474426,3.763839515613654e-07,0.48471367359161377,0.5592469573020935,1.9560245382707015e-22,0.5592469573020935,1.8035719394683838,1.5950950384140015,0.5819262266159058,0.5778660178184509,35.57320785522461,1.3428890705108643,0.004943051375448704,1.3448805809020996,0.5374355316162109,0.4710998237133026,0.4707319736480713
110,train,0,1.0,1.0,5,Rguijiao_20_180,15,0.42500001192092896,10625.0,39.07605743408203,1.9982558488845825,2.0355172157287598,2.0566279888153076,-0.021110691130161285,0.9341036677360535,1.1225242614746094,0.5965293049812317,4.0035362758317206e-07,0.5259944796562195,0.593430757522583,4.209740443493825e-22,0.593430757522583,1.7987853288650513,1.5848612785339355,0.5714358687400818,0.5682315826416016,33.64631271362305,1.2975183725357056,-0.009875616990029812,1.2936742305755615,0.5369285345077515,0.47295764088630676,0.4734410345554352
111,train,0,1.0,1.0,5,Rguijiao_20_180,16,0.44999998807907104,11250.0,43.80845260620117,2.1439406871795654,2.1892096996307373,2.2518017292022705,-0.06259208917617798,1.043771505355835,1.2080302238464355,0.6403888463973999,4.242569389134587e-07,0.567641019821167,0.6280124187469482,7.673410321620723e-23,0.6280124187469482,1.7928444147109985,1.581559181213379,0.5620676279067993,0.5595534443855286,31.910694122314453,1.2495168447494507,-0.02335537038743496,1.2407619953155518,0.5371845960617065,0.47487738728523254,0.4761607348918915
112,train,0,1.0,1.0,5,Rguijiao_20_180,17,0.4749999940395355,11875.0,48.8112678527832,2.1708872318267822,2.342231512069702,2.454192638397217,-0.11196111887693405,1.15957510471344,1.2946174144744873,0.6851555109024048,4.482867268507107e-07,0.6094613671302795,0.6630873680114746,1.0249265592317644e-21,0.6630873680114746,1.787614107131958,1.584228277206421,0.5537612438201904,0.5516924262046814,30.33848762512207,1.2000876665115356,-0.03519558534026146,1.1874163150787354,0.5380961894989014,0.47683200240135193,0.4786487817764282
113,train,0,1.0,1.0,5,Rguijiao_20_180,18,0.5,12500.0,54.08450698852539,2.288050651550293,2.4958248138427734,2.663896083831787,-0.16807115077972412,1.2826762199401855,1.3812199831008911,0.7304713129997253,4.7216181542353297e-07,0.6507481932640076,0.6987252831459045,1.5449125679011279e-21,0.6987252831459045,1.784592866897583,1.5909345149993896,0.5463321208953857,0.544535219669342,28.90704917907715,1.1501802206039429,-0.04541141912341118,1.13451087474823,0.5396111607551575,0.4788209795951843,0.48071837425231934
114,train,0,1.0,1.0,6,Rguijiao_10_0,0,0.05000000074505806,1250.0,0.5408450961112976,0.032475970685482025,0.018200131133198738,0.017131851986050606,0.0010682794963940978,0.01083837915211916,0.006293472833931446,0.0009023177553899586,0.0020692148245871067,0.003321940079331398,0.007022754289209843,0.006017171312123537,0.006017171312123537,1.5079482793807983,2.071904420852661,0.7227541208267212,0.6977755427360535,59.55510711669922,0.1997135877609253,-0.12664587795734406,0.19212570786476135,0.6044676303863525,1.917911410331726,2.2253856658935547
115,train,0,1.0,1.0,6,Rguijiao_10_0,1,0.07500000298023224,1875.0,1.216901421546936,0.01790078543126583,0.050361547619104385,0.052714888006448746,-0.0023533394560217857,0.025482600554823875,0.02723228745162487,0.0034971891436725855,0.0070147085934877396,0.01672038994729519,0.017378168180584908,0.012365054339170456,0.012365054339170456,1.5757356882095337,2.592449188232422,0.7021975517272949,0.6890503168106079,57.810062408447266,0.3564552664756775,-0.12023994326591492,0.3435972034931183,0.46531328558921814,1.329158067703247,2.2247061729431152
116,train,0,1.0,1.0,6,Rguijiao_10_0,2,0.10000000149011612,2500.0,2.1633803844451904,0.07656078040599823,0.19091832637786865,0.21427428722381592,-0.023355968296527863,0.04648918658494949,0.16778509318828583,0.0256620105355978,0.020636720582842827,0.1214863583445549,0.03457889333367348,0.01958063431084156,0.01958063431084156,1.6170148849487305,3.6701159477233887,0.7146235704421997,0.6682419776916504,53.64839553833008,1.0171737670898438,0.060132354497909546,1.0355232954025269,0.45015254616737366,0.5065617561340332,2.1310641765594482
117,train,0,1.0,1.0,6,Rguijiao_10_0,3,0.125,3125.0,3.380281686782837,0.23806096613407135,0.2315678745508194,0.24052700400352478,-0.008959134109318256,0.0719299167394638,0.16859708726406097,0.057334110140800476,0.0410015769302845,0.0702614039182663,0.05865364149212837,0.026873398572206497,0.026873398572206497,1.6012225151062012,3.4985268115997314,0.7100530862808228,0.6360481977462769,47.20964050292969,1.4970531463623047,0.12575508654117584,1.5535317659378052,0.4500869810581207,0.4533076882362366,0.551569402217865
118,train,0,1.0,1.0,6,Rguijiao_10_0,4,0.15000000596046448,3750.0,4.867605686187744,0.1772611141204834,0.2187272310256958,0.21842822432518005,0.0002990009088534862,0.08990239351987839,0.12852583825588226,0.04895570129156113,0.02987460419535637,0.049695536494255066,0.08558405935764313,0.033854540437459946,0.033854540437459946,1.3897954225540161,2.2931036949157715,0.6147125959396362,0.6019469499588013,40.38938522338867,1.381839394569397,-0.028285246342420578,1.370113730430603,0.46168866753578186,0.45832759141921997,0.46866583824157715
119,val,0,1.0,1.0,6,Rguijiao_10_0,5,0.17499999701976776,4375.0,6.625351905822754,0.18364696204662323,0.2509884536266327,0.25404131412506104,-0.003052858170121908,0.11944898962974548,0.13459233939647675,0.054269395768642426,0.02880019135773182,0.05152275413274765,0.11135508865118027,0.040431827306747437,0.040431827306747437,1.3566522598266602,1.9142577648162842,0.5624183416366577,0.5731584429740906,34.63169479370117,1.2716668844223022,-0.05324670672416687,1.2513532638549805,0.49318215250968933,0.465359091758728,0.468221515417099
120,train,0,1.0,1.0,6,Rguijiao_10_0,6,0.20000000298023224,5000.0,8.653521537780762,0.3012953996658325,0.31146785616874695,0.3175389766693115,-0.006071112584322691,0.15685075521469116,0.16068822145462036,0.06729154288768768,0.032602861523628235,0.060793809592723846,0.1347285360097885,0.04665813967585564,0.04665813967585564,1.3639193773269653,1.8029133081436157,0.5378444194793701,0.5506797432899475,30.13594627380371,1.2098376750946045,-0.040002986788749695,1.1953184604644775,0.5204160809516907,0.4688018262386322,0.4701642096042633
121,val,0,1.0,1.0,6,Rguijiao_10_0,7,0.22499999403953552,5625.0,10.952113151550293,0.3997516632080078,0.38519296050071716,0.39386099576950073,-0.008668044582009315,0.1997261792421341,0.19413483142852783,0.08325763046741486,0.037972744554281235,0.07290446013212204,0.15592226386070251,0.05263232812285423,0.05263232812285423,1.3722463846206665,1.7626453638076782,0.5226463079452515,0.5332548022270203,26.650957107543945,1.1618775129318237,-0.023087991401553154,1.15382981300354,0.5390897989273071,0.47043660283088684,0.4720533490180969
122,train,0,1.0,1.0,6,Rguijiao_10_0,8,0.25,6250.0,13.521126747131348,0.3755049407482147,0.46575042605400085,0.47799360752105713,-0.012243171222507954,0.24734054505825043,0.2306530475616455,0.10059360414743423,0.04382103681564331,0.08623841404914856,0.17547550797462463,0.058453381061553955,0.058453381061553955,1.3765039443969727,1.7500431537628174,0.5107011795043945,0.5195333957672119,23.90667724609375,1.1118385791778564,-0.007822216488420963,1.1092294454574585,0.552750289440155,0.47149208188056946,0.47387009859085083
123,train,0,1.0,1.0,6,Rguijiao_10_0,9,0.2750000059604645,6875.0,16.360563278198242,0.5174230337142944,0.546271562576294,0.5654637813568115,-0.019192226231098175,0.298971027135849,0.2664927840232849,0.11777949333190918,0.04936501756310463,0.0993482694029808,0.19388872385025024,0.0642046183347702,0.0642046183347702,1.3750733137130737,1.7522279024124146,0.5000438690185547,0.5085000395774841,21.700002670288086,1.0500314235687256,0.0023893928155303,1.0507841110229492,0.5639088749885559,0.47266170382499695,0.4756631553173065
124,train,0,1.0,1.0,6,Rguijiao_10_0,10,0.30000001192092896,7500.0,19.470422744750977,0.7263884544372559,0.618598222732544,0.650835394859314,-0.03223716467618942,0.3540577292442322,0.2967776656150818,0.1326199769973755,0.05379534140229225,0.11036235094070435,0.21155567467212677,0.06995109468698502,0.06995109468698502,1.368338942527771,1.763649344444275,0.49029064178466797,0.49944519996643066,19.889041900634766,0.9701331853866577,0.0033100051805377007,0.9710965156555176,0.5735886693000793,0.4745507538318634,0.47732314467430115
125,train,0,1.0,1.0,6,Rguijiao_10_0,11,0.32499998807907104,8125.0,22.850704193115234,0.856721043586731,0.6794923543930054,0.7312033772468567,-0.051711004227399826,0.4126144349575043,0.3185889422893524,0.14361226558685303,0.05683421716094017,0.11814245581626892,0.2287716269493103,0.07574163377285004,0.07574163377285004,1.358750820159912,1.781004786491394,0.4822026491165161,0.491877019405365,18.37540626525879,0.8761844038963318,-0.005397066008299589,0.8747657537460327,0.5818040370941162,0.4774913191795349,0.47862038016319275
126,train,0,1.0,1.0,6,Rguijiao_10_0,12,0.3499999940395355,8750.0,26.501407623291016,0.7031731605529785,0.7348217368125916,0.8096473217010498,-0.07482559233903885,0.4749196469783783,0.3347276747226715,0.15180853009223938,0.05918898060917854,0.12373016029596329,0.24575474858283997,0.0816119909286499,0.0816119909286499,1.3484852313995361,1.8034422397613525,0.47665613889694214,0.4854499101638794,17.08997917175293,0.7826327681541443,-0.01688048057258129,0.7786694169044495,0.5883198380470276,0.48123031854629517,0.47950467467308044
127,train,0,1.0,1.0,6,Rguijiao_10_0,13,0.375,9375.0,30.422534942626953,0.7567718625068665,0.7913722395896912,0.8904869556427002,-0.09911470860242844,0.5408177375793457,0.3496692478656769,0.15918678045272827,0.061650436371564865,0.12883202731609344,0.26266583800315857,0.0875878781080246,0.0875878781080246,1.3376747369766235,1.8302894830703735,0.47347402572631836,0.4799163043498993,15.983262062072754,0.7000150084495544,-0.024228528141975403,0.694926917552948,0.5933272242546082,0.48531898856163025,0.4801878035068512
128,train,0,1.0,1.0,6,Rguijiao_10_0,14,0.4000000059604645,10000.0,34.61408615112305,0.926590085029602,0.8512244820594788,0.9749158024787903,-0.12369130551815033,0.6096688508987427,0.3652469515800476,0.16663877665996552,0.0644504576921463,0.1341577023267746,0.27962347865104675,0.09368739277124405,0.09368739277124405,1.3253669738769531,1.8597064018249512,0.47194725275039673,0.475095272064209,15.019055366516113,0.629883348941803,-0.025663625448942184,0.6250338554382324,0.597333550453186,0.4895232915878296,0.4809017777442932
129,train,0,1.0,1.0,6,Rguijiao_10_0,15,0.42500001192092896,10625.0,39.07605743408203,0.9616321325302124,0.9138580560684204,1.0621893405914307,-0.14833125472068787,0.6807848215103149,0.3814045786857605,0.17420803010463715,0.06750822067260742,0.13968831300735474,0.2967153787612915,0.09992299228906631,0.09992299228906631,1.31097412109375,1.889978051185608,0.4715001583099365,0.4708518087863922,14.17035961151123,0.5700727105140686,-0.02245119959115982,0.5662330389022827,0.6008237600326538,0.4938030242919922,0.4817691445350647
130,train,0,1.0,1.0,6,Rguijiao_10_0,16,0.44999998807907104,11250.0,43.80845260620117,1.140575885772705,0.978495717048645,1.1514456272125244,-0.1729499101638794,0.7536942362785339,0.3977513611316681,0.18176661431789398,0.07071779668331146,0.14526695013046265,0.3140062093734741,0.10630287230014801,0.10630287230014801,1.2945902347564697,1.920101523399353,0.4717835783958435,0.46708327531814575,13.416654586791992,0.51842200756073,-0.016394300386309624,0.5158722400665283,0.6041315793991089,0.4981995224952698,0.4828188121318817
131,train,0,1.0,1.0,6,Rguijiao_10_0,17,0.4749999940395355,11875.0,48.8112678527832,1.0781452655792236,1.044811487197876,1.2423245906829834,-0.19751311838626862,0.828173816204071,0.41415077447891235,0.1892848163843155,0.07403832674026489,0.15082763135433197,0.3315436840057373,0.11283209919929504,0.11283209919929504,1.2767221927642822,1.9495738744735718,0.47258657217025757,0.46371036767959595,12.742074966430664,0.473537415266037,-0.00893192458897829,0.4722685217857361,0.6074473261833191,0.5027685165405273,0.48403164744377136
132,train,0,1.0,1.0,6,Rguijiao_10_0,18,0.5,12500.0,54.08450698852539,1.1654129028320312,1.1128809452056885,1.334928035736084,-0.22204706072807312,0.9042013883590698,0.43072667717933655,0.19683949649333954,0.07748398184776306,0.15640321373939514,0.34936264157295227,0.11951344460248947,0.11951344460248947,1.2580193281173706,1.978123426437378,0.4737641513347626,0.4606708288192749,12.13416576385498,0.43453139066696167,-0.0010367032373324037,0.43439623713493347,0.6108598709106445,0.5075502991676331,0.48537227511405945
133,train,0,1.0,1.0,7,Rguijiao_10_180,0,0.05000000074505806,1250.0,0.5408450961112976,0.07105152308940887,0.03897629305720329,0.032713793218135834,0.006262499839067459,0.0102735860273242,0.02244020625948906,0.01036118809133768,7.548886848951497e-09,0.012079010717570782,0.007022754289209843,2.3858719425174996e-23,0.007022754289209843,1.4293683767318726,1.8711342811584473,0.9171397089958191,0.9817633032798767,116.3526611328125,0.7685290575027466,0.022074945271015167,0.7736185789108276,1.9087384939193726,1.1372228860855103,2.2251956462860107
134,train,0,1.0,1.0,7,Rguijiao_10_180,1,0.07500000298023224,1875.0,1.216901421546936,0.12306200712919235,0.11904395371675491,0.10480628907680511,0.014237663708627224,0.022288750857114792,0.08251753449440002,0.035822752863168716,1.3420863531621308e-08,0.04669477045536041,0.017378168180584908,4.8731210310536756e-23,0.017378168180584908,1.3782415390014648,1.6700562238693237,0.9107858538627625,0.955812931060791,111.16258239746094,1.6214582920074463,0.044876597821712494,1.643288016319275,1.5470359325408936,0.4772730767726898,2.0165531635284424
135,train,0,1.0,1.0,7,Rguijiao_10_180,2,0.10000000149011612,2500.0,2.1633803844451904,0.1277802288532257,0.12232552468776703,0.11131206154823303,0.011013459414243698,0.04319468513131142,0.06811738014221191,0.04487032815814018,2.175082869371181e-08,0.02324702963232994,0.03457889333367348,7.788606732977061e-23,0.03457889333367348,1.502423644065857,1.6526906490325928,0.8205949664115906,0.9151419997215271,103.02839660644531,1.6929378509521484,0.11489614099264145,1.7512915134429932,1.033517599105835,0.45789602398872375,0.5354588031768799
136,train,0,1.0,1.0,7,Rguijiao_10_180,3,0.125,3125.0,3.380281686782837,0.20696482062339783,0.1769130527973175,0.16066226363182068,0.016250787302851677,0.0718979686498642,0.08876429498195648,0.056824564933776855,3.1648276888063265e-08,0.03193970024585724,0.05865364149212837,1.6503732492402373e-22,0.05865364149212837,1.6005111932754517,1.6690398454666138,0.7642211318016052,0.8628255128860474,92.56509399414062,1.6688868999481201,0.13510453701019287,1.7365292310714722,0.8365195393562317,0.4572273790836334,0.47018712759017944
137,train,0,1.0,1.0,7,Rguijiao_10_180,4,0.15000000596046448,3750.0,4.867605686187744,0.25759854912757874,0.24376516044139862,0.2216806709766388,0.022084487602114677,0.10574919730424881,0.11593146622180939,0.07151143997907639,4.2718504289496195e-08,0.04441998526453972,0.08558405935764313,1.5256236692128003e-22,0.08558405935764313,1.6347702741622925,1.6755118370056152,0.7287658452987671,0.8097938895225525,81.95877838134766,1.634948492050171,0.1265038549900055,1.6969965696334839,0.7452008128166199,0.4581282436847687,0.46288827061653137
138,train,0,1.0,1.0,7,Rguijiao_10_180,5,0.17499999701976776,4375.0,6.625351905822754,0.36598169803619385,0.3196501135826111,0.29227548837661743,0.027374615892767906,0.14514365792274475,0.14713183045387268,0.0883038192987442,5.506378641939591e-08,0.0588279590010643,0.11135508865118027,2.0521264767528563e-22,0.11135508865118027,1.6484817266464233,1.6730988025665283,0.7052366733551025,0.7638893723487854,72.77787780761719,1.6038458347320557,0.11452758312225342,1.6589511632919312,0.6925593018531799,0.45927199721336365,0.4613826274871826
139,train,0,1.0,1.0,7,Rguijiao_10_180,6,0.20000000298023224,5000.0,8.653521537780762,0.4905824661254883,0.404353529214859,0.37234216928482056,0.03201136738061905,0.19058755040168762,0.18175461888313293,0.1068500429391861,6.855191259091953e-08,0.07490450143814087,0.1347285360097885,2.5827889162917066e-22,0.1347285360097885,1.6572829484939575,1.6656345129013062,0.6877138614654541,0.7262254357337952,65.24508666992188,1.5759191513061523,0.10326223075389862,1.6247390508651733,0.6580517888069153,0.4604244530200958,0.46131038665771484
140,val,0,1.0,1.0,7,Rguijiao_10_180,7,0.22499999403953552,5625.0,10.952113151550293,0.5705785155296326,0.49680471420288086,0.4612935185432434,0.03551120311021805,0.24218933284282684,0.21910417079925537,0.12670214474201202,8.282604113674097e-08,0.09240193665027618,0.15592226386070251,3.0440155665175137e-22,0.15592226386070251,1.663995623588562,1.6550798416137695,0.6726359128952026,0.6954247355461121,59.08494186401367,1.548814058303833,0.09259358793497086,1.5918370485305786,0.6333009004592896,0.4616090655326843,0.4618566632270813
141,train,0,1.0,1.0,7,Rguijiao_10_180,8,0.25,6250.0,13.521126747131348,0.6228553056716919,0.5949789881706238,0.5581320524215698,0.03684693202376366,0.2997048795223236,0.2584271728992462,0.1474202573299408,9.739408568520957e-08,0.11100681871175766,0.17547550797462463,2.2171936016864357e-23,0.17547550797462463,1.667922854423523,1.6424953937530518,0.6579430103302002,0.6699312329292297,53.986244201660156,1.5200172662734985,0.08224570751190186,1.5575217008590698,0.6146779656410217,0.462909460067749,0.46284979581832886
142,train,0,1.0,1.0,7,Rguijiao_10_180,9,0.2750000059604645,6875.0,16.360563278198242,0.7124390006065369,0.6959166526794434,0.6615314483642578,0.034385208040475845,0.3625113070011139,0.29902011156082153,0.1686462163925171,1.1171930225373217e-07,0.13037380576133728,0.19388872385025024,7.562424534232092e-23,0.19388872385025024,1.667317509651184,1.6291486024856567,0.6425281763076782,0.6485117077827454,49.702335357666016,1.4871861934661865,0.07218842208385468,1.5193934440612793,0.6006051301956177,0.4644187390804291,0.4643042981624603
143,train,0,1.0,1.0,7,Rguijiao_10_180,10,0.30000001192092896,7500.0,19.470422744750977,0.8545188307762146,0.796057939529419,0.7700405120849609,0.02601739950478077,0.4296957850456238,0.34034469723701477,0.19015385210514069,1.2536095539417147e-07,0.15019072592258453,0.21155567467212677,1.0924908170679377e-22,0.21155567467212677,1.660659909248352,1.6170530319213867,0.626115083694458,0.6302563548088074,46.05126953125,1.4482903480529785,0.06252686679363251,1.4754574298858643,0.5903648138046265,0.4662134051322937,0.46629250049591064
144,train,0,1.0,1.0,7,Rguijiao_10_180,11,0.32499998807907104,8125.0,22.850704193115234,0.8390063047409058,0.8922741413116455,0.8825886845588684,0.009685427881777287,0.500487744808197,0.3821009397506714,0.2118629664182663,1.3812230292842287e-07,0.17023783922195435,0.2287716269493103,1.0258254441451584e-22,0.2287716269493103,1.648120403289795,1.608877420425415,0.6091967821121216,0.6144993305206299,42.899864196777344,1.4019825458526611,0.0533406026661396,1.4244173765182495,0.5834947228431702,0.46832722425460815,0.4688543677330017
145,val,0,1.0,1.0,7,Rguijiao_10_180,12,0.3499999940395355,8750.0,26.501407623291016,0.9622376561164856,0.9833656549453735,0.9991414546966553,-0.01577582396566868,0.5749589204788208,0.4241825342178345,0.2338021993637085,1.500928448194827e-07,0.19038020074367523,0.24575474858283997,5.467691490661632e-23,0.24575474858283997,1.6325364112854004,1.6071428060531616,0.5927442312240601,0.60074782371521,40.14957046508789,1.3481086492538452,0.044572874903678894,1.3661353588104248,0.5795261859893799,0.4707370698451996,0.4718959331512451
146,train,0,1.0,1.0,7,Rguijiao_10_180,13,0.375,9375.0,30.422534942626953,0.9720920324325562,1.0708874464035034,1.1209123134613037,-0.05002482980489731,0.6544352769851685,0.46647706627845764,0.2560204565525055,1.615190967640956e-07,0.2104564607143402,0.26266583800315857,7.47635223640779e-23,0.26266583800315857,1.6186997890472412,1.613049864768982,0.5777184963226318,0.588631272315979,37.72625732421875,1.2879674434661865,0.03592821955680847,1.3018497228622437,0.5779792070388794,0.47337624430656433,0.47511616349220276
147,val,0,1.0,1.0,7,Rguijiao_10_180,14,0.4000000059604645,10000.0,34.61408615112305,1.132528305053711,1.1584419012069702,1.2497568130493164,-0.09131494164466858,0.7411047220230103,0.5086520314216614,0.2784866988658905,1.7260825302400917e-07,0.23016516864299774,0.27962347865104675,9.780122691353507e-23,0.27962347865104675,1.611096978187561,1.6257686614990234,0.5647034645080566,0.5778660178184509,35.57320785522461,1.2240064144134521,0.026930632069706917,1.2338954210281372,0.5784370303153992,0.4761611223220825,0.47806963324546814
148,train,0,1.0,1.0,7,Rguijiao_10_180,15,0.42500001192092896,10625.0,39.07605743408203,1.1095962524414062,1.250213861465454,1.3873443603515625,-0.1371304839849472,0.8370241522789001,0.5503202080726624,0.30113205313682556,1.834962830571385e-07,0.24918797612190247,0.2967153787612915,2.1048702217469125e-22,0.2967153787612915,1.6118413209915161,1.6429822444915771,0.5538829565048218,0.5682315826416016,33.64631271362305,1.1592849493026733,0.0173387061804533,1.16531503200531,0.5805126428604126,0.4789886176586151,0.4803764522075653
149,train,0,1.0,1.0,7,Rguijiao_10_180,16,0.44999998807907104,11250.0,43.80845260620117,1.2849382162094116,1.3497810363769531,1.5348148345947266,-0.18503379821777344,0.9432782530784607,0.5915365219116211,0.324036568403244,1.9437675291555934e-07,0.26749974489212036,0.3140062093734741,3.8367051608103614e-23,0.3140062093734741,1.620231032371521,1.6622376441955566,0.5451819896697998,0.5595534443855286,31.910694122314453,1.0969098806381226,0.007553651463240385,1.099395513534546,0.5837551355361938,0.4817267656326294,0.48190346360206604
150,train,0,1.0,1.0,7,Rguijiao_10_180,17,0.4749999940395355,11875.0,48.8112678527832,1.3797824382781982,1.4592128992080688,1.6926308870315552,-0.23341798782348633,1.0597901344299316,0.6328407526016235,0.3474312722682953,2.0550072576952516e-07,0.2854093015193939,0.3315436840057373,5.124632796158822e-22,0.3315436840057373,1.633784532546997,1.681808352470398,0.5383449792861938,0.5516924262046814,30.33848762512207,1.0391895771026611,-0.0016272724606096745,1.0386823415756226,0.5876668095588684,0.4842573404312134,0.4827589690685272
151,train,0,1.0,1.0,7,Rguijiao_10_180,18,0.5,12500.0,54.08450698852539,1.528909683227539,1.5788676738739014,1.8605235815048218,-0.28165584802627563,1.1857227087020874,0.6748008728027344,0.3715035915374756,2.1704991581827926e-07,0.30329710245132446,0.34936264157295227,7.7245628395056395e-22,0.34936264157295227,1.6497009992599487,1.7007282972335815,0.5330076217651367,0.544535219669342,28.90704917907715,0.9871013164520264,-0.009569188579916954,0.9842675924301147,0.5918118357658386,0.48652830719947815,0.4831576645374298
152,train,0,1.0,1.0,8,guijiao_20_0,0,0.05000000074505806,1250.0,4.0,0.03274283930659294,0.06612598896026611,0.06290365755558014,0.0032223293092101812,0.014116572216153145,0.048787087202072144,0.006335235666483641,0.015211183577775955,0.02724066749215126,0.01904510147869587,0.008109244517982006,0.008109244517982006,1.9640445709228516,1.993324637413025,0.5803816318511963,0.6207086443901062,44.14173126220703,0.8683906197547913,-0.1892126500606537,0.8190975189208984,0.5173540711402893,2.140299081802368,2.224553346633911
153,train,0,1.0,1.0,8,guijiao_20_0,1,0.07500000298023224,1875.0,9.0,0.1314956545829773,0.1839873194694519,0.20050418376922607,-0.016516858711838722,0.033472418785095215,0.16703176498413086,0.02115020900964737,0.048074860125780106,0.09780668467283249,0.03737829253077507,0.012877439148724079,0.012877439148724079,2.0697920322418213,1.872862458229065,0.5240108966827393,0.5476172566413879,29.523452758789062,1.5034939050674438,-0.20909041166305542,1.4091840982437134,0.4748946726322174,2.059967279434204,2.1960952281951904
154,val,0,1.0,1.0,8,guijiao_20_0,2,0.10000000149011612,2500.0,16.0,0.1263606995344162,0.21890778839588165,0.2711338698863983,-0.05222608521580696,0.057470086961984634,0.21366377174854279,0.03812713548541069,0.06796196848154068,0.10757467150688171,0.05183761939406395,0.01717318408191204,0.01717318408191204,1.9989593029022217,1.7125788927078247,0.4923008680343628,0.5097271203994751,21.9454288482666,1.7122200727462769,-0.24844865500926971,1.5846004486083984,0.4683198630809784,1.6956794261932373,1.3213515281677246
155,train,0,1.0,1.0,8,guijiao_20_0,3,0.125,3125.0,25.0,0.10596927255392075,0.177993044257164,0.231239914894104,-0.0532468743622303,0.0798635482788086,0.1513763666152954,0.0544884093105793,0.03882604092359543,0.05806192010641098,0.06461422890424728,0.02142789214849472,0.02142789214849472,1.77783203125,1.5738332271575928,0.4489500820636749,0.48791635036468506,17.583267211914062,1.7374576330184937,-0.29555511474609375,1.58340322971344,0.46645811200141907,0.7403440475463867,0.4970497488975525
156,train,0,1.0,1.0,8,guijiao_20_0,4,0.15000000596046448,3750.0,36.0,0.2565729320049286,0.23736591637134552,0.27861642837524414,-0.04125051572918892,0.10190977901220322,0.17670664191246033,0.07493636012077332,0.029770785942673683,0.07199949026107788,0.07707758992910385,0.02586590126156807,0.02586590126156807,1.575416922569275,1.6363590955734253,0.39668816328048706,0.47369226813316345,14.738452911376953,1.5408412218093872,-0.2601498067378998,1.420586347579956,0.4775761067867279,0.4782896935939789,0.4588591456413269
157,train,0,1.0,1.0,8,guijiao_20_0,5,0.17499999701976776,4375.0,49.0,0.34047091007232666,0.31384745240211487,0.3258303105831146,-0.011982847936451435,0.1339811235666275,0.19184918701648712,0.08335140347480774,0.03105222061276436,0.07744556665420532,0.08983232080936432,0.030577916651964188,0.030577916651964188,1.5217021703720093,1.758634328842163,0.39777034521102905,0.4635932743549347,12.71865463256836,1.082026720046997,-0.14929422736167908,1.0335646867752075,0.49911704659461975,0.46746569871902466,0.46375229954719543
158,train,0,1.0,1.0,8,guijiao_20_0,6,0.20000000298023224,5000.0,64.0,0.37226971983909607,0.3637504577636719,0.36401647329330444,-0.0002660075551830232,0.1726059913635254,0.19141048192977905,0.0833982527256012,0.031244521960616112,0.076767697930336,0.1031419187784195,0.0355924554169178,0.0355924554169178,1.500921368598938,1.7950196266174316,0.40759962797164917,0.45599478483200073,11.198957443237305,0.7834644913673401,-0.110620878636837,0.7574642300605774,0.511145293712616,0.469815731048584,0.47050681710243225
159,train,0,1.0,1.0,8,guijiao_20_0,7,0.22499999403953552,5625.0,81.0,0.4480170011520386,0.41261956095695496,0.4112944006919861,0.0013251466443762183,0.2162104845046997,0.19508393108844757,0.08489622920751572,0.03224145621061325,0.0779462456703186,0.11711513996124268,0.04091043025255203,0.04091043025255203,1.485504150390625,1.7967451810836792,0.4150071442127228,0.45003658533096313,10.007320404052734,0.6187835931777954,-0.09675364941358566,0.6008227467536926,0.5178086161613464,0.4738489091396332,0.4754185080528259
160,val,0,1.0,1.0,8,guijiao_20_0,8,0.25,6250.0,100.0,0.5355852842330933,0.4672243893146515,0.46898239850997925,-0.0017580128042027354,0.26430124044418335,0.2046811431646347,0.08897839486598969,0.03418571129441261,0.0815170407295227,0.1317870318889618,0.046520885080099106,0.046520885080099106,1.4708937406539917,1.7922948598861694,0.4198455810546875,0.4452192783355713,9.043856620788574,0.5202430486679077,-0.08592484146356583,0.506832480430603,0.5224074721336365,0.47805720567703247,0.4786006212234497
161,train,0,1.0,1.0,8,guijiao_20_0,9,0.2750000059604645,6875.0,121.0,0.537065327167511,0.5274530053138733,0.5352031588554382,-0.007750148884952068,0.3163520395755768,0.21885111927986145,0.09508151561021805,0.03688355162739754,0.08688604086637497,0.14715644717216492,0.052408237010240555,0.052408237010240555,1.455014705657959,1.7896829843521118,0.4232533574104309,0.4412316679954529,8.246335983276367,0.4552105665206909,-0.07435832172632217,0.4450559616088867,0.5261611342430115,0.48223087191581726,0.4808090627193451
162,train,0,1.0,1.0,8,guijiao_20_0,10,0.30000001192092896,7500.0,144.0,0.6555957198143005,0.592184841632843,0.6082032918930054,-0.016018467023968697,0.3718506693840027,0.23635262250900269,0.1026444211602211,0.040165700018405914,0.09354250878095627,0.16320447623729706,0.05855567753314972,0.05855567753314972,1.4371038675308228,1.7903494834899902,0.42602214217185974,0.43786895275115967,7.573787689208984,0.4086220860481262,-0.06224155053496361,0.40099209547042847,0.5295389890670776,0.48639124631881714,0.4825825095176697
163,train,0,1.0,1.0,8,guijiao_20_0,11,0.32499998807907104,8125.0,169.0,0.7337173223495483,0.6605117917060852,0.6867801547050476,-0.02626838907599449,0.43042439222335815,0.25635576248168945,0.11128860712051392,0.04391695186495781,0.10115018486976624,0.17990387976169586,0.064946748316288,0.064946748316288,1.4173996448516846,1.7939434051513672,0.4285404086112976,0.43499016761779785,6.998030662536621,0.3731161653995514,-0.05028048902750015,0.3674880266189575,0.5327345132827759,0.49056950211524963,0.48420220613479614
164,train,0,1.0,1.0,8,guijiao_20_0,12,0.3499999940395355,8750.0,196.0,0.7751927375793457,0.7319319248199463,0.7702401876449585,-0.03830825537443161,0.49187639355659485,0.27836376428604126,0.12078860402107239,0.04806728661060333,0.10950787365436554,0.19722402095794678,0.07156606018543243,0.07156606018543243,1.396632194519043,1.7997711896896362,0.43096214532852173,0.4324948787689209,6.498973846435547,0.34485599398612976,-0.03901241347193718,0.3408198952674866,0.5358293056488037,0.4947786331176758,0.48578688502311707
165,val,0,1.0,1.0,8,guijiao_20_0,13,0.375,9375.0,225.0,0.7986027598381042,0.806289553642273,0.8582701683044434,-0.051980629563331604,0.5561544895172119,0.30211564898490906,0.1310277283191681,0.0525800846517086,0.11850783228874207,0.2151336669921875,0.07839954644441605,0.07839954644441605,1.375609040260315,1.8072007894515991,0.43332943320274353,0.43030932545661926,6.06186580657959,0.32170411944389343,-0.028728650882840157,0.3189314901828766,0.5388596653938293,0.49901726841926575,0.4873707890510559
166,val,0,1.0,1.0,8,guijiao_20_0,14,0.4000000059604645,10000.0,256.0,0.884392499923706,0.8836464881896973,0.9507958292961121,-0.0671493336558342,0.6232984066009521,0.3274974226951599,0.14195680618286133,0.05744036287069321,0.12810024619102478,0.23360233008861542,0.08543454110622406,0.08543454110622406,1.3549964427947998,1.8157368898391724,0.435638964176178,0.42837801575660706,5.675602912902832,0.30237263441085815,-0.01953316107392311,0.30060073733329773,0.5418411493301392,0.503275990486145,0.4889513850212097
167,train,0,1.0,1.0,8,guijiao_20_0,15,0.42500001192092896,10625.0,289.0,1.0040017366409302,0.9641684293746948,1.0478698015213013,-0.08370137959718704,0.6933950781822205,0.3544747531414032,0.15356320142745972,0.06264477223157883,0.13826677203178406,0.2526010274887085,0.09265967458486557,0.09265967458486557,1.3352575302124023,1.824996829032898,0.4378727674484253,0.4266582429409027,5.331648349761963,0.2860186696052551,-0.01141296699643135,0.28503936529159546,0.5447799563407898,0.5075407028198242,0.4905143976211548
168,val,0,1.0,1.0,8,guijiao_20_0,16,0.44999998807907104,11250.0,324.0,1.018639326095581,1.0480467081069946,1.1495951414108276,-0.10154839605093002,0.7665466070175171,0.38304856419563293,0.16585004329681396,0.06819533556699753,0.14900317788124084,0.2721027135848999,0.10006482899188995,0.10006482899188995,1.3166663646697998,1.834689974784851,0.44001391530036926,0.4251165986061096,5.02332067489624,0.272045761346817,-0.0042922343127429485,0.27169543504714966,0.5476767420768738,0.5117961168289185,0.4920443296432495
169,train,0,1.0,1.0,8,guijiao_20_0,17,0.4749999940395355,11875.0,361.0,1.1686152219772339,1.1354610919952393,1.2560861110687256,-0.12062506377696991,0.8428525328636169,0.41323357820510864,0.17882615327835083,0.0740962028503418,0.1603112369775772,0.2920822501182556,0.10764095932245255,0.10764095932245255,1.2993510961532593,1.8445963859558105,0.4420505166053772,0.42372652888298035,4.74530553817749,0.2600097358226776,0.0019334940006956458,0.26016056537628174,0.5505284070968628,0.5160273909568787,0.49352899193763733
170,val,0,1.0,1.0,8,guijiao_20_0,18,0.5,12500.0,400.0,1.143523097038269,1.2265613079071045,1.367445707321167,-0.1408843845129013,0.9224018454551697,0.4450438320636749,0.19249965250492096,0.0803513377904892,0.17219284176826477,0.31251654028892517,0.11538002640008926,0.11538002640008926,1.283341646194458,1.854548692703247,0.4439764618873596,0.42246657609939575,4.493317604064941,0.2495662122964859,0.007376106921583414,0.2501184642314911,0.5533306002616882,0.5202210545539856,0.49495968222618103
171,train,0,1.0,1.0,9,guijiao_20_180,0,0.05000000074505806,1250.0,4.0,0.08496236801147461,0.08795395493507385,0.07370298355817795,0.014250971376895905,0.010995211079716682,0.06270777434110641,0.022991476580500603,3.7780061745706917e-08,0.03971625864505768,0.01904510147869587,3.115521200628112e-22,0.01904510147869587,1.5297683477401733,1.9554706811904907,0.7528740763664246,0.838975191116333,87.79503631591797,1.2482707500457764,-0.08295053243637085,1.2172073125839233,1.2879223823547363,2.1082613468170166,2.2248010635375977
172,train,0,1.0,1.0,9,guijiao_20_180,1,0.07500000298023224,1875.0,9.0,0.20686888694763184,0.22183886170387268,0.1915803998708725,0.030258459970355034,0.02329881675541401,0.16828158497810364,0.04908348247408867,9.232367403910757e-08,0.1191980168223381,0.03737829253077507,3.9326089374331247e-22,0.03737829253077507,1.440699815750122,1.906715989112854,0.7261368632316589,0.7209258079528809,64.1851577758789,1.7003544569015503,-0.0035005405079573393,1.6985688209533691,0.8980953693389893,1.7447888851165771,2.181001901626587
173,train,0,1.0,1.0,9,guijiao_20_180,2,0.10000000149011612,2500.0,16.0,0.23048630356788635,0.26837560534477234,0.23232291638851166,0.03605268895626068,0.04658891633152962,0.18573400378227234,0.06919022649526596,7.071820817827756e-08,0.1165437176823616,0.05183761939406395,7.925297521407882e-22,0.05183761939406395,1.6204838752746582,2.0792720317840576,0.6659960746765137,0.6509374380111694,50.1874885559082,1.752097725868225,0.17680510878562927,1.84503173828125,0.6011852025985718,0.6919654607772827,1.0126336812973022
174,train,0,1.0,1.0,9,guijiao_20_180,3,0.125,3125.0,25.0,0.37194958329200745,0.31643491983413696,0.26502835750579834,0.05140655115246773,0.08191744238138199,0.18311092257499695,0.09199457615613937,7.030710946764884e-08,0.0911162719130516,0.06461422890424728,6.314029432525771e-23,0.06461422890424728,1.823553442955017,2.092618942260742,0.608467698097229,0.6060657501220703,41.2131462097168,1.706902027130127,0.2672251760959625,1.8437401056289673,0.5086641311645508,0.4791724681854248,0.5038076639175415
175,val,0,1.0,1.0,9,guijiao_20_180,4,0.15000000596046448,3750.0,36.0,0.4915699362754822,0.37891727685928345,0.3168507218360901,0.06206655502319336,0.11734829843044281,0.19950240850448608,0.10256242007017136,7.17366646085793e-08,0.09693991392850876,0.07707758992910385,1.1234837105300057e-22,0.07707758992910385,1.814079761505127,1.83343505859375,0.563945472240448,0.5746968984603882,34.93937683105469,1.575813889503479,0.16202490031719208,1.6524102687835693,0.5015348196029663,0.4665285348892212,0.47404050827026367
176,train,0,1.0,1.0,9,guijiao_20_180,5,0.17499999701976776,4375.0,49.0,0.4082214832305908,0.44638150930404663,0.3790782690048218,0.06730323284864426,0.15558116137981415,0.22349712252616882,0.1151851937174797,7.665215662200353e-08,0.10831185430288315,0.08983232080936432,1.3686390868963706e-22,0.08983232080936432,1.7670265436172485,1.6931225061416626,0.5374920964241028,0.551417887210846,30.2835750579834,1.4372642040252686,0.0823911502957344,1.4727895259857178,0.5027710795402527,0.4668605625629425,0.4727695882320404
177,train,0,1.0,1.0,9,guijiao_20_180,6,0.20000000298023224,5000.0,64.0,0.6384890079498291,0.5257999300956726,0.45623528957366943,0.06956461817026138,0.19977621734142303,0.2564590573310852,0.13181425631046295,8.50566408416853e-08,0.1246446967124939,0.1031419187784195,1.1510744046800364e-22,0.1031419187784195,1.7371844053268433,1.6494241952896118,0.5186970233917236,0.533397376537323,26.679471969604492,1.3110445737838745,0.03654270991683006,1.325417399406433,0.5024537444114685,0.46880200505256653,0.4751245677471161
178,val,0,1.0,1.0,9,guijiao_20_180,7,0.22499999403953552,5625.0,81.0,0.6797599196434021,0.604170560836792,0.5395972728729248,0.06457328051328659,0.24948108196258545,0.29011619091033936,0.14853276312351227,9.365966491259314e-08,0.14158332347869873,0.11711513996124268,1.050909643209376e-21,0.11711513996124268,1.7140944004058838,1.6461342573165894,0.5035443305969238,0.5190048217773438,23.800962448120117,1.1828478574752808,0.0030161517206579447,1.1839181184768677,0.5018212795257568,0.4713060259819031,0.4783424437046051
179,train,0,1.0,1.0,9,guijiao_20_180,8,0.25,6250.0,100.0,0.6456429958343506,0.6715925931930542,0.622349202632904,0.049243368208408356,0.30430683493614197,0.3180423676967621,0.16237328946590424,1.00406182923507e-07,0.1556689739227295,0.1317870318889618,2.441323209599568e-21,0.1317870318889618,1.6935335397720337,1.6552339792251587,0.4910449981689453,0.507230281829834,21.44605827331543,1.0502879619598389,-0.027814650908112526,1.0415239334106445,0.5023248195648193,0.4744282066822052,0.4815840423107147
180,train,0,1.0,1.0,9,guijiao_20_180,9,0.2750000059604645,6875.0,121.0,0.7804605960845947,0.7304538488388062,0.7045949697494507,0.02585889957845211,0.3646884262561798,0.33990657329559326,0.17345641553401947,1.0552648888051408e-07,0.16645006835460663,0.14715644717216492,7.467274025110506e-22,0.14715644717216492,1.6773308515548706,1.6638165712356567,0.481554239988327,0.49741220474243164,19.482440948486328,0.9263017773628235,-0.05648234114050865,0.9106058478355408,0.5046239495277405,0.4781399965286255,0.48424088954925537
181,train,0,1.0,1.0,9,guijiao_20_180,10,0.30000001192092896,7500.0,144.0,0.7066598534584045,0.7919535040855408,0.7924020886421204,-0.00044856840395368636,0.4315530061721802,0.3608490824699402,0.18449804186820984,1.108031781882346e-07,0.1763509213924408,0.16320447623729706,1.0497243475137566e-20,0.16320447623729706,1.6678377389907837,1.6695919036865234,0.4751167297363281,0.48909759521484375,17.819517135620117,0.8245419263839722,-0.07936844974756241,0.8049091696739197,0.5084763765335083,0.4820500612258911,0.48602285981178284
182,train,0,1.0,1.0,9,guijiao_20_180,11,0.32499998807907104,8125.0,169.0,0.8475066423416138,0.8640502095222473,0.8908406496047974,-0.026790428906679153,0.5054961442947388,0.3853445053100586,0.19770394265651703,1.175243156126271e-07,0.18764044344425201,0.17990387976169586,1.9914623663219895e-20,0.17990387976169586,1.6646130084991455,1.6740357875823975,0.4710181951522827,0.48196521401405334,16.393043518066406,0.7474973201751709,-0.0946519672870636,0.7262716889381409,0.5131727457046509,0.4857351779937744,0.48705121874809265
183,train,0,1.0,1.0,9,guijiao_20_180,12,0.3499999940395355,8750.0,196.0,0.8986618518829346,0.9487336874008179,1.001457929611206,-0.05272425338625908,0.5865871906280518,0.4148707985877991,0.21371904015541077,1.2599117837908125e-07,0.20115165412425995,0.19722402095794678,3.602878215793624e-20,0.19722402095794678,1.6655536890029907,1.6782325506210327,0.4684299826622009,0.4757799208164215,15.155984878540039,0.6902536749839783,-0.10325846076011658,0.668871283531189,0.5180732607841492,0.48899534344673157,0.48760882019996643
184,val,0,1.0,1.0,9,guijiao_20_180,13,0.375,9375.0,225.0,0.9627761244773865,1.0451140403747559,1.123775601387024,-0.07866152375936508,0.6746096014976501,0.4491659998893738,0.23232857882976532,1.360237007475007e-07,0.21683728694915771,0.2151336669921875,6.256844559669679e-20,0.2151336669921875,1.6685994863510132,1.6824718713760376,0.4667632579803467,0.4703657627105713,14.073150634765625,0.6468661427497864,-0.10701682418584824,0.6260985136032104,0.52279132604599,0.49181854724884033,0.487932413816452
185,train,0,1.0,1.0,9,guijiao_20_180,14,0.4000000059604645,10000.0,256.0,1.150991439819336,1.151646375656128,1.2567245960235596,-0.10507819056510925,0.7692534327507019,0.4874711334705353,0.253093957901001,1.4734250441961194e-07,0.23437702655792236,0.23360233008861542,1.048540348326812e-19,0.23360233008861542,1.6722899675369263,1.6867202520370483,0.46566537022590637,0.4655887186527252,13.117743492126465,0.6127784848213196,-0.10752435028553009,0.5930119156837463,0.5271497964859009,0.494273841381073,0.4881657063961029
186,val,0,1.0,1.0,9,guijiao_20_180,15,0.42500001192092896,10625.0,289.0,1.2544622421264648,1.2669299840927124,1.3992559909820557,-0.13232603669166565,0.870201826095581,0.5290541648864746,0.27561041712760925,1.5970738331816392e-07,0.2534435987472534,0.2526010274887085,1.7030078461772696e-19,0.2526010274887085,1.6757309436798096,1.6908923387527466,0.46493539214134216,0.4613442122936249,12.268844604492188,0.5849651098251343,-0.10591288655996323,0.5663785338401794,0.5310969352722168,0.49644577503204346,0.4883817732334137
187,train,0,1.0,1.0,9,guijiao_20_180,16,0.44999998807907104,11250.0,324.0,1.3411883115768433,1.3898805379867554,1.5505154132843018,-0.1606348305940628,0.9771656394004822,0.5733498334884644,0.29957088828086853,1.729435865627238e-07,0.2737787961959839,0.2721027135848999,2.690328686616003e-19,0.2721027135848999,1.6784380674362183,1.6949366331100464,0.4644582271575928,0.4575488269329071,11.509765625,0.5615118145942688,-0.10293837636709213,0.5441714525222778,0.534643292427063,0.4984063506126404,0.48861217498779297
188,train,0,1.0,1.0,9,guijiao_20_180,17,0.4749999940395355,11875.0,361.0,1.5874711275100708,1.5197076797485352,1.7098567485809326,-0.19014908373355865,1.0898971557617188,0.6199595332145691,0.32476162910461426,1.8693339143283083e-07,0.2951977252960205,0.2920822501182556,2.5470766692546686e-18,0.2920822501182556,1.680197834968567,1.6988372802734375,0.4641653597354889,0.45413661003112793,10.827320098876953,0.5412148237228394,-0.09909829497337341,0.5251247882843018,0.5378261804580688,0.5002103447914124,0.48886638879776
189,val,0,1.0,1.0,9,guijiao_20_180,18,0.5,12500.0,400.0,1.6530265808105469,1.6558504104614258,1.8768059015274048,-0.22095555067062378,1.20819091796875,0.6686149835586548,0.35104063153266907,2.0160065616892098e-07,0.3175741136074066,0.31251654028892517,1.337401227409797e-18,0.31251654028892517,1.68096125125885,1.7026057243347168,0.4640132784843445,0.45105257630348206,10.210517883300781,0.5233030915260315,-0.09472597390413284,0.5084319710731506,0.540691077709198,0.5018970370292664,0.4891441762447357
190,train,0,1.0,1.0,10,guijiao_10_0,0,0.05000000074505806,1250.0,4.0,0.061789702624082565,0.048490751534700394,0.041740186512470245,0.006750565953552723,0.01580897346138954,0.025931213051080704,0.004155398812144995,0.007745612412691116,0.014030201360583305,0.009522550739347935,0.004054622258991003,0.004054622258991003,2.1995091438293457,1.9369183778762817,0.5729774236679077,0.6207086443901062,44.14173126220703,0.9525465965270996,-0.2942737638950348,0.8684538006782532,0.6587541699409485,2.143033266067505,2.224203586578369
191,train,0,1.0,1.0,10,guijiao_10_0,1,0.07500000298023224,1875.0,9.0,0.07487817108631134,0.12066719681024551,0.11585794389247894,0.004809255711734295,0.03890911117196083,0.07694882899522781,0.010892210528254509,0.022195961326360703,0.04386065900325775,0.018689146265387535,0.0064387195743620396,0.0064387195743620396,2.4059739112854004,1.7887392044067383,0.5087867975234985,0.5476172566413879,29.523452758789062,1.6147501468658447,-0.4039039611816406,1.4190889596939087,0.5085640549659729,2.036890745162964,2.0478811264038086
192,train,0,1.0,1.0,10,guijiao_10_0,2,0.10000000149011612,2500.0,16.0,0.08106280863285065,0.10778570175170898,0.11985278874635696,-0.01206708699464798,0.06309255212545395,0.056760236620903015,0.01740587130188942,0.02111276239156723,0.018241601064801216,0.025918809697031975,0.00858659204095602,0.00858659204095602,2.194523334503174,1.5540289878845215,0.48322737216949463,0.5097271203994751,21.9454288482666,1.7448089122772217,-0.3730410039424896,1.5495432615280151,0.48188304901123047,1.209593415260315,0.505020260810852
193,train,0,1.0,1.0,10,guijiao_10_0,3,0.125,3125.0,25.0,0.11539952456951141,0.12805259227752686,0.14136070013046265,-0.013308104127645493,0.07850769907236099,0.06285300105810165,0.026738526299595833,0.011277656070888042,0.024836819618940353,0.03230711445212364,0.01071394607424736,0.01071394607424736,1.7476495504379272,1.4883239269256592,0.4194738268852234,0.48791635036468506,17.583267211914062,1.6877193450927734,-0.22819922864437103,1.5721784830093384,0.4875586926937103,0.4902339577674866,0.452882319688797
194,train,0,1.0,1.0,10,guijiao_10_0,4,0.15000000596046448,3750.0,36.0,0.22257539629936218,0.17365717887878418,0.17737750709056854,-0.0037203242536634207,0.09733256697654724,0.0800449401140213,0.035913240164518356,0.012879707850515842,0.03125198930501938,0.038538794964551926,0.012932950630784035,0.012932950630784035,1.5046579837799072,1.6760917901992798,0.4041675329208374,0.47369226813316345,14.738452911376953,1.2424495220184326,-0.0874686986207962,1.2098469734191895,0.5247501730918884,0.4656318128108978,0.4566417932510376
195,train,0,1.0,1.0,10,guijiao_10_0,5,0.17499999701976776,4375.0,49.0,0.19035470485687256,0.20325088500976562,0.20542696118354797,-0.0021760789677500725,0.12458843737840652,0.08083853125572205,0.03663961589336395,0.012982812710106373,0.031216099858283997,0.04491616040468216,0.015288958325982094,0.015288958325982094,1.4150240421295166,1.7428703308105469,0.41171401739120483,0.4635932743549347,12.71865463256836,0.8571767210960388,-0.06115219369530678,0.8414512276649475,0.54386305809021,0.4680710732936859,0.46335864067077637
196,train,0,1.0,1.0,10,guijiao_10_0,6,0.20000000298023224,5000.0,64.0,0.2699236571788788,0.23645536601543427,0.24099594354629517,-0.004540572874248028,0.15759669244289398,0.08339925855398178,0.03776989132165909,0.013533683493733406,0.032095685601234436,0.05157095938920975,0.0177962277084589,0.0177962277084589,1.370405912399292,1.7677127122879028,0.4179238975048065,0.45599478483200073,11.198957443237305,0.658867597579956,-0.06374990940093994,0.646266758441925,0.5510244965553284,0.4724370837211609,0.4682435393333435
197,val,0,1.0,1.0,10,guijiao_10_0,7,0.22499999403953552,5625.0,81.0,0.29202887415885925,0.27541834115982056,0.2842174172401428,-0.008799062110483646,0.19514666497707367,0.08907076716423035,0.040246736258268356,0.01461589802056551,0.034208137542009354,0.05855756998062134,0.020455215126276016,0.020455215126276016,1.3407822847366333,1.7874171733856201,0.42226216197013855,0.45003658533096313,10.007320404052734,0.5452973246574402,-0.06579506397247314,0.5345339775085449,0.5547192096710205,0.47707414627075195,0.47148939967155457
198,train,0,1.0,1.0,10,guijiao_10_0,8,0.25,6250.0,100.0,0.29831641912460327,0.3185867369174957,0.3331710398197174,-0.014584297314286232,0.23635728657245636,0.09681374579668045,0.043650660663843155,0.016065232455730438,0.03709785267710686,0.0658935159444809,0.023260442540049553,0.023260442540049553,1.3153796195983887,1.807997226715088,0.4259360432624817,0.4452192783355713,9.043856620788574,0.4708632528781891,-0.0640762522816658,0.46181192994117737,0.5576435327529907,0.48184627294540405,0.47393038868904114
199,train,0,1.0,1.0,10,guijiao_10_0,9,0.2750000059604645,6875.0,121.0,0.4310641288757324,0.36472681164741516,0.38653430342674255,-0.021807491779327393,0.28056615591049194,0.10596814751625061,0.04768628627061844,0.017785999923944473,0.0404958575963974,0.07357822358608246,0.026204118505120277,0.026204118505120277,1.290422797203064,1.8296737670898438,0.4295448660850525,0.4412316679954529,8.246335983276367,0.41731202602386475,-0.059729885309934616,0.40983423590660095,0.5606024861335754,0.4867783188819885,0.4760713577270508
200,val,0,1.0,1.0,10,guijiao_10_0,10,0.30000001192092896,7500.0,144.0,0.40116769075393677,0.4131532609462738,0.4435560703277588,-0.030402809381484985,0.3273669481277466,0.11618910729885101,0.05219626799225807,0.019728174433112144,0.04426466301083565,0.08160223811864853,0.02927783876657486,0.02927783876657486,1.2651861906051636,1.8518867492675781,0.43323421478271484,0.43786895275115967,7.573787689208984,0.3764190375804901,-0.05420276150107384,0.3702981472015381,0.5638191103935242,0.4918860197067261,0.4781426191329956
201,train,0,1.0,1.0,10,guijiao_10_0,11,0.32499998807907104,8125.0,169.0,0.506271243095398,0.4636228680610657,0.5039136409759521,-0.04029075801372528,0.37659570574760437,0.12731793522834778,0.057108987122774124,0.021867826581001282,0.048341117799282074,0.08995193988084793,0.032473374158144,0.032473374158144,1.2401403188705444,1.8741670846939087,0.4369533956050873,0.43499016761779785,6.998030662536621,0.3440139889717102,-0.04852810874581337,0.3390056788921356,0.567324161529541,0.497161328792572,0.48022356629371643
202,train,0,1.0,1.0,10,guijiao_10_0,12,0.3499999940395355,8750.0,196.0,0.5606998205184937,0.5161716938018799,0.5675588846206665,-0.05138717219233513,0.42825987935066223,0.13929899036884308,0.062400706112384796,0.024196026846766472,0.05270225927233696,0.09861201047897339,0.03578303009271622,0.03578303009271622,1.2159996032714844,1.896195411682129,0.44060367345809937,0.4324948787689209,6.498973846435547,0.31772974133491516,-0.0432862862944603,0.3136037290096283,0.571081280708313,0.5025789737701416,0.4823225736618042
203,train,0,1.0,1.0,10,guijiao_10_0,13,0.375,9375.0,225.0,0.5885866284370422,0.5709658265113831,0.6345809698104858,-0.06361516565084457,0.4824552536010742,0.152125746011734,0.06807030737400055,0.02671157568693161,0.057343870401382446,0.10756683349609375,0.03919977322220802,0.03919977322220802,1.1933192014694214,1.9177531003952026,0.4441003203392029,0.43030932545661926,6.06186580657959,0.29606807231903076,-0.038714662194252014,0.2926294207572937,0.5750336647033691,0.5081056356430054,0.4844205379486084
204,val,0,1.0,1.0,10,guijiao_10_0,14,0.4000000059604645,10000.0,256.0,0.6958703994750977,0.6282037496566772,0.7051149606704712,-0.07691123336553574,0.5393054485321045,0.1658094823360443,0.07412433624267578,0.02941666916012764,0.06226847320795059,0.11680116504430771,0.04271727055311203,0.04271727055311203,1.1724029779434204,1.9386816024780273,0.44739028811454773,0.42837801575660706,5.675602912902832,0.27799567580223083,-0.034844670444726944,0.27508968114852905,0.5791202783584595,0.5137063264846802,0.4864925146102905
205,train,0,1.0,1.0,10,guijiao_10_0,15,0.42500001192092896,10625.0,289.0,0.6730650663375854,0.6880675554275513,0.779293954372406,-0.09122640639543533,0.5989295244216919,0.1803644299507141,0.08057019114494324,0.032314546406269073,0.0674796923995018,0.12630051374435425,0.046329837292432785,0.046329837292432785,1.1533470153808594,1.9588696956634521,0.4504493474960327,0.4266582429409027,5.331648349761963,0.26275843381881714,-0.03160566836595535,0.2602670192718506,0.5832847356796265,0.5193478465080261,0.48851650953292847
206,train,0,1.0,1.0,10,guijiao_10_0,16,0.44999998807907104,11250.0,324.0,0.6925672888755798,0.7507079839706421,0.8572323322296143,-0.10652434825897217,0.6614287495613098,0.19580358266830444,0.08741418272256851,0.035408757627010345,0.07298063486814499,0.13605135679244995,0.05003241449594498,0.05003241449594498,1.136109471321106,1.9782389402389526,0.4532742500305176,0.4251165986061096,5.02332067489624,0.24979019165039062,-0.028890451416373253,0.2476252317428589,0.5874785780906677,0.5250005722045898,0.49047601222991943
207,train,0,1.0,1.0,10,guijiao_10_0,17,0.4749999940395355,11875.0,361.0,0.7913765907287598,0.8162410855293274,0.9390200972557068,-0.1227790042757988,0.7268837094306946,0.2121363878250122,0.09466058015823364,0.038702528923749924,0.07877327501773834,0.1460411250591278,0.05382047966122627,0.05382047966122627,1.1205722093582153,1.9967451095581055,0.45587390661239624,0.42372652888298035,4.74530553817749,0.23865647614002228,-0.026593035086989403,0.2367524951696396,0.5916617512702942,0.5306387543678284,0.49236050248146057
208,train,0,1.0,1.0,10,guijiao_10_0,18,0.5,12500.0,400.0,0.9285801649093628,0.8847541213035583,1.0247268676757812,-0.1399727314710617,0.7953580021858215,0.22936883568763733,0.10231184214353561,0.042198631912469864,0.08485835790634155,0.15625827014446259,0.05769001320004463,0.05769001320004463,1.106584906578064,2.014369249343872,0.45826393365859985,0.42246657609939575,4.493317604064941,0.22901950776576996,-0.024618947878479958,0.22732804715633392,0.5958027839660645,0.5362401008605957,0.4941641092300415
209,train,0,1.0,1.0,11,guijiao_10_180,0,0.05000000074505806,1250.0,4.0,0.06980589777231216,0.060117557644844055,0.0488082654774189,0.011309294030070305,0.011733036488294601,0.0370752289891243,0.017068149521946907,1.860932918873459e-08,0.02000705897808075,0.009522550739347935,1.557760600314056e-22,0.009522550739347935,1.6324223279953003,2.0771138668060303,0.7512609362602234,0.838975191116333,87.79503631591797,1.2211225032806396,-0.18218424916267395,1.1543817520141602,1.8982151746749878,2.0661420822143555,2.225062608718872
210,train,0,1.0,1.0,11,guijiao_10_180,1,0.07500000298023224,1875.0,9.0,0.03306988999247551,0.12950652837753296,0.10780809074640274,0.02169843576848507,0.022790446877479553,0.08501764386892319,0.02909703738987446,4.4231260432070485e-08,0.0559205636382103,0.018689146265387535,1.9663044687165624e-22,0.018689146265387535,1.409264326095581,1.898854374885559,0.7602285742759705,0.7209258079528809,64.1851577758789,1.7397756576538086,-0.2305067628622055,1.6194665431976318,1.1214278936386108,1.681779384613037,2.1552321910858154
211,train,0,1.0,1.0,11,guijiao_10_180,2,0.10000000149011612,2500.0,16.0,0.15503378212451935,0.13934914767742157,0.11300906538963318,0.02634008601307869,0.048382874578237534,0.06462619453668594,0.03233926370739937,3.1459606475436885e-08,0.03228690102696419,0.025918809697031975,3.962648760703941e-22,0.025918809697031975,1.6828824281692505,2.3930447101593018,0.7111733555793762,0.6509374380111694,50.1874885559082,1.7652946710586548,0.16877417266368866,1.854675531387329,0.4857581555843353,0.4983437657356262,0.4849715530872345
212,train,0,1.0,1.0,11,guijiao_10_180,3,0.125,3125.0,25.0,0.1742364466190338,0.1854432225227356,0.1517324149608612,0.03371080756187439,0.07502470910549164,0.07670770585536957,0.039459384977817535,2.9546379565204006e-08,0.03724829480051994,0.03230711445212364,3.1570147162628854e-23,0.03230711445212364,1.6701151132583618,2.0871315002441406,0.5938330888748169,0.6060657501220703,41.2131462097168,1.5733106136322021,0.16601186990737915,1.6516671180725098,0.4883899390697479,0.46186763048171997,0.4610231816768646
213,train,0,1.0,1.0,11,guijiao_10_180,4,0.15000000596046448,3750.0,36.0,0.2257920205593109,0.21471329033374786,0.1846802979707718,0.030032997950911522,0.10036693513393402,0.08431336283683777,0.043927356600761414,2.8841533605827863e-08,0.04038597270846367,0.038538794964551926,5.617418552650028e-23,0.038538794964551926,1.5515660047531128,1.872419834136963,0.5380872488021851,0.5746968984603882,34.93937683105469,1.331355094909668,0.09774424880743027,1.3703947067260742,0.5072386860847473,0.4641990065574646,0.46634551882743835
214,train,0,1.0,1.0,11,guijiao_10_180,5,0.17499999701976776,4375.0,49.0,0.24175983667373657,0.24447473883628845,0.22377079725265503,0.02070394530892372,0.1299751102924347,0.09379569441080093,0.04905761778354645,3.006205062661138e-08,0.0447380468249321,0.04491616040468216,6.843195434481853e-23,0.04491616040468216,1.4762036800384521,1.8077328205108643,0.5078500509262085,0.551417887210846,30.2835750579834,1.1249080896377563,0.04921723157167435,1.1415175199508667,0.5175142288208008,0.46833887696266174,0.4719465672969818
215,train,0,1.0,1.0,11,guijiao_10_180,6,0.20000000298023224,5000.0,64.0,0.24040131270885468,0.2721629738807678,0.26546546816825867,0.006697508506476879,0.16419701278209686,0.1012684553861618,0.0530911460518837,3.1218132079402494e-08,0.04817727953195572,0.05157095938920975,5.755372023400182e-23,0.05157095938920975,1.4277998208999634,1.7805744409561157,0.48924344778060913,0.533397376537323,26.679471969604492,0.945295512676239,0.002568993717432022,0.9460240602493286,0.5253013372421265,0.47351041436195374,0.4766818881034851
216,val,0,1.0,1.0,11,guijiao_10_180,7,0.22499999403953552,5625.0,81.0,0.35061752796173096,0.3048028349876404,0.3131646513938904,-0.00836182665079832,0.20437082648277283,0.10879381000995636,0.05722099915146828,3.285223826310357e-08,0.0515727736055851,0.05855756998062134,5.25454821604688e-22,0.05855756998062134,1.404158115386963,1.7712628841400146,0.47887110710144043,0.5190048217773438,23.800962448120117,0.8077119588851929,-0.036898426711559296,0.7987709641456604,0.5325911641120911,0.47890138626098633,0.48001959919929504
217,train,0,1.0,1.0,11,guijiao_10_180,8,0.25,6250.0,100.0,0.3476819396018982,0.34686097502708435,0.36990728974342346,-0.023046301677823067,0.2513135075569153,0.11859378218650818,0.06261535733938217,3.5481829030459267e-08,0.055978383868932724,0.0658935159444809,1.220661604799784e-21,0.0658935159444809,1.3986141681671143,1.7739554643630981,0.473700612783432,0.507230281829834,21.44605827331543,0.7120347619056702,-0.06450425088405609,0.6982559561729431,0.5392029881477356,0.48376527428627014,0.4820495545864105
218,train,0,1.0,1.0,11,guijiao_10_180,9,0.2750000059604645,6875.0,121.0,0.38224053382873535,0.39842644333839417,0.43610355257987976,-0.037677101790905,0.3049829602241516,0.13112059235572815,0.06949639320373535,3.909662282808313e-08,0.06162416189908981,0.07357822358608246,3.733637012555253e-22,0.07357822358608246,1.402724266052246,1.7827033996582031,0.4713195860385895,0.49741220474243164,19.482440948486328,0.6463833451271057,-0.08134477585554123,0.6306093335151672,0.5449619889259338,0.48785296082496643,0.4832311272621155
219,val,0,1.0,1.0,11,guijiao_10_180,10,0.30000001192092896,7500.0,144.0,0.5158165097236633,0.4581896960735321,0.5109759569168091,-0.05278624966740608,0.36497578024864197,0.14600017666816711,0.07765888422727585,4.3501700019987766e-08,0.06834125518798828,0.08160223811864853,5.248621737568783e-21,0.08160223811864853,1.410534381866455,1.7932937145233154,0.47033455967903137,0.48909759521484375,17.819517135620117,0.5995484590530396,-0.09046361595392227,0.5832772850990295,0.5499597787857056,0.4912474751472473,0.48397472500801086
220,val,0,1.0,1.0,11,guijiao_10_180,11,0.32499998807907104,8125.0,169.0,0.47507306933403015,0.5248640179634094,0.5935906767845154,-0.06872666627168655,0.43084970116615295,0.16274097561836243,0.08683916926383972,4.851295898333774e-08,0.07590176165103912,0.08995193988084793,9.957311831609947e-21,0.08995193988084793,1.4188002347946167,1.803701400756836,0.47005224227905273,0.48196521401405334,16.393043518066406,0.5641477704048157,-0.09446403384208679,0.5481602549552917,0.5543519258499146,0.49413177371025085,0.4845311641693115
221,val,0,1.0,1.0,11,guijiao_10_180,12,0.3499999940395355,8750.0,196.0,0.5916249752044678,0.5974692106246948,0.6831644773483276,-0.08569526672363281,0.5022174119949341,0.18094709515571594,0.09682464599609375,5.3998903126739606e-08,0.08412238955497742,0.09861201047897339,1.801439107896812e-20,0.09861201047897339,1.4259945154190063,1.813245177268982,0.4701446294784546,0.4757799208164215,15.155984878540039,0.535838782787323,-0.09512575715780258,0.5205471515655518,0.5582670569419861,0.4966732859611511,0.4850289225578308
222,val,0,1.0,1.0,11,guijiao_10_180,13,0.375,9375.0,225.0,0.7030403017997742,0.6753093600273132,0.7791038751602173,-0.10379449278116226,0.5787603855133057,0.20034348964691162,0.10746710747480392,5.987477180724454e-08,0.09287631511688232,0.10756683349609375,3.1284222798348394e-20,0.10756683349609375,1.431523323059082,1.8218494653701782,0.4704543352127075,0.4703657627105713,14.073150634765625,0.5121511220932007,-0.09360817819833755,0.49776867032051086,0.5618000030517578,0.4989922344684601,0.485524445772171
223,val,0,1.0,1.0,11,guijiao_10_180,14,0.4000000059604645,10000.0,256.0,0.7948856353759766,0.7579059600830078,0.880979061126709,-0.12307312339544296,0.6602256298065186,0.22075346112251282,0.1186712235212326,6.608929936646746e-08,0.10208217799663544,0.11680116504430771,5.24270174163406e-20,0.11680116504430771,1.4352729320526123,1.829649806022644,0.4709013104438782,0.4655887186527252,13.117743492126465,0.49167561531066895,-0.09067188203334808,0.4783012568950653,0.5650210976600647,0.5011661648750305,0.4860367774963379
224,val,0,1.0,1.0,11,guijiao_10_180,15,0.42500001192092896,10625.0,289.0,0.9257188439369202,0.8449373245239258,0.9884880185127258,-0.14355069398880005,0.7464177012443542,0.24207031726837158,0.1303796023130417,7.261326118168654e-08,0.11169064044952393,0.12630051374435425,8.515039230886348e-20,0.12630051374435425,1.4373620748519897,1.8368232250213623,0.4714404344558716,0.4613442122936249,12.268844604492188,0.47358667850494385,-0.08682883530855179,0.4612503945827484,0.5679844617843628,0.5032423734664917,0.48656806349754333
225,val,0,1.0,1.0,11,guijiao_10_180,16,0.44999998807907104,11250.0,324.0,1.0905781984329224,0.9361924529075623,1.1014235019683838,-0.16523104906082153,0.8371896147727966,0.26423391699790955,0.14256036281585693,7.943126689724522e-08,0.12167348712682724,0.13605135679244995,1.3451643433080014e-19,0.13605135679244995,1.4380069971084595,1.8435276746749878,0.4720427691936493,0.4575488269329071,11.509765625,0.45737746357917786,-0.08242969214916229,0.44606703519821167,0.5707327127456665,0.5052489042282104,0.48711320757865906
226,val,0,1.0,1.0,11,guijiao_10_180,17,0.4749999940395355,11875.0,361.0,1.0394068956375122,1.0315358638763428,1.2196459770202637,-0.18811005353927612,0.9324333667755127,0.28721266984939575,0.1551971286535263,8.653621108578591e-08,0.1320154368877411,0.1460411250591278,1.2735383346273343e-18,0.1460411250591278,1.4374499320983887,1.8498854637145996,0.47268855571746826,0.45413661003112793,10.827320098876953,0.44271570444107056,-0.07771749794483185,0.4323936700820923,0.5732988119125366,0.5072025656700134,0.4876655340194702
227,train,0,1.0,1.0,11,guijiao_10_180,18,0.5,12500.0,400.0,1.115393042564392,1.130881667137146,1.343062162399292,-0.21218052506446838,1.0320698022842407,0.31099241971969604,0.168283149600029,9.392565658572494e-08,0.1427091807126999,0.15625827014446259,6.687006137048985e-19,0.15625827014446259,1.4359230995178223,1.8559833765029907,0.4733625054359436,0.45105257630348206,10.210517883300781,0.4293684959411621,-0.07286031544208527,0.4199833273887634,0.575709342956543,0.5091131329536438,0.4882188141345978
228,train,2,0.5,0.0,19,pseudo_cycle_08_config_11,-1,0.23693938553333282,5923.484375,89.82440185546875,0.3216710388660431,0.3236451745033264,0.33906304836273193,-0.01541787851601839,0.22593314945697784,0.1131298840045929,0.05960885062813759,3.3976160551674184e-08,0.05352100357413292,0.0,0.0,0.0,1.3998050689697266,1.7714325189590454,0.4759262502193451,0.0,0.0,0.7574412226676941,-0.05158960446715355,0.7457184195518494,0.5358527898788452,0.48131638765335083,0.48112615942955017
229,train,2,0.5,0.0,17,pseudo_cycle_08_config_9,-1,0.2902985215187073,7257.46240234375,134.83712768554688,0.7310011386871338,0.7671118378639221,0.7572609186172485,0.00985093042254448,0.4047844707965851,0.35247647762298584,0.18003995716571808,1.0862947874556994e-07,0.1724364161491394,0.0,0.0,0.0,1.670691728591919,1.6676006317138672,0.4772883355617523,0.0,0.0,0.8609832525253296,-0.0713660717010498,0.842549741268158,0.5068395137786865,0.4805402159690857,0.4854343831539154
230,train,2,0.5,0.0,19,pseudo_cycle_08_config_11,-1,0.21601228415966034,5400.30712890625,74.6580581665039,0.28867343068122864,0.29209282994270325,0.2950693368911743,-0.002976497635245323,0.18916909396648407,0.10590025782585144,0.05562853068113327,3.2163136154395033e-08,0.05027169734239578,0.0,0.0,0.0,1.4101179838180542,1.7729171514511108,0.48184487223625183,0.0,0.0,0.8519172668457031,-0.023979511111974716,0.8457887172698975,0.5300284624099731,0.47699519991874695,0.47898849844932556
231,train,2,0.5,0.0,14,pseudo_cycle_08_config_6,-1,0.20145805180072784,5036.451171875,8.7801513671875,0.2900092303752899,0.31547755002975464,0.32170236110687256,-0.006224805023521185,0.15921007096767426,0.1624923050403595,0.06816219538450241,0.032887499779462814,0.06144262105226517,0.0,0.0,0.0,1.3644682168960571,1.7993179559707642,0.5367938280105591,0.0,0.0,1.2068724632263184,-0.03902683034539223,1.1927423477172852,0.5217092633247375,0.4689303934574127,0.4702780246734619
232,train,2,0.5,0.0,18,pseudo_cycle_08_config_10,-1,0.16649369895458221,4162.34228515625,44.35222625732422,0.21519117057323456,0.19328056275844574,0.19532601535320282,-0.002045451430603862,0.11458691954612732,0.0807390958070755,0.03654998913407326,0.012938177213072777,0.031250935047864914,0.0,0.0,0.0,1.4378103017807007,1.728800892829895,0.4090394377708435,0.0,0.0,0.9609267115592957,-0.06350138783454895,0.9426206350326538,0.5394093990325928,0.46680891513824463,0.46120524406433105
233,train,2,0.5,0.0,13,pseudo_cycle_08_config_5,-1,0.11041396111249924,2760.348876953125,2.6374282836914062,0.19021962583065033,0.19345808029174805,0.18532468378543854,0.008133389055728912,0.05736809968948364,0.1279565840959549,0.06527101993560791,5.746677089746299e-08,0.06268550455570221,0.0,0.0,0.0,1.63675856590271,1.7998597621917725,0.8107813596725464,0.0,0.0,1.6466031074523926,0.1831900179386139,1.7370954751968384,0.5708063840866089,0.4648820161819458,0.5481956005096436
234,train,2,0.5,0.0,14,pseudo_cycle_08_config_6,-1,0.22947357594966888,5736.8388671875,11.391949653625488,0.3879922032356262,0.3992767035961151,0.40845736861228943,-0.009180651977658272,0.2079174816608429,0.20053988695144653,0.08629550784826279,0.03900661692023277,0.07523777335882187,0.0,0.0,0.0,1.37337064743042,1.7589144706726074,0.5203570127487183,0.0,0.0,1.1533896923065186,-0.020154938101768494,1.1464157104492188,0.5418071746826172,0.4706449508666992,0.47238099575042725
235,train,2,0.5,0.0,17,pseudo_cycle_08_config_9,-1,0.28031763434410095,7007.9404296875,125.72471618652344,0.7097477912902832,0.7429405450820923,0.7225805521011353,0.020359987393021584,0.37833890318870544,0.3442416191101074,0.17570918798446655,1.0657522864221392e-07,0.1685323268175125,0.0,0.0,0.0,1.674720287322998,1.6652427911758423,0.4799457788467407,0.0,0.0,0.9025324583053589,-0.06194816529750824,0.8857594132423401,0.5053346753120422,0.47897183895111084,0.4846941828727722
236,train,2,0.5,0.0,18,pseudo_cycle_08_config_10,-1,0.08839862793684006,2209.965576171875,12.50290298461914,0.08995478600263596,0.11425883322954178,0.11972083151340485,-0.005461997352540493,0.052449945360422134,0.06727088987827301,0.014472470618784428,0.0259040966629982,0.02689432166516781,0.0,0.0,0.0,2.3346197605133057,1.6740323305130005,0.49592405557632446,0.0,0.0,1.716110110282898,-0.40642064809799194,1.5068713426589966,0.4894635081291199,1.7665703296661377,0.9095743894577026
237,train,2,0.5,0.0,15,pseudo_cycle_08_config_7,-1,0.3762107193470001,9405.2685546875,30.619285583496094,1.0102460384368896,1.0750935077667236,1.126974105834961,-0.051880575716495514,0.6584482192993164,0.46852582693099976,0.2571033537387848,1.6206271880037093e-07,0.21142232418060303,0.0,0.0,0.0,1.6181598901748657,1.613523244857788,0.5770391225814819,0.0,0.0,1.2849349975585938,0.035505060106515884,1.298621416091919,0.5779582262039185,0.4735085368156433,0.47526901960372925
238,train,2,0.5,0.0,19,pseudo_cycle_08_config_11,-1,0.24866586923599243,6216.646484375,98.93551635742188,0.34349244832992554,0.3443669080734253,0.36663615703582764,-0.022269239649176598,0.2486356496810913,0.11800051480531693,0.062289100140333176,3.5315174784500414e-08,0.05571138113737106,0.0,0.0,0.0,1.3985989093780518,1.7736101150512695,0.47388944029808044,0.0,0.0,0.7162672877311707,-0.06332772970199585,0.7026594281196594,0.538871705532074,0.48352503776550293,0.48196691274642944
239,train,2,0.5,0.0,14,pseudo_cycle_08_config_6,-1,0.26823681592941284,6705.92041015625,15.565730094909668,0.5357970595359802,0.5249688029289246,0.541778564453125,-0.01680973917245865,0.2846478521823883,0.2571306824684143,0.11326154321432114,0.04794303700327873,0.09592612087726593,0.0,0.0,0.0,1.376047134399414,1.7505409717559814,0.5028435587882996,0.0,0.0,1.068381667137146,0.00037802939186803997,1.0685027837753296,0.5610564351081848,0.47229868173599243,0.47518306970596313
240,train,2,0.5,0.0,13,pseudo_cycle_08_config_5,-1,0.44413575530052185,11103.392578125,42.6740837097168,2.0684807300567627,2.153275728225708,2.2053937911987305,-0.05211804807186127,1.017536997795105,1.187856912612915,0.6300166845321655,4.186370858860755e-07,0.5578398704528809,0.0,0.0,0.0,1.7942414283752441,1.5817413330078125,0.5641645193099976,0.0,0.0,1.2609456777572632,-0.02033434621989727,1.2532535791397095,0.5370626449584961,0.4744233787059784,0.47553494572639465
241,train,2,0.5,0.0,13,pseudo_cycle_08_config_5,-1,0.44180500507354736,11045.1240234375,42.22736740112305,2.0592617988586426,2.1389808654785156,2.1870594024658203,-0.04807861149311066,1.0072003602981567,1.1798591613769531,0.6259094476699829,4.1640632275630196e-07,0.5539492964744568,0.0,0.0,0.0,1.7948027849197388,1.5819108486175537,0.5650147795677185,0.0,0.0,1.2654638290405273,-0.01910904236137867,1.258209228515625,0.5370244979858398,0.4742434620857239,0.47528332471847534
242,train,2,0.5,0.0,16,pseudo_cycle_08_config_8,-1,0.25658926367759705,6414.73095703125,105.34085083007812,0.524699330329895,0.4825977087020874,0.4856889247894287,-0.003091215156018734,0.2776584029197693,0.20803053677082062,0.0904170349240303,0.03483159467577934,0.08278191089630127,0.0,0.0,0.0,1.4668848514556885,1.7913111448287964,0.42084163427352905,0.0,0.0,0.5006684064865112,-0.0829639881849289,0.4882071912288666,0.5234519839286804,0.47916072607040405,0.47924986481666565
243,train,2,0.5,0.0,17,pseudo_cycle_08_config_9,-1,0.26494932174682617,6623.73291015625,112.31698608398438,0.6810014247894287,0.7071366906166077,0.6712520718574524,0.03588461875915527,0.3396863341331482,0.3315657377243042,0.16917820274829865,1.035564594076277e-07,0.1623874306678772,0.0,0.0,0.0,1.6831181049346924,1.6607367992401123,0.4849836230278015,0.0,0.0,0.9740340709686279,-0.04544098302721977,0.9607557654380798,0.5034816861152649,0.47659632563591003,0.4832720458507538
244,train,2,0.5,0.0,12,pseudo_cycle_08_config_4,-1,0.13729450106620789,3432.362060546875,4.07792329788208,0.2369801551103592,0.19571633636951447,0.2275128811597824,-0.03179654851555824,0.0990675538778305,0.1284453272819519,0.022410381585359573,0.04261672496795654,0.06341821700334549,0.0,0.0,0.0,1.8280466794967651,1.4001457691192627,0.6121999621391296,0.0,0.0,1.6562268733978271,0.18171559274196625,1.7465155124664307,1.0390441417694092,0.503400444984436,0.45860713720321655
245,train,2,0.5,0.0,13,pseudo_cycle_08_config_5,-1,0.40153032541275024,10038.2578125,34.87943649291992,1.9048807621002197,1.8890689611434937,1.879158854484558,0.00991007685661316,0.8358982801437378,1.0432605743408203,0.5560269355773926,3.778629320549953e-07,0.4872332215309143,0.0,0.0,0.0,1.8033453226089478,1.594269871711731,0.5812535881996155,0.0,0.0,1.3402105569839478,0.004007124342024326,1.3418216705322266,0.5373797416687012,0.47121092677116394,0.47089308500289917
246,train,2,0.5,0.0,15,pseudo_cycle_08_config_7,-1,0.3497006297111511,8742.515625,26.456083297729492,0.9398971199989319,0.9823015332221985,0.997718095779419,-0.01541655883193016,0.5740413665771484,0.4236767292022705,0.23353776335716248,1.4995316632848699e-07,0.1901388168334961,0.0,0.0,0.0,1.6327229738235474,1.6071181297302246,0.5929344892501831,0.0,0.0,1.3487944602966309,0.044676389545202255,1.3668723106384277,0.5795585513114929,0.47070667147636414,0.47185760736465454
247,train,2,0.5,0.0,19,pseudo_cycle_08_config_11,-1,0.26081231236457825,6520.3076171875,108.83686065673828,0.3685237169265747,0.3680649399757385,0.39741113781929016,-0.02934618480503559,0.2737200856208801,0.12369105219841003,0.06541699171066284,3.693477168553727e-08,0.05827401950955391,0.0,0.0,0.0,1.3996280431747437,1.7772990465164185,0.4724311828613281,0.0,0.0,0.6806979775428772,-0.07293438166379929,0.6658040881156921,0.5417965054512024,0.48562803864479065,0.4826369881629944
248,train,2,0.5,0.0,14,pseudo_cycle_08_config_6,-1,0.21138721704483032,5284.6806640625,9.66696548461914,0.32345396280288696,0.343834787607193,0.35107797384262085,-0.00724318390712142,0.17575207352638245,0.1753258854150772,0.07431397587060928,0.03493685647845268,0.06607505679130554,0.0,0.0,0.0,1.3680599927902222,1.7796145677566528,0.5302809476852417,0.0,0.0,1.1874926090240479,-0.032277680933475494,1.175993800163269,0.5297741889953613,0.469675749540329,0.4710400402545929
249,train,2,0.5,0.0,12,pseudo_cycle_08_config_4,-1,0.06220674514770508,1555.1685791015625,0.8371585011482239,0.07097303867340088,0.08461116254329681,0.08831619471311569,-0.0037050340324640274,0.01943906582891941,0.06887713074684143,0.0037519140169024467,0.01563655585050583,0.04948866367340088,0.0,0.0,0.0,1.747280240058899,1.6424853801727295,0.7882115244865417,0.0,0.0,1.6816247701644897,0.1817374974489212,1.7733089923858643,0.7114243507385254,0.5867001414299011,1.4636039733886719
250,train,2,0.5,0.0,17,pseudo_cycle_08_config_9,-1,0.3186758756637573,7966.896484375,162.48683166503906,0.8062259554862976,0.8446268439292908,0.8647996187210083,-0.02017279528081417,0.48611167073249817,0.37868791818618774,0.1941017061471939,1.1565847302108523e-07,0.18458610773086548,0.0,0.0,0.0,1.6649447679519653,1.672959804534912,0.4718829393386841,0.0,0.0,0.764869213104248,-0.09148234128952026,0.7438775897026062,0.5119443535804749,0.4848393499851227,0.4868468642234802
251,train,2,0.5,0.0,19,pseudo_cycle_08_config_11,-1,0.2193269580602646,5483.173828125,76.96688079833984,0.29339706897735596,0.296638548374176,0.3016083240509033,-0.004969783592969179,0.19467362761497498,0.10693468153476715,0.05619753897190094,3.240224799583302e-08,0.05073711276054382,0.0,0.0,0.0,1.4076192378997803,1.7721067667007446,0.48066192865371704,0.0,0.0,0.8349427580833435,-0.02892603538930416,0.8276972770690918,0.5309829115867615,0.4777052104473114,0.47939005494117737
252,train,2,0.5,0.0,17,pseudo_cycle_08_config_9,-1,0.2958984076976776,7397.4599609375,140.08934020996094,0.7440551519393921,0.7812631130218506,0.777355432510376,0.0039076670072972775,0.42010602355003357,0.35724937915802,0.18257580697536469,1.0985864662416134e-07,0.17467346787452698,0.0,0.0,0.0,1.668920874595642,1.668778419494629,0.4759886860847473,0.0,0.0,0.8394749164581299,-0.07612890005111694,0.820302426815033,0.5077664852142334,0.48141512274742126,0.48578906059265137
253,train,2,0.5,0.0,18,pseudo_cycle_08_config_10,-1,0.09928397834300995,2482.099365234375,15.771687507629395,0.09248942881822586,0.10792253166437149,0.11966522783041,-0.011742694303393364,0.06250085681676865,0.05716437101364136,0.017221564427018166,0.021642738953232765,0.018300065770745277,0.0,0.0,0.0,2.2054121494293213,1.5612783432006836,0.48429644107818604,0.0,0.0,1.7438774108886719,-0.37624993920326233,1.5470372438430786,0.48221632838249207,1.2513253688812256,0.5124151110649109
254,train,2,0.5,0.0,19,pseudo_cycle_08_config_11,-1,0.18395906686782837,4598.9765625,54.145484924316406,0.25063562393188477,0.2543300986289978,0.23830737173557281,0.01602271944284439,0.14164403080940247,0.09666334092617035,0.05059807002544403,3.047539820499878e-08,0.04606523737311363,0.0,0.0,0.0,1.4558546543121338,1.7954578399658203,0.5000549554824829,0.0,0.0,1.0566078424453735,0.03218694031238556,1.0668104887008667,0.5204006433486938,0.4701070785522461,0.47378048300743103
255,train,2,0.5,0.0,12,pseudo_cycle_08_config_4,-1,0.08490817248821259,2122.7041015625,1.5596662759780884,0.09701521694660187,0.08418750017881393,0.09506317228078842,-0.010875672101974487,0.037017762660980225,0.0580454096198082,0.0073996009305119514,0.021210001781582832,0.029435807839035988,0.0,0.0,0.0,1.7859665155410767,1.4928879737854004,0.7152531147003174,0.0,0.0,1.707793951034546,0.22876371443271637,1.824998378753662,0.8051120638847351,0.5032352209091187,0.49953508377075195
256,train,2,0.5,0.0,12,pseudo_cycle_08_config_4,-1,0.07735899090766907,1933.9747314453125,1.2946557998657227,0.08248892426490784,0.07486529648303986,0.0832701325416565,-0.00840483233332634,0.03048931434750557,0.052780814468860626,0.0059740482829511166,0.01885795034468174,0.027948817238211632,0.0,0.0,0.0,1.7720998525619507,1.524185299873352,0.7378090620040894,0.0,0.0,1.7098320722579956,0.22037632763385773,1.8228739500045776,0.7678730487823486,0.5124048590660095,0.5603071451187134
257,train,2,0.5,0.0,13,pseudo_cycle_08_config_5,-1,0.13382947444915771,3345.736572265625,3.8746838569641113,0.29114237427711487,0.2770955264568329,0.2626531720161438,0.014442353509366512,0.08649204671382904,0.17616114020347595,0.09604324400424957,7.832502291194032e-08,0.08011780679225922,0.0,0.0,0.0,1.6797118186950684,1.7933093309402466,0.7632204294204712,0.0,0.0,1.6403216123580933,0.18720534443855286,1.7324447631835938,0.5753437876701355,0.46107590198516846,0.4799429774284363
258,train,2,0.5,0.0,16,pseudo_cycle_08_config_8,-1,0.24323245882987976,6080.81103515625,94.65921020507812,0.49448198080062866,0.45184504985809326,0.45243924856185913,-0.0005941854906268418,0.2508690059185028,0.20157024264335632,0.08764639496803284,0.03357663378119469,0.0803472101688385,0.0,0.0,0.0,1.4749120473861694,1.7934684753417969,0.4187218248844147,0.0,0.0,0.5426839590072632,-0.0888964831829071,0.5282111167907715,0.5212768912315369,0.476920485496521,0.4778650403022766
259,train,2,0.5,0.0,13,pseudo_cycle_08_config_5,-1,0.42201390862464905,10550.34765625,38.52886962890625,1.9829766750335693,2.0170347690582275,2.0337605476379395,-0.01672567054629326,0.9213657975196838,1.1123948097229004,0.5913480520248413,3.9750312907926855e-07,0.5210464000701904,0.0,0.0,0.0,1.799453616142273,1.5857141017913818,0.5726308822631836,0.0,0.0,1.3031010627746582,-0.00816707406193018,1.2999082803726196,0.5369462370872498,0.4727316200733185,0.4731120467185974
260,train,2,0.5,0.0,18,pseudo_cycle_08_config_10,-1,0.10636523365974426,2659.130615234375,18.101694107055664,0.1035064235329628,0.10757698863744736,0.12191106379032135,-0.014334075152873993,0.06783601641654968,0.05407504364848137,0.019149089232087135,0.01618961989879608,0.0187363363802433,0.0,0.0,0.0,2.085561752319336,1.4970288276672363,0.47125208377838135,0.0,0.0,1.749042272567749,-0.33866432309150696,1.571340799331665,0.47968584299087524,0.8605816960334778,0.4693463146686554
261,train,2,0.5,0.0,17,pseudo_cycle_08_config_9,-1,0.25331544876098633,6332.8857421875,102.66990661621094,0.6607592701911926,0.6796795725822449,0.633185625076294,0.046493954956531525,0.31197604537010193,0.3212096095085144,0.16395588219165802,1.0114596449284363e-07,0.15725360810756683,0.0,0.0,0.0,1.6910638809204102,1.6565327644348145,0.4896029829978943,0.0,0.0,1.0329763889312744,-0.031808339059352875,1.0231192111968994,0.5025232434272766,0.4748920500278473,0.4819808304309845
262,train,2,0.5,0.0,18,pseudo_cycle_08_config_10,-1,0.2161788046360016,5404.4697265625,74.7732162475586,0.28490307927131653,0.2611100375652313,0.2682243287563324,-0.007114278618246317,0.18143819272518158,0.08678613603115082,0.039246395230293274,0.014185215346515179,0.03335452824831009,0.0,0.0,0.0,1.3504068851470947,1.7804512977600098,0.42085838317871094,0.0,0.0,0.5794190764427185,-0.06551077216863632,0.5680316090583801,0.5535792112350464,0.4754226803779602,0.470473051071167
263,train,2,0.5,0.0,15,pseudo_cycle_08_config_7,-1,0.08277084678411484,2069.27099609375,1.482134222984314,0.10305380076169968,0.11564818024635315,0.10364443063735962,0.012003752402961254,0.027659982442855835,0.07598444819450378,0.03897556662559509,1.5787650298193512e-08,0.0370088629424572,0.0,0.0,0.0,1.4042978286743164,1.651145577430725,0.8809023499488831,0.0,0.0,1.6728942394256592,0.06644538044929504,1.7062410116195679,1.3462342023849487,0.4642791748046875,1.2783033847808838
264,train,2,0.5,0.0,15,pseudo_cycle_08_config_7,-1,0.07144584506750107,1786.1461181640625,1.1042989492416382,0.11683115363121033,0.11250089108943939,0.09808368980884552,0.014417199417948723,0.020162543281912804,0.07792114466428757,0.03367555886507034,1.2417681105603151e-08,0.04424557462334633,0.0,0.0,0.0,1.3738949298858643,1.686920166015625,0.9221690893173218,0.0,0.0,1.5743685960769653,0.037943098694086075,1.5922895669937134,1.6373933553695679,0.4910541772842407,2.151334762573242
265,train,2,0.5,0.0,14,pseudo_cycle_08_config_6,-1,0.24762244522571564,6190.56103515625,13.265167236328125,0.45634952187538147,0.45796576142311096,0.4697689712047577,-0.011803203262388706,0.24262765049934387,0.22714132070541382,0.09892228990793228,0.04326522350311279,0.08495382219552994,0.0,0.0,0.0,1.3763294219970703,1.7504897117614746,0.5117659568786621,0.0,0.0,1.1169674396514893,-0.009122252464294434,1.1139106750488281,0.5515856742858887,0.4713965356349945,0.4736981689929962
266,train,2,0.5,0.0,12,pseudo_cycle_08_config_4,-1,0.12819097936153412,3204.7744140625,3.5550661087036133,0.2092706561088562,0.17251543700695038,0.20000603795051575,-0.027490606531500816,0.08622609823942184,0.1137799397110939,0.019228950142860413,0.03832441195845604,0.05622657760977745,0.0,0.0,0.0,1.825096845626831,1.410210132598877,0.6243596076965332,0.0,0.0,1.6644638776779175,0.1919519156217575,1.7603130340576172,1.00740385055542,0.5015690922737122,0.4594430923461914
267,train,2,0.5,0.0,16,pseudo_cycle_08_config_8,-1,0.2013542652130127,5033.8564453125,64.86964416503906,0.40606459975242615,0.3663005530834198,0.3662978410720825,2.714121592362062e-06,0.17484547197818756,0.19145238399505615,0.08341367542743683,0.031272757798433304,0.07676596194505692,0.0,0.0,0.0,1.5000123977661133,1.7955963611602783,0.4080805480480194,0.0,0.0,0.7719199061393738,-0.10957759618759155,0.746544361114502,0.5115993618965149,0.4700164496898651,0.4708270728588104
268,train,2,0.5,0.0,16,pseudo_cycle_08_config_8,-1,0.17705926299095154,4426.4814453125,50.15995407104492,0.34781724214553833,0.31849297881126404,0.3288725018501282,-0.010379509069025517,0.13695593178272247,0.1919165551662445,0.083436518907547,0.031064584851264954,0.07741544395685196,0.0,0.0,0.0,1.519517421722412,1.764286756515503,0.39856576919555664,0.0,0.0,1.0501203536987305,-0.14394937455654144,1.004771113395691,0.5004507899284363,0.46748825907707214,0.46433642506599426
269,train,2,0.5,0.0,16,pseudo_cycle_08_config_8,-1,0.18268918991088867,4567.2294921875,53.40052795410156,0.36294499039649963,0.33043134212493896,0.3371210992336273,-0.006689750589430332,0.14528888463974,0.19183221459388733,0.08350687474012375,0.031083162873983383,0.07724218815565109,0.0,0.0,0.0,1.5141496658325195,1.7767255306243896,0.4008328914642334,0.0,0.0,0.9702686071395874,-0.1318879872560501,0.9318785667419434,0.5037274360656738,0.46777307987213135,0.4659377634525299
270,train,2,0.5,0.0,14,pseudo_cycle_08_config_6,-1,0.18969133496284485,4742.283203125,7.7844462394714355,0.2524281442165375,0.2844439148902893,0.2893703579902649,-0.004926454275846481,0.1407032012939453,0.14866717159748077,0.06142813712358475,0.030748162418603897,0.05649086833000183,0.0,0.0,0.0,1.3601008653640747,1.8352941274642944,0.5462144613265991,0.0,0.0,1.2322611808776855,-0.04658433049917221,1.2150399684906006,0.5103696584701538,0.4677065908908844,0.46934881806373596
271,train,2,0.5,0.0,14,pseudo_cycle_08_config_6,-1,0.17649689316749573,4412.421875,6.7391767501831055,0.213093101978302,0.25405827164649963,0.25731655955314636,-0.003258274868130684,0.1215096041560173,0.13580694794654846,0.05491345003247261,0.028946997597813606,0.0519464910030365,0.0,0.0,0.0,1.3567460775375366,1.9036251306533813,0.5604478120803833,0.0,0.0,1.2670704126358032,-0.05285172536969185,1.2469804286956787,0.4950764775276184,0.4656524658203125,0.4683275818824768
272,train,2,0.5,0.0,12,pseudo_cycle_08_config_4,-1,0.05481839179992676,1370.459716796875,0.6501076817512512,0.08457867801189423,0.0897975042462349,0.08899930864572525,0.0007981928647495806,0.014990614727139473,0.07400869578123093,0.002926653018221259,0.015573211014270782,0.05550882965326309,0.0,0.0,0.0,1.735117793083191,1.7411470413208008,0.8118175268173218,0.0,0.0,1.618782877922058,0.1575445979833603,1.6952919960021973,0.7051401138305664,0.7208849787712097,2.0859711170196533
273,train,2,0.5,0.0,16,pseudo_cycle_08_config_8,-1,0.19280073046684265,4820.01806640625,59.475372314453125,0.38727593421936035,0.35018253326416016,0.3523756265640259,-0.002193102380260825,0.1609460711479187,0.19142955541610718,0.083406463265419,0.03113863803446293,0.07688445597887039,0.0,0.0,0.0,1.5060007572174072,1.7902450561523438,0.40490248799324036,0.0,0.0,0.85163414478302,-0.1173449158668518,0.8216536641120911,0.5084636211395264,0.46882346272468567,0.4687040150165558
274,train,2,0.5,0.0,17,pseudo_cycle_08_config_9,-1,0.3401169180870056,8502.9228515625,185.087158203125,0.8776370286941528,0.9137793779373169,0.9562795162200928,-0.042500149458646774,0.5536862015724182,0.4025932848453522,0.20705613493919373,1.2244200320310483e-07,0.1955370306968689,0.0,0.0,0.0,1.6648279428482056,1.6765726804733276,0.46931642293930054,0.0,0.0,0.7109179496765137,-0.10053864121437073,0.6894755363464355,0.516141951084137,0.4877609312534332,0.4874274730682373
275,train,2,0.5,0.0,19,pseudo_cycle_08_config_11,-1,0.27402323484420776,6850.58056640625,120.14192962646484,0.39837807416915894,0.39624857902526855,0.43334800004959106,-0.03709941729903221,0.30276432633399963,0.13058368861675262,0.06920170783996582,3.893920208497548e-08,0.06138194352388382,0.0,0.0,0.0,1.4024652242660522,1.7823071479797363,0.4713800847530365,0.0,0.0,0.6485345959663391,-0.08085105568170547,0.6328041553497314,0.5447521209716797,0.487707257270813,0.48319533467292786
276,train,2,0.5,0.0,14,pseudo_cycle_08_config_6,-1,0.2807360291481018,7018.400390625,17.050182342529297,0.5832175612449646,0.5638539791107178,0.5854262113571167,-0.021572211757302284,0.3113141655921936,0.2741120755672455,0.12147676199674606,0.05050559714436531,0.10212970525026321,0.0,0.0,0.0,1.3739302158355713,1.754186749458313,0.4977152347564697,0.0,0.0,1.0333833694458008,0.003549078479409218,1.0344836711883545,0.5662473440170288,0.4730113446712494,0.47606366872787476
277,train,2,0.5,0.0,15,pseudo_cycle_08_config_7,-1,0.31184691190719604,7796.1728515625,21.03853988647461,0.8362758755683899,0.8422768115997314,0.8229037523269653,0.019373085349798203,0.462816059589386,0.36008769273757935,0.2004162222146988,1.3151856137483264e-07,0.159671351313591,0.0,0.0,0.0,1.6553417444229126,1.6125187873840332,0.6181073188781738,0.0,0.0,1.427313208580017,0.05811328813433647,1.4521969556808472,0.5867166519165039,0.4671753942966461,0.4674363434314728
278,train,2,0.5,0.0,19,pseudo_cycle_08_config_11,-1,0.20165134966373444,5041.28369140625,65.06121063232422,0.2701817452907562,0.2740863561630249,0.268382728099823,0.005703620612621307,0.16665273904800415,0.10173000395298004,0.05334283784031868,3.1302331393590066e-08,0.048387136310338974,0.0,0.0,0.0,1.4255167245864868,1.7794756889343262,0.4883371591567993,0.0,0.0,0.9347988963127136,-0.0003453269600868225,0.9347020387649536,0.5257959961891174,0.473870187997818,0.4769480526447296
279,train,2,0.5,0.0,15,pseudo_cycle_08_config_7,-1,0.3306087255477905,8265.21875,23.646198272705078,0.8892418146133423,0.9131447672843933,0.9083637595176697,0.004781033843755722,0.5168480277061462,0.39151573181152344,0.21676285564899445,1.408689627169224e-07,0.17475272715091705,0.0,0.0,0.0,1.644736647605896,1.607856273651123,0.6054272651672363,0.0,0.0,1.390531063079834,0.05134352296590805,1.4119495153427124,0.5823695063591003,0.4688440263271332,0.4695022702217102
280,train,2,0.5,0.0,12,pseudo_cycle_08_config_4,-1,0.15666276216506958,3916.569091796875,5.309629917144775,0.2999975085258484,0.2500220239162445,0.2921903729438782,-0.04216834902763367,0.129449725151062,0.16274066269397736,0.029934989288449287,0.05258823186159134,0.08021744340658188,0.0,0.0,0.0,1.8345590829849243,1.381992220878601,0.5914952754974365,0.0,0.0,1.6417714357376099,0.1635606586933136,1.7223302125930786,1.0951212644577026,0.507297158241272,0.4577137231826782
281,train,2,0.5,0.0,12,pseudo_cycle_08_config_4,-1,0.11228068172931671,2807.016845703125,2.7273621559143066,0.16390329599380493,0.13554562628269196,0.1562982052564621,-0.020752577111124992,0.06589426845312119,0.09040393680334091,0.01422047521919012,0.03141512721776962,0.044768333435058594,0.0,0.0,0.0,1.8180242776870728,1.4315046072006226,0.6506762504577637,0.0,0.0,1.6809537410736084,0.21157033741474152,1.787645697593689,0.9420337080955505,0.4988480806350708,0.4625570774078369
282,train,2,0.5,0.0,18,pseudo_cycle_08_config_10,-1,0.22129526734352112,5532.3818359375,78.35453033447266,0.29314836859703064,0.2693421244621277,0.2774103581905365,-0.008068237453699112,0.18933212757110596,0.08807823061943054,0.039811812341213226,0.014429224655032158,0.03383719548583031,0.0,0.0,0.0,1.3447520732879639,1.7844773530960083,0.4216843247413635,0.0,0.0,0.5589939951896667,-0.06573730707168579,0.5479699373245239,0.5542538166046143,0.4763786792755127,0.4710760712623596
283,train,2,0.5,0.0,16,pseudo_cycle_08_config_8,-1,0.2634100317955017,6585.25048828125,111.01570892333984,0.5406721234321594,0.4989027678966522,0.5035662055015564,-0.004663437604904175,0.2917637228965759,0.21180248260498047,0.09204089641571045,0.03555125743150711,0.0842103362083435,0.0,0.0,0.0,1.4626109600067139,1.7905024290084839,0.4217897951602936,0.0,0.0,0.4824061691761017,-0.07982899993658066,0.47085314989089966,0.5244868397712708,0.48030006885528564,0.47986507415771484
284,train,2,0.5,0.0,17,pseudo_cycle_08_config_9,-1,0.33143407106399536,8285.8515625,175.75759887695312,0.8473029136657715,0.884651780128479,0.9181443452835083,-0.03349253535270691,0.5256887674331665,0.3924555778503418,0.20155738294124603,1.1953947876008897e-07,0.1908980756998062,0.0,0.0,0.0,1.6645487546920776,1.67511785030365,0.4702361226081848,0.0,0.0,0.731124997138977,-0.09743427485227585,0.7097539901733398,0.5144343972206116,0.4866177439689636,0.4872286319732666
285,train,2,0.5,0.0,16,pseudo_cycle_08_config_8,-1,0.22197353839874268,5549.33837890625,78.83557891845703,0.4490349292755127,0.4064270853996277,0.4049879312515259,0.0014391465811058879,0.21068355441093445,0.19430436193943024,0.08457072079181671,0.032067131251096725,0.0776665061712265,0.0,0.0,0.0,1.4872719049453735,1.797156810760498,0.4142691493034363,0.0,0.0,0.6342591643333435,-0.09809927642345428,0.6155930757522583,0.5171501636505127,0.47334104776382446,0.4749307930469513
286,train,2,0.5,0.0,15,pseudo_cycle_08_config_7,-1,0.08711820095777512,2177.955078125,1.6419144868850708,0.10478899627923965,0.11130493134260178,0.10043564438819885,0.0108692841604352,0.031129466369748116,0.06930617988109589,0.040366463363170624,1.72031988654453e-08,0.02893969416618347,0.0,0.0,0.0,1.426645278930664,1.6481382846832275,0.8638800382614136,0.0,0.0,1.685044527053833,0.08020204305648804,1.7255877256393433,1.2467546463012695,0.461293488740921,0.8938283920288086
287,train,2,0.5,0.0,14,pseudo_cycle_08_config_6,-1,0.23157382011413574,5789.345703125,11.601432800292969,0.39574870467185974,0.40595585107803345,0.41539013385772705,-0.009434275329113007,0.2118145227432251,0.20357561111450195,0.08773500472307205,0.039495911449193954,0.07634469866752625,0.0,0.0,0.0,1.373848795890808,1.7574193477630615,0.5193106532096863,0.0,0.0,1.1493607759475708,-0.01879969798028469,1.142878532409668,0.5430343151092529,0.470738023519516,0.4725342094898224
288,train,2,0.5,0.0,18,pseudo_cycle_08_config_10,-1,0.18048885464668274,4512.2216796875,52.12194061279297,0.23278097808361053,0.20999982953071594,0.21248197555541992,-0.0024821418337523937,0.13139373064041138,0.08108824491500854,0.036759864538908005,0.013049067929387093,0.031279306858778,0.0,0.0,0.0,1.4029301404953003,1.7496962547302246,0.4132992923259735,0.0,0.0,0.8021283149719238,-0.06110033765435219,0.7874252200126648,0.5460216999053955,0.468976229429245,0.4646148681640625
289,train,2,0.5,0.0,17,pseudo_cycle_08_config_9,-1,0.3481868505477905,8704.671875,193.97445678710938,0.9074372053146362,0.9421809911727905,0.9930304288864136,-0.05084941163659096,0.5804694890975952,0.41256093978881836,0.21246537566184998,1.2532110815755004e-07,0.20009544491767883,0.0,0.0,0.0,1.6653932332992554,1.6779273748397827,0.46858102083206177,0.0,0.0,0.6938738822937012,-0.10281959176063538,0.67247074842453,0.5177208185195923,0.4887741804122925,0.4875785708427429
290,train,2,0.5,0.0,16,pseudo_cycle_08_config_8,-1,0.21665199100971222,5416.2998046875,75.10091400146484,0.4379991888999939,0.39575040340423584,0.3942832350730896,0.0014671829994767904,0.20112763345241547,0.19315558671951294,0.08409541845321655,0.03179582208395004,0.07726433873176575,0.0,0.0,0.0,1.4904195070266724,1.7976360321044922,0.4128720164299011,0.0,0.0,0.6639754176139832,-0.10057513415813446,0.6439415812492371,0.5159141421318054,0.4724541902542114,0.47400641441345215
291,train,2,0.5,0.0,18,pseudo_cycle_08_config_10,-1,0.24026907980442047,6006.7265625,92.36673736572266,0.3250722289085388,0.30137553811073303,0.3135336637496948,-0.012158120982348919,0.21992909908294678,0.09360454976558685,0.04223810136318207,0.015464873984456062,0.03590158000588417,0.0,0.0,0.0,1.325101375579834,1.799831509590149,0.42453330755233765,0.0,0.0,0.4966743588447571,-0.06514293700456619,0.48696792125701904,0.5565255880355835,0.47997140884399414,0.47303611040115356
292,train,2,0.5,0.0,19,pseudo_cycle_08_config_11,-1,0.19441476464271545,4860.369140625,60.475341796875,0.26188012957572937,0.265817791223526,0.2557888329029083,0.010028951801359653,0.15608343482017517,0.09970539063215256,0.05224127694964409,3.094837097705749e-08,0.04746408388018608,0.0,0.0,0.0,1.4363505840301514,1.7848601341247559,0.492582231760025,0.0,0.0,0.9822021722793579,0.01265386026352644,0.9859306812286377,0.52361661195755,0.4723021686077118,0.4757345914840698
293,train,2,0.5,0.0,16,pseudo_cycle_08_config_8,-1,0.2341899275779724,5854.748046875,87.75184631347656,0.47480159997940063,0.43197935819625854,0.43137913942337036,0.0006002173759043217,0.23339341580867767,0.19798573851585388,0.08611995726823807,0.032855626195669174,0.07901015877723694,0.0,0.0,0.0,1.4801791906356812,1.795161485671997,0.41702213883399963,0.0,0.0,0.5771563649177551,-0.0927877128124237,0.5610904693603516,0.519648551940918,0.47539716958999634,0.47674790024757385
294,train,2,0.5,0.0,15,pseudo_cycle_08_config_7,-1,0.3357495665550232,8393.7392578125,24.387296676635742,0.9031003713607788,0.9320420026779175,0.9321684241294861,-0.00012640586646739393,0.5320095419883728,0.4001588821411133,0.22126464545726776,1.4335317644054157e-07,0.17889410257339478,0.0,0.0,0.0,1.641536831855774,1.6072288751602173,0.6020034551620483,0.0,0.0,1.3797017335891724,0.04953055456280708,1.400202989578247,0.5814617276191711,0.469330370426178,0.4701160490512848
295,train,2,0.5,0.0,13,pseudo_cycle_08_config_5,-1,0.14250735938549042,3562.68359375,4.393466472625732,0.33563879132270813,0.3133435547351837,0.2960833013057709,0.01726025901734829,0.09871546924114227,0.1973678320646286,0.10837540030479431,8.654939875896162e-08,0.08899234235286713,0.0,0.0,0.0,1.69072425365448,1.7913987636566162,0.749314546585083,0.0,0.0,1.6335774660110474,0.18237613141536713,1.7229552268981934,0.5763265490531921,0.46067970991134644,0.4732498824596405
296,train,2,0.5,0.0,13,pseudo_cycle_08_config_5,-1,0.42041879892349243,10510.4697265625,38.2381591796875,1.9769232273101807,2.0071465969085693,2.0215818881988525,-0.014435394667088985,0.9145915508270264,1.1069903373718262,0.5885844230651855,3.959798391406366e-07,0.5184054374694824,0.0,0.0,0.0,1.7998034954071045,1.5862109661102295,0.5732757449150085,0.0,0.0,1.306066870689392,-0.007246918976306915,1.303227424621582,0.536960244178772,0.47261130809783936,0.4729365408420563
297,train,2,0.5,0.0,12,pseudo_cycle_08_config_4,-1,0.0996791198849678,2491.97802734375,2.1495180130004883,0.1310339868068695,0.10964913666248322,0.1256551593542099,-0.016006024554371834,0.051633644849061966,0.07402151823043823,0.01077775377780199,0.026451120153069496,0.03679264709353447,0.0,0.0,0.0,1.8075343370437622,1.4538257122039795,0.6771202087402344,0.0,0.0,1.694810152053833,0.22531460225582123,1.8093698024749756,0.8812860250473022,0.4982060194015503,0.46923643350601196
298,train,2,0.5,0.0,18,pseudo_cycle_08_config_10,-1,0.1967586725950241,4918.96630859375,61.94234085083008,0.2552845776081085,0.23179621994495392,0.23590771853923798,-0.004111503250896931,0.15303970873355865,0.08286800980567932,0.037539079785346985,0.013428128324449062,0.031900804489851,0.0,0.0,0.0,1.3749866485595703,1.7650642395019531,0.4172539710998535,0.0,0.0,0.6782880425453186,-0.06325331330299377,0.6654168963432312,0.5503896474838257,0.4718475043773651,0.46772250533103943
299,train,2,0.5,0.0,13,pseudo_cycle_08_config_5,-1,0.117657370865345,2941.434326171875,2.9948220252990723,0.21767623722553253,0.21630635857582092,0.2065201699733734,0.009786194190382957,0.06576738506555557,0.14075279235839844,0.0743410661816597,6.368963312297637e-08,0.06641165167093277,0.0,0.0,0.0,1.6524730920791626,1.7968419790267944,0.7942979335784912,0.0,0.0,1.6476078033447266,0.18803362548351288,1.7405494451522827,0.5723649263381958,0.4630104601383209,0.511314868927002
300,train,2,0.5,0.0,13,pseudo_cycle_08_config_5,-1,0.3884184956550598,9710.4619140625,32.638675689697266,1.8530222177505493,1.8058031797409058,1.7820478677749634,0.023755347356200218,0.7828809022903442,0.9991669654846191,0.5335131287574768,3.650994244708272e-07,0.4656534790992737,0.0,0.0,0.0,1.8049204349517822,1.6021218299865723,0.5871323347091675,0.0,0.0,1.362680435180664,0.012116131372749805,1.3676334619522095,0.5379709601402283,0.47027310729026794,0.46954426169395447
301,train,2,0.5,0.0,15,pseudo_cycle_08_config_7,-1,0.35764509439468384,8941.1259765625,27.671791076660156,0.9606660008430481,1.0103694200515747,1.0357437133789062,-0.025374267250299454,0.5986399054527283,0.43710386753082275,0.24056623876094818,1.536331097895527e-07,0.19653747975826263,0.0,0.0,0.0,1.6278833150863647,1.6081358194351196,0.5879619121551514,0.0,0.0,1.3302865028381348,0.04193706437945366,1.3470230102539062,0.578816831111908,0.4715235233306885,0.4728809595108032
302,train,2,0.5,0.0,12,pseudo_cycle_08_config_4,-1,0.14984220266342163,3746.05517578125,4.857368469238281,0.2771809697151184,0.2301291674375534,0.2684509754180908,-0.038321807980537415,0.11826618760824203,0.15018479526042938,0.02716740034520626,0.048946578055620193,0.07407081872224808,0.0,0.0,0.0,1.8321220874786377,1.3879752159118652,0.5981074571609497,0.0,0.0,1.6464135646820068,0.16940312087535858,1.730085849761963,1.0768795013427734,0.5059460401535034,0.45793962478637695
303,train,2,0.5,0.0,18,pseudo_cycle_08_config_10,-1,0.1954582929611206,4886.45703125,61.12628936767578,0.2534046471118927,0.2299555391073227,0.23390373587608337,-0.00394819350913167,0.15123337507247925,0.08267035335302353,0.037453219294548035,0.013388390652835369,0.03182874247431755,0.0,0.0,0.0,1.3768973350524902,1.7639802694320679,0.4169754385948181,0.0,0.0,0.6864879727363586,-0.0630478486418724,0.6735035181045532,0.5501183271408081,0.4716120660305023,0.46750515699386597
304,train,2,0.5,0.0,15,pseudo_cycle_08_config_7,-1,0.30110615491867065,7527.6533203125,19.614261627197266,0.8038298487663269,0.8004159927368164,0.7749397158622742,0.025476276874542236,0.4327552914619446,0.3421844244003296,0.19111022353172302,1.2594452414305124e-07,0.15107406675815582,0.0,0.0,0.0,1.6602184772491455,1.6165876388549805,0.6253710985183716,0.0,0.0,1.4464043378829956,0.06210978701710701,1.4733550548553467,0.5899928212165833,0.46630018949508667,0.46639370918273926
305,train,2,0.5,0.0,17,pseudo_cycle_08_config_9,-1,0.3122135102748871,7805.3369140625,155.96359252929688,0.7870995998382568,0.8256217241287231,0.8389984965324402,-0.013376747258007526,0.4667787551879883,0.3722197413444519,0.1906086504459381,1.1386961773496296e-07,0.18161095678806305,0.0,0.0,0.0,1.6655964851379395,1.6718378067016602,0.4728776216506958,0.0,0.0,0.7840391993522644,-0.08777069300413132,0.7633945345878601,0.5107104778289795,0.4838965833187103,0.4866023659706116
306,train,2,0.5,0.0,14,pseudo_cycle_08_config_6,-1,0.2583923041820526,6459.8076171875,14.444146156311035,0.4978388249874115,0.4931926131248474,0.5072457790374756,-0.01405315287411213,0.2642615735530853,0.24298419058322906,0.10647661983966827,0.04575713351368904,0.09075044095516205,0.0,0.0,0.0,1.3766926527023315,1.7494642734527588,0.5070238709449768,0.0,0.0,1.0928245782852173,-0.003616153262555599,1.0916390419006348,0.5566981434822083,0.4718412458896637,0.4744759798049927
307,train,2,0.5,0.0,19,pseudo_cycle_08_config_11,-1,0.28001177310943604,7000.29443359375,125.45051574707031,0.412758469581604,0.409795343875885,0.4504489600658417,-0.04065362364053726,0.3165176212787628,0.13393133878707886,0.07103883475065231,3.992296626620373e-08,0.06289247423410416,0.0,0.0,0.0,1.404130458831787,1.7847708463668823,0.4710400700569153,0.0,0.0,0.6357772350311279,-0.08369559794664383,0.6198136806488037,0.5460197925567627,0.4885834753513336,0.4834050238132477
