sample_index,split,source_id,sample_weight,aux_weight,config_index,config_name,velocity_index,U,Re,Ca,F_target,F_pred,F_physics,F_residual,F_stem,F_leaf,Fcol_1_pred,Fcol_2_pred,Fcol_3_pred,Fcol_1_true,Fcol_2_true,Fcol_3_true,Cd_stem_eff,Cd_leaf_eff,shielding_coef,shielding_target,angle_diff_deg,reconfiguration_factor,reconfiguration_correction,reconfiguration_gain,column_correction_1,column_correction_2,column_correction_3
0,train,3,1.0,1.0,0,PVC_20_0,0,0.05000000074505806,1250.0,0.15360000729560852,0.07093784958124161,0.05757363140583038,0.05552418529987335,0.002049447037279606,0.01185089536011219,0.04367329180240631,0.002005414804443717,0.01044201385229826,0.031225863844156265,0.0008135348907671869,0.012708019465208054,0.012708019465208054,1.648819923400879,2.011237621307373,0.884194016456604,0.9039982557296753,100.79964447021484,1.521903395652771,0.32821202278137207,1.6717555522918701,0.5098761320114136,0.4683162271976471,1.2382745742797852
1,train,3,1.0,1.0,0,PVC_20_0,1,0.07500000298023224,1875.0,0.3456000089645386,0.17443148791790009,0.08896059542894363,0.08800805360078812,0.0009525425266474485,0.02748543955385685,0.060522615909576416,0.005324201658368111,0.023328904062509537,0.03186950832605362,0.0018697602208703756,0.027825873345136642,0.027825873345136642,1.6995826959609985,2.023634195327759,0.8254221081733704,0.9087178111076355,101.7435531616211,1.6351076364517212,0.31633538007736206,1.7902803421020508,0.5583617687225342,0.46229737997055054,0.5212889313697815
2,train,3,1.0,1.0,0,PVC_20_0,2,0.10000000149011612,2500.0,0.6144000291824341,0.14795003831386566,0.14750993251800537,0.1484200358390808,-0.0009101059986278415,0.04825802892446518,0.10016199946403503,0.01042318157851696,0.038869962096214294,0.05086885392665863,0.003428105963394046,0.0476507768034935,0.0476507768034935,1.6785398721694946,1.9986803531646729,0.7790036797523499,0.91482013463974,102.96401977539062,1.6469985246658325,0.29905715584754944,1.7947624921798706,0.62099289894104,0.46366357803344727,0.4726942777633667
3,train,3,1.0,1.0,0,PVC_20_0,3,0.125,3125.0,0.9599999785423279,0.20464740693569183,0.21834588050842285,0.22300782799720764,-0.004661945626139641,0.07357270270586014,0.1494351327419281,0.01739225536584854,0.05648377910256386,0.075559101998806,0.005584338214248419,0.07105002552270889,0.07105002552270889,1.6377923488616943,1.9597926139831543,0.7425307631492615,0.9218372106552124,104.36743927001953,1.6410462856292725,0.27191975712776184,1.7749160528182983,0.6838874816894531,0.46653059124946594,0.4634016156196594
4,train,3,1.0,1.0,0,PVC_20_0,4,0.15000000596046448,3750.0,1.3824000358581543,0.270246684551239,0.2991601228713989,0.3100101947784424,-0.010850067250430584,0.10346703231334686,0.2065431773662567,0.026214106008410454,0.07597219198942184,0.10435687750577927,0.008491037413477898,0.09684506058692932,0.09684506058692932,1.5994904041290283,1.918311595916748,0.7133287191390991,0.9292217493057251,105.84434509277344,1.6316667795181274,0.24282234907150269,1.7505282163619995,0.7414826154708862,0.4698648154735565,0.46039333939552307
5,train,3,1.0,1.0,0,PVC_20_0,5,0.17499999701976776,4375.0,1.881600022315979,0.3938428461551666,0.38969671726226807,0.4094361960887909,-0.01973947137594223,0.13824966549873352,0.2711865305900574,0.036873556673526764,0.09735113382339478,0.13696184754371643,0.012395291589200497,0.12395953387022018,0.12395953387022018,1.5701825618743896,1.8787989616394043,0.6896223425865173,0.9363734722137451,107.27469635009766,1.6226269006729126,0.21635688841342926,1.7279468774795532,0.7926197648048401,0.4732837677001953,0.4591890573501587
6,train,3,1.0,1.0,0,PVC_20_0,6,0.20000000298023224,5000.0,2.4576001167297363,0.43085381388664246,0.49005889892578125,0.5215203166007996,-0.03146142512559891,0.1782454550266266,0.343274861574173,0.04938715323805809,0.12062441557645798,0.1732632964849472,0.01771606132388115,0.1515229493379593,0.1515229493379593,1.5499603748321533,1.842382550239563,0.6699502468109131,0.9426351189613342,108.52703094482422,1.614808440208435,0.19358769059181213,1.7085905075073242,0.838248610496521,0.4766433537006378,0.4586775004863739
7,train,3,1.0,1.0,0,PVC_20_0,7,0.22499999403953552,5625.0,3.1103999614715576,0.6180073022842407,0.6003026962280273,0.6464164853096008,-0.04611380025744438,0.22373919188976288,0.42267727851867676,0.06379374116659164,0.14573343098163605,0.21315012872219086,0.025219960138201714,0.178911954164505,0.178911954164505,1.5372313261032104,1.8088964223861694,0.6531886458396912,0.9472165703773499,109.44332122802734,1.608215570449829,0.17416679859161377,1.6922448873519897,0.8797774910926819,0.47990742325782776,0.45848217606544495
8,train,3,1.0,1.0,0,PVC_20_0,8,0.25,6250.0,3.8399999141693115,0.8448036313056946,0.7203916907310486,0.7841824293136597,-0.06379072368144989,0.2749888598918915,0.5091935396194458,0.08014117926359177,0.17257048189640045,0.2564818561077118,0.03648537024855614,0.2057376205921173,0.2057376205921173,1.5303728580474854,1.7778263092041016,0.6385267972946167,0.9489527344703674,109.79054260253906,1.6026324033737183,0.15741825103759766,1.6783174276351929,0.9184361696243286,0.4830840528011322,0.45844992995262146
9,train,3,1.0,1.0,0,PVC_20_0,9,0.2750000059604645,6875.0,4.646399974822998,1.050018072128296,0.8502283692359924,0.9348114728927612,-0.08458308130502701,0.332244336605072,0.6025671362876892,0.09847799688577652,0.20099709928035736,0.30309203267097473,0.055444035679101944,0.2318010926246643,0.2318010926246643,1.528109073638916,1.7486555576324463,0.6253947019577026,0.9455310702323914,109.10620880126953,1.5978206396102905,0.14270760118961334,1.666226863861084,0.9551510810852051,0.48619505763053894,0.4585106670856476
10,train,3,1.0,1.0,0,PVC_20_0,10,0.30000001192092896,7500.0,5.529600143432617,1.2444380521774292,0.9896925687789917,1.0982667207717896,-0.10857415199279785,0.3957606852054596,0.7025060057640076,0.11884867399930954,0.23085898160934448,0.35279834270477295,0.09599050879478455,0.25704047083854675,0.25704047083854675,1.5295097827911377,1.7209653854370117,0.613392174243927,0.9301102161407471,106.02204132080078,1.593575119972229,0.12952879071235657,1.6554993391036987,0.9905751347541809,0.48926448822021484,0.4586291015148163
11,train,3,1.0,1.0,0,PVC_20_0,11,0.32499998807907104,8125.0,6.48960018157959,1.354056715965271,1.1386712789535522,1.2745041847229004,-0.13583292067050934,0.4658053517341614,0.8086987733840942,0.1412903070449829,0.261996865272522,0.40541160106658936,0.2500753104686737,0.28148239850997925,0.28148239850997925,1.5339100360870361,1.694448709487915,0.6022398471832275,0.8688808679580688,93.77617645263672,1.5897282361984253,0.11750708520412445,1.645769476890564,1.025144100189209,0.4923129379749298,0.45878666639328003
12,train,3,1.0,1.0,0,PVC_20_0,12,0.3499999940395355,8750.0,7.526400089263916,1.6986725330352783,1.2970821857452393,1.4634921550750732,-0.16640998423099518,0.5426617860794067,0.9208303689956665,0.1658298522233963,0.29425525665283203,0.46074530482292175,0.5733868479728699,0.30520471930503845,0.30520471930503845,1.5408321619033813,1.668900966644287,0.5917426347732544,0.778120756149292,75.62416076660156,1.5861462354660034,0.1063760370016098,1.636764645576477,1.0591232776641846,0.4953557848930359,0.45897263288497925
13,train,3,1.0,1.0,0,PVC_20_0,13,0.375,9375.0,8.640000343322754,1.9440239667892456,1.4648913145065308,1.6652238368988037,-0.20033250749111176,0.6266292929649353,1.0385944843292236,0.19248124957084656,0.3274896740913391,0.5186235308647156,0.8262953162193298,0.3283105492591858,0.3283105492591858,1.5499236583709717,1.6442029476165771,0.5817669630050659,0.7271667718887329,65.43335723876953,1.5827202796936035,0.09595643728971481,1.628281831741333,1.0926412343978882,0.4984019696712494,0.45918047428131104
14,train,3,1.0,1.0,0,PVC_20_0,14,0.4000000059604645,10000.0,9.830400466918945,2.125422716140747,1.6421245336532593,1.8797259330749512,-0.2376013994216919,0.7180202007293701,1.161705732345581,0.22124309837818146,0.36157315969467163,0.5788894891738892,1.0331017971038818,0.3509112596511841,0.3509112596511841,1.5609132051467896,1.6203044652938843,0.5722241401672363,0.6930793523788452,58.615875244140625,1.5793591737747192,0.08613884449005127,1.6201725006103516,1.1257151365280151,0.5014537572860718,0.4594058096408844
15,train,3,1.0,1.0,0,PVC_20_0,15,0.42500001192092896,10625.0,11.097599983215332,2.3944380283355713,1.828878402709961,2.107067108154297,-0.27818864583969116,0.8171548843383789,1.289912223815918,0.252096563577652,0.39640194177627563,0.6414137482643127,1.2118146419525146,0.3731164038181305,0.3731164038181305,1.5735794305801392,1.597212314605713,0.5630595684051514,0.6676045656204224,53.52091598510742,1.5759856700897217,0.07686807960271835,1.6123286485671997,1.1582694053649902,0.5045058131217957,0.45964545011520386
16,train,3,1.0,1.0,0,PVC_20_0,16,0.44999998807907104,11250.0,12.44159984588623,2.6817269325256348,2.025324583053589,2.347362995147705,-0.3220384418964386,0.9243534803390503,1.4230093955993652,0.2850048840045929,0.431901216506958,0.7061032652854919,1.370949149131775,0.395028293132782,0.395028293132782,1.5877248048782349,1.5749809741973877,0.5542447566986084,0.6474189162254333,49.48377990722656,1.5725290775299072,0.06813578307628632,1.6046726703643799,1.1901514530181885,0.5075453519821167,0.45989659428596497
17,train,3,1.0,1.0,0,PVC_20_0,17,0.4749999940395355,11875.0,13.86240005493164,2.9678232669830322,2.2317087650299072,2.6007742881774902,-0.36906561255455017,1.0399237871170044,1.5608506202697754,0.319912850856781,0.46802839636802673,0.7729093432426453,1.515420913696289,0.4167393147945404,0.4167393147945404,1.6031582355499268,1.5537025928497314,0.5457713007926941,0.6308286190032959,46.16572570800781,1.5689258575439453,0.05997036024928093,1.5971524715423584,1.2211440801620483,0.5105505585670471,0.46015676856040955
18,train,3,1.0,1.0,0,PVC_20_0,18,0.5,12500.0,15.359999656677246,3.0878708362579346,2.448345184326172,2.867506980895996,-0.41916176676750183,1.1641489267349243,1.7033581733703613,0.3567485809326172,0.5047764778137207,0.8418330550193787,1.6484487056732178,0.4383312165737152,0.4383312165737152,1.6196852922439575,1.5334995985031128,0.5376462340354919,0.6168425679206848,43.36851501464844,1.5651144981384277,0.05242832005023956,1.5897313356399536,1.2509832382202148,0.5134921669960022,0.46042323112487793
19,train,3,1.0,1.0,1,PVC_20_180,0,0.05000000074505806,1250.0,0.15360000729560852,0.30792152881622314,0.05444078892469406,0.05214773491024971,0.0022930530831217766,0.010838744230568409,0.041308991611003876,0.007900900207459927,1.013698458507406e-08,0.03340808302164078,0.013280894607305527,1.3017747316988583e-22,0.013280894607305527,1.5079989433288574,1.9125683307647705,0.9532294273376465,0.9950531721115112,119.01063537597656,0.9864043593406677,0.26447033882141113,1.064666748046875,0.5173502564430237,0.5222527384757996,2.1875579357147217
20,train,3,1.0,1.0,1,PVC_20_180,1,0.07500000298023224,1875.0,0.3456000089645386,0.17357100546360016,0.134439617395401,0.12916111946105957,0.005278497468680143,0.026203623041510582,0.10295750200748444,0.026713907718658447,3.031785666962605e-08,0.0762435644865036,0.030723044648766518,2.8289993467871503e-22,0.030723044648766518,1.6203205585479736,2.0045900344848633,0.9241983890533447,0.9886112809181213,117.72225952148438,1.4366391897201538,0.2634558379650116,1.5501863956451416,0.5094295740127563,0.46918195486068726,1.453951358795166
21,train,3,1.0,1.0,1,PVC_20_180,2,0.10000000149011612,2500.0,0.6144000291824341,0.34319770336151123,0.18070268630981445,0.17263856530189514,0.008064113557338715,0.04798651859164238,0.12465204298496246,0.05403517186641693,5.678916892293273e-08,0.07061681151390076,0.05678054317831993,4.807654095618108e-22,0.05678054317831993,1.6690959930419922,2.0558152198791504,0.8864766955375671,0.9791058301925659,115.8211669921875,1.5670409202575684,0.2596600353717804,1.689110279083252,0.5186963081359863,0.46120718121528625,0.6778673529624939
22,train,3,1.0,1.0,1,PVC_20_180,3,0.125,3125.0,0.9599999785423279,0.31932196021080017,0.2682034969329834,0.254608154296875,0.0135953389108181,0.07588911801576614,0.17871902883052826,0.08937432616949081,8.852052957308842e-08,0.08934461325407028,0.09318999201059341,7.104417698677035e-22,0.09318999201059341,1.6893576383590698,2.0855984687805176,0.8551477789878845,0.9660651087760925,113.21302032470703,1.6059085130691528,0.2560972273349762,1.729289174079895,0.5286560654640198,0.45922398567199707,0.5284802913665771
23,train,3,1.0,1.0,1,PVC_20_180,4,0.15000000596046448,3750.0,1.3824000358581543,0.31083568930625916,0.3848516345024109,0.3633965253829956,0.021455110982060432,0.10991175472736359,0.2534847855567932,0.13222387433052063,1.2531337745258497e-07,0.12126079946756363,0.14211547374725342,3.0935381589327246e-21,0.14211547374725342,1.699118971824646,2.101088047027588,0.8305224776268005,0.9489836692810059,109.7967300415039,1.6180930137634277,0.2504468858242035,1.7396668195724487,0.5359147787094116,0.45866239070892334,0.49148041009902954
24,train,3,1.0,1.0,1,PVC_20_180,5,0.17499999701976776,4375.0,1.881600022315979,0.5591400265693665,0.5239146947860718,0.49275845289230347,0.031156213954091072,0.15017612278461456,0.3425823450088501,0.1818612813949585,1.6673578784320853e-07,0.16072089970111847,0.20557907223701477,4.078542853266631e-21,0.20557907223701477,1.7056384086608887,2.106409788131714,0.8104645609855652,0.927563488483429,105.51270294189453,1.6204336881637573,0.24294142425060272,1.7385348081588745,0.5405260920524597,0.4585983455181122,0.4776928424835205
25,train,3,1.0,1.0,1,PVC_20_180,6,0.20000000298023224,5000.0,2.4576001167297363,0.6062102913856506,0.6826959848403931,0.6404187679290771,0.04227720946073532,0.1968258023262024,0.44359299540519714,0.23755796253681183,2.1223031865247322e-07,0.2060348242521286,0.28418269753456116,5.143182058862414e-21,0.28418269753456116,1.7115284204483032,2.104297399520874,0.7933022975921631,0.9021280407905579,100.42560577392578,1.618280053138733,0.2342662364244461,1.7320125102996826,0.543163001537323,0.45876532793045044,0.47108709812164307
26,train,3,1.0,1.0,1,PVC_20_180,7,0.22499999403953552,5625.0,3.1103999614715576,0.8631705045700073,0.8592265248298645,0.8048560619354248,0.0543704628944397,0.24998801946640015,0.5548680424690247,0.29854926466941833,2.61120504774226e-07,0.25631850957870483,0.3756729066371918,6.2701978720074416e-21,0.3756729066371918,1.7175774574279785,2.0963025093078613,0.7779344916343689,0.8739358186721802,94.78716278076172,1.6135960817337036,0.22480925917625427,1.7224215269088745,0.5444228053092957,0.4590706527233124,0.46741241216659546
27,train,3,1.0,1.0,1,PVC_20_180,8,0.25,6250.0,3.8399999141693115,1.0573121309280396,1.051486611366272,0.9845796823501587,0.0669068843126297,0.30977022647857666,0.674809455871582,0.36397692561149597,3.125999228359433e-07,0.3108322024345398,0.47503334283828735,2.200904255082346e-21,0.47503334283828735,1.7239385843276978,2.083176374435425,0.7636426687240601,0.8448962569236755,88.97925567626953,1.6071511507034302,0.2147010713815689,1.7106683254241943,0.5447293519973755,0.45948028564453125,0.4651927053928375
28,train,3,1.0,1.0,1,PVC_20_180,9,0.2750000059604645,6875.0,4.646399974822998,1.2427419424057007,1.2571779489517212,1.1779394149780273,0.07923853397369385,0.3762631118297577,0.8016762733459473,0.4328649044036865,3.6574110140463745e-07,0.3688109815120697,0.5766147971153259,2.6106018041597455e-21,0.5766147971153259,1.7305668592453003,2.065234899520874,0.7499518990516663,0.8167735934257507,83.3547134399414,1.5992363691329956,0.20394358038902283,1.6970826387405396,0.5443688631057739,0.459983766078949,0.463814914226532
29,train,3,1.0,1.0,1,PVC_20_180,10,0.30000001192092896,7500.0,5.529600143432617,1.5060391426086426,1.473671555519104,1.3830897808074951,0.09058178216218948,0.44954511523246765,0.9335446357727051,0.504126250743866,4.195164251541428e-07,0.4294179379940033,0.6762266159057617,3.0584045913771367e-21,0.6762266159057617,1.7373722791671753,2.042606830596924,0.7365419864654541,0.7906438708305359,78.12877655029297,1.5899261236190796,0.19248239696025848,1.6817359924316406,0.5435419082641602,0.46058139204978943,0.4629923701286316
30,train,3,1.0,1.0,1,PVC_20_180,11,0.32499998807907104,8125.0,6.48960018157959,1.597334623336792,1.6980433464050293,1.5980217456817627,0.10002162307500839,0.5296816229820251,1.0683401823043823,0.5765975713729858,4.728294697997626e-07,0.4917421042919159,0.771656334400177,3.5438832744536875e-21,0.771656334400177,1.7442564964294434,2.0153870582580566,0.7231910228729248,0.766912579536438,73.38251495361328,1.5791820287704468,0.18023814260959625,1.664570689201355,0.5424056053161621,0.4612794518470764,0.46258196234703064
31,train,3,1.0,1.0,1,PVC_20_180,12,0.3499999940395355,8750.0,7.526400089263916,1.9695085287094116,1.927168846130371,1.8206381797790527,0.10653069615364075,0.6167218089103699,1.2039164304733276,0.6490945816040039,5.245601073511352e-07,0.5548213124275208,0.8621596693992615,1.1680538468040135e-22,0.8621596693992615,1.7511178255081177,1.983748197555542,0.7097436785697937,0.7455744743347168,69.1148910522461,1.5668962001800537,0.16712245345115662,1.645455241203308,0.5411006212234497,0.4620884358882904,0.46251222491264343
32,train,3,1.0,1.0,1,PVC_20_180,13,0.375,9375.0,8.640000343322754,2.2906291484832764,2.15787935256958,2.048875331878662,0.10900392383337021,0.7106923460960388,1.3381829261779785,0.720491349697113,5.736307002734975e-07,0.617690920829773,0.9478147625923157,1.0756810115930194e-22,0.9478147625923157,1.757847785949707,1.9480259418487549,0.696096658706665,0.7264378666877747,65.2875747680664,1.5529109239578247,0.15305757522583008,1.6242163181304932,0.5397670269012451,0.46302205324172974,0.46275249123573303
33,train,3,1.0,1.0,1,PVC_20_180,14,0.4000000059604645,10000.0,9.830400466918945,2.650298833847046,2.3871960639953613,2.2808852195739746,0.10631075501441956,0.8115884065628052,1.4692966938018799,0.7898293733596802,6.191093007146264e-07,0.6794667840003967,1.0290770530700684,9.475226058219414e-23,1.0290770530700684,1.7643225193023682,1.9088175296783447,0.6822012662887573,0.7092531323432922,61.850624084472656,1.5370386838912964,0.1380007565021515,1.6006723642349243,0.5385489463806152,0.46409621834754944,0.46329766511917114
34,train,3,1.0,1.0,1,PVC_20_180,15,0.42500001192092896,10625.0,11.097599983215332,2.8269872665405273,2.6126484870910645,2.5152835845947266,0.0973648801445961,0.9193744659423828,1.5959091186523438,0.8564476370811462,6.60343744129932e-07,0.7394607663154602,1.1065337657928467,8.751692933370289e-23,1.1065337657928467,1.7704216241836548,1.8670583963394165,0.6680746078491211,0.6937710642814636,58.754215240478516,1.519086241722107,0.12198082357645035,1.5746760368347168,0.5375916957855225,0.46532687544822693,0.4641591012477875
35,train,3,1.0,1.0,1,PVC_20_180,16,0.44999998807907104,11250.0,12.44159984588623,3.2195968627929688,2.8326427936553955,2.7514262199401855,0.08121659606695175,1.033995270729065,1.7174309492111206,0.920113742351532,6.971081347728614e-07,0.7973164916038513,1.1807831525802612,1.4413170314209997e-23,1.1807831525802612,1.7760519981384277,1.8240739107131958,0.6538143754005432,0.6797662973403931,55.95326232910156,1.4988906383514404,0.10513303428888321,1.5461654663085938,0.5370279550552368,0.4667263627052307,0.46535688638687134
36,train,3,1.0,1.0,1,PVC_20_180,17,0.4749999940395355,11875.0,13.86240005493164,3.643343448638916,3.046807289123535,2.9896512031555176,0.05715606361627579,1.155403971672058,1.834247350692749,0.9811237454414368,7.2971306508407e-07,0.853122889995575,1.2523813247680664,2.179188649855603e-23,1.2523813247680664,1.7811839580535889,1.7815370559692383,0.6396051645278931,0.6670430302619934,53.408607482910156,1.4763646125793457,0.08772356808185577,1.5152182579040527,0.5369641780853271,0.46829870343208313,0.46690988540649414
37,train,3,1.0,1.0,1,PVC_20_180,18,0.5,12500.0,15.359999656677246,4.037886619567871,3.2561888694763184,3.2313756942749023,0.02481326274573803,1.283600091934204,1.9477756023406982,1.0403140783309937,7.590273867208452e-07,0.9074608087539673,1.3218237161636353,7.380154498657305e-22,1.3218237161636353,1.785878300666809,1.7413339614868164,0.6257078647613525,0.6554343104362488,51.08686828613281,1.4515451192855835,0.0701477974653244,1.482092022895813,0.5374597907066345,0.4700332581996918,0.46882346272468567
38,train,3,1.0,1.0,2,PVC_10_0,0,0.05000000074505806,1250.0,0.15360000729560852,0.004296653904020786,0.03298935294151306,0.030690040439367294,0.002299313899129629,0.009994338266551495,0.020695703104138374,0.0014094887301325798,0.0048614018596708775,0.014424812979996204,0.00040676744538359344,0.006354009732604027,0.006354009732604027,1.3905165195465088,1.7724504470825195,0.8895203471183777,0.9039982557296753,100.79964447021484,1.6262917518615723,0.3180725574493408,1.7814754247665405,0.763192892074585,0.4615517258644104,1.2182177305221558
39,train,3,1.0,1.0,2,PVC_10_0,1,0.07500000298023224,1875.0,0.3456000089645386,0.0044425735250115395,0.054531197994947433,0.05350784212350845,0.0010233550565317273,0.024419916793704033,0.02908792532980442,0.0037581478245556355,0.01097710058093071,0.014352677389979362,0.0009348801104351878,0.013912936672568321,0.013912936672568321,1.510023832321167,1.8844298124313354,0.8181496858596802,0.9087178111076355,101.7435531616211,1.6837307214736938,0.29452401399612427,1.8325004577636719,0.8269780278205872,0.4604867100715637,0.49260079860687256
40,train,3,1.0,1.0,2,PVC_10_0,2,0.10000000149011612,2500.0,0.6144000291824341,0.11792551726102829,0.09159928560256958,0.09284856915473938,-0.0012492856476455927,0.04384056478738785,0.04900800436735153,0.007208750117570162,0.018112575635313988,0.02368667908012867,0.001714052981697023,0.02382538840174675,0.02382538840174675,1.5248889923095703,1.8843413591384888,0.7632665634155273,0.91482013463974,102.96401977539062,1.6725624799728394,0.2691723108291626,1.8076246976852417,0.9046045541763306,0.4644562900066376,0.4636017084121704
41,train,3,1.0,1.0,2,PVC_10_0,3,0.125,3125.0,0.9599999785423279,0.3397746682167053,0.13400062918663025,0.13961157202720642,-0.005610946100205183,0.06714119762182236,0.07247037440538406,0.011529712937772274,0.02585674449801445,0.035083916038274765,0.0027921691071242094,0.035525012761354446,0.035525012761354446,1.4946212768554688,1.847064733505249,0.7204603552818298,0.9218372106552124,104.36743927001953,1.652253270149231,0.22811831533908844,1.7653261423110962,0.9672931432723999,0.4696187674999237,0.4590814411640167
42,train,3,1.0,1.0,2,PVC_10_0,4,0.15000000596046448,3750.0,1.3824000358581543,0.16250543296337128,0.18151354789733887,0.19378572702407837,-0.012272180989384651,0.09473390132188797,0.0990518257021904,0.016663357615470886,0.03426530584692955,0.04812316223978996,0.004245518706738949,0.04842253029346466,0.04842253029346466,1.4644852876663208,1.803773045539856,0.686750054359436,0.9292217493057251,105.84434509277344,1.6333667039871216,0.18893316388130188,1.7259458303451538,1.0168049335479736,0.47486820816993713,0.4580061733722687
43,train,3,1.0,1.0,2,PVC_10_0,5,0.17499999701976776,4375.0,1.881600022315979,0.17313167452812195,0.23504561185836792,0.25622206926345825,-0.021176457405090332,0.12732575833797455,0.1288963258266449,0.022661712020635605,0.04342438653111458,0.06281023472547531,0.006197645794600248,0.06197976693511009,0.06197976693511009,1.4461133480072021,1.7628624439239502,0.6597728729248047,0.9363734722137451,107.27469635009766,1.6177821159362793,0.1571924090385437,1.6940730810165405,1.0590898990631104,0.47975707054138184,0.4578387141227722
44,train,3,1.0,1.0,2,PVC_10_0,6,0.20000000298023224,5000.0,2.4576001167297363,0.32816481590270996,0.29523906111717224,0.3275411128997803,-0.032302048057317734,0.16546577215194702,0.16207534074783325,0.029589859768748283,0.0533471405506134,0.07913834601640701,0.008858030661940575,0.07576147466897964,0.07576147466897964,1.4388326406478882,1.7258884906768799,0.6375818252563477,0.9426351189613342,108.52703094482422,1.6050721406936646,0.13210275769233704,1.66868257522583,1.0979008674621582,0.4842141568660736,0.4579828679561615
45,train,3,1.0,1.0,2,PVC_10_0,7,0.22499999403953552,5625.0,3.1103999614715576,0.4748879671096802,0.3624584972858429,0.4081420302391052,-0.04568353667855263,0.2095855176448822,0.19855651259422302,0.03749661147594452,0.06399808824062347,0.09706180542707443,0.012609980069100857,0.0894559770822525,0.0894559770822525,1.4399864673614502,1.6925320625305176,0.618777871131897,0.9472165703773499,109.44332122802734,1.5944762229919434,0.11187606304883957,1.6479912996292114,1.1350157260894775,0.48829707503318787,0.45824769139289856
46,train,3,1.0,1.0,2,PVC_10_0,8,0.25,6250.0,3.8399999141693115,0.5574852824211121,0.43694108724594116,0.4983208179473877,-0.06137973815202713,0.26007261872291565,0.23824818432331085,0.04641357436776161,0.07532013207674026,0.11651447415351868,0.01824268512427807,0.10286881029605865,0.10286881029605865,1.4473607540130615,1.662152886390686,0.6024112701416016,0.9489527344703674,109.79054260253906,1.585349440574646,0.09508788585662842,1.6305737495422363,1.1711708307266235,0.492079496383667,0.4585610330104828
47,train,3,1.0,1.0,2,PVC_10_0,9,0.2750000059604645,6875.0,4.646399974822998,0.5972995758056641,0.5188926458358765,0.598341703414917,-0.07944908738136292,0.31730684638023376,0.2810348868370056,0.056357529014348984,0.08725155144929886,0.13742582499980927,0.027722017839550972,0.11590054631233215,0.11590054631233215,1.4594061374664307,1.6342189311981201,0.5878536701202393,0.9455310702323914,109.10620880126953,1.5772082805633545,0.080797478556633,1.61543869972229,1.206570029258728,0.4956173896789551,0.4588925242424011
48,train,3,1.0,1.0,2,PVC_10_0,10,0.30000001192092896,7500.0,5.529600143432617,0.7768981456756592,0.6085358262062073,0.708472728729248,-0.09993690997362137,0.38166889548301697,0.32680386304855347,0.06733245402574539,0.09973751753568649,0.1597338765859604,0.04799525439739227,0.12852023541927338,0.12852023541927338,1.4750487804412842,1.6083927154541016,0.5746989846229553,0.9301102161407471,106.02204132080078,1.5697004795074463,0.06843584775924683,1.6019275188446045,1.2411197423934937,0.49894124269485474,0.45922794938087463
49,train,3,1.0,1.0,2,PVC_10_0,11,0.32499998807907104,8125.0,6.48960018157959,0.982464611530304,0.7061288356781006,0.8289967775344849,-0.12286793440580368,0.45353415608406067,0.3754626512527466,0.07933086901903152,0.11273759603500366,0.1833941787481308,0.12503765523433685,0.14074119925498962,0.14074119925498962,1.493500828742981,1.584515929222107,0.5626912713050842,0.8688808679580688,93.77617645263672,1.5625650882720947,0.05768194422125816,1.5896046161651611,1.274548888206482,0.5020591616630554,0.4595596194267273
50,train,3,1.0,1.0,2,PVC_10_0,12,0.3499999940395355,8750.0,7.526400089263916,1.096636176109314,0.8119653463363647,0.9602085947990417,-0.1482432633638382,0.5332546234130859,0.4269539713859558,0.09233567118644714,0.12623117864131927,0.2083871215581894,0.28669342398643494,0.15260235965251923,0.15260235965251923,1.5141215324401855,1.5625689029693604,0.5516771078109741,0.778120756149292,75.62416076660156,1.5556076765060425,0.048377085477113724,1.5781843662261963,1.3064815998077393,0.5049605965614319,0.4598822593688965
51,train,3,1.0,1.0,2,PVC_10_0,13,0.375,9375.0,8.640000343322754,1.2108826637268066,0.9263588786125183,1.1023985147476196,-0.1760396510362625,0.6211348176002502,0.4812637269496918,0.10632222890853882,0.14021949470043182,0.23472200334072113,0.4131476581096649,0.1641552746295929,0.1641552746295929,1.536333441734314,1.5426278114318848,0.5415693521499634,0.7271667718887329,65.43335723876953,1.548675537109375,0.04045914486050606,1.56747305393219,1.3364938497543335,0.5076206922531128,0.4601916968822479
52,train,3,1.0,1.0,2,PVC_10_0,14,0.4000000059604645,10000.0,9.830400466918945,1.3690028190612793,1.049621343612671,1.2558339834213257,-0.2062126249074936,0.7174083590507507,0.538425624370575,0.12126104533672333,0.15472577512264252,0.2624388039112091,0.5165508985519409,0.17545562982559204,0.17545562982559204,1.5595831871032715,1.5248275995254517,0.532321572303772,0.6930793523788452,58.615875244140625,1.541646957397461,0.0339137464761734,1.557331919670105,1.3641622066497803,0.5100060701370239,0.46048423647880554
53,train,3,1.0,1.0,2,PVC_10_0,15,0.42500001192092896,10625.0,11.097599983215332,1.6664570569992065,1.182034969329834,1.4207351207733154,-0.23870018124580383,0.8222159743309021,0.5985192060470581,0.13711994886398315,0.16979289054870605,0.2916063666343689,0.6059073209762573,0.18655820190906525,0.18655820190906525,1.5833255052566528,1.5093283653259277,0.5239090323448181,0.6676045656204224,53.52091598510742,1.5344188213348389,0.028738776221871376,1.5476480722427368,1.3890999555587769,0.5120808482170105,0.46075695753097534
54,train,3,1.0,1.0,2,PVC_10_0,16,0.44999998807907104,11250.0,12.44159984588623,1.7020379304885864,1.3238242864608765,1.5972551107406616,-0.27343082427978516,0.9355942606925964,0.6616608500480652,0.15386521816253662,0.18547824025154114,0.3223173916339874,0.6854745745658875,0.197514146566391,0.197514146566391,1.6070325374603271,1.4962900876998901,0.5163138508796692,0.6474189162254333,49.48377990722656,1.5268956422805786,0.024915967136621475,1.53830885887146,1.4109864234924316,0.5138112902641296,0.46100765466690063
55,train,3,1.0,1.0,2,PVC_10_0,17,0.4749999940395355,11875.0,13.86240005493164,1.914313793182373,1.4751332998275757,1.7854646444320679,-0.3103313446044922,1.0574772357940674,0.7279874086380005,0.17146062850952148,0.20184747874736786,0.35467928647994995,0.7577104568481445,0.2083696573972702,0.2083696573972702,1.6302189826965332,1.4858489036560059,0.5095155239105225,0.6308286190032959,46.16572570800781,1.5189814567565918,0.022389264777302742,1.5291839838027954,1.4295833110809326,0.5151728987693787,0.4612356722354889
56,train,3,1.0,1.0,2,PVC_10_0,18,0.5,12500.0,15.359999656677246,2.087332010269165,1.6360112428665161,1.9853514432907104,-0.34934020042419434,1.1877139806747437,0.7976374626159668,0.1898650974035263,0.21896740794181824,0.38880494236946106,0.8242243528366089,0.2191656082868576,0.2191656082868576,1.6524715423583984,1.4781126976013184,0.5034826993942261,0.6168425679206848,43.36851501464844,1.510570764541626,0.021056419238448143,1.5201128721237183,1.4447357654571533,0.5161551237106323,0.46144193410873413
57,train,3,1.0,1.0,3,PVC_10_180,0,0.05000000074505806,1250.0,0.15360000729560852,0.1761522889137268,0.0446573831140995,0.0400041788816452,0.004653202835470438,0.009915879927575588,0.03008829802274704,0.010683280415832996,5.393112623153229e-09,0.01940501295030117,0.006640447303652763,6.508873658494291e-23,0.006640447303652763,1.3796005249023438,1.6861385107040405,0.9558884501457214,0.9950531721115112,119.01063537597656,1.3258845806121826,0.19759495556354523,1.404481053352356,1.202996015548706,0.47648924589157104,2.1851108074188232
58,train,3,1.0,1.0,3,PVC_10_180,1,0.07500000298023224,1875.0,0.3456000089645386,0.1749381422996521,0.08730956166982651,0.07981254160404205,0.007497021462768316,0.02378240041434765,0.056030139327049255,0.026630079373717308,1.454294462632788e-08,0.029400046914815903,0.015361522324383259,1.4144996733935752e-22,0.015361522324383259,1.4706025123596191,1.8234190940856934,0.9110649824142456,0.9886112809181213,117.72225952148438,1.6192322969436646,0.16482870280742645,1.6993011236190796,1.018595814704895,0.45792433619499207,1.1245465278625488
59,train,3,1.0,1.0,3,PVC_10_180,2,0.10000000149011612,2500.0,0.6144000291824341,0.10751472413539886,0.12907886505126953,0.11875651776790619,0.010322344489395618,0.04391608014702797,0.07484044134616852,0.04662472754716873,2.6594390689638203e-08,0.028215691447257996,0.028390271589159966,2.403827047809054e-22,0.028390271589159966,1.5275156497955322,1.9285550117492676,0.865043580532074,0.9791058301925659,115.8211669921875,1.6674317121505737,0.15982507169246674,1.7473809719085693,0.9223704934120178,0.4561445116996765,0.5581870079040527
60,train,3,1.0,1.0,3,PVC_10_180,3,0.125,3125.0,0.9599999785423279,0.198393777012825,0.19583019614219666,0.18017897009849548,0.01565122976899147,0.0698503777384758,0.11032858490943909,0.07042153924703598,4.131458197775828e-08,0.03990699723362923,0.04659499600529671,3.5522088493385176e-22,0.04659499600529671,1.5549300909042358,1.983564019203186,0.8328225612640381,0.9660651087760925,113.21302032470703,1.6738595962524414,0.16053645312786102,1.75447416305542,0.8633781671524048,0.45615002512931824,0.48926544189453125
61,train,3,1.0,1.0,3,PVC_10_180,4,0.15000000596046448,3750.0,1.3824000358581543,0.27636855840682983,0.2764374911785126,0.2542130947113037,0.02222440578043461,0.10114656388759613,0.1530665159225464,0.0970974937081337,5.830083438240763e-08,0.05596896633505821,0.07105773687362671,1.5467690794663623e-21,0.07105773687362671,1.5636183023452759,2.005528211593628,0.8090791702270508,0.9489836692810059,109.7967300415039,1.6697266101837158,0.1579885482788086,1.7488658428192139,0.8202551603317261,0.45654749870300293,0.4728117287158966
62,train,3,1.0,1.0,3,PVC_10_180,5,0.17499999701976776,4375.0,1.881600022315979,0.3855060040950775,0.3677327334880829,0.3384336829185486,0.0292990580201149,0.1377095878124237,0.20072411000728607,0.12592335045337677,7.716264605051038e-08,0.07480068504810333,0.10278953611850739,2.0392714266333154e-21,0.10278953611850739,1.5640485286712646,2.0076515674591064,0.7899242639541626,0.927563488483429,105.51270294189453,1.6617873907089233,0.15262746810913086,1.7378778457641602,0.7856540679931641,0.457096666097641,0.4666922986507416
63,train,3,1.0,1.0,3,PVC_10_180,6,0.20000000298023224,5000.0,2.4576001167297363,0.4729076027870178,0.46801772713661194,0.43175336718559265,0.03626435995101929,0.1796068251132965,0.25214654207229614,0.15630288422107697,9.752948670893602e-08,0.09584354609251022,0.14209134876728058,2.571591029431207e-21,0.14209134876728058,1.5617982149124146,1.9973125457763672,0.7734106183052063,0.9021280407905579,100.42560577392578,1.6519603729248047,0.14560376107692719,1.7241199016571045,0.7564883232116699,0.45774364471435547,0.46387186646461487
64,train,3,1.0,1.0,3,PVC_10_180,7,0.22499999403953552,5625.0,3.1103999614715576,0.585237979888916,0.5758313536643982,0.5333011746406555,0.04253015294671059,0.22693292796611786,0.30636826157569885,0.18766410648822784,1.1899390273129029e-07,0.11870402842760086,0.1878364533185959,3.1350989360037208e-21,0.1878364533185959,1.5591742992401123,1.9783942699432373,0.7583869695663452,0.8739358186721802,94.78716278076172,1.6407605409622192,0.1375279724597931,1.7084555625915527,0.7311532497406006,0.4584820568561554,0.46247968077659607
65,train,3,1.0,1.0,3,PVC_10_180,8,0.25,6250.0,3.8399999141693115,0.6845232844352722,0.6896543502807617,0.6422065496444702,0.0474478080868721,0.2797711193561554,0.36243540048599243,0.21943558752536774,1.41086587746031e-07,0.14299967885017395,0.23751667141914368,1.100452127541173e-21,0.23751667141914368,1.556986927986145,1.9529834985733032,0.7440600395202637,0.8448962569236755,88.97925567626953,1.628190279006958,0.1286359578371048,1.6910234689712524,0.7087410688400269,0.4593244194984436,0.46186551451683044
66,train,3,1.0,1.0,3,PVC_10_180,9,0.2750000059604645,6875.0,4.646399974822998,0.8764917254447937,0.8078594207763672,0.7575929164886475,0.05026648938655853,0.3381907343864441,0.41940218210220337,0.2510716915130615,1.6328245067143143e-07,0.1683303415775299,0.28830739855766296,1.3053009020798728e-21,0.28830739855766296,1.5554585456848145,1.922356367111206,0.7298438549041748,0.8167735934257507,83.3547134399414,1.6140294075012207,0.1190008744597435,1.671650767326355,0.6887500882148743,0.46029335260391235,0.46177056431770325
67,train,3,1.0,1.0,3,PVC_10_180,10,0.30000001192092896,7500.0,5.529600143432617,0.9029657244682312,0.9287645816802979,0.8786438703536987,0.05012069270014763,0.4022558629512787,0.47638800740242004,0.2820993661880493,1.8502875320791645e-07,0.1942884624004364,0.33811330795288086,1.5292022956885683e-21,0.33811330795288086,1.5546120405197144,1.8875153064727783,0.7152996063232422,0.7906438708305359,78.12877655029297,1.597943902015686,0.10866343975067139,1.6500352621078491,0.6709414720535278,0.4614185094833374,0.46209314465522766
68,train,3,1.0,1.0,3,PVC_10_180,11,0.32499998807907104,8125.0,6.48960018157959,1.0138746500015259,1.0507512092590332,1.004701018333435,0.04605013504624367,0.47203487157821655,0.5326661467552185,0.312173992395401,2.0579537363119016e-07,0.2204919457435608,0.3858281672000885,1.7719416372268438e-21,0.3858281672000885,1.5544241666793823,1.8495070934295654,0.7001216411590576,0.766912579536438,73.38251495361328,1.5795326232910156,0.09772550314664841,1.6258407831192017,0.6552466154098511,0.46273404359817505,0.46280789375305176
69,train,3,1.0,1.0,3,PVC_10_180,12,0.3499999940395355,8750.0,7.526400089263916,1.313947081565857,1.172463059425354,1.1354014873504639,0.037061575800180435,0.5476219654083252,0.5877795219421387,0.3411411643028259,2.2515295938774216e-07,0.24663814902305603,0.43107983469963074,5.840269234020067e-23,0.43107983469963074,1.5549160242080688,1.8096389770507812,0.6841614842414856,0.7455744743347168,69.1148910522461,1.5583744049072266,0.08641180396080017,1.5987728834152222,0.641694188117981,0.4642738699913025,0.4639318287372589
70,train,3,1.0,1.0,3,PVC_10_180,13,0.375,9375.0,8.640000343322754,1.5928974151611328,1.2930972576141357,1.2708550691604614,0.022242244333028793,0.6291788816452026,0.6416761875152588,0.3691001534461975,2.4287521682708757e-07,0.2725757956504822,0.47390738129615784,5.378405057965097e-23,0.47390738129615784,1.5562297105789185,1.76962149143219,0.6674768924713135,0.7264378666877747,65.2875747680664,1.5340983867645264,0.07510355114936829,1.568663239479065,0.6303479671478271,0.4660627543926239,0.4655039608478546
71,train,3,1.0,1.0,3,PVC_10_180,14,0.4000000059604645,10000.0,9.830400466918945,1.7449835538864136,1.4127227067947388,1.4118187427520752,0.0009039455326274037,0.7170038223266602,0.694814920425415,0.39644092321395874,2.5903827349793573e-07,0.2983737587928772,0.5145385265350342,4.737613029109707e-23,0.5145385265350342,1.5587037801742554,1.7315940856933594,0.650373101234436,0.7092531323432922,61.850624084472656,1.5064860582351685,0.06430589407682419,1.5355488061904907,0.6212372183799744,0.46810322999954224,0.46756240725517273
72,train,3,1.0,1.0,3,PVC_10_180,15,0.42500001192092896,10625.0,11.097599983215332,1.9275760650634766,1.532507061958313,1.5597963333129883,-0.027289312332868576,0.811614990234375,0.7481813430786133,0.42382970452308655,2.740659397204581e-07,0.32435140013694763,0.5532668828964233,4.3758464666851443e-23,0.5532668828964233,1.5629112720489502,1.6979700326919556,0.6333901882171631,0.6937710642814636,58.754215240478516,1.4755834341049194,0.05455367639660835,1.4997329711914062,0.6142969131469727,0.4703616797924042,0.47011348605155945
73,train,3,1.0,1.0,3,PVC_10_180,16,0.44999998807907104,11250.0,12.44159984588623,2.2017436027526855,1.654687762260437,1.7169591188430786,-0.06227140501141548,0.9138105511665344,0.8031485676765442,0.45212143659591675,2.8866833190477337e-07,0.35102683305740356,0.5903915762901306,7.206585157104998e-24,0.5903915762901306,1.5696156024932861,1.67106032371521,0.6171977519989014,0.6797662973403931,55.95326232910156,1.4417784214019775,0.04626148194074631,1.4617880582809448,0.6093435883522034,0.47276273369789124,0.47309404611587524
74,train,3,1.0,1.0,3,PVC_10_180,17,0.4749999940395355,11875.0,13.86240005493164,2.481191635131836,1.7821828126907349,1.8858243227005005,-0.10364146530628204,1.0246468782424927,0.8611774444580078,0.4822070300579071,3.0366774694812193e-07,0.3789701461791992,0.6261906623840332,1.0895943249278015e-23,0.6261906623840332,1.5796074867248535,1.6525850296020508,0.602418065071106,0.6670430302619934,53.408607482910156,1.4057718515396118,0.039584700018167496,1.4224659204483032,0.6061071157455444,0.47520145773887634,0.47634410858154297
75,train,3,1.0,1.0,3,PVC_10_180,18,0.5,12500.0,15.359999656677246,2.5872838497161865,1.9179365634918213,2.068758964538574,-0.15082241594791412,1.1453204154968262,0.9234386682510376,0.5148347616195679,3.1977103276403795e-07,0.40860363841056824,0.6609118580818176,3.6900772493286525e-22,0.6609118580818176,1.593489170074463,1.6432632207870483,0.5894544124603271,0.6554343104362488,51.08686828613281,1.368419885635376,0.03434833884239197,1.3825206756591797,0.6043073534965515,0.4775734841823578,0.47961440682411194
76,train,0,1.0,1.0,4,Rguijiao_20_0,0,0.05000000074505806,1250.0,0.5408450961112976,0.0793856531381607,0.04730866476893425,0.04703287035226822,0.0002757948241196573,0.011133667081594467,0.03589920327067375,0.0023365675006061792,0.010532020591199398,0.023030616343021393,0.0008497143280692399,0.012034342624247074,0.012034342624247074,1.5490317344665527,1.9179089069366455,0.8541577458381653,0.9132076501846313,102.64153289794922,1.6431480646133423,0.2863597869873047,1.7843074798583984,0.583683431148529,0.48041293025016785,0.8973184823989868
77,train,0,1.0,1.0,4,Rguijiao_20_0,1,0.07500000298023224,1875.0,1.216901421546936,0.06598012149333954,0.07896306365728378,0.08340848982334137,-0.004445429425686598,0.02582947537302971,0.05757901072502136,0.006628360599279404,0.022205425426363945,0.028745226562023163,0.002076980657875538,0.024730108678340912,0.024730108678340912,1.5971848964691162,1.9474222660064697,0.7809568047523499,0.9264792203903198,105.29583740234375,1.6858879327774048,0.2743890583515167,1.8246647119522095,0.7087239027023315,0.47418203949928284,0.47937867045402527
78,train,0,1.0,1.0,4,Rguijiao_20_0,2,0.10000000149011612,2500.0,2.1633803844451904,0.13217772543430328,0.13029904663562775,0.14200377464294434,-0.011704733595252037,0.04530499875545502,0.09669877588748932,0.013643375597894192,0.03564732149243355,0.0474080815911293,0.004223970230668783,0.03916126862168312,0.03916126862168312,1.575825810432434,1.9098635911941528,0.722663164138794,0.9396970868110657,107.93941497802734,1.673429012298584,0.23856167495250702,1.7931938171386719,0.8513906598091125,0.480109304189682,0.4614253342151642
79,train,0,1.0,1.0,4,Rguijiao_20_0,3,0.125,3125.0,3.380281686782837,0.19640156626701355,0.19052422046661377,0.2124047577381134,-0.021880533546209335,0.06945265084505081,0.142952099442482,0.023144841194152832,0.0502263568341732,0.06958089768886566,0.008221819996833801,0.053746797144412994,0.053746797144412994,1.5460762977600098,1.8491379022598267,0.6775581240653992,0.9483026266098022,109.66053009033203,1.6564342975616455,0.1921902298927307,1.7519395351409912,0.9771978259086609,0.488152414560318,0.4582054913043976
80,val,0,1.0,1.0,4,Rguijiao_20_0,4,0.15000000596046448,3750.0,4.867605686187744,0.2594616115093231,0.2597047686576843,0.29491615295410156,-0.03521137312054634,0.09891437739133835,0.19600176811218262,0.03491406887769699,0.0662207081913948,0.09486699849367142,0.01782258413732052,0.06770908087491989,0.06770908087491989,1.5291110277175903,1.7890498638153076,0.6434388756752014,0.9432054162025452,108.6410903930664,1.6425857543945312,0.15234914422035217,1.7176597118377686,1.0791829824447632,0.49616163969039917,0.45735326409339905
81,train,0,1.0,1.0,4,Rguijiao_20_0,5,0.17499999701976776,4375.0,6.625351905822754,0.35800719261169434,0.33850839734077454,0.3902946710586548,-0.051786284893751144,0.1342925876379013,0.2560020685195923,0.04889868199825287,0.08381253480911255,0.12329086661338806,0.0833248496055603,0.08086365461349487,0.08086365461349487,1.5252395868301392,1.735344409942627,0.6171067357063293,0.8541660308837891,90.83320617675781,1.6322180032730103,0.12118088454008102,1.6915560960769653,1.1624804735183716,0.5035925507545471,0.4571529030799866
82,train,0,1.0,1.0,4,Rguijiao_20_0,6,0.20000000298023224,5000.0,8.653521537780762,0.47495365142822266,0.4272501468658447,0.4989032745361328,-0.07165312767028809,0.17605096101760864,0.32285231351852417,0.06509681791067123,0.10298490524291992,0.1547705978155136,0.23541828989982605,0.09331627935171127,0.09331627935171127,1.5308778285980225,1.6877408027648926,0.5959764719009399,0.7266942262649536,65.3388442993164,1.624369740486145,0.09678122401237488,1.6715322732925415,1.2328661680221558,0.5104376673698425,0.457179456949234
83,train,0,1.0,1.0,4,Rguijiao_20_0,7,0.22499999403953552,5625.0,10.952113151550293,0.5159441232681274,0.5260305404663086,0.6208639740943909,-0.09483341127634048,0.2245934009552002,0.3962705731391907,0.0834934264421463,0.12362939119338989,0.1891477406024933,0.33878958225250244,0.10526465624570847,0.10526465624570847,1.543100118637085,1.6449486017227173,0.5783461332321167,0.6701484322547913,54.029693603515625,1.618168830871582,0.07719378173351288,1.6556427478790283,1.29421067237854,0.5168073773384094,0.45729440450668335
84,train,0,1.0,1.0,4,Rguijiao_20_0,8,0.25,6250.0,13.521126747131348,0.5834466218948364,0.6348916888237,0.7562075853347778,-0.12131587415933609,0.2803061306476593,0.47590145468711853,0.10404638946056366,0.14561286568641663,0.22624219954013824,0.4210447072982788,0.11690676212310791,0.11690676212310791,1.5599645376205444,1.6059094667434692,0.5631527304649353,0.6344692707061768,46.893856048583984,1.6129887104034424,0.06104518845677376,1.6425281763076782,1.3488069772720337,0.5228034257888794,0.45744451880455017
85,train,0,1.0,1.0,4,Rguijiao_20_0,9,0.2750000059604645,6875.0,16.360563278198242,0.8144222497940063,0.7539001703262329,0.9049497246742249,-0.15104952454566956,0.343567430973053,0.5613822937011719,0.12668751180171967,0.16880811750888824,0.2658866345882416,0.4909791052341461,0.1284092366695404,0.1284092366695404,1.5801879167556763,1.5699546337127686,0.5497359037399292,0.6089425683021545,41.788509368896484,1.6083831787109375,0.047464948147535324,1.6312856674194336,1.3979382514953613,0.5284883975982666,0.45760706067085266
86,train,0,1.0,1.0,4,Rguijiao_20_0,10,0.30000001192092896,7500.0,19.470422744750977,0.9322099089622498,0.8831881880760193,1.0671274662017822,-0.18393929302692413,0.4147421419620514,0.6523853540420532,0.15132838487625122,0.19310760498046875,0.30794936418533325,0.552803099155426,0.13990218937397003,0.13990218937397003,1.6028681993484497,1.5367364883422852,0.537683367729187,0.5894266963005066,37.88533401489258,1.6040204763412476,0.03593859449028969,1.621314287185669,1.442274570465088,0.5338784456253052,0.4577716290950775
87,val,0,1.0,1.0,4,Rguijiao_20_0,11,0.32499998807907104,8125.0,22.850704193115234,0.985845148563385,1.0229707956314087,1.2428151369094849,-0.21984431147575378,0.4941673278808594,0.7486478090286255,0.17786747217178345,0.2184295952320099,0.35235071182250977,0.6090114116668701,0.15148326754570007,0.15148326754570007,1.6273068189620972,1.506139874458313,0.5267376899719238,0.5738567113876343,34.77134704589844,1.599635124206543,0.02618771605193615,1.6122024059295654,1.4821141958236694,0.5389448404312134,0.4579333961009979
88,train,0,1.0,1.0,4,Rguijiao_20_0,12,0.3499999940395355,8750.0,26.501407623291016,1.1948415040969849,1.1735503673553467,1.4321331977844238,-0.2585828900337219,0.5821387767791748,0.8499944806098938,0.20619872212409973,0.24471981823444366,0.3990759253501892,0.6612422466278076,0.1632239818572998,0.1632239818572998,1.6529228687286377,1.4782133102416992,0.5167378187179565,0.5610531568527222,32.210636138916016,1.5949962139129639,0.018087536096572876,1.6036511659622192,1.5175379514694214,0.5436189770698547,0.4580903649330139
89,train,0,1.0,1.0,4,Rguijiao_20_0,13,0.375,9375.0,30.422534942626953,1.4401521682739258,1.3353015184402466,1.6352406740188599,-0.2999391257762909,0.6788934469223022,0.9563472270965576,0.23621749877929688,0.2719488739967346,0.4481808543205261,0.7106358408927917,0.1751757562160492,0.1751757562160492,1.6791952848434448,1.453110933303833,0.5075831413269043,0.5502814054489136,30.056276321411133,1.5898860692977905,0.011606298387050629,1.5954217910766602,1.5485026836395264,0.5477999448776245,0.4582422971725464
90,val,0,1.0,1.0,4,Rguijiao_20_0,14,0.4000000059604645,10000.0,34.61408615112305,1.5939713716506958,1.508642315864563,1.8523170948028564,-0.34367480874061584,0.784594714641571,1.0677224397659302,0.2678224742412567,0.30010727047920227,0.4997927248477936,0.7580162286758423,0.1873747855424881,0.1873747855424881,1.705640435218811,1.4310581684112549,0.49920761585235596,0.5410550832748413,28.211017608642578,1.584080696105957,0.006750769913196564,1.5872888565063477,1.5748908519744873,0.5513670444488525,0.4583902359008789
91,train,0,1.0,1.0,4,Rguijiao_20_0,15,0.42500001192092896,10625.0,39.07605743408203,1.847556233406067,1.6939942836761475,2.0835304260253906,-0.38953620195388794,0.8993266820907593,1.1842036247253418,0.30090945959091187,0.3291947543621063,0.554099440574646,0.803994357585907,0.19984598457813263,0.19984598457813263,1.7318159341812134,1.412318468093872,0.4915604591369629,0.5330373644828796,26.607471466064453,1.5773321390151978,0.0035260135773569345,1.57900071144104,1.5965396165847778,0.5541940927505493,0.45853617787361145
92,val,0,1.0,1.0,4,Rguijiao_20_0,16,0.44999998807907104,11250.0,43.80845260620117,1.9395111799240112,1.8917274475097656,2.3289923667907715,-0.43726491928100586,1.023092269897461,1.3059000968933105,0.335357666015625,0.3592110574245453,0.6113312840461731,0.8490321040153503,0.21260574460029602,0.21260574460029602,1.7573245763778687,1.3971751928329468,0.4845944046974182,0.5259861946105957,25.19723892211914,1.569349765777588,0.001894868561066687,1.570241928100586,1.6132532358169556,0.5561701059341431,0.4586833119392395
93,val,0,1.0,1.0,4,Rguijiao_20_0,17,0.4749999940395355,11875.0,48.8112678527832,2.0250658988952637,2.1021082401275635,2.5887184143066406,-0.4866101145744324,1.1558265686035156,1.432891845703125,0.37101027369499207,0.3901485204696655,0.671733021736145,0.8934834003448486,0.2256641983985901,0.2256641983985901,1.7818354368209839,1.3859137296676636,0.47825801372528076,0.519722580909729,23.944515228271484,1.5597931146621704,0.0017503817798569798,1.5606122016906738,1.6248161792755127,0.5572217702865601,0.45883554220199585
94,train,0,1.0,1.0,4,Rguijiao_20_0,18,0.5,12500.0,54.08450698852539,2.1159510612487793,2.3252217769622803,2.8625667095184326,-0.5373449921607971,1.2974095344543457,1.565157175064087,0.4076484441757202,0.42198607325553894,0.7355225682258606,0.9382701516151428,0.23902688920497894,0.23902688920497894,1.8050915002822876,1.3787968158721924,0.4724932909011841,0.5142316222190857,22.84632110595703,1.54826819896698,0.0029039133805781603,1.549617052078247,1.6310144662857056,0.5573353171348572,0.4589972198009491
95,train,0,1.0,1.0,5,Rguijiao_20_180,0,0.05000000074505806,1250.0,0.5408450961112976,0.03256566822528839,0.05340919271111488,0.050123702734708786,0.0032854899764060974,0.009822163730859756,0.04030153900384903,0.008459499105811119,1.1495737695099706e-08,0.031842030584812164,0.014045508578419685,4.771743885034999e-23,0.014045508578419685,1.366561770439148,1.7841498851776123,0.9450005888938904,0.9817633032798767,116.3526611328125,1.0060715675354004,0.22700414061546326,1.0745863914489746,0.5883159637451172,0.6345006227493286,2.214454412460327
96,train,0,1.0,1.0,5,Rguijiao_20_180,1,0.07500000298023224,1875.0,1.216901421546936,0.1428789347410202,0.14014898240566254,0.13466286659240723,0.005486111622303724,0.02403833344578743,0.1106245368719101,0.029040547087788582,3.084708311007489e-08,0.08158395439386368,0.034756336361169815,9.746242062107351e-23,0.034756336361169815,1.4864282608032227,1.8972508907318115,0.9150267243385315,0.955812931060791,111.16258239746094,1.5394865274429321,0.22597822546958923,1.6438536643981934,0.5517891049385071,0.4804076850414276,1.5501476526260376
97,train,0,1.0,1.0,5,Rguijiao_20_180,2,0.10000000149011612,2500.0,2.1633803844451904,0.154811292886734,0.17341941595077515,0.16693972051143646,0.006479698233306408,0.044693831354379654,0.12224588543176651,0.05904408171772957,5.624407606319437e-08,0.06320174783468246,0.06915778666734695,1.5577213465954122e-22,0.06915778666734695,1.554567813873291,1.9952571392059326,0.8636156916618347,0.9151419997215271,103.02839660644531,1.6423977613449097,0.23504409193992615,1.7582085132598877,0.5610296726226807,0.46411648392677307,0.6005352735519409
98,train,0,1.0,1.0,5,Rguijiao_20_180,3,0.125,3125.0,3.380281686782837,0.3438483476638794,0.26556357741355896,0.2541090250015259,0.011454562656581402,0.07123629003763199,0.1828727424144745,0.09822408109903336,8.67849578867208e-08,0.08464857935905457,0.11730728298425674,3.3007464984804745e-22,0.11730728298425674,1.5857815742492676,2.0665290355682373,0.820702314376831,0.8628255128860474,92.56509399414062,1.6567928791046143,0.24039842188358307,1.7762799263000488,0.5708523392677307,0.4609203040599823,0.491955041885376
99,train,0,1.0,1.0,5,Rguijiao_20_180,4,0.15000000596046448,3750.0,4.867605686187744,0.366254061460495,0.3844592869281769,0.36557161808013916,0.018887663260102272,0.10347752273082733,0.26209408044815063,0.14401428401470184,1.2075020094926003e-07,0.11807966977357864,0.17116811871528625,3.0512473384256006e-22,0.17116811871528625,1.5996524095535278,2.1024398803710938,0.7856966853141785,0.8097938895225525,81.95877838134766,1.6498632431030273,0.23201952874660492,1.764703392982483,0.5750511884689331,0.46025148034095764,0.4714938700199127
100,val,0,1.0,1.0,5,Rguijiao_20_180,5,0.17499999701976776,4375.0,6.625351905822754,0.5469441413879395,0.5189924240112305,0.49158117175102234,0.027411239221692085,0.14154458045959473,0.3500365912914276,0.1934940367937088,1.5615309223449003e-07,0.15654240548610687,0.22271017730236053,4.1042529535057127e-22,0.22271017730236053,1.6076048612594604,2.10650897026062,0.755392849445343,0.7638893723487854,72.77787780761719,1.6344833374023438,0.21427682042121887,1.7395528554916382,0.5747373104095459,0.4605117738246918,0.4649794101715088
101,val,0,1.0,1.0,5,Rguijiao_20_180,6,0.20000000298023224,5000.0,8.653521537780762,0.6811033487319946,0.6629641056060791,0.6272683143615723,0.035695817321538925,0.18564999103546143,0.44161832332611084,0.2440430372953415,1.9129521433569607e-07,0.19757507741451263,0.269457072019577,5.165577832583413e-22,0.269457072019577,1.6143474578857422,2.0853021144866943,0.728103518486023,0.7262254357337952,65.24508666992188,1.6141852140426636,0.19182829558849335,1.7070791721343994,0.5712977647781372,0.46128392219543457,0.4625175893306732
102,train,0,1.0,1.0,5,Rguijiao_20_180,7,0.22499999403953552,5625.0,10.952113151550293,0.8595311641693115,0.8113099932670593,0.7687563896179199,0.04255358874797821,0.2360716164112091,0.5326848030090332,0.2933129072189331,2.2458397097580018e-07,0.2393716424703598,0.31184452772140503,6.088031133035027e-22,0.31184452772140503,1.6219629049301147,2.0440008640289307,0.7027378082275391,0.6954247355461121,59.08494186401367,1.5900087356567383,0.16705568134784698,1.6696946620941162,0.5658831596374512,0.4624260663986206,0.4618152379989624
103,val,0,1.0,1.0,5,Rguijiao_20_180,8,0.25,6250.0,13.521126747131348,0.9238037467002869,0.9597780704498291,0.9128742814064026,0.04690379649400711,0.2931913137435913,0.6196829676628113,0.3393608331680298,2.5453798002672556e-07,0.28032186627388,0.35095101594924927,4.4343872033728714e-23,0.35095101594924927,1.6316733360290527,1.9869173765182495,0.6784980297088623,0.6699312329292297,53.986244201660156,1.5620225667953491,0.14084459841251373,1.6280232667922974,0.559525728225708,0.4638991951942444,0.46218442916870117
104,train,0,1.0,1.0,5,Rguijiao_20_180,9,0.2750000059604645,6875.0,16.360563278198242,1.1566203832626343,1.105308175086975,1.0576024055480957,0.047705743461847305,0.3574795126914978,0.7001228928565979,0.3809688687324524,2.800511822442786e-07,0.319153755903244,0.3877774477005005,1.5124849068464185e-22,0.3877774477005005,1.6441744565963745,1.918935775756836,0.6548839807510376,0.6485117077827454,49.702335357666016,1.529807686805725,0.11341770738363266,1.581859827041626,0.5531901121139526,0.4657139480113983,0.4634307324886322
105,train,0,1.0,1.0,5,Rguijiao_20_180,10,0.30000001192092896,7500.0,19.470422744750977,1.4060606956481934,1.2466014623641968,1.2027161121368408,0.043885353952646255,0.429421067237854,0.7732950448989868,0.41800278425216675,3.008081819189101e-07,0.3552919626235962,0.42311134934425354,2.1849816341358754e-22,0.42311134934425354,1.6595983505249023,1.8465068340301514,0.6317984461784363,0.6302563548088074,46.05126953125,1.4927375316619873,0.08490657061338425,1.530760407447815,0.547718346118927,0.4678972065448761,0.4655469059944153
106,train,0,1.0,1.0,5,Rguijiao_20_180,11,0.32499998807907104,8125.0,22.850704193115234,1.4605861902236938,1.3845014572143555,1.3501918315887451,0.03430968150496483,0.5094055533409119,0.840786337852478,0.4515984356403351,3.1762212415742397e-07,0.38918760418891907,0.4575432538986206,2.0516508882903167e-22,0.4575432538986206,1.6774868965148926,1.7776329517364502,0.6096334457397461,0.6144993305206299,42.899864196777344,1.4502822160720825,0.05576806142926216,1.4745460748672485,0.5437058806419373,0.4704515337944031,0.46856579184532166
107,train,0,1.0,1.0,5,Rguijiao_20_180,12,0.3499999940395355,8750.0,26.501407623291016,1.5938189029693604,1.5217159986495972,1.5037906169891357,0.01792537048459053,0.5976061224937439,0.9061845541000366,0.4839106798171997,3.323359294427064e-07,0.42227357625961304,0.49150949716567993,1.0935382981323264e-22,0.49150949716567993,1.6968408823013306,1.7204275131225586,0.5891642570495605,0.60074782371521,40.14957046508789,1.402367115020752,0.026998618617653847,1.4137256145477295,0.541385293006897,0.4733075201511383,0.4724274277687073
108,train,0,1.0,1.0,5,Rguijiao_20_180,13,0.375,9375.0,30.422534942626953,1.7949695587158203,1.6618307828903198,1.6677416563034058,-0.005910862702876329,0.6939257383346558,0.97381591796875,0.517418622970581,3.471923548659106e-07,0.4563969075679779,0.5253316760063171,1.495270447281558e-22,0.5253316760063171,1.7163766622543335,1.6808024644851685,0.5712009072303772,0.588631272315979,37.72625732421875,1.3497413396835327,5.7442113757133484e-05,1.3497647047042847,0.5406093597412109,0.4763037860393524,0.4768525958061218
109,train,0,1.0,1.0,5,Rguijiao_20_180,14,0.4000000059604645,10000.0,34.61408615112305,1.8172143697738647,1.8079884052276611,1.8452177047729492,-0.03722932189702988,0.7981778979301453,1.0470397472381592,0.5540859699249268,3.639683825440443e-07,0.492953360080719,0.5592469573020935,1.9560245382707015e-22,0.5592469573020935,1.7351690530776978,1.660591959953308,0.5561528205871582,0.5778660178184509,35.57320785522461,1.2940491437911987,-0.023526813834905624,1.2849156856536865,0.5410013198852539,0.4792388081550598,0.48131227493286133
110,train,0,1.0,1.0,5,Rguijiao_20_180,15,0.42500001192092896,10625.0,39.07605743408203,1.9982558488845825,1.9614745378494263,2.037209987640381,-0.07573548704385757,0.910514235496521,1.1266958713531494,0.5946274995803833,3.832247443824599e-07,0.5320679545402527,0.593430757522583,4.209740443493825e-22,0.593430757522583,1.7533596754074097,1.6570987701416016,0.5437864065170288,0.5682315826416016,33.64631271362305,1.23713219165802,-0.04280128329992294,1.2212469577789307,0.5422430634498596,0.4819871485233307,0.48519468307495117
111,train,0,1.0,1.0,5,Rguijiao_20_180,16,0.44999998807907104,11250.0,43.80845260620117,2.1439406871795654,2.1210780143737793,2.242158889770508,-0.12108097225427628,1.0315847396850586,1.2105741500854492,0.6382231116294861,4.041421561851166e-07,0.5723506808280945,0.6280124187469482,7.673410321620723e-23,0.6280124187469482,1.771911382675171,1.6645338535308838,0.5334137678146362,0.5595534443855286,31.910694122314453,1.1801351308822632,-0.05780284106731415,1.1596705913543701,0.5442507266998291,0.484571248292923,0.488077312707901
112,train,0,1.0,1.0,5,Rguijiao_20_180,17,0.4749999940395355,11875.0,48.8112678527832,2.1708872318267822,2.284647226333618,2.4570345878601074,-0.17238743603229523,1.1620409488677979,1.2949936389923096,0.6832006573677063,4.253297163359093e-07,0.6117926239967346,0.6630873680114746,1.0249265592317644e-21,0.6630873680114746,1.7914155721664429,1.6767430305480957,0.5243960618972778,0.5516924262046814,30.33848762512207,1.123715877532959,-0.06917287409305573,1.100396752357483,0.5470461845397949,0.487083375453949,0.48986896872520447
113,train,0,1.0,1.0,5,Rguijiao_20_180,18,0.5,12500.0,54.08450698852539,2.288050651550293,2.451777219772339,2.6795921325683594,-0.2278149276971817,1.3019497394561768,1.377642273902893,0.7283570170402527,4.46018049160557e-07,0.649284839630127,0.6987252831459045,1.5449125679011279e-21,0.6987252831459045,1.8114081621170044,1.6894917488098145,0.5164706707000732,0.544535219669342,28.90704917907715,1.0689396858215332,-0.07737186551094055,1.0441279411315918,0.5505202412605286,0.48955002427101135,0.4907544255256653
114,train,0,1.0,1.0,6,Rguijiao_10_0,0,0.05000000074505806,1250.0,0.5408450961112976,0.032475970685482025,0.01345851644873619,0.01330507081001997,0.0001534454058855772,0.008763161487877369,0.004541909322142601,0.0006269068690016866,0.001097916392609477,0.0028170859441161156,0.007022754289209843,0.006017171312123537,0.006017171312123537,1.2192223072052002,1.7958030700683594,0.7746294140815735,0.6977755427360535,59.55510711669922,0.17823001742362976,0.18298698961734772,0.18801414966583252,0.49513378739356995,1.1194244623184204,2.2249464988708496
115,train,0,1.0,1.0,6,Rguijiao_10_0,1,0.07500000298023224,1875.0,1.216901421546936,0.01790078543126583,0.046846870332956314,0.04767518863081932,-0.0008283176575787365,0.021018264815211296,0.026656923815608025,0.0038921767845749855,0.003716279286891222,0.01904846727848053,0.017378168180584908,0.012365054339170456,0.012365054339170456,1.2996801137924194,2.4953017234802246,0.7812845706939697,0.6890503168106079,57.810062408447266,0.3695827126502991,0.3464560806751251,0.40799593925476074,0.4531061053276062,0.5537407398223877,2.2175190448760986
116,train,0,1.0,1.0,6,Rguijiao_10_0,2,0.10000000149011612,2500.0,2.1633803844451904,0.07656078040599823,0.2005602866411209,0.19375520944595337,0.006805084180086851,0.04154777526855469,0.15220743417739868,0.027332637459039688,0.022004809230566025,0.10286998003721237,0.03457889333367348,0.01958063431084156,0.01958063431084156,1.4451398849487305,3.5154149532318115,0.7951411008834839,0.6682419776916504,53.64839553833008,1.002853512763977,0.4969518184661865,1.1523644924163818,0.4498044550418854,0.4554236829280853,1.692898154258728
117,train,0,1.0,1.0,6,Rguijiao_10_0,3,0.125,3125.0,3.380281686782837,0.23806096613407135,0.2309301793575287,0.21417461335659027,0.01675555855035782,0.05559758469462395,0.15857702493667603,0.053323086351156235,0.040009815245866776,0.06524412333965302,0.05865364149212837,0.026873398572206497,0.026873398572206497,1.2376505136489868,3.1909115314483643,0.7481740117073059,0.6360481977462769,47.20964050292969,1.3984953165054321,0.4419005215167999,1.5838940143585205,0.4501561224460602,0.45145219564437866,0.5507940649986267
118,train,0,1.0,1.0,6,Rguijiao_10_0,4,0.15000000596046448,3750.0,4.867605686187744,0.1772611141204834,0.1993173360824585,0.19582411646842957,0.0034932210110127926,0.06528595834970474,0.13053815066814423,0.04870060831308365,0.030672408640384674,0.0511651374399662,0.08558405935764313,0.033854540437459946,0.033854540437459946,1.0092514753341675,2.2077858448028564,0.6330455541610718,0.6019469499588013,40.38938522338867,1.3629348278045654,0.15263831615447998,1.4253456592559814,0.45854657888412476,0.4562070369720459,0.48175162076950073
119,val,0,1.0,1.0,6,Rguijiao_10_0,5,0.17499999701976776,4375.0,6.625351905822754,0.18364696204662323,0.21725007891654968,0.22471478581428528,-0.007464712020009756,0.0892724022269249,0.13544237613677979,0.053689002990722656,0.028958620503544807,0.05279476195573807,0.11135508865118027,0.040431827306747437,0.040431827306747437,1.0139189958572388,1.8589740991592407,0.5653519630432129,0.5731584429740906,34.63169479370117,1.2870588302612305,0.012537967413663864,1.2919000387191772,0.48664891719818115,0.4642900824546814,0.4785432815551758
120,train,0,1.0,1.0,6,Rguijiao_10_0,6,0.20000000298023224,5000.0,8.653521537780762,0.3012953996658325,0.26874488592147827,0.2841242551803589,-0.015379372984170914,0.12256769835948944,0.16155655682086945,0.06727496534585953,0.03234388679265976,0.06193770468235016,0.1347285360097885,0.04665813967585564,0.04665813967585564,1.0658059120178223,1.7597194910049438,0.5324872732162476,0.5506797432899475,30.13594627380371,1.2365596294403076,-0.034322589635849,1.2238271236419678,0.5206414461135864,0.47007614374160767,0.47933632135391235
121,val,0,1.0,1.0,6,Rguijiao_10_0,7,0.22499999403953552,5625.0,10.952113151550293,0.3997516632080078,0.33880627155303955,0.36103731393814087,-0.022231031209230423,0.16300317645072937,0.1980341523885727,0.08558665961027145,0.03780293092131615,0.07464456558227539,0.15592226386070251,0.05263232812285423,0.05263232812285423,1.1199359893798828,1.731287956237793,0.513584315776825,0.5332548022270203,26.650957107543945,1.2002719640731812,-0.04945375770330429,1.182464599609375,0.5505444407463074,0.473478227853775,0.48015835881233215
122,train,0,1.0,1.0,6,Rguijiao_10_0,8,0.25,6250.0,13.521126747131348,0.3755049407482147,0.42357638478279114,0.4522257447242737,-0.028649356216192245,0.21055486798286438,0.2416708618402481,0.10752209275960922,0.04442736506462097,0.08972139656543732,0.17547550797462463,0.058453381061553955,0.058453381061553955,1.1717835664749146,1.7301534414291382,0.5005781054496765,0.5195333957672119,23.90667724609375,1.1687827110290527,-0.05122404918074608,1.1508218050003052,0.5760149359703064,0.47546079754829407,0.48065340518951416
123,train,0,1.0,1.0,6,Rguijiao_10_0,9,0.2750000059604645,6875.0,16.360563278198242,0.5174230337142944,0.5214617252349854,0.5565794706344604,-0.03511776775121689,0.2654503583908081,0.29112914204597473,0.13268816471099854,0.051837258040905,0.10660370439291,0.19388872385025024,0.0642046183347702,0.0642046183347702,1.2208999395370483,1.7440991401672363,0.4904889762401581,0.5085000395774841,21.700002670288086,1.1365615129470825,-0.0466746911406517,1.1206469535827637,0.5984606742858887,0.47666820883750916,0.4808124303817749
124,train,0,1.0,1.0,6,Rguijiao_10_0,10,0.30000001192092896,7500.0,19.470422744750977,0.7263884544372559,0.6294403076171875,0.6720339059829712,-0.0425935722887516,0.3274226784706116,0.34461119771003723,0.16032816469669342,0.05968652665615082,0.12459651380777359,0.21155567467212677,0.06995109468698502,0.06995109468698502,1.2654016017913818,1.76889967918396,0.4821508228778839,0.49944519996643066,19.889041900634766,1.0988035202026367,-0.04052657634019852,1.0854443311691284,0.6185364723205566,0.47758302092552185,0.48068585991859436
125,train,0,1.0,1.0,6,Rguijiao_10_0,11,0.32499998807907104,8125.0,22.850704193115234,0.856721043586731,0.740979790687561,0.793806791305542,-0.052827026695013046,0.39558055996894836,0.39822620153427124,0.18846561014652252,0.06739183515310287,0.14236876368522644,0.2287716269493103,0.07574163377285004,0.07574163377285004,1.3026578426361084,1.801982045173645,0.47497954964637756,0.491877019405365,18.37540626525879,1.0497066974639893,-0.037011995911598206,1.0380512475967407,0.6359236240386963,0.4787460267543793,0.48038285970687866
126,train,0,1.0,1.0,6,Rguijiao_10_0,12,0.3499999940395355,8750.0,26.501407623291016,0.7031731605529785,0.8469008803367615,0.9145680665969849,-0.06766717880964279,0.46832671761512756,0.4462413787841797,0.2139476090669632,0.07421199232339859,0.1580817699432373,0.24575474858283997,0.0816119909286499,0.0816119909286499,1.3297654390335083,1.8401542901992798,0.46882855892181396,0.4854499101638794,17.08997917175293,0.9852980971336365,-0.03846726566553116,0.9739275574684143,0.6496796011924744,0.48067528009414673,0.4800356924533844
127,train,0,1.0,1.0,6,Rguijiao_10_0,13,0.375,9375.0,30.422534942626953,0.7567718625068665,0.940872848033905,1.0281620025634766,-0.08728916943073273,0.5431955456733704,0.484966516494751,0.23446758091449738,0.0798196941614151,0.1706792414188385,0.26266583800315857,0.0875878781080246,0.0875878781080246,1.3435560464859009,1.8796814680099487,0.46404606103897095,0.4799163043498993,15.983262062072754,0.9088107347488403,-0.042525697499513626,0.8972163796424866,0.6590943336486816,0.48351922631263733,0.47978368401527405
128,train,0,1.0,1.0,6,Rguijiao_10_0,14,0.4000000059604645,10000.0,34.61408615112305,0.926590085029602,1.0228081941604614,1.1329115629196167,-0.11010333150625229,0.6174736022949219,0.5154379606246948,0.25026342272758484,0.08452045172452927,0.1806541085243225,0.27962347865104675,0.09368739277124405,0.09368739277124405,1.3423337936401367,1.9181134700775146,0.4608907699584961,0.475095272064209,15.019055366516113,0.8287914395332336,-0.0437408946454525,0.8179157972335815,0.6646656394004822,0.48704561591148376,0.4797927439212799
129,train,0,1.0,1.0,6,Rguijiao_10_0,15,0.42500001192092896,10625.0,39.07605743408203,0.9616321325302124,1.0952072143554688,1.2297041416168213,-0.13449698686599731,0.689197838306427,0.5405063629150391,0.2628166675567627,0.08872281759977341,0.18896684050559998,0.2967153787612915,0.09992299228906631,0.09992299228906631,1.3271749019622803,1.954851508140564,0.4591677784919739,0.4708518087863922,14.17035961151123,0.7517412304878235,-0.03882656991481781,0.74298495054245,0.6678670048713684,0.4910220503807068,0.48020055890083313
130,train,0,1.0,1.0,6,Rguijiao_10_0,16,0.44999998807907104,11250.0,43.80845260620117,1.140575885772705,1.1598719358444214,1.3193519115447998,-0.15947997570037842,0.7573655247688293,0.5619864463806152,0.2732424736022949,0.09261102229356766,0.19613294303417206,0.3140062093734741,0.10630287230014801,0.10630287230014801,1.300896406173706,1.9902335405349731,0.45853543281555176,0.46708327531814575,13.416654586791992,0.6801313161849976,-0.027986126020550728,0.6744210124015808,0.6701883673667908,0.4953799843788147,0.4810599088668823
131,train,0,1.0,1.0,6,Rguijiao_10_0,17,0.4749999940395355,11875.0,48.8112678527832,1.0781452655792236,1.2180378437042236,1.402458667755127,-0.18442083895206451,0.8217259049415588,0.5807327032089233,0.28215542435646057,0.09624403715133667,0.2023332267999649,0.3315436840057373,0.11283209919929504,0.11283209919929504,1.2667820453643799,2.0247726440429688,0.45874306559562683,0.46371036767959595,12.742074966430664,0.6145509481430054,-0.01309477724134922,0.612136721611023,0.6726439595222473,0.5001509785652161,0.4823518991470337
132,train,0,1.0,1.0,6,Rguijiao_10_0,18,0.5,12500.0,54.08450698852539,1.1654129028320312,1.2711336612701416,1.4800207614898682,-0.20888711512088776,0.8826122879981995,0.5974084138870239,0.2900019884109497,0.09968947619199753,0.2077169418334961,0.34936264157295227,0.11951344460248947,0.11951344460248947,1.2279822826385498,2.0588107109069824,0.45962992310523987,0.4606708288192749,12.13416576385498,0.5552222728729248,0.0037756699603050947,0.55585116147995,0.6757635474205017,0.5053995251655579,0.4840226471424103
133,train,0,1.0,1.0,7,Rguijiao_10_180,0,0.05000000074505806,1250.0,0.5408450961112976,0.07105152308940887,0.052436038851737976,0.04530607536435127,0.007129965350031853,0.008922792971134186,0.03638328239321709,0.016408618539571762,5.8654578971584215e-09,0.019974658265709877,0.007022754289209843,2.3858719425174996e-23,0.007022754289209843,1.2414319515228271,1.6566879749298096,0.9478935599327087,0.9817633032798767,116.3526611328125,1.383207082748413,0.16509824991226196,1.4517165422439575,1.8193578720092773,0.514576256275177,2.2147536277770996
134,train,0,1.0,1.0,7,Rguijiao_10_180,1,0.07500000298023224,1875.0,1.216901421546936,0.12306200712919235,0.10464198887348175,0.09466804563999176,0.009973946027457714,0.021702777594327927,0.07296526432037354,0.040867626667022705,1.4868180464588931e-08,0.03209761902689934,0.017378168180584908,4.8731210310536756e-23,0.017378168180584908,1.3420073986053467,1.814705729484558,0.9044422507286072,0.955812931060791,111.16258239746094,1.6868870258331299,0.12081986665725708,1.7480298280715942,1.526900053024292,0.4606482684612274,1.1992340087890625
135,train,0,1.0,1.0,7,Rguijiao_10_180,2,0.10000000149011612,2500.0,2.1633803844451904,0.1277802288532257,0.1443961262702942,0.13285188376903534,0.011544249020516872,0.041343361139297485,0.09150852262973785,0.06419793516397476,2.7238119315597942e-08,0.027310555800795555,0.03457889333367348,7.788606732977061e-23,0.03457889333367348,1.4380297660827637,1.9707835912704468,0.8474336266517639,0.9151419997215271,103.02839660644531,1.71042001247406,0.14418421685695648,1.7844046354293823,1.2170193195343018,0.456992506980896,0.5177342891693115
136,train,0,1.0,1.0,7,Rguijiao_10_180,3,0.125,3125.0,3.380281686782837,0.20696482062339783,0.2111477553844452,0.19392964243888855,0.017218107357621193,0.06660223752260208,0.12732741236686707,0.08702757209539413,4.197968550556652e-08,0.04029979556798935,0.05865364149212837,1.6503732492402373e-22,0.05865364149212837,1.482623815536499,2.0463814735412598,0.806618869304657,0.8628255128860474,92.56509399414062,1.699912190437317,0.15965887904167175,1.7813340425491333,1.0186233520507812,0.45686596632003784,0.47169312834739685
137,train,0,1.0,1.0,7,Rguijiao_10_180,4,0.15000000596046448,3750.0,4.867605686187744,0.25759854912757874,0.2847444713115692,0.26127976179122925,0.023464715108275414,0.09636202454566956,0.1649177223443985,0.10832753777503967,5.7614943926864726e-08,0.05659012869000435,0.08558405935764313,1.5256236692128003e-22,0.08558405935764313,1.489654302597046,2.0583300590515137,0.7730072736740112,0.8097938895225525,81.95877838134766,1.679262399673462,0.15732219815254211,1.758517861366272,0.8867541551589966,0.4575907588005066,0.4632388949394226
138,train,0,1.0,1.0,7,Rguijiao_10_180,5,0.17499999701976776,4375.0,6.625351905822754,0.36598169803619385,0.36088526248931885,0.33246082067489624,0.028424454852938652,0.1306290477514267,0.20183175802230835,0.12767566740512848,7.313882832704621e-08,0.0741560235619545,0.11135508865118027,2.0521264767528563e-22,0.11135508865118027,1.483630895614624,2.0297493934631348,0.7433183789253235,0.7638893723487854,72.77787780761719,1.6529587507247925,0.1451607495546341,1.7249422073364258,0.7938233613967896,0.4588281810283661,0.4610649645328522
139,train,0,1.0,1.0,7,Rguijiao_10_180,6,0.20000000298023224,5000.0,8.653521537780762,0.4905824661254883,0.4381478428840637,0.4069870710372925,0.031160784885287285,0.16974438726902008,0.2372426688671112,0.14514589309692383,8.777377757951399e-08,0.09209669381380081,0.1347285360097885,2.5827889162917066e-22,0.1347285360097885,1.4760379791259766,1.9763253927230835,0.7156661748886108,0.7262254357337952,65.24508666992188,1.6220418214797974,0.12846653163433075,1.6845552921295166,0.726624071598053,0.4604904055595398,0.4610510766506195
140,val,0,1.0,1.0,7,Rguijiao_10_180,7,0.22499999403953552,5625.0,10.952113151550293,0.5705785155296326,0.5152909755706787,0.48452532291412354,0.030765622854232788,0.21404878795146942,0.2704765498638153,0.1607765555381775,1.0070707645581933e-07,0.10969989746809006,0.15592226386070251,3.0440155665175137e-22,0.15592226386070251,1.4706519842147827,1.9080811738967896,0.6880836486816406,0.6954247355461121,59.08494186401367,1.5855895280838013,0.10927611589431763,1.637569546699524,0.6775945425033569,0.4626229703426361,0.4623313546180725
141,train,0,1.0,1.0,7,Rguijiao_10_180,8,0.25,6250.0,13.521126747131348,0.6228553056716919,0.5910157561302185,0.5651630163192749,0.025852730497717857,0.2638491094112396,0.30131393671035767,0.17481949925422668,1.1131116650631157e-07,0.12649431824684143,0.17547550797462463,2.2171936016864357e-23,0.17547550797462463,1.468377709388733,1.8342481851577759,0.6592442989349365,0.6699312329292297,53.986244201660156,1.5415576696395874,0.08853864669799805,1.5825039148330688,0.6424150466918945,0.4653497040271759,0.4648328721523285
142,train,0,1.0,1.0,7,Rguijiao_10_180,9,0.2750000059604645,6875.0,16.360563278198242,0.7124390006065369,0.664871335029602,0.6503053903579712,0.014565972611308098,0.3195721507072449,0.3307332396507263,0.18816109001636505,1.1965089186105615e-07,0.14257201552391052,0.19388872385025024,7.562424534232092e-23,0.19388872385025024,1.4698251485824585,1.766470193862915,0.6293654441833496,0.6485117077827454,49.702335357666016,1.487844705581665,0.06749133765697479,1.5179697275161743,0.6185912489891052,0.4687575399875641,0.46871429681777954
143,train,0,1.0,1.0,7,Rguijiao_10_180,10,0.30000001192092896,7500.0,19.470422744750977,0.8545188307762146,0.7384641766548157,0.7432626485824585,-0.004798458889126778,0.3821859359741211,0.3610767126083374,0.2023317813873291,1.2680762040417903e-07,0.15874479711055756,0.21155567467212677,1.0924908170679377e-22,0.21155567467212677,1.477047085762024,1.7178438901901245,0.6006506681442261,0.6302563548088074,46.05126953125,1.4238688945770264,0.04789787530899048,1.444329023361206,0.6040605902671814,0.4727168381214142,0.47393184900283813
144,train,0,1.0,1.0,7,Rguijiao_10_180,11,0.32499998807907104,8125.0,22.850704193115234,0.8390063047409058,0.8156498074531555,0.8483907580375671,-0.032740961760282516,0.45352405309677124,0.3948667049407959,0.21884697675704956,1.3436299184377276e-07,0.1760195791721344,0.2287716269493103,1.0258254441451584e-22,0.2287716269493103,1.4934675693511963,1.6971465349197388,0.5760101079940796,0.6144993305206299,42.899864196777344,1.3518435955047607,0.031135831028223038,1.3644708395004272,0.5964843034744263,0.476836234331131,0.47975486516952515
145,val,0,1.0,1.0,7,Rguijiao_10_180,12,0.3499999940395355,8750.0,26.501407623291016,0.9622376561164856,0.9006702303886414,0.9687466621398926,-0.06807643920183182,0.5358019471168518,0.43294471502304077,0.23834408819675446,1.4327184771900647e-07,0.19460046291351318,0.24575474858283997,5.467691490661632e-23,0.24575474858283997,1.5213543176651,1.7032148838043213,0.5568424463272095,0.60074782371521,40.14957046508789,1.2760608196258545,0.016960013657808304,1.2825534343719482,0.5937889814376831,0.4807480573654175,0.4848099946975708
146,train,0,1.0,1.0,7,Rguijiao_10_180,13,0.375,9375.0,30.422534942626953,0.9720920324325562,0.9959895014762878,1.104443073272705,-0.10845358669757843,0.6304288506507874,0.4740142822265625,0.26035258173942566,1.5340962988830142e-07,0.2136615663766861,0.26266583800315857,7.47635223640779e-23,0.26266583800315857,1.5593215227127075,1.7261815071105957,0.5426127910614014,0.588631272315979,37.72625732421875,1.2009271383285522,0.004070146009325981,1.2023935317993164,0.5946686267852783,0.484325110912323,0.488022118806839
147,val,0,1.0,1.0,7,Rguijiao_10_180,14,0.4000000059604645,10000.0,34.61408615112305,1.132528305053711,1.1025193929672241,1.2536864280700684,-0.15116703510284424,0.7370833158493042,0.5166031122207642,0.28412526845932007,1.6433203597898682e-07,0.23247769474983215,0.27962347865104675,9.780122691353507e-23,0.27962347865104675,1.6023547649383545,1.7551300525665283,0.5321817398071289,0.5778660178184509,35.57320785522461,1.1303867101669312,-0.007706949487328529,1.1277731657028198,0.5980914235115051,0.4875074326992035,0.48937177658081055
148,train,0,1.0,1.0,7,Rguijiao_10_180,15,0.42500001192092896,10625.0,39.07605743408203,1.1095962524414062,1.220171332359314,1.4145030975341797,-0.19433176517486572,0.8540763854980469,0.5604267120361328,0.30930665135383606,1.7588077128039004e-07,0.2511198818683624,0.2967153787612915,2.1048702217469125e-22,0.2967153787612915,1.6446784734725952,1.783584475517273,0.5245426893234253,0.5682315826416016,33.64631271362305,1.0671086311340332,-0.0174478180706501,1.0615229606628418,0.6029718518257141,0.4902375638484955,0.4895407557487488
149,train,0,1.0,1.0,7,Rguijiao_10_180,16,0.44999998807907104,11250.0,43.80845260620117,1.2849382162094116,1.347817301750183,1.5851819515228271,-0.23736466467380524,0.9795381426811218,0.6056437492370605,0.3357083201408386,1.8802234080794733e-07,0.2699352502822876,0.3140062093734741,3.8367051608103614e-23,0.3140062093734741,1.6825133562088013,1.8092256784439087,0.51884925365448,0.5595534443855286,31.910694122314453,1.011549949645996,-0.0246550515294075,1.0040680170059204,0.6084011197090149,0.4925580620765686,0.489201158285141
150,train,0,1.0,1.0,7,Rguijiao_10_180,17,0.4749999940395355,11875.0,48.8112678527832,1.3797824382781982,1.4838484525680542,1.7642592191696167,-0.2804107964038849,1.112069010734558,0.6521902084350586,0.3630812168121338,2.0067950856628158e-07,0.2891087532043457,0.3315436840057373,5.124632796158822e-22,0.3315436840057373,1.7143782377243042,1.8317643404006958,0.5144586563110352,0.5516924262046814,30.33848762512207,0.9626970291137695,-0.029520610347390175,0.9541712403297424,0.6138035655021667,0.49458327889442444,0.48875004053115845
151,train,0,1.0,1.0,7,Rguijiao_10_180,18,0.5,12500.0,54.08450698852539,1.528909683227539,1.6267508268356323,1.9505274295806885,-0.32377660274505615,1.2507243156433105,0.6998031139373779,0.39114701747894287,2.1374704317622673e-07,0.30865591764450073,0.34936264157295227,7.7245628395056395e-22,0.34936264157295227,1.740138053894043,1.8515799045562744,0.5109484195709229,0.544535219669342,28.90704917907715,0.9191944599151611,-0.03248012065887451,0.9102377891540527,0.6188870668411255,0.49642738699913025,0.48836666345596313
152,train,0,1.0,1.0,8,guijiao_20_0,0,0.05000000074505806,1250.0,4.0,0.03274283930659294,0.02780938893556595,0.027666334062814713,0.00014305399963632226,0.009773335419595242,0.017892999574542046,0.002142170676961541,0.005593793001025915,0.010157035663723946,0.01904510147869587,0.008109244517982006,0.008109244517982006,1.359768271446228,1.780855655670166,0.6568816900253296,0.6207086443901062,44.14173126220703,0.3326147794723511,0.09252247959375381,0.3418470621109009,0.4691721200942993,1.8650797605514526,2.224565029144287
153,train,0,1.0,1.0,8,guijiao_20_0,1,0.07500000298023224,1875.0,9.0,0.1314956545829773,0.13034725189208984,0.14006130397319794,-0.009714057669043541,0.024153752252459526,0.11590754985809326,0.014817485585808754,0.029023554176092148,0.07206650823354721,0.03737829253077507,0.012877439148724079,0.012877439148724079,1.4935654401779175,2.0021073818206787,0.6162402629852295,0.5476172566413879,29.523452758789062,0.9335514307022095,0.12170591205358505,0.9676370620727539,0.45324277877807617,1.4406448602676392,2.204397201538086
154,val,0,1.0,1.0,8,guijiao_20_0,2,0.10000000149011612,2500.0,16.0,0.1263606995344162,0.22234223783016205,0.2642066776752472,-0.041864436119794846,0.04331125319004059,0.2208954244852066,0.047167666256427765,0.045861635357141495,0.12786611914634705,0.05183761939406395,0.01717318408191204,0.01717318408191204,1.506478190422058,2.185544013977051,0.5754876136779785,0.5097271203994751,21.9454288482666,1.5692787170410156,0.04735270515084267,1.591571569442749,0.45199888944625854,0.7636713981628418,1.2253168821334839
155,train,0,1.0,1.0,8,guijiao_20_0,3,0.125,3125.0,25.0,0.10596927255392075,0.19635283946990967,0.2441670447587967,-0.04781419783830643,0.0582134835422039,0.1859535574913025,0.07275962829589844,0.03837946429848671,0.07481447607278824,0.06461422890424728,0.02142789214849472,0.02142789214849472,1.2958827018737793,2.118699550628662,0.4846940040588379,0.48791635036468506,17.583267211914062,1.6444733142852783,-0.1076565533876419,1.5913618803024292,0.4603741466999054,0.5010160803794861,0.4733757972717285
156,train,0,1.0,1.0,8,guijiao_20_0,4,0.15000000596046448,3750.0,36.0,0.2565729320049286,0.2534806430339813,0.28741371631622314,-0.033933065831661224,0.08608784526586533,0.20132586359977722,0.08750633895397186,0.03445276990532875,0.07936675101518631,0.07707758992910385,0.02586590126156807,0.02586590126156807,1.3308265209197998,1.9630507230758667,0.4231511354446411,0.47369226813316345,14.738452911376953,1.365928053855896,-0.16355496644973755,1.2989068031311035,0.5084242224693298,0.4730589985847473,0.4611320495605469
157,train,0,1.0,1.0,8,guijiao_20_0,5,0.17499999701976776,4375.0,49.0,0.34047091007232666,0.32736682891845703,0.3440901041030884,-0.016723260283470154,0.124155193567276,0.21993489563465118,0.09921259433031082,0.03560252487659454,0.08511976897716522,0.08983232080936432,0.030577916651964188,0.030577916651964188,1.410103440284729,1.934241771697998,0.4136083722114563,0.4635932743549347,12.71865463256836,1.0696353912353516,-0.13173151016235352,1.0273640155792236,0.5434185266494751,0.4714754521846771,0.46622762084007263
158,train,0,1.0,1.0,8,guijiao_20_0,6,0.20000000298023224,5000.0,64.0,0.37226971983909607,0.39608851075172424,0.40201491117477417,-0.00592641020193696,0.16821537911891937,0.233799546957016,0.10607210546731949,0.03744937479496002,0.09027805179357529,0.1031419187784195,0.0355924554169178,0.0355924554169178,1.4627423286437988,1.9300605058670044,0.4127182364463806,0.45599478483200073,11.198957443237305,0.8572688698768616,-0.11832384765148163,0.8268383145332336,0.5538961887359619,0.4738251566886902,0.471421480178833
159,train,0,1.0,1.0,8,guijiao_20_0,7,0.22499999403953552,5625.0,81.0,0.4480170011520386,0.460034042596817,0.46099787950515747,-0.0009638380142860115,0.21653805673122406,0.2444598376750946,0.11066854000091553,0.03923992067575455,0.09455139189958572,0.11711513996124268,0.04091043025255203,0.04091043025255203,1.4877548217773438,1.923593521118164,0.41304945945739746,0.45003658533096313,10.007320404052734,0.704494297504425,-0.11163103580474854,0.680901288986206,0.5563402771949768,0.4775758683681488,0.47531798481941223
160,val,0,1.0,1.0,8,guijiao_20_0,8,0.25,6250.0,100.0,0.5355852842330933,0.5234580039978027,0.5236247777938843,-0.00016675953520461917,0.2676277458667755,0.2559970021247864,0.11550022661685944,0.04133450984954834,0.0991622805595398,0.1317870318889618,0.046520885080099106,0.046520885080099106,1.4894065856933594,1.91561758518219,0.4136296808719635,0.4452192783355713,9.043856620788574,0.5954291820526123,-0.1006229817867279,0.5774550437927246,0.5568709373474121,0.4818066656589508,0.47809940576553345
161,train,0,1.0,1.0,8,guijiao_20_0,9,0.2750000059604645,6875.0,121.0,0.537065327167511,0.5879786610603333,0.5905108451843262,-0.002532180165871978,0.32046636939048767,0.2700444757938385,0.12145815789699554,0.043917834758758545,0.10466847568750381,0.14715644717216492,0.052408237010240555,0.052408237010240555,1.47393798828125,1.909287452697754,0.4144372344017029,0.4412316679954529,8.246335983276367,0.5161654949188232,-0.08425135165452957,0.5031192302703857,0.5573112964630127,0.48624294996261597,0.48027169704437256
162,train,0,1.0,1.0,8,guijiao_20_0,10,0.30000001192092896,7500.0,144.0,0.6555957198143005,0.653374969959259,0.6609011292457581,-0.007526145316660404,0.3742857873439789,0.2866153419017792,0.12855610251426697,0.046986475586891174,0.11107275635004044,0.16320447623729706,0.05855567753314972,0.05855567753314972,1.4465150833129883,1.9061534404754639,0.41560056805610657,0.43786895275115967,7.573787689208984,0.4563800096511841,-0.06478210538625717,0.44751042127609253,0.5581718683242798,0.4908761978149414,0.48226168751716614
163,train,0,1.0,1.0,8,guijiao_20_0,11,0.32499998807907104,8125.0,169.0,0.7337173223495483,0.7190879583358765,0.733894944190979,-0.014806999824941158,0.4285973012447357,0.3052976429462433,0.13659413158893585,0.05048181861639023,0.1182217076420784,0.17990387976169586,0.064946748316288,0.064946748316288,1.411383032798767,1.9063631296157837,0.4171617925167084,0.43499016761779785,6.998030662536621,0.4095616340637207,-0.04456011950969696,0.4040866196155548,0.5595824122428894,0.49574971199035645,0.4843164086341858
164,train,0,1.0,1.0,8,guijiao_20_0,12,0.3499999940395355,8750.0,196.0,0.7751927375793457,0.7849108576774597,0.8090097308158875,-0.02409885823726654,0.4832439422607422,0.32576578855514526,0.14541682600975037,0.05435708165168762,0.12599188089370728,0.19722402095794678,0.07156606018543243,0.07156606018543243,1.3721213340759277,1.909416913986206,0.4190654158592224,0.4324948787689209,6.498973846435547,0.3718518912792206,-0.02521754801273346,0.36903873085975647,0.5615450739860535,0.5008922815322876,0.4865332245826721
165,val,0,1.0,1.0,8,guijiao_20_0,13,0.375,9375.0,225.0,0.7986027598381042,0.8510963916778564,0.8862504363059998,-0.03515404090285301,0.5383589863777161,0.3478914499282837,0.15496455132961273,0.05859403312206268,0.13433288037776947,0.2151336669921875,0.07839954644441605,0.07839954644441605,1.3315932750701904,1.9146912097930908,0.42120760679244995,0.43030932545661926,6.06186580657959,0.34092801809310913,-0.007675457745790482,0.34014299511909485,0.5640119910240173,0.5063061118125916,0.48892050981521606
166,val,0,1.0,1.0,8,guijiao_20_0,14,0.4000000059604645,10000.0,256.0,0.884392499923706,0.9181885719299316,0.9659454822540283,-0.047756899148225784,0.5942591428756714,0.37168633937835693,0.16524405777454376,0.06319552659988403,0.14324676990509033,0.23360233008861542,0.08543454110622406,0.08543454110622406,1.2918673753738403,1.9216382503509521,0.4234778881072998,0.42837801575660706,5.675602912902832,0.3152807056903839,0.0076756663620471954,0.31600669026374817,0.5669133067131042,0.511972188949585,0.4914458096027374
167,train,0,1.0,1.0,8,guijiao_20_0,15,0.42500001192092896,10625.0,289.0,1.0040017366409302,0.9868193864822388,1.0485526323318481,-0.061733245849609375,0.6513324975967407,0.3972201645374298,0.17628887295722961,0.0681738331913948,0.152757465839386,0.2526010274887085,0.09265967458486557,0.09265967458486557,1.254258394241333,1.929813265800476,0.4257824122905731,0.4266582429409027,5.331648349761963,0.2938355505466461,0.020793484523892403,0.29566851258277893,0.5701715350151062,0.5178579092025757,0.49406373500823975
168,val,0,1.0,1.0,8,guijiao_20_0,16,0.44999998807907104,11250.0,324.0,1.018639326095581,1.0575751066207886,1.134525179862976,-0.07695011794567108,0.7099577188491821,0.42456746101379395,0.18813414871692657,0.07354293018579483,0.16289035975933075,0.2721027135848999,0.10006482899188995,0.10006482899188995,1.2194658517837524,1.938859224319458,0.4280524253845215,0.4251165986061096,5.02332067489624,0.2757750451564789,0.03183320164680481,0.2784086763858795,0.5737099647521973,0.5239245295524597,0.49672964215278625
169,train,0,1.0,1.0,8,guijiao_20_0,17,0.4749999940395355,11875.0,361.0,1.1686152219772339,1.1309360265731812,1.2242472171783447,-0.09331118315458298,0.770460307598114,0.4537869691848755,0.20080707967281342,0.07931531220674515,0.17366455495357513,0.2920822501182556,0.10764095932245255,0.10764095932245255,1.1877503395080566,1.9484914541244507,0.4302437901496887,0.42372652888298035,4.74530553817749,0.2604570686817169,0.04104520380496979,0.26366424560546875,0.5774585604667664,0.5301322340965271,0.49940505623817444
170,val,0,1.0,1.0,8,guijiao_20_0,18,0.5,12500.0,400.0,1.143523097038269,1.2072668075561523,1.3180139064788818,-0.11074712127447128,0.8330981135368347,0.4849157929420471,0.21432411670684814,0.08550094813108444,0.18509070575237274,0.31251654028892517,0.11538002640008926,0.11538002640008926,1.1590930223464966,1.9584804773330688,0.43233245611190796,0.42246657609939575,4.493317604064941,0.24737119674682617,0.048704832792282104,0.25098565220832825,0.5813552737236023,0.5364431142807007,0.5020594596862793
171,train,0,1.0,1.0,9,guijiao_20_180,0,0.05000000074505806,1250.0,4.0,0.08496236801147461,0.07894288748502731,0.0678754448890686,0.011067441664636135,0.007647233083844185,0.06022821366786957,0.021435493603348732,3.2722063281198643e-08,0.0387926883995533,0.01904510147869587,3.115521200628112e-22,0.01904510147869587,1.063962697982788,1.6685268878936768,0.8437879085540771,0.838975191116333,87.79503631591797,1.3379820585250854,0.14024440944194794,1.394275426864624,1.2285431623458862,1.6669615507125854,2.223344564437866
172,train,0,1.0,1.0,9,guijiao_20_180,1,0.07500000298023224,1875.0,9.0,0.20686888694763184,0.20155148208141327,0.1786220371723175,0.022929446771740913,0.017653813585639,0.16096822917461395,0.05023547261953354,5.3530435195625614e-08,0.11073270440101624,0.03737829253077507,3.9326089374331247e-22,0.03737829253077507,1.0916367769241333,1.7932054996490479,0.811056911945343,0.7209258079528809,64.1851577758789,1.7143909931182861,0.1827612817287445,1.808388352394104,0.9180048108100891,0.9045762419700623,2.023533344268799
173,train,0,1.0,1.0,9,guijiao_20_180,2,0.10000000149011612,2500.0,16.0,0.23048630356788635,0.23103761672973633,0.2045164704322815,0.026521146297454834,0.03722379356622696,0.16729268431663513,0.08033931255340576,6.449979395029004e-08,0.086953304708004,0.05183761939406395,7.925297521407882e-22,0.05183761939406395,1.2947405576705933,2.0836071968078613,0.745013952255249,0.6509374380111694,50.1874885559082,1.7465028762817383,0.295195996761322,1.901171088218689,0.6760358810424805,0.5463825464248657,0.7316910028457642
174,train,0,1.0,1.0,9,guijiao_20_180,3,0.125,3125.0,25.0,0.37194958329200745,0.32212570309638977,0.27487635612487793,0.047249339520931244,0.06946729868650436,0.20540904998779297,0.10841716080904007,8.405007889678018e-08,0.09699181467294693,0.06461422890424728,6.314029432525771e-23,0.06461422890424728,1.5464024543762207,2.233377695083618,0.6698112487792969,0.6060657501220703,41.2131462097168,1.7132123708724976,0.3355425000190735,1.8856689929962158,0.5491982698440552,0.4767360985279083,0.49132198095321655
175,val,0,1.0,1.0,9,guijiao_20_180,4,0.15000000596046448,3750.0,36.0,0.4915699362754822,0.3972393870353699,0.3339860439300537,0.06325335055589676,0.10701031237840652,0.22697573900222778,0.11837872862815857,8.529550399316577e-08,0.10859693586826324,0.07707758992910385,1.1234837105300057e-22,0.07707758992910385,1.6542657613754272,2.0046226978302,0.5942096710205078,0.5746968984603882,34.93937683105469,1.5987210273742676,0.21126379072666168,1.7000466585159302,0.514607846736908,0.46800491213798523,0.47208502888679504
176,train,0,1.0,1.0,9,guijiao_20_180,5,0.17499999701976776,4375.0,49.0,0.4082214832305908,0.45129066705703735,0.3841978907585144,0.06709278374910355,0.1471349149942398,0.2370629906654358,0.12206918746232986,8.211506496991205e-08,0.11499372124671936,0.08983232080936432,1.3686390868963706e-22,0.08983232080936432,1.6710975170135498,1.786946415901184,0.5419005155563354,0.551417887210846,30.2835750579834,1.4346177577972412,0.09043832868337631,1.4735411405563354,0.5045857429504395,0.469778835773468,0.47533851861953735
177,train,0,1.0,1.0,9,guijiao_20_180,6,0.20000000298023224,5000.0,64.0,0.6384890079498291,0.5116850733757019,0.44797027111053467,0.06371481716632843,0.19390644133090973,0.25406381487846375,0.12943542003631592,8.275573293303751e-08,0.12462829798460007,0.1031419187784195,1.1510744046800364e-22,0.1031419187784195,1.6861428022384644,1.7070131301879883,0.5068038702011108,0.533397376537323,26.679471969604492,1.2565985918045044,0.014256774447858334,1.2619730234146118,0.5007084608078003,0.47375214099884033,0.4821125268936157
178,val,0,1.0,1.0,9,guijiao_20_180,7,0.22499999403953552,5625.0,81.0,0.6797599196434021,0.5663816928863525,0.5173437595367432,0.04903794080018997,0.24784643948078156,0.2694973349571228,0.13648772239685059,8.38281266624108e-08,0.13300952315330505,0.11711513996124268,1.050909643209376e-21,0.11711513996124268,1.7028635740280151,1.697096824645996,0.48191356658935547,0.5190048217773438,23.800962448120117,1.0698268413543701,-0.03995947912335396,1.0570019483566284,0.5009852647781372,0.4788651466369629,0.4882183372974396
179,train,0,1.0,1.0,9,guijiao_20_180,8,0.25,6250.0,100.0,0.6456429958343506,0.6144586801528931,0.5890560150146484,0.025402652099728584,0.30870166420936584,0.2803543210029602,0.14204178750514984,8.459098665980491e-08,0.1383124440908432,0.1317870318889618,2.441323209599568e-21,0.1317870318889618,1.7179917097091675,1.7048966884613037,0.46549320220947266,0.507230281829834,21.44605827331543,0.9013695120811462,-0.08099120855331421,0.8794686198234558,0.5052385330200195,0.4847885072231293,0.49197331070899963
180,train,0,1.0,1.0,9,guijiao_20_180,9,0.2750000059604645,6875.0,121.0,0.7804605960845947,0.6719946265220642,0.6713677048683167,0.0006269079749472439,0.3765798509120941,0.29478785395622253,0.15010985732078552,8.746749102783724e-08,0.14467790722846985,0.14715644717216492,7.467274025110506e-22,0.14715644717216492,1.73202383518219,1.7144097089767456,0.45623093843460083,0.49741220474243164,19.482440948486328,0.7783229351043701,-0.10522940009832382,0.7537521719932556,0.5120111107826233,0.4904484152793884,0.49348318576812744
181,train,0,1.0,1.0,9,guijiao_20_180,10,0.30000001192092896,7500.0,144.0,0.7066598534584045,0.745965838432312,0.7685384750366211,-0.022572629153728485,0.45131102204322815,0.31722748279571533,0.16262006759643555,9.328893213478295e-08,0.15460732579231262,0.16320447623729706,1.0497243475137566e-20,0.16320447623729706,1.7441970109939575,1.7241288423538208,0.45134031772613525,0.48909759521484375,17.819517135620117,0.6965058445930481,-0.11479219049215317,0.6725198030471802,0.519440233707428,0.49516358971595764,0.49384593963623047
182,train,0,1.0,1.0,9,guijiao_20_180,11,0.32499998807907104,8125.0,169.0,0.8475066423416138,0.8346568942070007,0.8794733285903931,-0.04481646046042442,0.5325555801391602,0.3469177782535553,0.1789984256029129,1.0149548046456403e-07,0.16791924834251404,0.17990387976169586,1.9914623663219895e-20,0.17990387976169586,1.7537204027175903,1.733762264251709,0.44870826601982117,0.48196521401405334,16.393043518066406,0.6410902142524719,-0.11543705314397812,0.6188885569572449,0.5264525413513184,0.49894648790359497,0.4938676059246063
183,train,0,1.0,1.0,9,guijiao_20_180,12,0.3499999940395355,8750.0,196.0,0.8986618518829346,0.9349081516265869,1.0019547939300537,-0.0670466497540474,0.6199538111686707,0.38200104236602783,0.1982172429561615,1.1140273414866897e-07,0.18378371000289917,0.19722402095794678,3.602878215793624e-20,0.19722402095794678,1.760294795036316,1.742924690246582,0.4472377300262451,0.4757799208164215,15.155984878540039,0.6010332107543945,-0.11140454560518265,0.5809458494186401,0.5326842665672302,0.5020501613616943,0.49389591813087463
184,val,0,1.0,1.0,9,guijiao_20_180,13,0.375,9375.0,225.0,0.9627761244773865,1.0442402362823486,1.134122371673584,-0.08988209813833237,0.7131301760673523,0.42099225521087646,0.219483882188797,1.2253214265456336e-07,0.20150823891162872,0.2151336669921875,6.256844559669679e-20,0.2151336669921875,1.763877511024475,1.751421570777893,0.44641125202178955,0.4703657627105713,14.073150634765625,0.5699787139892578,-0.10501153767108917,0.552022397518158,0.5381105542182922,0.5047136545181274,0.49403947591781616
185,train,0,1.0,1.0,9,guijiao_20_180,14,0.4000000059604645,10000.0,256.0,1.150991439819336,1.1609739065170288,1.2746416330337524,-0.11366771161556244,0.8117233514785767,0.4629182815551758,0.2422855645418167,1.3459256820169685e-07,0.22063256800174713,0.23360233008861542,1.048540348326812e-19,0.23360233008861542,1.7646156549453735,1.7592442035675049,0.445980966091156,0.4655887186527252,13.117743492126465,0.5444870591163635,-0.09745321422815323,0.5285684466362,0.542823851108551,0.5071044564247131,0.49431177973747253
186,val,0,1.0,1.0,9,guijiao_20_180,15,0.42500001192092896,10625.0,289.0,1.2544622421264648,1.2840197086334229,1.4226045608520508,-0.13858483731746674,0.9154171943664551,0.5071873068809509,0.2663135528564453,1.47416500340114e-07,0.24087359011173248,0.2526010274887085,1.7030078461772696e-19,0.2526010274887085,1.7628012895584106,1.7664811611175537,0.44581928849220276,0.4613442122936249,12.268844604492188,0.5226924419403076,-0.08936765789985657,0.5086789131164551,0.5469422340393066,0.5093269944190979,0.4946947693824768
187,train,0,1.0,1.0,9,guijiao_20_180,16,0.44999998807907104,11250.0,324.0,1.3411883115768433,1.4126845598220825,1.577408790588379,-0.1647242158651352,1.0239543914794922,0.5534543991088867,0.2913907468318939,1.6091084376057552e-07,0.26206350326538086,0.2721027135848999,2.690328686616003e-19,0.2721027135848999,1.7588051557540894,1.7732471227645874,0.44585269689559937,0.4575488269329071,11.509765625,0.5035491585731506,-0.08111651241779327,0.49129530787467957,0.5505764484405518,0.5114427804946899,0.49516329169273376
188,train,0,1.0,1.0,9,guijiao_20_180,17,0.4749999940395355,11875.0,361.0,1.5874711275100708,1.5465320348739624,1.7386597394943237,-0.19212771952152252,1.137133240699768,0.6015264987945557,0.31742048263549805,1.7502618732123665e-07,0.2841058373451233,0.2920822501182556,2.5470766692546686e-18,0.2920822501182556,1.7530176639556885,1.7796530723571777,0.44603341817855835,0.45413661003112793,10.827320098876953,0.48643872141838074,-0.07291341572999954,0.4757983684539795,0.553819477558136,0.5134878158569336,0.49569371342658997
189,val,0,1.0,1.0,9,guijiao_20_180,18,0.5,12500.0,400.0,1.6530265808105469,1.6852916479110718,1.9061020612716675,-0.22081036865711212,1.254800796508789,0.6513012647628784,0.34435442090034485,1.8973760518292693e-07,0.30694663524627686,0.31251654028892517,1.337401227409797e-18,0.31251654028892517,1.7458096742630005,1.7857866287231445,0.446327269077301,0.45105257630348206,10.210517883300781,0.4709710478782654,-0.06488659232854843,0.461803138256073,0.5567470788955688,0.5154820680618286,0.4962666928768158
190,train,0,1.0,1.0,10,guijiao_10_0,0,0.05000000074505806,1250.0,4.0,0.061789702624082565,0.023752378299832344,0.02124738320708275,0.0025049950927495956,0.010712078772485256,0.010535303503274918,0.0015910102520138025,0.0031795711256563663,0.005764722358435392,0.009522550739347935,0.004054622258991003,0.004054622258991003,1.4903759956359863,1.5027222633361816,0.6337207555770874,0.6207086443901062,44.14173126220703,0.462078332901001,-0.016575802117586136,0.4597805440425873,0.6140622496604919,1.9364666938781738,2.2249374389648438
191,train,0,1.0,1.0,10,guijiao_10_0,1,0.07500000298023224,1875.0,9.0,0.07487817108631134,0.09169341623783112,0.09271517395973206,-0.00102175900246948,0.028431374579668045,0.06428380310535431,0.009570854716002941,0.016055608168244362,0.03865734115242958,0.018689146265387535,0.0064387195743620396,0.0064387195743620396,1.75807523727417,1.6345115900039673,0.5643041133880615,0.5476172566413879,29.523452758789062,1.5024279356002808,-0.1085904911160469,1.4534831047058105,0.47746217250823975,1.4193902015686035,1.9285023212432861
192,train,0,1.0,1.0,10,guijiao_10_0,2,0.10000000149011612,2500.0,16.0,0.08106280863285065,0.08010217547416687,0.09614023566246033,-0.01603805646300316,0.036078814417123795,0.060061417520046234,0.023638615384697914,0.014621949754655361,0.021800853312015533,0.025918809697031975,0.00858659204095602,0.00858659204095602,1.2549151182174683,1.867729902267456,0.5300265550613403,0.5097271203994751,21.9454288482666,1.7233257293701172,-0.06377743184566498,1.6903529167175293,0.49915939569473267,0.5825387835502625,0.46035271883010864
193,train,0,1.0,1.0,10,guijiao_10_0,3,0.125,3125.0,25.0,0.11539952456951141,0.12648271024227142,0.14112606644630432,-0.014643358998000622,0.05286245793104172,0.088263601064682,0.04138834401965141,0.01527764368802309,0.03159761801362038,0.03230711445212364,0.01071394607424736,0.01071394607424736,1.1767642498016357,1.9144171476364136,0.4611993134021759,0.48791635036468506,17.583267211914062,1.5792179107666016,-0.06015072762966156,1.5507205724716187,0.5948352217674255,0.4760870933532715,0.4541224539279938
194,train,0,1.0,1.0,10,guijiao_10_0,4,0.15000000596046448,3750.0,36.0,0.22257539629936218,0.17962506413459778,0.18844661116600037,-0.008821550756692886,0.08183430135250092,0.10661230236291885,0.05203215032815933,0.016819436103105545,0.03776071220636368,0.038538794964551926,0.012932950630784035,0.012932950630784035,1.2650712728500366,1.9180797338485718,0.4351949989795685,0.47369226813316345,14.738452911376953,1.2868976593017578,-0.03605935350060463,1.272976279258728,0.6314094066619873,0.46899348497390747,0.45822563767433167
195,train,0,1.0,1.0,10,guijiao_10_0,5,0.17499999701976776,4375.0,49.0,0.19035470485687256,0.22447477281093597,0.2309260368347168,-0.006451262626796961,0.11555320769548416,0.11537282168865204,0.056312911212444305,0.01785903051495552,0.041200872510671616,0.04491616040468216,0.015288958325982094,0.015288958325982094,1.3124055862426758,1.9172335863113403,0.4264101982116699,0.4635932743549347,12.71865463256836,1.0246573686599731,-0.0449964702129364,1.010825514793396,0.6325421333312988,0.47044822573661804,0.46279412508010864
196,train,0,1.0,1.0,10,guijiao_10_0,6,0.20000000298023224,5000.0,64.0,0.2699236571788788,0.2664529085159302,0.27327293157577515,-0.0068200272507965565,0.15219184756278992,0.12108106911182404,0.058696016669273376,0.018747806549072266,0.04363724961876869,0.05157095938920975,0.0177962277084589,0.0177962277084589,1.3234071731567383,1.920263409614563,0.4228011965751648,0.45599478483200073,11.198957443237305,0.8265172839164734,-0.05877919867634773,0.8119426965713501,0.6274384260177612,0.4739982485771179,0.4664658308029175
197,val,0,1.0,1.0,10,guijiao_10_0,7,0.22499999403953552,5625.0,81.0,0.29202887415885925,0.30811166763305664,0.3172595202922821,-0.009147865697741508,0.19071343541145325,0.12654608488082886,0.060898467898368835,0.01973331719636917,0.045914292335510254,0.05855756998062134,0.020455215126276016,0.020455215126276016,1.3103232383728027,1.928025245666504,0.42155590653419495,0.45003658533096313,10.007320404052734,0.6813341379165649,-0.06440409272909164,0.6681699156761169,0.6225159764289856,0.4785078167915344,0.46934476494789124
198,train,0,1.0,1.0,10,guijiao_10_0,8,0.25,6250.0,100.0,0.29831641912460327,0.3496856391429901,0.3628166913986206,-0.01313106156885624,0.23003529012203217,0.13278140127658844,0.06348531693220139,0.02092510461807251,0.048370976001024246,0.0658935159444809,0.023260442540049553,0.023260442540049553,1.2801964282989502,1.9405229091644287,0.4220215082168579,0.4452192783355713,9.043856620788574,0.5738464593887329,-0.06040070205926895,0.5634482502937317,0.6193401217460632,0.48371437191963196,0.4718899726867676
199,train,0,1.0,1.0,10,guijiao_10_0,9,0.2750000059604645,6875.0,121.0,0.4310641288757324,0.3905704617500305,0.4092189073562622,-0.01864844374358654,0.26923033595085144,0.13998857140541077,0.06656208634376526,0.02234470844268799,0.05108176916837692,0.07357822358608246,0.026204118505120277,0.026204118505120277,1.2382854223251343,1.9571348428726196,0.4239419102668762,0.4412316679954529,8.246335983276367,0.49224424362182617,-0.04966343566775322,0.4849102795124054,0.618284285068512,0.4895866811275482,0.47449010610580444
200,val,0,1.0,1.0,10,guijiao_10_0,10,0.30000001192092896,7500.0,144.0,0.40116769075393677,0.4304288625717163,0.4560409188270569,-0.02561206743121147,0.3078773319721222,0.1481635868549347,0.07012540102005005,0.023986971005797386,0.05405121669173241,0.08160223811864853,0.02927783876657486,0.02927783876657486,1.1898640394210815,1.9769173860549927,0.4269798994064331,0.43786895275115967,7.573787689208984,0.4288904070854187,-0.03595225140452385,0.424264520406723,0.619321882724762,0.49614545702934265,0.47736045718193054
201,train,0,1.0,1.0,10,guijiao_10_0,11,0.32499998807907104,8125.0,169.0,0.506271243095398,0.469587504863739,0.5035054683685303,-0.03391796723008156,0.3461530804634094,0.15735237300395966,0.07419725507497787,0.02585293911397457,0.05730217695236206,0.08995193988084793,0.032473374158144,0.032473374158144,1.1398918628692627,1.9989410638809204,0.43070584535598755,0.43499016761779785,6.998030662536621,0.3790348470211029,-0.022325506433844566,0.37649619579315186,0.622256338596344,0.5033970475196838,0.48056545853614807
202,train,0,1.0,1.0,10,guijiao_10_0,12,0.3499999940395355,8750.0,196.0,0.5606998205184937,0.5088262557983398,0.5522750020027161,-0.04344873130321503,0.38462167978286743,0.16765332221984863,0.0788249596953392,0.027952533215284348,0.06087583675980568,0.09861201047897339,0.03578303009271622,0.03578303009271622,1.0920934677124023,2.022411584854126,0.43471187353134155,0.4324948787689209,6.498973846435547,0.3394821882247925,-0.010584043338894844,0.33840426802635193,0.6268030405044556,0.511313259601593,0.48407456278800964
203,train,0,1.0,1.0,10,guijiao_10_0,13,0.375,9375.0,225.0,0.5885866284370422,0.5490078926086426,0.6030941009521484,-0.05408623442053795,0.42393675446510315,0.17915737628936768,0.0840502381324768,0.030298208817839622,0.0648089274764061,0.10756683349609375,0.03919977322220802,0.03919977322220802,1.0485777854919434,2.046675682067871,0.4386998116970062,0.43030932545661926,6.06186580657959,0.3078620135784149,-0.0013666684972122312,0.30773577094078064,0.6326421499252319,0.519838809967041,0.48781365156173706
204,val,0,1.0,1.0,10,guijiao_10_0,14,0.4000000059604645,10000.0,256.0,0.6958703994750977,0.5908511877059937,0.6565736532211304,-0.06572247296571732,0.4646548330783844,0.19191884994506836,0.08989491313695908,0.0329011045396328,0.06912282854318619,0.11680116504430771,0.04271727055311203,0.04271727055311203,1.010119080543518,2.0711984634399414,0.4424978494644165,0.42837801575660706,5.675602912902832,0.2823455035686493,0.005442331079393625,0.28280648589134216,0.6394591331481934,0.5289041996002197,0.49169883131980896
205,train,0,1.0,1.0,10,guijiao_10_0,15,0.42500001192092896,10625.0,289.0,0.6730650663375854,0.6348732709884644,0.7131413221359253,-0.07826807349920273,0.5071813464164734,0.2059599906206131,0.0963640809059143,0.035770490765571594,0.0738254189491272,0.12630051374435425,0.046329837292432785,0.046329837292432785,0.9766693711280823,2.095550298690796,0.44603073596954346,0.4266582429409027,5.331648349761963,0.26152998208999634,0.010288862511515617,0.26233723759651184,0.6469758749008179,0.538434624671936,0.4956541955471039
206,train,0,1.0,1.0,10,guijiao_10_0,16,0.44999998807907104,11250.0,324.0,0.6925672888755798,0.6814156770706177,0.773072361946106,-0.09165666997432709,0.551788330078125,0.22128403186798096,0.10345321148633957,0.038914233446121216,0.07891657203435898,0.13605135679244995,0.05003241449594498,0.05003241449594498,0.9477846026420593,2.1193971633911133,0.44928139448165894,0.4251165986061096,5.02332067489624,0.2443559616804123,0.013680143281817436,0.24535880982875824,0.6549584865570068,0.5483525395393372,0.49961787462234497
207,train,0,1.0,1.0,10,guijiao_10_0,17,0.4749999940395355,11875.0,361.0,0.7913765907287598,0.7306931614875793,0.8365370035171509,-0.10584381967782974,0.5986520648002625,0.23788496851921082,0.11115362495183945,0.04233905300498009,0.08439229428768158,0.1460411250591278,0.05382047966122627,0.05382047966122627,0.9228888154029846,2.1424977779388428,0.45226067304611206,0.42372652888298035,4.74530553817749,0.23002827167510986,0.01605374738574028,0.23113612830638885,0.6632189750671387,0.5585803389549255,0.503542423248291
208,train,0,1.0,1.0,10,guijiao_10_0,18,0.5,12500.0,400.0,0.9285801649093628,0.7828344106674194,0.9036382436752319,-0.1208038330078125,0.6478850245475769,0.2557532489299774,0.11945553869009018,0.046050623059272766,0.09024709463119507,0.15625827014446259,0.05769001320004463,0.05769001320004463,0.9014052748680115,2.164687395095825,0.4549911618232727,0.42246657609939575,4.493317604064941,0.21794980764389038,0.017745714634656906,0.21911011636257172,0.6716103553771973,0.5690410733222961,0.5073927640914917
209,train,0,1.0,1.0,11,guijiao_10_180,0,0.05000000074505806,1250.0,4.0,0.06980589777231216,0.0635494664311409,0.052360277622938156,0.011189190670847893,0.007092010695487261,0.04526826739311218,0.021881103515625,1.553663686593154e-08,0.023387150838971138,0.009522550739347935,1.557760600314056e-22,0.009522550739347935,0.9867143630981445,1.8189122676849365,0.8444070219993591,0.838975191116333,87.79503631591797,1.5062593221664429,0.07964171469211578,1.5422476530075073,2.0800416469573975,1.311805009841919,2.223207950592041
210,train,0,1.0,1.0,11,guijiao_10_180,1,0.07500000298023224,1875.0,9.0,0.03306988999247551,0.1432977318763733,0.12144225835800171,0.021855469793081284,0.014738633297383785,0.10670362412929535,0.05047335475683212,2.442349611442296e-08,0.05623023957014084,0.018689146265387535,1.9663044687165624e-22,0.018689146265387535,0.9113744497299194,1.9666398763656616,0.8465151786804199,0.7209258079528809,64.1851577758789,1.759458065032959,0.12627233564853668,1.8261094093322754,1.6656997203826904,0.7141162157058716,1.855685830116272
211,train,0,1.0,1.0,11,guijiao_10_180,2,0.10000000149011612,2500.0,16.0,0.15503378212451935,0.15226519107818604,0.1252368688583374,0.02702832594513893,0.03419303894042969,0.09104382991790771,0.05208449065685272,4.184253299399643e-08,0.03895929455757141,0.025918809697031975,3.962648760703941e-22,0.025918809697031975,1.1893229484558105,2.744628667831421,0.798562228679657,0.6509374380111694,50.1874885559082,1.7725125551223755,0.35516417026519775,1.9613724946975708,0.6450203657150269,0.4866710305213928,0.4824764132499695
212,train,0,1.0,1.0,11,guijiao_10_180,3,0.125,3125.0,25.0,0.1742364466190338,0.22566165030002594,0.1827501654624939,0.04291148483753204,0.06564224511384964,0.11710791289806366,0.06124509871006012,4.995722946432579e-08,0.05586276203393936,0.03230711445212364,3.1570147162628854e-23,0.03230711445212364,1.4612534046173096,2.8301708698272705,0.6633079051971436,0.6060657501220703,41.2131462097168,1.6848657131195068,0.31890052556991577,1.8460571765899658,0.5001522898674011,0.4612914025783539,0.45619794726371765
213,train,0,1.0,1.0,11,guijiao_10_180,4,0.15000000596046448,3750.0,36.0,0.2257920205593109,0.23725104331970215,0.20284855365753174,0.03440249711275101,0.09189468622207642,0.11095385998487473,0.05803104490041733,3.871494413942855e-08,0.05292277783155441,0.038538794964551926,5.617418552650028e-23,0.038538794964551926,1.4205940961837769,2.2968087196350098,0.5464622974395752,0.5746968984603882,34.93937683105469,1.4094736576080322,0.15286076068878174,1.4741096496582031,0.5078459978103638,0.4649982452392578,0.4631420969963074
214,train,0,1.0,1.0,11,guijiao_10_180,5,0.17499999701976776,4375.0,49.0,0.24175983667373657,0.2373250126838684,0.22321327030658722,0.014111734926700592,0.12101079523563385,0.10220247507095337,0.05369643121957779,3.1888951923519926e-08,0.048506006598472595,0.04491616040468216,6.843195434481853e-23,0.04491616040468216,1.3743906021118164,2.0220999717712402,0.4937872886657715,0.551417887210846,30.2835750579834,1.090688943862915,0.03405492380261421,1.1018319129943848,0.5246385335922241,0.4732344150543213,0.4739256799221039
215,train,0,1.0,1.0,11,guijiao_10_180,6,0.20000000298023224,5000.0,64.0,0.24040131270885468,0.2519795894622803,0.2570251226425171,-0.00504554808139801,0.15791966021060944,0.09910546243190765,0.05241309478878975,2.9444640503584196e-08,0.046692341566085815,0.05157095938920975,5.755372023400182e-23,0.05157095938920975,1.3732142448425293,1.9142755270004272,0.4721471667289734,0.533397376537323,26.679471969604492,0.8559508919715881,-0.046547405421733856,0.8439981937408447,0.5406827926635742,0.48249509930610657,0.481668621301651
216,val,0,1.0,1.0,11,guijiao_10_180,7,0.22499999403953552,5625.0,81.0,0.35061752796173096,0.28715211153030396,0.30736589431762695,-0.020213786512613297,0.20318257808685303,0.10418333113193512,0.05547606945037842,3.041797214109465e-08,0.048707228153944016,0.05855756998062134,5.25454821604688e-22,0.05855756998062134,1.3959943056106567,1.8861637115478516,0.4641123116016388,0.5190048217773438,23.800962448120117,0.7192537188529968,-0.08729810267686844,0.7004168629646301,0.5529851913452148,0.4899775981903076,0.4855133891105652
217,train,0,1.0,1.0,11,guijiao_10_180,8,0.25,6250.0,100.0,0.3476819396018982,0.3367854058742523,0.37074559926986694,-0.033960189670324326,0.25557073950767517,0.11517485976219177,0.06168190762400627,3.344144872130528e-08,0.053492914885282516,0.0658935159444809,1.220661604799784e-21,0.0658935159444809,1.4223066568374634,1.8884466886520386,0.4612061679363251,0.507230281829834,21.44605827331543,0.6396669149398804,-0.1025494933128357,0.6199876666069031,0.5619514584541321,0.4954412877559662,0.48734578490257263
218,train,0,1.0,1.0,11,guijiao_10_180,9,0.2750000059604645,6875.0,121.0,0.38224053382873535,0.3957894742488861,0.44362369179725647,-0.04783422872424126,0.31389927864074707,0.1297244131565094,0.06979960203170776,3.7609083847200964e-08,0.05992478132247925,0.07357822358608246,3.733637012555253e-22,0.07357822358608246,1.4437336921691895,1.8994338512420654,0.46019718050956726,0.49741220474243164,19.482440948486328,0.5879170894622803,-0.10510957986116409,0.5693783760070801,0.5689461827278137,0.49960678815841675,0.4884550869464874
219,val,0,1.0,1.0,11,guijiao_10_180,10,0.30000001192092896,7500.0,144.0,0.5158165097236633,0.46135377883911133,0.523785412311554,-0.06243162229657173,0.37732356786727905,0.1464618444442749,0.07910935580730438,4.246406959396154e-08,0.06735244393348694,0.08160223811864853,5.248621737568783e-21,0.08160223811864853,1.4582552909851074,1.9118130207061768,0.4599893093109131,0.48909759521484375,17.819517135620117,0.5500001907348633,-0.10158488899469376,0.5332386493682861,0.5748136043548584,0.5030768513679504,0.4893870949745178
220,val,0,1.0,1.0,11,guijiao_10_180,11,0.32499998807907104,8125.0,169.0,0.47507306933403015,0.5319268107414246,0.609895646572113,-0.07796885818243027,0.4452299475669861,0.16466569900512695,0.08922750502824783,4.7786816281814026e-08,0.07543814182281494,0.08995193988084793,9.957311831609947e-21,0.08995193988084793,1.46615469455719,1.9236454963684082,0.46019572019577026,0.48196521401405334,16.393043518066406,0.5196082592010498,-0.09502856433391571,0.5047949552536011,0.5799636840820312,0.5062077641487122,0.4903351068496704
221,val,0,1.0,1.0,11,guijiao_10_180,12,0.3499999940395355,8750.0,196.0,0.5916249752044678,0.6066176891326904,0.7011370658874512,-0.09451936185359955,0.5171709656715393,0.18396610021591187,0.09995537251234055,5.347354914420066e-08,0.08401068300008774,0.09861201047897339,1.801439107896812e-20,0.09861201047897339,1.4684535264968872,1.9346544742584229,0.4606611430644989,0.4757799208164215,15.155984878540039,0.4938420057296753,-0.08692404627799988,0.48096397519111633,0.5846055150032043,0.5091847777366638,0.49135032296180725
222,val,0,1.0,1.0,11,guijiao_10_180,13,0.375,9375.0,225.0,0.7030403017997742,0.6849163174629211,0.7970160245895386,-0.11209970712661743,0.5928342342376709,0.2041817605495453,0.11119552701711655,5.9477585523382004e-08,0.09298618137836456,0.10756683349609375,3.1284222798348394e-20,0.10756683349609375,1.4663339853286743,1.944980263710022,0.46130576729774475,0.4703657627105713,14.073150634765625,0.47130030393600464,-0.07807473838329315,0.4602613151073456,0.5888624787330627,0.5120970010757446,0.49243050813674927
223,val,0,1.0,1.0,11,guijiao_10_180,14,0.4000000059604645,10000.0,256.0,0.7948856353759766,0.7665413618087769,0.8972457051277161,-0.1307043731212616,0.6720136404037476,0.2252320647239685,0.12290555238723755,6.578073197260892e-08,0.10232645273208618,0.11680116504430771,5.24270174163406e-20,0.11680116504430771,1.4608991146087646,1.9548097848892212,0.46207812428474426,0.4655887186527252,13.117743492126465,0.451246052980423,-0.0689593255519867,0.4419107437133789,0.5928177237510681,0.5149846076965332,0.49355727434158325
224,val,0,1.0,1.0,11,guijiao_10_180,15,0.42500001192092896,10625.0,289.0,0.9257188439369202,0.8513513207435608,1.0016717910766602,-0.15032045543193817,0.7545831203460693,0.24708867073059082,0.13507184386253357,7.237866839204798e-08,0.11201674491167068,0.12630051374435425,8.515039230886348e-20,0.12630051374435425,1.4530861377716064,1.9642828702926636,0.4629395008087158,0.4613442122936249,12.268844604492188,0.43324267864227295,-0.059878431260585785,0.4254601001739502,0.5965307950973511,0.517863929271698,0.4947103261947632
225,val,0,1.0,1.0,11,guijiao_10_180,16,0.44999998807907104,11250.0,324.0,1.0905781984329224,0.9392869472503662,1.1102216243743896,-0.17093467712402344,0.8404717445373535,0.2697499096393585,0.14769557118415833,7.927357614789798e-08,0.12205426394939423,0.13605135679244995,1.3451643433080014e-19,0.13605135679244995,1.4436445236206055,1.973488450050354,0.463858962059021,0.4575488269329071,11.509765625,0.416995108127594,-0.051019929349422455,0.4106125831604004,0.6000457406044006,0.5207396745681763,0.49587225914001465
226,val,0,1.0,1.0,11,guijiao_10_180,17,0.4749999940395355,11875.0,361.0,1.0394068956375122,1.030335783958435,1.2228708267211914,-0.19253505766391754,0.9296450614929199,0.29322579503059387,0.16078418493270874,8.647035798503566e-08,0.13244152069091797,0.1460411250591278,1.2735383346273343e-18,0.1460411250591278,1.4331514835357666,1.9824739694595337,0.46481257677078247,0.45413661003112793,10.827320098876953,0.402280330657959,-0.0425008200109005,0.3971511423587799,0.6033948659896851,0.5236111879348755,0.49702972173690796
227,train,0,1.0,1.0,11,guijiao_10_180,18,0.5,12500.0,400.0,1.115393042564392,1.1245107650756836,1.3396234512329102,-0.21511265635490417,1.0220917463302612,0.31753164529800415,0.1743478626012802,9.397497535701405e-08,0.14318370819091797,0.15625827014446259,6.687006137048985e-19,0.15625827014446259,1.4220407009124756,1.991261601448059,0.46578145027160645,0.45105257630348206,10.210517883300781,0.3889169692993164,-0.03438640013337135,0.3849049508571625,0.6066016554832458,0.5264756083488464,0.49817341566085815
228,train,2,0.5,0.0,12,pseudo_cycle_10_config_4,-1,0.0836898609995842,2092.246337890625,1.5152294635772705,0.09450216591358185,0.09565913677215576,0.10232125967741013,-0.0066621191799640656,0.032091207802295685,0.07023005187511444,0.008764451369643211,0.02674514427781105,0.03472046181559563,0.0,0.0,0.0,1.5936850309371948,1.9396055936813354,0.7591233253479004,0.0,0.0,1.6833046674728394,0.2649891674518585,1.8171218633651733,0.7587841749191284,0.47573837637901306,0.46883606910705566
229,train,2,0.5,0.0,19,pseudo_cycle_10_config_11,-1,0.17253227531909943,4313.306640625,47.627803802490234,0.23864085972309113,0.2369680404663086,0.22074288129806519,0.01622515730559826,0.11782898008823395,0.10291390120983124,0.0540410615503788,3.2358617119143673e-08,0.04887280613183975,0.0,0.0,0.0,1.3768084049224854,2.0399365425109863,0.4972207546234131,0.0,0.0,1.1196870803833008,0.044242072850465775,1.134548306465149,0.522940456867218,0.4723135232925415,0.47292864322662354
230,train,2,0.5,0.0,12,pseudo_cycle_10_config_4,-1,0.1592138707637787,3980.346435546875,5.483963489532471,0.30870509147644043,0.2876046299934387,0.3285442590713501,-0.04093961417675018,0.11123799532651901,0.2173062562942505,0.039810553193092346,0.07251616567373276,0.10497953742742538,0.0,0.0,0.0,1.5263477563858032,1.7684766054153442,0.6329859495162964,0.0,0.0,1.638406753540039,0.1399330198764801,1.7071869373321533,1.111713171005249,0.4989733397960663,0.4572368860244751
231,train,2,0.5,0.0,16,pseudo_cycle_10_config_8,-1,0.19177865982055664,4794.46630859375,58.846466064453125,0.38494232296943665,0.3742363750934601,0.3829810619354248,-0.008744681254029274,0.15316520631313324,0.22981584072113037,0.10422473400831223,0.03685833141207695,0.0887327715754509,0.0,0.0,0.0,1.4485106468200684,1.931398630142212,0.4127623736858368,0.0,0.0,0.9196215271949768,-0.12108936905860901,0.8862146139144897,0.5518717765808105,0.4728277623653412,0.46984153985977173
232,train,2,0.5,0.0,17,pseudo_cycle_10_config_9,-1,0.26665452122688293,6666.3623046875,113.76737213134766,0.6840236186981201,0.6510272026062012,0.6422865390777588,0.008740667253732681,0.35314345359802246,0.28914308547973633,0.14694097638130188,8.617447377901044e-08,0.14220201969146729,0.0,0.0,0.0,1.7274894714355469,1.7112054824829102,0.4586983919143677,0.0,0.0,0.8141285181045532,-0.09903144091367722,0.7899411916732788,0.5095970630645752,0.4886486232280731,0.4931621551513672
233,train,2,0.5,0.0,19,pseudo_cycle_10_config_11,-1,0.2550909221172333,6377.27294921875,104.11417388916016,0.35643404722213745,0.3481583595275879,0.3849051594734192,-0.0367468036711216,0.26699864864349365,0.11790649592876434,0.06320992857217789,3.4217165989502973e-08,0.05469652637839317,0.0,0.0,0.0,1.4271879196166992,1.8903470039367676,0.4609001576900482,0.0,0.0,0.6274933815002441,-0.10380882769823074,0.6079515814781189,0.5634994506835938,0.4963712990283966,0.48760470747947693
234,train,2,0.5,0.0,19,pseudo_cycle_10_config_11,-1,0.19908398389816284,4977.099609375,63.415069580078125,0.2671719491481781,0.25105515122413635,0.25548315048217773,-0.004427998326718807,0.1564144790172577,0.09906868636608124,0.05237998813390732,2.9465294204555903e-08,0.046688664704561234,0.0,0.0,0.0,1.3726708889007568,1.9164142608642578,0.47262459993362427,0.0,0.0,0.8626053333282471,-0.04435395821928978,0.8511273264884949,0.5401539206504822,0.4821785092353821,0.4814637303352356
235,train,2,0.5,0.0,16,pseudo_cycle_10_config_8,-1,0.24885612726211548,6221.40283203125,99.08696746826172,0.5070328116416931,0.5205346345901489,0.5206634998321533,-0.00012884571333415806,0.2652452290058136,0.25541824102401733,0.1152566447854042,0.041228462010622025,0.098933145403862,0.0,0.0,0.0,1.4897488355636597,1.915964961051941,0.41359925270080566,0.0,0.0,0.5996739864349365,-0.10125631839036942,0.5814577341079712,0.5568552613258362,0.4816080331802368,0.4779892861843109
236,train,2,0.5,0.0,16,pseudo_cycle_10_config_8,-1,0.16905716061592102,4226.4287109375,45.72850036621094,0.32346126437187195,0.3100210726261139,0.33032310009002686,-0.020302029326558113,0.11450929194688797,0.21581381559371948,0.09691763669252396,0.03517725318670273,0.0837189182639122,0.0,0.0,0.0,1.393592357635498,1.9364683628082275,0.41444748640060425,0.0,0.0,1.1314396858215332,-0.13790498673915863,1.0846302509307861,0.538173496723175,0.47131574153900146,0.46488237380981445
237,train,2,0.5,0.0,18,pseudo_cycle_10_config_10,-1,0.22462014853954315,5615.50341796875,80.7267074584961,0.2985951602458954,0.30747824907302856,0.3165779113769531,-0.009099661372601986,0.19011947512626648,0.12645843625068665,0.06086273863911629,0.019716938957571983,0.04587876424193382,0.0,0.0,0.0,1.3106638193130493,1.9278706312179565,0.4215613305568695,0.0,0.0,0.6832225918769836,-0.06439497321844101,0.6700237393379211,0.6225793361663818,0.47843384742736816,0.4693047106266022
238,train,2,0.5,0.0,14,pseudo_cycle_10_config_6,-1,0.18917720019817352,4729.43017578125,7.742305755615234,0.2508390545845032,0.24371320009231567,0.25586098432540894,-0.012147781439125538,0.10723162442445755,0.14862936735153198,0.060684684664011,0.03052782639861107,0.05741685628890991,0.0,0.0,0.0,1.0421912670135498,1.7888861894607544,0.5441923141479492,0.0,0.0,1.2559239864349365,-0.019939176738262177,1.2484114170074463,0.5061856508255005,0.46792280673980713,0.478927880525589
239,train,2,0.5,0.0,16,pseudo_cycle_10_config_8,-1,0.22692912817001343,5673.22802734375,82.39490509033203,0.45939433574676514,0.4649078845977783,0.4656790494918823,-0.000771178980357945,0.22039689123630524,0.2452821433544159,0.11101268231868744,0.039386626332998276,0.09488282352685928,0.0,0.0,0.0,1.488631248474121,1.9229849576950073,0.41308826208114624,0.0,0.0,0.694713830947876,-0.11099086701869965,0.6715818047523499,0.5564115047454834,0.4778916537761688,0.4755662977695465
240,train,2,0.5,0.0,17,pseudo_cycle_10_config_9,-1,0.3525676727294922,8814.1923828125,198.8862762451172,0.9242280125617981,0.945753276348114,1.0151097774505615,-0.0693565160036087,0.6292637586593628,0.3858460783958435,0.20031793415546417,1.1249575493366137e-07,0.18552803993225098,0.0,0.0,0.0,1.7607991695404053,1.7438297271728516,0.44712892174720764,0.0,0.0,0.5975047945976257,-0.11082974076271057,0.5776383876800537,0.5332777500152588,0.5023406147956848,0.493904709815979
241,train,2,0.5,0.0,17,pseudo_cycle_10_config_9,-1,0.31784361600875854,7946.09033203125,161.6392364501953,0.8036978244781494,0.807957112789154,0.8464434146881104,-0.03848627954721451,0.5086541771888733,0.33778923749923706,0.17397746443748474,9.894596075810114e-08,0.16381166875362396,0.0,0.0,0.0,1.751288890838623,1.7310380935668945,0.44930946826934814,0.0,0.0,0.6550028920173645,-0.11587319523096085,0.6322336792945862,0.5245181918144226,0.4979449510574341,0.4938696622848511
242,train,2,0.5,0.0,15,pseudo_cycle_10_config_7,-1,0.07389900088310242,1847.4749755859375,1.181434988975525,0.11633286625146866,0.1040673553943634,0.09399577975273132,0.010071579366922379,0.020994769409298897,0.07300101220607758,0.039822764694690704,1.4398648495728139e-08,0.03317823261022568,0.0,0.0,0.0,1.3371992111206055,1.8064333200454712,0.907261312007904,0.0,0.0,1.683523416519165,0.12074316293001175,1.744505524635315,1.5426548719406128,0.46109238266944885,1.2852587699890137
243,train,2,0.5,0.0,13,pseudo_cycle_10_config_5,-1,0.38577935099601746,9644.484375,32.19664764404297,1.8422507047653198,1.7239763736724854,1.7424886226654053,-0.018512308597564697,0.7379071116447449,1.0045815706253052,0.5327640175819397,3.541237276749598e-07,0.4718172252178192,0.0,0.0,0.0,1.7245900630950928,1.669768214225769,0.5643538236618042,0.0,0.0,1.3259888887405396,-0.010599441826343536,1.3217724561691284,0.5406582355499268,0.4775872826576233,0.47880831360816956
244,train,2,0.5,0.0,13,pseudo_cycle_10_config_5,-1,0.40576499700546265,10144.1240234375,35.619014739990234,1.9211928844451904,1.8427382707595825,1.8882206678390503,-0.04548244550824165,0.8233481645584106,1.0648725032806396,0.5630975365638733,3.681989255710505e-07,0.5017746090888977,0.0,0.0,0.0,1.739388108253479,1.6584820747375488,0.5530840158462524,0.0,0.0,1.2809765338897705,-0.028368813917040825,1.2700746059417725,0.5412192344665527,0.4798906445503235,0.48227888345718384
245,train,2,0.5,0.0,18,pseudo_cycle_10_config_10,-1,0.08088766783475876,2022.191650390625,10.468500137329102,0.09842710196971893,0.08496586233377457,0.09080630540847778,-0.005840441677719355,0.0315459743142128,0.059260331094264984,0.01265905424952507,0.017392408102750778,0.029208870604634285,0.0,0.0,0.0,1.6770325899124146,1.7199695110321045,0.55780029296875,0.0,0.0,1.6297941207885742,-0.10579264163970947,1.5780680179595947,0.4752246141433716,1.170519471168518,1.0965094566345215
246,train,2,0.5,0.0,14,pseudo_cycle_10_config_6,-1,0.2271271049976349,5678.177734375,11.160165786743164,0.3793846368789673,0.3454705476760864,0.36825883388519287,-0.02278829552233219,0.16676734387874603,0.20149147510528564,0.08731874823570251,0.03832818195223808,0.07584453374147415,0.0,0.0,0.0,1.1244373321533203,1.7304022312164307,0.5123109817504883,0.0,0.0,1.1975011825561523,-0.04999130219221115,1.179541826248169,0.5528634786605835,0.47369086742401123,0.48021388053894043
247,train,2,0.5,0.0,19,pseudo_cycle_10_config_11,-1,0.17717204988002777,4429.30126953125,50.223880767822266,0.24352967739105225,0.2377728372812271,0.2255013883113861,0.01227144431322813,0.12387692928314209,0.10162445902824402,0.05341920256614685,3.151085437025358e-08,0.04820522293448448,0.0,0.0,0.0,1.372657299041748,2.0077004432678223,0.4910055696964264,0.0,0.0,1.0659363269805908,0.02539144828915596,1.0740560293197632,0.5261261463165283,0.47405359148979187,0.4747735559940338
248,train,2,0.5,0.0,18,pseudo_cycle_10_config_10,-1,0.17910359799861908,4477.58984375,51.32494354248047,0.23096883296966553,0.23145492374897003,0.23780789971351624,-0.006352969445288181,0.12139500677585602,0.11641289293766022,0.05676685646176338,0.01800684630870819,0.041639190167188644,0.0,0.0,0.0,1.3162983655929565,1.917426347732544,0.42558783292770386,0.0,0.0,0.9878650903701782,-0.04748374596238136,0.9737927913665771,0.6318438649177551,0.4709376096725464,0.46346527338027954
249,train,2,0.5,0.0,14,pseudo_cycle_10_config_6,-1,0.24836952984333038,6209.23828125,13.345331192016602,0.45921459794044495,0.4176291823387146,0.4458649754524231,-0.02823580615222454,0.20723040401935577,0.23863458633422852,0.10598885267972946,0.04396817833185196,0.0886775478720665,0.0,0.0,0.0,1.1684738397598267,1.729698896408081,0.5013188123703003,0.0,0.0,1.170809268951416,-0.05135665461421013,1.1527706384658813,0.5744587779045105,0.47536060214042664,0.48063158988952637
250,train,2,0.5,0.0,19,pseudo_cycle_10_config_11,-1,0.2169775366783142,5424.43798828125,75.32677459716797,0.2900301218032837,0.27396729588508606,0.28958478569984436,-0.015617476776242256,0.18781471252441406,0.1017700806260109,0.054077714681625366,2.9822157188164056e-08,0.04769233614206314,0.0,0.0,0.0,1.3875932693481445,1.8901749849319458,0.46586787700653076,0.0,0.0,0.7549334168434143,-0.07779663801193237,0.7373140454292297,0.5494688153266907,0.4878230094909668,0.48458871245384216
251,train,2,0.5,0.0,12,pseudo_cycle_10_config_4,-1,0.1115771234035492,2789.42822265625,2.693289279937744,0.16199201345443726,0.15712466835975647,0.17315906286239624,-0.016034400090575218,0.05587185546755791,0.11728720366954803,0.017752382904291153,0.04224430024623871,0.05729052424430847,0.0,0.0,0.0,1.5610072612762451,1.8825783729553223,0.7002221345901489,0.0,0.0,1.6653536558151245,0.21686020493507385,1.7736984491348267,0.9126625061035156,0.4837576746940613,0.4593866765499115
252,train,2,0.5,0.0,12,pseudo_cycle_10_config_4,-1,0.05956995487213135,1489.248779296875,0.7676924467086792,0.07509414851665497,0.05437025800347328,0.05565158277750015,-0.0012813231442123652,0.01613100804388523,0.03952057659626007,0.003661408321931958,0.014685682952404022,0.02117348648607731,0.0,0.0,0.0,1.581135630607605,1.9395368099212646,0.8244287967681885,0.0,0.0,1.6760773658752441,0.2817871570587158,1.817766547203064,0.6254523396492004,0.47460150718688965,0.5641316175460815
253,train,2,0.5,0.0,14,pseudo_cycle_10_config_6,-1,0.2764365077018738,6910.912109375,16.53192901611328,0.5670644044876099,0.5274364948272705,0.5629435777664185,-0.03550710156559944,0.2688254117965698,0.29411816596984863,0.13422119617462158,0.05228047072887421,0.10761649906635284,0.0,0.0,0.0,1.2236062288284302,1.745255470275879,0.48996955156326294,0.0,0.0,1.1345924139022827,-0.04632190987467766,1.1188254356384277,0.5996774435043335,0.47672396898269653,0.480812132358551
254,train,2,0.5,0.0,19,pseudo_cycle_10_config_11,-1,0.21948392689228058,5487.09814453125,77.07708740234375,0.29362526535987854,0.2779153287410736,0.2949877679347992,-0.01707242615520954,0.19253458082675934,0.10245318710803986,0.05447700619697571,2.9983670657429684e-08,0.04797614738345146,0.0,0.0,0.0,1.3901622295379639,1.888541340827942,0.4652566611766815,0.0,0.0,0.7430900931358337,-0.08107664436101913,0.7250159382820129,0.5506079792976379,0.48852041363716125,0.48490267992019653
255,train,2,0.5,0.0,16,pseudo_cycle_10_config_8,-1,0.2178613692522049,5446.5341796875,75.94169616699219,0.440502405166626,0.44197583198547363,0.44386979937553406,-0.0018939754227176309,0.20240405201911926,0.2414657473564148,0.10940954834222794,0.038712985813617706,0.09334320574998856,0.0,0.0,0.0,1.4832721948623657,1.9257525205612183,0.4129168391227722,0.0,0.0,0.7430028915405273,-0.11374720185995102,0.7176485657691956,0.5559826493263245,0.47643110156059265,0.4743387997150421
256,train,2,0.5,0.0,19,pseudo_cycle_10_config_11,-1,0.27262216806411743,6815.5537109375,118.91651916503906,0.3950881063938141,0.3898630738258362,0.4363519549369812,-0.046488866209983826,0.3081209659576416,0.1282310038805008,0.06896805763244629,3.717826047022754e-08,0.05926290526986122,0.0,0.0,0.0,1.4419859647750854,1.8982722759246826,0.46024930477142334,0.0,0.0,0.5921007394790649,-0.10519643872976303,0.57341468334198,0.5683385133743286,0.4992479383945465,0.4883621633052826
257,train,2,0.5,0.0,15,pseudo_cycle_10_config_7,-1,0.36487433314323425,9121.8583984375,28.801780700683594,0.9796991944313049,0.956061840057373,1.0477319955825806,-0.09167014062404633,0.5905929803848267,0.4571390151977539,0.25119081139564514,1.491887076099374e-07,0.20594803988933563,0.0,0.0,0.0,1.5429924726486206,1.7156144380569458,0.5478553175926208,0.0,0.0,1.2310155630111694,0.00918831117451191,1.2344088554382324,0.5939462780952454,0.48291951417922974,0.4869687259197235
258,train,2,0.5,0.0,18,pseudo_cycle_10_config_10,-1,0.0876573696732521,2191.434326171875,12.294098854064941,0.09032682329416275,0.07584089040756226,0.08612138777971268,-0.010280493646860123,0.03374451398849487,0.052376873791217804,0.01637648232281208,0.016775868833065033,0.01922452449798584,0.0,0.0,0.0,1.5275253057479858,1.801565408706665,0.5511997938156128,0.0,0.0,1.6962922811508179,-0.09335194528102875,1.6487865447998047,0.4783415198326111,0.888982892036438,0.5615300536155701
259,train,2,0.5,0.0,15,pseudo_cycle_10_config_7,-1,0.38298121094703674,9574.5302734375,31.73128318786621,1.0291342735290527,1.0287631750106812,1.1507163047790527,-0.12195318192243576,0.6632352471351624,0.4874809980392456,0.2677752673625946,1.5682485354773235e-07,0.21970556676387787,0.0,0.0,0.0,1.5728048086166382,1.7351875305175781,0.538921594619751,0.0,0.0,1.1777399778366089,0.00015057995915412903,1.1777931451797485,0.5955371260643005,0.4853878915309906,0.48862916231155396
260,train,2,0.5,0.0,15,pseudo_cycle_10_config_7,-1,0.3356192111968994,8390.4794921875,24.368364334106445,0.9027516841888428,0.8506140112876892,0.8975788354873657,-0.04696483165025711,0.4870220124721527,0.4105567932128906,0.22677156329154968,1.379688256974987e-07,0.1837851107120514,0.0,0.0,0.0,1.5038936138153076,1.6968990564346313,0.5671991109848022,0.0,0.0,1.319845199584961,0.02487429790198803,1.3296942710876465,0.5948342084884644,0.47853532433509827,0.48207834362983704
261,train,2,0.5,0.0,15,pseudo_cycle_10_config_7,-1,0.32887905836105347,8221.9755859375,23.399425506591797,0.8845261931419373,0.8282403945922852,0.866028904914856,-0.0377885103225708,0.4655219614505768,0.40050697326660156,0.22167770564556122,1.3564878997840424e-07,0.1788291186094284,0.0,0.0,0.0,1.49702787399292,1.696512222290039,0.5726735591888428,0.0,0.0,1.3402138948440552,0.028797904029488564,1.3517924547195435,0.5957873463630676,0.4774625599384308,0.4806262254714966
262,train,2,0.5,0.0,15,pseudo_cycle_10_config_7,-1,0.3057927191257477,7644.81787109375,20.229585647583008,0.8181955218315125,0.7558595538139343,0.7663865089416504,-0.010526968166232109,0.3978569805622101,0.3685294985771179,0.20590704679489136,1.2846997776705393e-07,0.16262230277061462,0.0,0.0,0.0,1.4799083471298218,1.7104222774505615,0.594490647315979,0.0,0.0,1.4077578783035278,0.043739259243011475,1.4262300729751587,0.6017730236053467,0.47367382049560547,0.4752712845802307
263,train,2,0.5,0.0,14,pseudo_cycle_10_config_6,-1,0.2722892463207245,6807.23095703125,16.03960609436035,0.5513115525245667,0.5102812647819519,0.5446724891662598,-0.03439120203256607,0.2591457962989807,0.28552669286727905,0.12981857359409332,0.0510050393640995,0.10470309108495712,0.0,0.0,0.0,1.2157528400421143,1.7420121431350708,0.4914845824241638,0.0,0.0,1.14022958278656,-0.04732495918869972,1.124041199684143,0.5961441397666931,0.4765600264072418,0.48081040382385254
264,train,2,0.5,0.0,19,pseudo_cycle_10_config_11,-1,0.252013236284256,6300.33056640625,101.6170425415039,0.3501496911048889,0.3412390351295471,0.3762998580932617,-0.035060815513134,0.2600611448287964,0.11623872071504593,0.06227735057473183,3.374299595293451e-08,0.053961336612701416,0.0,0.0,0.0,1.4242653846740723,1.8891654014587402,0.46107715368270874,0.0,0.0,0.6347299814224243,-0.10310313105583191,0.615097165107727,0.5625724792480469,0.4958150386810303,0.48745107650756836
265,train,2,0.5,0.0,14,pseudo_cycle_10_config_6,-1,0.18441914021968842,4610.478515625,7.357744216918945,0.23634810745716095,0.23393569886684418,0.24458158016204834,-0.010645887814462185,0.1009216234087944,0.14365994930267334,0.0581037700176239,0.029879756271839142,0.055676426738500595,0.0,0.0,0.0,1.0321300029754639,1.8073041439056396,0.5504088401794434,0.0,0.0,1.2655329704284668,-0.01116684079170227,1.2612932920455933,0.4996360242366791,0.46681100130081177,0.4787631928920746
266,train,2,0.5,0.0,12,pseudo_cycle_10_config_4,-1,0.06591477990150452,1647.869384765625,0.9399360418319702,0.06939951330423355,0.06338746845722198,0.06584997475147247,-0.0024625046644359827,0.019887154921889305,0.04596281796693802,0.004753461107611656,0.01767348311841488,0.023535875603556633,0.0,0.0,0.0,1.5920958518981934,1.9465978145599365,0.8057753443717957,0.0,0.0,1.6836278438568115,0.2797934412956238,1.8249481916427612,0.6581944823265076,0.47369033098220825,0.508296012878418
267,train,2,0.5,0.0,17,pseudo_cycle_10_config_9,-1,0.2731524109840393,6828.81005859375,119.3795394897461,0.695865273475647,0.6671891212463379,0.664783239364624,0.002405877923592925,0.37132498621940613,0.2934582233428955,0.14936387538909912,8.71515837275183e-08,0.14409427344799042,0.0,0.0,0.0,1.7310365438461304,1.7136976718902588,0.4567323327064514,0.0,0.0,0.7858282923698425,-0.10400816053152084,0.7613085508346558,0.5114690661430359,0.4900592267513275,0.4934242069721222
268,train,2,0.5,0.0,14,pseudo_cycle_10_config_6,-1,0.23753634095191956,5938.40869140625,12.206546783447266,0.4180143475532532,0.3795751929283142,0.4050535559654236,-0.02547835186123848,0.18593762814998627,0.2191159427165985,0.09616032242774963,0.04100774973630905,0.08194786310195923,0.0,0.0,0.0,1.1462234258651733,1.7283875942230225,0.5065780878067017,0.0,0.0,1.184281349182129,-0.051466312259435654,1.1659961938858032,0.5637755393981934,0.4746023118495941,0.48044970631599426
269,train,2,0.5,0.0,13,pseudo_cycle_10_config_5,-1,0.13944347202777863,3486.08642578125,4.206579685211182,0.31958478689193726,0.3319112956523895,0.31637582182884216,0.015535474754869938,0.08916345983743668,0.22721236944198608,0.12406644970178604,1.0612536982534948e-07,0.10314581543207169,0.0,0.0,0.0,1.594970464706421,2.091533899307251,0.7997658848762512,0.0,0.0,1.6541972160339355,0.2370380014181137,1.771829605102539,0.5739180445671082,0.46037644147872925,0.477141410112381
270,train,2,0.5,0.0,19,pseudo_cycle_10_config_11,-1,0.2402065396308899,6005.16357421875,92.31866455078125,0.32751256227493286,0.3160066604614258,0.34462234377861023,-0.028615670278668404,0.23428356647491455,0.11033877730369568,0.0589674673974514,3.2083278256322956e-08,0.05137127637863159,0.0,0.0,0.0,1.4123239517211914,1.8857744932174683,0.4620121717453003,0.0,0.0,0.6663408279418945,-0.09863663464784622,0.6466231346130371,0.55874103307724,0.49349719285964966,0.48676398396492004
271,train,2,0.5,0.0,18,pseudo_cycle_10_config_10,-1,0.1899682879447937,4749.20703125,57.740699768066406,0.2456212192773819,0.2497209757566452,0.25612860918045044,-0.0064076329581439495,0.13720539212226868,0.11892321705818176,0.057821035385131836,0.018390081822872162,0.04271210357546806,0.0,0.0,0.0,1.3224252462387085,1.918502688407898,0.42388951778411865,0.0,0.0,0.8987836241722107,-0.05386359244585037,0.8842601180076599,0.6296365857124329,0.4724273979663849,0.46510928869247437
272,train,2,0.5,0.0,13,pseudo_cycle_10_config_5,-1,0.10623975843191147,2655.994140625,2.441781997680664,0.17665967345237732,0.1926693469285965,0.18525296449661255,0.007416380103677511,0.05078267678618431,0.13447028398513794,0.06804000586271286,6.34321679626737e-08,0.06643021106719971,0.0,0.0,0.0,1.564961314201355,2.016139030456543,0.8519366383552551,0.0,0.0,1.6496814489364624,0.23758073151111603,1.767261266708374,0.5639592409133911,0.46285703778266907,0.5506162047386169
273,train,2,0.5,0.0,12,pseudo_cycle_10_config_4,-1,0.14417724311351776,3604.430908203125,4.497034072875977,0.2587454915046692,0.24275100231170654,0.27456995844841003,-0.03181895613670349,0.09154319018125534,0.1830267608165741,0.0319746732711792,0.06235537305474281,0.08869672566652298,0.0,0.0,0.0,1.5317741632461548,1.8025259971618652,0.6505758762359619,0.0,0.0,1.6454718112945557,0.16081230342388153,1.7248554229736328,1.0573413372039795,0.49434149265289307,0.45746585726737976
274,train,2,0.5,0.0,16,pseudo_cycle_10_config_8,-1,0.2661803960800171,6654.509765625,113.36316680908203,0.5472618937492371,0.5650872588157654,0.5664634108543396,-0.001376161933876574,0.30167922377586365,0.26478418707847595,0.11921805888414383,0.04294874146580696,0.10261739045381546,0.0,0.0,0.0,1.4810010194778442,1.9111993312835693,0.4141175150871277,0.0,0.0,0.5414630770683289,-0.0905151292681694,0.5267598628997803,0.5571215748786926,0.48465731739997864,0.479544460773468
275,train,2,0.5,0.0,13,pseudo_cycle_10_config_5,-1,0.43406885862350464,10851.7216796875,40.7614860534668,2.029081344604492,2.018787384033203,2.110208034515381,-0.09142066538333893,0.9533820152282715,1.1568259000778198,0.6101717352867126,3.906945664766681e-07,0.5466537475585938,0.0,0.0,0.0,1.7599965333938599,1.6588776111602783,0.5398330688476562,0.0,0.0,1.2164305448532104,-0.04870757460594177,1.1986557245254517,0.5428811311721802,0.4829385578632355,0.48636800050735474
276,train,2,0.5,0.0,14,pseudo_cycle_10_config_6,-1,0.19987702369689941,4996.92578125,8.6428804397583,0.28482702374458313,0.2684406042098999,0.2837843894958496,-0.015343796461820602,0.12238597869873047,0.16139839589595795,0.06719497591257095,0.03232097625732422,0.061882443726062775,0.0,0.0,0.0,1.0655357837677002,1.7599725723266602,0.5326048135757446,0.0,0.0,1.2367631196975708,-0.03419406712055206,1.2240761518478394,0.5204817056655884,0.47005435824394226,0.4793316423892975
277,train,2,0.5,0.0,12,pseudo_cycle_10_config_4,-1,0.09874039143323898,2468.509765625,2.109222650527954,0.12871024012565613,0.12748953700065613,0.13876178860664368,-0.011272256262600422,0.04421613737940788,0.0945456475019455,0.013227767311036587,0.03494388237595558,0.04637399688363075,0.0,0.0,0.0,1.5774413347244263,1.9126251935958862,0.7252748012542725,0.0,0.0,1.674293875694275,0.24085474014282227,1.7952723503112793,0.8444488048553467,0.4797305762767792,0.4617462158203125
278,train,2,0.5,0.0,17,pseudo_cycle_10_config_9,-1,0.28796952962875366,7199.23828125,132.68228149414062,0.7258192300796509,0.7083392143249512,0.7199313640594482,-0.01159212738275528,0.414514422416687,0.30541694164276123,0.15605440735816956,9.014343760327392e-08,0.1493624448776245,0.0,0.0,0.0,1.7386360168457031,1.7194370031356812,0.4533097743988037,0.0,0.0,0.7316935062408447,-0.11165107786655426,0.7071852087974548,0.5158724188804626,0.49302226305007935,0.4937506318092346
279,train,2,0.5,0.0,17,pseudo_cycle_10_config_9,-1,0.3266502022743225,8166.25439453125,170.72052001953125,0.8313983082771301,0.8409498333930969,0.8872255086898804,-0.046275652945041656,0.5381389856338501,0.3490865230560303,0.18018977344036102,1.0210345635641715e-07,0.1688966304063797,0.0,0.0,0.0,1.7542470693588257,1.7343846559524536,0.4485832452774048,0.0,0.0,0.6380634307861328,-0.11528123170137405,0.6159964203834534,0.5268893241882324,0.49916934967041016,0.49386727809906006
280,train,2,0.5,0.0,13,pseudo_cycle_10_config_5,-1,0.41620293259620667,10405.0732421875,37.47511672973633,1.9609369039535522,1.9066590070724487,1.9680440425872803,-0.06138504669070244,0.8700299859046936,1.0980141162872314,0.5799415707588196,3.7619292925228365e-07,0.5180721282958984,0.0,0.0,0.0,1.7469725608825684,1.6567474603652954,0.5478708148002625,0.0,0.0,1.2572091817855835,-0.03652828559279442,1.2434320449829102,0.5417193174362183,0.48104289174079895,0.4839274287223816
281,train,2,0.5,0.0,15,pseudo_cycle_10_config_7,-1,0.08837375044822693,2209.343505859375,1.689582109451294,0.10619239509105682,0.11961078643798828,0.10964836925268173,0.0099624153226614,0.03139571100473404,0.07825265824794769,0.05339837819337845,2.1100369451687584e-08,0.024854255840182304,0.0,0.0,0.0,1.3982534408569336,1.907720923423767,0.8715640902519226,0.0,0.0,1.7076284885406494,0.13115140795707703,1.7748157978057861,1.3462389707565308,0.45776867866516113,0.6266063451766968
282,train,2,0.5,0.0,17,pseudo_cycle_10_config_9,-1,0.33900007605552673,8475.0009765625,183.8736114501953,0.8736324906349182,0.8895530104637146,0.9467728137969971,-0.057219795882701874,0.580764651298523,0.3660081923007965,0.18946906924247742,1.0686978413332326e-07,0.17653901875019073,0.0,0.0,0.0,1.7577728033065796,1.7389694452285767,0.44778352975845337,0.0,0.0,0.6172601580619812,-0.11357206851243973,0.596229076385498,0.5300445556640625,0.5007513761520386,0.49387237429618835
283,train,2,0.5,0.0,13,pseudo_cycle_10_config_5,-1,0.1252901703119278,3132.254150390625,3.3959925174713135,0.25059494376182556,0.26682257652282715,0.25529322028160095,0.011529350653290749,0.0715777650475502,0.18371546268463135,0.09872349351644516,8.716364163774415e-08,0.08499187231063843,0.0,0.0,0.0,1.5860114097595215,2.067150115966797,0.8202587962150574,0.0,0.0,1.656791090965271,0.24037720263004303,1.7762675285339355,0.5709327459335327,0.4609036445617676,0.49152064323425293
284,train,2,0.5,0.0,15,pseudo_cycle_10_config_7,-1,0.3125554621219635,7813.8857421875,21.134254455566406,0.8383576273918152,0.7764887809753418,0.7942860126495361,-0.01779722049832344,0.41678065061569214,0.377505362033844,0.21026434004306793,1.304656507272739e-07,0.16724088788032532,0.0,0.0,0.0,1.48393714427948,1.7037677764892578,0.587624728679657,0.0,0.0,1.38845694065094,0.039095137268304825,1.4047415256500244,0.5995333790779114,0.4747938811779022,0.4768592119216919
285,train,2,0.5,0.0,16,pseudo_cycle_10_config_8,-1,0.25327935814857483,6331.98388671875,102.64065551757812,0.5170795917510986,0.5318532586097717,0.5321647524833679,-0.00031150534050539136,0.27447786927223206,0.25768688321113586,0.1162123829126358,0.041644420474767685,0.09983007609844208,0.0,0.0,0.0,1.488229513168335,1.914642572402954,0.4137197732925415,0.0,0.0,0.5835980176925659,-0.09874407947063446,0.5663099884986877,0.5569159984588623,0.48237842321395874,0.47840824723243713
286,train,2,0.5,0.0,18,pseudo_cycle_10_config_10,-1,0.10556082427501678,2639.0205078125,17.828935623168945,0.1018449142575264,0.08672037720680237,0.10378900170326233,-0.01706862635910511,0.038043681532144547,0.06574532389640808,0.02731831558048725,0.014351710677146912,0.024075303226709366,0.0,0.0,0.0,1.1875150203704834,1.8825953006744385,0.5134651064872742,0.0,0.0,1.713752031326294,-0.06710951030254364,1.6792492866516113,0.5169934034347534,0.5289612412452698,0.45562005043029785
287,train,2,0.5,0.0,14,pseudo_cycle_10_config_6,-1,0.21115286648273468,5278.8212890625,9.645544052124023,0.32264721393585205,0.2980510890483856,0.31656819581985474,-0.01851709559559822,0.1397465020418167,0.17682170867919922,0.07495839893817902,0.03459857776761055,0.06726473569869995,0.0,0.0,0.0,1.0902073383331299,1.7421400547027588,0.5229907035827637,0.0,0.0,1.219301462173462,-0.04343341290950775,1.2034138441085815,0.5346099138259888,0.4718250632286072,0.4797380268573761
288,train,2,0.5,0.0,13,pseudo_cycle_10_config_5,-1,0.42216166853904724,10554.041015625,38.555850982666016,1.9835377931594849,1.9436994791030884,2.0147109031677246,-0.07101146876811981,0.8973357081413269,1.117375135421753,0.5898435115814209,3.809299187196302e-07,0.5275313258171082,0.0,0.0,0.0,1.7512956857681274,1.6568233966827393,0.5450757741928101,0.0,0.0,1.2436116933822632,-0.0408366397023201,1.2283761501312256,0.5420637726783752,0.48168495297431946,0.4847991168498993
289,train,2,0.5,0.0,13,pseudo_cycle_10_config_5,-1,0.11033003777265549,2758.250732421875,2.6334211826324463,0.1899283528327942,0.2069002091884613,0.19874945282936096,0.008150755427777767,0.05496891960501671,0.14378052949905396,0.07423833012580872,6.831346865965315e-08,0.06954213976860046,0.0,0.0,0.0,1.5706946849822998,2.0287811756134033,0.8446528911590576,0.0,0.0,1.6527725458145142,0.23887518048286438,1.771214485168457,0.5657349824905396,0.4622470736503601,0.5299475193023682
290,train,2,0.5,0.0,14,pseudo_cycle_10_config_6,-1,0.25520381331443787,6380.09521484375,14.089872360229492,0.48552605509757996,0.4429319202899933,0.4729021489620209,-0.029970230534672737,0.22137564420700073,0.25152650475502014,0.11250776052474976,0.04591479152441025,0.09310395270586014,0.0,0.0,0.0,1.1822725534439087,1.7320094108581543,0.4982911944389343,0.0,0.0,1.1622867584228516,-0.0506306029856205,1.1446325778961182,0.5808988809585571,0.47575950622558594,0.4807133376598358
291,train,2,0.5,0.0,15,pseudo_cycle_10_config_7,-1,0.35214003920555115,8803.5009765625,26.82647132873535,0.9462714791297913,0.9084068536758423,0.9797810316085815,-0.07137415558099747,0.5434105396270752,0.43637046217918396,0.2401418834924698,1.4409873472231993e-07,0.19622842967510223,0.0,0.0,0.0,1.5242611169815063,1.7046911716461182,0.555446982383728,0.0,0.0,1.269545078277588,0.015821363776922226,1.2755708694458008,0.5937389135360718,0.481067955493927,0.4851650297641754
292,train,2,0.5,0.0,13,pseudo_cycle_10_config_5,-1,0.3882257342338562,9705.6435546875,32.60628890991211,1.8522403240203857,1.7382588386535645,1.7598228454589844,-0.021563997492194176,0.7480930685997009,1.0117298364639282,0.5363414287567139,3.5575797596720804e-07,0.4753880798816681,0.0,0.0,0.0,1.7264305353164673,1.6677650213241577,0.5628765225410461,0.0,0.0,1.3205349445343018,-0.012919394299387932,1.3154168128967285,0.5406960844993591,0.47787535190582275,0.4792478084564209
293,train,2,0.5,0.0,15,pseudo_cycle_10_config_7,-1,0.37148961424827576,9287.240234375,29.85561752319336,0.9973874092102051,0.9819395542144775,1.0845235586166382,-0.10258401930332184,0.6163888573646545,0.46813470125198364,0.2571423351764679,1.5193120361800538e-07,0.2109922170639038,0.0,0.0,0.0,1.5535439252853394,1.722381830215454,0.5443563461303711,0.0,0.0,1.2112842798233032,0.005828664638102055,1.213402271270752,0.5943670868873596,0.4838448166847229,0.4876941740512848
294,train,2,0.5,0.0,16,pseudo_cycle_10_config_8,-1,0.18344558775424957,4586.1396484375,53.84363555908203,0.3648771345615387,0.35136687755584717,0.3636840283870697,-0.012317148968577385,0.1384473741054535,0.2252366542816162,0.10198182612657547,0.03623836115002632,0.08701647073030472,0.0,0.0,0.0,1.4309759140014648,1.93256676197052,0.4129974842071533,0.0,0.0,0.9899864792823792,-0.12527824938297272,0.9527793526649475,0.5486055016517639,0.47201791405677795,0.4681001901626587
295,train,2,0.5,0.0,12,pseudo_cycle_10_config_4,-1,0.121945321559906,3048.633056640625,3.217088460922241,0.19098497927188873,0.18270142376422882,0.20317208766937256,-0.02047066017985344,0.06623110920190811,0.13694098591804504,0.02185986563563347,0.04837546870112419,0.06670565903186798,0.0,0.0,0.0,1.5491513013839722,1.8567696809768677,0.6824179291725159,0.0,0.0,1.6583861112594604,0.1976524144411087,1.7567213773727417,0.9631478190422058,0.48714956641197205,0.45840591192245483
296,train,2,0.5,0.0,18,pseudo_cycle_10_config_10,-1,0.17259511351585388,4314.8779296875,47.662498474121094,0.222669780254364,0.22035335004329681,0.22689542174339294,-0.006542071234434843,0.11216558516025543,0.11472982913255692,0.05602647736668587,0.017770763486623764,0.040932588279247284,0.0,0.0,0.0,1.3096786737442017,1.9171720743179321,0.4269487261772156,0.0,0.0,1.0470497608184814,-0.04357057809829712,1.0333635807037354,0.6328938007354736,0.4701840877532959,0.46238815784454346
297,train,2,0.5,0.0,16,pseudo_cycle_10_config_8,-1,0.20224159955978394,5056.03955078125,65.44264221191406,0.40795576572418213,0.4019452929496765,0.4072163701057434,-0.005271074362099171,0.17240087687969208,0.23481547832489014,0.10652893781661987,0.03760777413845062,0.09067877382040024,0.0,0.0,0.0,1.4660899639129639,1.9296280145645142,0.4127264618873596,0.0,0.0,0.8413964509963989,-0.11770687997341156,0.8116850256919861,0.5542991757392883,0.4741239845752716,0.4718264043331146
298,train,2,0.5,0.0,17,pseudo_cycle_10_config_9,-1,0.2560867667198181,6402.1689453125,104.92865753173828,0.6655729413032532,0.627090334892273,0.6078208088874817,0.01926952227950096,0.3245813548564911,0.2832394540309906,0.14363577961921692,8.502470905114023e-08,0.13960358500480652,0.0,0.0,0.0,1.7215173244476318,1.7071843147277832,0.4626801609992981,0.0,0.0,0.866946816444397,-0.088498055934906,0.8439298868179321,0.506734311580658,0.48623162508010864,0.49250903725624084
299,train,2,0.5,0.0,17,pseudo_cycle_10_config_9,-1,0.312309205532074,7807.72998046875,156.0592041015625,0.7873742580413818,0.7879998683929443,0.821579098701477,-0.033579252660274506,0.49052122235298157,0.3310578465461731,0.17026755213737488,9.707807180348027e-08,0.16079019010066986,0.0,0.0,0.0,1.7492438554763794,1.7289092540740967,0.449849009513855,0.0,0.0,0.6667366027832031,-0.11590643972158432,0.6435528993606567,0.5229794383049011,0.4971282184123993,0.4938695430755615
300,train,2,0.5,0.0,17,pseudo_cycle_10_config_9,-1,0.30226436257362366,7556.609375,146.1819305419922,0.7599522471427917,0.7534417510032654,0.778052568435669,-0.02461080066859722,0.4584067463874817,0.31964579224586487,0.16396009922027588,9.394529598694135e-08,0.15568560361862183,0.0,0.0,0.0,1.7451759576797485,1.725010871887207,0.45103132724761963,0.0,0.0,0.6906039714813232,-0.11513810604810715,0.6667495369911194,0.5201019048690796,0.49554136395454407,0.4938541352748871
301,train,2,0.5,0.0,16,pseudo_cycle_10_config_8,-1,0.23107044398784637,5776.76123046875,85.42964935302734,0.468143492937088,0.47537222504615784,0.4758093059062958,-0.0004370694514364004,0.22873327136039734,0.24707603454589844,0.11176244169473648,0.039708878844976425,0.09560471028089523,0.0,0.0,0.0,1.4900562763214111,1.9216560125350952,0.41317498683929443,0.0,0.0,0.6745634078979492,-0.10950516164302826,0.652402937412262,0.5565373301506042,0.47857722640037537,0.47607752680778503
302,train,2,0.5,0.0,19,pseudo_cycle_10_config_11,-1,0.18657170236110687,4664.29248046875,55.69438171386719,0.25339171290397644,0.24140848219394684,0.2367601841688156,0.004648300819098949,0.1370169222354889,0.09974326193332672,0.05255378037691116,3.024962325071101e-08,0.04718945547938347,0.0,0.0,0.0,1.369130253791809,1.9577817916870117,0.48122256994247437,0.0,0.0,0.968108057975769,-0.008588864468038082,0.965613603591919,0.532418966293335,0.47762247920036316,0.47807323932647705
303,train,2,0.5,0.0,18,pseudo_cycle_10_config_10,-1,0.11281341314315796,2820.335205078125,20.362979888916016,0.12000938504934311,0.09940236806869507,0.11643924564123154,-0.017036879435181618,0.042273737490177155,0.07416550815105438,0.03262625262141228,0.014489643275737762,0.027049608528614044,0.0,0.0,0.0,1.1553438901901245,1.8985828161239624,0.49035125970840454,0.0,0.0,1.6815104484558105,-0.07323192059993744,1.6445684432983398,0.5473599433898926,0.4957425594329834,0.45380231738090515
304,train,2,0.5,0.0,18,pseudo_cycle_10_config_10,-1,0.19999228417873383,4999.806640625,63.99504470825195,0.26001814007759094,0.2664400339126587,0.27325963973999023,-0.006819609552621841,0.15218019485473633,0.1210794597864151,0.05869537591934204,0.01874753274023533,0.04363654926419258,0.0,0.0,0.0,1.3234080076217651,1.9202616214752197,0.42280203104019165,0.0,0.0,0.826569676399231,-0.058775849640369415,0.8119949698448181,0.6274402737617493,0.47399699687957764,0.4664648175239563
305,train,2,0.5,0.0,12,pseudo_cycle_10_config_4,-1,0.08853994309902191,2213.49853515625,1.695942759513855,0.10481347143650055,0.10555057227611542,0.11358869075775146,-0.008038119412958622,0.03582178056240082,0.07776691019535065,0.010099313221871853,0.029344899579882622,0.03832269832491875,0.0,0.0,0.0,1.5893913507461548,1.9324030876159668,0.7476786375045776,0.0,0.0,1.6807973384857178,0.2580784857273102,1.8109307289123535,0.7867749929428101,0.4768902361392975,0.46564701199531555
306,train,2,0.5,0.0,18,pseudo_cycle_10_config_10,-1,0.21821968257427216,5455.49169921875,76.19171142578125,0.2881716787815094,0.2968049645423889,0.30515027046203613,-0.008345314301550388,0.18014119565486908,0.12500905990600586,0.06027451157569885,0.01944809779524803,0.045286450535058975,0.0,0.0,0.0,1.315792202949524,1.9254393577575684,0.4217117428779602,0.0,0.0,0.7163849472999573,-0.06388922035694122,0.7026541829109192,0.6237106323242188,0.47721147537231445,0.46861666440963745
307,train,2,0.5,0.0,12,pseudo_cycle_10_config_4,-1,0.1374896764755249,3437.24169921875,4.0895256996154785,0.23758769035339355,0.22391684353351593,0.2520557641983032,-0.028138916939496994,0.0834653228521347,0.16859042644500732,0.028746893629431725,0.058022648096084595,0.08182088285684586,0.0,0.0,0.0,1.5357766151428223,1.8184332847595215,0.6593416929244995,0.0,0.0,1.6490364074707031,0.17114780843257904,1.7337051630020142,1.0308958292007446,0.4922128915786743,0.4576464295387268
