sample_index,split,source_id,sample_weight,aux_weight,config_index,config_name,velocity_index,U,Re,Ca,F_target,F_pred,F_physics,F_residual,F_stem,F_leaf,Fcol_1_pred,Fcol_2_pred,Fcol_3_pred,Fcol_1_true,Fcol_2_true,Fcol_3_true,Cd_stem_eff,Cd_leaf_eff,shielding_coef,shielding_target,angle_diff_deg,reconfiguration_factor,reconfiguration_correction,reconfiguration_gain,column_correction_1,column_correction_2,column_correction_3
0,val,0,1.0,1.0,0,PVC_20_0,0,0.05000000074505806,1250.0,0.15360000729560852,0.07093784958124161,0.034148991107940674,0.03104456514120102,0.0031044241040945053,0.008334661833941936,0.022709902375936508,0.0020407428964972496,0.0075125363655388355,0.013156622648239136,0.0008135348907671869,0.012708019465208054,0.012708019465208054,1.1596050262451172,1.7997796535491943,0.5674130320549011,0.9039982557296753,100.79964447021484,0.999344527721405,0.00039694644510746,0.999344527721405,0.9701288342475891,0.9808591604232788,0.9757853150367737
1,train,0,1.0,1.0,0,PVC_20_0,1,0.07500000298023224,1875.0,0.3456000089645386,0.17443148791790009,0.07678396254777908,0.06980368494987488,0.006980276666581631,0.018752990290522575,0.05105069652199745,0.004586871713399887,0.016903206706047058,0.029560618102550507,0.0018697602208703756,0.027825873345136642,0.027825873345136642,1.1596050262451172,1.7997796535491943,0.5674130320549011,0.9087178111076355,101.7435531616211,0.9985265135765076,-0.0022892446722835302,0.9985265135765076,0.9701288342475891,0.9808591604232788,0.9757853150367737
2,val,0,1.0,1.0,0,PVC_20_0,2,0.10000000149011612,2500.0,0.6144000291824341,0.14795003831386566,0.13637752830982208,0.12397974729537964,0.01239778008311987,0.033338647335767746,0.0906410962343216,0.008142535574734211,0.030050145462155342,0.052448417991399765,0.003428105963394046,0.0476507768034935,0.0476507768034935,1.1596050262451172,1.7997796535491943,0.5674130320549011,0.91482013463974,102.96401977539062,0.9973840713500977,-0.002268524607643485,0.9973840713500977,0.9701288342475891,0.9808591604232788,0.9757853150367737
3,val,0,1.0,1.0,0,PVC_20_0,3,0.125,3125.0,0.9599999785423279,0.20464740693569183,0.21283471584320068,0.19348642230033875,0.019348295405507088,0.052091632038354874,0.14139479398727417,0.012698902748525143,0.04695334658026695,0.0817425474524498,0.005584338214248419,0.07105002552270889,0.07105002552270889,1.1596050262451172,1.7997796535491943,0.5674130320549011,0.9218372106552124,104.36743927001953,0.9959198832511902,-0.0014659211738035083,0.9959198832511902,0.9701288342475891,0.9808591604232788,0.9757853150367737
4,val,0,1.0,1.0,0,PVC_20_0,4,0.15000000596046448,3750.0,1.3824000358581543,0.270246684551239,0.30603447556495667,0.27821364998817444,0.02782081440091133,0.0750119611620903,0.20320168137550354,0.018244748935103416,0.06761282682418823,0.11734411120414734,0.008491037413477898,0.09684506058692932,0.09684506058692932,1.1596050262451172,1.7997796535491943,0.5674130320549011,0.9292217493057251,105.84434509277344,0.9941373467445374,-0.0005410294979810715,0.9941373467445374,0.9701288342475891,0.9808591604232788,0.9757853150367737
5,train,0,1.0,1.0,0,PVC_20_0,5,0.17499999701976776,4375.0,1.881600022315979,0.3938428461551666,0.4158296287059784,0.37802767753601074,0.03780194744467735,0.10209959745407104,0.2759280800819397,0.02476654015481472,0.09202855080366135,0.15913300216197968,0.012395291589200497,0.12395953387022018,0.12395953387022018,1.1596050262451172,1.7997796535491943,0.5674130320549011,0.9363734722137451,107.27469635009766,0.9920409321784973,0.0002731885761022568,0.9920409321784973,0.9701288342475891,0.9808591604232788,0.9757853150367737
6,train,0,1.0,1.0,0,PVC_20_0,6,0.20000000298023224,5000.0,2.4576001167297363,0.43085381388664246,0.5420487523078918,0.49277263879776,0.04927612841129303,0.13335458934307098,0.35941803455352783,0.03224855288863182,0.12020058184862137,0.20696888864040375,0.01771606132388115,0.1515229493379593,0.1515229493379593,1.1596050262451172,1.7997796535491943,0.5674130320549011,0.9426351189613342,108.52703094482422,0.9896358847618103,0.0009028033236972988,0.9896358847618103,0.9701288342475891,0.9808591604232788,0.9757853150367737
7,val,0,1.0,1.0,0,PVC_20_0,7,0.22499999403953552,5625.0,3.1103999614715576,0.6180073022842407,0.6844956874847412,0.6222701668739319,0.06222549453377724,0.16877688467502594,0.45349329710006714,0.04067298397421837,0.15212883055210114,0.26069146394729614,0.025219960138201714,0.178911954164505,0.178911954164505,1.1596050262451172,1.7997796535491943,0.5674130320549011,0.9472165703773499,109.44332122802734,0.9869282841682434,0.0013420704053714871,0.9869282841682434,0.9701288342475891,0.9808591604232788,0.9757853150367737
8,val,0,1.0,1.0,0,PVC_20_0,8,0.25,6250.0,3.8399999141693115,0.8448036313056946,0.8429524302482605,0.7663221955299377,0.07663025707006454,0.2083665281534195,0.5579556822776794,0.05002012848854065,0.1878133863210678,0.3201221823692322,0.03648537024855614,0.2057376205921173,0.2057376205921173,1.1596050262451172,1.7997796535491943,0.5674130320549011,0.9489527344703674,109.79054260253906,0.9839252829551697,0.0016101826913654804,0.9839252829551697,0.9701288342475891,0.9808591604232788,0.9757853150367737
9,train,0,1.0,1.0,0,PVC_20_0,9,0.2750000059604645,6875.0,4.646399974822998,1.050018072128296,1.0171793699264526,0.924710750579834,0.09246859699487686,0.25212350487709045,0.6725872755050659,0.06026845797896385,0.2272542119026184,0.38506463170051575,0.055444035679101944,0.2318010926246643,0.2318010926246643,1.1596050262451172,1.7997796535491943,0.5674130320549011,0.9455310702323914,109.10620880126953,0.9806345105171204,0.0017371700378134847,0.9806345105171204,0.9701288342475891,0.9808591604232788,0.9757853150367737
10,train,0,1.0,1.0,0,PVC_20_0,10,0.30000001192092896,7500.0,5.529600143432617,1.2444380521774292,1.206917643547058,1.097200632095337,0.10971701145172119,0.3000478446483612,0.7971527576446533,0.07139487564563751,0.27045130729675293,0.4553065598011017,0.09599050879478455,0.25704047083854675,0.25704047083854675,1.1596050262451172,1.7997796535491943,0.5674130320549011,0.9301102161407471,106.02204132080078,0.9770650863647461,0.0017517806263640523,0.9770650863647461,0.9701288342475891,0.9808591604232788,0.9757853150367737
11,train,0,1.0,1.0,0,PVC_20_0,11,0.32499998807907104,8125.0,6.48960018157959,1.354056715965271,1.4118901491165161,1.283539891242981,0.12835030257701874,0.352139413356781,0.9314004778862,0.08337481319904327,0.3174045979976654,0.5306210517883301,0.2500753104686737,0.28148239850997925,0.28148239850997925,1.1596050262451172,1.7997796535491943,0.5674130320549011,0.8688808679580688,93.77617645263672,0.97322678565979,0.0016820656601339579,0.97322678565979,0.9701288342475891,0.9808591604232788,0.9757853150367737
12,train,0,1.0,1.0,0,PVC_20_0,12,0.3499999940395355,8750.0,7.526400089263916,1.6986725330352783,1.6318057775497437,1.4834637641906738,0.14834196865558624,0.4083983898162842,1.0750653743743896,0.09618247300386429,0.3681142032146454,0.610768735408783,0.5733868479728699,0.30520471930503845,0.30520471930503845,1.1596050262451172,1.7997796535491943,0.5674130320549011,0.778120756149292,75.62416076660156,0.9691303372383118,0.0015505708288401365,0.9691303372383118,0.9701288342475891,0.9808591604232788,0.9757853150367737
13,train,0,1.0,1.0,0,PVC_20_0,13,0.375,9375.0,8.640000343322754,1.9440239667892456,1.866360068321228,1.6966956853866577,0.1696643829345703,0.46882471442222595,1.2278709411621094,0.10979096591472626,0.42258015275001526,0.695499837398529,0.8262953162193298,0.3283105492591858,0.3283105492591858,1.1596050262451172,1.7997796535491943,0.5674130320549011,0.7271667718887329,65.43335723876953,0.964787483215332,0.0013760561123490334,0.964787483215332,0.9701288342475891,0.9808591604232788,0.9757853150367737
14,train,0,1.0,1.0,0,PVC_20_0,14,0.4000000059604645,10000.0,9.830400466918945,2.125422716140747,2.115237236022949,1.9229483604431152,0.1922888159751892,0.5334183573722839,1.389530062675476,0.12417247146368027,0.4808023273944855,0.7845552563667297,1.0331017971038818,0.3509112596511841,0.3509112596511841,1.1596050262451172,1.7997796535491943,0.5674130320549011,0.6930793523788452,58.615875244140625,0.9602103233337402,0.0011752372374758124,0.9602103233337402,0.9701288342475891,0.9808591604232788,0.9757853150367737
15,train,0,1.0,1.0,0,PVC_20_0,15,0.42500001192092896,10625.0,11.097599983215332,2.3944380283355713,2.37811541557312,2.1619293689727783,0.2161860167980194,0.6021792888641357,1.5597500801086426,0.1392984837293625,0.5427806973457336,0.8776708841323853,1.2118146419525146,0.3731164038181305,0.3731164038181305,1.1596050262451172,1.7997796535491943,0.5674130320549011,0.6676045656204224,53.52091598510742,0.9554126262664795,0.0009577066521160305,0.9554126262664795,0.9701288342475891,0.9808591604232788,0.9757853150367737
16,train,0,1.0,1.0,0,PVC_20_0,16,0.44999998807907104,11250.0,12.44159984588623,2.6817269325256348,2.6546669006347656,2.4133408069610596,0.24132618308067322,0.6751075387001038,1.7382333278656006,0.1551399528980255,0.6085153222084045,0.9745780229568481,1.370949149131775,0.395028293132782,0.395028293132782,1.1596050262451172,1.7997796535491943,0.5674130320549011,0.6474189162254333,49.48377990722656,0.9504080414772034,0.0007341186283156276,0.9504080414772034,0.9701288342475891,0.9808591604232788,0.9757853150367737
17,train,0,1.0,1.0,0,PVC_20_0,17,0.4749999940395355,11875.0,13.86240005493164,2.9678232669830322,2.9445648193359375,2.6768851280212402,0.2676796019077301,0.7522032260894775,1.9246820211410522,0.17166757583618164,0.6780064105987549,1.0750080347061157,1.515420913696289,0.4167393147945404,0.4167393147945404,1.1596050262451172,1.7997796535491943,0.5674130320549011,0.6308286190032959,46.16572570800781,0.9452113509178162,0.0005108211189508438,0.9452113509178162,0.9701288342475891,0.9808591604232788,0.9757853150367737
18,train,0,1.0,1.0,0,PVC_20_0,18,0.5,12500.0,15.359999656677246,3.0878708362579346,3.247479200363159,2.9522628784179688,0.29521626234054565,0.833466112613678,2.1187968254089355,0.18885168433189392,0.7512535452842712,1.1786915063858032,1.6484487056732178,0.4383312165737152,0.4383312165737152,1.1596050262451172,1.7997796535491943,0.5674130320549011,0.6168425679206848,43.36851501464844,0.9398375153541565,0.00029245205223560333,0.9398375153541565,0.9701288342475891,0.9808591604232788,0.9757853150367737
19,train,0,1.0,1.0,1,PVC_20_180,0,0.05000000074505806,1250.0,0.15360000729560852,0.30792152881622314,0.041828595101833344,0.03802601993083954,0.0038025742396712303,0.00862412340939045,0.02940189465880394,0.014744455926120281,1.262140081337293e-08,0.014657425694167614,0.013280894607305527,1.3017747316988583e-22,0.013280894607305527,1.1998778581619263,2.0101451873779297,0.6350100040435791,0.9950531721115112,119.01063537597656,0.999579668045044,0.004105569329112768,0.999579668045044,0.97923743724823,0.9887797236442566,0.9722298979759216
20,val,0,1.0,1.0,1,PVC_20_180,1,0.07500000298023224,1875.0,0.3456000089645386,0.17357100546360016,0.09405681490898132,0.08550625294446945,0.008550561964511871,0.019404275342822075,0.06610197573900223,0.03312274068593979,2.8398147833286203e-08,0.03297920525074005,0.030723044648766518,2.8289993467871503e-22,0.030723044648766518,1.1998778581619263,2.0101451873779297,0.6350100040435791,0.9886112809181213,117.72225952148438,0.9990549683570862,-0.0025543570518493652,0.9990549683570862,0.97923743724823,0.9887797236442566,0.9722298979759216
21,train,0,1.0,1.0,1,PVC_20_180,2,0.10000000149011612,2500.0,0.6144000291824341,0.34319770336151123,0.1670692265033722,0.15188121795654297,0.015188008546829224,0.0344964936375618,0.11738473176956177,0.05875498056411743,5.048560325349172e-08,0.058629702776670456,0.05678054317831993,4.807654095618108e-22,0.05678054317831993,1.1998778581619263,2.0101451873779297,0.6350100040435791,0.9791058301925659,115.8211669921875,0.9983217716217041,-0.005435642320662737,0.9983217716217041,0.97923743724823,0.9887797236442566,0.9722298979759216
22,train,0,1.0,1.0,1,PVC_20_180,3,0.125,3125.0,0.9599999785423279,0.31932196021080017,0.2607593536376953,0.23705410957336426,0.02370523102581501,0.053900763392448425,0.18315334618091583,0.09154435247182846,7.888375108677792e-08,0.0916089117527008,0.09318999201059341,7.104417698677035e-22,0.09318999201059341,1.1998778581619263,2.0101451873779297,0.6350100040435791,0.9660651087760925,113.21302032470703,0.9973813891410828,-0.006076132878661156,0.9973813891410828,0.97923743724823,0.9887797236442566,0.9722298979759216
23,train,0,1.0,1.0,1,PVC_20_180,4,0.15000000596046448,3750.0,1.3824000358581543,0.31083568930625916,0.37499117851257324,0.34090131521224976,0.03408985957503319,0.0776171013712883,0.26328420639038086,0.1313672512769699,1.1359259133314481e-07,0.1319168210029602,0.14211547374725342,3.0935381589327246e-21,0.14211547374725342,1.1998778581619263,2.0101451873779297,0.6350100040435791,0.9489836692810059,109.7967300415039,0.9962358474731445,-0.005353420041501522,0.9962358474731445,0.97923743724823,0.9887797236442566,0.9722298979759216
24,val,0,1.0,1.0,1,PVC_20_180,5,0.17499999701976776,4375.0,1.881600022315979,0.5591400265693665,0.5095998644828796,0.46327292919158936,0.04632691666483879,0.10564549267292023,0.3576274514198303,0.17807388305664062,1.546121239925924e-07,0.17955343425273895,0.20557907223701477,4.078542853266631e-21,0.20557907223701477,1.1998778581619263,2.0101451873779297,0.6350100040435791,0.927563488483429,105.51270294189453,0.9948875308036804,-0.0038552298210561275,0.9948875308036804,0.97923743724823,0.9887797236442566,0.9722298979759216
25,val,0,1.0,1.0,1,PVC_20_180,6,0.20000000298023224,5000.0,2.4576001167297363,0.6062102913856506,0.6643933057785034,0.6039943695068359,0.06039893627166748,0.1379859745502472,0.46600839495658875,0.2314893752336502,2.0194241301396687e-07,0.23451881110668182,0.28418269753456116,5.143182058862414e-21,0.28418269753456116,1.1998778581619263,2.0101451873779297,0.6350100040435791,0.9021280407905579,100.42560577392578,0.9933395385742188,-0.002008753828704357,0.9933395385742188,0.97923743724823,0.9887797236442566,0.9722298979759216
26,train,0,1.0,1.0,1,PVC_20_180,7,0.22499999403953552,5625.0,3.1103999614715576,0.8631705045700073,0.8391522169113159,0.7628662586212158,0.07628597319126129,0.17463846504688263,0.5882278084754944,0.29141470789909363,2.555833304995758e-07,0.29681283235549927,0.3756729066371918,6.2701978720074416e-21,0.3756729066371918,1.1998778581619263,2.0101451873779297,0.6350100040435791,0.8739358186721802,94.78716278076172,0.9915956854820251,-0.0001262333244085312,0.9915956854820251,0.97923743724823,0.9887797236442566,0.9722298979759216
27,val,0,1.0,1.0,1,PVC_20_180,8,0.25,6250.0,3.8399999141693115,1.0573121309280396,1.0336334705352783,0.9396675229072571,0.09396590292453766,0.2156030535697937,0.7240644693374634,0.3576285243034363,3.155350043471117e-07,0.3664356470108032,0.47503334283828735,2.200904255082346e-21,0.47503334283828735,1.1998778581619263,2.0101451873779297,0.6350100040435791,0.8448962569236755,88.97925567626953,0.9896604418754578,0.0015661796787753701,0.9896604418754578,0.97923743724823,0.9887797236442566,0.9722298979759216
28,train,0,1.0,1.0,1,PVC_20_180,9,0.2750000059604645,6875.0,4.646399974822998,1.2427419424057007,1.247570276260376,1.1341557502746582,0.11341451853513718,0.2608796954154968,0.8732761144638062,0.42988866567611694,3.8179734929144615e-07,0.44338709115982056,0.5766147971153259,2.6106018041597455e-21,0.5766147971153259,1.1998778581619263,2.0101451873779297,0.6350100040435791,0.8167735934257507,83.3547134399414,0.9875392913818359,0.002921135164797306,0.9875392913818359,0.97923743724823,0.9887797236442566,0.9722298979759216
29,train,0,1.0,1.0,1,PVC_20_180,10,0.30000001192092896,7500.0,5.529600143432617,1.5060391426086426,1.480676293373108,1.3460705280303955,0.1346057504415512,0.3104684054851532,1.03560209274292,0.5079342722892761,4.5437036533257924e-07,0.5276672840118408,0.6762266159057617,3.0584045913771367e-21,0.6762266159057617,1.1998778581619263,2.0101451873779297,0.6350100040435791,0.7906438708305359,78.12877655029297,0.985238254070282,0.0038543841801583767,0.985238254070282,0.97923743724823,0.9887797236442566,0.9722298979759216
30,train,0,1.0,1.0,1,PVC_20_180,11,0.32499998807907104,8125.0,6.48960018157959,1.597334623336792,1.7326465845108032,1.5751347541809082,0.1575118452310562,0.36436912417411804,1.2107656002044678,0.5914888381958008,5.332541377356392e-07,0.6192761659622192,0.771656334400177,3.5438832744536875e-21,0.771656334400177,1.1998778581619263,2.0101451873779297,0.6350100040435791,0.766912579536438,73.38251495361328,0.982764720916748,0.004337203688919544,0.982764720916748,0.97923743724823,0.9887797236442566,0.9722298979759216
31,train,0,1.0,1.0,1,PVC_20_180,12,0.3499999940395355,8750.0,7.526400089263916,1.9695085287094116,2.003162145614624,1.8210582733154297,0.18210382759571075,0.4225819706916809,1.398476243019104,0.6802619099617004,6.184484959703695e-07,0.7182137370109558,0.8621596693992615,1.1680538468040135e-22,0.8621596693992615,1.1998778581619263,2.0101451873779297,0.6350100040435791,0.7455744743347168,69.1148910522461,0.980126678943634,0.004387121181935072,0.980126678943634,0.97923743724823,0.9887797236442566,0.9722298979759216
32,train,0,1.0,1.0,1,PVC_20_180,13,0.375,9375.0,8.640000343322754,2.2906291484832764,2.2918922901153564,2.083540678024292,0.20835162699222565,0.48510685563087463,1.5984338521957397,0.7739530205726624,7.099536674104456e-07,0.8244801163673401,0.9478147625923157,1.0756810115930194e-22,0.9478147625923157,1.1998778581619263,2.0101451873779297,0.6350100040435791,0.7264378666877747,65.2875747680664,0.9773330092430115,0.0040530432015657425,0.9773330092430115,0.97923743724823,0.9887797236442566,0.9722298979759216
33,val,0,1.0,1.0,1,PVC_20_180,14,0.4000000059604645,10000.0,9.830400466918945,2.650298833847046,2.598499059677124,2.362274646759033,0.2362244874238968,0.5519438982009888,1.8103306293487549,0.8722546100616455,8.077696520558675e-07,0.9380752444267273,1.0290770530700684,9.475226058219414e-23,1.0290770530700684,1.1998778581619263,2.0101451873779297,0.6350100040435791,0.7092531323432922,61.850624084472656,0.9743934273719788,0.0034052690025418997,0.9743934273719788,0.97923743724823,0.9887797236442566,0.9722298979759216
34,train,0,1.0,1.0,1,PVC_20_180,15,0.42500001192092896,10625.0,11.097599983215332,2.8269872665405273,2.922638416290283,2.656947374343872,0.2656911313533783,0.6230928301811218,2.0338544845581055,0.974854588508606,9.118961088461219e-07,1.058998942375183,1.1065337657928467,8.751692933370289e-23,1.1065337657928467,1.1998778581619263,2.0101451873779297,0.6350100040435791,0.6937710642814636,58.754215240478516,0.9713186621665955,0.0025285074952989817,0.9713186621665955,0.97923743724823,0.9887797236442566,0.9722298979759216
35,train,0,1.0,1.0,1,PVC_20_180,16,0.44999998807907104,11250.0,12.44159984588623,3.2195968627929688,3.263967514038086,2.967247247695923,0.29672035574913025,0.6985538601875305,2.268693447113037,1.081441044807434,1.0223333219983033e-06,1.187251329421997,1.1807831525802612,1.4413170314209997e-23,1.1807831525802612,1.1998778581619263,2.0101451873779297,0.6350100040435791,0.6797662973403931,55.95326232910156,0.9681198596954346,0.0015067241620272398,0.9681198596954346,0.97923743724823,0.9887797236442566,0.9722298979759216
36,train,0,1.0,1.0,1,PVC_20_180,17,0.4749999940395355,11875.0,13.86240005493164,3.643343448638916,3.6221466064453125,3.29286527633667,0.3292812407016754,0.7783270478248596,2.514538288116455,1.191704511642456,1.1390812915124116e-06,1.322832465171814,1.2523813247680664,2.179188649855603e-23,1.2523813247680664,1.1998778581619263,2.0101451873779297,0.6350100040435791,0.6670430302619934,53.408607482910156,0.9648088812828064,0.0004206392914056778,0.9648088812828064,0.97923743724823,0.9887797236442566,0.9722298979759216
37,val,0,1.0,1.0,1,PVC_20_180,18,0.5,12500.0,15.359999656677246,4.037886619567871,3.996840715408325,3.633497476577759,0.3633432984352112,0.8624122142791748,2.771085262298584,1.3053414821624756,1.2621400173884467e-06,1.465742588043213,1.3218237161636353,7.380154498657305e-22,1.3218237161636353,1.1998778581619263,2.0101451873779297,0.6350100040435791,0.6554343104362488,51.08686828613281,0.9613978862762451,-0.0006548222154378891,0.9613978862762451,0.97923743724823,0.9887797236442566,0.9722298979759216
38,val,0,1.0,1.0,2,PVC_10_0,0,0.05000000074505806,1250.0,0.15360000729560852,0.004296653904020786,0.02271941490471363,0.02065403014421463,0.002065385226160288,0.008533160202205181,0.012120870873332024,0.0010794749250635505,0.004094916861504316,0.006946478504687548,0.00040676744538359344,0.006354009732604027,0.006354009732604027,1.1872221231460571,1.893569827079773,0.5866575241088867,0.9039982557296753,100.79964447021484,0.9993104338645935,0.014425269328057766,0.9993104338645935,0.9755299687385559,0.9829871654510498,0.9794182777404785
39,train,0,1.0,1.0,2,PVC_10_0,1,0.07500000298023224,1875.0,0.3456000089645386,0.0044425735250115395,0.05109020322561264,0.04644569009542465,0.00464451452717185,0.019199607893824577,0.027246084064245224,0.0024261479265987873,0.009213563054800034,0.015606372617185116,0.0009348801104351878,0.013912936672568321,0.013912936672568321,1.1872221231460571,1.893569827079773,0.5866575241088867,0.9087178111076355,101.7435531616211,0.9984498620033264,0.006270000245422125,0.9984498620033264,0.9755299687385559,0.9829871654510498,0.9794182777404785
40,train,0,1.0,1.0,2,PVC_10_0,2,0.10000000149011612,2500.0,0.6144000291824341,0.11792551726102829,0.09075629711151123,0.08250583708286285,0.008250463753938675,0.034132640808820724,0.04837319627404213,0.0043065291829407215,0.016379667446017265,0.02768700011074543,0.001714052981697023,0.02382538840174675,0.02382538840174675,1.1872221231460571,1.893569827079773,0.5866575241088867,0.91482013463974,102.96401977539062,0.9972481727600098,0.002604637062177062,0.9972481727600098,0.9755299687385559,0.9829871654510498,0.9794182777404785
41,train,0,1.0,1.0,2,PVC_10_0,3,0.125,3125.0,0.9599999785423279,0.3397746682167053,0.1416649967432022,0.12878656387329102,0.01287843193858862,0.05333225056529045,0.07545430958271027,0.0067157079465687275,0.02559322863817215,0.043145377188920975,0.0027921691071242094,0.035525012761354446,0.035525012761354446,1.1872221231460571,1.893569827079773,0.5866575241088867,0.9218372106552124,104.36743927001953,0.9957082867622375,0.000803874630946666,0.9957082867622375,0.9755299687385559,0.9829871654510498,0.9794182777404785
42,train,0,1.0,1.0,2,PVC_10_0,4,0.15000000596046448,3750.0,1.3824000358581543,0.16250543296337128,0.20374900102615356,0.185226708650589,0.018522299826145172,0.07679843157529831,0.10842828452587128,0.009647448547184467,0.036854252219200134,0.06192658469080925,0.004245518706738949,0.04842253029346466,0.04842253029346466,1.1872221231460571,1.893569827079773,0.5866575241088867,0.9292217493057251,105.84434509277344,0.9938341975212097,-0.00018878839910030365,0.9938341975212097,0.9755299687385559,0.9829871654510498,0.9794182777404785
43,train,0,1.0,1.0,2,PVC_10_0,5,0.17499999701976776,4375.0,1.881600022315979,0.17313167452812195,0.27692678570747375,0.2517521381378174,0.02517465315759182,0.1045311987400055,0.1472209393978119,0.01309423241764307,0.050162725150585175,0.08396398276090622,0.006197645794600248,0.06197976693511009,0.06197976693511009,1.1872221231460571,1.893569827079773,0.5866575241088867,0.9363734722137451,107.27469635009766,0.9916303753852844,-0.0008022243273444474,0.9916303753852844,0.9755299687385559,0.9829871654510498,0.9794182777404785
44,train,0,1.0,1.0,2,PVC_10_0,6,0.20000000298023224,5000.0,2.4576001167297363,0.32816481590270996,0.3611031770706177,0.3282763361930847,0.03282683715224266,0.1365305632352829,0.19174575805664062,0.017047341912984848,0.06551866978406906,0.10917975753545761,0.008858030661940575,0.07576147466897964,0.07576147466897964,1.1872221231460571,1.893569827079773,0.5866575241088867,0.9426351189613342,108.52703094482422,0.9891031384468079,-0.0012088915100321174,0.9891031384468079,0.9755299687385559,0.9829871654510498,0.9794182777404785
45,train,0,1.0,1.0,2,PVC_10_0,7,0.22499999403953552,5625.0,3.1103999614715576,0.4748879671096802,0.4561695456504822,0.41470056772232056,0.04146897420287132,0.17279645800590515,0.2419041246175766,0.021496903151273727,0.0829220563173294,0.13748516142368317,0.012609980069100857,0.0894559770822525,0.0894559770822525,1.1872221231460571,1.893569827079773,0.5866575241088867,0.9472165703773499,109.44332122802734,0.9862590432167053,-0.0014772311551496387,0.9862590432167053,0.9755299687385559,0.9829871654510498,0.9794182777404785
46,train,0,1.0,1.0,2,PVC_10_0,8,0.25,6250.0,3.8399999141693115,0.5574852824211121,0.5620052814483643,0.5109151601791382,0.05109009891748428,0.2133290022611618,0.2975861430168152,0.02643200382590294,0.1023729145526886,0.16878123581409454,0.01824268512427807,0.10286881029605865,0.10286881029605865,1.1872221231460571,1.893569827079773,0.5866575241088867,0.9489527344703674,109.79054260253906,0.9831058382987976,-0.0016361292218789458,0.9831058382987976,0.9755299687385559,0.9829871654510498,0.9794182777404785
47,train,0,1.0,1.0,2,PVC_10_0,9,0.2750000059604645,6875.0,4.646399974822998,0.5972995758056641,0.6784777641296387,0.6167995929718018,0.06167815253138542,0.2581280767917633,0.35867154598236084,0.03184075653553009,0.12387122958898544,0.2029595524072647,0.027722017839550972,0.11590054631233215,0.11590054631233215,1.1872221231460571,1.893569827079773,0.5866575241088867,0.9455310702323914,109.10620880126953,0.9796524047851562,-0.0017001817468553782,0.9796524047851562,0.9755299687385559,0.9829871654510498,0.9794182777404785
48,train,0,1.0,1.0,2,PVC_10_0,10,0.30000001192092896,7500.0,5.529600143432617,0.7768981456756592,0.8054441213607788,0.7322239875793457,0.0732201561331749,0.30719372630119324,0.4250302314758301,0.037710390985012054,0.14741700887680054,0.23990283906459808,0.04799525439739227,0.12852023541927338,0.12852023541927338,1.1872221231460571,1.893569827079773,0.5866575241088867,0.9301102161407471,106.02204132080078,0.9759084582328796,-0.0016787799540907145,0.9759084582328796,0.9755299687385559,0.9829871654510498,0.9794182777404785
49,train,0,1.0,1.0,2,PVC_10_0,11,0.32499998807907104,8125.0,6.48960018157959,0.982464611530304,0.942751944065094,0.8570497035980225,0.08570224791765213,0.3605259656906128,0.49652376770973206,0.04402737691998482,0.1730102151632309,0.27948617935180664,0.12503765523433685,0.14074119925498962,0.14074119925498962,1.1872221231460571,1.893569827079773,0.5866575241088867,0.8688808679580688,93.77617645263672,0.9718850255012512,-0.0015812261262908578,0.9718850255012512,0.9755299687385559,0.9829871654510498,0.9794182777404785
50,train,0,1.0,1.0,2,PVC_10_0,12,0.3499999940395355,8750.0,7.526400089263916,1.096636176109314,1.0902409553527832,0.991131067276001,0.09910984337329865,0.418124794960022,0.573006272315979,0.05077751353383064,0.2006509006023407,0.32157787680625916,0.28669342398643494,0.15260235965251923,0.15260235965251923,1.1872221231460571,1.893569827079773,0.5866575241088867,0.778120756149292,75.62416076660156,0.9675939679145813,-0.0014163115993142128,0.9675939679145813,0.9755299687385559,0.9829871654510498,0.9794182777404785
51,val,0,1.0,1.0,2,PVC_10_0,13,0.375,9375.0,8.640000343322754,1.2108826637268066,1.2477439641952515,1.1343162059783936,0.11342776566743851,0.4799901843070984,0.6543259620666504,0.05794602632522583,0.23033905029296875,0.3660408556461334,0.4131476581096649,0.1641552746295929,0.1641552746295929,1.1872221231460571,1.893569827079773,0.5866575241088867,0.7271667718887329,65.43335723876953,0.9630482792854309,-0.001191315590403974,0.9630482792854309,0.9755299687385559,0.9829871654510498,0.9794182777404785
52,val,0,1.0,1.0,2,PVC_10_0,14,0.4000000059604645,10000.0,9.830400466918945,1.3690028190612793,1.4150885343551636,1.2864482402801514,0.1286403238773346,0.5461222529411316,0.7403260469436646,0.06551767885684967,0.26207467913627625,0.41273367404937744,0.5165508985519409,0.17545562982559204,0.17545562982559204,1.1872221231460571,1.893569827079773,0.5866575241088867,0.6930793523788452,58.615875244140625,0.9582615494728088,-0.0009149924735538661,0.9582615494728088,0.9755299687385559,0.9829871654510498,0.9794182777404785
53,train,0,1.0,1.0,2,PVC_10_0,15,0.42500001192092896,10625.0,11.097599983215332,1.6664570569992065,1.5920989513397217,1.4473674297332764,0.1447315514087677,0.6165207624435425,0.8308466672897339,0.07347685843706131,0.2958577275276184,0.46151208877563477,0.6059073209762573,0.18655820190906525,0.18655820190906525,1.1872221231460571,1.893569827079773,0.5866575241088867,0.6676045656204224,53.52091598510742,0.9532485604286194,-0.0005953069776296616,0.9532485604286194,0.9755299687385559,0.9829871654510498,0.9794182777404785
54,train,0,1.0,1.0,2,PVC_10_0,16,0.44999998807907104,11250.0,12.44159984588623,1.7020379304885864,1.7785975933074951,1.6169122457504272,0.1616852879524231,0.6911858320236206,0.9257264137268066,0.08180775493383408,0.3316882252693176,0.512230396270752,0.6854745745658875,0.197514146566391,0.197514146566391,1.1872221231460571,1.893569827079773,0.5866575241088867,0.6474189162254333,49.48377990722656,0.9480246901512146,-0.00023846887052059174,0.9480246901512146,0.9755299687385559,0.9829871654510498,0.9794182777404785
55,train,0,1.0,1.0,2,PVC_10_0,17,0.4749999940395355,11875.0,13.86240005493164,1.914313793182373,1.9744064807891846,1.7949211597442627,0.17948538064956665,0.7701177000999451,1.0248034000396729,0.09049434214830399,0.36956626176834106,0.5647428631782532,0.7577104568481445,0.2083696573972702,0.2083696573972702,1.1872221231460571,1.893569827079773,0.5866575241088867,0.6308286190032959,46.16572570800781,0.9426059126853943,0.00015036575496196747,0.9426059126853943,0.9755299687385559,0.9829871654510498,0.9794182777404785
56,train,0,1.0,1.0,2,PVC_10_0,18,0.5,12500.0,15.359999656677246,2.087332010269165,2.179348945617676,1.9812331199645996,0.19811572134494781,0.8533160090446472,1.1279170513153076,0.09952051937580109,0.4094916582107544,0.6189048290252686,0.8242243528366089,0.2191656082868576,0.2191656082868576,1.1872221231460571,1.893569827079773,0.5866575241088867,0.6168425679206848,43.36851501464844,0.9370086789131165,0.0005659591406583786,0.9370086789131165,0.9755299687385559,0.9829871654510498,0.9794182777404785
57,train,0,1.0,1.0,3,PVC_10_180,0,0.05000000074505806,1250.0,0.15360000729560852,0.1761522889137268,0.027001183480024338,0.024546552449464798,0.002454630332067609,0.008881515823304653,0.01566503755748272,0.007871905341744423,6.9551777670540105e-09,0.0077931261621415615,0.006640447303652763,6.508873658494291e-23,0.006640447303652763,1.2356890439987183,2.1298954486846924,0.6585958003997803,0.9950531721115112,119.01063537597656,0.9995546340942383,0.0017311499686911702,0.9995546340942383,0.9868948459625244,0.9916559457778931,0.9757131338119507
58,train,0,1.0,1.0,3,PVC_10_180,1,0.07500000298023224,1875.0,0.3456000089645386,0.1749381422996521,0.06072012335062027,0.05520016700029373,0.005519956815987825,0.019983408972620964,0.03521675989031792,0.017682209610939026,1.5649151308139153e-08,0.017534535378217697,0.015361522324383259,1.4144996733935752e-22,0.015361522324383259,1.2356890439987183,2.1298954486846924,0.6585958003997803,0.9886112809181213,117.72225952148438,0.9989988207817078,-0.0017955637304112315,0.9989988207817078,0.9868948459625244,0.9916559457778931,0.9757131338119507
59,train,0,1.0,1.0,3,PVC_10_180,2,0.10000000149011612,2500.0,0.6144000291824341,0.10751472413539886,0.1078660637140274,0.09806016087532043,0.00980590283870697,0.03552606329321861,0.06253409385681152,0.03136156499385834,2.7820711068216042e-08,0.031172504648566246,0.028390271589159966,2.403827047809054e-22,0.028390271589159966,1.2356890439987183,2.1298954486846924,0.6585958003997803,0.9791058301925659,115.8211669921875,0.9982220530509949,-0.0025890765246003866,0.9982220530509949,0.9868948459625244,0.9916559457778931,0.9757131338119507
60,train,0,1.0,1.0,3,PVC_10_180,3,0.125,3125.0,0.9599999785423279,0.198393777012825,0.1683788150548935,0.1530718207359314,0.015306993387639523,0.05550947040319443,0.09756234288215637,0.0488552562892437,4.3469864152712034e-08,0.04870704188942909,0.04659499600529671,3.5522088493385176e-22,0.04659499600529671,1.2356890439987183,2.1298954486846924,0.6585958003997803,0.9660651087760925,113.21302032470703,0.9972260594367981,-0.0019318194827064872,0.9972260594367981,0.9868948459625244,0.9916559457778931,0.9757131338119507
61,train,0,1.0,1.0,3,PVC_10_180,4,0.15000000596046448,3750.0,1.3824000358581543,0.27636855840682983,0.2421814501285553,0.2201652228832245,0.022016232833266258,0.07993363589048386,0.14023159444332123,0.07009339332580566,6.259660523255661e-08,0.07013814151287079,0.07105773687362671,1.5467690794663623e-21,0.07105773687362671,1.2356890439987183,2.1298954486846924,0.6585958003997803,0.9489836692810059,109.7967300415039,0.9960129857063293,-0.0005218889564275742,0.9960129857063293,0.9868948459625244,0.9916559457778931,0.9757131338119507
62,train,0,1.0,1.0,3,PVC_10_180,5,0.17499999701976776,4375.0,1.881600022315979,0.3855060040950775,0.3291810154914856,0.2992558479309082,0.029925161972641945,0.1087985634803772,0.1904572695493698,0.09499140083789825,8.520091654418138e-08,0.09546578675508499,0.10278953611850739,2.0392714266333154e-21,0.10278953611850739,1.2356890439987183,2.1298954486846924,0.6585958003997803,0.927563488483429,105.51270294189453,0.9945856928825378,0.0011951414635404944,0.9945856928825378,0.9868948459625244,0.9916559457778931,0.9757131338119507
63,train,0,1.0,1.0,3,PVC_10_180,6,0.20000000298023224,5000.0,2.4576001167297363,0.4729076027870178,0.42926886677742004,0.3902449607849121,0.039023905992507935,0.14210425317287445,0.24814072251319885,0.12345059216022491,1.1128284427286417e-07,0.12469001859426498,0.14209134876728058,2.571591029431207e-21,0.14209134876728058,1.2356890439987183,2.1298954486846924,0.6585958003997803,0.9021280407905579,100.42560577392578,0.9929473996162415,0.002900780411437154,0.9929473996162415,0.9868948459625244,0.9916559457778931,0.9757131338119507
64,train,0,1.0,1.0,3,PVC_10_180,7,0.22499999403953552,5625.0,3.1103999614715576,0.585237979888916,0.5423216819763184,0.4930204153060913,0.04930123686790466,0.17985066771507263,0.3131697475910187,0.15535880625247955,1.4084234578604082e-07,0.15781080722808838,0.1878364533185959,3.1350989360037208e-21,0.1878364533185959,1.2356890439987183,2.1298954486846924,0.6585958003997803,0.8739358186721802,94.78716278076172,0.9911027550697327,0.004357379395514727,0.9911027550697327,0.9868948459625244,0.9916559457778931,0.9757131338119507
65,train,0,1.0,1.0,3,PVC_10_180,8,0.25,6250.0,3.8399999141693115,0.6845232844352722,0.6682024002075195,0.60745769739151,0.06074469909071922,0.2220378816127777,0.3854198157787323,0.1905914694070816,1.7387945661084814e-07,0.19482816755771637,0.23751667141914368,1.100452127541173e-21,0.23751667141914368,1.2356890439987183,2.1298954486846924,0.6585958003997803,0.8448962569236755,88.97925567626953,0.9890567660331726,0.0053878892213106155,0.9890567660331726,0.9868948459625244,0.9916559457778931,0.9757131338119507
66,train,0,1.0,1.0,3,PVC_10_180,9,0.2750000059604645,6875.0,4.646399974822998,0.8764917254447937,0.8067612648010254,0.7334206104278564,0.07334065437316895,0.2686658203601837,0.46475476026535034,0.22901245951652527,2.1039414832557668e-07,0.23574209213256836,0.28830739855766296,1.3053009020798728e-21,0.28830739855766296,1.2356890439987183,2.1298954486846924,0.6585958003997803,0.8167735934257507,83.3547134399414,0.9868155121803284,0.005865724757313728,0.9868155121803284,0.9868948459625244,0.9916559457778931,0.9757131338119507
67,train,0,1.0,1.0,3,PVC_10_180,10,0.30000001192092896,7500.0,5.529600143432617,0.9029657244682312,0.9578375220298767,0.8707630634307861,0.08707446604967117,0.3197345435619354,0.5510284900665283,0.27047568559646606,2.5038642093022645e-07,0.28055256605148315,0.33811330795288086,1.5292022956885683e-21,0.33811330795288086,1.2356890439987183,2.1298954486846924,0.6585958003997803,0.7906438708305359,78.12877655029297,0.9843862652778625,0.005720294080674648,0.9843862652778625,0.9868948459625244,0.9916559457778931,0.9757131338119507
68,train,0,1.0,1.0,3,PVC_10_180,11,0.32499998807907104,8125.0,6.48960018157959,1.0138746500015259,1.1212607622146606,1.0193301439285278,0.1019306480884552,0.37524402141571045,0.6440861225128174,0.31482627987861633,2.9385617494881444e-07,0.3292595446109772,0.3858281672000885,1.7719416372268438e-21,0.3858281672000885,1.2356890439987183,2.1298954486846924,0.6585958003997803,0.766912579536438,73.38251495361328,0.9817769527435303,0.004931597970426083,0.9817769527435303,0.9868948459625244,0.9916559457778931,0.9757131338119507
69,train,0,1.0,1.0,3,PVC_10_180,12,0.3499999940395355,8750.0,7.526400089263916,1.313947081565857,1.2968533039093018,1.1789603233337402,0.11789298057556152,0.4351942539215088,0.7437660694122314,0.3619025647640228,3.4080366617672553e-07,0.38186314702033997,0.43107983469963074,5.840269234020067e-23,0.43107983469963074,1.2356890439987183,2.1298954486846924,0.6585958003997803,0.7455744743347168,69.1148910522461,0.9789968132972717,0.0035331195686012506,0.9789968132972717,0.9868948459625244,0.9916559457778931,0.9757131338119507
70,train,0,1.0,1.0,3,PVC_10_180,13,0.375,9375.0,8.640000343322754,1.5928974151611328,1.484431266784668,1.3494865894317627,0.13494472205638885,0.49958521127700806,0.8499013185501099,0.4115375876426697,3.9122875250541256e-07,0.43836337327957153,0.47390738129615784,5.378405057965097e-23,0.47390738129615784,1.2356890439987183,2.1298954486846924,0.6585958003997803,0.7264378666877747,65.2875747680664,0.976055920124054,0.0015971144894137979,0.976055920124054,0.9868948459625244,0.9916559457778931,0.9757131338119507
71,train,0,1.0,1.0,3,PVC_10_180,14,0.4000000059604645,10000.0,9.830400466918945,1.7449835538864136,1.683807373046875,1.5307385921478271,0.15306879580020905,0.5684170126914978,0.9623215198516846,0.46356096863746643,4.4513137709145667e-07,0.49876007437705994,0.5145385265350342,4.737613029109707e-23,0.5145385265350342,1.2356890439987183,2.1298954486846924,0.6585958003997803,0.7092531323432922,61.850624084472656,0.97296541929245,-0.000763913500122726,0.97296541929245,0.9868948459625244,0.9916559457778931,0.9757131338119507
72,val,0,1.0,1.0,3,PVC_10_180,15,0.42500001192092896,10625.0,11.097599983215332,1.9275760650634766,1.8947925567626953,1.7225446701049805,0.17224790155887604,0.6416894793510437,1.0808552503585815,0.5178013443946838,5.025116251999862e-07,0.5630534291267395,0.5532668828964233,4.3758464666851443e-23,0.5532668828964233,1.2356890439987183,2.1298954486846924,0.6585958003997803,0.6937710642814636,58.754215240478516,0.9697370529174805,-0.003421731060370803,0.9697370529174805,0.9868948459625244,0.9916559457778931,0.9757131338119507
73,val,0,1.0,1.0,3,PVC_10_180,16,0.44999998807907104,11250.0,12.44159984588623,2.2017436027526855,2.1171984672546387,1.9247336387634277,0.19246478378772736,0.7194026708602905,1.2053309679031372,0.5740872025489807,5.633693831441633e-07,0.6312432289123535,0.5903915762901306,7.206585157104998e-24,0.5903915762901306,1.2356890439987183,2.1298954486846924,0.6585958003997803,0.6797662973403931,55.95326232910156,0.9663835167884827,-0.006234913598746061,0.9663835167884827,0.9868948459625244,0.9916559457778931,0.9757131338119507
74,train,0,1.0,1.0,3,PVC_10_180,17,0.4749999940395355,11875.0,13.86240005493164,2.481191635131836,2.350839853286743,2.1371374130249023,0.21370242536067963,0.8015567064285278,1.335580587387085,0.6322503089904785,6.277047646108258e-07,0.7033296227455139,0.6261906623840332,1.0895943249278015e-23,0.6261906623840332,1.2356890439987183,2.1298954486846924,0.6585958003997803,0.6670430302619934,53.408607482910156,0.9629178643226624,-0.009057771414518356,0.9629178643226624,0.9868948459625244,0.9916559457778931,0.9757131338119507
75,train,0,1.0,1.0,3,PVC_10_180,18,0.5,12500.0,15.359999656677246,2.5872838497161865,2.5955350399017334,2.359591007232666,0.23594394326210022,0.8881515264511108,1.4714395999908447,0.6921262145042419,6.955178264433926e-07,0.7793126702308655,0.6609118580818176,3.6900772493286525e-22,0.6609118580818176,1.2356890439987183,2.1298954486846924,0.6585958003997803,0.6554343104362488,51.08686828613281,0.9593537449836731,-0.011753485538065434,0.9593537449836731,0.9868948459625244,0.9916559457778931,0.9757131338119507
76,train,0,1.0,1.0,8,guijiao_20_0,0,0.05000000074505806,1250.0,4.0,0.03274283930659294,0.028142698109149933,0.025584300979971886,0.0025583975948393345,0.005868216976523399,0.019716084003448486,0.008194304071366787,0.0032884206157177687,0.008233358152210712,0.01904510147869587,0.008109244517982006,0.008109244517982006,0.8164474368095398,1.1651653051376343,0.39155149459838867,0.6207086443901062,44.14173126220703,0.9874241352081299,-0.0035920641385018826,0.9874241352081299,0.9557260274887085,0.9610580205917358,0.9602831602096558
77,train,0,1.0,1.0,8,guijiao_20_0,1,0.07500000298023224,1875.0,9.0,0.1314956545829773,0.06236768513917923,0.056698352098464966,0.005669333040714264,0.013203486800193787,0.04349486529827118,0.018005242571234703,0.007398945279419422,0.01809067837893963,0.03737829253077507,0.012877439148724079,0.012877439148724079,0.8164474368095398,1.1651653051376343,0.39155149459838867,0.5476172566413879,29.523452758789062,0.9720936417579651,-0.0016576986527070403,0.9720936417579651,0.9557260274887085,0.9610580205917358,0.9602831602096558
78,val,0,1.0,1.0,8,guijiao_20_0,2,0.10000000149011612,2500.0,16.0,0.1263606995344162,0.10617309808731079,0.09872668236494064,0.007446413394063711,0.023472867906093597,0.07525381445884705,0.030978050082921982,0.013153682462871075,0.031122077256441116,0.05183761939406395,0.01717318408191204,0.01717318408191204,0.8164474368095398,1.1651653051376343,0.39155149459838867,0.5097271203994751,21.9454288482666,0.9514846801757812,0.017259972169995308,0.9514846801757812,0.9557260274887085,0.9610580205917358,0.9602831602096558
79,train,0,1.0,1.0,8,guijiao_20_0,3,0.125,3125.0,25.0,0.10596927255392075,0.13534599542617798,0.15035705268383026,-0.015011058188974857,0.036676350980997086,0.11368070542812347,0.04646240547299385,0.0205526240170002,0.046665679663419724,0.06461422890424728,0.02142789214849472,0.02142789214849472,0.8164474368095398,1.1651653051376343,0.39155149459838867,0.48791635036468506,17.583267211914062,0.9266180992126465,0.014931099489331245,0.9266180992126465,0.9557260274887085,0.9610580205917358,0.9602831602096558
80,train,0,1.0,1.0,8,guijiao_20_0,4,0.15000000596046448,3750.0,36.0,0.2565729320049286,0.1892101764678955,0.21023142337799072,-0.021021248772740364,0.052813947200775146,0.15741747617721558,0.06378981471061707,0.02959578111767769,0.06403189152479172,0.07707758992910385,0.02586590126156807,0.02586590126156807,0.8164474368095398,1.1651653051376343,0.39155149459838867,0.47369226813316345,14.738452911376953,0.8988233208656311,0.008574865758419037,0.8988233208656311,0.9557260274887085,0.9610580205917358,0.9602831602096558
81,train,0,1.0,1.0,8,guijiao_20_0,5,0.17499999701976776,4375.0,49.0,0.34047091007232666,0.24942514300346375,0.2771380543708801,-0.027712905779480934,0.07188563793897629,0.20525240898132324,0.08236847817897797,0.040283143520355225,0.08260079473257065,0.08983232080936432,0.030577916651964188,0.030577916651964188,0.8164474368095398,1.1651653051376343,0.39155149459838867,0.4635932743549347,12.71865463256836,0.8695376515388489,0.004361879546195269,0.8695376515388489,0.9557260274887085,0.9610580205917358,0.9602831602096558
82,train,0,1.0,1.0,8,guijiao_20_0,6,0.20000000298023224,5000.0,64.0,0.37226971983909607,0.31512022018432617,0.3501327931880951,-0.03501258045434952,0.09389147162437439,0.2562413215637207,0.10173949599266052,0.0526147298514843,0.10188710689544678,0.1031419187784195,0.0355924554169178,0.0355924554169178,0.8164474368095398,1.1651653051376343,0.39155149459838867,0.45599478483200073,11.198957443237305,0.8400655388832092,0.0014558815164491534,0.8400655388832092,0.9557260274887085,0.9610580205917358,0.9602831602096558
83,train,0,1.0,1.0,8,guijiao_20_0,7,0.22499999403953552,5625.0,81.0,0.4480170011520386,0.3857054114341736,0.42856085300445557,-0.04285544157028198,0.11883137375116348,0.3097294867038727,0.12158329784870148,0.06659050285816193,0.12155568599700928,0.11711513996124268,0.04091043025255203,0.04091043025255203,0.8164474368095398,1.1651653051376343,0.39155149459838867,0.45003658533096313,10.007320404052734,0.811406672000885,-0.0004840996116399765,0.811406672000885,0.9557260274887085,0.9610580205917358,0.9602831602096558
84,train,0,1.0,1.0,8,guijiao_20_0,8,0.25,6250.0,100.0,0.5355852842330933,0.46080780029296875,0.5120079517364502,-0.05120016261935234,0.14670540392398834,0.36530256271362305,0.14169378578662872,0.0822104960680008,0.14139826595783234,0.1317870318889618,0.046520885080099106,0.046520885080099106,0.8164474368095398,1.1651653051376343,0.39155149459838867,0.4452192783355713,9.043856620788574,0.7842056155204773,-0.0016262424178421497,0.7842056155204773,0.9557260274887085,0.9610580205917358,0.9602831602096558
85,train,0,1.0,1.0,8,guijiao_20_0,9,0.2750000059604645,6875.0,121.0,0.537065327167511,0.5402023196220398,0.6002240777015686,-0.06002175807952881,0.17751353979110718,0.4227105379104614,0.16194258630275726,0.0994747057557106,0.16129322350025177,0.14715644717216492,0.052408237010240555,0.052408237010240555,0.8164474368095398,1.1651653051376343,0.39155149459838867,0.4412316679954529,8.246335983276367,0.7587954998016357,-0.0020984585862606764,0.7587954998016357,0.9557260274887085,0.9610580205917358,0.9602831602096558
86,train,0,1.0,1.0,8,guijiao_20_0,10,0.30000001192092896,7500.0,144.0,0.6555957198143005,0.6237515807151794,0.693056583404541,-0.06930498033761978,0.21125578880310059,0.4818008244037628,0.18224988877773285,0.11838312447071075,0.1811678111553192,0.16320447623729706,0.05855567753314972,0.05855567753314972,0.8164474368095398,1.1651653051376343,0.39155149459838867,0.43786895275115967,7.573787689208984,0.7352827191352844,-0.002015429548919201,0.7352827191352844,0.9557260274887085,0.9610580205917358,0.9602831602096558
87,train,0,1.0,1.0,8,guijiao_20_0,11,0.32499998807907104,8125.0,169.0,0.7337173223495483,0.7113624811172485,0.7904019355773926,-0.07903946936130524,0.2479320913553238,0.54246985912323,0.2025650292634964,0.13893572986125946,0.20096909999847412,0.17990387976169586,0.064946748316288,0.064946748316288,0.8164474368095398,1.1651653051376343,0.39155149459838867,0.43499016761779785,6.998030662536621,0.7136300206184387,-0.001485128770582378,0.7136300206184387,0.9557260274887085,0.9610580205917358,0.9602831602096558
88,train,0,1.0,1.0,8,guijiao_20_0,12,0.3499999940395355,8750.0,196.0,0.7751927375793457,0.8029550313949585,0.8921713829040527,-0.08921638131141663,0.28754255175590515,0.60462886095047,0.2228553146123886,0.1611325740814209,0.22064094245433807,0.19722402095794678,0.07156606018543243,0.07156606018543243,0.8164474368095398,1.1651653051376343,0.39155149459838867,0.4324948787689209,6.498973846435547,0.6937159895896912,-0.0005989279597997665,0.6937159895896912,0.9557260274887085,0.9610580205917358,0.9602831602096558
89,train,0,1.0,1.0,8,guijiao_20_0,13,0.375,9375.0,225.0,0.7986027598381042,0.8984321355819702,0.998257040977478,-0.09982489049434662,0.33008715510368347,0.6681699156761169,0.2430991530418396,0.18497362732887268,0.24009713530540466,0.2151336669921875,0.07839954644441605,0.07839954644441605,0.8164474368095398,1.1651653051376343,0.39155149459838867,0.43030932545661926,6.06186580657959,0.6753696799278259,0.0005618426948785782,0.6753696799278259,0.9557260274887085,0.9610580205917358,0.9602831602096558
90,val,0,1.0,1.0,8,guijiao_20_0,14,0.4000000059604645,10000.0,256.0,0.884392499923706,0.9976300597190857,1.1084768772125244,-0.11084681749343872,0.37556588649749756,0.7329109311103821,0.2632823586463928,0.2104589194059372,0.25916963815689087,0.23360233008861542,0.08543454110622406,0.08543454110622406,0.8164474368095398,1.1651653051376343,0.39155149459838867,0.42837801575660706,5.675602912902832,0.6583752036094666,0.0019328960916027427,0.6583752036094666,0.9557260274887085,0.9610580205917358,0.9602831602096558
91,train,0,1.0,1.0,8,guijiao_20_0,15,0.42500001192092896,10625.0,289.0,1.0040017366409302,1.096596360206604,1.2184393405914307,-0.12184301018714905,0.42397862672805786,0.794460654258728,0.2833951711654663,0.23359432816505432,0.2774712145328522,0.2526010274887085,0.09265967458486557,0.09265967458486557,0.8164474368095398,1.1651653051376343,0.39155149459838867,0.4266582429409027,5.331648349761963,0.636828601360321,0.0034603134263306856,0.636828601360321,0.9557260274887085,0.9610580205917358,0.9602831602096558
92,val,0,1.0,1.0,8,guijiao_20_0,16,0.44999998807907104,11250.0,324.0,1.018639326095581,1.19154953956604,1.3239428997039795,-0.13239331543445587,0.47532549500465393,0.848617434501648,0.3034308850765228,0.25128230452537537,0.29390427470207214,0.2721027135848999,0.10006482899188995,0.10006482899188995,0.8164474368095398,1.1651653051376343,0.39155149459838867,0.4251165986061096,5.02332067489624,0.6081015467643738,0.005101288203150034,0.6081015467643738,0.9557260274887085,0.9610580205917358,0.9602831602096558
93,train,0,1.0,1.0,8,guijiao_20_0,17,0.4749999940395355,11875.0,361.0,1.1686152219772339,1.2832472324371338,1.4258291721343994,-0.14258190989494324,0.5296064615249634,0.896222710609436,0.32338395714759827,0.2688910663127899,0.30394771695137024,0.2920822501182556,0.10764095932245255,0.10764095932245255,0.8164474368095398,1.1651653051376343,0.39155149459838867,0.42372652888298035,4.74530553817749,0.5787972211837769,0.0068221022374928,0.5787972211837769,0.9557260274887085,0.9610580205917358,0.9602831602096558
94,train,0,1.0,1.0,8,guijiao_20_0,18,0.5,12500.0,400.0,1.143523097038269,1.3454169034957886,1.4949065446853638,-0.1494895964860916,0.5868216156959534,0.9080849289894104,0.34324896335601807,0.28644195199012756,0.27839404344558716,0.31251654028892517,0.11538002640008926,0.11538002640008926,0.8164474368095398,1.1651653051376343,0.39155149459838867,0.42246657609939575,4.493317604064941,0.5379331111907959,0.008596128784120083,0.5379331111907959,0.9557260274887085,0.9610580205917358,0.9602831602096558
95,train,0,1.0,1.0,9,guijiao_20_180,0,0.05000000074505806,1250.0,4.0,0.08496236801147461,0.030860967934131622,0.028055451810359955,0.002805517055094242,0.007127727381885052,0.02092772349715233,0.010337801650166512,7.083179820455143e-09,0.010589915327727795,0.01904510147869587,3.115521200628112e-22,0.01904510147869587,0.9916836619377136,1.4683455228805542,0.49634045362472534,0.838975191116333,87.79503631591797,0.9920981526374817,-0.006754912436008453,0.9920981526374817,0.9615187644958496,0.9718971848487854,0.9616186618804932
96,val,0,1.0,1.0,9,guijiao_20_180,1,0.07500000298023224,1875.0,9.0,0.20686888694763184,0.06868632882833481,0.062442176043987274,0.006244149524718523,0.016037384048104286,0.04640479385852814,0.022577470168471336,1.5937152042511116e-08,0.02382730506360531,0.03737829253077507,3.9326089374331247e-22,0.03737829253077507,0.9916836619377136,1.4683455228805542,0.49634045362472534,0.7209258079528809,64.1851577758789,0.982548177242279,-0.003917247522622347,0.982548177242279,0.9615187644958496,0.9718971848487854,0.9616186618804932
97,train,0,1.0,1.0,9,guijiao_20_180,2,0.10000000149011612,2500.0,16.0,0.23048630356788635,0.12034212052822113,0.10940204560756683,0.010940072126686573,0.028510909527540207,0.08089113235473633,0.03853143751621246,2.8332719281820573e-08,0.04235966131091118,0.05183761939406395,7.925297521407882e-22,0.05183761939406395,0.9916836619377136,1.4683455228805542,0.49634045362472534,0.6509374380111694,50.1874885559082,0.969906747341156,-0.0023488712031394243,0.969906747341156,0.9615187644958496,0.9718971848487854,0.9616186618804932
98,train,0,1.0,1.0,9,guijiao_20_180,3,0.125,3125.0,25.0,0.37194958329200745,0.1847832202911377,0.1679849624633789,0.016798265278339386,0.044548291712999344,0.12343667447566986,0.05724966153502464,4.426987132433169e-08,0.06618696451187134,0.06461422890424728,6.314029432525771e-23,0.06461422890424728,0.9916836619377136,1.4683455228805542,0.49634045362472534,0.6060657501220703,41.2131462097168,0.9550195336341858,-0.0033568223007023335,0.9550195336341858,0.9615187644958496,0.9718971848487854,0.9616186618804932
99,val,0,1.0,1.0,9,guijiao_20_180,4,0.15000000596046448,3750.0,36.0,0.4915699362754822,0.26101791858673096,0.23728936910629272,0.023728547617793083,0.06414953619241714,0.17313982546329498,0.07783053815364838,6.374860817004446e-08,0.09530922025442123,0.07707758992910385,1.1234837105300057e-22,0.07707758992910385,0.9916836619377136,1.4683455228805542,0.49634045362472534,0.5746968984603882,34.93937683105469,0.9388985633850098,-0.007229059003293514,0.9388985633850098,0.9615187644958496,0.9718971848487854,0.9616186618804932
100,train,0,1.0,1.0,9,guijiao_20_180,5,0.17499999701976776,4375.0,49.0,0.4082214832305908,0.3482561409473419,0.3165971338748932,0.03165900334715843,0.08731464296579361,0.22928249835968018,0.09955599159002304,8.676893514802941e-08,0.12972642481327057,0.08983232080936432,1.3686390868963706e-22,0.08983232080936432,0.9916836619377136,1.4683455228805542,0.49634045362472534,0.551417887210846,30.2835750579834,0.9225032925605774,-0.013712282292544842,0.9225032925605774,0.9615187644958496,0.9718971848487854,0.9616186618804932
101,val,0,1.0,1.0,9,guijiao_20_180,6,0.20000000298023224,5000.0,64.0,0.6384890079498291,0.44595396518707275,0.405414342880249,0.04053962230682373,0.11404363811016083,0.291370689868927,0.12193194776773453,1.1333087712728229e-07,0.16943864524364471,0.1031419187784195,1.1510744046800364e-22,0.1031419187784195,0.9916836619377136,1.4683455228805542,0.49634045362472534,0.533397376537323,26.679471969604492,0.9065659046173096,-0.02119048684835434,0.9065659046173096,0.9615187644958496,0.9718971848487854,0.9616186618804932
102,train,0,1.0,1.0,9,guijiao_20_180,7,0.22499999403953552,5625.0,81.0,0.6797599196434021,0.5537614822387695,0.5034343600273132,0.05032709240913391,0.14433646202087402,0.3590978980064392,0.14465202391147614,1.4343436305352952e-07,0.21444572508335114,0.11711513996124268,1.050909643209376e-21,0.11711513996124268,0.9916836619377136,1.4683455228805542,0.49634045362472534,0.5190048217773438,23.800962448120117,0.8915364146232605,-0.019587326794862747,0.8915364146232605,0.9615187644958496,0.9718971848487854,0.9616186618804932
103,val,0,1.0,1.0,9,guijiao_20_180,8,0.25,6250.0,100.0,0.6456429958343506,0.6609534025192261,0.6104771494865417,0.05047624185681343,0.17819316685199738,0.43228399753570557,0.1675359606742859,1.7707948529732676e-07,0.26474785804748535,0.1317870318889618,2.441323209599568e-21,0.1317870318889618,0.9916836619377136,1.4683455228805542,0.49634045362472534,0.507230281829834,21.44605827331543,0.877626359462738,0.004909127485007048,0.877626359462738,0.9615187644958496,0.9718971848487854,0.9616186618804932
104,val,0,1.0,1.0,9,guijiao_20_180,9,0.2750000059604645,6875.0,121.0,0.7804605960845947,0.6539798974990845,0.7264365553855896,-0.07245668023824692,0.2156137377023697,0.5108228325843811,0.19047769904136658,2.1426619412068248e-07,0.3203449249267578,0.14715644717216492,7.467274025110506e-22,0.14715644717216492,0.9916836619377136,1.4683455228805542,0.49634045362472534,0.49741220474243164,19.482440948486328,0.8648878931999207,0.013441120274364948,0.8648878931999207,0.9615187644958496,0.9718971848487854,0.9616186618804932
105,train,0,1.0,1.0,9,guijiao_20_180,10,0.30000001192092896,7500.0,144.0,0.7066598534584045,0.7661292552947998,0.8512485027313232,-0.08511923253536224,0.2565981447696686,0.594650387763977,0.21341323852539062,2.5499443268017785e-07,0.38123688101768494,0.16320447623729706,1.0497243475137566e-20,0.16320447623729706,0.9916836619377136,1.4683455228805542,0.49634045362472534,0.48909759521484375,17.819517135620117,0.8532832264900208,0.004631644580513239,0.8532832264900208,0.9615187644958496,0.9718971848487854,0.9616186618804932
106,val,0,1.0,1.0,9,guijiao_20_180,11,0.32499998807907104,8125.0,169.0,0.8475066423416138,0.88638836145401,0.9848737716674805,-0.09848539531230927,0.30114641785621643,0.6837273240089417,0.2363031804561615,2.992643146626506e-07,0.4474238455295563,0.17990387976169586,1.9914623663219895e-20,0.17990387976169586,0.9916836619377136,1.4683455228805542,0.49634045362472534,0.48196521401405334,16.393043518066406,0.8427321910858154,-0.001414199359714985,0.8427321910858154,0.9615187644958496,0.9718971848487854,0.9616186618804932
107,val,0,1.0,1.0,9,guijiao_20_180,12,0.3499999940395355,8750.0,196.0,0.8986618518829346,1.0145599842071533,1.1272873878479004,-0.11272735148668289,0.34925857186317444,0.7780288457870483,0.2591227889060974,3.4707574059211765e-07,0.5189056992530823,0.19722402095794678,3.602878215793624e-20,0.19722402095794678,0.9916836619377136,1.4683455228805542,0.49634045362472534,0.4757799208164215,15.155984878540039,0.833138644695282,-0.004160787910223007,0.833138644695282,0.9615187644958496,0.9718971848487854,0.9616186618804932
108,val,0,1.0,1.0,9,guijiao_20_180,13,0.375,9375.0,225.0,0.9627761244773865,1.1278934478759766,1.25321364402771,-0.1253201812505722,0.400934636592865,0.8522789478302002,0.2818564474582672,3.984288241554168e-07,0.5704221129417419,0.2151336669921875,6.256844559669679e-20,0.2151336669921875,0.9916836619377136,1.4683455228805542,0.49634045362472534,0.4703657627105713,14.073150634765625,0.8102695345878601,-0.00495321536436677,0.8102695345878601,0.9615187644958496,0.9718971848487854,0.9616186618804932
109,train,0,1.0,1.0,9,guijiao_20_180,14,0.4000000059604645,10000.0,256.0,1.150991439819336,1.2404453754425049,1.3782713413238525,-0.13782601058483124,0.4561745524406433,0.922096848487854,0.30449360609054565,4.5332350850912917e-07,0.6176027655601501,0.23360233008861542,1.048540348326812e-19,0.23360233008861542,0.9916836619377136,1.4683455228805542,0.49634045362472534,0.4655887186527252,13.117743492126465,0.7868544459342957,-0.0046931067481637,0.7868544459342957,0.9615187644958496,0.9718971848487854,0.9616186618804932
110,train,0,1.0,1.0,9,guijiao_20_180,15,0.42500001192092896,10625.0,289.0,1.2544622421264648,1.3559015989303589,1.5065560340881348,-0.15065447986125946,0.5149782299995422,0.9915777444839478,0.3270261287689209,5.117597652315453e-07,0.6645510792732239,0.2526010274887085,1.7030078461772696e-19,0.2526010274887085,0.9916836619377136,1.4683455228805542,0.49634045362472534,0.4613442122936249,12.268844604492188,0.7653393745422363,-0.0038961179088801146,0.7653393745422363,0.9615187644958496,0.9718971848487854,0.9616186618804932
111,val,0,1.0,1.0,9,guijiao_20_180,16,0.44999998807907104,11250.0,324.0,1.3411883115768433,1.4742701053619385,1.638076663017273,-0.16380652785301208,0.5773458480834961,1.0607308149337769,0.34944653511047363,5.737374522141181e-07,0.7112836837768555,0.2721027135848999,2.690328686616003e-19,0.2721027135848999,0.9916836619377136,1.4683455228805542,0.49634045362472534,0.4575488269329071,11.509765625,0.7455458641052246,-0.0028477737214416265,0.7455458641052246,0.9615187644958496,0.9718971848487854,0.9616186618804932
112,train,0,1.0,1.0,9,guijiao_20_180,17,0.4749999940395355,11875.0,361.0,1.5874711275100708,1.595407485961914,1.7726737260818481,-0.1772661805152893,0.6432772874832153,1.1293964385986328,0.3717469274997711,6.39256995782489e-07,0.7576489448547363,0.2920822501182556,2.5470766692546686e-18,0.2920822501182556,0.9916836619377136,1.4683455228805542,0.49634045362472534,0.45413661003112793,10.827320098876953,0.727246105670929,-0.0017014036420732737,0.727246105670929,0.9615187644958496,0.9718971848487854,0.9616186618804932
113,train,0,1.0,1.0,9,guijiao_20_180,18,0.5,12500.0,400.0,1.6530265808105469,1.7188174724578857,1.9097957611083984,-0.19097833335399628,0.7127726674079895,1.1970231533050537,0.393917977809906,7.08317941189307e-07,0.8031044006347656,0.31251654028892517,1.337401227409797e-18,0.31251654028892517,0.9916836619377136,1.4683455228805542,0.49634045362472534,0.45105257630348206,10.210517883300781,0.7101268768310547,-0.0005382206290960312,0.7101268768310547,0.9615187644958496,0.9718971848487854,0.9616186618804932
114,train,0,1.0,1.0,10,guijiao_10_0,0,0.05000000074505806,1250.0,4.0,0.061789702624082565,0.017894668504595757,0.01626807637512684,0.0016265925951302052,0.005986909847706556,0.010281166061758995,0.004252223763614893,0.0017563143046572804,0.004272628575563431,0.009522550739347935,0.004054622258991003,0.004054622258991003,0.8329613208770752,1.2081704139709473,0.40297651290893555,0.6207086443901062,44.14173126220703,0.9869649410247803,-0.008087524212896824,0.9869649410247803,0.9572641849517822,0.9619733691215515,0.9618598818778992
115,val,0,1.0,1.0,10,guijiao_10_0,1,0.07500000298023224,1875.0,9.0,0.07487817108631134,0.03806343674659729,0.03613738715648651,0.0019260497065261006,0.013470547273755074,0.02266683802008629,0.009335276670753956,0.003951707389205694,0.009379853494465351,0.018689146265387535,0.0064387195743620396,0.0064387195743620396,0.8329613208770752,1.2081704139709473,0.40297651290893555,0.5476172566413879,29.523452758789062,0.9710922837257385,-0.02648618072271347,0.9710922837257385,0.9572641849517822,0.9619733691215515,0.9618598818778992
116,val,0,1.0,1.0,10,guijiao_10_0,2,0.10000000149011612,2500.0,16.0,0.08106280863285065,0.05682508647441864,0.06313319504261017,-0.006308109033852816,0.023947639390826225,0.039185553789138794,0.016042692586779594,0.007025257218629122,0.016117606312036514,0.025918809697031975,0.00858659204095602,0.00858659204095602,0.8329613208770752,1.2081704139709473,0.40297651290893555,0.5097271203994751,21.9454288482666,0.9497954249382019,0.005101258400827646,0.9497954249382019,0.9572641849517822,0.9619733691215515,0.9618598818778992
117,train,0,1.0,1.0,10,guijiao_10_0,3,0.125,3125.0,25.0,0.11539952456951141,0.08690206706523895,0.09655730426311493,-0.009655237197875977,0.0374181866645813,0.05913911387324333,0.024028582498431206,0.010976964607834816,0.02413356676697731,0.03230711445212364,0.01071394607424736,0.01071394607424736,0.8329613208770752,1.2081704139709473,0.40297651290893555,0.48791635036468506,17.583267211914062,0.9241765141487122,0.006027843337506056,0.9241765141487122,0.9572641849517822,0.9619733691215515,0.9618598818778992
118,train,0,1.0,1.0,10,guijiao_10_0,4,0.15000000596046448,3750.0,36.0,0.22257539629936218,0.12212564051151276,0.13569486141204834,-0.013569219037890434,0.053882189095020294,0.08181266486644745,0.0329413041472435,0.015806829556822777,0.03306452929973602,0.038538794964551926,0.012932950630784035,0.012932950630784035,0.8329613208770752,1.2081704139709473,0.40297651290893555,0.47369226813316345,14.738452911376953,0.8956573009490967,0.003992158453911543,0.8956573009490967,0.9572641849517822,0.9619733691215515,0.9618598818778992
119,train,0,1.0,1.0,10,guijiao_10_0,5,0.17499999701976776,4375.0,49.0,0.19035470485687256,0.1619260460138321,0.179917573928833,-0.017991526052355766,0.07333964109420776,0.10657793283462524,0.042474232614040375,0.021514849737286568,0.04258885607123375,0.04491616040468216,0.015288958325982094,0.015288958325982094,0.8329613208770752,1.2081704139709473,0.40297651290893555,0.4635932743549347,12.71865463256836,0.8657508492469788,0.0030829007737338543,0.8657508492469788,0.9572641849517822,0.9619733691215515,0.9618598818778992
120,train,0,1.0,1.0,10,guijiao_10_0,6,0.20000000298023224,5000.0,64.0,0.2699236571788788,0.20587049424648285,0.2287447452545166,-0.022874245420098305,0.0957905575633049,0.1329541951417923,0.05239371955394745,0.028101028874516487,0.05245944485068321,0.05157095938920975,0.0177962277084589,0.0177962277084589,0.8329613208770752,1.2081704139709473,0.40297651290893555,0.45599478483200073,11.198957443237305,0.8358027338981628,0.002772303530946374,0.8358027338981628,0.9572641849517822,0.9619733691215515,0.9618598818778992
121,train,0,1.0,1.0,10,guijiao_10_0,7,0.22499999403953552,5625.0,81.0,0.29202887415885925,0.25366488099098206,0.28184959292411804,-0.028184713795781136,0.12123491615056992,0.16061466932296753,0.06254002451896667,0.03556536138057709,0.06250928342342377,0.05855756998062134,0.020455215126276016,0.020455215126276016,0.8329613208770752,1.2081704139709473,0.40297651290893555,0.45003658533096313,10.007320404052734,0.8068172335624695,0.0026458236388862133,0.8068172335624695,0.9572641849517822,0.9619733691215515,0.9618598818778992
122,train,0,1.0,1.0,10,guijiao_10_0,8,0.25,6250.0,100.0,0.29831641912460327,0.3051263093948364,0.339028924703598,-0.03390263020992279,0.1496727466583252,0.18935617804527283,0.07281164079904556,0.043907858431339264,0.0726366713643074,0.0658935159444809,0.023260442540049553,0.023260442540049553,0.8329613208770752,1.2081704139709473,0.40297651290893555,0.4452192783355713,9.043856620788574,0.7794193625450134,0.0025803185999393463,0.7794193625450134,0.9572641849517822,0.9619733691215515,0.9618598818778992
123,val,0,1.0,1.0,10,guijiao_10_0,9,0.2750000059604645,6875.0,121.0,0.4310641288757324,0.3601456880569458,0.4001615643501282,-0.04001586511731148,0.18110401928424835,0.21905755996704102,0.08314603567123413,0.053128503262996674,0.08278302103281021,0.07357822358608246,0.026204118505120277,0.026204118505120277,0.8329613208770752,1.2081704139709473,0.40297651290893555,0.4412316679954529,8.246335983276367,0.7539127469062805,0.0025755800306797028,0.7539127469062805,0.9572641849517822,0.9619733691215515,0.9618598818778992
124,train,0,1.0,1.0,10,guijiao_10_0,10,0.30000001192092896,7500.0,144.0,0.40116769075393677,0.41865649819374084,0.46517354249954224,-0.046517033129930496,0.21552875638008118,0.24964480102062225,0.09350458532571793,0.06322731822729111,0.09291289746761322,0.08160223811864853,0.02927783876657486,0.02927783876657486,0.8329613208770752,1.2081704139709473,0.40297651290893555,0.43786895275115967,7.573787689208984,0.7303750514984131,0.0026581019628793,0.7303750514984131,0.9572641849517822,0.9619733691215515,0.9618598818778992
125,train,0,1.0,1.0,10,guijiao_10_0,11,0.32499998807907104,8125.0,169.0,0.506271243095398,0.48061197996139526,0.5340129137039185,-0.05340093746781349,0.2529469430446625,0.281065970659256,0.10386286675930023,0.07420426607131958,0.10299883782863617,0.08995193988084793,0.032473374158144,0.032473374158144,0.8329613208770752,1.2081704139709473,0.40297651290893555,0.43499016761779785,6.998030662536621,0.7087438702583313,0.00285101099871099,0.7087438702583313,0.9572641849517822,0.9619733691215515,0.9618598818778992
126,val,0,1.0,1.0,10,guijiao_10_0,12,0.3499999940395355,8750.0,196.0,0.5606998205184937,0.5459692478179932,0.6066320538520813,-0.06066281720995903,0.29335856437683105,0.31327348947525024,0.11420515179634094,0.08605939894914627,0.11300895363092422,0.09861201047897339,0.03578303009271622,0.03578303009271622,0.8329613208770752,1.2081704139709473,0.40297651290893555,0.4324948787689209,6.498973846435547,0.6888773441314697,0.003164886264130473,0.6888773441314697,0.9572641849517822,0.9619733691215515,0.9618598818778992
127,train,0,1.0,1.0,10,guijiao_10_0,13,0.375,9375.0,225.0,0.5885866284370422,0.6146713495254517,0.6829677224159241,-0.06829635053873062,0.3367636799812317,0.3462040424346924,0.12452112883329391,0.0987926721572876,0.12289022654294968,0.10756683349609375,0.03919977322220802,0.03919977322220802,0.8329613208770752,1.2081704139709473,0.40297651290893555,0.43030932545661926,6.06186580657959,0.6705839037895203,0.0036010679323226213,0.6705839037895203,0.9572641849517822,0.9619733691215515,0.9618598818778992
128,train,0,1.0,1.0,10,guijiao_10_0,14,0.4000000059604645,10000.0,256.0,0.6958703994750977,0.6866137981414795,0.7629036903381348,-0.07628990709781647,0.3831622302532196,0.3797414302825928,0.13480405509471893,0.11240411549806595,0.1325332522392273,0.11680116504430771,0.04271727055311203,0.04271727055311203,0.8329613208770752,1.2081704139709473,0.40297651290893555,0.42837801575660706,5.675602912902832,0.6536186933517456,0.004152283538132906,0.6536186933517456,0.9572641849517822,0.9619733691215515,0.9618598818778992
129,val,0,1.0,1.0,10,guijiao_10_0,15,0.42500001192092896,10625.0,289.0,0.6730650663375854,0.7581867575645447,0.8424291610717773,-0.08424241095781326,0.4325542449951172,0.40987488627433777,0.1450493335723877,0.12315719574689865,0.14166834950447083,0.12630051374435425,0.046329837292432785,0.046329837292432785,0.8329613208770752,1.2081704139709473,0.40297651290893555,0.4266582429409027,5.331648349761963,0.6278008818626404,0.0048081898130476475,0.6278008818626404,0.9572641849517822,0.9619733691215515,0.9618598818778992
130,train,0,1.0,1.0,10,guijiao_10_0,16,0.44999998807907104,11250.0,324.0,0.6925672888755798,0.8298512101173401,0.9220563173294067,-0.09220509231090546,0.48493966460227966,0.4371166229248047,0.155253604054451,0.13241982460021973,0.14944319427013397,0.13605135679244995,0.05003241449594498,0.05003241449594498,0.8329613208770752,1.2081704139709473,0.40297651290893555,0.4251165986061096,5.02332067489624,0.5987107157707214,0.005556148011237383,0.5987107157707214,0.9572641849517822,0.9619733691215515,0.9618598818778992
131,val,0,1.0,1.0,10,guijiao_10_0,17,0.4749999940395355,11875.0,361.0,0.7913765907287598,0.8989209532737732,0.9988003969192505,-0.09987945854663849,0.5403186678886414,0.45848172903060913,0.1654140204191208,0.14164426922798157,0.15142345428466797,0.1460411250591278,0.05382047966122627,0.05382047966122627,0.8329613208770752,1.2081704139709473,0.40297651290893555,0.42372652888298035,4.74530553817749,0.5670765042304993,0.006384235806763172,0.5670765042304993,0.9572641849517822,0.9619733691215515,0.9618598818778992
132,val,0,1.0,1.0,10,guijiao_10_0,18,0.5,12500.0,400.0,0.9285801649093628,1.0781930685043335,1.1979914903640747,-0.1197984591126442,0.5986909866333008,0.5993005037307739,0.17552778124809265,0.1508411169052124,0.27293160557746887,0.15625827014446259,0.05769001320004463,0.05769001320004463,0.8329613208770752,1.2081704139709473,0.40297651290893555,0.42246657609939575,4.493317604064941,0.6299567818641663,0.007278770208358765,0.6299567818641663,0.9572641849517822,0.9619733691215515,0.9618598818778992
133,train,0,1.0,1.0,11,guijiao_10_180,0,0.05000000074505806,1250.0,4.0,0.06980589777231216,0.020191660150885582,0.018356092274188995,0.001835568225942552,0.007320933975279331,0.011035158298909664,0.005452477373182774,3.875839205136344e-09,0.005582677200436592,0.009522550739347935,1.557760600314056e-22,0.009522550739347935,1.0185645818710327,1.5451023578643799,0.5151798725128174,0.838975191116333,87.79503631591797,0.9916909337043762,-0.009874893352389336,0.9916909337043762,0.9650908708572388,0.9738221168518066,0.9635049104690552
134,train,0,1.0,1.0,11,guijiao_10_180,1,0.07500000298023224,1875.0,9.0,0.03306988999247551,0.04501514136791229,0.040922995656728745,0.00409214710816741,0.01647210121154785,0.024450894445180893,0.011889861896634102,8.72063843360138e-09,0.012561023235321045,0.018689146265387535,1.9663044687165624e-22,0.018689146265387535,1.0185645818710327,1.5451023578643799,0.5151798725128174,0.7209258079528809,64.1851577758789,0.9816708564758301,-0.002338649006560445,0.9816708564758301,0.9650908708572388,0.9738221168518066,0.9635049104690552
135,train,0,1.0,1.0,11,guijiao_10_180,2,0.10000000149011612,2500.0,16.0,0.15503378212451935,0.07905130833387375,0.07186535000801086,0.00718595739454031,0.029283735901117325,0.04258161038160324,0.02025088667869568,1.5503356820545378e-08,0.02233070880174637,0.025918809697031975,3.962648760703941e-22,0.025918809697031975,1.0185645818710327,1.5451023578643799,0.5151798725128174,0.6509374380111694,50.1874885559082,0.9684574604034424,0.00302490615285933,0.9684574604034424,0.9650908708572388,0.9738221168518066,0.9635049104690552
136,train,0,1.0,1.0,11,guijiao_10_180,3,0.125,3125.0,25.0,0.1742364466190338,0.12173116207122803,0.11066757142543793,0.011063586920499802,0.04575583338737488,0.06491173803806305,0.030019987374544144,2.4223997030503597e-08,0.034891728311777115,0.03230711445212364,3.1570147162628854e-23,0.03230711445212364,1.0185645818710327,1.5451023578643799,0.5151798725128174,0.6060657501220703,41.2131462097168,0.9529871940612793,0.0046356976963579655,0.9529871940612793,0.9650908708572388,0.9738221168518066,0.9635049104690552
137,train,0,1.0,1.0,11,guijiao_10_180,4,0.15000000596046448,3750.0,36.0,0.2257920205593109,0.172492116689682,0.1568503975868225,0.015641722828149796,0.0658884048461914,0.0909619927406311,0.04071786627173424,3.488255373440552e-08,0.05024409294128418,0.038538794964551926,5.617418552650028e-23,0.038538794964551926,1.0185645818710327,1.5451023578643799,0.5151798725128174,0.5746968984603882,34.93937683105469,0.9363564848899841,0.0030402839183807373,0.9363564848899841,0.9650908708572388,0.9738221168518066,0.9635049104690552
138,train,0,1.0,1.0,11,guijiao_10_180,5,0.17499999701976776,4375.0,49.0,0.24175983667373657,0.22818100452423096,0.21004197001457214,0.018139028921723366,0.08968143165111542,0.12036053836345673,0.05197270214557648,4.7479026932251145e-08,0.06838778406381607,0.04491616040468216,6.843195434481853e-23,0.04491616040468216,1.0185645818710327,1.5451023578643799,0.5151798725128174,0.551417887210846,30.2835750579834,0.919573962688446,-0.0009791754418984056,0.919573962688446,0.9650908708572388,0.9738221168518066,0.9635049104690552
139,train,0,1.0,1.0,11,guijiao_10_180,6,0.20000000298023224,5000.0,64.0,0.24040131270885468,0.24575218558311462,0.2699936628341675,-0.024241479113698006,0.1171349436044693,0.15285873413085938,0.06353584676980972,6.201342728218151e-08,0.08932283520698547,0.05157095938920975,5.755372023400182e-23,0.05157095938920975,1.0185645818710327,1.5451023578643799,0.5151798725128174,0.533397376537323,26.679471969604492,0.903378963470459,-0.00613913219422102,0.903378963470459,0.9650908708572388,0.9738221168518066,0.9635049104690552
140,train,0,1.0,1.0,11,guijiao_10_180,7,0.22499999403953552,5625.0,81.0,0.35061752796173096,0.30293065309524536,0.3365550935268402,-0.03362443298101425,0.14824888110160828,0.18830621242523193,0.07525692880153656,7.848574767876926e-08,0.1130492091178894,0.05855756998062134,5.25454821604688e-22,0.05855756998062134,1.0185645818710327,1.5451023578643799,0.5151798725128174,0.5190048217773438,23.800962448120117,0.8882021903991699,-0.006265638396143913,0.8882021903991699,0.9650908708572388,0.9738221168518066,0.9635049104690552
141,train,0,1.0,1.0,11,guijiao_10_180,8,0.25,6250.0,100.0,0.3476819396018982,0.3686782121658325,0.40963929891586304,-0.04096107557415962,0.1830233335494995,0.22661595046520233,0.08704894036054611,9.689598812201439e-08,0.13956691324710846,0.0658935159444809,1.220661604799784e-21,0.0658935159444809,1.0185645818710327,1.5451023578643799,0.5151798725128174,0.507230281829834,21.44605827331543,0.8742275238037109,-0.004411808215081692,0.8742275238037109,0.9650908708572388,0.9738221168518066,0.9635049104690552
142,train,0,1.0,1.0,11,guijiao_10_180,9,0.2750000059604645,6875.0,121.0,0.38224053382873535,0.44027695059776306,0.48919549584388733,-0.04891854152083397,0.22145822644233704,0.2677372694015503,0.0988611951470375,1.1724413440106218e-07,0.16887596249580383,0.07357822358608246,3.733637012555253e-22,0.07357822358608246,1.0185645818710327,1.5451023578643799,0.5151798725128174,0.49741220474243164,19.482440948486328,0.8614816665649414,-0.004174347966909409,0.8614816665649414,0.9650908708572388,0.9738221168518066,0.9635049104690552
143,train,0,1.0,1.0,11,guijiao_10_180,10,0.30000001192092896,7500.0,144.0,0.5158165097236633,0.5176746845245361,0.5751934051513672,-0.05751869082450867,0.2635536193847656,0.31163981556892395,0.11066330224275589,1.3953021493762208e-07,0.20097637176513672,0.08160223811864853,5.248621737568783e-21,0.08160223811864853,1.0185645818710327,1.5451023578643799,0.5151798725128174,0.48909759521484375,17.819517135620117,0.8499078750610352,-0.004074422176927328,0.8499078750610352,0.9650908708572388,0.9738221168518066,0.9635049104690552
144,val,0,1.0,1.0,11,guijiao_10_180,11,0.32499998807907104,8125.0,169.0,0.47507306933403015,0.6008533239364624,0.667614221572876,-0.06676087528467178,0.3093093931674957,0.35830485820770264,0.12243663519620895,1.63754208415412e-07,0.23586806654930115,0.08995193988084793,9.957311831609947e-21,0.08995193988084793,1.0185645818710327,1.5451023578643799,0.5151798725128174,0.48196521401405334,16.393043518066406,0.8394121527671814,-0.0034069789107888937,0.8394121527671814,0.9650908708572388,0.9738221168518066,0.9635049104690552
145,train,0,1.0,1.0,11,guijiao_10_180,12,0.3499999940395355,8750.0,196.0,0.5916249752044678,0.6871353387832642,0.7634831666946411,-0.07634779810905457,0.35872572660446167,0.40475746989250183,0.13416965305805206,1.8991610772900458e-07,0.27058762311935425,0.09861201047897339,1.801439107896812e-20,0.09861201047897339,1.0185645818710327,1.5451023578643799,0.5151798725128174,0.4757799208164215,15.155984878540039,0.826278030872345,-0.0023285611532628536,0.826278030872345,0.9650908708572388,0.9738221168518066,0.9635049104690552
146,train,0,1.0,1.0,11,guijiao_10_180,13,0.375,9375.0,225.0,0.7030403017997742,0.7673348188400269,0.8525936603546143,-0.085258848965168,0.4118025004863739,0.44079118967056274,0.14585505425930023,2.1801594130010926e-07,0.2949359118938446,0.10756683349609375,3.1284222798348394e-20,0.10756683349609375,1.0185645818710327,1.5451023578643799,0.5151798725128174,0.4703657627105713,14.073150634765625,0.8009718060493469,-0.0010918877087533474,0.8009718060493469,0.9650908708572388,0.9738221168518066,0.9635049104690552
147,train,0,1.0,1.0,11,guijiao_10_180,14,0.4000000059604645,10000.0,256.0,0.7948856353759766,0.8506426215171814,0.9451578855514526,-0.09451524913311005,0.4685397744178772,0.47661811113357544,0.15748775005340576,2.4805370912872604e-07,0.3191300928592682,0.11680116504430771,5.24270174163406e-20,0.11680116504430771,1.0185645818710327,1.5451023578643799,0.5151798725128174,0.4655887186527252,13.117743492126465,0.7777503132820129,0.00014562346041202545,0.7777503132820129,0.9650908708572388,0.9738221168518066,0.9635049104690552
148,train,0,1.0,1.0,11,guijiao_10_180,15,0.42500001192092896,10625.0,289.0,0.9257188439369202,0.9370932579040527,1.041214108467102,-0.10412083566188812,0.5289374589920044,0.5122766494750977,0.16906356811523438,2.800293827931455e-07,0.3432127833366394,0.12630051374435425,8.515039230886348e-20,0.12630051374435425,1.0185645818710327,1.5451023578643799,0.5151798725128174,0.4613442122936249,12.268844604492188,0.7564567923545837,0.0013108934508636594,0.7564567923545837,0.9650908708572388,0.9738221168518066,0.9635049104690552
149,train,0,1.0,1.0,11,guijiao_10_180,16,0.44999998807907104,11250.0,324.0,1.0905781984329224,1.0266622304916382,1.140735149383545,-0.11407291144132614,0.5929955244064331,0.547739565372467,0.18057839572429657,3.1394299071507703e-07,0.3671608567237854,0.13605135679244995,1.3451643433080014e-19,0.13605135679244995,1.0185645818710327,1.5451023578643799,0.5151798725128174,0.4575488269329071,11.509765625,0.7368762493133545,0.0023791540879756212,0.7368762493133545,0.9650908708572388,0.9738221168518066,0.9635049104690552
150,train,0,1.0,1.0,11,guijiao_10_180,17,0.4749999940395355,11875.0,361.0,1.0394068956375122,1.119207739830017,1.2435634136199951,-0.12435569614171982,0.6607142090797424,0.5828491449356079,0.19202759861946106,3.497944760511018e-07,0.3908211886882782,0.1460411250591278,1.2735383346273343e-18,0.1460411250591278,1.0185645818710327,1.5451023578643799,0.5151798725128174,0.45413661003112793,10.827320098876953,0.7187316417694092,0.003349002916365862,0.7187316417694092,0.9650908708572388,0.9738221168518066,0.9635049104690552
151,val,0,1.0,1.0,11,guijiao_10_180,18,0.5,12500.0,400.0,1.115393042564392,1.2142491340637207,1.3491649627685547,-0.1349157989025116,0.732093334197998,0.6170716285705566,0.20340591669082642,3.8758395248805755e-07,0.4136653542518616,0.15625827014446259,6.687006137048985e-19,0.15625827014446259,1.0185645818710327,1.5451023578643799,0.5151798725128174,0.45105257630348206,10.210517883300781,0.7015778422355652,0.004227115772664547,0.7015778422355652,0.9650908708572388,0.9738221168518066,0.9635049104690552
152,train,1,0.20000000298023224,0.30000001192092896,12,synthetic_0000,0,0.31939631700515747,7984.90771484375,4.827890396118164,1.9296501874923706,1.7235029935836792,1.5668222904205322,0.15668068826198578,0.3573760986328125,1.2094461917877197,0.5948889255523682,5.394222739596444e-07,0.6145566701889038,0.7764458656311035,3.489370537278666e-21,0.7764458656311035,1.2185064554214478,2.0628836154937744,0.6470355987548828,0.8110246062278748,82.20491790771484,0.9867337346076965,0.0027000633999705315,0.9867337346076965,0.9813362956047058,0.990389883518219,0.9734331965446472
153,train,1,0.20000000298023224,0.30000001192092896,13,synthetic_0001,1,0.43977925181388855,10994.4814453125,266.1661682128906,1.8583924770355225,1.3937045335769653,1.2670152187347412,0.12668932974338531,0.5391201376914978,0.7278951406478882,0.06517110019922256,0.3272394835948944,0.3354845345020294,0.7258675694465637,0.10194704681634903,0.10194704681634903,0.9695678949356079,1.3527874946594238,0.4490355849266052,0.5617115497589111,32.34230422973633,0.6528922915458679,-0.008295977488160133,0.6528922915458679,0.9581423997879028,0.9673100113868713,0.9643109440803528
154,train,1,0.20000000298023224,0.30000001192092896,14,synthetic_0002,2,0.4864594340324402,12161.4853515625,31.33639144897461,1.882183313369751,1.851151466369629,1.6828720569610596,0.16827940940856934,0.7722734808921814,0.9105985164642334,0.08147484809160233,0.3371812701225281,0.4919423758983612,0.5892670750617981,0.14530391991138458,0.14530391991138458,1.135115385055542,1.7553441524505615,0.552879810333252,0.5480977892875671,29.61956024169922,0.89103764295578,0.0014316225424408913,0.89103764295578,0.9705508947372437,0.9787818193435669,0.9755608439445496
155,train,1,0.20000000298023224,0.30000001192092896,15,synthetic_0003,3,0.1325320303440094,3313.30078125,19.03525733947754,0.2495458871126175,0.17034541070461273,0.15485988557338715,0.015485528856515884,0.04959186539053917,0.10526802390813828,0.010082872584462166,0.03210177272558212,0.06308338046073914,0.10876335948705673,0.02761797234416008,0.02761797234416008,0.9820439219474792,1.3788741827011108,0.4563869833946228,0.5917947292327881,38.358951568603516,0.9426102638244629,0.008852386847138405,0.9426102638244629,0.9586789608001709,0.968073308467865,0.9649414420127869
156,train,1,0.20000000298023224,0.30000001192092896,16,synthetic_0004,4,0.18105311691761017,4526.32763671875,9.444295883178711,0.3161894381046295,0.25027385354042053,0.2275223433971405,0.02275150828063488,0.10223492234945297,0.12528741359710693,0.01153730507940054,0.04064418375492096,0.07310593128204346,0.10354305058717728,0.036656640470027924,0.036656640470027924,1.0847992897033691,1.6281594038009644,0.520723283290863,0.7027266025543213,60.545318603515625,0.9651605486869812,0.002541583264246583,0.9651605486869812,0.9664039611816406,0.9749698638916016,0.9720984101295471
157,train,1,0.20000000298023224,0.30000001192092896,17,synthetic_0005,5,0.21486282348632812,5371.57080078125,68.13875579833984,0.3218056857585907,0.27907422184944153,0.25370585918426514,0.025368351489305496,0.13139578700065613,0.1223100870847702,0.011554533615708351,0.043658994138240814,0.06709656119346619,0.08663242310285568,0.02001045271754265,0.02001045271754265,0.9899677634239197,1.4078539609909058,0.46235817670822144,0.5230057835578918,24.601152420043945,0.8344833254814148,0.0005119610577821732,0.8344833254814148,0.9603347778320312,0.9685540199279785,0.9663397669792175
158,train,1,0.20000000298023224,0.30000001192092896,18,synthetic_0006,6,0.281405508518219,7035.13720703125,7.56178617477417,1.2167948484420776,1.005358338356018,0.9139645099639893,0.09139379858970642,0.2571698725223541,0.6567946672439575,0.059446513652801514,0.21945711970329285,0.37789106369018555,0.37497296929359436,0.19686828553676605,0.19686828553676605,1.129580020904541,1.7226266860961914,0.5480566620826721,0.7759909629821777,75.19819641113281,0.9702661633491516,0.003195105353370309,0.9702661633491516,0.9676495790481567,0.9784679412841797,0.9737141728401184
159,train,1,0.20000000298023224,0.30000001192092896,19,synthetic_0007,7,0.1267358511686325,3168.396484375,35.174095153808594,0.12597081065177917,0.12049487978219986,0.10955683141946793,0.010938046500086784,0.04621810466051102,0.06333872675895691,0.028492501005530357,2.3625002398830475e-08,0.03484620153903961,0.027840513736009598,3.740899266048718e-23,0.027840513736009598,1.0008645057678223,1.5022794008255005,0.5033798217773438,0.576564610004425,35.31292724609375,0.9389163851737976,0.006670087110251188,0.9389163851737976,0.9638310074806213,0.9725151062011719,0.9627520442008972
160,train,1,0.20000000298023224,0.30000001192092896,20,synthetic_0008,8,0.41377881169319153,10344.4697265625,8.165862083435059,3.0621743202209473,2.8605246543884277,2.6004798412323,0.26004481315612793,0.599520742893219,2.0009591579437256,0.9703593254089355,9.040910526891821e-07,1.0305989980697632,1.1756547689437866,1.5397923683770387e-22,1.1756547689437866,1.2179510593414307,2.0613040924072266,0.6466786861419678,0.7341731190681458,66.83463287353516,0.9779972434043884,0.0027835092041641474,0.9779972434043884,0.9812726974487305,0.9903417825698853,0.9733967185020447
161,train,1,0.20000000298023224,0.30000001192092896,21,synthetic_0009,9,0.24806861579418182,6201.71533203125,108.45155334472656,0.38449859619140625,0.35852959752082825,0.39836421608924866,-0.03983462601900101,0.17922894656658173,0.21913526952266693,0.08294727653265,9.385699684116844e-08,0.13618789613246918,0.06267372518777847,1.5330850564422917e-21,0.06267372518777847,1.0130401849746704,1.531641960144043,0.5114928483963013,0.5029579401016235,20.591585159301758,0.8693888783454895,-0.0034652419853955507,0.8693888783454895,0.9646888971328735,0.973410964012146,0.9632661938667297
162,train,1,0.20000000298023224,0.30000001192092896,22,synthetic_0010,10,0.4591941833496094,11479.8544921875,68.86920928955078,2.210259199142456,2.056502342224121,1.8695557117462158,0.18694666028022766,0.6368541121482849,1.2327016592025757,0.11288981884717941,0.46899446845054626,0.6508173942565918,0.7913719415664673,0.18198835849761963,0.18198835849761963,1.0505321025848389,1.5306607484817505,0.4980144500732422,0.5233942866325378,24.678852081298828,0.8235769271850586,-0.0019222678383812308,0.8235769271850586,0.9622089266777039,0.9725967645645142,0.9687150716781616
163,train,1,0.20000000298023224,0.30000001192092896,23,synthetic_0011,11,0.28403061628341675,7100.76513671875,12.959049224853516,0.759762167930603,0.6451592445373535,0.5865103602409363,0.05864885449409485,0.2603145241737366,0.3261958360671997,0.029560057446360588,0.11100775003433228,0.1856280267238617,0.27270570397377014,0.07708706706762314,0.07708706706762314,1.1223549842834473,1.7224723100662231,0.5446703433990479,0.640916109085083,48.183223724365234,0.950552761554718,0.0006312970072031021,0.950552761554718,0.9694369435310364,0.9777905344963074,0.974657416343689
164,train,1,0.20000000298023224,0.30000001192092896,24,synthetic_0012,12,0.3988097608089447,9970.244140625,193.67137145996094,0.9059556722640991,0.9088038206100464,1.0097812414169312,-0.10097742080688477,0.4730525314807892,0.5367287397384644,0.1779433637857437,2.5841404749371577e-07,0.35878512263298035,0.12860916554927826,2.2565403099915633e-20,0.12860916554927826,1.034522533416748,1.5844553709030151,0.525846004486084,0.47626402974128723,15.252806663513184,0.8238420486450195,-0.0009734832565300167,0.8238420486450195,0.9662972092628479,0.9750255942344666,0.9642135500907898
165,train,1,0.20000000298023224,0.30000001192092896,25,synthetic_0013,13,0.46484339237213135,11621.0849609375,12.9608793258667,2.1210227012634277,2.2609028816223145,2.055375099182129,0.20552772283554077,0.7687281966209412,1.2866469621658325,0.6113972067832947,6.036772219886188e-07,0.6752491593360901,0.6185199022293091,1.6847047282709454e-22,0.6185199022293091,1.2374327182769775,2.134929656982422,0.6597063541412354,0.674895703792572,54.9791374206543,0.9650323987007141,-0.007766215596348047,0.9650323987007141,0.9871086478233337,0.9918070435523987,0.9758338332176208
166,train,1,0.20000000298023224,0.30000001192092896,26,synthetic_0014,14,0.19639864563941956,4909.96630859375,44.803951263427734,0.4347597360610962,0.35161125659942627,0.31964778900146484,0.03196345642209053,0.10849825292825699,0.21114954352378845,0.02018911950290203,0.06975264847278595,0.12120776623487473,0.15982189774513245,0.040087632834911346,0.040087632834911346,0.9783808588981628,1.3711633682250977,0.4542202353477478,0.5246534943580627,24.93070411682129,0.8809776902198792,0.007414065767079592,0.8809776902198792,0.9585182070732117,0.9678472280502319,0.9647544622421265
167,train,1,0.20000000298023224,0.30000001192092896,27,synthetic_0015,15,0.21053899824619293,5263.47509765625,37.403072357177734,0.5328525304794312,0.5388516783714294,0.48986589908599854,0.04898577556014061,0.13096599280834198,0.35889992117881775,0.15982744097709656,1.39788440378652e-07,0.19907234609127045,0.1489114612340927,2.007589661963485e-22,0.1489114612340927,1.0276744365692139,1.5543824434280396,0.5204343199729919,0.5716564059257507,34.331275939941406,0.9340944886207581,-0.004110512789338827,0.9340944886207581,0.9637828469276428,0.974591076374054,0.9630895256996155
168,train,1,0.20000000298023224,0.30000001192092896,28,synthetic_0016,16,0.41098862886428833,10274.7158203125,45.10024642944336,1.2415413856506348,1.2105035781860352,1.1004631519317627,0.11004037410020828,0.5291300415992737,0.5713331699371338,0.05186973139643669,0.21226251125335693,0.30720093846321106,0.3487221896648407,0.08751271665096283,0.08751271665096283,1.0895947217941284,1.6399924755096436,0.5237604975700378,0.5242657661437988,24.853153228759766,0.8627147674560547,0.0005921889096498489,0.8627147674560547,0.9667708277702332,0.9753217101097107,0.9724166393280029
169,train,1,0.20000000298023224,0.30000001192092896,29,synthetic_0017,17,0.13942205905914307,3485.551513671875,0.7891212105751038,0.31864839792251587,0.3375699818134308,0.30688202381134033,0.03068796917796135,0.06871211528778076,0.23816990852355957,0.11919664591550827,1.0558792951087526e-07,0.11897315084934235,0.11316884309053421,9.080680116372384e-22,0.11316884309053421,1.229511022567749,2.094271183013916,0.6540852785110474,0.9726255536079407,114.52510833740234,0.9977561831474304,-0.008334880694746971,0.9977561831474304,0.9826077818870544,0.9913433790206909,0.9741634130477905
170,train,1,0.20000000298023224,0.30000001192092896,30,synthetic_0018,18,0.378053218126297,9451.3310546875,12.003012657165527,2.356846332550049,2.241426467895508,2.0376627445220947,0.20376363396644592,0.4839593470096588,1.5537033081054688,0.7426730990409851,6.821853730798466e-07,0.8110294938087463,0.8466885685920715,1.6823515751233328e-21,0.8466885685920715,1.1777825355529785,1.9482933282852173,0.6206089854240417,0.6841011643409729,56.820228576660156,0.9700350165367126,0.0039301407523453236,0.9700350165367126,0.9768428206443787,0.9868795871734619,0.9708567261695862
171,train,1,0.20000000298023224,0.30000001192092896,31,synthetic_0019,0,0.10214107483625412,2553.52685546875,20.32386016845703,0.14585594832897186,0.09615564346313477,0.0874144434928894,0.008741200901567936,0.028559010475873947,0.05885543301701546,0.005705645307898521,0.017484327778220177,0.03566545993089676,0.06306549906730652,0.015869762748479843,0.015869762748479843,0.9521480202674866,1.317198395729065,0.4389088749885559,0.5850543975830078,37.01087951660156,0.9415685534477234,0.006563258357346058,0.9415685534477234,0.9574435949325562,0.9662764072418213,0.9634601473808289
172,train,1,0.20000000298023224,0.30000001192092896,32,synthetic_0020,1,0.07860125601291656,1965.031494140625,1.1720293760299683,0.05651896446943283,0.05007712543010712,0.0455247163772583,0.004552408587187529,0.019742636010050774,0.025782082229852676,0.0023584316950291395,0.008250892162322998,0.015172758139669895,0.001134017831645906,0.013660281896591187,0.013660281896591187,1.1114970445632935,1.6948245763778687,0.5377113819122314,0.9257025718688965,105.14051055908203,0.9953126311302185,-0.0007515306351706386,0.9953126311302185,0.9685223698616028,0.9769598841667175,0.9739020466804504
173,train,1,0.20000000298023224,0.30000001192092896,33,synthetic_0021,2,0.33690086007118225,8422.521484375,76.22600555419922,0.7565515041351318,0.7272579073905945,0.8080495595932007,-0.0807916671037674,0.3494916260242462,0.4585579037666321,0.18277288973331451,2.0484084473082476e-07,0.27578482031822205,0.13494674861431122,9.818136068218808e-22,0.13494674861431122,1.0710127353668213,1.6769624948501587,0.5502780675888062,0.5225882530212402,24.51764678955078,0.8868119716644287,-0.013898511417210102,0.8868119716644287,0.9693089127540588,0.9778602123260498,0.9659429788589478
174,train,1,0.20000000298023224,0.30000001192092896,34,synthetic_0022,3,0.37096014618873596,9274.00390625,49.5421142578125,0.9914396405220032,0.954377293586731,0.8676202297210693,0.08675704151391983,0.4236956238746643,0.44392460584640503,0.04058483988046646,0.1641007959842682,0.23923896253108978,0.2703371047973633,0.06836585700511932,0.06836585700511932,1.070931315422058,1.5942962169647217,0.5119786262512207,0.518890380859375,23.778076171875,0.8558614253997803,7.721595466136932e-05,0.8558614253997803,0.9653763771057129,0.973966658115387,0.9711923599243164
175,train,1,0.20000000298023224,0.30000001192092896,35,synthetic_0023,4,0.27220800518989563,6805.20068359375,18.2852725982666,1.094096302986145,1.0373225212097168,0.9430215358734131,0.0943010002374649,0.2352367341518402,0.7077847719192505,0.331949919462204,2.907048042288807e-07,0.37583452463150024,0.3595525920391083,1.3291665066830285e-22,0.3595525920391083,1.1042450666427612,1.7489430904388428,0.5718525052070618,0.6367055773735046,47.34111404418945,0.9601672291755676,0.004841031040996313,0.9601672291755676,0.9697138071060181,0.98068767786026,0.9667137861251831
176,train,1,0.20000000298023224,0.30000001192092896,36,synthetic_0024,5,0.09855113923549652,2463.778564453125,4.2258734703063965,0.08139587938785553,0.07228187471628189,0.06571091711521149,0.006570958998054266,0.02958030439913273,0.03613061085343361,0.0033660689368844032,0.011208907701075077,0.02155563421547413,0.003133670426905155,0.015435488894581795,0.015435488894581795,1.0593549013137817,1.5664438009262085,0.5047264099121094,0.94815593957901,109.63118743896484,0.9845898747444153,-0.0015285357367247343,0.9845898747444153,0.9645563364028931,0.9731457233428955,0.9704524874687195
177,train,1,0.20000000298023224,0.30000001192092896,37,synthetic_0025,6,0.2788568139076233,6971.42041015625,13.95384693145752,1.1812527179718018,0.9059541821479797,0.8235971331596375,0.08235706388950348,0.2432498186826706,0.5803472995758057,0.05327728018164635,0.19220274686813354,0.3348672688007355,0.5218186378479004,0.1431504189968109,0.1431504189968109,1.0880582332611084,1.6196775436401367,0.5215643644332886,0.6298851370811462,45.977027893066406,0.9499805569648743,0.004596761893481016,0.9499805569648743,0.9645991325378418,0.9753025770187378,0.9710042476654053
178,train,1,0.20000000298023224,0.30000001192092896,38,synthetic_0026,7,0.38999801874160767,9749.9501953125,140.9248504638672,1.0197232961654663,0.8931757807731628,0.8119869232177734,0.0811888724565506,0.4439702332019806,0.36801671981811523,0.033113595098257065,0.15475931763648987,0.1801438182592392,0.28541886806488037,0.04986286163330078,0.04986286163330078,1.0152924060821533,1.4640284776687622,0.47758036851882935,0.546271800994873,29.25436019897461,0.7393979430198669,-0.0037769402842968702,0.7393979430198669,0.9617414474487305,0.9701631665229797,0.9677761197090149
179,train,1,0.20000000298023224,0.30000001192092896,39,synthetic_0027,8,0.12254957854747772,3063.739501953125,28.895038604736328,0.12157099694013596,0.09413464367389679,0.08557732403278351,0.008557319641113281,0.0421503484249115,0.04342697560787201,0.004164096899330616,0.013646680861711502,0.025616196915507317,0.03890944644808769,0.009590823203325272,0.009590823203325272,0.9762018918991089,1.378172516822815,0.4542158842086792,0.5541852712631226,30.837053298950195,0.9168602824211121,0.005172104109078646,0.9168602824211121,0.9596315026283264,0.9677122831344604,0.9655905365943909
180,train,1,0.20000000298023224,0.30000001192092896,40,synthetic_0028,9,0.4421572685241699,11053.931640625,16.93781852722168,1.8114657402038574,1.9645040035247803,1.7859251499176025,0.17857882380485535,0.6805763840675354,1.105348825454712,0.5173404216766357,5.118552053318126e-07,0.5880078077316284,0.4927573502063751,1.8818018147670324e-22,0.4927573502063751,1.210836410522461,2.0585684776306152,0.642656683921814,0.6447774767875671,48.95549392700195,0.9570000171661377,-0.008304932154715061,0.9570000171661377,0.9838934540748596,0.9895079135894775,0.974031388759613
181,train,1,0.20000000298023224,0.30000001192092896,41,synthetic_0029,10,0.2927040159702301,7317.60009765625,103.56944274902344,0.7837321162223816,0.7846686244010925,0.8513665199279785,-0.0666978731751442,0.248067244887352,0.6032992601394653,0.23114442825317383,2.542227832691424e-07,0.3721545934677124,0.17796087265014648,3.71789897243883e-21,0.17796087265014648,1.007103681564331,1.5047532320022583,0.5066440105438232,0.5053662061691284,21.0732364654541,0.873652458190918,0.02189871110022068,0.873652458190918,0.9624491930007935,0.9730361700057983,0.9622312784194946
182,train,1,0.20000000298023224,0.30000001192092896,42,synthetic_0030,11,0.09952336549758911,2488.084228515625,0.5909401178359985,0.1514594703912735,0.13553525507450104,0.12321404367685318,0.012321211397647858,0.03307925909757614,0.09013478457927704,0.008091180585324764,0.029925603419542313,0.052118003368377686,0.0033862008713185787,0.04735046997666359,0.04735046997666359,1.1616299152374268,1.8050600290298462,0.5687227249145508,0.9143104553222656,102.86209106445312,0.9974762797355652,-0.002356351586058736,0.9974762797355652,0.9703043103218079,0.9810233116149902,0.9759282469749451
183,train,1,0.20000000298023224,0.30000001192092896,43,synthetic_0031,12,0.4373287558555603,10933.21875,83.36947631835938,1.2532860040664673,1.2593228816986084,1.3992388248443604,-0.13991591334342957,0.6042320728302002,0.7950067520141602,0.30939221382141113,3.7321240142773604e-07,0.485614150762558,0.21838317811489105,2.164475188593768e-21,0.21838317811489105,1.0988788604736328,1.7498153448104858,0.5689183473587036,0.5173342823982239,23.466854095458984,0.8780602812767029,-0.009345607832074165,0.8780602812767029,0.9718446135520935,0.9800943732261658,0.9673682451248169
184,train,1,0.20000000298023224,0.30000001192092896,44,synthetic_0032,13,0.14994850754737854,3748.712890625,6.874508857727051,0.3294670581817627,0.2532992362976074,0.2302725613117218,0.023026680573821068,0.06817059963941574,0.16210195422172546,0.015113911591470242,0.050585389137268066,0.09640265256166458,0.07582564651966095,0.058391980826854706,0.058391980826854706,1.0545687675476074,1.5400446653366089,0.5005261898040771,0.8283227682113647,85.66455841064453,0.9756494164466858,0.006548033561557531,0.9756494164466858,0.962449848651886,0.9728803634643555,0.9689539074897766
185,train,1,0.20000000298023224,0.30000001192092896,45,synthetic_0033,14,0.1954413205385208,4886.033203125,24.335302352905273,0.5199732780456543,0.4865643084049225,0.4423317015171051,0.04423260688781738,0.11468831449747086,0.32764339447021484,0.1514279544353485,1.2647383584862837e-07,0.17621533572673798,0.1601741462945938,3.623069005902028e-23,0.1601741462945938,1.0443559885025024,1.5954874753952026,0.5316405892372131,0.6085634231567383,41.71268844604492,0.952778160572052,0.0025709308683872223,0.952778160572052,0.9649438261985779,0.9758800864219666,0.96382075548172
186,train,1,0.20000000298023224,0.30000001192092896,46,synthetic_0034,15,0.48730194568634033,12182.548828125,32.12616729736328,1.8785157203674316,1.851038932800293,1.682769775390625,0.16826912760734558,0.7739791870117188,0.9087905883789062,0.0813344195485115,0.33704105019569397,0.49041515588760376,0.5840396285057068,0.14407537877559662,0.14407537877559662,1.1336920261383057,1.7516573667526245,0.5519625544548035,0.5462936162948608,29.258718490600586,0.889013946056366,0.0014585786266252398,0.889013946056366,0.9704245328903198,0.9786704182624817,0.9754592180252075
187,train,1,0.20000000298023224,0.30000001192092896,47,synthetic_0035,16,0.1853952407836914,4634.880859375,31.511869430541992,0.27304786443710327,0.22710835933685303,0.20646309852600098,0.020645255222916603,0.1003873199224472,0.10607578605413437,0.00999774131923914,0.03503226861357689,0.061045777052640915,0.08535207808017731,0.021048203110694885,0.021048203110694885,1.0158833265304565,1.4653631448745728,0.4779391288757324,0.5476905107498169,29.538101196289062,0.9056880474090576,0.003769337199628353,0.9056880474090576,0.961776077747345,0.9702016711235046,0.9678105711936951
188,train,1,0.20000000298023224,0.30000001192092896,48,synthetic_0036,17,0.27620556950569153,6905.13916015625,173.98074340820312,0.44149747490882874,0.4226132333278656,0.4695698022842407,-0.046956561505794525,0.21903157234191895,0.2505382299423218,0.08563411980867386,1.1146311607035386e-07,0.16490401327610016,0.0642484575510025,7.846638521852288e-21,0.0642484575510025,0.9986284971237183,1.496933102607727,0.50189208984375,0.480722039937973,16.144407272338867,0.8395826816558838,-0.004215713124722242,0.8395826816558838,0.9636776447296143,0.972352147102356,0.9626594185829163
189,train,1,0.20000000298023224,0.30000001192092896,49,synthetic_0037,18,0.15780285000801086,3945.0712890625,20.371952056884766,0.3566870093345642,0.3132619261741638,0.28478386998176575,0.028478050604462624,0.07370349019765854,0.2110803723335266,0.09891827404499054,7.894901443705749e-08,0.1121620237827301,0.11440745741128922,9.545683958830134e-23,0.11440745741128922,1.029486060142517,1.5588096380233765,0.5216505527496338,0.625702977180481,45.14059829711914,0.9604158997535706,0.0028511749114841223,0.9604158997535706,0.9639054536819458,0.9747298955917358,0.9631674289703369
190,train,1,0.20000000298023224,0.30000001192092896,50,synthetic_0038,0,0.1589248776435852,3973.121826171875,8.451969146728516,0.4489608705043793,0.35241520404815674,0.32037773728370667,0.03203747048974037,0.07874632626771927,0.241631418466568,0.1174384206533432,9.377546916766732e-08,0.12419290840625763,0.17149753868579865,3.295786645979424e-22,0.17149753868579865,1.0844478607177734,1.6972463130950928,0.5585819482803345,0.7294378280639648,65.88756561279297,0.9811150431632996,0.005274107214063406,0.9811150431632996,0.9680320620536804,0.9790701270103455,0.9657104015350342
191,train,1,0.20000000298023224,0.30000001192092896,51,synthetic_0039,1,0.3776973485946655,9442.43359375,15.053218841552734,2.1356945037841797,1.750921368598938,1.5917515754699707,0.15916982293128967,0.46053311228752136,1.131218433380127,0.10234981775283813,0.3881862163543701,0.6406824588775635,0.9447265267372131,0.2526983618736267,0.2526983618736267,1.1228846311569214,1.7057242393493652,0.5437600612640381,0.619475245475769,43.89504623413086,0.9437506794929504,0.0020601588767021894,0.9437506794929504,0.9671282172203064,0.9779460430145264,0.9732649326324463
192,train,1,0.20000000298023224,0.30000001192092896,52,synthetic_0040,2,0.29109859466552734,7277.46533203125,15.472868919372559,1.3096569776535034,1.2268983125686646,1.115363359451294,0.11153500527143478,0.27390313148498535,0.8414602279663086,0.3980771601200104,3.5119157359986275e-07,0.4433826804161072,0.44645801186561584,1.8542678870477413e-23,0.44645801186561584,1.1242915391921997,1.8021939992904663,0.5852429866790771,0.6546227931976318,50.924556732177734,0.9647862911224365,0.005439773667603731,0.9647862911224365,0.9715216159820557,0.9823498129844666,0.9677780270576477
193,train,1,0.20000000298023224,0.30000001192092896,53,synthetic_0041,3,0.13393333554267883,3348.333251953125,1.3849103450775146,0.26360249519348145,0.23787716031074524,0.21625234186649323,0.021624818444252014,0.05899660661816597,0.15725573897361755,0.014201422221958637,0.051688093692064285,0.09136621654033661,0.006771755870431662,0.07718519121408463,0.07718519121408463,1.1439625024795532,1.759312391281128,0.5573123693466187,0.9292618632316589,105.85237121582031,0.994257926940918,-0.00014306418597698212,0.994257926940918,0.9688083529472351,0.9796032905578613,0.9746949076652527
194,train,1,0.20000000298023224,0.30000001192092896,54,synthetic_0042,4,0.05746452137827873,1436.613037109375,0.7187166810035706,0.053847186267375946,0.04891258850693703,0.04446602240204811,0.004446567036211491,0.010562258772552013,0.03390376269817352,0.016936669126152992,1.3254659592121243e-08,0.016967082396149635,0.019032662734389305,6.146999810986619e-23,0.019032662734389305,1.1125495433807373,1.7708959579467773,0.5774065256118774,0.9752650260925293,115.0530014038086,0.998270571231842,-0.0006373133510351181,0.998270571231842,0.9704499840736389,0.9813734292984009,0.9671487808227539
195,train,1,0.20000000298023224,0.30000001192092896,55,synthetic_0043,5,0.12846489250659943,3211.622314453125,16.842809677124023,0.15310516953468323,0.1349160075187683,0.12265191227197647,0.012264090590178967,0.04958716034889221,0.07306475192308426,0.034593768417835236,2.765215434408219e-08,0.038470957428216934,0.04171134531497955,6.469579297736657e-22,0.04171134531497955,1.0451111793518066,1.6109451055526733,0.5329325199127197,0.6453798413276672,49.075965881347656,0.9656512141227722,0.008007721975445747,0.9656512141227722,0.9671347737312317,0.9758366942405701,0.9646996259689331
196,train,1,0.20000000298023224,0.30000001192092896,56,synthetic_0044,6,0.11188442260026932,2797.110595703125,6.475625038146973,0.23165810108184814,0.16887371242046356,0.15352168679237366,0.015352025628089905,0.03804279863834381,0.11547889560461044,0.05654365196824074,4.2996173732490206e-08,0.058935198932886124,0.09149529039859772,1.6890256665476391e-22,0.09149529039859772,1.0570495128631592,1.6272624731063843,0.5401734113693237,0.7672281265258789,73.44562530517578,0.9859845042228699,0.002334719058126211,0.9859845042228699,0.9658757448196411,0.9768766164779663,0.9643986225128174
197,train,1,0.20000000298023224,0.30000001192092896,57,synthetic_0045,7,0.4448027014732361,11120.0673828125,326.0817565917969,1.4193170070648193,1.435664415359497,1.5951814651489258,-0.1595170497894287,0.563177764415741,1.03200364112854,0.33996331691741943,5.578688160312595e-07,0.6920397877693176,0.2652638554573059,2.6795357890797757e-19,0.2652638554573059,0.9900857210159302,1.4646127223968506,0.4952749013900757,0.4573419690132141,11.468393325805664,0.7448861002922058,-0.0026099232491105795,0.7448861002922058,0.9614256620407104,0.97178053855896,0.9615566730499268
198,train,1,0.20000000298023224,0.30000001192092896,58,synthetic_0046,8,0.29984036087989807,7496.00927734375,14.598140716552734,0.860627293586731,0.8606025576591492,0.7823700904846191,0.07823248952627182,0.3014150857925415,0.48095500469207764,0.22784706950187683,2.1014174933497998e-07,0.2531077265739441,0.24352537095546722,3.771556609636141e-23,0.24352537095546722,1.1661299467086792,1.9325456619262695,0.6135289072990417,0.6611355543136597,52.227108001708984,0.96441251039505,0.007526056375354528,0.96441251039505,0.9787577986717224,0.9856833219528198,0.9711900949478149
199,train,1,0.20000000298023224,0.30000001192092896,59,synthetic_0047,9,0.45374709367752075,11343.677734375,196.875732421875,1.3602522611618042,1.1689060926437378,1.062657117843628,0.10624900460243225,0.5999329090118408,0.46272414922714233,0.04046974331140518,0.20842809975147247,0.21382631361484528,0.3863541781902313,0.06004916876554489,0.06004916876554489,1.01353120803833,1.460057020187378,0.4765121042728424,0.5549184083938599,30.983686447143555,0.6961491703987122,-0.0017858631908893585,0.6961491703987122,0.9616388082504272,0.970048725605011,0.9676738381385803
200,train,1,0.20000000298023224,0.30000001192092896,60,synthetic_0048,10,0.20714430510997772,5178.60791015625,7.808567047119141,0.4068351686000824,0.3433830440044403,0.31216728687286377,0.03121574968099594,0.13745060563087463,0.17471668124198914,0.015915952622890472,0.05773324891924858,0.10106748342514038,0.10894143581390381,0.052544791251420975,0.052544791251420975,1.114199161529541,1.701676607131958,0.5394406914710999,0.7623324990272522,72.46649932861328,0.9696941375732422,0.0013832608237862587,0.9696941375732422,0.968747079372406,0.9771654605865479,0.9740888476371765
201,train,1,0.20000000298023224,0.30000001192092896,61,synthetic_0049,11,0.4009439945220947,10023.599609375,9.549579620361328,2.790534019470215,2.621066093444824,2.3827900886535645,0.23827603459358215,0.555659830570221,1.8271301984786987,0.881304919719696,8.164776659214112e-07,0.9458244442939758,1.0453695058822632,1.066635743127138e-22,1.0453695058822632,1.2022747993469238,2.016901731491089,0.6365635395050049,0.7130492329597473,62.60984420776367,0.9750035405158997,0.0033670333214104176,0.9750035405158997,0.9795035123825073,0.9889865517616272,0.9723823666572571
202,train,1,0.20000000298023224,0.30000001192092896,62,synthetic_0050,12,0.4543493986129761,11358.734375,385.2949523925781,1.330622673034668,1.2895110845565796,1.1723593473434448,0.11715171486139297,0.5802930593490601,0.5920662879943848,0.030916353687644005,0.15577612817287445,0.40537381172180176,0.3873805105686188,0.048215821385383606,0.048215821385383606,0.9777540564537048,1.3814889192581177,0.45512914657592773,0.5688545107841492,33.77090072631836,0.7636186480522156,0.00821470096707344,0.7636186480522156,0.9597086906433105,0.9678060412406921,0.9656739234924316
203,train,1,0.20000000298023224,0.30000001192092896,63,synthetic_0051,13,0.34857580065727234,8714.39453125,311.62017822265625,0.7888527512550354,0.6011889576911926,0.5465784072875977,0.05461053550243378,0.3359909653663635,0.21058742702007294,0.01934759132564068,0.09598925709724426,0.09525057673454285,0.2280091941356659,0.030405091121792793,0.030405091121792793,0.9618232250213623,1.347825288772583,0.4458182454109192,0.5649094581604004,32.98188781738281,0.6116674542427063,-0.0009728574077598751,0.6116674542427063,0.9589412808418274,0.9668581485748291,0.9648317694664001
204,train,1,0.20000000298023224,0.30000001192092896,64,synthetic_0052,14,0.3613528311252594,9033.8212890625,176.06845092773438,1.0581281185150146,1.1051506996154785,1.227942705154419,-0.12279199808835983,0.3757919371128082,0.8521507978439331,0.2905399799346924,3.8048534634071984e-07,0.5616104006767273,0.21893168985843658,2.783894769240541e-20,0.21893168985843658,1.0010290145874023,1.4903278350830078,0.5025807619094849,0.48021572828292847,16.043148040771484,0.8390952944755554,-0.006455948110669851,0.8390952944755554,0.9620756506919861,0.9725846648216248,0.9619868397712708
205,train,1,0.20000000298023224,0.30000001192092896,65,synthetic_0053,15,0.15676209330558777,3919.05224609375,25.317920684814453,0.20775215327739716,0.19792203605175018,0.17993482947349548,0.01798720471560955,0.0737980529665947,0.10613678395748138,0.048903726041316986,4.110769680210069e-08,0.057233020663261414,0.050480153411626816,6.209985621103085e-23,0.050480153411626816,1.0445396900177002,1.6095080375671387,0.5325499773025513,0.6049033403396606,40.98067092895508,0.950777530670166,0.004722509533166885,0.950777530670166,0.9670888185501099,0.9757927060127258,0.9646730422973633
206,train,1,0.20000000298023224,0.30000001192092896,66,synthetic_0054,16,0.43215054273605347,10803.763671875,21.012235641479492,1.6479536294937134,1.819648027420044,1.6542470455169678,0.16540096700191498,0.6400608420372009,1.014186143875122,0.46769189834594727,4.6655503638248774e-07,0.5464937090873718,0.42228370904922485,2.0654568376558983e-22,0.42228370904922485,1.1921015977859497,2.0053722858428955,0.6305156350135803,0.6226348876953125,44.5269775390625,0.9493532180786133,-0.011575023643672466,0.9493532180786133,0.9816958904266357,0.9878975749015808,0.9728116393089294
207,train,1,0.20000000298023224,0.30000001192092896,67,synthetic_0055,17,0.21547211706638336,5386.802734375,11.120707511901855,0.4446007013320923,0.3591849207878113,0.326532781124115,0.032652147114276886,0.1463610678911209,0.18017172813415527,0.016506018117070198,0.059477485716342926,0.1041882261633873,0.15580061078071594,0.047903675585985184,0.047903675585985184,1.0964922904968262,1.6571226119995117,0.5281404852867126,0.6672080755233765,53.44161605834961,0.9586541056632996,0.002029149793088436,0.9586541056632996,0.9673089981079102,0.9758321046829224,0.9728788137435913
208,train,1,0.20000000298023224,0.30000001192092896,68,synthetic_0056,18,0.22689397633075714,5672.349609375,48.78363800048828,0.37575605511665344,0.38393235206604004,0.36725151538848877,0.01668083295226097,0.15535180270671844,0.21189971268177032,0.09101813286542892,8.739158374737599e-08,0.12088149040937424,0.07566949725151062,1.4373112588531598e-22,0.07566949725151062,1.0496208667755127,1.6223164796829224,0.535952091217041,0.5517326593399048,30.346529006958008,0.9169792532920837,-0.03221242502331734,0.9169792532920837,0.9675005674362183,0.9761850833892822,0.9649105072021484
209,train,1,0.20000000298023224,0.30000001192092896,69,synthetic_0057,0,0.2761867046356201,6904.66748046875,13.997344970703125,0.7367858290672302,0.723482072353363,0.6577142477035522,0.06576784700155258,0.25385814905166626,0.4038561284542084,0.19185860455036163,1.7435867505355418e-07,0.21199734508991241,0.21074740588665009,2.9414360702615356e-23,0.21074740588665009,1.1575711965560913,1.9088001251220703,0.6078960299491882,0.6659277081489563,53.185543060302734,0.9661301970481873,0.010094905272126198,0.9661301970481873,0.9778199195861816,0.9849593043327332,0.9706735014915466
210,train,1,0.20000000298023224,0.30000001192092896,70,synthetic_0058,1,0.3751034438610077,9377.5859375,46.47632598876953,1.0275728702545166,0.9876941442489624,0.8979083299636841,0.08978582918643951,0.43536800146102905,0.46254032850265503,0.04223356768488884,0.17032361030578613,0.24998316168785095,0.28591156005859375,0.07191911339759827,0.07191911339759827,1.0762584209442139,1.6072404384613037,0.5153306126594543,0.522515594959259,24.503116607666016,0.861696183681488,0.0002560894936323166,0.861696183681488,0.9657652378082275,0.9743494987487793,0.9715378880500793
211,train,1,0.20000000298023224,0.30000001192092896,71,synthetic_0059,2,0.12969981133937836,3242.4951171875,40.4637565612793,0.12787452340126038,0.1244664192199707,0.11319929361343384,0.011267122812569141,0.048155758529901505,0.06504353880882263,0.028855403885245323,2.4363584927300508e-08,0.03618811070919037,0.027149349451065063,3.433766685564866e-23,0.027149349451065063,0.9957072138786316,1.4899699687957764,0.49994951486587524,0.5655414462089539,33.1082878112793,0.9321982264518738,0.010460838675498962,0.9321982264518738,0.9634791612625122,0.9721400141716003,0.9625391364097595
212,train,1,0.20000000298023224,0.30000001192092896,72,synthetic_0060,3,0.21657142043113708,5414.28515625,2.189678430557251,0.5026059150695801,0.5159587264060974,0.4690540134906769,0.04690471664071083,0.1693224012851715,0.29973161220550537,0.14933262765407562,1.3684976352124067e-07,0.150398850440979,0.16260603070259094,3.0643630786753245e-21,0.16260603070259094,1.2556663751602173,2.187784194946289,0.671255886554718,0.9139779210090637,102.79558563232422,0.9935390949249268,0.0012253312161192298,0.9935390949249268,0.9893662929534912,0.9933885931968689,0.9771166443824768
213,train,1,0.20000000298023224,0.30000001192092896,73,synthetic_0061,4,0.48499467968940735,12124.8671875,12.240984916687012,3.650383234024048,3.1415975093841553,2.856006145477295,0.2855913043022156,0.7919555306434631,2.0640506744384766,0.18340496718883514,0.7287537455558777,1.1518919467926025,1.592376470565796,0.46262457966804504,0.46262457966804504,1.1710865497589111,1.8298460245132446,0.5748447775840759,0.6501062512397766,50.02125549316406,0.9503937363624573,0.00030859000980854034,0.9503937363624573,0.9711378216743469,0.9817942976951599,0.9766011238098145
214,train,1,0.20000000298023224,0.30000001192092896,74,synthetic_0062,5,0.2232939749956131,5582.349609375,3.5709893703460693,0.423092782497406,0.44189929962158203,0.4017276167869568,0.04017168655991554,0.16867271065711975,0.23305489122867584,0.02078367955982685,0.07942819595336914,0.132843017578125,0.013671224005520344,0.08417809754610062,0.08417809754610062,1.1766653060913086,1.865073323249817,0.5797900557518005,0.9487646222114563,109.75292205810547,0.9844973683357239,-0.00112479692324996,0.9844973683357239,0.9744666218757629,0.9821159839630127,0.9786157608032227
215,train,1,0.20000000298023224,0.30000001192092896,75,synthetic_0063,6,0.3005605638027191,7514.01416015625,62.831478118896484,0.632882297039032,0.5824262499809265,0.5294817686080933,0.052944473922252655,0.2679235637187958,0.2615581750869751,0.0242462120950222,0.0963243767619133,0.1409875750541687,0.16952036321163177,0.040503621101379395,0.040503621101379395,1.0315946340560913,1.5012415647506714,0.4875328540802002,0.5200037956237793,24.000761032104492,0.8363990187644958,-0.0010665558511391282,0.8363990187644958,0.9627273082733154,0.9712399840354919,0.9687402844429016
216,train,1,0.20000000298023224,0.30000001192092896,76,synthetic_0064,7,0.0937294214963913,2343.235595703125,1.224294900894165,0.0894884467124939,0.08795294910669327,0.07995732128620148,0.007995625026524067,0.02972549945116043,0.050231821835041046,0.02509690448641777,2.1113626402780028e-08,0.025134896859526634,0.027168547734618187,7.603260392307401e-23,0.027168547734618187,1.1768996715545654,1.962607979774475,0.6205931901931763,0.9555113911628723,111.1022720336914,0.9967426657676697,-0.0015854878583922982,0.9967426657676697,0.9799598455429077,0.986598551273346,0.971852719783783
217,train,1,0.20000000298023224,0.30000001192092896,77,synthetic_0065,8,0.28324833512306213,7081.20849609375,3.213536024093628,0.6865761280059814,0.7542381882667542,0.6856727600097656,0.06856540590524673,0.2807126045227051,0.40496015548706055,0.03560260683298111,0.1419704109430313,0.22738711535930634,0.020396659150719643,0.1402955949306488,0.1402955949306488,1.2169965505599976,1.9751776456832886,0.6060563325881958,0.9476897120475769,109.5379409790039,0.9852117896080017,-0.002608015900477767,0.9852117896080017,0.9786704778671265,0.9854912161827087,0.981735110282898
218,train,1,0.20000000298023224,0.30000001192092896,78,synthetic_0066,9,0.36611783504486084,9152.9462890625,15.451948165893555,1.2674291133880615,1.3188875913619995,1.198995590209961,0.11989204585552216,0.45873504877090454,0.7402604818344116,0.3490161597728729,3.3340558047711966e-07,0.39124399423599243,0.35334235429763794,1.4643908973543522e-23,0.35334235429763794,1.1903709173202515,2.0004849433898926,0.6293890476226807,0.6547725796699524,50.95452117919922,0.9613580703735352,8.42604786157608e-05,0.9613580703735352,0.9814959764480591,0.9877492785453796,0.9727010726928711
219,train,1,0.20000000298023224,0.30000001192092896,79,synthetic_0067,10,0.4145510196685791,10363.775390625,131.957763671875,1.4845365285873413,1.5560721158981323,1.7289302349090576,-0.17285816371440887,0.5104872584342957,1.2184430360794067,0.43971607089042664,5.508343861038156e-07,0.7787264585494995,0.322755366563797,3.2655494383505247e-20,0.322755366563797,1.033215880393982,1.5679532289505005,0.5241553783416748,0.4931953251361847,18.639062881469727,0.8547244668006897,0.0009094864944927394,0.8547244668006897,0.9641605615615845,0.9750165939331055,0.9633288979530334
220,train,1,0.20000000298023224,0.30000001192092896,80,synthetic_0068,11,0.27568233013153076,6892.05810546875,4.21627140045166,0.850829005241394,0.8189592957496643,0.7445096969604492,0.07444959133863449,0.2716214656829834,0.47288820147514343,0.23346319794654846,2.1523715076909866e-07,0.23942479491233826,0.2899787127971649,1.3258821695011186e-21,0.2899787127971649,1.2431066036224365,2.151336193084717,0.663313090801239,0.8312411904335022,86.24823760986328,0.9878904223442078,0.0049224188551306725,0.9878904223442078,0.9878070950508118,0.9922989010810852,0.9762289524078369
221,train,1,0.20000000298023224,0.30000001192092896,81,synthetic_0069,12,0.4081067144870758,10202.66796875,28.217479705810547,2.172137975692749,2.3575692176818848,2.143249273300171,0.2143198847770691,0.5407678484916687,1.602481484413147,0.7242199778556824,6.997466925895424e-07,0.8782607913017273,0.6468876600265503,9.711635680828392e-23,0.6468876600265503,1.1293420791625977,1.8157466650009155,0.5886069536209106,0.5951583981513977,39.03168487548828,0.9404215812683105,-0.0028551346622407436,0.9404215812683105,0.9719935059547424,0.9827720522880554,0.9680538177490234
222,train,1,0.20000000298023224,0.30000001192092896,82,synthetic_0070,13,0.09229186922311783,2307.296875,5.417901515960693,0.07088303565979004,0.06111699342727661,0.05556100606918335,0.0055559854954481125,0.02538933977484703,0.03017166443169117,0.0028342665173113346,0.009218202903866768,0.018119195476174355,0.004280332010239363,0.012267816811800003,0.012267816811800003,1.0367802381515503,1.5132477283477783,0.4907219409942627,0.9331978559494019,106.63957214355469,0.981004536151886,-0.0025652721524238586,0.981004536151886,0.9630544185638428,0.9715891480445862,0.9690534472465515
223,train,1,0.20000000298023224,0.30000001192092896,83,synthetic_0071,14,0.29419007897377014,7354.751953125,198.16737365722656,0.5716509222984314,0.4611227810382843,0.41921570897102356,0.04190707206726074,0.2407202422618866,0.17849546670913696,0.01612621359527111,0.07666255533695221,0.08570670336484909,0.1624104380607605,0.025186359882354736,0.025186359882354736,0.9674281477928162,1.359574556350708,0.4490783214569092,0.5550755858421326,31.015113830566406,0.7046106457710266,-0.006114307790994644,0.7046106457710266,0.9592050313949585,0.9671880602836609,0.9651246666908264
224,train,1,0.20000000298023224,0.30000001192092896,84,synthetic_0072,15,0.06680668145418167,1670.1671142578125,0.9716455936431885,0.041160471737384796,0.035717643797397614,0.032470621168613434,0.0032470221631228924,0.0141481077298522,0.01832251437008381,0.0016817807918414474,0.005815573967993259,0.010825159028172493,0.0007987113785929978,0.010131679475307465,0.010131679475307465,1.1026068925857544,1.6724146604537964,0.5320339202880859,0.9220579862594604,104.4115982055664,0.9961614608764648,-0.001187404035590589,0.9961614608764648,0.9677963852882385,0.9762887954711914,0.973292887210846
225,train,1,0.20000000298023224,0.30000001192092896,85,synthetic_0073,16,0.2850094735622406,7125.23681640625,47.026939392089844,0.9032544493675232,0.7821279168128967,0.7110281586647034,0.07109976559877396,0.2374291718006134,0.47359898686408997,0.04446972534060478,0.16403447091579437,0.2650947868824005,0.3280763328075409,0.08260387182235718,0.08260387182235718,1.0166643857955933,1.453819990158081,0.4771806001663208,0.5218376517295837,24.367528915405273,0.8706583976745605,0.00334145943634212,0.8706583976745605,0.9603351354598999,0.9702906608581543,0.9667830467224121
226,train,1,0.20000000298023224,0.30000001192092896,86,synthetic_0074,17,0.08840636163949966,2210.158935546875,8.345870971679688,0.13924625515937805,0.0987192839384079,0.08974488824605942,0.008974396623671055,0.022786954417824745,0.06695793569087982,0.03262033313512802,2.367903739752819e-08,0.03433757647871971,0.053290560841560364,6.941702325874101e-22,0.053290560841560364,1.0141013860702515,1.521501898765564,0.5113303661346436,0.7311691641807556,66.23383331298828,0.9832070469856262,-0.0006983485072851181,0.9832070469856262,0.9628909230232239,0.973560631275177,0.9625179171562195
227,train,1,0.20000000298023224,0.30000001192092896,87,synthetic_0075,18,0.33684346079826355,8421.0859375,31.78793716430664,1.4295263290405273,1.5263727903366089,1.3876142501831055,0.13875854015350342,0.3575029671192169,1.030111312866211,0.4620298445224762,4.3501961499714525e-07,0.5680810809135437,0.41436153650283813,1.207891070082185e-22,0.41436153650283813,1.095936894416809,1.7271367311477661,0.5662879347801208,0.5849093198776245,36.98186492919922,0.9370144009590149,-0.002761645708233118,0.9370144009590149,0.9689954519271851,0.9800057411193848,0.9662869572639465
228,train,1,0.20000000298023224,0.30000001192092896,88,synthetic_0076,0,0.195330411195755,4883.26025390625,1.6230902671813965,0.6634956002235413,0.6578541398048401,0.5980496406555176,0.05980448052287102,0.1344996988773346,0.46354997158050537,0.23115327954292297,2.055599281902687e-07,0.23239648342132568,0.24845391511917114,5.164992485169965e-21,0.24845391511917114,1.2261502742767334,2.084667921066284,0.6519367694854736,0.9387860894203186,107.75720977783203,0.9954225420951843,-0.005548709072172642,0.9954225420951843,0.9822170734405518,0.9910520315170288,0.9739388823509216
229,train,1,0.20000000298023224,0.30000001192092896,89,synthetic_0077,1,0.08530537039041519,2132.63427734375,6.153846263885498,0.09866410493850708,0.0745445266366005,0.06776787340641022,0.006776651833206415,0.02082555554807186,0.04694231599569321,0.004480381496250629,0.01382361724972725,0.028638318181037903,0.012194276787340641,0.019851811230182648,0.019851811230182648,0.9954191446304321,1.4073870182037354,0.46435433626174927,0.8999322056770325,99.98644256591797,0.9799616932868958,0.0018783282721415162,0.9799616932868958,0.959289014339447,0.9689128398895264,0.9656369090080261
230,train,1,0.20000000298023224,0.30000001192092896,90,synthetic_0078,2,0.36318838596343994,9079.7099609375,5.934487819671631,2.4635112285614014,2.2311861515045166,2.028352975845337,0.2028331309556961,0.4634685814380646,1.5648844242095947,0.7660780549049377,7.037182285785093e-07,0.7988057136535645,0.9805110096931458,4.446856734012587e-21,0.9805110096931458,1.2221330404281616,2.073209285736084,0.6493634581565857,0.7801018357276917,76.02037048339844,0.9837118983268738,0.003092795144766569,0.9837118983268738,0.9817528128623962,0.9907039403915405,0.9736722707748413
231,train,1,0.20000000298023224,0.30000001192092896,91,synthetic_0079,3,0.1626093089580536,4065.232666015625,33.815372467041016,0.3224865198135376,0.24455556273460388,0.22232398390769958,0.022231582552194595,0.07399462908506393,0.14832936227321625,0.014237415045499802,0.047125354409217834,0.08696659654378891,0.12676192820072174,0.03131064027547836,0.03131064027547836,0.9733555912971497,1.3606549501419067,0.45125895738601685,0.5426682829856873,28.533655166625977,0.9059718251228333,0.009079134091734886,0.9059718251228333,0.9583020210266113,0.9675397276878357,0.9645004868507385
