sample_index,split,source_id,sample_weight,aux_weight,config_index,config_name,velocity_index,U,Re,Ca,F_target,F_pred,F_physics,F_residual,F_stem,F_leaf,Fcol_1_pred,Fcol_2_pred,Fcol_3_pred,Fcol_1_true,Fcol_2_true,Fcol_3_true,Cd_stem_eff,Cd_leaf_eff,shielding_coef,shielding_target,angle_diff_deg,reconfiguration_factor,reconfiguration_correction,reconfiguration_gain,column_correction_1,column_correction_2,column_correction_3
0,val,0,1.0,1.0,0,PVC_20_0,0,0.05000000074505806,1250.0,0.15360000729560852,0.07093784958124161,0.08100520819425583,0.07990823686122894,0.0010969701688736677,0.010923342779278755,0.06898489594459534,0.005826217122375965,0.026366738602519035,0.03679194301366806,0.0008135348907671869,0.012708019465208054,0.012708019465208054,1.5197691917419434,5.318963527679443,0.7341580390930176,0.9039982557296753,100.79964447021484,0.7801018357276917,0.6055265665054321,0.9218136668205261,1.0158116817474365,0.9766420722007751,1.0005096197128296
1,train,0,1.0,1.0,0,PVC_20_0,1,0.07500000298023224,1875.0,0.3456000089645386,0.17443148791790009,0.1676420122385025,0.1690565049648285,-0.0014144934248179197,0.01963568478822708,0.149420827627182,0.01308518834412098,0.057251960039138794,0.07908367365598679,0.0018697602208703756,0.027825873345136642,0.027825873345136642,1.2141872644424438,3.8136215209960938,0.7108164429664612,0.9087178111076355,101.7435531616211,1.3308770656585693,-0.1469728797674179,1.2721961736679077,1.0247136354446411,0.983778715133667,0.9659427404403687
2,val,0,1.0,1.0,0,PVC_20_0,2,0.10000000149011612,2500.0,0.6144000291824341,0.14795003831386566,0.16620096564292908,0.16864676773548126,-0.002445805352181196,0.033418670296669006,0.13522809743881226,0.011841309256851673,0.052619919180870056,0.0707668736577034,0.003428105963394046,0.0476507768034935,0.0476507768034935,1.1623884439468384,1.849846363067627,0.726364016532898,0.91482013463974,102.96401977539062,1.4825996160507202,-0.35500437021255493,1.3247007131576538,1.032720923423767,0.9854195713996887,0.9626209139823914
3,train,0,1.0,1.0,0,PVC_20_0,3,0.125,3125.0,0.9599999785423279,0.20464740693569183,0.21785403788089752,0.22129538655281067,-0.0034413523972034454,0.05246686935424805,0.16882851719856262,0.014718042686581612,0.06642626225948334,0.08768420666456223,0.005584338214248419,0.07105002552270889,0.07105002552270889,1.16795814037323,1.4293792247772217,0.7409833669662476,0.9218372106552124,104.36743927001953,1.5232797861099243,-0.3600667119026184,1.3587350845336914,1.0365362167358398,0.9847089052200317,0.9631586074829102
4,val,0,1.0,1.0,0,PVC_20_0,4,0.15000000596046448,3750.0,1.3824000358581543,0.270246684551239,0.3001459538936615,0.30496788024902344,-0.00482191564515233,0.07600082457065582,0.22896705567836761,0.0198904350399971,0.09072602540254593,0.11835059523582458,0.008491037413477898,0.09684506058692932,0.09684506058692932,1.1748919486999512,1.3095496892929077,0.7508895397186279,0.9292217493057251,105.84434509277344,1.5436676740646362,-0.3338013291358948,1.3890842199325562,1.0385990142822266,0.9840145707130432,0.9638647437095642
5,val,0,1.0,1.0,0,PVC_20_0,5,0.17499999701976776,4375.0,1.881600022315979,0.3938428461551666,0.4042401909828186,0.41077476739883423,-0.006534571293741465,0.10377699136734009,0.30699777603149414,0.026601387187838554,0.12222816050052643,0.158168226480484,0.012395291589200497,0.12395953387022018,0.12395953387022018,1.1786562204360962,1.2606618404388428,0.7575825452804565,0.9363734722137451,107.27469635009766,1.5570076704025269,-0.3018888533115387,1.4159947633743286,1.0399314165115356,0.9837478995323181,0.9644100069999695
6,train,0,1.0,1.0,0,PVC_20_0,6,0.20000000298023224,5000.0,2.4576001167297363,0.43085381388664246,0.5278609395027161,0.536426842212677,-0.008565925061702728,0.13573162257671356,0.40069520473480225,0.03465837240219116,0.16007010638713837,0.20596672594547272,0.01771606132388115,0.1515229493379593,0.1515229493379593,1.1802748441696167,1.2354832887649536,0.762082576751709,0.9426351189613342,108.52703094482422,1.5663902759552002,-0.269118070602417,1.439927101135254,1.0408962965011597,0.9838968515396118,0.9648024439811707
7,val,0,1.0,1.0,0,PVC_20_0,7,0.22499999403953552,5625.0,3.1103999614715576,0.6180073022842407,0.6700586080551147,0.6809762716293335,-0.01091763935983181,0.1718677580356598,0.5091085433959961,0.04398169741034508,0.2038668543100357,0.2612599730491638,0.025219960138201714,0.178911954164505,0.178911954164505,1.180841326713562,1.2198902368545532,0.7650161981582642,0.9472165703773499,109.44332122802734,1.572942852973938,-0.236847385764122,1.4611786603927612,1.0416446924209595,0.9843866229057312,0.9650782346725464
8,train,0,1.0,1.0,0,PVC_20_0,8,0.25,6250.0,3.8399999141693115,0.8448036313056946,0.8301304578781128,0.8437284231185913,-0.013597935438156128,0.21222300827503204,0.6315054297447205,0.05451185628771782,0.2533077299594879,0.3236858546733856,0.03648537024855614,0.2057376205921173,0.2057376205921173,1.1810671091079712,1.208510398864746,0.7667783498764038,0.9489527344703674,109.79054260253906,1.577222466468811,-0.20573341846466064,1.479876160621643,1.0422499179840088,0.9851482510566711,0.9652652144432068
9,train,0,1.0,1.0,0,PVC_20_0,9,0.2750000059604645,6875.0,4.646399974822998,1.050018072128296,1.007328987121582,1.0239471197128296,-0.01661817915737629,0.2568589746952057,0.7670881152153015,0.06618490070104599,0.30804625153541565,0.3928569555282593,0.055444035679101944,0.2318010926246643,0.2318010926246643,1.1813850402832031,1.1989524364471436,0.7676223516464233,0.9455310702323914,109.10620880126953,1.5795564651489258,-0.17621693015098572,1.4960530996322632,1.0427526235580444,0.9861266613006592,0.9653812050819397
10,train,0,1.0,1.0,0,PVC_20_0,10,0.30000001192092896,7500.0,5.529600143432617,1.2444380521774292,1.2007771730422974,1.2207682132720947,-0.019991030916571617,0.305855393409729,0.9149128198623657,0.07892557233572006,0.36766862869262695,0.4683186113834381,0.09599050879478455,0.25704047083854675,0.25704047083854675,1.1820497512817383,1.1900384426116943,0.7677144408226013,0.9301102161407471,106.02204132080078,1.5801575183868408,-0.14861421287059784,1.5097073316574097,1.0431774854660034,0.9872779250144958,0.9654368758201599
11,train,0,1.0,1.0,0,PVC_20_0,11,0.32499998807907104,8125.0,6.48960018157959,1.354056715965271,1.4094544649124146,1.4331830739974976,-0.023728659376502037,0.3593045771121979,1.073878526687622,0.09264633059501648,0.43169012665748596,0.5495421290397644,0.2500753104686737,0.28148239850997925,0.28148239850997925,1.1832000017166138,1.1811538934707642,0.7671665549278259,0.8688808679580688,93.77617645263672,1.5791685581207275,-0.1231309249997139,1.520835280418396,1.0435411930084229,0.988566517829895,0.9654380679130554
12,val,0,1.0,1.0,0,PVC_20_0,12,0.3499999940395355,8750.0,7.526400089263916,1.6986725330352783,1.6322128772735596,1.6600542068481445,-0.02784127928316593,0.41730520129203796,1.2427489757537842,0.10724908858537674,0.49956437945365906,0.6359354853630066,0.5733868479728699,0.30520471930503845,0.30520471930503845,1.1848950386047363,1.171979546546936,0.7660579681396484,0.778120756149292,75.62416076660156,1.5766854286193848,-0.09987390041351318,1.5294443368911743,1.0438556671142578,0.9899625778198242,0.9653881192207336
13,train,0,1.0,1.0,0,PVC_20_0,13,0.375,9375.0,8.640000343322754,1.9440239667892456,1.8677988052368164,1.900134563446045,-0.03233572095632553,0.47995537519454956,1.4201792478561401,0.12262735515832901,0.5706958174705505,0.7268560528755188,0.8262953162193298,0.3283105492591858,0.3283105492591858,1.187135934829712,1.1623598337173462,0.7644465565681458,0.7271667718887329,65.43335723876953,1.572769284248352,-0.07886272668838501,1.5355592966079712,1.044129490852356,0.9914403557777405,0.9652891755104065
14,val,0,1.0,1.0,0,PVC_20_0,14,0.4000000059604645,10000.0,9.830400466918945,2.125422716140747,2.114887237548828,2.152101516723633,-0.037214238196611404,0.5473446249961853,1.6047568321228027,0.13866941630840302,0.644457221031189,0.8216302394866943,1.0331017971038818,0.3509112596511841,0.3509112596511841,1.1898794174194336,1.1522419452667236,0.7623778581619263,0.6930793523788452,58.615875244140625,1.5674548149108887,-0.06005232036113739,1.5392160415649414,1.0443692207336426,0.9929772019386292,0.9651433825492859
15,train,0,1.0,1.0,0,PVC_20_0,15,0.42500001192092896,10625.0,11.097599983215332,2.3944380283355713,2.37211012840271,2.414583683013916,-0.04247359186410904,0.6195496320724487,1.7950339317321777,0.15526066720485687,0.7202045917510986,0.9195687174797058,1.2118146419525146,0.3731164038181305,0.3731164038181305,1.1930546760559082,1.1416372060775757,0.7598894238471985,0.6676045656204224,53.52091598510742,1.5607554912567139,-0.0433439239859581,1.5404607057571411,1.0445797443389893,0.994552493095398,0.9649534821510315
16,train,0,1.0,1.0,0,PVC_20_0,16,0.44999998807907104,11250.0,12.44159984588623,2.6817269325256348,2.638089656829834,2.68619441986084,-0.04810473695397377,0.6966322660446167,1.9895620346069336,0.17228646576404572,0.7972921133041382,1.0199834108352661,1.370949149131775,0.395028293132782,0.395028293132782,1.1965773105621338,1.1306008100509644,0.7570131421089172,0.6474189162254333,49.48377990722656,1.5526678562164307,-0.028610223904252052,1.5393413305282593,1.0447651147842407,0.9961473345756531,0.9647229909896851
17,train,0,1.0,1.0,0,PVC_20_0,17,0.4749999940395355,11875.0,13.86240005493164,2.9678232669830322,2.9114625453948975,2.965555191040039,-0.05409254878759384,0.7786392569541931,2.186915874481201,0.18963377177715302,0.8750825524330139,1.1221994161605835,1.515420913696289,0.4167393147945404,0.4167393147945404,1.2003591060638428,1.119217872619629,0.753776490688324,0.6308286190032959,46.16572570800781,1.5431755781173706,-0.015705717727541924,1.5359045267105103,1.0449278354644775,0.9977440237998962,0.9644565582275391
18,train,0,1.0,1.0,0,PVC_20_0,18,0.5,12500.0,15.359999656677246,3.0878708362579346,3.190904378890991,3.2513208389282227,-0.06041640788316727,0.8656030297279358,2.3857178688049316,0.2071930170059204,0.9529590010643005,1.225565791130066,1.6484487056732178,0.4383312165737152,0.4383312165737152,1.2043172121047974,1.107590913772583,0.7502036690711975,0.6168425679206848,43.36851501464844,1.5322535037994385,-0.004476658999919891,1.530195713043213,1.0450700521469116,0.9993264675140381,0.9641596674919128
19,train,0,1.0,1.0,1,PVC_20_180,0,0.05000000074505806,1250.0,0.15360000729560852,0.30792152881622314,0.20686109364032745,0.20169910788536072,0.0051619913429021835,0.014559481292963028,0.187139630317688,0.09364214539527893,9.859461158612248e-08,0.0934973806142807,0.013280894607305527,1.3017747316988583e-22,0.013280894607305527,2.0256667137145996,5.3298659324646,0.8481895327568054,0.9950531721115112,119.01063537597656,1.7438234090805054,0.9539125561714172,2.2428600788116455,1.0444594621658325,0.9723928570747375,1.0428447723388672
20,train,0,1.0,1.0,1,PVC_20_180,1,0.07500000298023224,1875.0,0.3456000089645386,0.17357100546360016,0.19194751977920532,0.19104772806167603,0.0008997987606562674,0.017335154116153717,0.1737125813961029,0.08896452933549881,9.500505626647282e-08,0.08474796265363693,0.030723044648766518,2.8289993467871503e-22,0.030723044648766518,1.0719321966171265,2.4997637271881104,0.8669875264167786,0.9886112809181213,117.72225952148438,1.7523760795593262,0.49379634857177734,2.0119709968566895,1.0482200384140015,0.9683462977409363,0.9985385537147522
21,val,0,1.0,1.0,1,PVC_20_180,2,0.10000000149011612,2500.0,0.6144000291824341,0.34319770336151123,0.20066456496715546,0.20143499970436096,-0.0007704289746470749,0.029659299179911613,0.1717756986618042,0.08865567296743393,9.293778191477031e-08,0.0831199437379837,0.05678054317831993,4.807654095618108e-22,0.05678054317831993,1.0316276550292969,1.566277027130127,0.8478469848632812,0.9791058301925659,115.8211669921875,1.711593508720398,0.17339526116847992,1.8006280660629272,1.0478345155715942,0.9716777205467224,0.9824067950248718
22,train,0,1.0,1.0,1,PVC_20_180,3,0.125,3125.0,0.9599999785423279,0.31932196021080017,0.2776683568954468,0.27920418977737427,-0.0015358304372057319,0.04698227345943451,0.23222190141677856,0.12007232755422592,1.246055774117849e-07,0.1121494472026825,0.09318999201059341,7.104417698677035e-22,0.09318999201059341,1.0458662509918213,1.4022716283798218,0.8385429382324219,0.9660651087760925,113.21302032470703,1.6895763874053955,0.10642918944358826,1.7435225248336792,1.0477120876312256,0.9724616408348083,0.978579580783844
23,train,0,1.0,1.0,1,PVC_20_180,4,0.15000000596046448,3750.0,1.3824000358581543,0.31083568930625916,0.3834902048110962,0.3857349753379822,-0.002244760747998953,0.06860680878162384,0.31712818145751953,0.16408734023571014,1.6920500911510317e-07,0.15304066240787506,0.14211547374725342,3.0935381589327246e-21,0.14211547374725342,1.0605882406234741,1.3393182754516602,0.8332635164260864,0.9489836692810059,109.7967300415039,1.6783695220947266,0.1073296070098877,1.7324110269546509,1.0476990938186646,0.9724194407463074,0.9771658778190613
24,train,0,1.0,1.0,1,PVC_20_180,5,0.17499999701976776,4375.0,1.881600022315979,0.5591400265693665,0.5121671557426453,0.5151455402374268,-0.0029783921781927347,0.09478336572647095,0.4203621745109558,0.21757900714874268,2.2328093507439917e-07,0.20278295874595642,0.20557907223701477,4.078542853266631e-21,0.20557907223701477,1.0765101909637451,1.3007473945617676,0.8295013308525085,0.927563488483429,105.51270294189453,1.6722081899642944,0.1305694431066513,1.7377099990844727,1.0477300882339478,0.9721387028694153,0.9764811396598816
25,train,0,1.0,1.0,1,PVC_20_180,6,0.20000000298023224,5000.0,2.4576001167297363,0.6062102913856506,0.6619764566421509,0.6657391786575317,-0.003762735752388835,0.12596608698368073,0.5397731065750122,0.27945125102996826,2.8555885478454e-07,0.2603215277194977,0.28418269753456116,5.143182058862414e-21,0.28418269753456116,1.0953571796417236,1.270430326461792,0.8263232707977295,0.9021280407905579,100.42560577392578,1.6684329509735107,0.1618715077638626,1.7494544982910156,1.0477828979492188,0.9717894196510315,0.976057231426239
26,train,0,1.0,1.0,1,PVC_20_180,7,0.22499999403953552,5625.0,3.1103999614715576,0.8631705045700073,0.8322035074234009,0.8368291258811951,-0.004625638481229544,0.1627293974161148,0.6740997433662415,0.34906360507011414,3.552373470938619e-07,0.32503578066825867,0.3756729066371918,6.2701978720074416e-21,0.3756729066371918,1.118054986000061,1.24378502368927,0.8233068585395813,0.8739358186721802,94.78716278076172,1.665724754333496,0.19565032422542572,1.763494610786438,1.0478492975234985,0.9714320302009583,0.9757204055786133
27,train,0,1.0,1.0,1,PVC_20_180,8,0.25,6250.0,3.8399999141693115,1.0573121309280396,1.0225039720535278,1.0281089544296265,-0.005605040583759546,0.2057560831308365,0.8223528861999512,0.42591574788093567,4.3164234853065864e-07,0.3964366912841797,0.47503334283828735,2.200904255082346e-21,0.47503334283828735,1.1450772285461426,1.2192468643188477,0.8202232718467712,0.8448962569236755,88.97925567626953,1.6633532047271729,0.22949296236038208,1.7778716087341309,1.047925591468811,0.971091091632843,0.9753950238227844
28,train,0,1.0,1.0,1,PVC_20_180,9,0.2750000059604645,6875.0,4.646399974822998,1.2427419424057007,1.2327159643173218,1.2394647598266602,-0.006748821586370468,0.2558300495147705,0.9836347103118896,0.5095552206039429,5.14127293627098e-07,0.4740789830684662,0.5766147971153259,2.6106018041597455e-21,0.5766147971153259,1.1766526699066162,1.1961971521377563,0.8169329166412354,0.8167735934257507,83.3547134399414,1.660870909690857,0.2623349726200104,1.791582465171814,1.0480091571807861,0.9707767367362976,0.9750445485115051
29,train,0,1.0,1.0,1,PVC_20_180,10,0.30000001192092896,7500.0,5.529600143432617,1.5060391426086426,1.4627866744995117,1.4708998203277588,-0.008113184943795204,0.3138236105442047,1.1570762395858765,0.5995447635650635,6.020402452122653e-07,0.5575308799743652,0.6762266159057617,3.0584045913771367e-21,0.6762266159057617,1.2128448486328125,1.1743628978729248,0.8133441209793091,0.7906438708305359,78.12877655029297,1.657974362373352,0.2937265932559967,1.8040717840194702,1.0480976104736328,0.9704934358596802,0.9746506214141846
30,train,0,1.0,1.0,1,PVC_20_180,11,0.32499998807907104,8125.0,6.48960018157959,1.597334623336792,1.7127100229263306,1.722470760345459,-0.009760758839547634,0.3806763291358948,1.3417943716049194,0.6954402327537537,6.947019528524834e-07,0.6463534235954285,0.771656334400177,3.5438832744536875e-21,0.771656334400177,1.2535778284072876,1.1536037921905518,0.8093921542167664,0.766912579536438,73.38251495361328,1.654436707496643,0.323492169380188,1.8149961233139038,1.0481889247894287,0.9702431559562683,0.9742038249969482
31,train,0,1.0,1.0,1,PVC_20_180,12,0.3499999940395355,8750.0,7.526400089263916,1.9695085287094116,1.9824719429016113,1.9942306280136108,-0.01175868883728981,0.45736566185951233,1.536864995956421,0.7967756390571594,7.913951662885665e-07,0.7400885820388794,0.8621596693992615,1.1680538468040135e-22,0.8621596693992615,1.298642635345459,1.1338392496109009,0.8050306439399719,0.7455744743347168,69.1148910522461,1.6500686407089233,0.3515718877315521,1.8241039514541626,1.048280954360962,0.9700271487236023,0.9737004041671753
32,train,0,1.0,1.0,1,PVC_20_180,13,0.375,9375.0,8.640000343322754,2.2906291484832764,2.2719860076904297,2.286162853240967,-0.014176798984408379,0.5448680520057678,1.7412948608398438,0.9030486941337585,8.913543751987163e-07,0.8382453322410583,0.9478147625923157,1.0756810115930194e-22,0.9478147625923157,1.3476929664611816,1.1150165796279907,0.8002262711524963,0.7264378666877747,65.2875747680664,1.644699215888977,0.3779410123825073,1.8311790227890015,1.04837167263031,0.9698463678359985,0.973139762878418
33,train,0,1.0,1.0,1,PVC_20_180,14,0.4000000059604645,10000.0,9.830400466918945,2.650298833847046,2.5810279846191406,2.5981130599975586,-0.017084969207644463,0.6441147327423096,1.9539982080459595,1.0137076377868652,9.93760636447405e-07,0.9402896165847778,1.0290770530700684,9.475226058219414e-23,1.0290770530700684,1.4002492427825928,1.0970964431762695,0.7949572205543518,0.7092531323432922,61.850624084472656,1.6381617784500122,0.4025816023349762,1.8360099792480469,1.0484594106674194,0.969701886177063,0.9725243449211121
34,train,0,1.0,1.0,1,PVC_20_180,15,0.42500001192092896,10625.0,11.097599983215332,2.8269872665405273,2.9091734886169434,2.9297237396240234,-0.02055021934211254,0.7559447884559631,2.173779010772705,1.1281412839889526,1.0977399824696477e-06,1.0456366539001465,1.1065337657928467,8.751692933370289e-23,1.1065337657928467,1.455708384513855,1.0800485610961914,0.7892106771469116,0.6937710642814636,58.754215240478516,1.6302871704101562,0.4254712760448456,1.8383793830871582,1.0485423803329468,0.9695948362350464,0.9718589186668396
35,train,0,1.0,1.0,1,PVC_20_180,16,0.44999998807907104,11250.0,12.44159984588623,3.2195968627929688,3.255748748779297,3.280381679534912,-0.024633007124066353,0.8810588121414185,2.399322986602783,1.2456742525100708,1.2023674571537413e-06,1.1536476612091064,1.1807831525802612,1.4413170314209997e-23,1.1807831525802612,1.5133593082427979,1.0638511180877686,0.7829830050468445,0.6797662973403931,55.95326232910156,1.6208993196487427,0.44658350944519043,1.8380593061447144,1.0486193895339966,0.9695261716842651,0.9711505174636841
36,train,0,1.0,1.0,1,PVC_20_180,17,0.4749999940395355,11875.0,13.86240005493164,3.643343448638916,3.6197898387908936,3.6491732597351074,-0.02938336879014969,1.0199791193008423,2.6291942596435547,1.3655637502670288,1.3066775181869161e-06,1.2636291980743408,1.2523813247680664,2.179188649855603e-23,1.2523813247680664,1.5724114179611206,1.0484901666641235,0.7762793898582458,0.6670430302619934,53.408607482910156,1.6098146438598633,0.46589359641075134,1.8348153829574585,1.0486891269683838,0.9694969654083252,0.9704080820083618
37,train,0,1.0,1.0,1,PVC_20_180,18,0.5,12500.0,15.359999656677246,4.037886619567871,4.000009059906006,4.03484582901001,-0.0348367765545845,1.1730228662490845,2.861823081970215,1.4869937896728516,1.4096675613473053e-06,1.3748279809951782,1.3218237161636353,7.380154498657305e-22,1.3218237161636353,1.6320316791534424,1.033957600593567,0.7691122889518738,0.6554343104362488,51.08686828613281,1.596840262413025,0.48338583111763,1.8284071683883667,1.0487507581710815,0.9695078730583191,0.9696421027183533
38,train,0,1.0,1.0,2,PVC_10_0,0,0.05000000074505806,1250.0,0.15360000729560852,0.004296653904020786,0.009228603914380074,0.009157618507742882,7.098498463165015e-05,0.005416023079305887,0.003741595894098282,0.0003057159192394465,0.0014694376150146127,0.001966442447155714,0.00040676744538359344,0.006354009732604027,0.006354009732604027,0.7535335421562195,2.819448232650757,0.753677487373352,0.9039982557296753,100.79964447021484,0.16110289096832275,0.5469538569450378,0.18753762543201447,0.9885351061820984,0.9832903146743774,0.9917389154434204
39,train,0,1.0,1.0,2,PVC_10_0,1,0.07500000298023224,1875.0,0.3456000089645386,0.0044425735250115395,0.025014858692884445,0.025535205379128456,-0.0005203470354899764,0.01740974187850952,0.008125463500618935,0.0006706946878693998,0.0033113257959485054,0.0041434429585933685,0.0009348801104351878,0.013912936672568321,0.013912936672568321,1.0765444040298462,1.838269829750061,0.7707739472389221,0.9087178111076355,101.7435531616211,0.2872762680053711,-0.13189378380775452,0.27590927481651306,1.0048319101333618,1.003888487815857,0.96821528673172
40,train,0,1.0,1.0,2,PVC_10_0,2,0.10000000149011612,2500.0,0.6144000291824341,0.11792551726102829,0.058830708265304565,0.06020994111895561,-0.0013792312238365412,0.0368497259914875,0.02336021512746811,0.0019386914791539311,0.009597229771316051,0.011824294924736023,0.001714052981697023,0.02382538840174675,0.02382538840174675,1.2817293405532837,1.8611361980438232,0.7833795547485352,0.91482013463974,102.96401977539062,0.47308024764060974,-0.24693962931632996,0.4380335509777069,1.0164588689804077,1.0018364191055298,0.9669374227523804
41,val,0,1.0,1.0,2,PVC_10_0,3,0.125,3125.0,0.9599999785423279,0.3397746682167053,0.10549575090408325,0.1080029085278511,-0.0025071585550904274,0.05987399443984032,0.04812891408801079,0.004002280533313751,0.019823923707008362,0.024302709847688675,0.0027921691071242094,0.035525012761354446,0.035525012761354446,1.3328471183776855,1.9065520763397217,0.7910098433494568,0.9218372106552124,104.36743927001953,0.6087469458580017,-0.25602754950523376,0.5619901418685913,1.0218256711959839,0.9979736804962158,0.9677563905715942
42,train,0,1.0,1.0,2,PVC_10_0,4,0.15000000596046448,3750.0,1.3824000358581543,0.16250543296337128,0.16431428492069244,0.16823029518127441,-0.003916014917194843,0.0863477885723114,0.08188249915838242,0.0068163140676915646,0.03375087305903435,0.041315313428640366,0.004245518706738949,0.04842253029346466,0.04842253029346466,1.334844946861267,1.9414528608322144,0.7949868440628052,0.9292217493057251,105.84434509277344,0.7022075057029724,-0.2431863248348236,0.6509773135185242,1.0245686769485474,0.9953105449676514,0.9686002135276794
43,train,0,1.0,1.0,2,PVC_10_0,5,0.17499999701976776,4375.0,1.881600022315979,0.17313167452812195,0.23556791245937347,0.24119459092617035,-0.00562667241320014,0.11643560230731964,0.12475898861885071,0.010395195335149765,0.05141564831137657,0.06294814497232437,0.006197645794600248,0.06197976693511009,0.06197976693511009,1.3224273920059204,1.9703667163848877,0.7967002391815186,0.9363734722137451,107.27469635009766,0.7690373659133911,-0.22316043078899384,0.7175517678260803,1.0261787176132202,0.9936485290527344,0.969204306602478
44,train,0,1.0,1.0,2,PVC_10_0,6,0.20000000298023224,5000.0,2.4576001167297363,0.32816481590270996,0.31956446170806885,0.327220618724823,-0.007656149100512266,0.15025527775287628,0.1769653558731079,0.014760339632630348,0.07288035750389099,0.08932466059923172,0.008858030661940575,0.07576147466897964,0.07576147466897964,1.3065673112869263,1.996321201324463,0.7969149947166443,0.9426351189613342,108.52703094482422,0.8182504773139954,-0.20001551508903503,0.7691516280174255,1.0272133350372314,0.9926698803901672,0.9695667624473572
45,train,0,1.0,1.0,2,PVC_10_0,7,0.22499999403953552,5625.0,3.1103999614715576,0.4748879671096802,0.4163959324359894,0.4264109134674072,-0.010014979168772697,0.18792413175106049,0.23848679661750793,0.019915400072932243,0.0981120690703392,0.12045933306217194,0.012609980069100857,0.0894559770822525,0.0894559770822525,1.29115891456604,2.0202958583831787,0.7960601449012756,0.9472165703773499,109.44332122802734,0.8547034859657288,-0.1755458116531372,0.8096916079521179,1.0279123783111572,0.9921690821647644,0.9697271585464478
46,val,0,1.0,1.0,2,PVC_10_0,8,0.25,6250.0,3.8399999141693115,0.5574852824211121,0.5258544683456421,0.5385606288909912,-0.01270616427063942,0.22958415746688843,0.3089764714241028,0.025836773216724396,0.12693849205970764,0.15620119869709015,0.01824268512427807,0.10286881029605865,0.10286881029605865,1.2776856422424316,2.0422582626342773,0.7943964004516602,0.9489527344703674,109.79054260253906,0.8811931610107422,-0.15088355541229248,0.8413059115409851,1.0283958911895752,0.9920194149017334,0.9697246551513672
47,train,0,1.0,1.0,2,PVC_10_0,9,0.2750000059604645,6875.0,4.646399974822998,0.5972995758056641,0.6474055051803589,0.6631300449371338,-0.015724563971161842,0.27540120482444763,0.38772881031036377,0.032471124082803726,0.15903857350349426,0.19621913135051727,0.027722017839550972,0.11590054631233215,0.11590054631233215,1.266667366027832,2.0617787837982178,0.7920938730239868,0.9455310702323914,109.10620880126953,0.899504542350769,-0.1268450915813446,0.8652752041816711,1.028732180595398,0.9921396374702454,0.969590425491333
48,train,0,1.0,1.0,2,PVC_10_0,10,0.30000001192092896,7500.0,5.529600143432617,0.7768981456756592,0.7801990509033203,0.7992558479309082,-0.019056806340813637,0.3255530893802643,0.4737027585506439,0.039737001061439514,0.19395391643047333,0.24001184105873108,0.04799525439739227,0.12852023541927338,0.12852023541927338,1.2581762075424194,2.0783417224884033,0.7892709970474243,0.9301102161407471,106.02204132080078,0.9108975529670715,-0.1040109246969223,0.8824746012687683,1.0289640426635742,0.9924749135971069,0.9693481922149658
49,val,0,1.0,1.0,2,PVC_10_0,11,0.32499998807907104,8125.0,6.48960018157959,0.982464611530304,0.923106849193573,0.9457885026931763,-0.022681668400764465,0.3802148401737213,0.5655736923217773,0.04752880334854126,0.2311122566461563,0.2869326174259186,0.12503765523433685,0.14074119925498962,0.14074119925498962,1.2520582675933838,2.0914759635925293,0.7860148549079895,0.8688808679580688,93.77617645263672,0.9163430333137512,-0.0827694907784462,0.8935894966125488,1.029119849205017,0.9929865598678589,0.9690161943435669
50,train,0,1.0,1.0,2,PVC_10_0,12,0.3499999940395355,8750.0,7.526400089263916,1.096636176109314,1.0747740268707275,1.1013448238372803,-0.02657083235681057,0.439545214176178,0.6617996692657471,0.05572197213768959,0.26985645294189453,0.33622124791145325,0.28669342398643494,0.15260235965251923,0.15260235965251923,1.248043179512024,2.100809097290039,0.7823929190635681,0.778120756149292,75.62416076660156,0.9166326522827148,-0.06334660947322845,0.8992130160331726,1.0292195081710815,0.9936454892158508,0.9686094522476196
51,train,0,1.0,1.0,2,PVC_10_0,13,0.375,9375.0,8.640000343322754,1.2108826637268066,1.23368501663208,1.2643752098083496,-0.03069016896188259,0.503675103187561,0.7607001066207886,0.06417924165725708,0.3094777762889862,0.3870430588722229,0.4131476581096649,0.1641552746295929,0.1641552746295929,1.2458051443099976,2.106083631515503,0.7784587144851685,0.7271667718887329,65.43335723876953,0.9124428033828735,-0.04584559425711632,0.8998934626579285,1.0292766094207764,0.9944281578063965,0.9681413769721985
52,train,0,1.0,1.0,2,PVC_10_0,14,0.4000000059604645,10000.0,9.830400466918945,1.3690028190612793,1.3982329368591309,1.4332342147827148,-0.03500129282474518,0.5727028250694275,0.8605314493179321,0.07275674492120743,0.34924817085266113,0.43852657079696655,0.5165508985519409,0.17545562982559204,0.17545562982559204,1.2450059652328491,2.107167959213257,0.7742567658424377,0.6930793523788452,58.615875244140625,0.9043616652488708,-0.030283143743872643,0.8961455821990967,1.029300570487976,0.9953140616416931,0.9676245450973511
53,train,0,1.0,1.0,2,PVC_10_0,15,0.42500001192092896,10625.0,11.097599983215332,1.6664570569992065,1.5667952299118042,1.606258749961853,-0.03946350887417793,0.6466901302337646,0.9595686197280884,0.08131062239408493,0.3884534239768982,0.48980459570884705,0.6059073209762573,0.18655820190906525,0.18655820190906525,1.2453186511993408,2.1040494441986084,0.7698243260383606,0.6676045656204224,53.52091598510742,0.8929132223129272,-0.01661408506333828,0.8884627819061279,1.0292974710464478,0.996283769607544,0.9670714139938354
54,train,0,1.0,1.0,2,PVC_10_0,16,0.44999998807907104,11250.0,12.44159984588623,1.7020379304885864,1.7378040552139282,1.7818398475646973,-0.044035784900188446,0.7256644368171692,1.0561754703521729,0.08970297127962112,0.42642226815223694,0.5400501489639282,0.6854745745658875,0.197514146566391,0.197514146566391,1.246444582939148,2.096829414367676,0.7651932239532471,0.6474189162254333,49.48377990722656,0.8785679936408997,-0.004753568675369024,0.877315104007721,1.0292712450027466,0.9973184466362,0.9664940237998962
55,train,0,1.0,1.0,2,PVC_10_0,17,0.4749999940395355,11875.0,13.86240005493164,1.914313793182373,1.9098167419433594,1.9584956169128418,-0.04867883771657944,0.8096237778663635,1.148871898651123,0.09780767560005188,0.4625530540943146,0.5885111689567566,0.7577104568481445,0.2083696573972702,0.2083696573972702,1.2481251955032349,2.0857131481170654,0.7603899836540222,0.6308286190032959,46.16572570800781,0.861754834651947,0.005408426281064749,0.8631531596183777,1.0292242765426636,0.9983993768692017,0.9659037590026855
56,train,0,1.0,1.0,2,PVC_10_0,18,0.5,12500.0,15.359999656677246,2.087332010269165,2.081568717956543,2.134925603866577,-0.0533568449318409,0.8985387086868286,1.2363868951797485,0.10551485419273376,0.49633505940437317,0.6345369815826416,0.8242243528366089,0.2191656082868576,0.2191656082868576,1.2501407861709595,2.0709939002990723,0.7554383277893066,0.6168425679206848,43.36851501464844,0.8428679704666138,0.013997901231050491,0.8464074730873108,1.0291577577590942,0.9995082020759583,0.9653112292289734
57,train,0,1.0,1.0,3,PVC_10_180,0,0.05000000074505806,1250.0,0.15360000729560852,0.1761522889137268,0.1139020323753357,0.11091460287570953,0.002987426705658436,0.01842273771762848,0.09249186515808105,0.04617340490221977,4.87328364329187e-08,0.046318408101797104,0.006640447303652763,6.508873658494291e-23,0.006640447303652763,2.5631632804870605,5.326823711395264,0.8457797765731812,0.9950531721115112,119.01063537597656,1.7189052104949951,0.9694743752479553,2.2188355922698975,1.04175865650177,0.9749916791915894,1.045030117034912
58,val,0,1.0,1.0,3,PVC_10_180,1,0.07500000298023224,1875.0,0.3456000089645386,0.1749381422996521,0.10167229175567627,0.10172757506370544,-5.528306792257354e-05,0.02394135110080242,0.07778622210025787,0.03977123275399208,4.422609123366783e-08,0.03801494091749191,0.015361522324383259,1.4144996733935752e-22,0.015361522324383259,1.4804311990737915,2.6263267993927,0.8899361491203308,0.9886112809181213,117.72225952148438,1.6732583045959473,0.0739879161119461,1.7103986740112305,1.0493229627609253,0.9833793640136719,1.0029850006103516
59,train,0,1.0,1.0,3,PVC_10_180,2,0.10000000149011612,2500.0,0.6144000291824341,0.10751472413539886,0.12551762163639069,0.12649977207183838,-0.0009821477578952909,0.03555631265044212,0.09094345569610596,0.046851858496665955,5.100700661841984e-08,0.04409154877066612,0.028390271589159966,2.403827047809054e-22,0.028390271589159966,1.2367411851882935,2.0573389530181885,0.8697426319122314,0.9791058301925659,115.8211669921875,1.5578281879425049,-0.23525777459144592,1.4478808641433716,1.0485687255859375,0.9843972325325012,0.9867913722991943
60,train,0,1.0,1.0,3,PVC_10_180,3,0.125,3125.0,0.9599999785423279,0.198393777012825,0.183823823928833,0.185477614402771,-0.0016537865158170462,0.0531170554459095,0.1323605626821518,0.06829030066728592,7.344736019376796e-08,0.0640701875090599,0.04659499600529671,3.5522088493385176e-22,0.04659499600529671,1.1824318170547485,1.994873046875,0.8601697683334351,0.9660651087760925,113.21302032470703,1.5109062194824219,-0.25921186804771423,1.3934129476547241,1.0482205152511597,0.9829850792884827,0.9834438562393188
61,train,0,1.0,1.0,3,PVC_10_180,4,0.15000000596046448,3750.0,1.3824000358581543,0.27636855840682983,0.2582409083843231,0.26060450077056885,-0.0023635881952941418,0.07539660483598709,0.18520788848400116,0.09560313075780869,1.0200091793421961e-07,0.08960465341806412,0.07105773687362671,1.5467690794663623e-21,0.07105773687362671,1.1655513048171997,1.9560571908950806,0.8544129729270935,0.9489836692810059,109.7967300415039,1.4915103912353516,-0.2454434484243393,1.3816858530044556,1.0481114387512207,0.9815961718559265,0.9823492765426636
62,train,0,1.0,1.0,3,PVC_10_180,5,0.17499999701976776,4375.0,1.881600022315979,0.3855060040950775,0.34595030546188354,0.34907039999961853,-0.003120085457339883,0.1025274395942688,0.24654296040534973,0.1272958368062973,1.3498245721166313e-07,0.11924699693918228,0.10278953611850739,2.0392714266333154e-21,0.10278953611850739,1.1644642353057861,1.9109467267990112,0.850208580493927,0.927563488483429,105.51270294189453,1.4831372499465942,-0.2238587886095047,1.3835331201553345,1.0481144189834595,0.9804097414016724,0.9818427562713623
63,train,0,1.0,1.0,3,PVC_10_180,6,0.20000000298023224,5000.0,2.4576001167297363,0.4729076027870178,0.44619590044021606,0.4501229524612427,-0.003927051089704037,0.13499915599822998,0.3151237964630127,0.16273905336856842,1.7165660892715096e-07,0.15238456428050995,0.14209134876728058,2.571591029431207e-21,0.14209134876728058,1.173905611038208,1.8612446784973145,0.8466465473175049,0.9021280407905579,100.42560577392578,1.479273796081543,-0.20051802694797516,1.3902875185012817,1.0481717586517334,0.9794003963470459,0.9814803600311279
64,train,0,1.0,1.0,3,PVC_10_180,7,0.22499999403953552,5625.0,3.1103999614715576,0.585237979888916,0.5588592290878296,0.5636557340621948,-0.004796534311026335,0.17351235449314117,0.39014339447021484,0.20152685046195984,2.115123720614065e-07,0.1886163204908371,0.1878364533185959,3.1350989360037208e-21,0.1878364533185959,1.1921406984329224,1.8101717233657837,0.8432467579841614,0.8739358186721802,94.78716278076172,1.4769773483276367,-0.17691993713378906,1.398585319519043,1.0482573509216309,0.9785372614860535,0.9811021089553833
65,train,0,1.0,1.0,3,PVC_10_180,8,0.25,6250.0,3.8399999141693115,0.6845232844352722,0.6841444373130798,0.689891517162323,-0.005747070536017418,0.21893107891082764,0.47096043825149536,0.24333906173706055,2.5411068804714887e-07,0.22762112319469452,0.23751667141914368,1.100452127541173e-21,0.23751667141914368,1.2183990478515625,1.7597585916519165,0.8397184610366821,0.8448962569236755,88.97925567626953,1.4747710227966309,-0.15330059826374054,1.406946063041687,1.0483589172363281,0.9777969717979431,0.9806424975395203
66,train,0,1.0,1.0,3,PVC_10_180,9,0.2750000059604645,6875.0,4.646399974822998,0.8764917254447937,0.8224586248397827,0.8292599320411682,-0.006801326759159565,0.27225273847579956,0.5570071935653687,0.2878934144973755,2.990342977682303e-07,0.2691135108470917,0.28830739855766296,1.3053009020798728e-21,0.28830739855766296,1.2521865367889404,1.7110602855682373,0.835872232913971,0.8167735934257507,83.3547134399414,1.4718477725982666,-0.129500612616539,1.4146661758422852,1.0484694242477417,0.9771615862846375,0.9800755381584167
67,train,0,1.0,1.0,3,PVC_10_180,10,0.30000001192092896,7500.0,5.529600143432617,0.9029657244682312,0.9743284583091736,0.9823139905929565,-0.007985560223460197,0.3345809578895569,0.6477330327033997,0.3349158465862274,3.458590356331115e-07,0.3128168284893036,0.33811330795288086,1.5292022956885683e-21,0.33811330795288086,1.293066382408142,1.6645323038101196,0.8315789103507996,0.7906438708305359,78.12877655029297,1.4677292108535767,-0.10529153794050217,1.4213672876358032,1.0485844612121582,0.9766178131103516,0.979394793510437
68,train,0,1.0,1.0,3,PVC_10_180,11,0.32499998807907104,8125.0,6.48960018157959,1.0138746500015259,1.1403111219406128,1.1496407985687256,-0.009329676628112793,0.40708497166633606,0.7425557971000671,0.3841150104999542,3.941310922073171e-07,0.3584403991699219,0.3858281672000885,1.7719416372268438e-21,0.3858281672000885,1.3405423164367676,1.6202846765518188,0.8267478942871094,0.766912579536438,73.38251495361328,1.4621065855026245,-0.08051219582557678,1.4267915487289429,1.0487006902694702,0.9761557579040527,0.9786044359207153
69,train,0,1.0,1.0,3,PVC_10_180,12,0.3499999940395355,8750.0,7.526400089263916,1.313947081565857,1.3209022283554077,1.3317700624465942,-0.010867800563573837,0.49095097184181213,0.8408191204071045,0.4351593554019928,4.4334859694572515e-07,0.40565934777259827,0.43107983469963074,5.840269234020067e-23,0.43107983469963074,1.3940045833587646,1.5782387256622314,0.821316659450531,0.7455744743347168,69.1148910522461,1.4547566175460815,-0.055116716772317886,1.4307022094726562,1.0488154888153076,0.9757684469223022,0.9777148365974426
70,train,0,1.0,1.0,3,PVC_10_180,13,0.375,9375.0,8.640000343322754,1.5928974151611328,1.5164378881454468,1.5290758609771729,-0.012638007290661335,0.5873141884803772,0.9417617321014404,0.48766085505485535,4.929522106067452e-07,0.4541003704071045,0.47390738129615784,5.378405057965097e-23,0.47390738129615784,1.4526804685592651,1.538217544555664,0.8152445554733276,0.7264378666877747,65.2875747680664,1.445501685142517,-0.029171543195843697,1.4328514337539673,1.048926830291748,0.9754510521888733,0.976740300655365
71,train,0,1.0,1.0,3,PVC_10_180,14,0.4000000059604645,10000.0,9.830400466918945,1.7449835538864136,1.7270050048828125,1.7416865825653076,-0.014681612141430378,0.6971852779388428,1.0445013046264648,0.5411660671234131,5.42325210517447e-07,0.5033347606658936,0.5145385265350342,4.737613029109707e-23,0.5145385265350342,1.5156199932098389,1.500012993812561,0.8085103631019592,0.7092531323432922,61.850624084472656,1.4341857433319092,-0.002839859342202544,1.4329639673233032,1.0490325689315796,0.9752002954483032,0.9756976366043091
72,train,0,1.0,1.0,3,PVC_10_180,15,0.42500001192092896,10625.0,11.097599983215332,1.9275760650634766,1.9523680210113525,1.9694092273712158,-0.01704125851392746,0.8213742971420288,1.148034930229187,0.5951558947563171,5.908048024139134e-07,0.5528784394264221,0.5532668828964233,4.3758464666851443e-23,0.5532668828964233,1.5817047357559204,1.463424801826477,0.8011122941970825,0.6937710642814636,58.754215240478516,1.4206626415252686,0.02365085855126381,1.430742621421814,1.0491310358047485,0.9750140905380249,0.9746049642562866
73,train,0,1.0,1.0,3,PVC_10_180,16,0.44999998807907104,11250.0,12.44159984588623,2.2017436027526855,2.191934823989868,2.211693286895752,-0.019758479669690132,0.9604284763336182,1.2512646913528442,0.6490587592124939,6.377074441843433e-07,0.6022052764892578,0.5903915762901306,7.206585157104998e-24,0.5903915762901306,1.6496893167495728,1.4282925128936768,0.7930667400360107,0.6797662973403931,55.95326232910156,1.4047963619232178,0.050032924860715866,1.4258822202682495,1.0492210388183594,0.9748908877372742,0.9734809994697571
74,train,0,1.0,1.0,3,PVC_10_180,17,0.4749999940395355,11875.0,13.86240005493164,2.481191635131836,2.4447457790374756,2.467616081237793,-0.022870339453220367,1.1145917177200317,1.3530243635177612,0.7022641897201538,6.823545390943764e-07,0.6507595181465149,0.6261906623840332,1.0895943249278015e-23,0.6261906623840332,1.7182672023773193,1.3945014476776123,0.7844087481498718,0.6670430302619934,53.408607482910156,1.3864630460739136,0.07603058964014053,1.418087124824524,1.0493011474609375,0.9748291969299316,0.9723443388938904
75,val,0,1.0,1.0,3,PVC_10_180,18,0.5,12500.0,15.359999656677246,2.5872838497161865,2.70951771736145,2.735924243927002,-0.026406599208712578,1.2837947607040405,1.452129602432251,0.7541491985321045,7.241083039843943e-07,0.6979796290397644,0.6609118580818176,3.6900772493286525e-22,0.6609118580818176,1.786149024963379,1.3619964122772217,0.7751907110214233,0.6554343104362488,51.08686828613281,1.3655582666397095,0.10137336701154709,1.4070876836776733,1.0493707656860352,0.9748277068138123,0.9712127447128296
76,train,0,1.0,1.0,4,Rguijiao_20_0,0,0.05000000074505806,1250.0,0.5408450961112976,0.0793856531381607,0.08407110720872879,0.0845155268907547,-0.0004444161895662546,0.007962808012962341,0.07655271887779236,0.006460925098508596,0.028871357440948486,0.04122043773531914,0.0008497143280692399,0.012034342624247074,0.012034342624247074,1.1078687906265259,3.6762795448303223,0.6963842511177063,0.9132076501846313,102.64153289794922,1.3174136877059937,0.5647240281105042,1.540606141090393,0.9751943349838257,0.9760156869888306,0.9704006910324097
77,train,0,1.0,1.0,4,Rguijiao_20_0,1,0.07500000298023224,1875.0,1.216901421546936,0.06598012149333954,0.07577086240053177,0.07713746279478073,-0.001366597949527204,0.0184846892952919,0.05865277349948883,0.005179801490157843,0.02183600701391697,0.03163696452975273,0.002076980657875538,0.024730108678340912,0.024730108678340912,1.1430145502090454,1.4493794441223145,0.6675401926040649,0.9264792203903198,105.29583740234375,1.5276145935058594,-0.38712573051452637,1.3502010107040405,1.0056499242782593,0.9905389547348022,0.9580111503601074
78,train,0,1.0,1.0,4,Rguijiao_20_0,2,0.10000000149011612,2500.0,2.1633803844451904,0.13217772543430328,0.11422759294509888,0.11634614318609238,-0.0021185490768402815,0.03348656743764877,0.0828595757484436,0.007434305269271135,0.030880039557814598,0.04454522952437401,0.004223970230668783,0.03916126862168312,0.03916126862168312,1.1647499799728394,1.1983870267868042,0.6705756187438965,0.9396970868110657,107.93941497802734,1.5406423807144165,-0.5379663109779358,1.291998267173767,1.0261669158935547,0.9914019107818604,0.9590048789978027
79,train,0,1.0,1.0,4,Rguijiao_20_0,3,0.125,3125.0,3.380281686782837,0.19640156626701355,0.17332693934440613,0.17650164663791656,-0.003174704732373357,0.05180303379893303,0.12469860911369324,0.011236803606152534,0.04654089733958244,0.06692090630531311,0.008221819996833801,0.053746797144412994,0.053746797144412994,1.1531805992126465,1.155171275138855,0.6739826798439026,0.9483026266098022,109.66053009033203,1.5416618585586548,-0.5502194166183472,1.2871861457824707,1.0336458683013916,0.9907339811325073,0.9601361155509949
80,val,0,1.0,1.0,4,Rguijiao_20_0,4,0.15000000596046448,3750.0,4.867605686187744,0.2594616115093231,0.24757272005081177,0.2520865797996521,-0.004513860214501619,0.07334667444229126,0.17873990535736084,0.016143202781677246,0.06671811640262604,0.09587859362363815,0.01782258413732052,0.06770908087491989,0.06770908087491989,1.1338616609573364,1.1442663669586182,0.6746625900268555,0.9432054162025452,108.6410903930664,1.5401886701583862,-0.5373749136924744,1.291891098022461,1.0372676849365234,0.9910609126091003,0.9608705043792725
81,train,0,1.0,1.0,4,Rguijiao_20_0,5,0.17499999701976776,4375.0,6.625351905822754,0.35800719261169434,0.33579567074775696,0.3419467806816101,-0.006151100620627403,0.09820888191461563,0.24373790621757507,0.022062024101614952,0.09086231142282486,0.1308135688304901,0.0833248496055603,0.08086365461349487,0.08086365461349487,1.1154159307479858,1.140885829925537,0.6729286909103394,0.8541660308837891,90.83320617675781,1.5360580682754517,-0.5161150097846985,1.2982232570648193,1.0394760370254517,0.9922609329223633,0.9613109827041626
82,train,0,1.0,1.0,4,Rguijiao_20_0,6,0.20000000298023224,5000.0,8.653521537780762,0.47495365142822266,0.43726029992103577,0.4453681409358978,-0.00810785498470068,0.12651968002319336,0.31884846091270447,0.028934255242347717,0.11856354773044586,0.1713506579399109,0.23541828989982605,0.09331627935171127,0.09331627935171127,1.1001709699630737,1.139049768447876,0.6693168878555298,0.7266942262649536,65.3388442993164,1.5287851095199585,-0.4906857907772064,1.3037391901016235,1.0410115718841553,0.9940419793128967,0.9615481495857239
83,train,0,1.0,1.0,4,Rguijiao_20_0,7,0.22499999403953552,5625.0,10.952113151550293,0.5159441232681274,0.5510852336883545,0.5614883899688721,-0.01040317676961422,0.15843993425369263,0.40304842591285706,0.03668496385216713,0.14933232963085175,0.21703113615512848,0.33878958225250244,0.10526465624570847,0.10526465624570847,1.0885835886001587,1.136824131011963,0.6642140746116638,0.6701484322547913,54.029693603515625,1.5179599523544312,-0.4628782570362091,1.3071707487106323,1.0421595573425293,0.9961711168289185,0.9616348743438721
84,train,0,1.0,1.0,4,Rguijiao_20_0,8,0.25,6250.0,13.521126747131348,0.5834466218948364,0.6760850548744202,0.6891326904296875,-0.01304761040955782,0.19415715336799622,0.49497556686401367,0.04520965740084648,0.18254011869430542,0.26722580194473267,0.4210447072982788,0.11690676212310791,0.11690676212310791,1.0805267095565796,1.1334929466247559,0.6578676700592041,0.6344692707061768,46.893856048583984,1.5031938552856445,-0.4338100254535675,1.3075636625289917,1.0430527925491333,0.9984743595123291,0.9616022109985352
85,train,0,1.0,1.0,4,Rguijiao_20_0,9,0.2750000059604645,6875.0,16.360563278198242,0.8144222497940063,0.8107165694236755,0.8267546892166138,-0.016038112342357635,0.23387084901332855,0.592883825302124,0.054369401186704636,0.21740949153900146,0.3211049437522888,0.4909791052341461,0.1284092366695404,0.1284092366695404,1.0756545066833496,1.1288131475448608,0.6504451036453247,0.6089425683021545,41.788509368896484,1.4840869903564453,-0.4043191373348236,1.3040735721588135,1.0437626838684082,1.00082266330719,0.9614709615707397
86,train,0,1.0,1.0,4,Rguijiao_20_0,10,0.30000001192092896,7500.0,19.470422744750977,0.9322099089622498,0.9530901908874512,0.9724446535110474,-0.019354434683918953,0.2777712643146515,0.6946734189987183,0.06399115920066833,0.2530401051044464,0.3776421546936035,0.552803099155426,0.13990218937397003,0.13990218937397003,1.073512077331543,1.1227731704711914,0.642090916633606,0.5894266963005066,37.88533401489258,1.4602406024932861,-0.3750588595867157,1.2959377765655518,1.0443305969238281,1.0031200647354126,0.9612591862678528
87,val,0,1.0,1.0,4,Rguijiao_20_0,11,0.32499998807907104,8125.0,22.850704193115234,0.985845148563385,1.1010327339172363,1.1239904165267944,-0.02295771613717079,0.32601770758628845,0.7979726791381836,0.07387229800224304,0.2884579300880432,0.43564245104789734,0.6090114116668701,0.15148326754570007,0.15148326754570007,1.0735855102539062,1.1155056953430176,0.6329586505889893,0.5738567113876343,34.77134704589844,1.431289553642273,-0.34654054045677185,1.282489538192749,1.0447827577590942,1.0052951574325562,0.9609849452972412
88,train,0,1.0,1.0,4,Rguijiao_20_0,12,0.3499999940395355,8750.0,26.501407623291016,1.1948415040969849,1.252194881439209,1.2789866924285889,-0.0267917700111866,0.37872451543807983,0.900262176990509,0.0837889313697815,0.3226803243160248,0.49379292130470276,0.6612422466278076,0.1632239818572998,0.1632239818572998,1.0753490924835205,1.1072440147399902,0.6232231855392456,0.5610531568527222,32.210636138916016,1.3969550132751465,-0.3191664218902588,1.2631967067718506,1.0451362133026123,1.0072963237762451,0.960667610168457
89,train,0,1.0,1.0,4,Rguijiao_20_0,13,0.375,9375.0,30.422534942626953,1.4401521682739258,1.4041976928710938,1.4349852800369263,-0.0307876355946064,0.43596136569976807,0.9990239143371582,0.0935075432062149,0.3547850549221039,0.5507313013076782,0.7106358408927917,0.1751757562160492,0.1751757562160492,1.0783199071884155,1.0982853174209595,0.6130769848823547,0.5502814054489136,30.056276321411133,1.3571102619171143,-0.29324963688850403,1.2377185821533203,1.045403003692627,1.0090889930725098,0.9603263735771179
90,train,0,1.0,1.0,4,Rguijiao_20_0,14,0.4000000059604645,10000.0,34.61408615112305,1.5939713716506958,1.5547913312911987,1.5896612405776978,-0.0348699577152729,0.4977608621120453,1.09190034866333,0.10279916971921921,0.3839733302593231,0.6051278710365295,0.7580162286758423,0.1873747855424881,0.1873747855424881,1.0820887088775635,1.0889534950256348,0.6027164459228516,0.5410550832748413,28.211017608642578,1.311841368675232,-0.26902714371681213,1.2059650421142578,1.0455920696258545,1.0106545686721802,0.9599793553352356
91,train,0,1.0,1.0,4,Rguijiao_20_0,15,0.42500001192092896,10625.0,39.07605743408203,1.847556233406067,1.702028751373291,1.7409934997558594,-0.038964755833148956,0.5641348958015442,1.17685866355896,0.1114555224776268,0.40962475538253784,0.6557783484458923,0.803994357585907,0.19984598457813263,0.19984598457813263,1.086343765258789,1.0795656442642212,0.5923284292221069,0.5330373644828796,26.607471466064453,1.2615022659301758,-0.24666045606136322,1.1681534051895142,1.045710563659668,1.011988639831543,0.9596414566040039
92,train,0,1.0,1.0,4,Rguijiao_20_0,16,0.44999998807907104,11250.0,43.80845260620117,1.9395111799240112,1.844417929649353,1.8874248266220093,-0.04300687089562416,0.6350884437561035,1.2523363828659058,0.11930505931377411,0.43133628368377686,0.7016950249671936,0.8490321040153503,0.21260574460029602,0.21260574460029602,1.0908658504486084,1.0704039335250854,0.5820785164833069,0.5259861946105957,25.19723892211914,1.2067354917526245,-0.2262306958436966,1.1248353719711304,1.0457645654678345,1.0130982398986816,0.9593243598937988
93,train,0,1.0,1.0,4,Rguijiao_20_0,17,0.4749999940395355,11875.0,48.8112678527832,2.0250658988952637,1.9810367822647095,2.027982711791992,-0.04694591462612152,0.7106286287307739,1.3173540830612183,0.12622679769992828,0.4489418864250183,0.7421854138374329,0.8934834003448486,0.2256641983985901,0.2256641983985901,1.0955132246017456,1.0616954565048218,0.5721042156219482,0.519722580909729,23.944515228271484,1.1484593152999878,-0.20774070918560028,1.0768847465515137,1.0457595586776733,1.0139986276626587,0.9590356349945068
94,train,0,1.0,1.0,4,Rguijiao_20_0,18,0.5,12500.0,54.08450698852539,2.1159510612487793,2.111588716506958,2.1623387336730957,-0.05075002461671829,0.7907673120498657,1.3715713024139404,0.132159024477005,0.46251019835472107,0.7769020199775696,0.9382701516151428,0.23902688920497894,0.23902688920497894,1.1001980304718018,1.05360746383667,0.5625120997428894,0.5142316222190857,22.84632110595703,1.0878039598464966,-0.19112128019332886,1.0254331827163696,1.0457005500793457,1.0147101879119873,0.9587796330451965
95,train,0,1.0,1.0,5,Rguijiao_20_180,0,0.05000000074505806,1250.0,0.5408450961112976,0.03256566822528839,0.045043449848890305,0.04414264112710953,0.0009008074412122369,0.007162412162870169,0.03698023036122322,0.01842706836760044,2.087465844624603e-08,0.01855314150452614,0.014045508578419685,4.771743885034999e-23,0.014045508578419685,0.9965093731880188,1.0722936391830444,0.8610674738883972,0.9817633032798767,116.3526611328125,1.7718315124511719,0.9813152551651001,2.2934491634368896,0.9990612268447876,0.9857784509658813,1.0058965682983398
96,train,0,1.0,1.0,5,Rguijiao_20_180,1,0.07500000298023224,1875.0,1.216901421546936,0.1428789347410202,0.104261614382267,0.1038677915930748,0.00039382578688673675,0.017406368628144264,0.08646142482757568,0.04482299089431763,4.6813084964014706e-08,0.041638389229774475,0.034756336361169815,9.746242062107351e-23,0.034756336361169815,1.0763357877731323,1.2666857242584229,0.8368020057678223,0.955812931060791,111.16258239746094,1.7355207204818726,0.5328550934791565,2.0129551887512207,1.0417274236679077,0.9751222133636475,0.9677141904830933
97,train,0,1.0,1.0,5,Rguijiao_20_180,2,0.10000000149011612,2500.0,2.1633803844451904,0.154811292886734,0.18361763656139374,0.18411070108413696,-0.0004930635914206505,0.031976643949747086,0.15213406085968018,0.0790773332118988,7.919337718931274e-08,0.07305663824081421,0.06915778666734695,1.5577213465954122e-22,0.06915778666734695,1.112230896949768,1.4477105140686035,0.8062008023262024,0.9151419997215271,103.02839660644531,1.6836496591567993,0.11447898298501968,1.741472601890564,1.0455200672149658,0.9740635752677917,0.9659175276756287
98,train,0,1.0,1.0,5,Rguijiao_20_180,3,0.125,3125.0,3.380281686782837,0.3438483476638794,0.2799968123435974,0.2813255190849304,-0.0013287123292684555,0.04984665662050247,0.23147886991500854,0.12037816643714905,1.1780680608808325e-07,0.11110058426856995,0.11730728298425674,3.3007464984804745e-22,0.11730728298425674,1.1096298694610596,1.4901320934295654,0.7888733148574829,0.8628255128860474,92.56509399414062,1.6487255096435547,-0.004066023975610733,1.6467143297195435,1.0465583801269531,0.9737334251403809,0.9658997058868408
99,train,0,1.0,1.0,5,Rguijiao_20_180,4,0.15000000596046448,3750.0,4.867605686187744,0.366254061460495,0.3950513005256653,0.39734095335006714,-0.0022896481677889824,0.07162546366453171,0.32571548223495483,0.16943243145942688,1.6280490910958179e-07,0.15628288686275482,0.17116811871528625,3.0512473384256006e-22,0.17116811871528625,1.1072534322738647,1.4917685985565186,0.7751391530036926,0.8097938895225525,81.95877838134766,1.6206390857696533,-0.028138475492596626,1.6069583892822266,1.0470964908599854,0.9735073447227478,0.965831995010376
100,train,0,1.0,1.0,5,Rguijiao_20_180,5,0.17499999701976776,4375.0,6.625351905822754,0.5469441413879395,0.527239978313446,0.530748188495636,-0.0035081885289400816,0.09794235974550247,0.4328058362007141,0.2252093255519867,2.1248337134238682e-07,0.2075963169336319,0.22271017730236053,4.1042529535057127e-22,0.22271017730236053,1.1123888492584229,1.4772648811340332,0.7615153789520264,0.7638893723487854,72.77787780761719,1.5932589769363403,-0.019072633236646652,1.5841426849365234,1.0474574565887451,0.9733242392539978,0.965538501739502
101,val,0,1.0,1.0,5,Rguijiao_20_180,6,0.20000000298023224,5000.0,8.653521537780762,0.6811033487319946,0.6737237572669983,0.6788337826728821,-0.005110045894980431,0.12952931225299835,0.5493044853210449,0.2859404981136322,2.643610912400618e-07,0.26336368918418884,0.269457072019577,5.165577832583413e-22,0.269457072019577,1.126341700553894,1.453826665878296,0.7465100288391113,0.7262254357337952,65.24508666992188,1.5627657175064087,0.003365978831425309,1.564343810081482,1.0477304458618164,0.9731886982917786,0.9650054574012756
102,train,0,1.0,1.0,5,Rguijiao_20_180,7,0.22499999403953552,5625.0,10.952113151550293,0.8595311641693115,0.8305602669715881,0.8377707600593567,-0.007210499607026577,0.16726170480251312,0.6705090403556824,0.3491968512535095,3.15331305955624e-07,0.3213118612766266,0.31184452772140503,6.088031133035027e-22,0.31184452772140503,1.1491947174072266,1.4243369102478027,0.7293384075164795,0.6954247355461121,59.08494186401367,1.5260590314865112,0.03131646290421486,1.5403962135314941,1.0479459762573242,0.9731231927871704,0.9642626047134399
103,val,0,1.0,1.0,5,Rguijiao_20_180,8,0.25,6250.0,13.521126747131348,0.9238037467002869,0.9928332567214966,1.0027137994766235,-0.009880528785288334,0.21211573481559753,0.7905980348587036,0.41195324063301086,3.6192784591548843e-07,0.3786444664001465,0.35095101594924927,4.4343872033728714e-23,0.35095101594924927,1.1804701089859009,1.3906149864196777,0.7096760272979736,0.6699312329292297,53.986244201660156,1.4803053140640259,0.0610373355448246,1.5074113607406616,1.0481126308441162,0.9731574654579163,0.9633666276931763
104,train,0,1.0,1.0,5,Rguijiao_20_180,9,0.2750000059604645,6875.0,16.360563278198242,1.1566203832626343,1.155026912689209,1.168136715888977,-0.013109783641994,0.2650505602359772,0.9030861854553223,0.4708201587200165,4.0084242414195614e-07,0.43226563930511475,0.3877774477005005,1.5124849068464185e-22,0.3877774477005005,1.219061017036438,1.354443907737732,0.6876713633537292,0.6485117077827454,49.702335357666016,1.4231051206588745,0.09034188091754913,1.4616750478744507,1.0482299327850342,0.9733197093009949,0.9623925089836121
105,train,0,1.0,1.0,5,Rguijiao_20_180,10,0.30000001192092896,7500.0,19.470422744750977,1.4060606956481934,1.311746597290039,1.328538179397583,-0.016791582107543945,0.3268493115901947,1.001688838005066,0.5224943161010742,4.296030340356083e-07,0.47919410467147827,0.42311134934425354,2.1849816341358754e-22,0.42311134934425354,1.263185739517212,1.3177839517593384,0.663953959941864,0.6302563548088074,46.05126953125,1.3530747890472412,0.11768515408039093,1.4008458852767944,1.0482945442199707,0.973626434803009,0.9614199995994568
106,train,0,1.0,1.0,5,Rguijiao_20_180,11,0.32499998807907104,8125.0,22.850704193115234,1.4605861902236938,1.4587485790252686,1.479494571685791,-0.020745985209941864,0.39798542857170105,1.0815091133117676,0.5643852353096008,4.471718852983031e-07,0.5171233415603638,0.4575432538986206,2.0516508882903167e-22,0.4575432538986206,1.310577154159546,1.2825872898101807,0.6395201683044434,0.6144993305206299,42.899864196777344,1.2705799341201782,0.1419508159160614,1.3246879577636719,1.0483038425445557,0.974076509475708,0.9605183601379395
107,train,0,1.0,1.0,5,Rguijiao_20_180,12,0.3499999940395355,8750.0,26.501407623291016,1.5938189029693604,1.5939643383026123,1.618739128112793,-0.024774817749857903,0.4785761833190918,1.1401629447937012,0.5952132344245911,4.541663543022878e-07,0.5449492931365967,0.49150949716567993,1.0935382981323264e-22,0.49150949716567993,1.3588676452636719,1.2504563331604004,0.6154910922050476,0.60074782371521,40.14957046508789,1.1781666278839111,0.16250324249267578,1.2356034517288208,1.048256754875183,0.9746519327163696,0.9597345590591431
108,train,0,1.0,1.0,5,Rguijiao_20_180,13,0.375,9375.0,30.422534942626953,1.7949695587158203,1.7180280685424805,1.7467503547668457,-0.028722301125526428,0.5684437155723572,1.1783065795898438,0.6152944564819336,4.5257127112563467e-07,0.5630117058753967,0.5253316760063171,1.495270447281558e-22,0.5253316760063171,1.4060057401657104,1.2223962545394897,0.5928452014923096,0.588631272315979,37.72625732421875,1.080236554145813,0.17921218276023865,1.1383140087127686,1.0481539964675903,0.9753242135047913,0.9590902924537659
109,train,0,1.0,1.0,5,Rguijiao_20_180,14,0.4000000059604645,10000.0,34.61408615112305,1.8172143697738647,1.8339436054229736,1.8664541244506836,-0.03251057490706444,0.6672306060791016,1.199223518371582,0.626329779624939,4.450806443401234e-07,0.5728933811187744,0.5592469573020935,1.9560245382707015e-22,0.5592469573020935,1.4505012035369873,1.1987643241882324,0.5722426772117615,0.5778660178184509,35.57320785522461,0.9819762110710144,0.19236648082733154,1.0386459827423096,1.0479979515075684,0.9760614633560181,0.9585862755775452
110,train,0,1.0,1.0,5,Rguijiao_20_180,15,0.42500001192092896,10625.0,39.07605743408203,1.9982558488845825,1.9460484981536865,1.982187271118164,-0.036138731986284256,0.7745128273963928,1.207674503326416,0.630802571773529,4.3439143837531446e-07,0.5768715143203735,0.593430757522583,4.209740443493825e-22,0.593430757522583,1.491464376449585,1.17940092086792,0.5539919137954712,0.5682315826416016,33.64631271362305,0.8880661129951477,0.20249637961387634,0.9420151710510254,1.0477917194366455,0.976833701133728,0.958209753036499
111,train,0,1.0,1.0,5,Rguijiao_20_180,16,0.44999998807907104,11250.0,43.80845260620117,2.1439406871795654,2.058811664581299,2.098468065261841,-0.0396563895046711,0.8898667693138123,1.2086012363433838,0.6312983632087708,4.2271511802027817e-07,0.5773024559020996,0.6280124187469482,7.673410321620723e-23,0.6280124187469482,1.528488278388977,1.163831353187561,0.5381168723106384,0.5595534443855286,31.910694122314453,0.8018080592155457,0.2101985365152359,0.8523697257041931,1.0475393533706665,0.9776156544685364,0.9579417705535889
112,train,0,1.0,1.0,5,Rguijiao_20_180,17,0.4749999940395355,11875.0,48.8112678527832,2.1708872318267822,2.175987720489502,2.219120502471924,-0.04313270375132561,1.0129040479660034,1.20621657371521,0.6300245523452759,4.115972558338399e-07,0.5761916637420654,0.6630873680114746,1.0249265592317644e-21,0.6630873680114746,1.5615044832229614,1.1514530181884766,0.5244617462158203,0.5516924262046814,30.33848762512207,0.7249107956886292,0.21601557731628418,0.7718884348869324,1.0472450256347656,0.9783870577812195,0.9577623009681702
113,train,0,1.0,1.0,5,Rguijiao_20_180,18,0.5,12500.0,54.08450698852539,2.288050651550293,2.3002779483795166,2.346911907196045,-0.046634044498205185,1.1432784795761108,1.203633427619934,0.628614604473114,4.019640300612082e-07,0.5750184059143066,0.6987252831459045,1.5449125679011279e-21,0.6987252831459045,1.5906482934951782,1.141660213470459,0.5127823352813721,0.544535219669342,28.90704917907715,0.6577645540237427,0.22039221227169037,0.7012543678283691,1.046913504600525,0.979133129119873,0.957652747631073
114,train,0,1.0,1.0,6,Rguijiao_10_0,0,0.05000000074505806,1250.0,0.5408450961112976,0.032475970685482025,0.03293607011437416,0.03227332979440689,0.0006627412512898445,0.00585018377751112,0.026423146948218346,0.009275584481656551,0.007399437949061394,0.009748125448822975,0.007022754289209843,0.006017171312123537,0.006017171312123537,0.813938558101654,2.650810718536377,0.8049720525741577,0.6977755427360535,59.55510711669922,0.7371036410331726,0.9851329326629639,0.9549471735954285,0.9771289825439453,0.9683414101600647,1.026908278465271
115,train,0,1.0,1.0,6,Rguijiao_10_0,1,0.07500000298023224,1875.0,1.216901421546936,0.01790078543126583,0.03578154370188713,0.035702019929885864,7.952212763484567e-05,0.019584691151976585,0.01611732877790928,0.005852052941918373,0.0044122966937720776,0.005852979142218828,0.017378168180584908,0.012365054339170456,0.012365054339170456,1.2110340595245361,1.4847545623779297,0.7536933422088623,0.6890503168106079,57.810062408447266,0.3799825608730316,0.8418165445327759,0.47594526410102844,0.9814829230308533,0.9818485379219055,0.9816381931304932
116,train,0,1.0,1.0,6,Rguijiao_10_0,2,0.10000000149011612,2500.0,2.1633803844451904,0.07656078040599823,0.0722302496433258,0.07303955405950546,-0.0008093045908026397,0.046604741364717484,0.02643481269478798,0.009906775318086147,0.00689929723739624,0.009628739207983017,0.03457889333367348,0.01958063431084156,0.01958063431084156,1.6210342645645142,1.626852035522461,0.6980012059211731,0.6682419776916504,53.64839553833008,0.3776104748249054,0.2629259526729584,0.4073955714702606,0.9964985847473145,0.9942441582679749,0.9685314297676086
117,train,0,1.0,1.0,6,Rguijiao_10_0,3,0.125,3125.0,3.380281686782837,0.23806096613407135,0.11908036470413208,0.12083625048398972,-0.001755884732119739,0.0740298479795456,0.04680640250444412,0.017782095819711685,0.011891195550560951,0.017133112996816635,0.05865364149212837,0.026873398572206497,0.026873398572206497,1.6479687690734863,1.788236141204834,0.6748703718185425,0.6360481977462769,47.20964050292969,0.423854261636734,-0.009397818706929684,0.4226592779159546,1.0038213729858398,0.9946690797805786,0.9671854376792908
118,train,0,1.0,1.0,6,Rguijiao_10_0,4,0.15000000596046448,3750.0,4.867605686187744,0.1772611141204834,0.17408356070518494,0.17691579461097717,-0.0028322278521955013,0.10290366411209106,0.07401213049888611,0.02833826281130314,0.01845536008477211,0.02721850387752056,0.08558405935764313,0.033854540437459946,0.033854540437459946,1.5907812118530273,1.9085559844970703,0.6600124835968018,0.6019469499588013,40.38938522338867,0.4499037265777588,-0.09555027633905411,0.43700721859931946,1.0067137479782104,0.993351936340332,0.966934323310852
119,train,0,1.0,1.0,6,Rguijiao_10_0,5,0.17499999701976776,4375.0,6.625351905822754,0.18364696204662323,0.23679281771183014,0.24088963866233826,-0.00409682048484683,0.13428457081317902,0.10660506784915924,0.04106028378009796,0.026150131598114967,0.03939465060830116,0.11135508865118027,0.040431827306747437,0.040431827306747437,1.5251487493515015,2.0091066360473633,0.6467846632003784,0.5731584429740906,34.63169479370117,0.45807018876075745,-0.12033110857009888,0.441534161567688,1.0075981616973877,0.9921550750732422,0.9667242765426636
120,train,0,1.0,1.0,6,Rguijiao_10_0,6,0.20000000298023224,5000.0,8.653521537780762,0.3012953996658325,0.30641335248947144,0.311981737613678,-0.005568374413996935,0.16846327483654022,0.14351847767829895,0.055563785135746,0.03465528413653374,0.05329941585659981,0.1347285360097885,0.04665813967585564,0.04665813967585564,1.464897871017456,2.0984203815460205,0.6338902711868286,0.5506797432899475,30.13594627380371,0.4544283449649811,-0.12020155042409897,0.43804144859313965,1.0074716806411743,0.9912801384925842,0.9664146304130554
121,val,0,1.0,1.0,6,Rguijiao_10_0,7,0.22499999403953552,5625.0,10.952113151550293,0.3997516632080078,0.3817370533943176,0.38898003101348877,-0.00724297109991312,0.20545750856399536,0.1835225224494934,0.07138891518115997,0.04363822191953659,0.06849539279937744,0.15592226386070251,0.05263232812285423,0.05263232812285423,1.4116243124008179,2.1776301860809326,0.6212213039398193,0.5332548022270203,26.650957107543945,0.44311124086380005,-0.10773544758558273,0.4287896156311035,1.0068068504333496,0.9906860589981079,0.9659989476203918
122,train,0,1.0,1.0,6,Rguijiao_10_0,8,0.25,6250.0,13.521126747131348,0.3755049407482147,0.4611111879348755,0.47020941972732544,-0.009098230861127377,0.24517366290092468,0.22503575682640076,0.08792798221111298,0.05270867422223091,0.08439911156892776,0.17547550797462463,0.058453381061553955,0.058453381061553955,1.3644447326660156,2.2450642585754395,0.6088700294494629,0.5195333957672119,23.90667724609375,0.4266600012779236,-0.08856739103794098,0.4153235852718353,1.0058668851852417,0.9903094172477722,0.9654977321624756
123,train,0,1.0,1.0,6,Rguijiao_10_0,9,0.2750000059604645,6875.0,16.360563278198242,0.5174230337142944,0.5425321459770203,0.5536260604858398,-0.011093913577497005,0.28742730617523193,0.2661987841129303,0.1044536828994751,0.06143689528107643,0.10030820965766907,0.19388872385025024,0.0642046183347702,0.0642046183347702,1.3219797611236572,2.2986092567443848,0.5969165563583374,0.5085000395774841,21.700002670288086,0.4067137539386749,-0.06590814143419266,0.3986720144748688,1.0048152208328247,0.9900978207588196,0.9649369120597839
124,train,0,1.0,1.0,6,Rguijiao_10_0,10,0.30000001192092896,7500.0,19.470422744750977,0.7263884544372559,0.6238882541656494,0.637063205242157,-0.01317494735121727,0.33194828033447266,0.3051149249076843,0.12021289765834808,0.06940947473049164,0.1154925599694252,0.21155567467212677,0.06995109468698502,0.06995109468698502,1.282891869544983,2.336763858795166,0.5854042768478394,0.49944519996643066,19.889041900634766,0.3844754993915558,-0.04190874472260475,0.3796416223049164,1.0037572383880615,0.9900121092796326,0.9643431305885315
125,train,0,1.0,1.0,6,Rguijiao_10_0,11,0.32499998807907104,8125.0,22.850704193115234,0.856721043586731,0.7032929062843323,0.7185728549957275,-0.01527997013181448,0.378426194190979,0.3401466906070709,0.134543776512146,0.07629410922527313,0.1293088048696518,0.2287716269493103,0.07574163377285004,0.07574163377285004,1.2461681365966797,2.3590176105499268,0.574351966381073,0.491877019405365,18.37540626525879,0.36094772815704346,-0.01811246946454048,0.3589864671230316,1.0027587413787842,0.9900241494178772,0.9637423157691956
126,train,0,1.0,1.0,6,Rguijiao_10_0,12,0.3499999940395355,8750.0,26.501407623291016,0.7031731605529785,0.7794028520584106,0.7967565059661865,-0.017353633418679237,0.42658600211143494,0.370170533657074,0.14697828888893127,0.08189111948013306,0.14130114018917084,0.24575474858283997,0.0816119909286499,0.0816119909286499,1.2112468481063843,2.3658831119537354,0.563772439956665,0.4854499101638794,17.08997917175293,0.3370228409767151,0.004364229738712311,0.3374640941619873,1.001855492591858,0.9901131391525269,0.9631579518318176
127,train,0,1.0,1.0,6,Rguijiao_10_0,13,0.375,9375.0,30.422534942626953,0.7567718625068665,0.8516125679016113,0.8709700107574463,-0.019357452169060707,0.4762599468231201,0.39471006393432617,0.1572987586259842,0.08615457266569138,0.15125672519207,0.26266583800315857,0.0875878781080246,0.0875878781080246,1.1779955625534058,2.358750581741333,0.5536857843399048,0.4799163043498993,15.983262062072754,0.3134838342666626,0.024757616221904755,0.3158121705055237,1.001061201095581,0.9902623295783997,0.9626092314720154
128,train,0,1.0,1.0,6,Rguijiao_10_0,14,0.4000000059604645,10000.0,34.61408615112305,0.926590085029602,0.920067310333252,0.9413422346115112,-0.02127494104206562,0.5274226665496826,0.413919597864151,0.16553610563278198,0.089179128408432,0.159204363822937,0.27962347865104675,0.09368739277124405,0.09368739277124405,1.1465709209442139,2.339650869369507,0.5441229939460754,0.475095272064209,15.019055366516113,0.2909727096557617,0.04260518401861191,0.2946917712688446,1.0003740787506104,0.9904574155807495,0.9621098637580872
129,train,0,1.0,1.0,6,Rguijiao_10_0,15,0.42500001192092896,10625.0,39.07605743408203,0.9616321325302124,0.9855098128318787,1.008619785308838,-0.023109976202249527,0.5801835656166077,0.4284362196922302,0.17191605269908905,0.0911584123969078,0.16536176204681396,0.2967153787612915,0.09992299228906631,0.09992299228906631,1.117248296737671,2.3109593391418457,0.5351191163063049,0.4708518087863922,14.17035961151123,0.2699572443962097,0.05770520120859146,0.2746306359767914,0.9997838139533997,0.9906858205795288,0.9616669416427612
130,train,0,1.0,1.0,6,Rguijiao_10_0,16,0.44999998807907104,11250.0,43.80845260620117,1.140575885772705,1.0490400791168213,1.0739209651947021,-0.024880850687623024,0.6347517371177673,0.43916916847229004,0.17677877843379974,0.0923328846693039,0.1700574904680252,0.3140062093734741,0.10630287230014801,0.10630287230014801,1.0902875661849976,2.2751033306121826,0.526702880859375,0.46708327531814575,13.416654586791992,0.2507231533527374,0.07005618512630463,0.2559925615787506,0.9992759227752686,0.9909368753433228,0.96128249168396
131,train,0,1.0,1.0,6,Rguijiao_10_0,17,0.4749999940395355,11875.0,48.8112678527832,1.0781452655792236,1.111876368522644,1.1384896039962769,-0.02661324106156826,0.6913891434669495,0.447100430727005,0.1805008500814438,0.09294427931308746,0.17365530133247375,0.3315436840057373,0.11283209919929504,0.11283209919929504,1.0658533573150635,2.234339475631714,0.5188899040222168,0.46371036767959595,12.742074966430664,0.23338980972766876,0.0798090249300003,0.23897778987884521,0.9988357424736023,0.991202175617218,0.960954487323761
132,train,0,1.0,1.0,6,Rguijiao_10_0,18,0.5,12500.0,54.08450698852539,1.1654129028320312,1.1751817464828491,1.2035162448883057,-0.028334518894553185,0.7503703236579895,0.45314598083496094,0.1834394633769989,0.09320656955242157,0.17649997770786285,0.34936264157295227,0.11951344460248947,0.11951344460248947,1.043993353843689,2.1906180381774902,0.511679470539093,0.4606708288192749,12.13416576385498,0.21794775128364563,0.08721020072698593,0.22364993393421173,0.998449444770813,0.9914751052856445,0.960678219795227
133,train,0,1.0,1.0,7,Rguijiao_10_180,0,0.05000000074505806,1250.0,0.5408450961112976,0.07105152308940887,0.0752888098359108,0.07389093935489655,0.0013978725764900446,0.012073809280991554,0.06181712821125984,0.030558312311768532,3.467490117259331e-08,0.031258780509233475,0.007022754289209843,2.3858719425174996e-23,0.007022754289209843,1.679834008216858,3.559875965118408,0.8778082132339478,0.9817633032798767,116.3526611328125,1.7438297271728516,0.9814079999923706,2.2572522163391113,1.0141055583953857,0.9831745028495789,1.037351131439209
134,train,0,1.0,1.0,7,Rguijiao_10_180,1,0.07500000298023224,1875.0,1.216901421546936,0.12306200712919235,0.09594772011041641,0.0957692414522171,0.0001784764026524499,0.022234810516238213,0.07353442907333374,0.037749964743852615,4.17544221420485e-08,0.03578442707657814,0.017378168180584908,4.8731210310536756e-23,0.017378168180584908,1.374906063079834,2.439539670944214,0.8767873048782349,0.955812931060791,111.16258239746094,1.6554020643234253,0.2004808932542801,1.7549651861190796,1.0450243949890137,0.9887337684631348,0.9906127452850342
135,train,0,1.0,1.0,7,Rguijiao_10_180,2,0.10000000149011612,2500.0,2.1633803844451904,0.1277802288532257,0.13559652864933014,0.1362055093050003,-0.000608984671998769,0.03481382131576538,0.10139168798923492,0.05237764120101929,5.564081462239301e-08,0.04901399463415146,0.03457889333367348,7.788606732977061e-23,0.03457889333367348,1.210915446281433,2.353867769241333,0.8440803289413452,0.9151419997215271,103.02839660644531,1.5307880640029907,-0.24676407873630524,1.417465090751648,1.0465507507324219,0.987837016582489,0.979341983795166
136,train,0,1.0,1.0,7,Rguijiao_10_180,3,0.125,3125.0,3.380281686782837,0.20696482062339783,0.197586327791214,0.19888505339622498,-0.0012987240916118026,0.05189327523112297,0.1469917744398117,0.07605503499507904,7.879460639514946e-08,0.0709366574883461,0.05865364149212837,1.6503732492402373e-22,0.05865364149212837,1.1551895141601562,2.360450267791748,0.8247077465057373,0.8628255128860474,92.56509399414062,1.4552515745162964,-0.3257041275501251,1.3130570650100708,1.0469796657562256,0.986433744430542,0.9765195846557617
137,train,0,1.0,1.0,7,Rguijiao_10_180,4,0.15000000596046448,3750.0,4.867605686187744,0.25759854912757874,0.27247464656829834,0.2745545506477356,-0.0020799008198082447,0.07327321916818619,0.2012813240289688,0.1042332649230957,1.0574962772125218e-07,0.09704795479774475,0.08558405935764313,1.5256236692128003e-22,0.08558405935764313,1.1327260732650757,2.348820209503174,0.808788001537323,0.8097938895225525,81.95877838134766,1.398230791091919,-0.34025102853775024,1.255505919456482,1.0472830533981323,0.9852878451347351,0.9750886559486389
138,train,0,1.0,1.0,7,Rguijiao_10_180,5,0.17499999701976776,4375.0,6.625351905822754,0.36598169803619385,0.35605087876319885,0.35906776785850525,-0.0030168970115482807,0.09903796762228012,0.26002979278564453,0.13475459814071655,1.3390643971433747e-07,0.12527506053447723,0.11135508865118027,2.0521264767528563e-22,0.11135508865118027,1.124832272529602,2.3165054321289062,0.7930988669395447,0.7638893723487854,72.77787780761719,1.3453866243362427,-0.33832091093063354,1.2088348865509033,1.0475529432296753,0.984391450881958,0.973861038684845
139,train,0,1.0,1.0,7,Rguijiao_10_180,6,0.20000000298023224,5000.0,8.653521537780762,0.4905824661254883,0.4445365071296692,0.44870030879974365,-0.004163811448961496,0.12947934865951538,0.31922096014022827,0.16555839776992798,1.6085378717889398e-07,0.15366238355636597,0.1347285360097885,2.5827889162917066e-22,0.1347285360097885,1.1259071826934814,2.266054391860962,0.776167631149292,0.7262254357337952,65.24508666992188,1.2901604175567627,-0.33082321286201477,1.1621159315109253,1.0478042364120483,0.9837074875831604,0.9725152254104614
140,val,0,1.0,1.0,7,Rguijiao_10_180,7,0.22499999403953552,5625.0,10.952113151550293,0.5705785155296326,0.534089207649231,0.5396449565887451,-0.005555751733481884,0.16499973833560944,0.3746452033519745,0.1944708228111267,1.8419484604237368e-07,0.18017420172691345,0.15592226386070251,3.0440155665175137e-22,0.15592226386070251,1.1336536407470703,2.199220657348633,0.7572057247161865,0.6954247355461121,59.08494186401367,1.2291491031646729,-0.32013022899627686,1.111102819442749,1.0480334758758545,0.9832083582878113,0.9709867238998413
141,train,0,1.0,1.0,7,Rguijiao_10_180,8,0.25,6250.0,13.521126747131348,0.6228553056716919,0.6212631464004517,0.6284549832344055,-0.007191816810518503,0.2060469686985016,0.42240801453590393,0.21946386992931366,2.0193145644498145e-07,0.20294393599033356,0.17547550797462463,2.2171936016864357e-23,0.17547550797462463,1.1466962099075317,2.1183362007141113,0.7359733581542969,0.6699312329292297,53.986244201660156,1.1608409881591797,-0.3060972988605499,1.0542418956756592,1.0482300519943237,0.982871413230896,0.9693254232406616
142,train,0,1.0,1.0,7,Rguijiao_10_180,9,0.2750000059604645,6875.0,16.360563278198242,0.7124390006065369,0.703798234462738,0.712833046913147,-0.00903481338173151,0.25307929515838623,0.45975372195243835,0.2390841394662857,2.129748821744215e-07,0.22066937386989594,0.19388872385025024,7.562424534232092e-23,0.19388872385025024,1.1640011072158813,2.027407169342041,0.7127678394317627,0.6485117077827454,49.702335357666016,1.0854172706604004,-0.28813526034355164,0.9915931820869446,1.0483821630477905,0.9826762676239014,0.9676335453987122
143,train,0,1.0,1.0,7,Rguijiao_10_180,10,0.30000001192092896,7500.0,19.470422744750977,0.8545188307762146,0.7812614440917969,0.7922910451889038,-0.011029627174139023,0.3065488040447235,0.4857422709465027,0.25281262397766113,2.1745026401731593e-07,0.23292942345142365,0.21155567467212677,1.0924908170679377e-22,0.21155567467212677,1.1847296953201294,1.9319486618041992,0.6883434653282166,0.6302563548088074,46.05126953125,1.0046895742416382,-0.2660364508628845,0.9245044589042664,1.048480749130249,0.9826021194458008,0.9660197496414185
144,train,0,1.0,1.0,7,Rguijiao_10_180,11,0.32499998807907104,8125.0,22.850704193115234,0.8390063047409058,0.8551145792007446,0.8682429194450378,-0.013128341175615788,0.3668779730796814,0.5013649463653564,0.261136919260025,2.1657177740053157e-07,0.2402278035879135,0.2287716269493103,1.0258254441451584e-22,0.2287716269493103,1.2081395387649536,1.8378468751907349,0.6637191772460938,0.6144993305206299,42.899864196777344,0.9217255115509033,-0.24018467962741852,0.8553102016448975,1.048521637916565,0.9826251864433289,0.9645668268203735
145,train,0,1.0,1.0,7,Rguijiao_10_180,12,0.3499999940395355,8750.0,26.501407623291016,0.9622376561164856,0.9281138777732849,0.9434206485748291,-0.015306760556995869,0.43442502617836,0.5089956521987915,0.2652738392353058,2.1213806178366212e-07,0.24372157454490662,0.24575474858283997,5.467691490661632e-23,0.24575474858283997,1.2335050106048584,1.7500026226043701,0.6399214267730713,0.60074782371521,40.14957046508789,0.8400787711143494,-0.21144968271255493,0.7867884635925293,1.0485048294067383,0.9827187061309814,0.9633187055587769
146,train,0,1.0,1.0,7,Rguijiao_10_180,13,0.375,9375.0,30.422534942626953,0.9720920324325562,1.0033851861953735,1.0209509134292603,-0.017565764486789703,0.5094517469406128,0.5114991664886475,0.26670703291893005,2.05941532271936e-07,0.2447919398546219,0.26266583800315857,7.47635223640779e-23,0.26266583800315857,1.260093092918396,1.6715080738067627,0.6177621483802795,0.588631272315979,37.72625732421875,0.7629099488258362,-0.180964395403862,0.7214920520782471,1.0484329462051392,0.9828565120697021,0.9622840285301208
147,train,0,1.0,1.0,7,Rguijiao_10_180,14,0.4000000059604645,10000.0,34.61408615112305,1.132528305053711,1.083652377128601,1.103574275970459,-0.01992189511656761,0.5921068787574768,0.5114673972129822,0.2667864263057709,1.993795990529179e-07,0.2446807473897934,0.27962347865104675,9.780122691353507e-23,0.27962347865104675,1.2871887683868408,1.603569507598877,0.5977329015731812,0.5778660178184509,35.57320785522461,0.6924008727073669,-0.1498974710702896,0.6612641215324402,1.0483100414276123,0.9830164909362793,0.9614480137825012
148,train,0,1.0,1.0,7,Rguijiao_10_180,15,0.42500001192092896,10625.0,39.07605743408203,1.1095962524414062,1.1708735227584839,1.1932700872421265,-0.02239655703306198,0.6824346780776978,0.5108354091644287,0.26652419567108154,1.933435811452e-07,0.24431106448173523,0.2967153787612915,2.1048702217469125e-22,0.2967153787612915,1.3141512870788574,1.5459715127944946,0.5800155997276306,0.5682315826416016,33.64631271362305,0.6296117901802063,-0.11928551644086838,0.6070806980133057,1.0481407642364502,0.9831829071044922,0.9607846140861511
149,train,0,1.0,1.0,7,Rguijiao_10_180,16,0.44999998807907104,11250.0,43.80845260620117,1.2849382162094116,1.2662272453308105,1.2912359237670898,-0.02500862069427967,0.7803900837898254,0.5108457803726196,0.2665729522705078,1.88296198189164e-07,0.24427266418933868,0.3140062093734741,3.8367051608103614e-23,0.3140062093734741,1.3404446840286255,1.4976801872253418,0.564562976360321,0.5595534443855286,31.910694122314453,0.5746827125549316,-0.08994316309690475,0.5591760873794556,1.0479297637939453,0.9833462834358215,0.9602645635604858
150,train,0,1.0,1.0,7,Rguijiao_10_180,17,0.4749999940395355,11875.0,48.8112678527832,1.3797824382781982,1.3702811002731323,1.39805269241333,-0.027771620079874992,0.8858646750450134,0.5121880769729614,0.26729682087898254,1.8440906046635064e-07,0.24489107728004456,0.3315436840057373,5.124632796158822e-22,0.3315436840057373,1.3656591176986694,1.4573402404785156,0.5511929988861084,0.5516924262046814,30.33848762512207,0.5271537899971008,-0.06243693828582764,0.5172796249389648,1.0476810932159424,0.983501672744751,0.959860622882843
151,train,0,1.0,1.0,7,Rguijiao_10_180,18,0.5,12500.0,54.08450698852539,1.528909683227539,1.4831913709640503,1.5138850212097168,-0.03069368191063404,0.9987088441848755,0.5151762366294861,0.26886340975761414,1.8168564963616518e-07,0.24631264805793762,0.34936264157295227,7.7245628395056395e-22,0.34936264157295227,1.38950777053833,1.4235872030258179,0.5396632552146912,0.544535219669342,28.90704917907715,0.48625674843788147,-0.03710486367344856,0.48084399104118347,1.0473990440368652,0.9836475849151611,0.9595491290092468
152,train,0,1.0,1.0,8,guijiao_20_0,0,0.05000000074505806,1250.0,4.0,0.03274283930659294,0.04283265024423599,0.042897116392850876,-6.446459155995399e-05,0.0065702470019459724,0.03632687032222748,0.013852805830538273,0.008442946709692478,0.014031118713319302,0.01904510147869587,0.008109244517982006,0.008109244517982006,0.9141212105751038,1.1702121496200562,0.5876870155334473,0.6207086443901062,44.14173126220703,1.3012950420379639,0.886466383934021,1.647361397743225,0.9581267833709717,0.9936493635177612,0.9704596400260925
153,train,0,1.0,1.0,8,guijiao_20_0,1,0.07500000298023224,1875.0,9.0,0.1314956545829773,0.06826324015855789,0.06886854767799377,-0.0006053086835891008,0.0173044353723526,0.051564112305641174,0.02110898680984974,0.009523390792310238,0.020931735634803772,0.03737829253077507,0.012877439148724079,0.012877439148724079,1.0700325965881348,1.1111644506454468,0.4404526650905609,0.5476172566413879,29.523452758789062,1.034273386001587,0.42400285601615906,1.165833830833435,0.9656254053115845,0.9890850186347961,0.9575169086456299
154,val,0,1.0,1.0,8,guijiao_20_0,2,0.10000000149011612,2500.0,16.0,0.1263606995344162,0.09786468744277954,0.09918972849845886,-0.0013250438496470451,0.03344246372580528,0.06574726849794388,0.027844516560435295,0.010732324793934822,0.02717042900621891,0.05183761939406395,0.01717318408191204,0.01717318408191204,1.1632159948349,1.2226812839508057,0.3828374743461609,0.5097271203994751,21.9454288482666,0.78676837682724,-0.05084022134542465,0.7747685313224792,0.9797903299331665,0.9864449501037598,0.9560705423355103
155,train,0,1.0,1.0,8,guijiao_20_0,3,0.125,3125.0,25.0,0.10596927255392075,0.14337199926376343,0.14571493864059448,-0.002342937281355262,0.05464132875204086,0.09107360243797302,0.039225805550813675,0.014006493613123894,0.0378413088619709,0.06461422890424728,0.02142789214849472,0.02142789214849472,1.2163634300231934,1.4108728170394897,0.35951662063598633,0.48791635036468506,17.583267211914062,0.6363852024078369,-0.19918633997440338,0.5983574390411377,0.9912474155426025,0.984511137008667,0.956260621547699
156,train,0,1.0,1.0,8,guijiao_20_0,4,0.15000000596046448,3750.0,36.0,0.2565729320049286,0.20516668260097504,0.20890040695667267,-0.0037337227258831263,0.08123387396335602,0.12766653299331665,0.05548243969678879,0.018993187695741653,0.05319090932607651,0.07707758992910385,0.02586590126156807,0.02586590126156807,1.2557892799377441,1.6276445388793945,0.34750446677207947,0.47369226813316345,14.738452911376953,0.5387789607048035,-0.2024836540222168,0.5060507655143738,0.9979255795478821,0.9830601215362549,0.9567092657089233
157,train,0,1.0,1.0,8,guijiao_20_0,5,0.17499999701976776,4375.0,49.0,0.34047091007232666,0.27847909927368164,0.2839096486568451,-0.005430546123534441,0.11296600848436356,0.17094364762306213,0.07465793937444687,0.024940578266978264,0.07134512066841125,0.08983232080936432,0.030577916651964188,0.030577916651964188,1.2830212116241455,1.8271164894104004,0.34069788455963135,0.4635932743549347,12.71865463256836,0.46591582894325256,-0.15655149519443512,0.4440338611602783,1.001604676246643,0.9821038246154785,0.9571601152420044
158,train,0,1.0,1.0,8,guijiao_20_0,6,0.20000000298023224,5000.0,64.0,0.37226971983909607,0.3559770882129669,0.36324670910835266,-0.0072696153074502945,0.1489807665348053,0.21426594257354736,0.09383390098810196,0.030916403979063034,0.08951564878225327,0.1031419187784195,0.0355924554169178,0.0355924554169178,1.2954846620559692,1.9751806259155273,0.33691561222076416,0.45599478483200073,11.198957443237305,0.4064388573169708,-0.09870336949825287,0.3944037854671478,1.003761649131775,0.9816094040870667,0.9575682878494263
159,train,0,1.0,1.0,8,guijiao_20_0,7,0.22499999403953552,5625.0,81.0,0.4480170011520386,0.43146154284477234,0.44054916501045227,-0.009087628684937954,0.18829572200775146,0.2522534430027008,0.1106296181678772,0.036194585263729095,0.10542923212051392,0.11711513996124268,0.04091043025255203,0.04091043025255203,1.2937119007110596,2.060715913772583,0.3350679874420166,0.45003658533096313,10.007320404052734,0.3563772439956665,-0.044146355241537094,0.3516574203968048,1.00518798828125,0.9814915657043457,0.9579368829727173
160,val,0,1.0,1.0,8,guijiao_20_0,8,0.25,6250.0,100.0,0.5355852842330933,0.5021609663963318,0.5129553079605103,-0.010794348083436489,0.23018285632133484,0.282772421836853,0.12409630417823792,0.0404958538711071,0.11818026006221771,0.1317870318889618,0.046520885080099106,0.046520885080099106,1.281017541885376,2.090907096862793,0.33450520038604736,0.4452192783355713,9.043856620788574,0.31441766023635864,0.001622349489480257,0.31457069516181946,1.0062471628189087,0.9816428422927856,0.9582761526107788
161,train,0,1.0,1.0,8,guijiao_20_0,9,0.2750000059604645,6875.0,121.0,0.537065327167511,0.5684105753898621,0.5807892084121704,-0.01237864512950182,0.27430203557014465,0.30648714303970337,0.13452430069446564,0.04391593113541603,0.128046914935112,0.14715644717216492,0.052408237010240555,0.052408237010240555,1.2616119384765625,2.080716609954834,0.3348053991794586,0.4412316679954529,8.246335983276367,0.2798127830028534,0.03757381811738014,0.28296688199043274,1.007083773612976,0.9819616079330444,0.9585922956466675
162,train,0,1.0,1.0,8,guijiao_20_0,10,0.30000001192092896,7500.0,144.0,0.6555957198143005,0.6321433186531067,0.6460199356079102,-0.013876608572900295,0.3206495940685272,0.3253703713417053,0.14278531074523926,0.04672277718782425,0.1358622908592224,0.16320447623729706,0.05855567753314972,0.05855567753314972,1.2392253875732422,2.045257091522217,0.3356778621673584,0.43786895275115967,7.573787689208984,0.25170010328292847,0.06460186839103699,0.2565782070159912,1.0077484846115112,0.9823687672615051,0.9588872194290161
163,train,0,1.0,1.0,8,guijiao_20_0,11,0.32499998807907104,8125.0,169.0,0.7337173223495483,0.6955970525741577,0.710935652256012,-0.015338612720370293,0.3694281578063965,0.3415074944496155,0.14980292320251465,0.04919680953025818,0.14250776171684265,0.17990387976169586,0.064946748316288,0.064946748316288,1.216537356376648,1.9964509010314941,0.3369143605232239,0.43499016761779785,6.998030662536621,0.22906573116779327,0.08425095677375793,0.23485541343688965,1.0082614421844482,0.9828115701675415,0.959160566329956
164,train,0,1.0,1.0,8,guijiao_20_0,12,0.3499999940395355,8750.0,196.0,0.7751927375793457,0.7606597542762756,0.7774702310562134,-0.016810476779937744,0.420922189950943,0.356548011302948,0.15630900859832764,0.05155867710709572,0.14868032932281494,0.19722402095794678,0.07156606018543243,0.07156606018543243,1.1951650381088257,1.9424352645874023,0.33836501836776733,0.4324948787689209,6.498973846435547,0.21088504791259766,0.09811552613973618,0.2170923799276352,1.0086385011672974,0.983258843421936,0.9594117999076843
165,val,0,1.0,1.0,8,guijiao_20_0,13,0.375,9375.0,225.0,0.7986027598381042,0.8287011981010437,0.8470282554626465,-0.018327077850699425,0.4754151403903961,0.37161314487457275,0.1628018021583557,0.053957875818014145,0.1548534780740738,0.2151336669921875,0.07839954644441605,0.07839954644441605,1.1759060621261597,1.8881926536560059,0.339924693107605,0.43030932545661926,6.06186580657959,0.1962391436100006,0.10759162157773972,0.2025732398033142,1.0088975429534912,0.9836939573287964,0.9596409201622009
166,val,0,1.0,1.0,8,guijiao_20_0,14,0.4000000059604645,10000.0,256.0,0.884392499923706,0.9006297588348389,0.920542299747467,-0.019912511110305786,0.5331504344940186,0.3873918652534485,0.16958816349506378,0.05648594722151756,0.16131775081157684,0.23360233008861542,0.08543454110622406,0.08543454110622406,1.159022569656372,1.8364651203155518,0.34152138233184814,0.42837801575660706,5.675602912902832,0.18436340987682343,0.11381011456251144,0.19065815210342407,1.0090582370758057,0.9841090440750122,0.9598487019538879
167,train,0,1.0,1.0,8,guijiao_20_0,15,0.42500001192092896,10625.0,289.0,1.0040017366409302,0.9770116806030273,0.9985941052436829,-0.021582413464784622,0.594319224357605,0.4042748808860779,0.17684248089790344,0.059194739907979965,0.16823765635490417,0.2526010274887085,0.09265967458486557,0.09265967458486557,1.1444690227508545,1.7885609865188599,0.34310853481292725,0.4266582429409027,5.331648349761963,0.1746504157781601,0.11764072626829147,0.1808142215013504,1.0091394186019897,0.9845010042190552,0.9600365161895752
168,val,0,1.0,1.0,8,guijiao_20_0,16,0.44999998807907104,11250.0,324.0,1.018639326095581,1.0581860542297363,1.0815327167510986,-0.023346608504652977,0.659065842628479,0.42246687412261963,0.18465647101402283,0.062111254781484604,0.1756991297006607,0.2721027135848999,0.10006482899188995,0.10006482899188995,1.13205087184906,1.7449359893798828,0.3446565568447113,0.4251165986061096,5.02332067489624,0.16662965714931488,0.11974059045314789,0.17261534929275513,1.0091584920883179,0.9848692417144775,0.9602060317993164
169,train,0,1.0,1.0,8,guijiao_20_0,17,0.4749999940395355,11875.0,361.0,1.1686152219772339,1.144344687461853,1.1695556640625,-0.025211000815033913,0.7274961471557617,0.4420595169067383,0.19307149946689606,0.0652475655078888,0.18374045193195343,0.2920822501182556,0.10764095932245255,0.10764095932245255,1.1215163469314575,1.7055761814117432,0.3461484909057617,0.42372652888298035,4.74530553817749,0.1599399596452713,0.12059545516967773,0.16572636365890503,1.0091297626495361,0.9852142930030823,0.9603589177131653
170,val,0,1.0,1.0,8,guijiao_20_0,18,0.5,12500.0,400.0,1.143523097038269,1.2355855703353882,1.262764573097229,-0.027178991585969925,0.7996852397918701,0.4630793035030365,0.20209984481334686,0.06860706210136414,0.1923724114894867,0.31251654028892517,0.11538002640008926,0.11538002640008926,1.1126054525375366,1.6702258586883545,0.3475753366947174,0.42246657609939575,4.493317604064941,0.15430493652820587,0.12056262791156769,0.1598859578371048,1.0090651512145996,0.9855374097824097,0.9604969620704651
171,train,0,1.0,1.0,9,guijiao_20_180,0,0.05000000074505806,1250.0,4.0,0.08496236801147461,0.08565255999565125,0.08470048010349274,0.0009520796011202037,0.007890535518527031,0.07680994272232056,0.038956787437200546,3.366234224699838e-08,0.037853121757507324,0.01904510147869587,3.115521200628112e-22,0.01904510147869587,1.0978134870529175,2.5992047786712646,0.6512104868888855,0.838975191116333,87.79503631591797,1.643714189529419,0.73170405626297,2.004528045654297,0.9969404339790344,0.9921337962150574,0.9686964750289917
172,train,0,1.0,1.0,9,guijiao_20_180,1,0.07500000298023224,1875.0,9.0,0.20686888694763184,0.16378845274448395,0.16337163746356964,0.00041681708535179496,0.019988715648651123,0.14338292181491852,0.07424470782279968,5.6656048741388076e-08,0.06913815438747406,0.03737829253077507,3.9326089374331247e-22,0.03737829253077507,1.2360172271728516,2.8351387977600098,0.5991652011871338,0.7209258079528809,64.1851577758789,1.5080788135528564,-0.006905021145939827,1.5049548149108887,1.031154990196228,0.984961748123169,0.9602320194244385
173,train,0,1.0,1.0,9,guijiao_20_180,2,0.10000000149011612,2500.0,16.0,0.23048630356788635,0.24220016598701477,0.24306228756904602,-0.0008621263550594449,0.03619282692670822,0.2068694531917572,0.10757030546665192,7.574585225711417e-08,0.09929906576871872,0.05183761939406395,7.925297521407882e-22,0.05183761939406395,1.2588807344436646,2.8039698600769043,0.5587462186813354,0.6509374380111694,50.1874885559082,1.3478217124938965,-0.28986090421676636,1.2306174039840698,1.0391416549682617,0.9821726679801941,0.9592404365539551
174,train,0,1.0,1.0,9,guijiao_20_180,3,0.125,3125.0,25.0,0.37194958329200745,0.3250006437301636,0.3275403678417206,-0.0025397122371941805,0.05686623230576515,0.2706741392612457,0.1409389078617096,9.234527453827468e-08,0.12973514199256897,0.06461422890424728,6.314029432525771e-23,0.06461422890424728,1.265891671180725,2.733452320098877,0.5218687653541565,0.6060657501220703,41.2131462097168,1.180428385734558,-0.3512208163738251,1.0560511350631714,1.041581153869629,0.9807920455932617,0.9587819576263428
175,train,0,1.0,1.0,9,guijiao_20_180,4,0.15000000596046448,3750.0,36.0,0.4915699362754822,0.40132322907447815,0.4057486653327942,-0.004425445105880499,0.0825476124882698,0.323201060295105,0.16839337348937988,1.0352882640063399e-07,0.15480756759643555,0.07707758992910385,1.1234837105300057e-22,0.07707758992910385,1.2760982513427734,2.6328163146972656,0.4905039966106415,0.5746968984603882,34.93937683105469,1.0120329856872559,-0.3393665850162506,0.9089979529380798,1.0424082279205322,0.9799249172210693,0.958307683467865
176,train,0,1.0,1.0,9,guijiao_20_180,5,0.17499999701976776,4375.0,49.0,0.4082214832305908,0.46564361453056335,0.4719226062297821,-0.006279000546783209,0.11363518238067627,0.35828742384910583,0.1867259293794632,1.0892858881561551e-07,0.17156139016151428,0.08983232080936432,1.3686390868963706e-22,0.08983232080936432,1.2906215190887451,2.50386381149292,0.4657512605190277,0.551417887210846,30.2835750579834,0.8553322553634644,-0.2990986108779907,0.7785837054252625,1.0425366163253784,0.9793452024459839,0.9578692317008972
177,train,0,1.0,1.0,9,guijiao_20_180,6,0.20000000298023224,5000.0,64.0,0.6384890079498291,0.5204333662986755,0.5284032821655273,-0.00796994473785162,0.1504211574792862,0.37798213958740234,0.19699984788894653,1.1034463653913917e-07,0.18098218739032745,0.1031419187784195,1.1510744046800364e-22,0.1031419187784195,1.3080099821090698,2.359799385070801,0.44725096225738525,0.533397376537323,26.679471969604492,0.7213890552520752,-0.24923686683177948,0.6674500107765198,1.0422953367233276,0.9790076017379761,0.9575482606887817
178,train,0,1.0,1.0,9,guijiao_20_180,7,0.22499999403953552,5625.0,81.0,0.6797599196434021,0.5722947120666504,0.5818135142326355,-0.009518809616565704,0.19311584532260895,0.38869768381118774,0.20256119966506958,1.1009650080495703e-07,0.186136394739151,0.11711513996124268,1.050909643209376e-21,0.11711513996124268,1.3268293142318726,2.2168612480163574,0.43386074900627136,0.5190048217773438,23.800962448120117,0.614163339138031,-0.19916532933712006,0.5774673223495483,1.0418474674224854,0.9788864254951477,0.9573684930801392
179,train,0,1.0,1.0,9,guijiao_20_180,8,0.25,6250.0,100.0,0.6456429958343506,0.6272557377815247,0.6382752060890198,-0.01101944874972105,0.2418413758277893,0.39643383026123047,0.20654544234275818,1.0984905429722858e-07,0.18988828361034393,0.1317870318889618,2.441323209599568e-21,0.1317870318889618,1.3458998203277588,2.0865652561187744,0.4242854714393616,0.507230281829834,21.44605827331543,0.5314458608627319,-0.15329870581626892,0.5070048570632935,1.0412864685058594,0.9789354801177979,0.9573103189468384
180,train,0,1.0,1.0,9,guijiao_20_180,9,0.2750000059604645,6875.0,121.0,0.7804605960845947,0.6889327764511108,0.7014946937561035,-0.012561898678541183,0.2966234087944031,0.40487128496170044,0.2108781635761261,1.1042253333926055e-07,0.19399301707744598,0.14715644717216492,7.467274025110506e-22,0.14715644717216492,1.3642758131027222,1.9738681316375732,0.4174197316169739,0.49741220474243164,19.482440948486328,0.46840569376945496,-0.11321598291397095,0.45249637961387634,1.0406670570373535,0.9790979623794556,0.9573401212692261
181,train,0,1.0,1.0,9,guijiao_20_180,10,0.30000001192092896,7500.0,144.0,0.7066598534584045,0.7588972449302673,0.7731026411056519,-0.0142053859308362,0.3574077785015106,0.4156948924064636,0.21644189953804016,1.120800234843955e-07,0.1992528885602951,0.16320447623729706,1.0497243475137566e-20,0.16320447623729706,1.3812860250473022,1.87907874584198,0.4124429225921631,0.48909759521484375,17.819517135620117,0.42015722393989563,-0.07903621345758438,0.4101949632167816,1.040021538734436,0.9793245792388916,0.9574267268180847
182,train,0,1.0,1.0,9,guijiao_20_180,11,0.32499998807907104,8125.0,169.0,0.8475066423416138,0.8375577926635742,0.8535395264625549,-0.01598172076046467,0.42409372329711914,0.4294458031654358,0.2235209345817566,1.1482111972327402e-07,0.20592474937438965,0.17990387976169586,1.9914623663219895e-20,0.17990387976169586,1.396552562713623,1.8002692461013794,0.4087846875190735,0.48196521401405334,16.393043518066406,0.38275226950645447,-0.05023428052663803,0.3769840896129608,1.0393691062927246,0.9795802235603333,0.9575469493865967
183,train,0,1.0,1.0,9,guijiao_20_180,12,0.3499999940395355,8750.0,196.0,0.8986618518829346,0.9248031377792358,0.9427086114883423,-0.017905473709106445,0.4965660870075226,0.4461425542831421,0.23212598264217377,1.1855160408913434e-07,0.21401643753051758,0.19722402095794678,3.602878215793624e-20,0.19722402095794678,1.4099482297897339,1.7348549365997314,0.40605759620666504,0.4757799208164215,15.155984878540039,0.35327643156051636,-0.026075441390275955,0.35051289200782776,1.0387219190597534,0.979843258857727,0.9576849341392517
184,val,0,1.0,1.0,9,guijiao_20_180,13,0.375,9375.0,225.0,0.9627761244773865,1.020340085029602,1.0403220653533936,-0.01998198591172695,0.5747140645980835,0.46560806035995483,0.24216516315937042,1.2315940978169237e-07,0.22344277799129486,0.2151336669921875,6.256844559669679e-20,0.2151336669921875,1.421514868736267,1.6803464889526367,0.4039989709854126,0.4703657627105713,14.073150634765625,0.3296501636505127,-0.005815533455461264,0.32907503843307495,1.0380878448486328,0.9801015257835388,0.9578307271003723
185,train,0,1.0,1.0,9,guijiao_20_180,14,0.4000000059604645,10000.0,256.0,1.150991439819336,1.123846411705017,1.1460585594177246,-0.022212186828255653,0.6584426760673523,0.4876159429550171,0.2535206377506256,1.2854185627020343e-07,0.23409518599510193,0.23360233008861542,1.048540348326812e-19,0.23360233008861542,1.4313969612121582,1.6346150636672974,0.40242788195610046,0.4655887186527252,13.117743492126465,0.31039994955062866,0.011214488185942173,0.3114442229270935,1.037471890449524,0.9803492426872253,0.9579778909683228
186,val,0,1.0,1.0,9,guijiao_20_180,15,0.42500001192092896,10625.0,289.0,1.2544622421264648,1.235026478767395,1.2596213817596436,-0.024594919756054878,0.747671902179718,0.5119495391845703,0.26607948541641235,1.3461341552556405e-07,0.24586988985538483,0.2526010274887085,1.7030078461772696e-19,0.2526010274887085,1.4397773742675781,1.595935583114624,0.4012182950973511,0.4613442122936249,12.268844604492188,0.29447534680366516,0.025585120543837547,0.29673561453819275,1.036876916885376,0.9805837869644165,0.958122730255127
187,train,0,1.0,1.0,9,guijiao_20_180,16,0.44999998807907104,11250.0,324.0,1.3411883115768433,1.3536322116851807,1.380760669708252,-0.027128420770168304,0.8423395752906799,0.5384211540222168,0.27974390983581543,1.4130547754120926e-07,0.25867706537246704,0.2721027135848999,2.690328686616003e-19,0.2721027135848999,1.4468528032302856,1.562941312789917,0.4002806544303894,0.4575488269329071,11.509765625,0.28111952543258667,0.037768926471471786,0.28430482745170593,1.0363047122955322,0.9808046221733093,0.9582629799842834
188,train,0,1.0,1.0,9,guijiao_20_180,17,0.4749999940395355,11875.0,361.0,1.5874711275100708,1.479456901550293,1.5092675685882568,-0.029810713604092598,0.942396342754364,0.566871166229248,0.2944307327270508,1.4856264840545919e-07,0.2724403142929077,0.2920822501182556,2.5470766692546686e-18,0.2920822501182556,1.4528088569641113,1.534556269645691,0.399549663066864,0.45413661003112793,10.827320098876953,0.26977741718292236,0.048152536153793335,0.2736745774745941,1.0357558727264404,0.981012225151062,0.958397388458252
189,val,0,1.0,1.0,9,guijiao_20_180,18,0.5,12500.0,400.0,1.6530265808105469,1.6123358011245728,1.6449757814407349,-0.0326399952173233,1.047803282737732,0.5971724987030029,0.31007352471351624,1.5634223871074937e-07,0.28709879517555237,0.31251654028892517,1.337401227409797e-18,0.31251654028892517,1.4578132629394531,1.5099406242370605,0.39897817373275757,0.45105257630348206,10.210517883300781,0.26003795862197876,0.05704784020781517,0.2644883394241333,1.0352303981781006,0.9812073707580566,0.9585254192352295
190,train,0,1.0,1.0,10,guijiao_10_0,0,0.05000000074505806,1250.0,4.0,0.061789702624082565,0.060658734291791916,0.06033385545015335,0.00032487933640368283,0.00870020966976881,0.051633644849061966,0.01878690905869007,0.013786676339805126,0.019060060381889343,0.009522550739347935,0.004054622258991003,0.004054622258991003,1.2104637622833252,2.964871644973755,0.7337599992752075,0.6207086443901062,44.14173126220703,1.3554072380065918,0.9341795444488525,1.7352653741836548,0.973760724067688,0.9738733172416687,0.9879186749458313
191,train,0,1.0,1.0,10,guijiao_10_0,1,0.07500000298023224,1875.0,9.0,0.07487817108631134,0.07466793805360794,0.07526911795139313,-0.0006011835648678243,0.02261987328529358,0.05264924094080925,0.020370515063405037,0.012460952624678612,0.0198177732527256,0.018689146265387535,0.0064387195743620396,0.0064387195743620396,1.3987168073654175,2.315535545349121,0.6181304454803467,0.5476172566413879,29.523452758789062,0.9523534774780273,0.36189255118370056,1.0557483434677124,0.9875892996788025,0.9773396849632263,0.9607915878295898
192,train,0,1.0,1.0,10,guijiao_10_0,2,0.10000000149011612,2500.0,16.0,0.08106280863285065,0.08834032714366913,0.08961036801338196,-0.0012700442457571626,0.0399390384554863,0.04967132583260536,0.01990402303636074,0.010678654536604881,0.01908864825963974,0.025918809697031975,0.00858659204095602,0.00858659204095602,1.3891836404800415,2.07863187789917,0.5468771457672119,0.5097271203994751,21.9454288482666,0.671196460723877,-0.16119830310344696,0.6387377381324768,0.9994232058525085,0.9804722666740417,0.9584813714027405
193,train,0,1.0,1.0,10,guijiao_10_0,3,0.125,3125.0,25.0,0.11539952456951141,0.1205776110291481,0.1226455569267273,-0.0020679461304098368,0.06085197255015373,0.061793580651283264,0.02520211972296238,0.01253419928252697,0.024057259783148766,0.03230711445212364,0.01071394607424736,0.01071394607424736,1.3546178340911865,2.115204095840454,0.5094081163406372,0.48791635036468506,17.583267211914062,0.5494139790534973,-0.26134049892425537,0.5063387155532837,1.0039968490600586,0.9802255630493164,0.9583881497383118
194,train,0,1.0,1.0,10,guijiao_10_0,4,0.15000000596046448,3750.0,36.0,0.22257539629936218,0.16184714436531067,0.16490212082862854,-0.003054981352761388,0.08539371192455292,0.07950840145349503,0.03279389068484306,0.015460801310837269,0.03125371038913727,0.038538794964551926,0.012932950630784035,0.012932950630784035,1.3200960159301758,2.2071402072906494,0.484094500541687,0.47369226813316345,14.738452911376953,0.47352334856987,-0.2516031265258789,0.43778136372566223,1.0056155920028687,0.9793566465377808,0.9583861827850342
195,train,0,1.0,1.0,10,guijiao_10_0,5,0.17499999701976776,4375.0,49.0,0.19035470485687256,0.2074524611234665,0.211625337600708,-0.004172878805547953,0.11288938671350479,0.09873594343662262,0.04105421155691147,0.018577679991722107,0.03910405561327934,0.04491616040468216,0.015288958325982094,0.015288958325982094,1.2821509838104248,2.2867343425750732,0.4652235507965088,0.4635932743549347,12.71865463256836,0.41486406326293945,-0.21237751841545105,0.38843169808387756,1.0061438083648682,0.9786606431007385,0.9583498239517212
196,train,0,1.0,1.0,10,guijiao_10_0,6,0.20000000298023224,5000.0,64.0,0.2699236571788788,0.2543419599533081,0.25969237089157104,-0.0053504160605371,0.14258942008018494,0.1171029657125473,0.04898643493652344,0.02146640233695507,0.046650130301713943,0.05157095938920975,0.0177962277084589,0.0177962277084589,1.2399078607559204,2.3341565132141113,0.4507688879966736,0.45599478483200073,11.198957443237305,0.3658479154109955,-0.16637445986270905,0.34758758544921875,1.006306529045105,0.9782723784446716,0.9583128690719604
197,val,0,1.0,1.0,10,guijiao_10_0,7,0.22499999403953552,5625.0,81.0,0.29202887415885925,0.30072546005249023,0.307256281375885,-0.0065308306366205215,0.1739533692598343,0.13330292701721191,0.05602160841226578,0.023936565965414047,0.053344760090112686,0.05855756998062134,0.020455215126276016,0.020455215126276016,1.1951708793640137,2.347529411315918,0.43960216641426086,0.45003658533096313,10.007320404052734,0.32412317395210266,-0.12195959687232971,0.31226420402526855,1.0063894987106323,0.9781660437583923,0.9583016633987427
198,train,0,1.0,1.0,10,guijiao_10_0,8,0.25,6250.0,100.0,0.29831641912460327,0.3460654616355896,0.3537514805793762,-0.007686019875109196,0.2067723274230957,0.14697915315628052,0.06199004873633385,0.025965210050344467,0.0590238980948925,0.0658935159444809,0.023260442540049553,0.023260442540049553,1.1507328748703003,2.3326430320739746,0.43093806505203247,0.4452192783355713,9.043856620788574,0.2887952923774719,-0.08258052170276642,0.2816406488418579,1.0064845085144043,0.9782775640487671,0.9583253860473633
199,train,0,1.0,1.0,10,guijiao_10_0,9,0.2750000059604645,6875.0,121.0,0.4310641288757324,0.3907792568206787,0.39959484338760376,-0.008815571665763855,0.24114558100700378,0.15844926238059998,0.06701257824897766,0.027633899822831154,0.06380277872085571,0.07357822358608246,0.026204118505120277,0.026204118505120277,1.1091136932373047,2.297760009765625,0.4241918623447418,0.4412316679954529,8.246335983276367,0.2592587172985077,-0.0494728721678257,0.2554108500480652,1.0065971612930298,0.9785414934158325,0.9583826065063477
200,val,0,1.0,1.0,10,guijiao_10_0,10,0.30000001192092896,7500.0,144.0,0.40116769075393677,0.43576863408088684,0.4457048177719116,-0.009936176240444183,0.27736416459083557,0.16834065318107605,0.07134794443845749,0.029063528403639793,0.06792918592691422,0.08160223811864853,0.02927783876657486,0.02927783876657486,1.0719387531280518,2.2507195472717285,0.41891807317733765,0.43786895275115967,7.573787689208984,0.23485058546066284,-0.022697752341628075,0.2332514077425003,1.006704568862915,0.9789033532142639,0.9584665298461914
201,train,0,1.0,1.0,10,guijiao_10_0,11,0.32499998807907104,8125.0,169.0,0.506271243095398,0.48202064633369446,0.49309098720550537,-0.011070345528423786,0.31578341126441956,0.17730757594108582,0.07527152448892593,0.030369216576218605,0.07166682928800583,0.08995193988084793,0.032473374158144,0.032473374158144,1.0398836135864258,2.1977038383483887,0.41477566957473755,0.43499016761779785,6.998030662536621,0.2148262858390808,-0.00168712274171412,0.2147175520658493,1.0067834854125977,0.9793224334716797,0.9585692882537842
202,train,0,1.0,1.0,10,guijiao_10_0,12,0.3499999940395355,8750.0,196.0,0.5606998205184937,0.5303866863250732,0.542625904083252,-0.012239234521985054,0.3567360043525696,0.18588986992835999,0.07901337742805481,0.031640756875276566,0.07523573189973831,0.09861201047897339,0.03578303009271622,0.03578303009271622,1.012915015220642,2.1430141925811768,0.4115036129951477,0.4324948787689209,6.498973846435547,0.1984374225139618,0.0144065972417593,0.1992950588464737,1.0068198442459106,0.9797704815864563,0.958683431148529
203,train,0,1.0,1.0,10,guijiao_10_0,13,0.375,9375.0,225.0,0.5885866284370422,0.5815117955207825,0.5949715375900269,-0.013459721580147743,0.400493860244751,0.19447767734527588,0.08274146169424057,0.032940007746219635,0.07879621535539627,0.10756683349609375,0.03919977322220802,0.03919977322220802,0.9905933737754822,2.0893733501434326,0.4089030623435974,0.43030932545661926,6.06186580657959,0.18499894440174103,0.026483332738280296,0.18646876513957977,1.0068094730377197,0.980228841304779,0.958803117275238
204,train,0,1.0,1.0,10,guijiao_10_0,14,0.4000000059604645,10000.0,256.0,0.6958703994750977,0.635849118232727,0.6505932807922363,-0.014744145795702934,0.4472622573375702,0.20333099365234375,0.08656879514455795,0.03430625796318054,0.08245593309402466,0.11680116504430771,0.04271727055311203,0.04271727055311203,0.9723091125488281,2.0383336544036865,0.40682342648506165,0.42837801575660706,5.675602912902832,0.17392688989639282,0.03537342697381973,0.17577260732650757,1.0067546367645264,0.980685293674469,0.958923876285553
205,train,0,1.0,1.0,10,guijiao_10_0,15,0.42500001192092896,10625.0,289.0,0.6730650663375854,0.6937004327774048,0.709801435470581,-0.016101017594337463,0.4971891939640045,0.21261227130889893,0.09056689590215683,0.035762641578912735,0.08628273755311966,0.12630051374435425,0.046329837292432785,0.046329837292432785,0.9574276208877563,1.9906708002090454,0.4051501452922821,0.4266582429409027,5.331648349761963,0.1647430807352066,0.041784923523664474,0.16680820286273956,1.0066616535186768,0.9811323881149292,0.9590426683425903
206,train,0,1.0,1.0,10,guijiao_10_0,16,0.44999998807907104,11250.0,324.0,0.6925672888755798,0.7552592754364014,0.7727953195571899,-0.017536038532853127,0.5503790974617004,0.2224162369966507,0.09477804601192474,0.0373215526342392,0.09031663835048676,0.13605135679244995,0.05003241449594498,0.05003241449594498,0.9453640580177307,1.946670651435852,0.40379655361175537,0.4251165986061096,5.02332067489624,0.15706488490104675,0.046293389052152634,0.15924620628356934,1.0065375566482544,0.981565535068512,0.9591575860977173
207,train,0,1.0,1.0,10,guijiao_10_0,17,0.4749999940395355,11875.0,361.0,0.7913765907287598,0.820649266242981,0.8397022485733032,-0.019052967429161072,0.6069061160087585,0.23279614746570587,0.09922658652067184,0.038989078253507614,0.09458048641681671,0.1460411250591278,0.05382047966122627,0.05382047966122627,0.9356133937835693,1.9063230752944946,0.4026961922645569,0.42372652888298035,4.74530553817749,0.15059268474578857,0.04935299605131149,0.152822345495224,1.006389856338501,0.9819822311401367,0.9592673778533936
208,train,0,1.0,1.0,10,guijiao_10_0,18,0.5,12500.0,400.0,0.9285801649093628,0.8899455666542053,0.9105998277664185,-0.020654257386922836,0.6668218374252319,0.24377797544002533,0.10392486304044724,0.04076733440160751,0.09908577799797058,0.15625827014446259,0.05769001320004463,0.05769001320004463,0.9277520775794983,1.8694603443145752,0.4017980396747589,0.42246657609939575,4.493317604064941,0.1450914591550827,0.051317017525434494,0.14732517302036285,1.0062247514724731,0.9823811650276184,0.9593715071678162
209,train,0,1.0,1.0,11,guijiao_10_180,0,0.05000000074505806,1250.0,4.0,0.06980589777231216,0.05072852969169617,0.05042116716504097,0.00030736226472072303,0.007817973382771015,0.04260319471359253,0.021574025973677635,2.13574669061245e-08,0.021029148250818253,0.009522550739347935,1.557760600314056e-22,0.009522550739347935,1.087717890739441,2.892333507537842,0.7694448828697205,0.838975191116333,87.79503631591797,1.6373989582061768,0.6274518966674805,1.9456156492233276,1.0223379135131836,0.9864991903305054,0.9965174794197083
210,train,0,1.0,1.0,11,guijiao_10_180,1,0.07500000298023224,1875.0,9.0,0.03306988999247551,0.06617290526628494,0.06637927144765854,-0.00020636944100260735,0.017021028324961662,0.04935824126005173,0.025513123720884323,2.3523053727103616e-08,0.023845091462135315,0.018689146265387535,1.9663044687165624e-22,0.018689146265387535,1.052507996559143,2.2355759143829346,0.7290594577789307,0.7209258079528809,64.1851577758789,1.4563219547271729,-0.35992568731307983,1.2990716695785522,1.0411837100982666,0.9875423908233643,0.973111629486084
211,train,0,1.0,1.0,11,guijiao_10_180,2,0.10000000149011612,2500.0,16.0,0.15503378212451935,0.09891273081302643,0.09969568252563477,-0.0007829538662917912,0.029837414622306824,0.06985826790332794,0.03626414015889168,3.103546220017961e-08,0.033594101667404175,0.025918809697031975,3.962648760703941e-22,0.025918809697031975,1.037822961807251,2.165785551071167,0.6793460845947266,0.6509374380111694,50.1874885559082,1.2770792245864868,-0.5433135032653809,1.068922996520996,1.0442973375320435,0.9866774678230286,0.967408299446106
212,train,0,1.0,1.0,11,guijiao_10_180,3,0.125,3125.0,25.0,0.1742364466190338,0.14023946225643158,0.1417645364999771,-0.0015250815777108073,0.0465228296816349,0.09524171054363251,0.04953291267156601,3.918041358019764e-08,0.04570876061916351,0.03230711445212364,3.1570147162628854e-23,0.03230711445212364,1.035638689994812,2.185556411743164,0.6292724609375,0.6060657501220703,41.2131462097168,1.1103852987289429,-0.556257426738739,0.9250872135162354,1.045292615890503,0.9854521751403809,0.9645915031433105
213,train,0,1.0,1.0,11,guijiao_10_180,4,0.15000000596046448,3750.0,36.0,0.2257920205593109,0.18375036120414734,0.1861509084701538,-0.002400543773546815,0.0672239139676094,0.118927001953125,0.06192023679614067,4.537987763342244e-08,0.05700671672821045,0.038538794964551926,5.617418552650028e-23,0.038538794964551926,1.0392102003097534,2.186199188232422,0.5840184688568115,0.5746968984603882,34.93937683105469,0.9524596929550171,-0.524522066116333,0.8025838732719421,1.0456316471099854,0.9841110706329346,0.962658166885376
214,train,0,1.0,1.0,11,guijiao_10_180,5,0.17499999701976776,4375.0,49.0,0.24175983667373657,0.22674667835235596,0.2301023006439209,-0.003355627879500389,0.09217289835214615,0.13792939484119415,0.07186485826969147,4.921239948885159e-08,0.06606448441743851,0.04491616040468216,6.843195434481853e-23,0.04491616040468216,1.0468617677688599,2.1531999111175537,0.5464529991149902,0.551417887210846,30.2835750579834,0.81020188331604,-0.47460997104644775,0.6948429942131042,1.0456305742263794,0.9827537536621094,0.9612354040145874
215,train,0,1.0,1.0,11,guijiao_10_180,6,0.20000000298023224,5000.0,64.0,0.24040131270885468,0.2694859206676483,0.2738448679447174,-0.004358961246907711,0.12167014926671982,0.15217472612857819,0.07931928336620331,5.1340872886385114e-08,0.0728553906083107,0.05157095938920975,5.755372023400182e-23,0.05157095938920975,1.058001160621643,2.094716787338257,0.5170589685440063,0.533397376537323,26.679471969604492,0.6900699734687805,-0.4172421395778656,0.6036921143531799,1.04541015625,0.9815046191215515,0.9602174162864685
216,train,0,1.0,1.0,11,guijiao_10_180,7,0.22499999403953552,5625.0,81.0,0.35061752796173096,0.3137417435646057,0.31915178894996643,-0.005410059355199337,0.156007319688797,0.16314446926116943,0.08505191653966904,5.264831770546152e-08,0.07809250801801682,0.05855756998062134,5.25454821604688e-22,0.05855756998062134,1.071869969367981,2.023231267929077,0.4948377013206482,0.5190048217773438,23.800962448120117,0.5936203002929688,-0.3587949275970459,0.5297239422798157,1.0450395345687866,0.9804638624191284,0.9595286250114441
217,train,0,1.0,1.0,11,guijiao_10_180,8,0.25,6250.0,100.0,0.3476819396018982,0.3613981008529663,0.367925226688385,-0.00652713468298316,0.19541794061660767,0.17250730097293854,0.08993323892354965,5.378610978823417e-08,0.08257400989532471,0.0658935159444809,1.220661604799784e-21,0.0658935159444809,1.0875433683395386,1.9490567445755005,0.47826504707336426,0.507230281829834,21.44605827331543,0.5183399319648743,-0.30326464772224426,0.471181720495224,1.0445666313171387,0.9796673655509949,0.9590897560119629
218,train,0,1.0,1.0,11,guijiao_10_180,9,0.2750000059604645,6875.0,121.0,0.38224053382873535,0.4138023257255554,0.42153432965278625,-0.007732002064585686,0.24006202816963196,0.1814723014831543,0.09459592401981354,5.510661438279385e-08,0.08687633275985718,0.07357822358608246,3.733637012555253e-22,0.07357822358608246,1.1041300296783447,1.8785971403121948,0.46588507294654846,0.49741220474243164,19.482440948486328,0.4600699841976166,-0.2528044581413269,0.425177663564682,1.0440269708633423,0.9790963530540466,0.9588280320167542
219,train,0,1.0,1.0,11,guijiao_10_180,10,0.30000001192092896,7500.0,144.0,0.5158165097236633,0.4717276096343994,0.48076966404914856,-0.009042051620781422,0.2900320589542389,0.19073760509490967,0.0994061604142189,5.675627079426704e-08,0.09133139252662659,0.08160223811864853,5.248621737568783e-21,0.08160223811864853,1.120896816253662,1.814885139465332,0.45653945207595825,0.48909759521484375,17.819517135620117,0.41473832726478577,-0.20822474360466003,0.38883069157600403,1.0434457063674927,0.9787084460258484,0.9586864709854126
220,val,0,1.0,1.0,11,guijiao_10_180,11,0.32499998807907104,8125.0,169.0,0.47507306933403015,0.5355506539344788,0.546019434928894,-0.010468796826899052,0.3453679382801056,0.20065151154994965,0.1045471727848053,5.877464559489454e-08,0.09610427916049957,0.08995193988084793,9.957311831609947e-21,0.08995193988084793,1.1373063325881958,1.7587926387786865,0.44938042759895325,0.48196521401405334,16.393043518066406,0.379041463136673,-0.1694994419813156,0.35976728796958923,1.0428409576416016,0.9784596562385559,0.9586244225502014
221,train,0,1.0,1.0,11,guijiao_10_180,12,0.3499999940395355,8750.0,196.0,0.5916249752044678,0.6054196357727051,0.6174386143684387,-0.012018969282507896,0.406073659658432,0.2113649547100067,0.1100987046957016,6.115521955507575e-08,0.10126619040966034,0.09861201047897339,1.801439107896812e-20,0.09861201047897339,1.1530042886734009,1.710047721862793,0.4438091814517975,0.4757799208164215,15.155984878540039,0.35050854086875916,-0.13616777956485748,0.3361901342868805,1.0422255992889404,0.9783134460449219,0.9586144089698792
222,val,0,1.0,1.0,11,guijiao_10_180,13,0.375,9375.0,225.0,0.7030403017997742,0.6813642382621765,0.6950603127479553,-0.01369608286768198,0.4721318185329437,0.2229285091161728,0.11608779430389404,6.387531925611256e-08,0.10684064775705338,0.10756683349609375,3.1284222798348394e-20,0.10756683349609375,1.1677849292755127,1.6678977012634277,0.439406156539917,0.4703657627105713,14.073150634765625,0.32734671235084534,-0.10759344696998596,0.31678059697151184,1.0416090488433838,0.9782422780990601,0.9586381316184998
223,train,0,1.0,1.0,11,guijiao_10_180,14,0.4000000059604645,10000.0,256.0,0.7948856353759766,0.7633584141731262,0.7788601517677307,-0.01550174131989479,0.5435134768486023,0.23534666001796722,0.1225171759724617,6.690950016263741e-08,0.11282941699028015,0.11680116504430771,5.24270174163406e-20,0.11680116504430771,1.1815508604049683,1.6314539909362793,0.43587571382522583,0.4655887186527252,13.117743492126465,0.30826684832572937,-0.08311183750629425,0.3005806505680084,1.0409979820251465,0.9782261848449707,0.9586833715438843
224,val,0,1.0,1.0,11,guijiao_10_180,15,0.42500001192092896,10625.0,289.0,0.9257188439369202,0.8513518571853638,0.8687882423400879,-0.017436370253562927,0.6201850771903992,0.2486031949520111,0.12937866151332855,7.023405146355799e-08,0.11922445148229599,0.12630051374435425,8.515039230886348e-20,0.12630051374435425,1.1942784786224365,1.599859595298767,0.43300747871398926,0.4613442122936249,12.268844604492188,0.29233458638191223,-0.062103524804115295,0.28688809275627136,1.0403971672058105,0.9782505035400391,0.958742082118988
225,val,0,1.0,1.0,11,guijiao_10_180,16,0.44999998807907104,11250.0,324.0,1.0905781984329224,0.9452864527702332,0.9647862911224365,-0.01949983462691307,0.7021124362945557,0.26267382502555847,0.13665978610515594,7.382829636526367e-08,0.12601396441459656,0.13605135679244995,1.3451643433080014e-19,0.13605135679244995,1.205990195274353,1.5723549127578735,0.4306488335132599,0.4575488269329071,11.509765625,0.27886486053466797,-0.044023286551237106,0.2751818895339966,1.0398101806640625,0.9783048629760742,0.9588088393211365
226,train,0,1.0,1.0,11,guijiao_10_180,17,0.4749999940395355,11875.0,361.0,1.0394068956375122,1.0451053380966187,1.0667970180511475,-0.02169165574014187,0.7892637252807617,0.27753323316574097,0.1443473994731903,7.767510368239527e-08,0.13318577408790588,0.1460411250591278,1.2735383346273343e-18,0.1460411250591278,1.2167378664016724,1.5482887029647827,0.42868804931640625,0.45413661003112793,10.827320098876953,0.2673496901988983,-0.028404274955391884,0.2650715410709381,1.0392389297485352,0.9783813953399658,0.9588799476623535
227,train,0,1.0,1.0,11,guijiao_10_180,18,0.5,12500.0,400.0,1.115393042564392,1.1507549285888672,1.174766182899475,-0.02401125617325306,0.8816099762916565,0.2931562066078186,0.15242846310138702,8.175999255399802e-08,0.1407276690006256,0.15625827014446259,6.687006137048985e-19,0.15625827014446259,1.2265877723693848,1.5271180868148804,0.4270418584346771,0.45105257630348206,10.210517883300781,0.2574056088924408,-0.01485441904515028,0.2562585175037384,1.0386850833892822,0.9784744381904602,0.9589529037475586
