sample_index,split,source_id,sample_weight,aux_weight,config_index,config_name,velocity_index,U,Re,Ca,F_target,F_pred,F_physics,F_residual,F_stem,F_leaf,Fcol_1_pred,Fcol_2_pred,Fcol_3_pred,Fcol_1_true,Fcol_2_true,Fcol_3_true,Cd_stem_eff,Cd_leaf_eff,shielding_coef,shielding_target,angle_diff_deg,reconfiguration_factor,reconfiguration_correction,reconfiguration_gain,column_correction_1,column_correction_2,column_correction_3
0,val,0,1.0,1.0,0,PVC_20_0,0,0.05000000074505806,1250.0,0.15360000729560852,0.07093784958124161,0.06924253702163696,0.06500811874866486,0.004234416875988245,0.011016514152288437,0.05399160087108612,0.002554874401539564,0.018555371090769768,0.03288135677576065,0.0008135348907671869,0.012708019465208054,0.012708019465208054,1.5327321290969849,3.645993709564209,0.7558017373085022,0.9039982557296753,100.79964447021484,0.5719940066337585,0.12300878018140793,0.5931020975112915,1.0099986791610718,1.5137531757354736,2.027416467666626
1,train,0,1.0,1.0,0,PVC_20_0,1,0.07500000298023224,1875.0,0.3456000089645386,0.17443148791790009,0.15941834449768066,0.14245262742042542,0.01696571335196495,0.01847795397043228,0.12397468090057373,0.010044057853519917,0.046609099954366684,0.0673215240240097,0.0018697602208703756,0.027825873345136642,0.027825873345136642,1.1425981521606445,2.5036139488220215,0.8748852610588074,0.9087178111076355,101.7435531616211,0.7557372450828552,-0.056538719683885574,0.7429187297821045,2.051704168319702,1.697333574295044,2.1448724269866943
2,val,0,1.0,1.0,0,PVC_20_0,2,0.10000000149011612,2500.0,0.6144000291824341,0.14795003831386566,0.15693603456020355,0.15373075008392334,0.0032052865717560053,0.03317391872406006,0.12055683135986328,0.013942405581474304,0.04113129898905754,0.06548313051462173,0.003428105963394046,0.0476507768034935,0.0476507768034935,1.1538752317428589,1.7394847869873047,0.9271954894065857,0.91482013463974,102.96401977539062,0.8059728741645813,-0.02748396061360836,0.7993274927139282,2.143033504486084,1.0634924173355103,1.5698662996292114
3,train,0,1.0,1.0,0,PVC_20_0,3,0.125,3125.0,0.9599999785423279,0.20464740693569183,0.2014441192150116,0.20283661782741547,-0.0013925031526014209,0.05500991269946098,0.14782670140266418,0.023759065195918083,0.05324947088956833,0.07081817090511322,0.005584338214248419,0.07105002552270889,0.07105002552270889,1.224568486213684,1.7778645753860474,0.9229658246040344,0.9218372106552124,104.36743927001953,0.843038022518158,0.016167357563972473,0.8471269011497498,2.1577389240264893,0.8172242641448975,1.0031276941299438
4,val,0,1.0,1.0,0,PVC_20_0,4,0.15000000596046448,3750.0,1.3824000358581543,0.270246684551239,0.27712494134902954,0.28056663274765015,-0.0034416893031448126,0.08288276195526123,0.1976838856935501,0.037970248609781265,0.07375235855579376,0.08596128225326538,0.008491037413477898,0.09684506058692932,0.09684506058692932,1.2812793254852295,1.861962080001831,0.9085225462913513,0.9292217493057251,105.84434509277344,0.881710410118103,0.04554171860218048,0.8937567472457886,2.1672422885894775,0.7226803302764893,0.765259861946106
5,val,0,1.0,1.0,0,PVC_20_0,5,0.17499999701976776,4375.0,1.881600022315979,0.3938428461551666,0.377616286277771,0.38202211260795593,-0.004405830521136522,0.11654099822044373,0.2654811143875122,0.05658963322639465,0.09990733116865158,0.10898414999246597,0.012395291589200497,0.12395953387022018,0.12395953387022018,1.3236243724822998,1.930783987045288,0.8898500204086304,0.9363734722137451,107.27469635009766,0.9220107793807983,0.0675392597913742,0.9406923651695251,2.174283504486084,0.6728246212005615,0.6531075239181519
6,train,0,1.0,1.0,0,PVC_20_0,6,0.20000000298023224,5000.0,2.4576001167297363,0.43085381388664246,0.5013092160224915,0.5058791637420654,-0.00456993468105793,0.15553109347820282,0.3503480553627014,0.08001197129487991,0.131188303232193,0.1391477882862091,0.01771606132388115,0.1515229493379593,0.1515229493379593,1.3524441719055176,1.9841710329055786,0.8679708242416382,0.9426351189613342,108.52703094482422,0.9639852643013,0.08535498380661011,0.9886695742607117,2.1792211532592773,0.642064094543457,0.591105043888092
7,val,0,1.0,1.0,0,PVC_20_0,7,0.22499999403953552,5625.0,3.1103999614715576,0.6180073022842407,0.647437334060669,0.6516779065132141,-0.004240571521222591,0.1990668922662735,0.4526110291481018,0.10859135538339615,0.16737380623817444,0.17664586007595062,0.025219960138201714,0.178911954164505,0.178911954164505,1.3677167892456055,2.0262129306793213,0.8435064554214478,0.9472165703773499,109.44332122802734,1.006629467010498,0.09970112890005112,1.0367380380630493,2.1822919845581055,0.6219546794891357,0.5536854267120361
8,train,0,1.0,1.0,0,PVC_20_0,8,0.25,6250.0,3.8399999141693115,0.8448036313056946,0.8146072626113892,0.8185725212097168,-0.003965274430811405,0.24620242416858673,0.5723701119422913,0.14249297976493835,0.20814260840415955,0.22173450887203217,0.03648537024855614,0.2057376205921173,0.2057376205921173,1.3701698780059814,2.0599944591522217,0.8173294067382812,0.9489527344703674,109.79054260253906,1.0483771562576294,0.11049041897058487,1.0831278562545776,2.1837575435638428,0.608718991279602,0.5300126671791077
9,train,0,1.0,1.0,0,PVC_20_0,9,0.2750000059604645,6875.0,4.646399974822998,1.050018072128296,1.0006721019744873,1.0052294731140137,-0.004557368345558643,0.29608288407325745,0.7091466188430786,0.1816539615392685,0.2530571520328522,0.27443554997444153,0.055444035679101944,0.2318010926246643,0.2318010926246643,1.3617897033691406,2.0876426696777344,0.7905439138412476,0.9455310702323914,109.10620880126953,1.0876152515411377,0.1175910159945488,1.125983476638794,2.1838760375976562,0.6002302169799805,0.5145949721336365
10,train,0,1.0,1.0,0,PVC_20_0,10,0.30000001192092896,7500.0,5.529600143432617,1.2444380521774292,1.2031134366989136,1.210135817527771,-0.007022351957857609,0.3481530249118805,0.8619828224182129,0.2258136123418808,0.3016635477542877,0.3345056474208832,0.09599050879478455,0.25704047083854675,0.25704047083854675,1.345518946647644,2.110696315765381,0.7642967700958252,0.9301102161407471,106.02204132080078,1.1230206489562988,0.1211247444152832,1.1638282537460327,2.1828789710998535,0.5950896739959717,0.5043419003486633
11,train,0,1.0,1.0,0,PVC_20_0,11,0.32499998807907104,8125.0,6.48960018157959,1.354056715965271,1.4195053577423096,1.4319326877593994,-0.012427284382283688,0.4022475481033325,1.029685139656067,0.274586021900177,0.3535832166671753,0.4015159010887146,0.2500753104686737,0.28148239850997925,0.28148239850997925,1.3246124982833862,2.130338191986084,0.7395637631416321,0.8688808679580688,93.77617645263672,1.1537171602249146,0.12153399735689163,1.1957818269729614,2.1809611320495605,0.5922807455062866,0.49740979075431824
12,val,0,1.0,1.0,0,PVC_20_0,12,0.3499999940395355,8750.0,7.526400089263916,1.6986725330352783,1.6478077173233032,1.6695771217346191,-0.021769428625702858,0.4585498869419098,1.2110272645950317,0.32753995060920715,0.408530592918396,0.4749567210674286,0.5733868479728699,0.30520471930503845,0.30520471930503845,1.3020050525665283,2.1475107669830322,0.716990053653717,0.778120756149292,75.62416076660156,1.179282546043396,0.11951356381177902,1.2215646505355835,2.178277015686035,0.5910202264785767,0.49265724420547485
13,train,0,1.0,1.0,0,PVC_20_0,13,0.375,9375.0,8.640000343322754,1.9440239667892456,1.8863928318023682,1.9222822189331055,-0.0358893945813179,0.5174582600593567,1.4048240184783936,0.3842534124851227,0.4662523865699768,0.5543182492256165,0.8262953162193298,0.3283105492591858,0.3283105492591858,1.2798967361450195,2.1629748344421387,0.696832537651062,0.7271667718887329,65.43335723876953,1.199649691581726,0.11588002741336823,1.2413543462753296,2.174926996231079,0.5906927585601807,0.48935961723327637
14,val,0,1.0,1.0,0,PVC_20_0,14,0.4000000059604645,10000.0,9.830400466918945,2.125422716140747,2.133859634399414,2.1893110275268555,-0.05545144900679588,0.5794366598129272,1.6098744869232178,0.4443252682685852,0.5264286994934082,0.6391205191612244,1.0331017971038818,0.3509112596511841,0.3509112596511841,1.259644627571106,2.177340030670166,0.6790014505386353,0.6930793523788452,58.615875244140625,1.2149626016616821,0.11142364144325256,1.2555752992630005,2.1709442138671875,0.5908246040344238,0.48704877495765686
15,train,0,1.0,1.0,0,PVC_20_0,15,0.42500001192092896,10625.0,11.097599983215332,2.3944380283355713,2.388761043548584,2.469731092453003,-0.08097008615732193,0.6449021697044373,1.824828863143921,0.5073484778404236,0.5885817408561707,0.7288985848426819,1.2118146419525146,0.3731164038181305,0.3731164038181305,1.2418756484985352,2.1910996437072754,0.6631608605384827,0.6676045656204224,53.52091598510742,1.2254451513290405,0.1067798063158989,1.264701008796692,2.166283130645752,0.5910698175430298,0.4854203164577484
16,train,0,1.0,1.0,0,PVC_20_0,16,0.44999998807907104,11250.0,12.44159984588623,2.6817269325256348,2.649329662322998,2.762171745300293,-0.1128421500325203,0.7141566276550293,2.0480151176452637,0.5728495717048645,0.6520193219184875,0.8231461048126221,1.370949149131775,0.395028293132782,0.395028293132782,1.2266781330108643,2.204617738723755,0.6488446593284607,0.6474189162254333,49.48377990722656,1.2313088178634644,0.10235180705785751,1.2691168785095215,2.160813808441162,0.5912056565284729,0.484279066324234
17,train,0,1.0,1.0,0,PVC_20_0,17,0.4749999940395355,11875.0,13.86240005493164,2.9678232669830322,2.9132683277130127,3.0646140575408936,-0.15134575963020325,0.7873467803001404,2.2772672176361084,0.6402124166488647,0.7158169746398926,0.9212378859519958,1.515420913696289,0.4167393147945404,0.4167393147945404,1.213782787322998,2.218093156814575,0.6355565786361694,0.6308286190032959,46.16572570800781,1.2327144145965576,0.09828769415616989,1.2690626382827759,2.154322385787964,0.5911210775375366,0.48350438475608826
18,train,0,1.0,1.0,0,PVC_20_0,18,0.5,12500.0,15.359999656677246,3.0878708362579346,3.177643060684204,3.3742263317108154,-0.1965833157300949,0.8644277453422546,2.509798526763916,0.708603024482727,0.7788479924201965,1.0223475694656372,1.6484487056732178,0.4383312165737152,0.4383312165737152,1.2026820182800293,2.2315006256103516,0.6228489875793457,0.6168425679206848,43.36851501464844,1.2297765016555786,0.09450911730527878,1.2646440267562866,2.146517276763916,0.5908039212226868,0.4830276370048523
19,train,0,1.0,1.0,1,PVC_20_180,0,0.05000000074505806,1250.0,0.15360000729560852,0.30792152881622314,0.2805393636226654,0.2298131138086319,0.05072624236345291,0.008666851557791233,0.22114625573158264,0.10172498226165771,7.565069637394117e-08,0.11942119896411896,0.013280894607305527,1.3017747316988583e-22,0.013280894607305527,1.2058227062225342,4.229150295257568,0.7594894170761108,0.9950531721115112,119.01063537597656,1.5695043802261353,0.5373132824897766,1.8224990367889404,1.7597293853759766,1.292322039604187,2.065854072570801
20,val,0,1.0,1.0,1,PVC_20_180,1,0.07500000298023224,1875.0,0.3456000089645386,0.17357100546360016,0.160625159740448,0.16441094875335693,-0.003785791341215372,0.015696048736572266,0.14871490001678467,0.07630063593387604,6.75668871963353e-08,0.07241420447826385,0.030723044648766518,2.8289993467871503e-22,0.030723044648766518,0.9705769419670105,2.0427913665771484,0.8997208476066589,0.9886112809181213,117.72225952148438,1.0805727243423462,0.09334588050842285,1.110832929611206,1.9925611019134521,1.4708583354949951,1.891068458557129
21,val,0,1.0,1.0,1,PVC_20_180,2,0.10000000149011612,2500.0,0.6144000291824341,0.34319770336151123,0.18106551468372345,0.20325791835784912,-0.02219240367412567,0.031414322555065155,0.17184358835220337,0.09477727860212326,7.704708337996635e-08,0.07706624269485474,0.05678054317831993,4.807654095618108e-22,0.05678054317831993,1.0926719903945923,1.8236747980117798,0.895964503288269,0.9791058301925659,115.8211669921875,0.8929659128189087,-0.00850684568285942,0.8906870484352112,1.9449588060379028,1.323527216911316,1.5815041065216064
22,train,0,1.0,1.0,1,PVC_20_180,3,0.125,3125.0,0.9599999785423279,0.31932196021080017,0.26577749848365784,0.3008349537849426,-0.03505745530128479,0.05207816883921623,0.2487567961215973,0.14203636348247528,1.0744433609488624e-07,0.10672032088041306,0.09318999201059341,7.104417698677035e-22,0.09318999201059341,1.1593053340911865,1.826192855834961,0.8861050009727478,0.9660651087760925,113.21302032470703,0.8560078144073486,-0.010219106450676918,0.8533835411071777,1.9443182945251465,1.2448797225952148,1.460881233215332
23,train,0,1.0,1.0,1,PVC_20_180,4,0.15000000596046448,3750.0,1.3824000358581543,0.31083568930625916,0.3769286274909973,0.4259122610092163,-0.04898364096879959,0.07754720747470856,0.34836503863334656,0.20225125551223755,1.4598751363337215e-07,0.14611363410949707,0.14211547374725342,3.0935381589327246e-21,0.14211547374725342,1.1987974643707275,1.830210566520691,0.8780131936073303,0.9489836692810059,109.7967300415039,0.8434368371963501,-0.00830760132521391,0.8413347601890564,1.9458867311477661,1.199781894683838,1.4057791233062744
24,train,0,1.0,1.0,1,PVC_20_180,5,0.17499999701976776,4375.0,1.881600022315979,0.5591400265693665,0.5090770721435547,0.5731688737869263,-0.06409182399511337,0.1080184355378151,0.4651504158973694,0.2725400924682617,1.9031170950256637e-07,0.19261014461517334,0.20557907223701477,4.078542853266631e-21,0.20557907223701477,1.2268288135528564,1.8261133432388306,0.871269702911377,0.927563488483429,105.51270294189453,0.8370064496994019,-0.008984636515378952,0.8347504138946533,1.9460264444351196,1.1697485446929932,1.3753000497817993
25,train,0,1.0,1.0,1,PVC_20_180,6,0.20000000298023224,5000.0,2.4576001167297363,0.6062102913856506,0.6605426073074341,0.7404841184616089,-0.07994148880243301,0.14376403391361237,0.5967200994491577,0.351619690656662,2.3928379278004286e-07,0.24510017037391663,0.28418269753456116,5.143182058862414e-21,0.28418269753456116,1.250121831893921,1.8157683610916138,0.8652330040931702,0.9021280407905579,100.42560577392578,0.8326807618141174,-0.011997735127806664,0.8296836614608765,1.9449968338012695,1.147326946258545,1.3557802438735962
26,train,0,1.0,1.0,1,PVC_20_180,7,0.22499999403953552,5625.0,3.1103999614715576,0.8631705045700073,0.8305420875549316,0.9264214634895325,-0.09587939083576202,0.1851096749305725,0.74131178855896,0.43851879239082336,2.9197880735409854e-07,0.3027926981449127,0.3756729066371918,6.2701978720074416e-21,0.3756729066371918,1.2718217372894287,1.8011500835418701,0.8594184517860413,0.8739358186721802,94.78716278076172,0.8292433619499207,-0.01681056246161461,0.8250613808631897,1.9429686069488525,1.1289780139923096,1.3415995836257935
27,train,0,1.0,1.0,1,PVC_20_180,8,0.25,6250.0,3.8399999141693115,1.0573121309280396,1.0187149047851562,1.129777431488037,-0.11106252670288086,0.23244355618953705,0.8973339200019836,0.5323565602302551,3.474729908248264e-07,0.36497700214385986,0.47503334283828735,2.200904255082346e-21,0.47503334283828735,1.2935988903045654,1.7837024927139282,0.8534610271453857,0.8448962569236755,88.97925567626953,0.826245129108429,-0.023045958951115608,0.8205326795578003,1.939916729927063,1.1127026081085205,1.3299825191497803
28,val,0,1.0,1.0,1,PVC_20_180,9,0.2750000059604645,6875.0,4.646399974822998,1.2427419424057007,1.2250361442565918,1.3494768142700195,-0.12444061040878296,0.2862239480018616,1.0632528066635132,0.632297694683075,4.047820141295233e-07,0.4309546947479248,0.5766147971153259,2.6106018041597455e-21,0.5766147971153259,1.316444993019104,1.7644829750061035,0.847066342830658,0.8167735934257507,83.3547134399414,0.8234918713569641,-0.030439291149377823,0.8159719109535217,1.9357188940048218,1.09719979763031,1.3193265199661255
29,train,0,1.0,1.0,1,PVC_20_180,10,0.30000001192092896,7500.0,5.529600143432617,1.5060391426086426,1.4498035907745361,1.5845537185668945,-0.134750097990036,0.34697869420051575,1.2375750541687012,0.7375521063804626,4.6284651489258977e-07,0.5000224113464355,0.6762266159057617,3.0584045913771367e-21,0.6762266159057617,1.3409804105758667,1.7443323135375977,0.8399789333343506,0.7906438708305359,78.12877655029297,0.8208732604980469,-0.03876204788684845,0.8113276362419128,1.9302051067352295,1.0815351009368896,1.3085798025131226
30,train,0,1.0,1.0,1,PVC_20_180,11,0.32499998807907104,8125.0,6.48960018157959,1.597334623336792,1.6936256885528564,1.8341667652130127,-0.14054113626480103,0.41528648138046265,1.4188803434371948,0.8473963141441345,5.205416186981893e-07,0.5714834928512573,0.771656334400177,3.5438832744536875e-21,0.771656334400177,1.367550015449524,1.7240204811096191,0.8319604396820068,0.766912579536438,73.38251495361328,0.8182876706123352,-0.0477527491748333,0.8065650463104248,1.923166275024414,1.0649869441986084,1.2969818115234375
31,train,0,1.0,1.0,1,PVC_20_180,12,0.3499999940395355,8750.0,7.526400089263916,1.9695085287094116,1.9573405981063843,2.097590923309326,-0.14025036990642548,0.49173668026924133,1.6058542728424072,0.961183488368988,5.766974027210381e-07,0.6446702480316162,0.8621596693992615,1.1680538468040135e-22,0.8621596693992615,1.396235466003418,1.7043519020080566,0.822775661945343,0.7455744743347168,69.1148910522461,0.8155862092971802,-0.057062529027462006,0.8016244173049927,1.9143387079238892,1.0469845533370972,1.2839558124542236
32,train,0,1.0,1.0,1,PVC_20_180,13,0.375,9375.0,8.640000343322754,2.2906291484832764,2.241849184036255,2.3741915225982666,-0.13234242796897888,0.5768571496009827,1.7973343133926392,1.0783441066741943,6.301326038737898e-07,0.7189896106719971,0.9478147625923157,1.0756810115930194e-22,0.9478147625923157,1.4268157482147217,1.6862590312957764,0.8121848106384277,0.7264378666877747,65.2875747680664,0.8125329613685608,-0.06621891260147095,0.7963914275169373,1.9033679962158203,1.0270787477493286,1.269076943397522
33,train,0,1.0,1.0,1,PVC_20_180,14,0.4000000059604645,10000.0,9.830400466918945,2.650298833847046,2.547788619995117,2.6633172035217285,-0.11552849411964417,0.6710030436515808,1.992314100265503,1.198340892791748,6.796895490879251e-07,0.7939724326133728,1.0290770530700684,9.475226058219414e-23,1.0290770530700684,1.4587020874023438,1.6708545684814453,0.7999395132064819,0.7092531323432922,61.850624084472656,0.808770477771759,-0.07460866868495941,0.7906680703163147,1.8897583484649658,1.0049411058425903,1.2520778179168701
34,train,0,1.0,1.0,1,PVC_20_180,15,0.42500001192092896,10625.0,11.097599983215332,2.8269872665405273,2.87503719329834,2.9641036987304688,-0.08906638622283936,0.7742119431495667,2.189891815185547,1.320560097694397,7.242740025503736e-07,0.869330883026123,1.1065337657928467,8.751692933370289e-23,1.1065337657928467,1.4908850193023682,1.659456491470337,0.7857873439788818,0.6937710642814636,58.754215240478516,0.8038018345832825,-0.08148877322673798,0.7841516137123108,1.8728077411651611,0.9803793430328369,1.2328779697418213
35,val,0,1.0,1.0,1,PVC_20_180,16,0.44999998807907104,11250.0,12.44159984588623,3.2195968627929688,3.2220513820648193,3.275156259536743,-0.05310492217540741,0.886031448841095,2.389124870300293,1.4441211223602295,7.629041078871523e-07,0.9450030326843262,1.1807831525802612,1.4413170314209997e-23,1.1807831525802612,1.5219006538391113,1.6535459756851196,0.7694874405860901,0.6797662973403931,55.95326232910156,0.797008752822876,-0.08602722734212875,0.7764394283294678,1.8515416383743286,0.9533657431602478,1.2116105556488037
36,train,0,1.0,1.0,1,PVC_20_180,17,0.4749999940395355,11875.0,13.86240005493164,3.643343448638916,3.585117816925049,3.5941085815429688,-0.008990666829049587,1.0053571462631226,2.5887513160705566,1.5675935745239258,7.947897984195151e-07,1.021156907081604,1.2523813247680664,2.179188649855603e-23,1.2523813247680664,1.5498700141906738,1.6546521186828613,0.7508498430252075,0.6670430302619934,53.408607482910156,0.7877242565155029,-0.08740238100290298,0.7670695185661316,1.8246668577194214,0.9240821599960327,1.188618779182434
37,train,0,1.0,1.0,1,PVC_20_180,18,0.5,12500.0,15.359999656677246,4.037886619567871,3.9577319622039795,3.9171228408813477,0.04060911387205124,1.1303465366363525,2.786776304244995,1.6886581182479858,8.194635938707506e-07,1.0981173515319824,1.3218237161636353,7.380154498657305e-22,1.3218237161636353,1.5726560354232788,1.664116621017456,0.7298024892807007,0.6554343104362488,51.08686828613281,0.7753819227218628,-0.08498144149780273,0.7556139826774597,1.7905925512313843,0.8929778337478638,1.164404273033142
38,train,0,1.0,1.0,2,PVC_10_0,0,0.05000000074505806,1250.0,0.15360000729560852,0.004296653904020786,0.008692593313753605,0.011217597872018814,-0.0025250043254345655,0.00981901679188013,0.0013985808473080397,6.381388084264472e-05,0.000806712603662163,0.0005280543700791895,0.00040676744538359344,0.006354009732604027,0.006354009732604027,1.366123914718628,1.461989402770996,0.7995822429656982,0.9039982557296753,100.79964447021484,0.14824283123016357,-0.22729912400245667,0.1381341964006424,0.5402520298957825,1.3322293758392334,0.6972715258598328
39,train,0,1.0,1.0,2,PVC_10_0,1,0.07500000298023224,1875.0,0.3456000089645386,0.0044425735250115395,0.016815420240163803,0.01951167732477188,-0.002696257783100009,0.013048951514065266,0.00646272674202919,0.0003440731088630855,0.003833227092400193,0.0022854264825582504,0.0009348801104351878,0.013912936672568321,0.013912936672568321,0.8068916201591492,1.7744674682617188,0.8812550902366638,0.9087178111076355,101.7435531616211,0.1496773064136505,-0.008032729849219322,0.14931660890579224,0.9867763519287109,1.9456866979599,1.0222973823547363
40,train,0,1.0,1.0,2,PVC_10_0,2,0.10000000149011612,2500.0,0.6144000291824341,0.11792551726102829,0.10248275846242905,0.0949188843369484,0.007563875988125801,0.02990112639963627,0.06501775979995728,0.007467044051736593,0.031894054263830185,0.025656666606664658,0.001714052981697023,0.02382538840174675,0.02382538840174675,1.0400390625,2.0076851844787598,0.9257962703704834,0.91482013463974,102.96401977539062,0.6857448220252991,0.2779448330402374,0.7429245710372925,2.1398091316223145,1.5397940874099731,1.146749496459961
41,val,0,1.0,1.0,2,PVC_10_0,3,0.125,3125.0,0.9599999785423279,0.3397746682167053,0.14200051128864288,0.13522611558437347,0.006774396635591984,0.05140715464949608,0.0838189572095871,0.013637631200253963,0.03557238355278969,0.03460894525051117,0.0027921691071242094,0.035525012761354446,0.035525012761354446,1.1443679332733154,1.956205129623413,0.914729118347168,0.9218372106552124,104.36743927001953,0.841806173324585,0.15179826319217682,0.8801416158676147,2.166799306869507,0.9637009501457214,0.857650101184845
42,train,0,1.0,1.0,2,PVC_10_0,4,0.15000000596046448,3750.0,1.3824000358581543,0.16250543296337128,0.1879722625017166,0.18207339942455292,0.005898867268115282,0.07601422071456909,0.10605917870998383,0.020327789708971977,0.04272514581680298,0.04300623759627342,0.004245518706738949,0.04842253029346466,0.04842253029346466,1.1750990152359009,1.9739704132080078,0.9067209362983704,0.9292217493057251,105.84434509277344,0.8779252171516418,0.08642944693565369,0.9006888270378113,2.1719956398010254,0.7852731347084045,0.7167080640792847
43,val,0,1.0,1.0,2,PVC_10_0,5,0.17499999701976776,4375.0,1.881600022315979,0.17313167452812195,0.2501804232597351,0.2437426745891571,0.006437735166400671,0.10569076985120773,0.13805189728736877,0.028928035870194435,0.05444978550076485,0.05467408150434494,0.006197645794600248,0.06197976693511009,0.06197976693511009,1.2003920078277588,2.010673761367798,0.8970137238502502,0.9363734722137451,107.27469635009766,0.9068071842193604,0.05939570441842079,0.9229652881622314,2.1756176948547363,0.7120373249053955,0.6413382887840271
44,train,0,1.0,1.0,2,PVC_10_0,6,0.20000000298023224,5000.0,2.4576001167297363,0.32816481590270996,0.32718798518180847,0.3192145824432373,0.00797339715063572,0.1405148059129715,0.17869976162910461,0.03970285505056381,0.06948249787092209,0.06951441615819931,0.008858030661940575,0.07576147466897964,0.07576147466897964,1.2218676805496216,2.045656442642212,0.8846653699874878,0.9426351189613342,108.52703094482422,0.9381904006004333,0.04971688240766525,0.9521836042404175,2.178086042404175,0.6720348000526428,0.5947989225387573
45,val,0,1.0,1.0,2,PVC_10_0,7,0.22499999403953552,5625.0,3.1103999614715576,0.4748879671096802,0.41850408911705017,0.4082149565219879,0.01028912141919136,0.1801777184009552,0.22803723812103271,0.052864622324705124,0.08748280256986618,0.08768980950117111,0.012609980069100857,0.0894559770822525,0.0894559770822525,1.237936019897461,2.0751075744628906,0.8696674108505249,0.9472165703773499,109.44332122802734,0.9726668000221252,0.04899700731039047,0.9869641065597534,2.1793391704559326,0.6468018889427185,0.5638335347175598
46,val,0,1.0,1.0,2,PVC_10_0,8,0.25,6250.0,3.8399999141693115,0.5574852824211121,0.5237894654273987,0.5105847716331482,0.013204718008637428,0.22422896325588226,0.2863558232784271,0.06858810037374496,0.10831450670957565,0.1094532161951065,0.01824268512427807,0.10286881029605865,0.10286881029605865,1.2478829622268677,2.0988855361938477,0.852297306060791,0.9489527344703674,109.79054260253906,1.0092849731445312,0.05334460735321045,1.0254368782043457,2.179403781890869,0.6298346519470215,0.5424497723579407
47,train,0,1.0,1.0,2,PVC_10_0,9,0.2750000059604645,6875.0,4.646399974822998,0.5972995758056641,0.6424704790115356,0.6259667873382568,0.01650366745889187,0.2721700072288513,0.3537967801094055,0.08697602152824402,0.13181447982788086,0.13500626385211945,0.027722017839550972,0.11590054631233215,0.11590054631233215,1.2518059015274048,2.1175994873046875,0.8329956531524658,0.9455310702323914,109.10620880126953,1.0466629266738892,0.06058873236179352,1.0656877756118774,2.178346872329712,0.6181443929672241,0.5273797512054443
48,train,0,1.0,1.0,2,PVC_10_0,10,0.30000001192092896,7500.0,5.529600143432617,0.7768981456756592,0.7736683487892151,0.7537564039230347,0.019911933690309525,0.32353344559669495,0.43022292852401733,0.10804299265146255,0.15773430466651917,0.16444562375545502,0.04799525439739227,0.12852023541927338,0.12852023541927338,1.250370740890503,2.1320412158966064,0.8123066425323486,0.9301102161407471,106.02204132080078,1.0833417177200317,0.06943143159151077,1.1059070825576782,2.176238775253296,0.6100397706031799,0.5166236758232117
49,val,0,1.0,1.0,2,PVC_10_0,11,0.32499998807907104,8125.0,6.48960018157959,0.982464611530304,0.9162685871124268,0.8931736946105957,0.02309488318860531,0.37794622778892517,0.5152274370193481,0.13172051310539246,0.18574798107147217,0.19775891304016113,0.12503765523433685,0.14074119925498962,0.14074119925498962,1.2445875406265259,2.1430952548980713,0.7908183336257935,0.8688808679580688,93.77617645263672,1.1179805994033813,0.07913912832736969,1.1445233821868896,2.173137664794922,0.6043983697891235,0.5088759660720825
50,train,0,1.0,1.0,2,PVC_10_0,12,0.3499999940395355,8750.0,7.526400089263916,1.096636176109314,1.0690350532531738,1.0433766841888428,0.025658341124653816,0.4351658523082733,0.6082108616828918,0.15787702798843384,0.21548669040203094,0.23484714329242706,0.28669342398643494,0.15260235965251923,0.15260235965251923,1.235608458518982,2.151726484298706,0.7691057324409485,0.778120756149292,75.62416076660156,1.149466872215271,0.08936590701341629,1.1802839040756226,2.1690824031829834,0.6003901958465576,0.5032507181167603
51,train,0,1.0,1.0,2,PVC_10_0,13,0.375,9375.0,8.640000343322754,1.2108826637268066,1.230715274810791,1.203573226928711,0.027142036706209183,0.4950960874557495,0.7084770798683167,0.18634146451950073,0.24658000469207764,0.2755556106567383,0.4131476581096649,0.1641552746295929,0.1641552746295929,1.2245855331420898,2.1589560508728027,0.7476907968521118,0.7271667718887329,65.43335723876953,1.1769542694091797,0.09998586028814316,1.212257981300354,2.1640875339508057,0.5973697304725647,0.4991334080696106
52,train,0,1.0,1.0,2,PVC_10_0,14,0.4000000059604645,10000.0,9.830400466918945,1.3690028190612793,1.4001009464263916,1.3730955123901367,0.027005430310964584,0.5577906966209412,0.8153047561645508,0.21691909432411194,0.2786879539489746,0.31969767808914185,0.5165508985519409,0.17545562982559204,0.17545562982559204,1.2125883102416992,2.1658077239990234,0.7270158529281616,0.6930793523788452,58.615875244140625,1.1998494863510132,0.11093845218420029,1.2397823333740234,2.158137559890747,0.5948366522789001,0.49609267711639404
53,train,0,1.0,1.0,2,PVC_10_0,15,0.42500001192092896,10625.0,11.097599983215332,1.6664570569992065,1.5760314464569092,1.5514202117919922,0.02461126446723938,0.6234548091888428,0.9279654026031494,0.24939191341400146,0.3115122616291046,0.36706122756004333,0.6059073209762573,0.18655820190906525,0.18655820190906525,1.2005749940872192,2.1732029914855957,0.7074171304702759,0.6676045656204224,53.52091598510742,1.217780590057373,0.12211490422487259,1.2623933553695679,2.151177406311035,0.5924278497695923,0.4938264787197113
54,val,0,1.0,1.0,2,PVC_10_0,16,0.44999998807907104,11250.0,12.44159984588623,1.7020379304885864,1.7573280334472656,1.7381010055541992,0.019227026030421257,0.692409336566925,1.045691728591919,0.2835061252117157,0.34477928280830383,0.417406290769577,0.6854745745658875,0.197514146566391,0.197514146566391,1.1893236637115479,2.1818416118621826,0.6890843510627747,0.6474189162254333,49.48377990722656,1.2305772304534912,0.1333087831735611,1.2797913551330566,2.143096446990967,0.589915931224823,0.4921305179595947
55,train,0,1.0,1.0,2,PVC_10_0,17,0.4749999940395355,11875.0,13.86240005493164,1.914313793182373,1.9426215887069702,1.9325647354125977,0.010056809522211552,0.7649762034416199,1.1675885915756226,0.3189447820186615,0.37819406390190125,0.4704497158527374,0.7577104568481445,0.2083696573972702,0.2083696573972702,1.1792960166931152,2.1920673847198486,0.6720224022865295,0.6308286190032959,46.16572570800781,1.2382605075836182,0.1442171335220337,1.2918339967727661,2.133704900741577,0.5872078537940979,0.4908785820007324
56,train,0,1.0,1.0,2,PVC_10_0,18,0.5,12500.0,15.359999656677246,2.087332010269165,2.1301259994506836,2.1337995529174805,-0.0036736580077558756,0.8412913680076599,1.2925081253051758,0.35528841614723206,0.4113868176937103,0.5258328914642334,0.8242243528366089,0.2191656082868576,0.2191656082868576,1.1704922914505005,2.203761577606201,0.6560604572296143,0.6168425679206848,43.36851501464844,1.2410246133804321,0.15444429218769073,1.2985254526138306,2.1227197647094727,0.5843326449394226,0.4900059998035431
57,val,0,1.0,1.0,3,PVC_10_180,0,0.05000000074505806,1250.0,0.15360000729560852,0.1761522889137268,0.016576651483774185,0.017646536231040955,-0.0010698850965127349,0.012437410652637482,0.005209124647080898,0.0026701954193413258,5.548272064004323e-09,0.002538923639804125,0.006640447303652763,6.508873658494291e-23,0.006640447303652763,1.730422019958496,1.7972073554992676,0.9174069762229919,0.9950531721115112,119.01063537597656,0.5031217336654663,-0.05432135611772537,0.4949226677417755,0.8005274534225464,1.3598474264144897,0.7611719369888306
58,val,0,1.0,1.0,3,PVC_10_180,1,0.07500000298023224,1875.0,0.3456000089645386,0.1749381422996521,0.08264356106519699,0.07735557854175568,0.005287982057780027,0.015790153294801712,0.06156542897224426,0.03369758278131485,3.543371818182095e-08,0.027867810800671577,0.015361522324383259,1.4144996733935752e-22,0.015361522324383259,0.9763959050178528,2.1096384525299072,0.9201555848121643,0.9886112809181213,117.72225952148438,0.9326553344726562,0.026764176785945892,0.9401438236236572,2.013643741607666,1.725840449333191,1.6652778387069702
59,train,0,1.0,1.0,3,PVC_10_180,2,0.10000000149011612,2500.0,0.6144000291824341,0.10751472413539886,0.12856857478618622,0.13040758669376373,-0.0018390137702226639,0.0321693941950798,0.09823819249868393,0.05624856799840927,4.409731602095235e-08,0.04198957979679108,0.028390271589159966,2.403827047809054e-22,0.028390271589159966,1.1189353466033936,2.0162322521209717,0.8830369710922241,0.9791058301925659,115.8211669921875,0.9390798807144165,-0.04016146808862686,0.927765429019928,2.0046632289886475,1.3348255157470703,1.4964818954467773
60,train,0,1.0,1.0,3,PVC_10_180,3,0.125,3125.0,0.9599999785423279,0.198393777012825,0.18867436051368713,0.1944561004638672,-0.005781746003776789,0.05206438899040222,0.14239171147346497,0.08355608582496643,5.855300599932889e-08,0.05883555859327316,0.04659499600529671,3.5522088493385176e-22,0.04659499600529671,1.1589984893798828,1.9610373973846436,0.8742132186889648,0.9660651087760925,113.21302032470703,0.922416627407074,-0.049493420869112015,0.9087205529212952,2.0005555152893066,1.2027230262756348,1.4086802005767822
61,train,0,1.0,1.0,3,PVC_10_180,4,0.15000000596046448,3750.0,1.3824000358581543,0.27636855840682983,0.26310354471206665,0.2726646661758423,-0.009561136364936829,0.0761176124215126,0.19654706120491028,0.11685045808553696,7.759153675124253e-08,0.07969653606414795,0.07105773687362671,1.5467690794663623e-21,0.07105773687362671,1.1766973733901978,1.9318703413009644,0.8714302778244019,0.9489836692810059,109.7967300415039,0.9115325212478638,-0.058646515011787415,0.8954950571060181,2.0013153553009033,1.1437420845031738,1.3649744987487793
62,train,0,1.0,1.0,3,PVC_10_180,5,0.17499999701976776,4375.0,1.881600022315979,0.3855060040950775,0.3502231240272522,0.36400800943374634,-0.013784881681203842,0.10470931977033615,0.2592986822128296,0.15533596277236938,9.982912985151415e-08,0.10396261513233185,0.10278953611850739,2.0392714266333154e-21,0.10278953611850739,1.1892452239990234,1.9090092182159424,0.8699272274971008,0.927563488483429,105.51270294189453,0.9033362865447998,-0.06949380785226822,0.8845033645629883,2.0026137828826904,1.1095855236053467,1.3403010368347168
63,train,0,1.0,1.0,3,PVC_10_180,6,0.20000000298023224,5000.0,2.4576001167297363,0.4729076027870178,0.44914960861206055,0.4675511121749878,-0.018401488661766052,0.13816799223423004,0.32938310503959656,0.19829045236110687,1.2443476293810818e-07,0.13109253346920013,0.14209134876728058,2.571591029431207e-21,0.14209134876728058,1.2014607191085815,1.8865158557891846,0.868248701095581,0.9021280407905579,100.42560577392578,0.8962237238883972,-0.08057119697332382,0.8745607733726501,2.0030884742736816,1.0858182907104492,1.3242689371109009
64,train,0,1.0,1.0,3,PVC_10_180,7,0.22499999403953552,5625.0,3.1103999614715576,0.585237979888916,0.5594695210456848,0.5825539827346802,-0.02308444306254387,0.1768774837255478,0.4056765139102936,0.24506482481956482,1.5067355718656472e-07,0.16061154007911682,0.1878364533185959,3.1350989360037208e-21,0.1878364533185959,1.2152613401412964,1.8629648685455322,0.8657398223876953,0.8739358186721802,94.78716278076172,0.8895018100738525,-0.09104348719120026,0.865206778049469,2.002166271209717,1.0664243698120117,1.3121874332427979
65,train,0,1.0,1.0,3,PVC_10_180,8,0.25,6250.0,3.8399999141693115,0.6845232844352722,0.6812175512313843,0.7084923386573792,-0.027274807915091515,0.22132804989814758,0.48716428875923157,0.2950771152973175,1.7777271921204374e-07,0.19208699464797974,0.23751667141914368,1.100452127541173e-21,0.23751667141914368,1.2317386865615845,1.83846116065979,0.8619751334190369,0.8448962569236755,88.97925567626953,0.8828492164611816,-0.10044780373573303,0.8562451601028442,1.999455213546753,1.048112392425537,1.3015896081924438
66,train,0,1.0,1.0,3,PVC_10_180,9,0.2750000059604645,6875.0,4.646399974822998,0.8764917254447937,0.8149307370185852,0.8450855016708374,-0.03015477955341339,0.2721451222896576,0.5729403495788574,0.3478212058544159,2.048728475756434e-07,0.225118950009346,0.28830739855766296,1.3053009020798728e-21,0.28830739855766296,1.2516915798187256,1.8137590885162354,0.856575071811676,0.8167735934257507,83.3547134399414,0.8760600686073303,-0.10838274657726288,0.8475751280784607,1.9945348501205444,1.0286457538604736,1.2909150123596191
67,train,0,1.0,1.0,3,PVC_10_180,10,0.30000001192092896,7500.0,5.529600143432617,0.9029657244682312,0.9617013931274414,0.9923223257064819,-0.030620958656072617,0.3300807476043701,0.6622415781021118,0.40288418531417847,2.3101571855477232e-07,0.25935718417167664,0.33811330795288086,1.5292022956885683e-21,0.33811330795288086,1.2756743431091309,1.7900946140289307,0.8491290807723999,0.7906438708305359,78.12877655029297,0.8688938021659851,-0.11433396488428116,0.8390905857086182,1.986834168434143,1.0062607526779175,1.279026746749878
68,train,0,1.0,1.0,3,PVC_10_180,11,0.32499998807907104,8125.0,6.48960018157959,1.0138746500015259,1.1231379508972168,1.1504442691802979,-0.027306338772177696,0.39593586325645447,0.754508376121521,0.45995575189590454,2.5517056201351807e-07,0.29455238580703735,0.3858281672000885,1.7719416372268438e-21,0.3858281672000885,1.3038278818130493,1.7692689895629883,0.8391591310501099,0.766912579536438,73.38251495361328,0.8609559535980225,-0.11756141483783722,0.8305913805961609,1.975499153137207,0.979508638381958,1.2650954723358154
69,train,0,1.0,1.0,3,PVC_10_180,12,0.3499999940395355,8750.0,7.526400089263916,1.313947081565857,1.3011066913604736,1.3198237419128418,-0.0187170822173357,0.47037622332572937,0.84944748878479,0.5188016295433044,2.7630724730443035e-07,0.33064553141593933,0.43107983469963074,5.840269234020067e-23,0.43107983469963074,1.3355847597122192,1.7537975311279297,0.8261137008666992,0.7455744743347168,69.1148910522461,0.8515963554382324,-0.11703289300203323,0.821696937084198,1.9592187404632568,0.9473168849945068,1.2486599683761597
70,train,0,1.0,1.0,3,PVC_10_180,13,0.375,9375.0,8.640000343322754,1.5928974151611328,1.4970697164535522,1.5006327629089355,-0.0035630306228995323,0.5536303520202637,0.9470024108886719,0.5791352987289429,2.9353188324421353e-07,0.36786678433418274,0.47390738129615784,5.378405057965097e-23,0.47390738129615784,1.369365930557251,1.746917724609375,0.8094025254249573,0.7264378666877747,65.2875747680664,0.8398763537406921,-0.1114426776766777,0.8117969632148743,1.936004400253296,0.9092395305633545,1.229750156402588
71,val,0,1.0,1.0,3,PVC_10_180,14,0.4000000059604645,10000.0,9.830400466918945,1.7449835538864136,1.7108821868896484,1.6921789646148682,0.01870320737361908,0.6451305747032166,1.0470484495162964,0.6402845978736877,3.062847042656358e-07,0.4067635238170624,0.5145385265350342,4.737613029109707e-23,0.5145385265350342,1.402457594871521,1.752225399017334,0.7885057330131531,0.7092531323432922,61.850624084472656,0.8246995806694031,-0.09946788102388382,0.8000902533531189,1.9029737710952759,0.865847647190094,1.208931565284729
72,train,0,1.0,1.0,3,PVC_10_180,15,0.42500001192092896,10625.0,11.097599983215332,1.9275760650634766,1.9391815662384033,1.8918886184692383,0.04729298874735832,0.7432829737663269,1.1486055850982666,0.7005796432495117,3.1456212923330895e-07,0.4480257034301758,0.5532668828964233,4.3758464666851443e-23,0.5532668828964233,1.4313256740570068,1.7726845741271973,0.7631945610046387,0.6937710642814636,58.754215240478516,0.8052074909210205,-0.08039753139019012,0.785786509513855,1.8563181161880493,0.8190819621086121,1.1871286630630493
73,train,0,1.0,1.0,3,PVC_10_180,16,0.44999998807907104,11250.0,12.44159984588623,2.2017436027526855,2.174142599105835,2.0943539142608643,0.07978877425193787,0.8455965518951416,1.2487573623657227,0.7566810846328735,3.1904860975373595e-07,0.49207597970962524,0.5903915762901306,7.206585157104998e-24,0.5903915762901306,1.4524472951889038,1.8091378211975098,0.7338303923606873,0.6797662973403931,55.95326232910156,0.7813811302185059,-0.05502445995807648,0.7684826254844666,1.7918057441711426,0.7721478939056396,1.1652259826660156
74,train,0,1.0,1.0,3,PVC_10_180,17,0.4749999940395355,11875.0,13.86240005493164,2.481191635131836,2.403986930847168,2.2914915084838867,0.11249545216560364,0.9492847919464111,1.3422067165374756,0.8035663366317749,3.2099114832817577e-07,0.5386401414871216,0.6261906623840332,1.0895943249278015e-23,0.6261906623840332,1.463428258895874,1.8590868711471558,0.7015621662139893,0.6670430302619934,53.408607482910156,0.7544655203819275,-0.0261397585272789,0.7485490441322327,1.7061738967895508,0.7286009788513184,1.1436686515808105
75,val,0,1.0,1.0,3,PVC_10_180,18,0.5,12500.0,15.359999656677246,2.5872838497161865,2.616291046142578,2.474837303161621,0.14145365357398987,1.0520683526992798,1.4227690696716309,0.8360289931297302,3.2182543918679585e-07,0.5867397785186768,0.6609118580818176,3.6900772493286525e-22,0.6609118580818176,1.4637471437454224,1.9169385433197021,0.6681712865829468,0.6554343104362488,51.08686828613281,0.7267455458641052,0.0021249023266136646,0.7272087931632996,1.599273681640625,0.6910273432731628,1.1223981380462646
76,train,0,1.0,1.0,4,Rguijiao_20_0,0,0.05000000074505806,1250.0,0.5408450961112976,0.0793856531381607,0.07815103232860565,0.07024659216403961,0.00790443830192089,0.009248713962733746,0.06099788099527359,0.004938916768878698,0.022634292021393776,0.03342467173933983,0.0008497143280692399,0.012034342624247074,0.012034342624247074,1.2867774963378906,1.8108267784118652,0.8520520329475403,0.9132076501846313,102.64153289794922,1.3883516788482666,0.05866498872637749,1.4127858877182007,1.6503465175628662,1.3844786882400513,1.7420178651809692
77,train,0,1.0,1.0,4,Rguijiao_20_0,1,0.07500000298023224,1875.0,1.216901421546936,0.06598012149333954,0.07100198417901993,0.07122747600078583,-0.00022549217101186514,0.019248219206929207,0.05197925865650177,0.011656149290502071,0.02067716233432293,0.019645949825644493,0.002076980657875538,0.024730108678340912,0.024730108678340912,1.19022798538208,1.8686555624008179,0.9373122453689575,0.9264792203903198,105.29583740234375,1.0621907711029053,0.09214772284030914,1.0915542840957642,2.1711742877960205,0.6408970355987549,0.570761501789093
78,train,0,1.0,1.0,4,Rguijiao_20_0,2,0.10000000149011612,2500.0,2.1633803844451904,0.13217772543430328,0.12211193144321442,0.12538228929042816,-0.0032703601755201817,0.03580446168780327,0.0895778238773346,0.02210012637078762,0.03396504744887352,0.033512648195028305,0.004223970230668783,0.03916126862168312,0.03916126862168312,1.2453724145889282,2.112558126449585,0.8874033093452454,0.9396970868110657,107.93941497802734,1.0048584938049316,0.07714074850082397,1.0281131267547607,2.174612283706665,0.5874086022377014,0.5143252611160278
79,train,0,1.0,1.0,4,Rguijiao_20_0,3,0.125,3125.0,3.380281686782837,0.19640156626701355,0.18792341649532318,0.1942862719297409,-0.006362857297062874,0.056059177964925766,0.13822709023952484,0.035414110869169235,0.050595980137586594,0.05221699923276901,0.008221819996833801,0.053746797144412994,0.053746797144412994,1.2479259967803955,2.174067974090576,0.8464738726615906,0.9483026266098022,109.66053009033203,1.0022212266921997,0.07624343782663345,1.0251450538635254,2.173374652862549,0.5721405744552612,0.499818354845047
80,val,0,1.0,1.0,4,Rguijiao_20_0,4,0.15000000596046448,3750.0,4.867605686187744,0.2594616115093231,0.2649524509906769,0.2756873667240143,-0.010734918527305126,0.0800415650010109,0.19564580917358398,0.05152296647429466,0.0693758949637413,0.07474695146083832,0.01782258413732052,0.06770908087491989,0.06770908087491989,1.2373573780059814,2.1747474670410156,0.8095602989196777,0.9432054162025452,108.6410903930664,1.0146931409835815,0.07057647407054901,1.0361772775650024,2.1717617511749268,0.5633946657180786,0.4914132058620453
81,train,0,1.0,1.0,4,Rguijiao_20_0,5,0.17499999701976776,4375.0,6.625351905822754,0.35800719261169434,0.3517141342163086,0.368723064661026,-0.017008915543556213,0.10760807245969772,0.2611149847507477,0.07033621519804001,0.08981281518936157,0.1009659543633461,0.0833248496055603,0.08086365461349487,0.08086365461349487,1.2221680879592896,2.152249336242676,0.77442467212677,0.8541660308837891,90.83320617675781,1.0328811407089233,0.059198424220085144,1.051224708557129,2.169459104537964,0.5579223036766052,0.4857238829135895
82,train,0,1.0,1.0,4,Rguijiao_20_0,6,0.20000000298023224,5000.0,8.653521537780762,0.47495365142822266,0.44752824306488037,0.473122239112854,-0.02559400163590908,0.1387048363685608,0.3344174027442932,0.09179167449474335,0.11172395199537277,0.13090179860591888,0.23541828989982605,0.09331627935171127,0.09331627935171127,1.2061288356781006,2.122370481491089,0.7412827014923096,0.7266942262649536,65.3388442993164,1.0527724027633667,0.044051334261894226,1.0666851997375488,2.1663196086883545,0.5547837615013123,0.4818444550037384
83,train,0,1.0,1.0,4,Rguijiao_20_0,7,0.22499999403953552,5625.0,10.952113151550293,0.5159441232681274,0.5526723861694336,0.5893111228942871,-0.036638736724853516,0.1735369712114334,0.4157741665840149,0.11589959263801575,0.13518545031547546,0.16468913853168488,0.33878958225250244,0.10526465624570847,0.10526465624570847,1.192309856414795,2.0934336185455322,0.7108765840530396,0.6701484322547913,54.029693603515625,1.072059988975525,0.027320029214024544,1.0808465480804443,2.1623716354370117,0.553383469581604,0.47924256324768066
84,train,0,1.0,1.0,4,Rguijiao_20_0,8,0.25,6250.0,13.521126747131348,0.5834466218948364,0.6681068539619446,0.7181416153907776,-0.050034768879413605,0.21256984770298004,0.5055717825889587,0.142695814371109,0.16038908064365387,0.20248687267303467,0.4210447072982788,0.11690676212310791,0.11690676212310791,1.1829973459243774,2.0696523189544678,0.6836830973625183,0.6344692707061768,46.893856048583984,1.0891581773757935,0.010762820020318031,1.092674970626831,2.1576426029205322,0.5532613396644592,0.4775371551513672
85,train,0,1.0,1.0,4,Rguijiao_20_0,9,0.2750000059604645,6875.0,16.360563278198242,0.8144222497940063,0.7948594093322754,0.8603623509407043,-0.06550295650959015,0.256445050239563,0.6039173007011414,0.1721293032169342,0.18744714558124542,0.24434083700180054,0.4909791052341461,0.1284092366695404,0.1284092366695404,1.1794812679290771,2.052436351776123,0.65971839427948,0.6089425683021545,41.788509368896484,1.1028071641921997,-0.004529936704784632,1.1013084650039673,2.1520254611968994,0.5540575981140137,0.4764646589756012
86,train,0,1.0,1.0,4,Rguijiao_20_0,10,0.30000001192092896,7500.0,19.470422744750977,0.9322099089622498,0.9333351254463196,1.0160585641860962,-0.08272341638803482,0.30587971210479736,0.7101788520812988,0.20393043756484985,0.2162138968706131,0.29003453254699707,0.552803099155426,0.13990218937397003,0.13990218937397003,1.1821438074111938,2.0413894653320312,0.6386205554008484,0.5894266963005066,37.88533401489258,1.1118597984313965,-0.018105056136846542,1.105820655822754,2.1451895236968994,0.5554774403572083,0.4758557677268982
87,val,0,1.0,1.0,4,Rguijiao_20_0,11,0.32499998807907104,8125.0,22.850704193115234,0.985845148563385,1.0827643871307373,1.1842334270477295,-0.10146906971931458,0.3615763783454895,0.82265704870224,0.23750481009483337,0.24617119133472443,0.338981032371521,0.6090114116668701,0.15148326754570007,0.15148326754570007,1.1906812191009521,2.035215139389038,0.6198157072067261,0.5738567113876343,34.77134704589844,1.1151760816574097,-0.029947062954306602,1.1051571369171143,2.1365251541137695,0.5572528839111328,0.47561225295066833
88,train,0,1.0,1.0,4,Rguijiao_20_0,12,0.3499999940395355,8750.0,26.501407623291016,1.1948415040969849,1.2409271001815796,1.3626019954681396,-0.12167484313249588,0.42413926124572754,0.9384627342224121,0.27187493443489075,0.27640312910079956,0.3901846706867218,0.6612422466278076,0.1632239818572998,0.1632239818572998,1.2042995691299438,2.032404899597168,0.6026707887649536,0.5610531568527222,32.210636138916016,1.1116217374801636,-0.040260035544633865,1.0981955528259277,2.1251027584075928,0.5591336488723755,0.4756888151168823
89,train,0,1.0,1.0,4,Rguijiao_20_0,13,0.375,9375.0,30.422534942626953,1.4401521682739258,1.4042168855667114,1.5476001501083374,-0.14338329434394836,0.49397990107536316,1.0536202192306519,0.30567508935928345,0.30567193031311035,0.44227316975593567,0.7106358408927917,0.1751757562160492,0.1751757562160492,1.2218246459960938,2.031620979309082,0.5866055488586426,0.5502814054489136,30.056276321411133,1.1001718044281006,-0.049330152571201324,1.0838903188705444,2.1096298694610596,0.5609157085418701,0.47607874870300293
90,val,0,1.0,1.0,4,Rguijiao_20_0,14,0.4000000059604645,10000.0,34.61408615112305,1.5939713716506958,1.5679967403411865,1.734576940536499,-0.1665801852941513,0.5711774230003357,1.1633994579315186,0.3372049033641815,0.33259648084640503,0.49359816312789917,0.7580162286758423,0.1873747855424881,0.1873747855424881,1.241689920425415,2.0317771434783936,0.5711655616760254,0.5410550832748413,28.211017608642578,1.0801194906234741,-0.05747170001268387,1.061496615409851,2.0884106159210205,0.5624963045120239,0.47680145502090454
91,train,0,1.0,1.0,4,Rguijiao_20_0,15,0.42500001192092896,10625.0,39.07605743408203,1.847556233406067,1.727203369140625,1.9182195663452148,-0.19101619720458984,0.6552903652191162,1.2629292011260986,0.3645789623260498,0.35592368245124817,0.5424265265464783,0.803994357585907,0.19984598457813263,0.19984598457813263,1.2618799209594727,2.0319881439208984,0.5560711026191711,0.5330373644828796,26.607471466064453,1.051351547241211,-0.06500746309757233,1.0308479070663452,2.0593714714050293,0.5639125108718872,0.4778878688812256
92,val,0,1.0,1.0,4,Rguijiao_20_0,16,0.44999998807907104,11250.0,43.80845260620117,1.9395111799240112,1.8771369457244873,2.0932717323303223,-0.21613478660583496,0.7451918721199036,1.3480799198150635,0.38600850105285645,0.3748345375061035,0.5872368216514587,0.8490321040153503,0.21260574460029602,0.21260574460029602,1.2799861431121826,2.0315098762512207,0.5412386655807495,0.5259861946105957,25.19723892211914,1.0146123170852661,-0.07224492728710175,0.9926221370697021,2.0202527046203613,0.5653295516967773,0.4793625473976135
93,val,0,1.0,1.0,4,Rguijiao_20_0,17,0.4749999940395355,11875.0,48.8112678527832,2.0250658988952637,2.0142791271209717,2.2554383277893066,-0.241159126162529,0.8390442728996277,1.4163939952850342,0.40018293261528015,0.38915568590164185,0.6270553469657898,0.8934834003448486,0.2256641983985901,0.2256641983985901,1.2934802770614624,2.0297296047210693,0.5267540216445923,0.519722580909729,23.944515228271484,0.9715917110443115,-0.07943330705165863,0.9484387040138245,1.9690674543380737,0.5669693946838379,0.48122695088386536
94,train,0,1.0,1.0,4,Rguijiao_20_0,18,0.5,12500.0,54.08450698852539,2.1159510612487793,2.136910915374756,2.402200222015381,-0.2652892768383026,0.9345134496688843,1.4676868915557861,0.4066218137741089,0.3993746340274811,0.6616905331611633,0.9382701516151428,0.23902688920497894,0.23902688920497894,1.3001924753189087,2.026214838027954,0.5127999186515808,0.5142316222190857,22.84632110595703,0.924705982208252,-0.08671371638774872,0.9006506204605103,1.904783010482788,0.5690224766731262,0.4834502041339874
95,train,0,1.0,1.0,5,Rguijiao_20_180,0,0.05000000074505806,1250.0,0.5408450961112976,0.03256566822528839,0.033457159996032715,0.03658009693026543,-0.003122936701402068,0.008366716094315052,0.02821338176727295,0.01759805530309677,1.66818594493634e-08,0.010615309700369835,0.014045508578419685,4.771743885034999e-23,0.014045508578419685,1.164064645767212,1.5545274019241333,0.7880128026008606,0.9817633032798767,116.3526611328125,1.7187501192092896,0.2086528241634369,1.8263367414474487,0.8264643549919128,0.7456446886062622,0.49853092432022095
96,train,0,1.0,1.0,5,Rguijiao_20_180,1,0.07500000298023224,1875.0,1.216901421546936,0.1428789347410202,0.11339785903692245,0.1173151358962059,-0.0039172787219285965,0.019308529794216156,0.09800660610198975,0.07356490194797516,4.1008643592022054e-08,0.024441663175821304,0.034756336361169815,9.746242062107351e-23,0.034756336361169815,1.1939573287963867,1.825679063796997,0.8975160717964172,0.955812931060791,111.16258239746094,1.1730598211288452,-0.041830066591501236,1.158339023590088,2.0614216327667236,0.9602638483047485,0.6848995089530945
97,train,0,1.0,1.0,5,Rguijiao_20_180,2,0.10000000149011612,2500.0,2.1633803844451904,0.154811292886734,0.1829420030117035,0.18880881369113922,-0.0058668130077421665,0.03592156246304512,0.1528872549533844,0.10921981185674667,5.85301123123827e-08,0.04366738349199295,0.06915778666734695,1.5577213465954122e-22,0.06915778666734695,1.2494455575942993,1.9187023639678955,0.8591808676719666,0.9151419997215271,103.02839660644531,0.9424698948860168,-0.053780969232320786,0.9272638559341431,2.046299695968628,0.9572465419769287,0.8181349635124207
98,train,0,1.0,1.0,5,Rguijiao_20_180,3,0.125,3125.0,3.380281686782837,0.3438483476638794,0.2782928943634033,0.2862384617328644,-0.007945572026073933,0.05752195790410042,0.22871649265289307,0.1604401171207428,8.229078218846553e-08,0.06827627867460251,0.11730728298425674,3.3007464984804745e-22,0.11730728298425674,1.2804886102676392,1.9380613565444946,0.8290905356407166,0.8628255128860474,92.56509399414062,0.8916870951652527,-0.04814024642109871,0.8788092732429504,2.0095996856689453,0.9324104189872742,0.8551974296569824
99,train,0,1.0,1.0,5,Rguijiao_20_180,4,0.15000000596046448,3750.0,4.867605686187744,0.366254061460495,0.3935205638408661,0.402645081281662,-0.009124520234763622,0.08432874828577042,0.31831634044647217,0.22101843357086182,1.0996886601333244e-07,0.0972977876663208,0.17116811871528625,3.0512473384256006e-22,0.17116811871528625,1.3036327362060547,1.9384902715682983,0.8042683005332947,0.8097938895225525,81.95877838134766,0.867706835269928,-0.04576069116592407,0.8557947874069214,1.9737468957901,0.9157840013504028,0.868892252445221
100,val,0,1.0,1.0,5,Rguijiao_20_180,5,0.17499999701976776,4375.0,6.625351905822754,0.5469441413879395,0.5255032181739807,0.5340204834938049,-0.008517277427017689,0.11653385311365128,0.41748663783073425,0.2877304255962372,1.396390558738858e-07,0.12975606322288513,0.22271017730236053,4.1042529535057127e-22,0.22271017730236053,1.3235433101654053,1.9287488460540771,0.781154990196228,0.7638893723487854,72.77787780761719,0.8497161865234375,-0.04493938758969307,0.8382604718208313,1.937018871307373,0.9025660753250122,0.8735256195068359
101,val,0,1.0,1.0,5,Rguijiao_20_180,6,0.20000000298023224,5000.0,8.653521537780762,0.6811033487319946,0.6713182926177979,0.6765480637550354,-0.005229769740253687,0.154279425740242,0.5222686529159546,0.3575894236564636,1.6955009130015242e-07,0.16467905044555664,0.269457072019577,5.165577832583413e-22,0.269457072019577,1.3415601253509521,1.9127368927001953,0.7578397989273071,0.7262254357337952,65.24508666992188,0.832741379737854,-0.04494968429207802,0.8215119242668152,1.896418809890747,0.8898801803588867,0.8733492493629456
102,train,0,1.0,1.0,5,Rguijiao_20_180,7,0.22499999403953552,5625.0,10.952113151550293,0.8595311641693115,0.8276379108428955,0.826091468334198,0.001546461251564324,0.19757546484470367,0.6285160183906555,0.4273616671562195,1.980418886660118e-07,0.20115415751934052,0.31184452772140503,6.088031133035027e-22,0.31184452772140503,1.3574697971343994,1.8933123350143433,0.7333359122276306,0.6954247355461121,59.08494186401367,0.8149320483207703,-0.0453498549759388,0.8038449287414551,1.8489056825637817,0.8762633204460144,0.8702583312988281
103,val,0,1.0,1.0,5,Rguijiao_20_180,8,0.25,6250.0,13.521126747131348,0.9238037467002869,0.9905117750167847,0.9782072305679321,0.01230456493794918,0.24618029594421387,0.7320269346237183,0.49358615279197693,2.236535721067412e-07,0.23844057321548462,0.35095101594924927,4.4343872033728714e-23,0.35095101594924927,1.370046854019165,1.8730881214141846,0.7072328329086304,0.6699312329292297,53.986244201660156,0.7953661680221558,-0.04553913325071335,0.7845000624656677,1.7914739847183228,0.8608396053314209,0.86542147397995
104,train,0,1.0,1.0,5,Rguijiao_20_180,9,0.2750000059604645,6875.0,16.360563278198242,1.1566203832626343,1.155205249786377,1.1283149719238281,0.026890268549323082,0.29949134588241577,0.8288236856460571,0.5527149438858032,2.453093941312545e-07,0.2761085331439972,0.3877774477005005,1.5124849068464185e-22,0.3877774477005005,1.3774664402008057,1.854831337928772,0.6795642375946045,0.6485117077827454,49.702335357666016,0.773485004901886,-0.04470936954021454,0.7631103992462158,1.7211661338806152,0.8430755138397217,0.8598077297210693
105,train,0,1.0,1.0,5,Rguijiao_20_180,10,0.30000001192092896,7500.0,19.470422744750977,1.4060606956481934,1.3161991834640503,1.2719957828521729,0.04420343413949013,0.3565300703048706,0.915465772151947,0.6013094186782837,2.625241108944465e-07,0.31415611505508423,0.42311134934425354,2.1849816341358754e-22,0.42311134934425354,1.3778939247131348,1.8416234254837036,0.650775671005249,0.6302563548088074,46.05126953125,0.7489424347877502,-0.042077694088220596,0.7394883036613464,1.6353176832199097,0.8228170871734619,0.8543772101402283
106,train,0,1.0,1.0,5,Rguijiao_20_180,11,0.32499998807907104,8125.0,22.850704193115234,1.4605861902236938,1.4677631855010986,1.4055871963500977,0.062175948172807693,0.4161206781864166,0.9894665479660034,0.6364173293113708,2.755685386546247e-07,0.3530489504337311,0.4575432538986206,2.0516508882903167e-22,0.4575432538986206,1.3702971935272217,1.8366572856903076,0.6217138767242432,0.6144993305206299,42.899864196777344,0.7216871976852417,-0.037318237125873566,0.7136075496673584,1.5323801040649414,0.8004326820373535,0.8500791788101196
107,train,0,1.0,1.0,5,Rguijiao_20_180,12,0.3499999940395355,8750.0,26.501407623291016,1.5938189029693604,1.6054539680480957,1.5271966457366943,0.07825727015733719,0.4773012399673462,1.0498954057693481,0.6562896370887756,2.8545989039230335e-07,0.393605500459671,0.49150949716567993,1.0935382981323264e-22,0.49150949716567993,1.3552474975585938,1.842476725578308,0.593529462814331,0.60074782371521,40.14957046508789,0.6921434998512268,-0.03087102621793747,0.6857333183288574,1.4134515523910522,0.7768720388412476,0.847708523273468
108,train,0,1.0,1.0,5,Rguijiao_20_180,13,0.375,9375.0,30.422534942626953,1.7949695587158203,1.7281116247177124,1.6377990245819092,0.09031256288290024,0.5397910475730896,1.0980079174041748,0.6613128185272217,2.9366108833528415e-07,0.43669483065605164,0.5253316760063171,1.495270447281558e-22,0.5253316760063171,1.3351353406906128,1.8599457740783691,0.5674015283584595,0.588631272315979,37.72625732421875,0.6612633466720581,-0.023820504546165466,0.6565378308296204,1.2836989164352417,0.7534828782081604,0.8476845026016235
109,train,0,1.0,1.0,5,Rguijiao_20_180,14,0.4000000059604645,10000.0,34.61408615112305,1.8172143697738647,1.8388479948043823,1.7414671182632446,0.09738084673881531,0.604163646697998,1.1373034715652466,0.654468297958374,3.0157201535985223e-07,0.4828348755836487,0.5592469573020935,1.9560245382707015e-22,0.5592469573020935,1.313399076461792,1.8876063823699951,0.5441766977310181,0.5778660178184509,35.57320785522461,0.6303127408027649,-0.017396878451108932,0.6270231008529663,1.151999831199646,0.7316040396690369,0.84988933801651
110,train,0,1.0,1.0,5,Rguijiao_20_180,15,0.42500001192092896,10625.0,39.07605743408203,1.9982558488845825,1.9438984394073486,1.8441505432128906,0.09974789619445801,0.6715176701545715,1.1726329326629639,0.640679657459259,3.1014323553790746e-07,0.5319530367851257,0.593430757522583,4.209740443493825e-22,0.593430757522583,1.2931286096572876,1.9220302104949951,0.5241712927818298,0.5682315826416016,33.64631271362305,0.6005330085754395,-0.012525328435003757,0.5982764363288879,1.0282050371170044,0.7121789455413818,0.85371333360672
111,train,0,1.0,1.0,5,Rguijiao_20_180,16,0.44999998807907104,11250.0,43.80845260620117,2.1439406871795654,2.050083637237549,1.9516681432724,0.09841537475585938,0.7428708076477051,1.2087973356246948,0.6253038048744202,3.1983140047486813e-07,0.5834932327270508,0.6280124187469482,7.673410321620723e-23,0.6280124187469482,1.2759993076324463,1.9590044021606445,0.5072429776191711,0.5595534443855286,31.910694122314453,0.5729005932807922,-0.009685690514743328,0.5712358951568604,0.9198011159896851,0.6956153512001038,0.8582990169525146
112,train,0,1.0,1.0,5,Rguijiao_20_180,17,0.4749999940395355,11875.0,48.8112678527832,2.1708872318267822,2.1626169681549072,2.0681393146514893,0.09447761625051498,0.8187047243118286,1.2494345903396606,0.6126835942268372,3.3078083561122185e-07,0.6367506384849548,0.6630873680114746,1.0249265592317644e-21,0.6630873680114746,1.2621245384216309,1.9947916269302368,0.49299857020378113,0.5516924262046814,30.33848762512207,0.5480429530143738,-0.008968597277998924,0.5465683937072754,0.8302057385444641,0.6818760633468628,0.8628173470497131
113,train,0,1.0,1.0,5,Rguijiao_20_180,18,0.5,12500.0,54.08450698852539,2.288050651550293,2.2842884063720703,2.1955151557922363,0.08877325803041458,0.8988722562789917,1.296642780303955,0.6054751873016357,3.4301831419725204e-07,0.6911672949790955,0.6987252831459045,1.5449125679011279e-21,0.6987252831459045,1.2506048679351807,2.026840925216675,0.4809783101081848,0.544535219669342,28.90704917907715,0.5262546539306641,-0.010183801874518394,0.5246468782424927,0.7591862678527832,0.6706640720367432,0.8666327595710754
114,train,0,1.0,1.0,6,Rguijiao_10_0,0,0.05000000074505806,1250.0,0.5408450961112976,0.032475970685482025,0.016336284577846527,0.019759371876716614,-0.0034230866003781557,0.016236791387200356,0.0035225804895162582,0.000883105443790555,0.001726042479276657,0.0009134324500337243,0.007022754289209843,0.006017171312123537,0.006017171312123537,2.2590315341949463,1.72249436378479,0.7487248182296753,0.6977755427360535,59.55510711669922,0.2881452441215515,-0.12050899118185043,0.27772802114486694,0.49227043986320496,1.2850512266159058,0.5091755986213684
115,train,0,1.0,1.0,6,Rguijiao_10_0,1,0.07500000298023224,1875.0,1.216901421546936,0.01790078543126583,0.03104999102652073,0.028374984860420227,0.0026750066317617893,0.01736753061413765,0.011007454246282578,0.0025557158514857292,0.005134148523211479,0.003317589405924082,0.017378168180584908,0.012365054339170456,0.012365054339170456,1.0739341974258423,1.661285638809204,0.7076733112335205,0.6890503168106079,57.810062408447266,0.2610645890235901,0.15218332409858704,0.27298349142074585,0.6679102182388306,1.8960121870040894,0.8670179843902588
116,train,0,1.0,1.0,6,Rguijiao_10_0,2,0.10000000149011612,2500.0,2.1633803844451904,0.07656078040599823,0.07989335060119629,0.07524195313453674,0.004651395138353109,0.02870035171508789,0.04654160141944885,0.01541957352310419,0.013726643286645412,0.0173953864723444,0.03457889333367348,0.01958063431084156,0.01958063431084156,0.9982729554176331,1.74223792552948,0.7065173983573914,0.6682419776916504,53.64839553833008,0.5401430726051331,-0.06897418946027756,0.5289663076400757,1.115438461303711,1.4054477214813232,1.2583669424057007
117,train,0,1.0,1.0,6,Rguijiao_10_0,3,0.125,3125.0,3.380281686782837,0.23806096613407135,0.13367240130901337,0.1341385543346405,-0.00046615011524409056,0.04754647612571716,0.08659207820892334,0.033018868416547775,0.021682964637875557,0.03189023956656456,0.05865364149212837,0.026873398572206497,0.026873398572206497,1.0584259033203125,1.8664435148239136,0.7257363796234131,0.6360481977462769,47.20964050292969,0.6577839255332947,-0.16565778851509094,0.6250938177108765,1.2075103521347046,1.0926183462142944,1.1662360429763794
118,train,0,1.0,1.0,6,Rguijiao_10_0,4,0.15000000596046448,3750.0,4.867605686187744,0.1772611141204834,0.1864486038684845,0.19114699959754944,-0.00469839945435524,0.0675373300909996,0.12360966205596924,0.04972214996814728,0.029400087893009186,0.04448742792010307,0.08558405935764313,0.033854540437459946,0.033854540437459946,1.0440552234649658,1.9248820543289185,0.7314590215682983,0.6019469499588013,40.38938522338867,0.6833412647247314,-0.19665315747261047,0.6430268883705139,1.190262794494629,0.9621695280075073,1.0649526119232178
119,val,0,1.0,1.0,6,Rguijiao_10_0,5,0.17499999701976776,4375.0,6.625351905822754,0.18364696204662323,0.23845583200454712,0.24518823623657227,-0.006732406094670296,0.08976613730192184,0.15542209148406982,0.06377817690372467,0.036330532282590866,0.055313386023044586,0.11135508865118027,0.040431827306747437,0.040431827306747437,1.019526720046997,1.9618314504623413,0.7258255481719971,0.5731584429740906,34.63169479370117,0.6794043779373169,-0.21728435158729553,0.6351171731948853,1.1142669916152954,0.8744935989379883,0.9663787484169006
120,train,0,1.0,1.0,6,Rguijiao_10_0,6,0.20000000298023224,5000.0,8.653521537780762,0.3012953996658325,0.28946393728256226,0.2952481210231781,-0.005784191656857729,0.1159101203083992,0.1793379932641983,0.07363572716712952,0.04184519872069359,0.0638570636510849,0.1347285360097885,0.04665813967585564,0.04665813967585564,1.0079139471054077,1.9937561750411987,0.7095292806625366,0.5506797432899475,30.13594627380371,0.6633853912353516,-0.227606862783432,0.6180880665779114,0.9958980679512024,0.7976303100585938,0.8636449575424194
121,val,0,1.0,1.0,6,Rguijiao_10_0,7,0.22499999403953552,5625.0,10.952113151550293,0.3997516632080078,0.345628947019577,0.34697234630584717,-0.0013433850836008787,0.15046578645706177,0.1965065449476242,0.07975655049085617,0.045931339263916016,0.07081864774227142,0.15592226386070251,0.05263232812285423,0.05263232812285423,1.0337960720062256,2.0307633876800537,0.6802787780761719,0.5332548022270203,26.650957107543945,0.6443321704864502,-0.20910263061523438,0.6039127111434937,0.8563999533653259,0.724990725517273,0.7604275941848755
122,train,0,1.0,1.0,6,Rguijiao_10_0,8,0.25,6250.0,13.521126747131348,0.3755049407482147,0.4242635667324066,0.4188792109489441,0.0053843483328819275,0.20302344858646393,0.21585577726364136,0.08642309159040451,0.0496823713183403,0.07975030690431595,0.17547550797462463,0.058453381061553955,0.058453381061553955,1.1298695802688599,2.0800719261169434,0.6358217000961304,0.5195333957672119,23.90667724609375,0.6309399604797363,-0.13109399378299713,0.6061261892318726,0.7311679124832153,0.6610804796218872,0.6747139096260071
123,train,0,1.0,1.0,6,Rguijiao_10_0,9,0.2750000059604645,6875.0,16.360563278198242,0.5174230337142944,0.5401385426521301,0.5306139588356018,0.009524579159915447,0.28149551153182983,0.24911844730377197,0.09905777871608734,0.05483320355415344,0.09522747248411179,0.19388872385025024,0.0642046183347702,0.0642046183347702,1.2946971654891968,2.1331071853637695,0.5829684138298035,0.5085000395774841,21.700002670288086,0.62775057554245,0.004383789375424385,0.6285761594772339,0.6512703895568848,0.6184026598930359,0.6260874271392822
124,train,0,1.0,1.0,6,Rguijiao_10_0,10,0.30000001192092896,7500.0,19.470422744750977,0.7263884544372559,0.6604658365249634,0.6584024429321289,0.0020633810199797153,0.36671578884124756,0.29168668389320374,0.11545166373252869,0.06098184734582901,0.11525318026542664,0.21155567467212677,0.06995109468698502,0.06995109468698502,1.4172590970993042,2.156975746154785,0.5360947847366333,0.49944519996643066,19.889041900634766,0.626700758934021,0.11498548835515976,0.6483191847801208,0.6115503907203674,0.6025471687316895,0.6104990243911743
125,train,0,1.0,1.0,6,Rguijiao_10_0,11,0.32499998807907104,8125.0,22.850704193115234,0.856721043586731,0.7333186864852905,0.7523615956306458,-0.019042907282710075,0.4262818992137909,0.32607969641685486,0.12790410220623016,0.06586753576993942,0.13230806589126587,0.2287716269493103,0.07574163377285004,0.07574163377285004,1.4037582874298096,2.137310743331909,0.5008655786514282,0.491877019405365,18.37540626525879,0.6158944964408875,0.148927703499794,0.6434116363525391,0.587043046951294,0.6035811901092529,0.6072559356689453
126,train,0,1.0,1.0,6,Rguijiao_10_0,12,0.3499999940395355,8750.0,26.501407623291016,0.7031731605529785,0.7752480506896973,0.8180079460144043,-0.04275986924767494,0.4674735963344574,0.3505343794822693,0.13618116080760956,0.06935400515794754,0.1449992060661316,0.24575474858283997,0.0816119909286499,0.0816119909286499,1.3273429870605469,2.0968151092529297,0.47694796323776245,0.4854499101638794,17.08997917175293,0.596507728099823,0.13530674576759338,0.6207212209701538,0.569420337677002,0.6080181002616882,0.6062915921211243
127,train,0,1.0,1.0,6,Rguijiao_10_0,13,0.375,9375.0,30.422534942626953,0.7567718625068665,0.8197132349014282,0.8827576637268066,-0.06304440647363663,0.5086207389831543,0.37413689494132996,0.14446969330310822,0.0727933719754219,0.15687382221221924,0.26266583800315857,0.0875878781080246,0.0875878781080246,1.258037805557251,2.057511568069458,0.461242139339447,0.4799163043498993,15.983262062072754,0.5772504210472107,0.10805533081293106,0.5959628820419312,0.5585492849349976,0.6101654171943665,0.6065060496330261
128,train,0,1.0,1.0,6,Rguijiao_10_0,14,0.4000000059604645,10000.0,34.61408615112305,0.926590085029602,0.8757268786430359,0.9562419652938843,-0.0805150642991066,0.5545148849487305,0.4017270803451538,0.15468545258045197,0.07699252665042877,0.17004908621311188,0.27962347865104675,0.09368739277124405,0.09368739277124405,1.2054669857025146,2.0248217582702637,0.4503278136253357,0.475095272064209,15.019055366516113,0.5624719262123108,0.08114553242921829,0.5761645436286926,0.5524650812149048,0.6106258630752563,0.6073368787765503
129,train,0,1.0,1.0,6,Rguijiao_10_0,15,0.42500001192092896,10625.0,39.07605743408203,0.9616321325302124,0.9421834945678711,1.0386934280395508,-0.0965099111199379,0.6046034097671509,0.4340899884700775,0.1669846624135971,0.08211780339479446,0.18498751521110535,0.2967153787612915,0.09992299228906631,0.09992299228906631,1.1642731428146362,1.9977030754089355,0.44218140840530396,0.4708518087863922,14.17035961151123,0.5522400140762329,0.05775449424982071,0.5618083477020264,0.5491467118263245,0.6107291579246521,0.608350932598114
130,train,0,1.0,1.0,6,Rguijiao_10_0,16,0.44999998807907104,11250.0,43.80845260620117,1.140575885772705,1.0170098543167114,1.1288365125656128,-0.11182664334774017,0.6579973697662354,0.47083914279937744,0.18110395967960358,0.0881054699420929,0.20162971317768097,0.3140062093734741,0.10630287230014801,0.10630287230014801,1.1302156448364258,1.974571943283081,0.43577146530151367,0.46708327531814575,13.416654586791992,0.5454611778259277,0.03788750246167183,0.5516610145568848,0.5473517179489136,0.611058235168457,0.6093867421150208
131,train,0,1.0,1.0,6,Rguijiao_10_0,17,0.4749999940395355,11875.0,48.8112678527832,1.0781452655792236,1.0988341569900513,1.2257347106933594,-0.1269005537033081,0.7142432928085327,0.5114914774894714,0.19679170846939087,0.09485993534326553,0.21983985602855682,0.3315436840057373,0.11283209919929504,0.11283209919929504,1.1010856628417969,1.9543447494506836,0.43055063486099243,0.46371036767959595,12.742074966430664,0.5411148071289062,0.020977042615413666,0.5445200800895691,0.546403169631958,0.6117373704910278,0.6103976964950562
132,train,0,1.0,1.0,6,Rguijiao_10_0,18,0.5,12500.0,54.08450698852539,1.1654129028320312,1.1868751049041748,1.3288627862930298,-0.1419876664876938,0.7731860280036926,0.5556767582893372,0.21386969089508057,0.10230374336242676,0.23950332403182983,0.34936264157295227,0.11951344460248947,0.11951344460248947,1.0757371187210083,1.936344027519226,0.4262017011642456,0.4606708288192749,12.13416576385498,0.5384590029716492,0.006468824110925198,0.5395039319992065,0.5459349155426025,0.6127283573150635,0.6113686561584473
133,train,0,1.0,1.0,7,Rguijiao_10_180,0,0.05000000074505806,1250.0,0.5408450961112976,0.07105152308940887,0.06501156091690063,0.054733239114284515,0.010278325527906418,0.009653455577790737,0.045079782605171204,0.03191832825541496,3.062074682702587e-08,0.013161426410079002,0.007022754289209843,2.3858719425174996e-23,0.007022754289209843,1.3430893421173096,3.0972740650177,0.7550663352012634,0.9817633032798767,116.3526611328125,1.578757405281067,0.24651765823364258,1.6955149173736572,1.620793104171753,1.5444697141647339,0.668329119682312
134,train,0,1.0,1.0,7,Rguijiao_10_180,1,0.07500000298023224,1875.0,1.216901421546936,0.12306200712919235,0.09274536371231079,0.08632038533687592,0.006424974650144577,0.018480777740478516,0.0678396075963974,0.04454212635755539,2.6863949287303512e-08,0.02329745516180992,0.017378168180584908,4.8731210310536756e-23,0.017378168180584908,1.1427726745605469,2.271275758743286,0.8167637586593628,0.955812931060791,111.16258239746094,1.1377853155136108,-0.021970253437757492,1.1302860975265503,2.056359052658081,1.1388397216796875,1.0755643844604492
135,train,0,1.0,1.0,7,Rguijiao_10_180,2,0.10000000149011612,2500.0,2.1633803844451904,0.1277802288532257,0.12952663004398346,0.12680009007453918,0.002726542530581355,0.03337595611810684,0.09342413395643234,0.06172095611691475,3.261570924451007e-08,0.03170314431190491,0.03457889333367348,7.788606732977061e-23,0.03457889333367348,1.1609026193618774,2.096014976501465,0.8137714266777039,0.9151419997215271,103.02839660644531,0.9900392293930054,-0.04473455250263214,0.9767525792121887,2.0098445415496826,0.978848397731781,1.0323621034622192
136,train,0,1.0,1.0,7,Rguijiao_10_180,3,0.125,3125.0,3.380281686782837,0.20696482062339783,0.18938837945461273,0.18760327994823456,0.001785100786946714,0.05268606171011925,0.134917214512825,0.08939307183027267,4.512621387675608e-08,0.045524101704359055,0.05865364149212837,1.6503732492402373e-22,0.05865364149212837,1.172837495803833,2.0648930072784424,0.8076579570770264,0.8628255128860474,92.56509399414062,0.9436368346214294,-0.05084465071558952,0.9292431473731995,1.9877676963806152,0.9318038821220398,1.012285828590393
137,train,0,1.0,1.0,7,Rguijiao_10_180,4,0.15000000596046448,3750.0,4.867605686187744,0.25759854912757874,0.26376035809516907,0.26188990473747253,0.0018704450922086835,0.07641786336898804,0.1854720413684845,0.12295456230640411,6.031267218986613e-08,0.06251741945743561,0.08558405935764313,1.5256236692128003e-22,0.08558405935764313,1.181338906288147,2.0491671562194824,0.7979901432991028,0.8097938895225525,81.95877838134766,0.9193747639656067,-0.05814841389656067,0.9033367037773132,1.9680850505828857,0.9073429703712463,1.0006914138793945
138,train,0,1.0,1.0,7,Rguijiao_10_180,5,0.17499999701976776,4375.0,6.625351905822754,0.36598169803619385,0.34956735372543335,0.3463608920574188,0.0032064742408692837,0.10463645309209824,0.24172443151474,0.1600475013256073,7.643374289045823e-08,0.08167684823274612,0.11135508865118027,2.0521264767528563e-22,0.11135508865118027,1.1884175539016724,2.031690835952759,0.7836448550224304,0.7638893723487854,72.77787780761719,0.9000781178474426,-0.06452246755361557,0.8826555609703064,1.9428205490112305,0.8879958391189575,0.9914772510528564
139,train,0,1.0,1.0,7,Rguijiao_10_180,6,0.20000000298023224,5000.0,8.653521537780762,0.4905824661254883,0.4437488317489624,0.4374784827232361,0.006270336452871561,0.13733163475990295,0.30014684796333313,0.1980159878730774,9.178665294484745e-08,0.10213077813386917,0.1347285360097885,2.5827889162917066e-22,0.1347285360097885,1.1941879987716675,2.0113325119018555,0.7636327743530273,0.7262254357337952,65.24508666992188,0.8789697289466858,-0.06795523315668106,0.861050546169281,1.9056206941604614,0.8675458431243896,0.9828625917434692
140,val,0,1.0,1.0,7,Rguijiao_10_180,7,0.22499999403953552,5625.0,10.952113151550293,0.5705785155296326,0.5420004725456238,0.5305920243263245,0.011408449150621891,0.17426255345344543,0.35632947087287903,0.23326842486858368,1.0455082843918717e-07,0.1230609342455864,0.15592226386070251,3.0440155665175137e-22,0.15592226386070251,1.197295069694519,1.991222858428955,0.7370259165763855,0.6954247355461121,59.08494186401367,0.8517854809761047,-0.06608721613883972,0.8348978161811829,1.847764015197754,0.8427457213401794,0.9747891426086426
141,train,0,1.0,1.0,7,Rguijiao_10_180,8,0.25,6250.0,13.521126747131348,0.6228553056716919,0.6379492282867432,0.6195610165596008,0.018388215452432632,0.21477340161800385,0.4047876000404358,0.2609066963195801,1.1316367931613058e-07,0.14388076961040497,0.17547550797462463,2.2171936016864357e-23,0.17547550797462463,1.1952606439590454,1.976873755455017,0.7034009099006653,0.6699312329292297,53.986244201660156,0.8154751062393188,-0.056178558617830276,0.8017314672470093,1.7559255361557007,0.8120565414428711,0.9683305025100708
142,train,0,1.0,1.0,7,Rguijiao_10_180,9,0.2750000059604645,6875.0,16.360563278198242,0.7124390006065369,0.7234230637550354,0.697431206703186,0.025991884991526604,0.25793078541755676,0.4395003914833069,0.27500849962234497,1.1710528013963994e-07,0.16449178755283356,0.19388872385025024,7.562424534232092e-23,0.19388872385025024,1.1863147020339966,1.9746465682983398,0.6638624668121338,0.6485117077827454,49.702335357666016,0.7693864107131958,-0.036980826407670975,0.7608506083488464,1.6136178970336914,0.7762725949287415,0.9651588797569275
143,train,0,1.0,1.0,7,Rguijiao_10_180,10,0.30000001192092896,7500.0,19.470422744750977,0.8545188307762146,0.7924321293830872,0.7601093053817749,0.03232279792428017,0.3033650517463684,0.4567442238330841,0.27134498953819275,1.1756802820173107e-07,0.1853991150856018,0.21155567467212677,1.0924908170679377e-22,0.21155567467212677,1.1724252700805664,1.9883787631988525,0.621971607208252,0.6302563548088074,46.05126953125,0.7171914577484131,-0.011541495099663734,0.7147082090377808,1.414360523223877,0.7389554977416992,0.9663756489753723
144,train,0,1.0,1.0,7,Rguijiao_10_180,11,0.32499998807907104,8125.0,22.850704193115234,0.8390063047409058,0.8487565517425537,0.8126681447029114,0.03608838468790054,0.3521462380886078,0.4605219066143036,0.2529824376106262,1.169948333767934e-07,0.20753934979438782,0.2287716269493103,1.0258254441451584e-22,0.2287716269493103,1.1596275568008423,2.0163822174072266,0.5828266143798828,0.6144993305206299,42.899864196777344,0.6661009788513184,0.013126714155077934,0.6687240600585938,1.1841661930084229,0.7047106623649597,0.9714549779891968
145,val,0,1.0,1.0,7,Rguijiao_10_180,12,0.3499999940395355,8750.0,26.501407623291016,0.9622376561164856,0.9063459634780884,0.8689508438110352,0.037395115941762924,0.40628063678741455,0.4626701772212982,0.2308935821056366,1.175565103039844e-07,0.23177647590637207,0.24575474858283997,5.467691490661632e-23,0.24575474858283997,1.1535919904708862,2.0519933700561523,0.5502403974533081,0.60074782371521,40.14957046508789,0.6225056648254395,0.030804138630628586,0.6282584071159363,0.974698543548584,0.6764160990715027,0.9784255027770996
146,train,0,1.0,1.0,7,Rguijiao_10_180,13,0.375,9375.0,30.422534942626953,0.9720920324325562,0.9773432612419128,0.9404036998748779,0.036939587444067,0.4671609103679657,0.4732428193092346,0.21484747529029846,1.2020089457109862e-07,0.2583952248096466,0.26266583800315857,7.47635223640779e-23,0.26266583800315857,1.1554896831512451,2.087073802947998,0.5251021385192871,0.588631272315979,37.72625732421875,0.5888899564743042,0.03951266035437584,0.5958705544471741,0.8190053701400757,0.6544578075408936,0.9850106835365295
147,val,0,1.0,1.0,7,Rguijiao_10_180,14,0.4000000059604645,10000.0,34.61408615112305,1.132528305053711,1.064622163772583,1.0295016765594482,0.03512053191661835,0.5346119999885559,0.4948897361755371,0.20773528516292572,1.2492198209201888e-07,0.28715434670448303,0.27962347865104675,9.780122691353507e-23,0.27962347865104675,1.162199854850769,2.1157424449920654,0.5062307119369507,0.5778660178184509,35.57320785522461,0.5645492672920227,0.040628831833601,0.5714303851127625,0.7159338593482971,0.6378437280654907,0.9896417260169983
148,train,0,1.0,1.0,7,Rguijiao_10_180,15,0.42500001192092896,10625.0,39.07605743408203,1.1095962524414062,1.1650956869125366,1.133071780204773,0.03202385827898979,0.6070739030838013,0.5259978771209717,0.20829929411411285,1.313740938257979e-07,0.3176984488964081,0.2967153787612915,2.1048702217469125e-22,0.2967153787612915,1.1690304279327393,2.1358225345611572,0.491871178150177,0.5682315826416016,33.64631271362305,0.5475693941116333,0.036669887602329254,0.5535932183265686,0.6502236127853394,0.6253088116645813,0.9917221665382385
149,train,0,1.0,1.0,7,Rguijiao_10_180,16,0.44999998807907104,11250.0,43.80845260620117,1.2849382162094116,1.274399757385254,1.2467434406280518,0.02765636332333088,0.6824143528938293,0.5643290281295776,0.21453706920146942,1.3921544450568035e-07,0.34979185461997986,0.3140062093734741,3.8367051608103614e-23,0.3140062093734741,1.1721556186676025,2.147834300994873,0.4805283546447754,0.5595534443855286,31.910694122314453,0.5360389947891235,0.029945194721221924,0.5408545732498169,0.6080017685890198,0.6157894134521484,0.9913161993026733
150,train,0,1.0,1.0,7,Rguijiao_10_180,17,0.4749999940395355,11875.0,48.8112678527832,1.3797824382781982,1.3889955282211304,1.366941213607788,0.022054273635149002,0.758734405040741,0.6082068681716919,0.22489355504512787,1.4819862315107457e-07,0.3833131790161133,0.3315436840057373,5.124632796158822e-22,0.3315436840057373,1.1696735620498657,2.153339385986328,0.4711741507053375,0.5516924262046814,30.33848762512207,0.5284440517425537,0.022090453654527664,0.5319461226463318,0.5801208019256592,0.6085067391395569,0.9887697100639343
151,train,0,1.0,1.0,7,Rguijiao_10_180,18,0.5,12500.0,54.08450698852539,1.528909683227539,1.5066207647323608,1.491317629814148,0.015303154475986958,0.8347936868667603,0.6565239429473877,0.23833943903446198,1.581607449452349e-07,0.418184369802475,0.34936264157295227,7.7245628395056395e-22,0.34936264157295227,1.161452054977417,2.1538939476013184,0.463178813457489,0.544535219669342,28.90704917907715,0.523683488368988,0.014070521108806133,0.525894045829773,0.5611023306846619,0.6029168367385864,0.9844959378242493
152,train,0,1.0,1.0,8,guijiao_20_0,0,0.05000000074505806,1250.0,4.0,0.03274283930659294,0.03767015412449837,0.040156781673431396,-0.0024866259191185236,0.008710482157766819,0.03144630044698715,0.010440821759402752,0.010165142826735973,0.010840334929525852,0.01904510147869587,0.008109244517982006,0.008109244517982006,1.211893081665039,1.633972406387329,0.6148865222930908,0.6207086443901062,44.14173126220703,1.6717102527618408,0.22476230561733246,1.7844314575195312,0.47745099663734436,0.7559840679168701,0.49572035670280457
153,train,0,1.0,1.0,8,guijiao_20_0,1,0.07500000298023224,1875.0,9.0,0.1314956545829773,0.08756431192159653,0.0795031487941742,0.008061165921390057,0.018931441009044647,0.06057170778512955,0.021912815049290657,0.015835095196962357,0.022823797538876534,0.03737829253077507,0.012877439148724079,0.012877439148724079,1.1706397533416748,2.001758575439453,0.564008355140686,0.5476172566413879,29.523452758789062,1.3157269954681396,0.16221942007541656,1.3797580003738403,0.47015368938446045,0.6023886203765869,0.4896993339061737
154,val,0,1.0,1.0,8,guijiao_20_0,2,0.10000000149011612,2500.0,16.0,0.1263606995344162,0.08655111491680145,0.08010351657867432,0.006447596941143274,0.03433510661125183,0.045768409967422485,0.017933549359440804,0.009756171144545078,0.01807868666946888,0.05183761939406395,0.01717318408191204,0.01717318408191204,1.1942644119262695,2.1171915531158447,0.5192302465438843,0.5097271203994751,21.9454288482666,0.5489071011543274,-0.15976929664611816,0.5225975513458252,0.5402781963348389,0.5660706162452698,0.544650673866272
155,train,0,1.0,1.0,8,guijiao_20_0,3,0.125,3125.0,25.0,0.10596927255392075,0.13474224507808685,0.12667080760002136,0.008071443997323513,0.051818251609802246,0.07485256344079971,0.03466666489839554,0.013502380810678005,0.026683514937758446,0.06461422890424728,0.02142789214849472,0.02142789214849472,1.1535192728042603,2.0891165733337402,0.4986719489097595,0.48791635036468506,17.583267211914062,0.5049987435340881,-0.11093838512897491,0.4881916344165802,0.7251331806182861,0.5663712024688721,0.5581471920013428
156,train,0,1.0,1.0,8,guijiao_20_0,4,0.15000000596046448,3750.0,36.0,0.2565729320049286,0.2135743498802185,0.19949442148208618,0.014079929329454899,0.07543297111988068,0.1240614503622055,0.06403563171625137,0.01989653892815113,0.04012928530573845,0.07707758992910385,0.02586590126156807,0.02586590126156807,1.1661134958267212,2.0645008087158203,0.48174411058425903,0.47369226813316345,14.738452911376953,0.5262365937232971,-0.027828948572278023,0.5218431949615479,0.8805678486824036,0.5679397583007812,0.5518264174461365
157,train,0,1.0,1.0,8,guijiao_20_0,5,0.17499999701976776,4375.0,49.0,0.34047091007232666,0.29980671405792236,0.2778443694114685,0.02196233905851841,0.10516960918903351,0.172674760222435,0.09204363077878952,0.02626321092247963,0.05436791107058525,0.08983232080936432,0.030577916651964188,0.030577916651964188,1.1944730281829834,2.0274224281311035,0.4655916094779968,0.4635932743549347,12.71865463256836,0.5256559252738953,0.029110407456755638,0.5302465558052063,0.9319107532501221,0.5711145997047424,0.5504567623138428
158,train,0,1.0,1.0,8,guijiao_20_0,6,0.20000000298023224,5000.0,64.0,0.37226971983909607,0.3766908645629883,0.34824880957603455,0.02844206988811493,0.14048372209072113,0.20776508748531342,0.10856654495000839,0.0315292663872242,0.06766927242279053,0.1031419187784195,0.0355924554169178,0.0355924554169178,1.22159743309021,1.9975550174713135,0.45020949840545654,0.45599478483200073,11.198957443237305,0.49908778071403503,0.06001798436045647,0.5080740451812744,0.8914337754249573,0.5750323534011841,0.5556284785270691
159,train,0,1.0,1.0,8,guijiao_20_0,7,0.22499999403953552,5625.0,81.0,0.4480170011520386,0.4406498074531555,0.40904486179351807,0.03160495683550835,0.18095217645168304,0.22809267044067383,0.11282821744680405,0.03564830496907234,0.07961613684892654,0.11711513996124268,0.04091043025255203,0.04091043025255203,1.2432570457458496,1.9853019714355469,0.4370327293872833,0.45003658533096313,10.007320404052734,0.45678532123565674,0.06975341588258743,0.4663439989089966,0.8024139404296875,0.5801037549972534,0.5662156343460083
160,val,0,1.0,1.0,8,guijiao_20_0,8,0.25,6250.0,100.0,0.5355852842330933,0.49866774678230286,0.4671548008918762,0.03151293471455574,0.22628110647201538,0.24087369441986084,0.11104048788547516,0.039159394800662994,0.09067380428314209,0.1317870318889618,0.046520885080099106,0.046520885080099106,1.2593034505844116,1.9885309934616089,0.42701244354248047,0.4452192783355713,9.043856620788574,0.41160982847213745,0.062153950333595276,0.41928479075431824,0.7102948427200317,0.5866144299507141,0.5800148248672485
161,train,0,1.0,1.0,8,guijiao_20_0,9,0.2750000059604645,6875.0,121.0,0.537065327167511,0.5583288669586182,0.529329776763916,0.028999095782637596,0.2757892608642578,0.2535404860973358,0.1093110665678978,0.042645055800676346,0.10158436745405197,0.14715644717216492,0.052408237010240555,0.052408237010240555,1.2684520483016968,1.99807608127594,0.4197748303413391,0.4412316679954529,8.246335983276367,0.3724227249622345,0.04268268123269081,0.3771915137767792,0.6392982602119446,0.5941439867019653,0.5941091775894165
162,train,0,1.0,1.0,8,guijiao_20_0,10,0.30000001192092896,7500.0,144.0,0.6555957198143005,0.6224085092544556,0.5977452993392944,0.024663232266902924,0.3280305564403534,0.2697147727012634,0.11027444154024124,0.04648250713944435,0.11295780539512634,0.16320447623729706,0.05855567753314972,0.05855567753314972,1.2677509784698486,2.005582332611084,0.4143527150154114,0.43786895275115967,7.573787689208984,0.34234127402305603,0.017769649624824524,0.34416627883911133,0.5917010307312012,0.6019311547279358,0.6060991287231445
163,train,0,1.0,1.0,8,guijiao_20_0,11,0.32499998807907104,8125.0,169.0,0.7337173223495483,0.6905136108398438,0.6717010140419006,0.018812578171491623,0.3812847137451172,0.29041630029678345,0.11431833356618881,0.050872430205345154,0.12522555887699127,0.17990387976169586,0.064946748316288,0.064946748316288,1.255581259727478,2.00736927986145,0.4099516272544861,0.43499016761779785,6.998030662536621,0.32088249921798706,-0.007372558582574129,0.3201727867126465,0.5613274574279785,0.6093268394470215,0.6148841977119446
164,train,0,1.0,1.0,8,guijiao_20_0,12,0.3499999940395355,8750.0,196.0,0.7751927375793457,0.7617737054824829,0.7501027584075928,0.011670969426631927,0.4343409836292267,0.3157617449760437,0.12114429473876953,0.05592021718621254,0.13869722187519073,0.19722402095794678,0.07156606018543243,0.07156606018543243,1.2332663536071777,2.0034310817718506,0.40614527463912964,0.4324948787689209,6.498973846435547,0.30632156133651733,-0.029762832447886467,0.3035864531993866,0.5419870018959045,0.6159895658493042,0.6205168962478638
165,val,0,1.0,1.0,8,guijiao_20_0,13,0.375,9375.0,225.0,0.7986027598381042,0.8359602689743042,0.8324909210205078,0.0034693684428930283,0.48682036995887756,0.34567055106163025,0.13039416074752808,0.061684705317020416,0.15359169244766235,0.2151336669921875,0.07839954644441605,0.07839954644441605,1.2041161060333252,1.995224952697754,0.40276962518692017,0.43030932545661926,6.06186580657959,0.29689303040504456,-0.048341039568185806,0.29258739948272705,0.529452383518219,0.621855616569519,0.6236435174942017
166,val,0,1.0,1.0,8,guijiao_20_0,14,0.4000000059604645,10000.0,256.0,0.884392499923706,0.9134693741798401,0.9190377593040466,-0.005568366032093763,0.5389958024024963,0.3800419569015503,0.14178802073001862,0.0681997686624527,0.17005415260791779,0.23360233008861542,0.08543454110622406,0.08543454110622406,1.1717298030853271,1.9843350648880005,0.3997800052165985,0.42837801575660706,5.675602912902832,0.29116615653038025,-0.06318232417106628,0.2856471836566925,0.5211386680603027,0.6270116567611694,0.6250301003456116
167,train,0,1.0,1.0,8,guijiao_20_0,15,0.42500001192092896,10625.0,289.0,1.0040017366409302,0.9949703216552734,1.0102308988571167,-0.01526055671274662,0.5914525985717773,0.41877830028533936,0.1551239788532257,0.07548350095748901,0.18817083537578583,0.2526010274887085,0.09265967458486557,0.09265967458486557,1.138948917388916,1.9720100164413452,0.3971618115901947,0.4266582429409027,5.331648349761963,0.2880725562572479,-0.07483907043933868,0.2816048264503479,0.5155022740364075,0.6315913796424866,0.6253223419189453
168,val,0,1.0,1.0,8,guijiao_20_0,16,0.44999998807907104,11250.0,324.0,1.018639326095581,1.0811278820037842,1.1066116094589233,-0.025483714416623116,0.6448238492012024,0.46178776025772095,0.1702577918767929,0.08354336768388748,0.20798659324645996,0.2721027135848999,0.10006482899188995,0.10006482899188995,1.1075880527496338,1.959118366241455,0.3948953151702881,0.4251165986061096,5.02332067489624,0.28683972358703613,-0.08395940065383911,0.2796148359775543,0.5116109848022461,0.6357156038284302,0.624983012676239
169,train,0,1.0,1.0,8,guijiao_20_0,17,0.4749999940395355,11875.0,361.0,1.1686152219772339,1.1724759340286255,1.2086422443389893,-0.03616628795862198,0.6996592283248901,0.5089830160140991,0.1870843917131424,0.0923800989985466,0.2295185625553131,0.2920822501182556,0.10764095932245255,0.10764095932245255,1.07860267162323,1.9462165832519531,0.3929500877857208,0.42372652888298035,4.74530553817749,0.28691521286964417,-0.09112948924303055,0.27907127141952515,0.5088886618614197,0.6394789814949036,0.6243139505386353
170,val,0,1.0,1.0,8,guijiao_20_0,18,0.5,12500.0,400.0,1.143523097038269,1.2693939208984375,1.3166695833206177,-0.04727564752101898,0.756384015083313,0.5602855682373047,0.2055264264345169,0.101990707218647,0.2527684271335602,0.31251654028892517,0.11538002640008926,0.11538002640008926,1.0523602962493896,1.933646559715271,0.3912895917892456,0.42246657609939575,4.493317604064941,0.2879054546356201,-0.09682310372591019,0.2795426845550537,0.5069687366485596,0.6429479718208313,0.623499870300293
171,train,0,1.0,1.0,9,guijiao_20_180,0,0.05000000074505806,1250.0,4.0,0.08496236801147461,0.08852488547563553,0.077399343252182,0.011125544086098671,0.006826431956142187,0.07057291269302368,0.0563635379076004,1.8266568702074437e-08,0.014209358021616936,0.01904510147869587,3.115521200628112e-22,0.01904510147869587,0.9497643709182739,2.4176106452941895,0.7129884362220764,0.838975191116333,87.79503631591797,1.6498323678970337,0.12168747186660767,1.7100616693496704,1.8177696466445923,0.6196926236152649,0.45826321840286255
172,train,0,1.0,1.0,9,guijiao_20_180,1,0.07500000298023224,1875.0,9.0,0.20686888694763184,0.17921972274780273,0.15292224287986755,0.02629747986793518,0.016667429357767105,0.13625481724739075,0.11117387562990189,3.28871578858525e-08,0.025080915540456772,0.03737829253077507,3.9326089374331247e-22,0.03737829253077507,1.0306429862976074,2.4047679901123047,0.7200831174850464,0.7209258079528809,64.1851577758789,1.293572187423706,0.013819857500493526,1.2989352941513062,2.1091055870056152,0.6498311758041382,0.47581586241722107
173,train,0,1.0,1.0,9,guijiao_20_180,2,0.10000000149011612,2500.0,16.0,0.23048630356788635,0.2390364706516266,0.20923465490341187,0.029801810160279274,0.03232453763484955,0.17691011726856232,0.141603484749794,4.356358118684511e-08,0.03530658781528473,0.05183761939406395,7.925297521407882e-22,0.05183761939406395,1.1243315935134888,2.2666237354278564,0.6854085922241211,0.6509374380111694,50.1874885559082,1.0230474472045898,-0.03494134172797203,1.0123233795166016,2.0570931434631348,0.6924928426742554,0.5129035711288452
174,train,0,1.0,1.0,9,guijiao_20_180,3,0.125,3125.0,25.0,0.37194958329200745,0.3102216124534607,0.2756616175174713,0.034560006111860275,0.052563995122909546,0.22309762239456177,0.17469120025634766,5.507830636020117e-08,0.048406366258859634,0.06461422890424728,6.314029432525771e-23,0.06461422890424728,1.1701202392578125,2.1452019214630127,0.6480305194854736,0.6060657501220703,41.2131462097168,0.8946664333343506,-0.04405886307358742,0.8828409910202026,1.9677913188934326,0.7180495262145996,0.5452685952186584
175,val,0,1.0,1.0,9,guijiao_20_180,4,0.15000000596046448,3750.0,36.0,0.4915699362754822,0.3861704468727112,0.3459480106830597,0.040222443640232086,0.07752162218093872,0.26842638850212097,0.20516829192638397,6.61795880319005e-08,0.06325804442167282,0.07707758992910385,1.1234837105300057e-22,0.07707758992910385,1.198401927947998,2.048325300216675,0.6119337677955627,0.5746968984603882,34.93937683105469,0.8118404746055603,-0.04238281771540642,0.8015180230140686,1.851374626159668,0.7319222688674927,0.5708208084106445
176,train,0,1.0,1.0,9,guijiao_20_180,5,0.17499999701976776,4375.0,49.0,0.4082214832305908,0.45998212695121765,0.4142671823501587,0.04571493715047836,0.10721120238304138,0.3070559799671173,0.22791574895381927,7.585011019273225e-08,0.07914015650749207,0.08983232080936432,1.3686390868963706e-22,0.08983232080936432,1.2176605463027954,1.9745304584503174,0.5784741640090942,0.551417887210846,30.2835750579834,0.7445436120033264,-0.03641048073768616,0.7364108562469482,1.706054925918579,0.7361260652542114,0.5924006700515747
177,train,0,1.0,1.0,9,guijiao_20_180,6,0.20000000298023224,5000.0,64.0,0.6384890079498291,0.5273326635360718,0.4772823452949524,0.05005030333995819,0.14145492017269135,0.33582741022109985,0.23996010422706604,8.383898375541321e-08,0.09586722403764725,0.1031419187784195,1.1510744046800364e-22,0.1031419187784195,1.2300426959991455,1.9237641096115112,0.5486987829208374,0.533397376537323,26.679471969604492,0.683797299861908,-0.028543423861265182,0.6779419183731079,1.5332517623901367,0.7322303056716919,0.6125542521476746
178,val,0,1.0,1.0,9,guijiao_20_180,7,0.22499999403953552,5625.0,81.0,0.6797599196434021,0.5874860286712646,0.5348585844039917,0.05262741819024086,0.18005511164665222,0.3548034429550171,0.24117952585220337,9.05060275613323e-08,0.11362382769584656,0.11711513996124268,1.050909643209376e-21,0.11711513996124268,1.2370936870574951,1.8949766159057617,0.5233348608016968,0.5190048217773438,23.800962448120117,0.627589225769043,-0.020795416086912155,0.6236739158630371,1.34367036819458,0.7226223349571228,0.6330261826515198
179,train,0,1.0,1.0,9,guijiao_20_180,8,0.25,6250.0,100.0,0.6456429958343506,0.644175112247467,0.5906233787536621,0.05355174094438553,0.2230384200811386,0.3675849437713623,0.2348128855228424,9.658076294272178e-08,0.13277196884155273,0.1317870318889618,2.441323209599568e-21,0.1317870318889618,1.2412571907043457,1.8849329948425293,0.5027028322219849,0.507230281829834,21.44605827331543,0.5766339302062988,-0.015140955336391926,0.5740146636962891,1.1574487686157227,0.7102649807929993,0.6544647216796875
180,train,0,1.0,1.0,9,guijiao_20_180,9,0.2750000059604645,6875.0,121.0,0.7804605960845947,0.7037193179130554,0.6502745151519775,0.05344479903578758,0.2707273066043854,0.3795471787452698,0.2259085476398468,1.02820074232568e-07,0.15363851189613342,0.14715644717216492,7.467274025110506e-22,0.14715644717216492,1.2451705932617188,1.8886641263961792,0.48659548163414,0.49741220474243164,19.482440948486328,0.5320983529090881,-0.01292551588267088,0.5300350785255432,0.994687557220459,0.6977906823158264,0.6764786243438721
181,train,0,1.0,1.0,9,guijiao_20_180,10,0.30000001192092896,7500.0,144.0,0.7066598534584045,0.771521270275116,0.7185816168785095,0.05293966084718704,0.3235524296760559,0.3950291872024536,0.21865129470825195,1.097499406910174e-07,0.1763777881860733,0.16320447623729706,1.0497243475137566e-20,0.16320447623729706,1.2504441738128662,1.900819182395935,0.4743548333644867,0.48909759521484375,17.819517135620117,0.494430273771286,-0.014519013464450836,0.492276668548584,0.8654425740242004,0.6868287324905396,0.6981199979782104
182,train,0,1.0,1.0,9,guijiao_20_180,11,0.32499998807907104,8125.0,169.0,0.8475066423416138,0.850243330001831,0.7978405356407166,0.05240277200937271,0.3817746639251709,0.41606587171554565,0.2151029407978058,1.1761697749079758e-07,0.20096281170845032,0.17990387976169586,1.9914623663219895e-20,0.17990387976169586,1.2571947574615479,1.9168070554733276,0.46512705087661743,0.48196521401405334,16.393043518066406,0.4632478356361389,-0.01949160173535347,0.4605390131473541,0.7689772844314575,0.6779956221580505,0.718427300453186
183,train,0,1.0,1.0,9,guijiao_20_180,12,0.3499999940395355,8750.0,196.0,0.8986618518829346,0.9402003884315491,0.888241171836853,0.051959194242954254,0.4453258216381073,0.4429153800010681,0.21566009521484375,1.2647416269828682e-07,0.227255180478096,0.19722402095794678,3.602878215793624e-20,0.19722402095794678,1.2644567489624023,1.9332900047302246,0.45809540152549744,0.4757799208164215,15.155984878540039,0.43771374225616455,-0.026981184259057045,0.4341707229614258,0.6991251707077026,0.6712623238563538,0.7367140054702759
184,val,0,1.0,1.0,9,guijiao_20_180,13,0.375,9375.0,225.0,0.9627761244773865,1.0404386520385742,0.988836407661438,0.051602184772491455,0.5138024091720581,0.4750339686870575,0.21994663774967194,1.3628388728648133e-07,0.2550871968269348,0.2151336669921875,6.256844559669679e-20,0.2151336669921875,1.270854115486145,1.9481868743896484,0.4525943696498871,0.4703657627105713,14.073150634765625,0.4168865382671356,-0.03600502759218216,0.4123835265636444,0.6489356756210327,0.6663171648979187,0.752615213394165
185,train,0,1.0,1.0,9,guijiao_20_180,14,0.4000000059604645,10000.0,256.0,1.150991439819336,1.1495442390441895,1.0982716083526611,0.05127258971333504,0.586566150188446,0.5117053985595703,0.22739340364933014,1.4698309769300977e-07,0.28431186079978943,0.23360233008861542,1.048540348326812e-19,0.23360233008861542,1.2751436233520508,1.9604226350784302,0.44812941551208496,0.4655887186527252,13.117743492126465,0.3999021351337433,-0.04567096009850502,0.3944229781627655,0.6126672625541687,0.6627839803695679,0.7660228610038757
186,val,0,1.0,1.0,9,guijiao_20_180,15,0.42500001192092896,10625.0,289.0,1.2544622421264648,1.2660815715789795,1.2151856422424316,0.050895899534225464,0.6628761887550354,0.552309513092041,0.2374836802482605,1.5851443890824157e-07,0.3148256838321686,0.2526010274887085,1.7030078461772696e-19,0.2526010274887085,1.2764878273010254,1.9696284532546997,0.44435423612594604,0.4613442122936249,12.268844604492188,0.38603416085243225,-0.05527731403708458,0.37963247299194336,0.5861207246780396,0.6603193879127502,0.7770043015480042
187,train,0,1.0,1.0,9,guijiao_20_180,16,0.44999998807907104,11250.0,324.0,1.3411883115768433,1.3887896537780762,1.3383913040161133,0.05039830133318901,0.7420027256011963,0.596388578414917,0.2498176395893097,1.7083679892948567e-07,0.34657078981399536,0.2721027135848999,2.690328686616003e-19,0.2721027135848999,1.2745082378387451,1.9758641719818115,0.4410373270511627,0.4575488269329071,11.509765625,0.3746955394744873,-0.06434763222932816,0.36746230721473694,0.5663788318634033,0.6586447358131409,0.7857345342636108
188,train,0,1.0,1.0,9,guijiao_20_180,17,0.4749999940395355,11875.0,361.0,1.5874711275100708,1.5166549682617188,1.4669411182403564,0.04971384257078171,0.8233106732368469,0.6436303853988647,0.26410481333732605,1.8392454137483583e-07,0.37952539324760437,0.2920822501182556,2.5470766692546686e-18,0.2920822501182556,1.2692251205444336,1.9794162511825562,0.4380303621292114,0.45413661003112793,10.827320098876953,0.3654167056083679,-0.07260230928659439,0.35745769739151,0.5514498949050903,0.6575465798377991,0.7924477458000183
189,val,0,1.0,1.0,9,guijiao_20_180,18,0.5,12500.0,400.0,1.6530265808105469,1.648926854133606,1.6001397371292114,0.048787061125040054,0.9062979221343994,0.693841814994812,0.2801431119441986,1.9776707915752922e-07,0.4136985242366791,0.31251654028892517,1.337401227409797e-18,0.31251654028892517,1.2609361410140991,1.9806642532348633,0.4352422058582306,0.45105257630348206,10.210517883300781,0.35782700777053833,-0.07991468161344528,0.34924831986427307,0.5399748086929321,0.6568676233291626,0.7974023222923279
190,train,0,1.0,1.0,10,guijiao_10_0,0,0.05000000074505806,1250.0,4.0,0.061789702624082565,0.05174706131219864,0.04405030980706215,0.007696749642491341,0.011649834923446178,0.032400473952293396,0.009813257493078709,0.013028005138039589,0.009559208527207375,0.009522550739347935,0.004054622258991003,0.004054622258991003,1.6208463907241821,2.886382579803467,0.5925788879394531,0.6207086443901062,44.14173126220703,1.488936185836792,0.5793598890304565,1.7477251291275024,0.5187461376190186,1.1621800661087036,0.5053166151046753
191,train,0,1.0,1.0,10,guijiao_10_0,1,0.07500000298023224,1875.0,9.0,0.07487817108631134,0.06450933963060379,0.05558953434228897,0.008919804356992245,0.019504284486174583,0.03608524799346924,0.015423542819917202,0.008730539120733738,0.011931164190173149,0.018689146265387535,0.0064387195743620396,0.0064387195743620396,1.2060619592666626,2.2319021224975586,0.5918128490447998,0.5476172566413879,29.523452758789062,0.9043546319007874,0.022657383233308792,0.9105017185211182,0.8995276093482971,0.8603734374046326,0.6958459615707397
192,train,0,1.0,1.0,10,guijiao_10_0,2,0.10000000149011612,2500.0,16.0,0.08106280863285065,0.08636293560266495,0.08217474818229675,0.004188187420368195,0.03266393765807152,0.049510806798934937,0.024886347353458405,0.00914341676980257,0.015481042675673962,0.025918809697031975,0.00858659204095602,0.00858659204095602,1.136136770248413,2.075310230255127,0.5931695699691772,0.5097271203994751,21.9454288482666,0.7359352111816406,-0.1123819500207901,0.7111234664916992,1.1241953372955322,0.6963222622871399,0.699327826499939
193,train,0,1.0,1.0,10,guijiao_10_0,3,0.125,3125.0,25.0,0.11539952456951141,0.12616924941539764,0.12173090130090714,0.004438347183167934,0.05103651434183121,0.07069438695907593,0.03813639655709267,0.011604828760027885,0.020953163504600525,0.03230711445212364,0.01071394607424736,0.01071394607424736,1.1361172199249268,2.0326390266418457,0.5679152011871338,0.48791635036468506,17.583267211914062,0.6944103837013245,-0.08484825491905212,0.6767345666885376,1.1829047203063965,0.6338191032409668,0.6499196290969849
194,train,0,1.0,1.0,10,guijiao_10_0,4,0.15000000596046448,3750.0,36.0,0.22257539629936218,0.1709398329257965,0.16390252113342285,0.007037314120680094,0.07468260824680328,0.08921990543603897,0.04895991459488869,0.013685118407011032,0.02657487243413925,0.038538794964551926,0.012932950630784035,0.012932950630784035,1.1545138359069824,1.999470829963684,0.5304132699966431,0.47369226813316345,14.738452911376953,0.6511198282241821,-0.047451190650463104,0.6418508887290955,1.1303623914718628,0.5956775546073914,0.6135474443435669
195,train,0,1.0,1.0,10,guijiao_10_0,5,0.17499999701976776,4375.0,49.0,0.19035470485687256,0.21306852996349335,0.20342886447906494,0.009639664553105831,0.10421749204397202,0.09921137988567352,0.05230990797281265,0.014985652640461922,0.031915824860334396,0.04491616040468216,0.015288958325982094,0.015288958325982094,1.1836591958999634,1.9801082611083984,0.490683376789093,0.4635932743549347,12.71865463256836,0.5871405601501465,-0.004961673635989428,0.5862665772438049,0.9809176325798035,0.5726943612098694,0.5984869003295898
196,train,0,1.0,1.0,10,guijiao_10_0,6,0.20000000298023224,5000.0,64.0,0.2699236571788788,0.2508613169193268,0.24092654883861542,0.00993476714938879,0.1398053914308548,0.10112115740776062,0.0482216514647007,0.01586342230439186,0.03703607991337776,0.05157095938920975,0.0177962277084589,0.0177962277084589,1.2156989574432373,1.985921859741211,0.45917627215385437,0.45599478483200073,11.198957443237305,0.5081913471221924,0.03602167218923569,0.5136831402778625,0.7878314256668091,0.5644281506538391,0.6050847768783569
197,val,0,1.0,1.0,10,guijiao_10_0,7,0.22499999403953552,5625.0,81.0,0.29202887415885925,0.2918441593647003,0.2841779589653015,0.007666202262043953,0.18152329325675964,0.10265467315912247,0.04332951456308365,0.01693451777100563,0.04239064082503319,0.05855756998062134,0.020455215126276016,0.020455215126276016,1.2471810579299927,2.011817455291748,0.4410566985607147,0.45003658533096313,10.007320404052734,0.43532508611679077,0.05215104669332504,0.44213587045669556,0.6414802074432373,0.5684311389923096,0.6275804042816162
198,train,0,1.0,1.0,10,guijiao_10_0,8,0.25,6250.0,100.0,0.29831641912460327,0.3405151963233948,0.3366313576698303,0.003883842844516039,0.22865347564220428,0.10797789692878723,0.04144644737243652,0.018396461382508278,0.04813499003648758,0.0658935159444809,0.023260442540049553,0.023260442540049553,1.2725062370300293,2.030977249145508,0.43210095167160034,0.4452192783355713,9.043856620788574,0.3820272982120514,0.03688400238752365,0.38625451922416687,0.563556432723999,0.5788941979408264,0.6545019149780273
199,train,0,1.0,1.0,10,guijiao_10_0,9,0.2750000059604645,6875.0,121.0,0.4310641288757324,0.39263394474983215,0.39364439249038696,-0.001010450767353177,0.27715858817100525,0.11648581922054291,0.04218001291155815,0.020191369578242302,0.054114434868097305,0.07357822358608246,0.026204118505120277,0.026204118505120277,1.2747502326965332,2.022988796234131,0.4263414144515991,0.4412316679954529,8.246335983276367,0.348425954580307,0.006981736049056053,0.3491557240486145,0.5264261364936829,0.5910700559616089,0.6753731966018677
200,val,0,1.0,1.0,10,guijiao_10_0,10,0.30000001192092896,7500.0,144.0,0.40116769075393677,0.44246095418930054,0.44961482286453247,-0.0071538593620061874,0.32195085287094116,0.1276639699935913,0.04482392966747284,0.022349311038851738,0.060490719974040985,0.08160223811864853,0.02927783876657486,0.02927783876657486,1.2442545890808105,1.9929660558700562,0.42084938287734985,0.43786895275115967,7.573787689208984,0.32968688011169434,-0.020651035010814667,0.32764437794685364,0.508479654788971,0.6024224162101746,0.6862025856971741
201,train,0,1.0,1.0,10,guijiao_10_0,11,0.32499998807907104,8125.0,169.0,0.506271243095398,0.4887353777885437,0.5031296014785767,-0.014394222758710384,0.361490398645401,0.14163917303085327,0.04904524236917496,0.024957051500678062,0.0676368698477745,0.08995193988084793,0.032473374158144,0.032473374158144,1.190398097038269,1.9544087648391724,0.41520628333091736,0.43499016761779785,6.998030662536621,0.3209497332572937,-0.040064264088869095,0.3170921504497528,0.49950292706489563,0.6121678352355957,0.688849925994873
202,train,0,1.0,1.0,10,guijiao_10_0,12,0.3499999940395355,8750.0,196.0,0.5606998205184937,0.5339597463607788,0.5562597513198853,-0.022300008684396744,0.3977143168449402,0.15854543447494507,0.05464182794094086,0.028073951601982117,0.07582966238260269,0.09861201047897339,0.03578303009271622,0.03578303009271622,1.1292686462402344,1.9160233736038208,0.4098837971687317,0.4324948787689209,6.498973846435547,0.31856003403663635,-0.052364252507686615,0.31355568766593933,0.4949741065502167,0.6204403638839722,0.6869044303894043
203,train,0,1.0,1.0,10,guijiao_10_0,13,0.375,9375.0,225.0,0.5885866284370422,0.581161618232727,0.6116920709609985,-0.030530449002981186,0.4333256483078003,0.17836639285087585,0.061458464711904526,0.031718552112579346,0.08518937975168228,0.10756683349609375,0.03919977322220802,0.03919977322220802,1.0718005895614624,1.8814306259155273,0.405254989862442,0.43030932545661926,6.06186580657959,0.3200233578681946,-0.060132160782814026,0.31425026059150696,0.4927924871444702,0.627577543258667,0.6830740571022034
204,val,0,1.0,1.0,10,guijiao_10_0,14,0.4000000059604645,10000.0,256.0,0.6958703994750977,0.6323325037956238,0.6712779998779297,-0.0389455147087574,0.470279723405838,0.20099827647209167,0.06937650591135025,0.03588445484638214,0.09573732316493988,0.11680116504430771,0.04271727055311203,0.04271727055311203,1.022347092628479,1.8515591621398926,0.40141451358795166,0.42837801575660706,5.675602912902832,0.323721706867218,-0.06531576067209244,0.3173784613609314,0.49191051721572876,0.6338506937026978,0.6788204908370972
205,train,0,1.0,1.0,10,guijiao_10_0,15,0.42500001192092896,10625.0,289.0,0.6730650663375854,0.6884293556213379,0.7359632253646851,-0.04753386601805687,0.5096482038497925,0.22631502151489258,0.07830837368965149,0.04055557772517204,0.10745107382535934,0.12630051374435425,0.046329837292432785,0.046329837292432785,0.9814197421073914,1.8261994123458862,0.398296058177948,0.4266582429409027,5.331648349761963,0.3286401331424713,-0.06906472891569138,0.3218308985233307,0.49177131056785583,0.6394397020339966,0.6747854351997375
206,train,0,1.0,1.0,10,guijiao_10_0,16,0.44999998807907104,11250.0,324.0,0.6925672888755798,0.7497833371162415,0.8061188459396362,-0.05633551999926567,0.551918625831604,0.2542002499103546,0.08819063007831573,0.04571450129151344,0.12029511481523514,0.13605135679244995,0.05003241449594498,0.05003241449594498,0.9480084180831909,1.8047525882720947,0.3957805037498474,0.4251165986061096,5.02332067489624,0.33415764570236206,-0.07200496643781662,0.32693934440612793,0.4920637011528015,0.6444637179374695,0.6711921691894531
207,train,0,1.0,1.0,10,guijiao_10_0,17,0.4749999940395355,11875.0,361.0,0.7913765907287598,0.8164229393005371,0.8818233013153076,-0.0654003918170929,0.5972675681114197,0.28455573320388794,0.09897691756486893,0.05134539306163788,0.13423343002796173,0.1460411250591278,0.05382047966122627,0.05382047966122627,0.9207545518875122,1.7865574359893799,0.3937487006187439,0.42372652888298035,4.74530553817749,0.3399001359939575,-0.07447395473718643,0.33230602741241455,0.49260666966438293,0.6490060091018677,0.668077826499939
208,train,0,1.0,1.0,10,guijiao_10_0,18,0.5,12500.0,400.0,0.9285801649093628,0.8882520794868469,0.9630264639854431,-0.0747743770480156,0.6457237601280212,0.3173027038574219,0.11063321679830551,0.05743514001369476,0.149234339594841,0.15625827014446259,0.05769001320004463,0.05769001320004463,0.8983982801437378,1.771014928817749,0.39209961891174316,0.42246657609939575,4.493317604064941,0.3456459939479828,-0.07665122300386429,0.33769774436950684,0.49329179525375366,0.653130054473877,0.6654065847396851
209,train,0,1.0,1.0,11,guijiao_10_180,0,0.05000000074505806,1250.0,4.0,0.06980589777231216,0.05518823489546776,0.04745113104581833,0.007737104315310717,0.008157975971698761,0.03929315507411957,0.0315505750477314,1.2993379705505959e-08,0.0077425697818398476,0.009522550739347935,1.557760600314056e-22,0.009522550739347935,1.1350226402282715,2.652843713760376,0.6947581768035889,0.838975191116333,87.79503631591797,1.5081336498260498,0.19529491662979126,1.596492886543274,1.9865398406982422,0.8831607699394226,0.48750054836273193
210,train,0,1.0,1.0,11,guijiao_10_180,1,0.07500000298023224,1875.0,9.0,0.03306988999247551,0.06988662481307983,0.06420513242483139,0.005681490525603294,0.018148789182305336,0.046056345105171204,0.035368818789720535,1.3034297197123124e-08,0.010687516070902348,0.018689146265387535,1.9663044687165624e-22,0.018689146265387535,1.1222440004348755,2.1632957458496094,0.700809895992279,0.7209258079528809,64.1851577758789,0.9762632250785828,-0.026888979598879814,0.9683879613876343,2.000974178314209,0.7891682386398315,0.6046410799026489
211,train,0,1.0,1.0,11,guijiao_10_180,2,0.10000000149011612,2500.0,16.0,0.15503378212451935,0.10694598406553268,0.10110428929328918,0.0058416929095983505,0.03220083564519882,0.06890345364809036,0.05133384093642235,1.840890817561558e-08,0.017569594085216522,0.025918809697031975,3.962648760703941e-22,0.025918809697031975,1.1200289726257324,2.0849077701568604,0.6759943962097168,0.6509374380111694,50.1874885559082,0.8650591373443604,-0.0341682955622673,0.8561918139457703,1.9171432256698608,0.7627758979797363,0.6561641097068787
212,train,0,1.0,1.0,11,guijiao_10_180,3,0.125,3125.0,25.0,0.1742364466190338,0.1511458158493042,0.1443304568529129,0.006815364118665457,0.05042592063546181,0.0939045399427414,0.06812917441129684,2.4290814693017637e-08,0.025775345042347908,0.03230711445212364,3.1570147162628854e-23,0.03230711445212364,1.1225247383117676,2.0324974060058594,0.6405763030052185,0.6060657501220703,41.2131462097168,0.7989521026611328,-0.02315458282828331,0.7934022545814514,1.8025959730148315,0.7524848580360413,0.6819770336151123
213,train,0,1.0,1.0,11,guijiao_10_180,4,0.15000000596046448,3750.0,36.0,0.2257920205593109,0.19339388608932495,0.18597549200057983,0.00741839874535799,0.07258306443691254,0.1133924201130867,0.07906520366668701,2.8909800775522854e-08,0.0343271866440773,0.038538794964551926,5.617418552650028e-23,0.038538794964551926,1.1220570802688599,1.9847869873046875,0.5994547605514526,0.5746968984603882,34.93937683105469,0.7295247316360474,-0.004855587147176266,0.7284620404243469,1.6202828884124756,0.7412341237068176,0.7034667730331421
214,train,0,1.0,1.0,11,guijiao_10_180,5,0.17499999701976776,4375.0,49.0,0.24175983667373657,0.22857335209846497,0.22180470824241638,0.006768649443984032,0.09860563278198242,0.12319907546043396,0.0801842212677002,3.194539033302135e-08,0.043014828115701675,0.04491616040468216,6.843195434481853e-23,0.04491616040468216,1.1199220418930054,1.9521464109420776,0.559298038482666,0.551417887210846,30.2835750579834,0.6551282405853271,0.015855183824896812,0.6582444310188293,1.358382225036621,0.7257035970687866,0.7287042140960693
215,train,0,1.0,1.0,11,guijiao_10_180,6,0.20000000298023224,5000.0,64.0,0.24040131270885468,0.26010578870773315,0.25513941049575806,0.004966383799910545,0.12899047136306763,0.12614895403385162,0.0738668367266655,3.4151852901231905e-08,0.05228208005428314,0.05157095938920975,5.755372023400182e-23,0.05157095938920975,1.1216561794281006,1.939976453781128,0.5258065462112427,0.533397376537323,26.679471969604492,0.5860058665275574,0.03122743032872677,0.59149569272995,1.0728775262832642,0.7075387239456177,0.7593700885772705
216,val,0,1.0,1.0,11,guijiao_10_180,7,0.22499999403953552,5625.0,81.0,0.35061752796173096,0.29720795154571533,0.294450044631958,0.002757905749604106,0.1646696776151657,0.1297803670167923,0.0671001449227333,3.645155999265626e-08,0.062680184841156,0.05855756998062134,5.25454821604688e-22,0.05855756998062134,1.1313859224319458,1.9431380033493042,0.501122236251831,0.5190048217773438,23.800962448120117,0.5302544236183167,0.036167677491903305,0.536007821559906,0.8483840227127075,0.6897674202919006,0.7924998998641968
217,train,0,1.0,1.0,11,guijiao_10_180,8,0.25,6250.0,100.0,0.3476819396018982,0.34539559483528137,0.34474119544029236,0.0006543989875353873,0.20635171234607697,0.1383894830942154,0.0639524981379509,3.933965686542251e-08,0.07443694770336151,0.0658935159444809,1.220661604799784e-21,0.0658935159444809,1.1483920812606812,1.9526821374893188,0.4841703772544861,0.507230281829834,21.44605827331543,0.4890231788158417,0.030742187052965164,0.49353325366973877,0.707845151424408,0.6744881272315979,0.8238900303840637
218,train,0,1.0,1.0,11,guijiao_10_180,9,0.2750000059604645,6875.0,121.0,0.38224053382873535,0.40476155281066895,0.4059506058692932,-0.0011890678433701396,0.2539910674095154,0.15195952355861664,0.06446599215269089,4.2927315035967695e-08,0.08749348670244217,0.07357822358608246,3.733637012555253e-22,0.07357822358608246,1.1681945323944092,1.9621424674987793,0.4726734757423401,0.49741220474243164,19.482440948486328,0.45951682329177856,0.01798461191356182,0.4619961082935333,0.6269100308418274,0.662381649017334,0.8508445620536804
219,val,0,1.0,1.0,11,guijiao_10_180,10,0.30000001192092896,7500.0,144.0,0.5158165097236633,0.47322505712509155,0.4760299324989319,-0.0028048690874129534,0.3067414462566376,0.16928847134113312,0.06758612394332886,4.716511270430601e-08,0.10170230269432068,0.08160223811864853,5.248621737568783e-21,0.08160223811864853,1.185474157333374,1.9685543775558472,0.46454954147338867,0.48909759521484375,17.819517135620117,0.4384211003780365,0.001535146264359355,0.43862298130989075,0.5798090696334839,0.6532472372055054,0.8724855780601501
220,val,0,1.0,1.0,11,guijiao_10_180,11,0.32499998807907104,8125.0,169.0,0.47507306933403015,0.548363208770752,0.5526744723320007,-0.004311291966587305,0.36324644088745117,0.18942803144454956,0.07249050587415695,5.1976304149548014e-08,0.11693747341632843,0.08995193988084793,9.957311831609947e-21,0.08995193988084793,1.196180820465088,1.971124291419983,0.45833325386047363,0.48196521401405334,16.393043518066406,0.42318999767303467,-0.015566835179924965,0.42121368646621704,0.551069974899292,0.6465630531311035,0.8889539837837219
221,val,0,1.0,1.0,11,guijiao_10_180,12,0.3499999940395355,8750.0,196.0,0.5916249752044678,0.6279950737953186,0.6338475942611694,-0.005852504167705774,0.422027051448822,0.2118205726146698,0.07870344072580338,5.730070284926114e-08,0.13311707973480225,0.09861201047897339,1.801439107896812e-20,0.09861201047897339,1.198302149772644,1.970013976097107,0.45312660932540894,0.4757799208164215,15.155984878540039,0.4121127426624298,-0.03131254389882088,0.4082414507865906,0.5325740575790405,0.6417825818061829,0.9007827043533325
222,val,0,1.0,1.0,11,guijiao_10_180,13,0.375,9375.0,225.0,0.7030403017997742,0.7104125618934631,0.7179731726646423,-0.0075606112368404865,0.4818045496940613,0.23616862297058105,0.08597160130739212,6.310155242772453e-08,0.15019695460796356,0.10756683349609375,3.1284222798348394e-20,0.10756683349609375,1.1917097568511963,1.9657231569290161,0.4484364986419678,0.4703657627105713,14.073150634765625,0.40407368540763855,-0.044680483639240265,0.3986574411392212,0.5200906991958618,0.6384463310241699,0.9086259603500366
223,val,0,1.0,1.0,11,guijiao_10_180,14,0.4000000059604645,10000.0,256.0,0.7948856353759766,0.7944744825363159,0.8040108680725098,-0.00953636970371008,0.541687548160553,0.2623232901096344,0.09416336566209793,6.936225815934449e-08,0.1681598573923111,0.11680116504430771,5.24270174163406e-20,0.11680116504430771,1.177581548690796,1.958848237991333,0.44402873516082764,0.4655887186527252,13.117743492126465,0.3983289301395416,-0.05537863448262215,0.3917112648487091,0.5113329887390137,0.6362022757530212,0.9131542444229126
224,val,0,1.0,1.0,11,guijiao_10_180,15,0.42500001192092896,10625.0,289.0,0.9257188439369202,0.8795894980430603,0.8914337754249573,-0.011844298802316189,0.6012171506881714,0.2902166247367859,0.1032102108001709,7.608041130424681e-08,0.18700632452964783,0.12630051374435425,8.515039230886348e-20,0.12630051374435425,1.157752275466919,1.9499804973602295,0.43981707096099854,0.4613442122936249,12.268844604492188,0.3943594694137573,-0.06355796009302139,0.3868400454521179,0.5050005912780762,0.6347916126251221,0.9150092005729675
225,val,0,1.0,1.0,11,guijiao_10_180,16,0.44999998807907104,11250.0,324.0,1.0905781984329224,0.9656141400337219,0.9801334738731384,-0.014519346877932549,0.6603072285652161,0.31982624530792236,0.11307700723409653,8.326337308517395e-08,0.20674914121627808,0.13605135679244995,1.3451643433080014e-19,0.13605135679244995,1.1341831684112549,1.9396671056747437,0.4357902705669403,0.4575488269329071,11.509765625,0.3917858302593231,-0.06957998126745224,0.3836076855659485,0.5003150701522827,0.6340259313583374,0.9147721529006958
226,val,0,1.0,1.0,11,guijiao_10_180,17,0.4749999940395355,11875.0,361.0,1.0394068956375122,1.0527132749557495,1.0702874660491943,-0.017574196681380272,0.7191359996795654,0.3511515259742737,0.12374497205018997,9.09230806200867e-08,0.22740645706653595,0.1460411250591278,1.2735383346273343e-18,0.1460411250591278,1.108628273010254,1.9283921718597412,0.431965708732605,0.45413661003112793,10.827320098876953,0.3903149962425232,-0.07386694103479385,0.38166558742523193,0.49678757786750793,0.6337665319442749,0.9129477739334106
227,train,0,1.0,1.0,11,guijiao_10_180,18,0.5,12500.0,400.0,1.115393042564392,1.14122474193573,1.1622347831726074,-0.021010078489780426,0.7780305743217468,0.38420426845550537,0.1352042853832245,9.9073481862888e-08,0.24899986386299133,0.15625827014446259,6.687006137048985e-19,0.15625827014446259,1.082477331161499,1.9165589809417725,0.4283655285835266,0.45105257630348206,10.210517883300781,0.3897172212600708,-0.07681847363710403,0.38073596358299255,0.494098037481308,0.6339089870452881,0.9099588990211487
228,train,2,0.5,0.0,14,pseudo_cycle_01_config_2,-1,0.40015697479248047,10003.923828125,9.838113784790039,1.422163486480713,1.4011863470077515,1.3741881847381592,0.026998106390237808,0.5581935048103333,0.8159946203231812,0.2171173095703125,0.27889204025268555,0.3199852406978607,0.0,0.0,0.0,1.2125122547149658,2.165851593017578,0.7268891334533691,0.0,0.0,1.1999777555465698,0.11100803315639496,1.2399399280548096,2.158097267150879,0.5948214530944824,0.4960763454437256
229,train,2,0.5,0.0,20,pseudo_cycle_01_config_8,-1,0.11797675490379333,2949.418701171875,22.269615173339844,0.13333512842655182,0.11711351573467255,0.11000453680753708,0.0071089803241193295,0.04633910953998566,0.06366542726755142,0.028164705261588097,0.0120015200227499,0.023499200120568275,0.0,0.0,0.0,1.1580222845077515,2.093761444091797,0.5038876533508301,0.0,0.0,0.5012354254722595,-0.13459573686122894,0.48099616169929504,0.6697648167610168,0.5663952827453613,0.5588176846504211
230,train,2,0.5,0.0,12,pseudo_cycle_01_config_0,-1,0.49777716398239136,12444.4287109375,15.22372817993164,3.1815600395202637,3.1542062759399414,3.34649658203125,-0.19229042530059814,0.8574217557907104,2.48907470703125,0.7025068402290344,0.7733064293861389,1.013261318206787,0.0,0.0,0.0,1.2036125659942627,2.2303168773651123,0.6239651441574097,0.0,0.0,1.2302109003067017,0.09483899176120758,1.2652124166488647,2.147273063659668,0.590840220451355,0.48305901885032654
231,train,2,0.5,0.0,22,pseudo_cycle_01_config_10,-1,0.07948919385671616,1987.2298583984375,10.109646797180176,0.06930235028266907,0.06591209769248962,0.05842418968677521,0.007487909868359566,0.02144436724483967,0.03697982430458069,0.016485091298818588,0.008293122053146362,0.012201610021293163,0.0,0.0,0.0,1.1804815530776978,2.1795382499694824,0.5952904224395752,0.0,0.0,0.8429818153381348,-0.042209986597299576,0.8323071599006653,0.958817183971405,0.8102771639823914,0.7096783518791199
232,train,2,0.5,0.0,23,pseudo_cycle_01_config_11,-1,0.34578362107276917,8644.5908203125,191.3060302734375,0.6096248030662537,0.6143296957015991,0.6199138164520264,-0.00558412866666913,0.4120127856731415,0.20790106058120728,0.07757662981748581,5.636859157220897e-08,0.1303243786096573,0.0,0.0,0.0,1.1985716819763184,1.9704395532608032,0.4539589285850525,0.0,0.0,0.4137432277202606,-0.02880658581852913,0.4101676642894745,0.5351879596710205,0.6424765586853027,0.899085521697998
233,train,2,0.5,0.0,14,pseudo_cycle_01_config_2,-1,0.418495237827301,10462.380859375,10.760491371154785,1.548159122467041,1.5296903848648071,1.5041993856430054,0.025490976870059967,0.6060672998428345,0.8981320858001709,0.24077366292476654,0.30291804671287537,0.3544403612613678,0.0,0.0,0.0,1.2036547660827637,2.171182632446289,0.7123993635177612,0.0,0.0,1.213605523109436,0.11919485777616501,1.2570022344589233,2.153090476989746,0.5930578112602234,0.4943545162677765
234,train,2,0.5,0.0,17,pseudo_cycle_01_config_5,-1,0.31332120299339294,7833.02978515625,21.23793601989746,1.390528917312622,1.398470163345337,1.344611644744873,0.05385855212807655,0.38803741335868835,0.9565742015838623,0.6218454837799072,2.699445644793741e-07,0.3347283899784088,0.0,0.0,0.0,1.3748526573181152,1.837762475013733,0.6352556943893433,0.0,0.0,0.7347429990768433,-0.03979749232530594,0.7259707450866699,1.5826075077056885,0.8111066818237305,0.851889431476593
235,train,2,0.5,0.0,16,pseudo_cycle_01_config_4,-1,0.4580208957195282,11450.521484375,45.38405990600586,1.898363709449768,1.9226524829864502,2.1468663215637207,-0.2242138534784317,0.7749777436256409,1.3718886375427246,0.391388863325119,0.3799179792404175,0.6005817651748657,0.0,0.0,0.0,1.2849338054656982,2.0311052799224854,0.5365458726882935,0.0,0.0,1.0013890266418457,-0.0745471864938736,0.978993833065033,2.005220890045166,0.5658206939697266,0.4799190163612366
236,train,2,0.5,0.0,12,pseudo_cycle_01_config_0,-1,0.39241907000541687,9810.4765625,9.461310386657715,2.0724427700042725,2.057962656021118,2.1068739891052246,-0.04891131445765495,0.5602914690971375,1.5465824604034424,0.4257780909538269,0.507946252822876,0.6128581762313843,0.0,0.0,0.0,1.2655401229858398,2.1730682849884033,0.6841791868209839,0.0,0.0,1.2108402252197266,0.1128198504447937,1.2518222332000732,2.172219753265381,0.5907590985298157,0.48766598105430603
237,train,2,0.5,0.0,23,pseudo_cycle_01_config_11,-1,0.2971610724925995,7429.02685546875,141.28749084472656,0.47555649280548096,0.4650702178478241,0.46769970655441284,-0.0026294931303709745,0.3005344867706299,0.16716523468494415,0.06713005900382996,4.6653653384964855e-08,0.10003513097763062,0.0,0.0,0.0,1.1837843656539917,1.968016505241394,0.46535420417785645,0.0,0.0,0.4404817819595337,0.003484465880319476,0.4409422278404236,0.5840252041816711,0.654150664806366,0.870296061038971
238,train,2,0.5,0.0,12,pseudo_cycle_01_config_0,-1,0.4434909224510193,11087.2734375,12.084274291992188,2.603386163711548,2.581059217453003,2.6849730014801025,-0.10391373187303543,0.6957494616508484,1.9892234802246094,0.5555880069732666,0.6354264616966248,0.7982089519500732,0.0,0.0,0.0,1.2303978204727173,2.201106071472168,0.6524534225463867,0.0,0.0,1.2302169799804688,0.10347174108028412,1.2684047222137451,2.1623263359069824,0.591188907623291,0.48453712463378906
239,train,2,0.5,0.0,16,pseudo_cycle_01_config_4,-1,0.49024370312690735,12256.0927734375,51.99442672729492,2.07509708404541,2.090806484222412,2.346830368041992,-0.2560238838195801,0.8972222805023193,1.4496082067489624,0.4050189256668091,0.3958207666873932,0.6487685441970825,0.0,0.0,0.0,1.2984884977340698,2.02781081199646,0.5181694030761719,0.0,0.0,0.9432921409606934,-0.08385814726352692,0.9195613265037537,1.9314336776733398,0.5681635141372681,0.48254328966140747
240,train,2,0.5,0.0,14,pseudo_cycle_01_config_2,-1,0.45854976773262024,11463.7431640625,12.918855667114258,1.828369379043579,1.8203257322311401,1.803768515586853,0.016557229682803154,0.7168073654174805,1.0869611501693726,0.29549527168273926,0.35620689392089844,0.43525901436805725,0.0,0.0,0.0,1.1857459545135498,2.1851556301116943,0.6831117272377014,0.0,0.0,1.2337737083435059,0.13708946108818054,1.2845149040222168,2.1400442123413086,0.5890129208564758,0.49165675044059753
241,train,2,0.5,0.0,19,pseudo_cycle_01_config_7,-1,0.476136714220047,11903.41796875,49.04515075683594,1.4532512426376343,1.3942903280258179,1.3725190162658691,0.021771356463432312,0.7622050046920776,0.6103140711784363,0.22544394433498383,1.486312726228789e-07,0.3848699629306793,0.0,0.0,0.0,1.1694201231002808,2.1534624099731445,0.47078466415405273,0.0,0.0,0.5281728506088257,0.021724211052060127,0.5316150784492493,0.5790944695472717,0.6082190871238708,0.9886096715927124
242,train,2,0.5,0.0,23,pseudo_cycle_01_config_11,-1,0.11155888438224792,2788.971923828125,19.912609100341797,0.12102366983890533,0.12710046768188477,0.12083664536476135,0.006263820920139551,0.040121857076883316,0.08071478456258774,0.05943935364484787,2.1208233391689646e-08,0.021275406703352928,0.0,0.0,0.0,1.1213335990905762,2.0603525638580322,0.6606987714767456,0.0,0.0,0.833766520023346,-0.030176054686307907,0.8262186050415039,1.8704150915145874,0.7575759887695312,0.669486403465271
243,train,2,0.5,0.0,16,pseudo_cycle_01_config_4,-1,0.4067002236843109,10167.505859375,35.78339385986328,1.6020092964172363,1.6113219261169434,1.784347414970398,-0.17302554845809937,0.5930753946304321,1.1912720203399658,0.34502774477005005,0.3392452895641327,0.5069990754127502,0.0,0.0,0.0,1.24716317653656,2.0318613052368164,0.5670932531356812,0.0,0.0,1.0732505321502686,-0.059537336230278015,1.0540809631347656,2.0814878940582275,0.5628870725631714,0.47705569863319397
244,train,2,0.5,0.0,13,pseudo_cycle_01_config_1,-1,0.12301138788461685,3075.28466796875,0.929697573184967,0.2597818672657013,0.2579403817653656,0.2919456362724304,-0.03400525450706482,0.05026025325059891,0.2416853904724121,0.1377391815185547,1.0467710609418646e-07,0.10394611209630966,0.0,0.0,0.0,1.155303716659546,1.8255654573440552,0.8868270516395569,0.0,0.0,0.8575867414474487,-0.01042843796312809,0.8549037575721741,1.9441555738449097,1.2495324611663818,1.4671742916107178
245,train,2,0.5,0.0,18,pseudo_cycle_01_config_6,-1,0.09113848954439163,2278.462158203125,1.7969516515731812,0.0604371577501297,0.05974065139889717,0.05441368371248245,0.0053269690833985806,0.02272915095090866,0.03168453276157379,0.009482783265411854,0.010568385943770409,0.011633360758423805,0.0,0.0,0.0,0.9517912864685059,1.6720197200775146,0.6987143754959106,0.0,0.0,0.4479924142360687,0.014582963660359383,0.44995230436325073,1.011656403541565,1.6136384010314941,1.2410874366760254
246,train,2,0.5,0.0,21,pseudo_cycle_01_config_9,-1,0.323546826839447,8088.67041015625,167.49200439453125,0.857591986656189,0.8453549146652222,0.792923092842102,0.05243183672428131,0.37824228405952454,0.4146807789802551,0.2151954174041748,1.171324868209922e-07,0.19948524236679077,0.0,0.0,0.0,1.256776213645935,1.9158377647399902,0.465596079826355,0.0,0.0,0.46489664912223816,-0.019124604761600494,0.4622293710708618,0.7737866640090942,0.6784495115280151,0.7172969579696655
247,train,2,0.5,0.0,15,pseudo_cycle_01_config_3,-1,0.2043004035949707,5107.509765625,2.564422369003296,0.45265641808509827,0.4673200249671936,0.48653483390808105,-0.019214797765016556,0.14444057643413544,0.3420942425727844,0.20608149468898773,1.2885260503026075e-07,0.13601261377334595,0.0,0.0,0.0,1.2036851644515991,1.8825486898422241,0.8678895831108093,0.0,0.0,0.8950515389442444,-0.08243104070425034,0.8729175329208374,2.0030410289764404,1.0822830200195312,1.321995496749878
248,train,2,0.5,0.0,15,pseudo_cycle_01_config_3,-1,0.24334362149238586,6083.5908203125,3.638237476348877,0.6271563172340393,0.647664487361908,0.6739128828048706,-0.026248417794704437,0.20889925956726074,0.4650135934352875,0.2814748287200928,1.7052016687557625e-07,0.18353858590126038,0.0,0.0,0.0,1.2270411252975464,1.8450442552566528,0.863121509552002,0.0,0.0,0.8846257328987122,-0.0980701595544815,0.8585991263389587,2.0003738403320312,1.0530201196670532,1.304364562034607
249,train,2,0.5,0.0,20,pseudo_cycle_01_config_8,-1,0.09912215173244476,2478.0537109375,15.720315933227539,0.09695295244455338,0.08571863174438477,0.07923109829425812,0.006487536709755659,0.03380045294761658,0.04543064907193184,0.017715664580464363,0.009742934256792068,0.017972050234675407,0.0,0.0,0.0,1.1965839862823486,2.1188747882843018,0.5200808644294739,0.0,0.0,0.5563111901283264,-0.15797528624534607,0.5299461483955383,0.535251259803772,0.5660035610198975,0.5429975390434265
250,train,2,0.5,0.0,22,pseudo_cycle_01_config_10,-1,0.12614701688289642,3153.67529296875,25.46090316772461,0.12599532306194305,0.12818026542663574,0.12365935742855072,0.004520914983004332,0.05200100317597389,0.07165835052728653,0.03873002156615257,0.011715094558894634,0.021213233470916748,0.0,0.0,0.0,1.1366320848464966,2.031001091003418,0.5663847923278809,0.0,0.0,0.6927235126495361,-0.08319049328565598,0.6754351258277893,1.1827929019927979,0.6316772103309631,0.647840142250061
251,train,2,0.5,0.0,16,pseudo_cycle_01_config_4,-1,0.4371206760406494,10928.0166015625,41.336666107177734,1.7797919511795044,1.8013075590133667,2.0044617652893066,-0.20315417647361755,0.6982526183128357,1.3062090873718262,0.3758079409599304,0.3656708002090454,0.5647302865982056,0.0,0.0,0.0,1.271077275276184,2.031883716583252,0.5488451719284058,0.0,0.0,1.0344518423080444,-0.06853636354207993,1.013182520866394,2.0418009757995605,0.56458580493927,0.47855356335639954
252,train,2,0.5,0.0,23,pseudo_cycle_01_config_11,-1,0.13129262626171112,3282.31591796875,27.580398559570312,0.15139271318912506,0.16226620972156525,0.1552189737558365,0.007047242484986782,0.055641982704401016,0.09957698732614517,0.07165957242250443,2.5609093512457548e-08,0.027917392551898956,0.0,0.0,0.0,1.1227525472640991,2.0197196006774902,0.6305167078971863,0.0,0.0,0.7822242975234985,-0.019114021211862564,0.7777388691902161,1.7643203735351562,0.7500014305114746,0.6873500943183899
253,train,2,0.5,0.0,16,pseudo_cycle_01_config_4,-1,0.4662148356437683,11655.37109375,47.02241516113281,1.9440062046051025,1.967693567276001,2.2001218795776367,-0.23242832720279694,0.8057530522346497,1.3943688869476318,0.39607930183410645,0.38462820649147034,0.6136614680290222,0.0,0.0,0.0,1.2894126176834106,2.030534505844116,0.531794011592865,0.0,0.0,0.9872847199440002,-0.07690094411373138,0.9645078182220459,1.9885225296020508,0.5663542151451111,0.4805285930633545
254,train,2,0.5,0.0,18,pseudo_cycle_01_config_6,-1,0.05609027296304703,1402.2568359375,0.6806249022483826,0.026607034727931023,0.019780362024903297,0.022911809384822845,-0.0031314478255808353,0.01841314509510994,0.004498663824051619,0.0010553080355748534,0.002332512056455016,0.0011108439648523927,0.0,0.0,0.0,2.035705804824829,1.8430216312408447,0.7432500123977661,0.0,0.0,0.24900910258293152,-0.07481972128152847,0.24341987073421478,0.49845558404922485,1.4823002815246582,0.5246869325637817
255,train,2,0.5,0.0,13,pseudo_cycle_01_config_1,-1,0.18054097890853882,4513.5244140625,2.002639055252075,0.5260593295097351,0.541017472743988,0.6085783839225769,-0.06756088882684708,0.11547557264566422,0.4931027889251709,0.2893454134464264,2.007984392093931e-07,0.203757181763649,0.0,0.0,0.0,1.2322551012039185,1.8242812156677246,0.8698900938034058,0.0,0.0,0.8359295129776001,-0.009471558034420013,0.8335542678833008,1.9458891153335571,1.1642833948135376,1.3702960014343262
256,train,2,0.5,0.0,21,pseudo_cycle_01_config_9,-1,0.36751100420951843,9187.775390625,216.1028594970703,1.01470148563385,1.009413242340088,0.9577101469039917,0.05170312151312828,0.4928075075149536,0.4649026393890381,0.21830491721630096,1.3324896031008393e-07,0.24659757316112518,0.0,0.0,0.0,1.269108533859253,1.9439704418182373,0.45411425828933716,0.0,0.0,0.42268532514572144,-0.033197205513715744,0.4184757471084595,0.6622800230979919,0.6676334738731384,0.7481124401092529
257,train,2,0.5,0.0,20,pseudo_cycle_01_config_8,-1,0.17785748839378357,4446.43701171875,50.61324691772461,0.28164324164390564,0.30926215648651123,0.28643348813056946,0.022828657180070877,0.1089334785938263,0.17750000953674316,0.09461668133735657,0.026929618790745735,0.05595370754599571,0.0,0.0,0.0,1.1977858543395996,2.0233259201049805,0.46377354860305786,0.0,0.0,0.5238065719604492,0.033849555999040604,0.5291257500648499,0.9312739372253418,0.5715233683586121,0.5507297515869141
258,train,2,0.5,0.0,19,pseudo_cycle_01_config_7,-1,0.4312298595905304,10780.74609375,40.23003005981445,1.2723623514175415,1.1916662454605103,1.1606123447418213,0.031053857877850533,0.6256616711616516,0.5349506735801697,0.20939353108406067,1.3320943992312095e-07,0.32555702328681946,0.0,0.0,0.0,1.170264482498169,2.139516592025757,0.4888105094432831,0.0,0.0,0.5442526936531067,0.035176731646060944,0.5499961972236633,0.6379387974739075,0.6226894855499268,0.9918428063392639
259,train,2,0.5,0.0,13,pseudo_cycle_01_config_1,-1,0.11914633214473724,2978.658203125,0.8721926212310791,0.2453928291797638,0.2431810200214386,0.2751624584197998,-0.0319814458489418,0.046813420951366425,0.22834903001785278,0.12962007522583008,9.944509571369053e-08,0.09872885793447495,0.0,0.0,0.0,1.1470204591751099,1.8243024349212646,0.8882663249969482,0.0,0.0,0.8610699772834778,-0.010801662690937519,0.8582796454429626,1.9438557624816895,1.2591956853866577,1.4805934429168701
260,train,2,0.5,0.0,17,pseudo_cycle_01_config_5,-1,0.25534501671791077,6383.625,14.105467796325684,1.018263578414917,1.0257480144500732,1.0106251239776611,0.015122851356863976,0.2572105824947357,0.753414511680603,0.5069449543952942,2.286430884623769e-07,0.24646928906440735,0.0,0.0,0.0,1.3721330165863037,1.8689206838607788,0.7014399766921997,0.0,0.0,0.7908977270126343,-0.04547719284892082,0.7801073789596558,1.7776225805282593,0.8572502136230469,0.8642542958259583
261,train,2,0.5,0.0,21,pseudo_cycle_01_config_9,-1,0.3150574266910553,7876.435546875,158.8178253173828,0.8300029635429382,0.8175674676895142,0.764959454536438,0.052608001977205276,0.3579694628715515,0.4069899916648865,0.21601837873458862,1.1436956270927112e-07,0.1909714937210083,0.0,0.0,0.0,1.2543787956237793,1.9102323055267334,0.4684910774230957,0.0,0.0,0.4749205410480499,-0.01715882122516632,0.4724758267402649,0.8037561178207397,0.6812459826469421,0.7105621695518494
262,train,2,0.5,0.0,12,pseudo_cycle_01_config_0,-1,0.4356783628463745,10891.958984375,11.66226863861084,2.520871877670288,2.4994850158691406,2.5932722091674805,-0.09378726780414581,0.67400723695755,1.9192650318145752,0.5350548028945923,0.6155694723129272,0.7686406970024109,0.0,0.0,0.0,1.2350788116455078,2.1968870162963867,0.6568886637687683,0.0,0.0,1.2285041809082031,0.10484765470027924,1.2671459913253784,2.1640565395355225,0.5911501049995422,0.4848816692829132
263,train,2,0.5,0.0,20,pseudo_cycle_01_config_8,-1,0.17022383213043213,4255.595703125,46.3618278503418,0.26105862855911255,0.28370410203933716,0.2632322609424591,0.020471855998039246,0.09904131293296814,0.16419094800949097,0.0873880609869957,0.02511514723300934,0.05168774724006653,0.0,0.0,0.0,1.1888792514801025,2.034499168395996,0.4686483144760132,0.0,0.0,0.5279574990272522,0.02042616531252861,0.5311927199363708,0.9302089214324951,0.5704492926597595,0.5501941442489624
264,train,2,0.5,0.0,17,pseudo_cycle_01_config_5,-1,0.22232003509998322,5558.0009765625,10.69276237487793,0.8008351922035217,0.8104910254478455,0.8098569512367249,0.0006340848049148917,0.19267313182353973,0.6171838045120239,0.41998934745788574,1.9510208915107796e-07,0.19719423353672028,0.0,0.0,0.0,1.3558950424194336,1.8954787254333496,0.7360360622406006,0.0,0.0,0.8169128894805908,-0.045304033905267715,0.8058100342750549,1.8544206619262695,0.8777970671653748,0.8706912994384766
265,train,2,0.5,0.0,15,pseudo_cycle_01_config_3,-1,0.16421930491924286,4105.482421875,1.656912088394165,0.30484849214553833,0.3111671209335327,0.32307177782058716,-0.01190464198589325,0.0918026939034462,0.23126909136772156,0.13815155625343323,8.990538447051222e-08,0.09311743825674057,0.0,0.0,0.0,1.1840475797653198,1.9186375141143799,0.870541512966156,0.0,0.0,0.9066736102104187,-0.0647158995270729,0.8890707492828369,2.002105474472046,1.122505784034729,1.3494665622711182
266,train,2,0.5,0.0,19,pseudo_cycle_01_config_7,-1,0.21964578330516815,5491.14453125,10.437067031860352,0.5168619155883789,0.5208988189697266,0.510766863822937,0.010131927207112312,0.1660224199295044,0.344744473695755,0.2261708676815033,1.021228897002402e-07,0.11857349425554276,0.0,0.0,0.0,1.1969696283340454,1.9952605962753296,0.7433151006698608,0.0,0.0,0.8582943081855774,-0.06707384437322617,0.8410235643386841,1.8624811172485352,0.8485289216041565,0.9764337539672852
267,train,2,0.5,0.0,17,pseudo_cycle_01_config_5,-1,0.2776716649532318,6941.791015625,16.67999267578125,1.1655373573303223,1.1726893186569214,1.1440497636795044,0.02863951027393341,0.3054291307926178,0.838620662689209,0.5584685206413269,2.473628342158918e-07,0.28015193343162537,0.0,0.0,0.0,1.3778740167617798,1.8531213998794556,0.6765296459197998,0.0,0.0,0.7709932327270508,-0.04452524706721306,0.7606946229934692,1.7127745151519775,0.8410277366638184,0.8592015504837036
268,train,2,0.5,0.0,12,pseudo_cycle_01_config_0,-1,0.4755801558494568,11889.50390625,13.896279335021973,2.9447412490844727,2.9194116592407227,3.0717310905456543,-0.1523195058107376,0.7890920639038086,2.2826390266418457,0.641791820526123,0.7172930240631104,0.9235540628433228,0.0,0.0,0.0,1.2135071754455566,2.2184066772460938,0.6352565884590149,0.0,0.0,1.2326951026916504,0.09819699823856354,1.2690092325210571,2.1541576385498047,0.5911160707473755,0.4834901690483093
269,train,2,0.5,0.0,21,pseudo_cycle_01_config_9,-1,0.3444034159183502,8610.0849609375,189.78187561035156,0.9291649460792542,0.9191237688064575,0.8670743703842163,0.05204939842224121,0.4306524395942688,0.4364219605922699,0.21519222855567932,1.244065543914985e-07,0.22122961282730103,0.0,0.0,0.0,1.2628568410873413,1.9296826124191284,0.4595158100128174,0.0,0.0,0.442987859249115,-0.02513655461370945,0.4396473169326782,0.7128204107284546,0.6726011633872986,0.732819139957428
270,train,2,0.5,0.0,21,pseudo_cycle_01_config_9,-1,0.3524811863899231,8812.029296875,198.7886962890625,0.9583254456520081,0.9497106671333313,0.897790253162384,0.051920417696237564,0.45191097259521484,0.4458792805671692,0.21592789888381958,1.2740618160478334e-07,0.22995126247406006,0.0,0.0,0.0,1.2651532888412476,1.9348641633987427,0.4574904441833496,0.0,0.0,0.43545132875442505,-0.027824116870760918,0.4318165183067322,0.6933714151382446,0.670697808265686,0.7384021282196045
271,train,2,0.5,0.0,17,pseudo_cycle_01_config_5,-1,0.2881164848804474,7202.912109375,17.958452224731445,1.2331721782684326,1.2405048608779907,1.2047595977783203,0.03574531897902489,0.32902610301971436,0.875733494758606,0.5797290802001953,2.54896775686575e-07,0.29600420594215393,0.0,0.0,0.0,1.3786572217941284,1.8470655679702759,0.6645551919937134,0.0,0.0,0.7609526515007019,-0.043589722365140915,0.75100177526474,1.6782023906707764,0.8327484130859375,0.8568742871284485
272,train,2,0.5,0.0,14,pseudo_cycle_01_config_2,-1,0.43514078855514526,10878.51953125,11.63350772857666,1.6640123128890991,1.6489946842193604,1.6261627674102783,0.02283196523785591,0.6510083079338074,0.9751545190811157,0.2630479037761688,0.324968546628952,0.3871380388736725,0.0,0.0,0.0,1.1958839893341064,2.1765284538269043,0.6998236179351807,0.0,0.0,1.2235931158065796,0.1266683042049408,1.2700902223587036,2.148043155670166,0.5914295315742493,0.49307847023010254
273,train,2,0.5,0.0,23,pseudo_cycle_01_config_11,-1,0.32881081104278564,8220.2705078125,172.98643493652344,0.560326099395752,0.5602600574493408,0.564800500869751,-0.0045404499396681786,0.37209486961364746,0.19270560145378113,0.07336127758026123,5.275595071907446e-08,0.11934427917003632,0.0,0.0,0.0,1.197081208229065,1.9711825847625732,0.4574905037879944,0.0,0.0,0.42126646637916565,-0.018090471625328064,0.418980211019516,0.5477257370948792,0.6457239389419556,0.8910412192344666
274,train,2,0.5,0.0,18,pseudo_cycle_01_config_6,-1,0.14250552654266357,3562.637939453125,4.393353462219238,0.15644653141498566,0.17063994705677032,0.1742718517780304,-0.003631911240518093,0.06136060506105423,0.11291124671697617,0.04490548372268677,0.027132326737046242,0.040873438119888306,0.0,0.0,0.0,1.0509651899337769,1.9107766151428223,0.7310418486595154,0.0,0.0,0.6801500916481018,-0.18916915357112885,0.6415510177612305,1.202551245689392,0.9939145445823669,1.0945745706558228
275,train,2,0.5,0.0,13,pseudo_cycle_01_config_1,-1,0.15804064273834229,3951.01611328125,1.5345768928527832,0.41013848781585693,0.417250394821167,0.470980167388916,-0.05372978001832962,0.08678977191448212,0.3841903805732727,0.2238321304321289,1.5967572153385845e-07,0.16035810112953186,0.0,0.0,0.0,1.2086293697357178,1.8297138214111328,0.8757311701774597,0.0,0.0,0.8409959077835083,-0.008234620094299316,0.8389183282852173,1.946080207824707,1.1889612674713135,1.3942131996154785
276,train,2,0.5,0.0,12,pseudo_cycle_01_config_0,-1,0.468423992395401,11710.599609375,13.48122501373291,2.8684048652648926,2.843668222427368,2.9842333793640137,-0.14056524634361267,0.7677122354507446,2.2165210247039795,0.6223551034927368,0.6990607380867004,0.8951050639152527,0.0,0.0,0.0,1.2169768810272217,2.2145497798919678,0.6389788389205933,0.0,0.0,1.2327697277069092,0.09932217001914978,1.26950204372406,2.156144142150879,0.5911668539047241,0.4836771786212921
277,train,2,0.5,0.0,22,pseudo_cycle_01_config_10,-1,0.09126044064760208,2281.510986328125,13.325543403625488,0.08086325228214264,0.07554420083761215,0.07049664109945297,0.0050475578755140305,0.027429044246673584,0.04306759685277939,0.020772883668541908,0.008471934124827385,0.01382277812808752,0.0,0.0,0.0,1.1455333232879639,2.102881669998169,0.5969411134719849,0.0,0.0,0.762875497341156,-0.10650386661291122,0.738500714302063,1.0707170963287354,0.7315248250961304,0.712480902671814
278,train,2,0.5,0.0,19,pseudo_cycle_01_config_7,-1,0.44992485642433167,11248.1220703125,43.79380798339844,1.3455196619033813,1.274062156677246,1.2463908195495605,0.02767130918800831,0.6821858286857605,0.5642049312591553,0.21451154351234436,1.3919013497343258e-07,0.349693238735199,0.0,0.0,0.0,1.1721545457839966,2.1478090286254883,0.4805591106414795,0.0,0.0,0.5360670685768127,0.029967525973916054,0.5408864617347717,0.6081037521362305,0.6158145070075989,0.9913207292556763
279,train,2,0.5,0.0,15,pseudo_cycle_01_config_3,-1,0.1558367908000946,3895.919677734375,1.4920763969421387,0.2777518033981323,0.282349169254303,0.29285281896591187,-0.010503659024834633,0.08237503468990326,0.2104777991771698,0.1253991574048996,8.25314714347769e-08,0.08507855236530304,0.0,0.0,0.0,1.1798254251480103,1.9263103008270264,0.8710414171218872,0.0,0.0,0.9094595909118652,-0.061089593917131424,0.8927920460700989,2.0016438961029053,1.1343164443969727,1.358039140701294
280,train,2,0.5,0.0,17,pseudo_cycle_01_config_5,-1,0.20738209784030914,5184.55224609375,9.304119110107422,0.7057618498802185,0.7165478467941284,0.7201706171035767,-0.003622769843786955,0.16649150848388672,0.5536791086196899,0.3783531188964844,1.7818179287587554e-07,0.17532582581043243,0.0,0.0,0.0,1.3465166091918945,1.9072383642196655,0.7507556080818176,0.0,0.0,0.8276211023330688,-0.04504960775375366,0.8164359331130981,1.8832435607910156,0.8860029578208923,0.8726800680160522
281,train,2,0.5,0.0,23,pseudo_cycle_01_config_11,-1,0.28955531120300293,7238.88232421875,134.14759826660156,0.45654168725013733,0.44367271661758423,0.4458237290382385,-0.0021510059013962746,0.28416141867637634,0.16166231036186218,0.06602729856967926,4.532063968554212e-08,0.09563496708869934,0.0,0.0,0.0,1.1788651943206787,1.9663289785385132,0.4676419198513031,0.0,0.0,0.4463960826396942,0.008640029467642307,0.4475531280040741,0.5965796113014221,0.6567328572273254,0.864095151424408
282,train,2,0.5,0.0,13,pseudo_cycle_01_config_1,-1,0.0844021812081337,2110.0546875,0.43768176436424255,0.13517621159553528,0.15287524461746216,0.16602852940559387,-0.013153281062841415,0.020970342680811882,0.14505818486213684,0.07684183865785599,6.62086137026563e-08,0.06821628659963608,0.0,0.0,0.0,1.0239065885543823,1.8792314529418945,0.9012370705604553,0.0,0.0,0.9688419103622437,0.021734196692705154,0.9751590490341187,1.9620652198791504,1.406864881515503,1.7418217658996582
283,train,2,0.5,0.0,22,pseudo_cycle_01_config_10,-1,0.47879910469055176,11969.9765625,366.7975769042969,0.8267924785614014,0.8270069360733032,0.8938111066818237,-0.06680415570735931,0.6044312715530396,0.28937986493110657,0.10069295018911362,0.05224156007170677,0.13644535839557648,0.0,0.0,0.0,0.9170699119567871,1.7840385437011719,0.3934757113456726,0.0,0.0,0.3407771587371826,-0.07482034713029861,0.33312803506851196,0.4927036464214325,0.649658203125,0.667644739151001
284,train,2,0.5,0.0,22,pseudo_cycle_01_config_10,-1,0.1126120537519455,2815.30126953125,20.290353775024414,0.10696959495544434,0.10526436567306519,0.10136134922504425,0.0039030134212225676,0.04130851849913597,0.06005283445119858,0.031513605266809464,0.010368546470999718,0.018170682713389397,0.0,0.0,0.0,1.1330054998397827,2.051145315170288,0.5826164484024048,0.0,0.0,0.7125719785690308,-0.10175540298223495,0.6908195614814758,1.1691656112670898,0.66025710105896,0.674138605594635
285,train,2,0.5,0.0,13,pseudo_cycle_01_config_1,-1,0.09559815376996994,2389.953857421875,0.5615004301071167,0.16697070002555847,0.17021998763084412,0.1901080459356308,-0.01988806016743183,0.028270496055483818,0.16183754801750183,0.0884113758802414,7.302776339201955e-08,0.07342609763145447,0.0,0.0,0.0,1.0759611129760742,1.82893967628479,0.8977400064468384,0.0,0.0,0.9068734049797058,-0.004952472168952227,0.9055259823799133,1.9470973014831543,1.3436253070831299,1.6170740127563477
286,train,2,0.5,0.0,20,pseudo_cycle_01_config_8,-1,0.08480627089738846,2120.156982421875,11.507362365722656,0.07424193620681763,0.08413981646299362,0.07601949572563171,0.008120318874716759,0.025029156357049942,0.05099034309387207,0.018922891467809677,0.012102293781936169,0.01996515691280365,0.0,0.0,0.0,1.210465431213379,2.1152122020721436,0.5384081602096558,0.0,0.0,0.8719819784164429,-0.031503140926361084,0.8637409806251526,0.4800349473953247,0.5702186822891235,0.5064750909805298
287,train,2,0.5,0.0,19,pseudo_cycle_01_config_7,-1,0.4651886522769928,11629.716796875,46.81563949584961,1.4074896574020386,1.3435637950897217,1.3191683292388916,0.02439548820257187,0.7287615537643433,0.5904067158699036,0.22041380405426025,1.4454896302140696e-07,0.36999276280403137,0.0,0.0,0.0,1.1713571548461914,2.1518492698669434,0.4746556878089905,0.0,0.0,0.5310340523719788,0.02523304522037506,0.5350539088249207,0.5897663235664368,0.6111372113227844,0.9899981021881104
288,train,2,0.5,0.0,15,pseudo_cycle_01_config_3,-1,0.22736214101314545,5684.05322265625,3.1760501861572266,0.5519300103187561,0.5704796314239502,0.5939918756484985,-0.023512234911322594,0.18082307279109955,0.4131688177585602,0.24966029822826385,1.532099247469887e-07,0.1635083705186844,0.0,0.0,0.0,1.2166892290115356,1.8606823682785034,0.865443766117096,0.0,0.0,0.888873815536499,-0.0919838398694992,0.8643451929092407,2.0019924640655518,1.064687728881836,1.3111516237258911
289,train,2,0.5,0.0,20,pseudo_cycle_01_config_8,-1,0.15129081904888153,3782.270263671875,36.62224578857422,0.2115180790424347,0.21803413331508636,0.2035643458366394,0.014469782821834087,0.0768231600522995,0.1267411857843399,0.0656343474984169,0.020240232348442078,0.040866605937480927,0.0,0.0,0.0,1.1674253940582275,2.062730073928833,0.48090115189552307,0.0,0.0,0.526893138885498,-0.02416904829442501,0.5230727791786194,0.8858909606933594,0.5680791139602661,0.5515915751457214
290,train,2,0.5,0.0,18,pseudo_cycle_01_config_6,-1,0.11575712263584137,2893.92822265625,2.8988664150238037,0.1005781814455986,0.1141216829419136,0.11261819303035736,0.0015034914249554276,0.04047875106334686,0.0721394419670105,0.0265367329120636,0.018782775849103928,0.026819933205842972,0.0,0.0,0.0,1.050736427307129,1.832236647605896,0.7202109098434448,0.0,0.0,0.6315912008285522,-0.1446385383605957,0.6041854619979858,1.1926387548446655,1.1720916032791138,1.2053664922714233
291,train,2,0.5,0.0,23,pseudo_cycle_01_config_11,-1,0.3179716169834137,7949.29052734375,161.7694549560547,0.530255138874054,0.5266984701156616,0.5305889844894409,-0.0038904903922230005,0.3470686078071594,0.1835203915834427,0.07096417993307114,5.056971019712364e-08,0.11255615949630737,0.0,0.0,0.0,1.1939901113510132,1.9707903861999512,0.45994895696640015,0.0,0.0,0.42699167132377625,-0.010829233564436436,0.4256044924259186,0.5578592419624329,0.6482275724411011,0.8848193883895874
292,train,2,0.5,0.0,21,pseudo_cycle_01_config_9,-1,0.2881002128124237,7202.50537109375,132.802734375,0.7482835650444031,0.7379829287528992,0.6847832202911377,0.05319971963763237,0.29774439334869385,0.38703882694244385,0.2217201441526413,1.0634381908403157e-07,0.1653185784816742,0.0,0.0,0.0,1.2477240562438965,1.8943005800247192,0.47975191473960876,0.0,0.0,0.5115118026733398,-0.013298040255904198,0.5094711780548096,0.9226314425468445,0.691798985004425,0.6879308223724365
293,train,2,0.5,0.0,13,pseudo_cycle_01_config_1,-1,0.14552925527095795,3638.231201171875,1.301222801208496,0.3522735834121704,0.35543501377105713,0.4018332362174988,-0.046398237347602844,0.0726323202252388,0.3292009234428406,0.1906958669424057,1.3862975833944802e-07,0.13850493729114532,0.0,0.0,0.0,1.1928654909133911,1.830112099647522,0.8793405890464783,0.0,0.0,0.8450237512588501,-0.008474012836813927,0.8428755402565002,1.9457108974456787,1.2064176797866821,1.4131956100463867
294,train,2,0.5,0.0,16,pseudo_cycle_01_config_4,-1,0.4254865348339081,10637.1640625,39.165565490722656,1.7124912738800049,1.7302238941192627,1.9217249155044556,-0.19150105118751526,0.6569899320602417,1.2647349834442139,0.3650580942630768,0.3563356399536133,0.5433412790298462,0.0,0.0,0.0,1.2622610330581665,2.0319881439208984,0.5557798743247986,0.0,0.0,1.0507086515426636,-0.06515049189329147,1.030172348022461,2.058713674545288,0.5639394521713257,0.4779128432273865
295,train,2,0.5,0.0,22,pseudo_cycle_01_config_10,-1,0.49841955304145813,12460.48828125,397.47515869140625,0.880887508392334,0.883560061454773,0.9577320218086243,-0.07417196780443192,0.6425690054893494,0.3151630163192749,0.10987111926078796,0.057036805897951126,0.1482551097869873,0.0,0.0,0.0,0.8996875882148743,1.7719295024871826,0.3921942710876465,0.0,0.0,0.34528544545173645,-0.07652004063129425,0.33735907077789307,0.4932457208633423,0.6528805494308472,0.6655634045600891
296,train,2,0.5,0.0,14,pseudo_cycle_01_config_2,-1,0.47326231002807617,11831.556640625,13.76115608215332,1.9319909811019897,1.9296469688415527,1.918813943862915,0.010833040811121464,0.7598111033439636,1.1590029001235962,0.3164467513561249,0.37587377429008484,0.4666823744773865,0.0,0.0,0.0,1.1799509525299072,2.19130539894104,0.6731699705123901,0.0,0.0,1.2378885746002197,0.1434757560491562,1.2911707162857056,2.1344056129455566,0.58740234375,0.49095281958580017
297,train,2,0.5,0.0,15,pseudo_cycle_01_config_3,-1,0.18272747099399567,4568.18701171875,2.0514397621154785,0.3693028688430786,0.3795681595802307,0.3947487771511078,-0.015180603601038456,0.11451539397239685,0.28023338317871094,0.16816750168800354,1.0721618082243367e-07,0.11206578463315964,0.0,0.0,0.0,1.192939281463623,1.902131199836731,0.8694654107093811,0.0,0.0,0.9010658264160156,-0.07294370234012604,0.88134765625,2.002882242202759,1.1014952659606934,1.334708333015442
298,train,2,0.5,0.0,15,pseudo_cycle_01_config_3,-1,0.19118548929691315,4779.63720703125,2.2457475662231445,0.40091240406036377,0.41295769810676575,0.4297022223472595,-0.016744520515203476,0.12579341232776642,0.3039087951183319,0.18267762660980225,1.1553506595873841e-07,0.12123104929924011,0.0,0.0,0.0,1.1970441341400146,1.8945420980453491,0.8689093589782715,0.0,0.0,0.8986628651618958,-0.07670359313488007,0.8779836297035217,2.0030579566955566,1.0934747457504272,1.3292969465255737
299,train,2,0.5,0.0,20,pseudo_cycle_01_config_8,-1,0.14355610311031342,3588.902587890625,32.97335433959961,0.1921388953924179,0.19164489209651947,0.1794240027666092,0.0122208958491683,0.06873927265405655,0.11068473011255264,0.0560239776968956,0.018179871141910553,0.03648088127374649,0.0,0.0,0.0,1.1601756811141968,2.0727083683013916,0.4859761893749237,0.0,0.0,0.5219808220863342,-0.047257427126169205,0.5145806074142456,0.8496063947677612,0.5673089623451233,0.5532343983650208
300,train,2,0.5,0.0,22,pseudo_cycle_01_config_10,-1,0.05298393964767456,1324.5985107421875,4.49167537689209,0.05472700670361519,0.0586051307618618,0.04840376228094101,0.010201367549598217,0.012387597933411598,0.03601616621017456,0.011144854128360748,0.014189988374710083,0.01068132184445858,0.0,0.0,0.0,1.5348316431045532,2.8250715732574463,0.5858330130577087,0.0,0.0,1.4609150886535645,0.582623302936554,1.7162641286849976,0.5458597540855408,1.1863555908203125,0.5231565237045288
301,train,2,0.5,0.0,14,pseudo_cycle_01_config_2,-1,0.4952855110168457,12382.1376953125,15.07170295715332,2.0867559909820557,2.094697952270508,2.0954012870788574,-0.0007033392321318388,0.8266175389289856,1.268783688545227,0.34838932752609253,0.4051643908023834,0.5152299404144287,0.0,0.0,0.0,1.1720752716064453,2.2014660835266113,0.6589982509613037,0.0,0.0,1.24086594581604,0.15258871018886566,1.2976685762405396,2.124929428100586,0.5848826169967651,0.49014294147491455
302,train,2,0.5,0.0,19,pseudo_cycle_01_config_7,-1,0.19585038721561432,4896.259765625,8.298155784606934,0.43079501390457153,0.4276966154575348,0.42207348346710205,0.005623126868158579,0.1316007375717163,0.29047274589538574,0.19179046154022217,8.936848416851717e-08,0.09868220239877701,0.0,0.0,0.0,1.1933603286743164,2.0148122310638428,0.7673883438110352,0.0,0.0,0.8827934861183167,-0.06768018007278442,0.8648691773414612,1.9129422903060913,0.8711748123168945,0.9842687249183655
303,train,2,0.5,0.0,17,pseudo_cycle_01_config_5,-1,0.24245190620422363,6061.29736328125,12.716979026794434,0.9327520132064819,0.9409117102622986,0.932282030582428,0.008629686199128628,0.2309739738702774,0.7013080716133118,0.47417721152305603,2.1629830371239223e-07,0.22713066637516022,0.0,0.0,0.0,1.3667025566101074,1.8791193962097168,0.7152886390686035,0.0,0.0,0.8014966249465942,-0.0455496646463871,0.7905442714691162,1.8100377321243286,0.8657251000404358,0.8670071363449097
304,train,2,0.5,0.0,18,pseudo_cycle_01_config_6,-1,0.07138244807720184,1784.56103515625,1.1023401021957397,0.03754417598247528,0.028029290959239006,0.026458391919732094,0.001570899155922234,0.017650118097662926,0.008808273822069168,0.001970516284927726,0.0043984162621200085,0.002439341740682721,0.0,0.0,0.0,1.2048330307006836,1.7180862426757812,0.7152665853500366,0.0,0.0,0.23884347081184387,0.13532114028930664,0.24853964149951935,0.6037613153457642,1.884142279624939,0.7474082708358765
305,train,2,0.5,0.0,12,pseudo_cycle_01_config_0,-1,0.4181205928325653,10453.0146484375,10.74123477935791,2.336859703063965,2.317970037460327,2.391299247741699,-0.07332926988601685,0.6265199780464172,1.7647793292999268,0.48973697423934937,0.5713170766830444,0.703725278377533,0.0,0.0,0.0,1.2465046644210815,2.1873512268066406,0.6673468351364136,0.0,0.0,1.223029375076294,0.10804830491542816,1.2626731395721436,2.1676392555236816,0.591005802154541,0.485813170671463
306,train,2,0.5,0.0,19,pseudo_cycle_01_config_7,-1,0.2077733874320984,5194.3349609375,9.339262008666992,0.47362595796585083,0.4741145670413971,0.46647411584854126,0.007640449330210686,0.14838241040706635,0.3180916905403137,0.20946945250034332,9.611690643396287e-08,0.10862214863300323,0.0,0.0,0.0,1.1955416202545166,2.004833936691284,0.7561032176017761,0.0,0.0,0.8713377714157104,-0.06807132810354233,0.8535438179969788,1.8903638124465942,0.860408365726471,0.9802639484405518
307,train,2,0.5,0.0,18,pseudo_cycle_01_config_6,-1,0.1187792643904686,2969.4814453125,3.0522067546844482,0.10628844797611237,0.12052834779024124,0.11968270689249039,0.0008456419454887509,0.04277908802032471,0.07690361887216568,0.028665117919445038,0.019731206819415092,0.0285072922706604,0.0,0.0,0.0,1.0546597242355347,1.8445696830749512,0.7222370505332947,0.0,0.0,0.6417288780212402,-0.15264537930488586,0.6123418211936951,1.1992017030715942,1.1429110765457153,1.1925989389419556
308,train,2,0.5,0.0,34,pseudo_cycle_02_config_10,-1,0.19018690288066864,4754.67236328125,57.87367248535156,0.23664702475070953,0.2361748069524765,0.22600921988487244,0.010165580548346043,0.12511728703975677,0.10089192539453506,0.050340231508016586,0.015525354072451591,0.035026341676712036,0.0,0.0,0.0,1.2031458616256714,1.9804222583770752,0.46999695897102356,0.0,0.0,0.5396994948387146,0.021561939269304276,0.5431905388832092,0.8624874353408813,0.56595778465271,0.6001120209693909
309,train,2,0.5,0.0,30,pseudo_cycle_02_config_6,-1,0.2745852768421173,6864.63134765625,16.311248779296875,0.5289331078529358,0.5380005836486816,0.5284762382507324,0.009524333290755749,0.28003227710723877,0.24844396114349365,0.09879613667726517,0.05473355948925018,0.0949142649769783,0.0,0.0,0.0,1.291860818862915,2.132366895675659,0.5838291645050049,0.0,0.0,0.6277461051940918,0.0020577358081936836,0.6281335949897766,0.6521992683410645,0.6188825368881226,0.6265732049942017
310,train,2,0.5,0.0,31,pseudo_cycle_02_config_7,-1,0.1067081168293953,2667.702880859375,2.4633584022521973,0.15356989204883575,0.1439128965139389,0.14155742526054382,0.0023554719518870115,0.03812712803483009,0.10343030095100403,0.06840738654136658,3.558180239338071e-08,0.03502287343144417,0.0,0.0,0.0,1.1646658182144165,2.0833401679992676,0.8123977780342102,0.0,0.0,0.9733260869979858,-0.046232447028160095,0.9598262906074524,2.0029220581054688,0.9617927670478821,1.0254460573196411
311,train,2,0.5,0.0,31,pseudo_cycle_02_config_7,-1,0.4701818525791168,11754.5458984375,47.82604217529297,1.365488052368164,1.3666216135025024,1.3433949947357178,0.02322658710181713,0.7440178394317627,0.5993771553039551,0.222631573677063,1.4638712286796363e-07,0.37674543261528015,0.0,0.0,0.0,1.170614242553711,2.1527082920074463,0.4728562831878662,0.0,0.0,0.5296581983566284,0.02363845519721508,0.5334143042564392,0.5846742391586304,0.6097645163536072,0.989407479763031
312,train,2,0.5,0.0,26,pseudo_cycle_02_config_2,-1,0.40845608711242676,10211.4013671875,10.2504243850708,1.4742364883422852,1.4589327573776245,1.4324498176574707,0.02648298442363739,0.5796543955802917,0.8527953624725342,0.22770240902900696,0.289724200963974,0.3353687822818756,0.0,0.0,0.0,1.2084828615188599,2.1682074069976807,0.7202533483505249,0.0,0.0,1.2064827680587769,0.1147017776966095,1.2479983568191528,2.155900716781616,0.5940221548080444,0.49525147676467896
313,train,2,0.5,0.0,24,pseudo_cycle_02_config_0,-1,0.3430195152759552,8575.4873046875,7.229175090789795,1.5775151252746582,1.5829631090164185,1.601676106452942,-0.01871294341981411,0.44258633255958557,1.1590898036956787,0.3123583495616913,0.3928978741168976,0.4538336396217346,0.0,0.0,0.0,1.3083456754684448,2.142918109893799,0.7230539321899414,0.0,0.0,1.1726696491241455,0.12027591466903687,1.2149827480316162,2.1790966987609863,0.591254472732544,0.4938124418258667
314,train,2,0.5,0.0,33,pseudo_cycle_02_config_9,-1,0.3845615088939667,9614.0380859375,236.62001037597656,1.066799521446228,1.081200361251831,1.0297234058380127,0.05147690325975418,0.5411646366119385,0.48855870962142944,0.22245192527770996,1.4027421002538176e-07,0.26610663533210754,0.0,0.0,0.0,1.2727993726730347,1.9532122611999512,0.4507860541343689,0.0,0.0,0.4099797010421753,-0.03966931626200676,0.40510061383247375,0.6336813569068909,0.6648189425468445,0.7580370306968689
315,train,2,0.5,0.0,32,pseudo_cycle_02_config_8,-1,0.4294215142726898,10735.537109375,295.0444030761719,1.012868881225586,1.0098519325256348,1.0268845558166504,-0.017032651230692863,0.6008080244064331,0.42607659101486206,0.157673180103302,0.07685238867998123,0.19155102968215942,0.0,0.0,0.0,1.1332619190216064,1.9697521924972534,0.3967360556125641,0.0,0.0,0.2877373993396759,-0.07661909610033035,0.281123548746109,0.514707088470459,0.632350742816925,0.6252977252006531
316,train,2,0.5,0.0,31,pseudo_cycle_02_config_7,-1,0.16112497448921204,4028.1240234375,5.616405487060547,0.3076328635215759,0.3006969392299652,0.29841363430023193,0.002283319365233183,0.0884186401963234,0.20999500155448914,0.1391667276620865,6.74684983437146e-08,0.07082819938659668,0.0,0.0,0.0,1.1846232414245605,2.0418202877044678,0.7922430038452148,0.0,0.0,0.9106754660606384,-0.06122186407446861,0.8939494490623474,1.9578886032104492,0.8985793590545654,0.9964573383331299
317,train,2,0.5,0.0,27,pseudo_cycle_02_config_3,-1,0.10093510895967484,2523.377685546875,0.625944197177887,0.11152990907430649,0.13052956759929657,0.13254229724407196,-0.0020127245225012302,0.032845523208379745,0.09969677031040192,0.05715467780828476,4.4526878184569796e-08,0.042542051523923874,0.0,0.0,0.0,1.1213825941085815,2.013241767883301,0.8824523091316223,0.0,0.0,0.9383319020271301,-0.04074874520301819,0.9268611669540405,2.004312515258789,1.3271069526672363,1.4918737411499023
318,train,2,0.5,0.0,28,pseudo_cycle_02_config_4,-1,0.09548800438642502,2387.199951171875,1.9725607633590698,0.1195843294262886,0.11160008609294891,0.11437911540269852,-0.0027790311723947525,0.03254590183496475,0.08183321356773376,0.019998809322714806,0.03125526383519173,0.03057914227247238,0.0,0.0,0.0,1.2415401935577393,2.088221788406372,0.8956957459449768,0.0,0.0,1.0087095499038696,0.07758218795061111,1.0321868658065796,2.1747446060180664,0.5918461084365845,0.5186464786529541
319,train,2,0.5,0.0,32,pseudo_cycle_02_config_8,-1,0.46679458022117615,11669.8642578125,348.6353759765625,1.141167402267456,1.1418952941894531,1.1745072603225708,-0.032611943781375885,0.6814714074134827,0.49303582310676575,0.1813800185918808,0.08939413726329803,0.22226166725158691,0.0,0.0,0.0,1.0878227949142456,1.950426697731018,0.39355528354644775,0.0,0.0,0.2867729961872101,-0.0889601781964302,0.2791195809841156,0.5096789598464966,0.6382789611816406,0.6245565414428711
320,train,2,0.5,0.0,25,pseudo_cycle_02_config_1,-1,0.3934623897075653,9836.5595703125,9.511686325073242,2.455599069595337,2.4657020568847656,2.5865421295166016,-0.12084010243415833,0.6455024480819702,1.941039800643921,1.1667191982269287,6.671675123470777e-07,0.7743198871612549,0.0,0.0,0.0,1.450285792350769,1.6745531558990479,0.8033156991004944,0.0,0.0,0.8098482489585876,-0.07252790778875351,0.7922272682189941,1.8936073780059814,1.0109589099884033,1.2567358016967773
321,train,2,0.5,0.0,28,pseudo_cycle_02_config_4,-1,0.17234785854816437,4308.6962890625,6.426055908203125,0.33985286951065063,0.34207701683044434,0.35831591486930847,-0.016238899901509285,0.10451722145080566,0.2537986934185028,0.06821466237306595,0.08757417649030685,0.09800985455513,0.0,0.0,0.0,1.2238781452178955,2.1551811695098877,0.7780700922012329,0.0,0.0,1.030820369720459,0.06062418594956398,1.0495681762695312,2.1697425842285156,0.5583800077438354,0.4862305223941803
322,train,2,0.5,0.0,34,pseudo_cycle_02_config_10,-1,0.24306845664978027,6076.7109375,94.53160858154297,0.32825949788093567,0.3263903260231018,0.32134759426116943,0.005042732693254948,0.2152116894721985,0.10613589733839035,0.041665107011795044,0.017955848947167397,0.04651494324207306,0.0,0.0,0.0,1.2669830322265625,2.0280165672302246,0.43405571579933167,0.0,0.0,0.3946784436702728,0.04349050298333168,0.39982783794403076,0.5798017978668213,0.5756618976593018,0.6472908854484558
323,train,2,0.5,0.0,35,pseudo_cycle_02_config_11,-1,0.23878246545791626,5969.56201171875,91.2272720336914,0.3179113268852234,0.3223115801811218,0.3207422196865082,0.0015693563036620617,0.18688911199569702,0.13385310769081116,0.06485974043607712,3.795787861804456e-08,0.06899332255125046,0.0,0.0,0.0,1.140095591545105,1.9481152296066284,0.49096041917800903,0.0,0.0,0.5058663487434387,0.034299496561288834,0.5110716819763184,0.7616977691650391,0.6809640526771545,0.8102415800094604
324,train,2,0.5,0.0,25,pseudo_cycle_02_config_1,-1,0.4243159592151642,10607.8984375,11.06190299987793,2.8551156520843506,2.865809202194214,2.9557290077209473,-0.0899197980761528,0.7712700963020325,2.1844589710235596,1.3171931505203247,7.231292329379357e-07,0.8672651052474976,0.0,0.0,0.0,1.4900124073028564,1.6597023010253906,0.7862021327018738,0.0,0.0,0.8039589524269104,-0.08132760971784592,0.7843437194824219,1.873323917388916,0.981084406375885,1.2334321737289429
325,train,2,0.5,0.0,29,pseudo_cycle_02_config_5,-1,0.19263048470020294,4815.76171875,8.027544975280762,0.6189237236976624,0.6270834803581238,0.6336121559143066,-0.006528698839247227,0.14257271587848663,0.4910394251346588,0.3368549942970276,1.6080834086551477e-07,0.1541842818260193,0.0,0.0,0.0,1.3364369869232178,1.917931079864502,0.7648047208786011,0.0,0.0,0.8377751708030701,-0.044885650277137756,0.8264939188957214,1.908969759941101,0.8936662673950195,0.8737679719924927
326,train,2,0.5,0.0,32,pseudo_cycle_02_config_8,-1,0.36922487616539,9230.6220703125,218.12315368652344,0.8260601162910461,0.8185489773750305,0.8131031394004822,0.005445840302854776,0.4747418165206909,0.33836132287979126,0.12805810570716858,0.06028732284903526,0.1500159054994583,0.0,0.0,0.0,1.2112609148025513,1.9974122047424316,0.4035143256187439,0.0,0.0,0.2986963093280792,-0.044395677745342255,0.29471805691719055,0.5318993330001831,0.620568037033081,0.6231027245521545
327,train,2,0.5,0.0,24,pseudo_cycle_02_config_0,-1,0.33937305212020874,8484.326171875,7.076293468475342,1.5431479215621948,1.5494186878204346,1.5666780471801758,-0.01725936308503151,0.43432480096817017,1.1323533058166504,0.3045472204685211,0.3848196864128113,0.4429863691329956,0.0,0.0,0.0,1.3116623163223267,2.140460968017578,0.7262966632843018,0.0,0.0,1.1690531969070435,0.12061785906553268,1.2113558053970337,2.1795036792755127,0.59140944480896,0.4944647550582886
328,train,2,0.5,0.0,24,pseudo_cycle_02_config_0,-1,0.39879053831100464,9969.763671875,9.771039962768555,2.1328961849212646,2.1217033863067627,2.176074981689453,-0.054371535778045654,0.5763609409332275,1.5997141599655151,0.44134753942489624,0.5234671831130981,0.6348994374275208,0.0,0.0,0.0,1.2605700492858887,2.1766622066497803,0.679814875125885,0.0,0.0,1.2143347263336182,0.11164773255586624,1.2550081014633179,2.171151638031006,0.5908132791519165,0.487142950296402
329,train,2,0.5,0.0,27,pseudo_cycle_02_config_3,-1,0.2687202990055084,6718.00732421875,4.436618328094482,0.7682480216026306,0.7801681756973267,0.8097782135009766,-0.029610011726617813,0.25874224305152893,0.55103600025177,0.33434000611305237,1.981164814424119e-07,0.21669580042362213,0.0,0.0,0.0,1.2463170289993286,1.8199231624603271,0.8581069111824036,0.0,0.0,0.8777897953987122,-0.10655281692743301,0.8497304916381836,1.9960063695907593,1.0337464809417725,1.2936714887619019
330,train,2,0.5,0.0,25,pseudo_cycle_02_config_1,-1,0.41337037086486816,10334.2587890625,10.498560905456543,2.709681749343872,2.7202117443084717,2.8228037357330322,-0.1025920957326889,0.725088357925415,2.097715377807617,1.263476014137268,7.04218621194741e-07,0.8342385292053223,0.0,0.0,0.0,1.4759594202041626,1.6641693115234375,0.7926239371299744,0.0,0.0,0.8063002824783325,-0.07852762937545776,0.7873051762580872,1.8811633586883545,0.9921128153800964,1.2420803308486938
331,train,2,0.5,0.0,34,pseudo_cycle_02_config_10,-1,0.22329826653003693,5582.45654296875,79.77935791015625,0.2921859920024872,0.2888045310974121,0.2809252142906189,0.007879306562244892,0.17848898470401764,0.10243624448776245,0.04357533901929855,0.01684880442917347,0.042012106627225876,0.0,0.0,0.0,1.2450960874557495,2.009904623031616,0.4419216215610504,0.0,0.0,0.4397267997264862,0.052148282527923584,0.4466060698032379,0.6490508913993835,0.5678868293762207,0.6257666349411011
332,train,2,0.5,0.0,31,pseudo_cycle_02_config_7,-1,0.12060507386922836,3015.126708984375,3.1467621326446533,0.18941430747509003,0.1777045577764511,0.17583155632019043,0.0018730034353211522,0.04897315055131912,0.1268583983182907,0.08402843773365021,4.267564079896147e-08,0.04282991960644722,0.0,0.0,0.0,1.1710865497589111,2.068190336227417,0.8089519739151001,0.0,0.0,0.9493471384048462,-0.04963989928364754,0.9352094531059265,1.991152286529541,0.9375550746917725,1.0149052143096924
333,train,2,0.5,0.0,30,pseudo_cycle_02_config_6,-1,0.22961397469043732,5740.34912109375,11.40589427947998,0.35685867071151733,0.35777363181114197,0.35796546936035156,-0.0001918421476148069,0.15844936668872833,0.19951611757278442,0.08075761795043945,0.04659546911716461,0.07216303795576096,0.0,0.0,0.0,1.0453362464904785,2.0388424396514893,0.6732012033462524,0.0,0.0,0.6411883234977722,-0.20005588233470917,0.6027063131332397,0.8310099840164185,0.7122321128845215,0.7425701022148132
334,train,2,0.5,0.0,24,pseudo_cycle_02_config_0,-1,0.37925097346305847,9481.2744140625,8.836992263793945,1.9331244230270386,1.9278820753097534,1.9666979312896729,-0.03881583735346794,0.5277677178382874,1.4389302730560303,0.39424166083335876,0.4763219654560089,0.5683665871620178,0.0,0.0,0.0,1.2762964963912964,2.1654791831970215,0.6936430931091309,0.0,0.0,1.2026042938232422,0.11516052484512329,1.2441520690917969,2.1742944717407227,0.5906938910484314,0.4889071583747864
335,train,2,0.5,0.0,35,pseudo_cycle_02_config_11,-1,0.2601984441280365,6504.96142578125,108.32513427734375,0.3625371754169464,0.3683614134788513,0.36849138140678406,-0.0001299575815210119,0.22509828209877014,0.14339309930801392,0.06377869844436646,4.071990744591858e-08,0.07961437106132507,0.0,0.0,0.0,1.156444787979126,1.956787347793579,0.4789521098136902,0.0,0.0,0.4757694602012634,0.0262127872556448,0.4795108437538147,0.669318675994873,0.6691650152206421,0.8355043530464172
336,train,2,0.5,0.0,25,pseudo_cycle_02_config_1,-1,0.3802826702594757,9507.0673828125,8.885137557983398,2.2949273586273193,2.304699182510376,2.4342665672302246,-0.12956728041172028,0.5959916710853577,1.8382748365402222,1.1034826040267944,6.409655952666071e-07,0.73479163646698,0.0,0.0,0.0,1.4334721565246582,1.6827386617660522,0.8097437024116516,0.0,0.0,0.8118116855621338,-0.0680788904428482,0.7952315211296082,1.900732159614563,1.0225955247879028,1.26566743850708
337,train,2,0.5,0.0,25,pseudo_cycle_02_config_1,-1,0.354256272315979,8856.4072265625,7.710564613342285,1.9952162504196167,2.004286527633667,2.143768548965454,-0.1394820660352707,0.5056036114692688,1.6381648778915405,0.9809063673019409,5.860192118234409e-07,0.6572579145431519,0.0,0.0,0.0,1.4013196229934692,1.70113205909729,0.8210785984992981,0.0,0.0,0.8150992393493652,-0.05864729359745979,0.8007581830024719,1.9126337766647339,1.0437407493591309,1.2815632820129395
338,train,2,0.5,0.0,30,pseudo_cycle_02_config_6,-1,0.27731576561927795,6932.89404296875,16.63726234436035,0.5402491688728333,0.552107036113739,0.5426433086395264,0.009463715367019176,0.28970637917518616,0.2529368996620178,0.10054010152816772,0.055395253002643585,0.09700154513120651,0.0,0.0,0.0,1.3103009462356567,2.137078046798706,0.5782003402709961,0.0,0.0,0.6277865171432495,0.017208807170391083,0.6310275197029114,0.6462942361831665,0.6158645153045654,0.6235475540161133
339,train,2,0.5,0.0,30,pseudo_cycle_02_config_6,-1,0.2141248881816864,5353.1220703125,9.91897964477539,0.31327009201049805,0.31971725821495056,0.3234042525291443,-0.003687004093080759,0.13390874862670898,0.1894955039024353,0.07737305760383606,0.04428951069712639,0.06783292442560196,0.0,0.0,0.0,1.015866756439209,2.013453960418701,0.6948227286338806,0.0,0.0,0.652433454990387,-0.22257190942764282,0.6088694334030151,0.9176949262619019,0.7560237646102905,0.804542601108551
340,train,2,0.5,0.0,31,pseudo_cycle_02_config_7,-1,0.17139150202274323,4284.78759765625,6.354937553405762,0.34342238306999207,0.33658358454704285,0.333665132522583,0.002918447367846966,0.10028515011072159,0.23337997496128082,0.15456879138946533,7.411226476961019e-08,0.07881110906600952,0.0,0.0,0.0,1.1874632835388184,2.0344276428222656,0.7860420942306519,0.0,0.0,0.9028570652008057,-0.06373664736747742,0.8855935335159302,1.9470418691635132,0.8907565474510193,0.9927523136138916
341,train,2,0.5,0.0,29,pseudo_cycle_02_config_5,-1,0.08684856444597244,2171.214111328125,1.6317665576934814,0.14878855645656586,0.14254476130008698,0.14726616442203522,-0.0047214096412062645,0.026573827490210533,0.12069234251976013,0.0878642126917839,4.8430365495732985e-08,0.03282807394862175,0.0,0.0,0.0,1.2254369258880615,1.8892565965652466,0.8787593245506287,0.0,0.0,1.0133713483810425,-0.056309692561626434,0.9962525367736816,2.063027858734131,0.9705147743225098,0.7707942128181458
342,train,2,0.5,0.0,25,pseudo_cycle_02_config_1,-1,0.4423564374446869,11058.9111328125,12.022527694702148,3.1032872200012207,3.1140286922454834,3.179082155227661,-0.06505338847637177,0.8509817123413086,2.3281004428863525,1.4062721729278564,7.517774065490812e-07,0.9218275547027588,0.0,0.0,0.0,1.512647271156311,1.6546777486801147,0.7747119069099426,0.0,0.0,0.7993196845054626,-0.08493949472904205,0.7789515852928162,1.8585727214813232,0.9618790745735168,1.2183157205581665
343,train,2,0.5,0.0,30,pseudo_cycle_02_config_6,-1,0.24735838174819946,6183.958984375,13.23689079284668,0.418457567691803,0.4142315685749054,0.4095621705055237,0.004669411573559046,0.19626520574092865,0.21329694986343384,0.08550009876489639,0.049244433641433716,0.07855243235826492,0.0,0.0,0.0,1.115712285041809,2.0742909908294678,0.6411522030830383,0.0,0.0,0.6318683624267578,-0.14278259873390198,0.6048024296760559,0.742572546005249,0.6670652031898499,0.6822316646575928
344,train,2,0.5,0.0,35,pseudo_cycle_02_config_11,-1,0.1589537113904953,3973.842529296875,40.42603302001953,0.21185889840126038,0.20684318244457245,0.19949385523796082,0.007349323481321335,0.08144703507423401,0.1180468276143074,0.08063697069883347,3.015478000634175e-08,0.03740982711315155,0.0,0.0,0.0,1.1212334632873535,1.9708400964736938,0.5846090316772461,0.0,0.0,0.7030035257339478,0.0026711609680205584,0.70356684923172,1.5344221591949463,0.7361437082290649,0.7118628025054932
345,train,2,0.5,0.0,29,pseudo_cycle_02_config_5,-1,0.18196514248847961,4549.12890625,7.163233280181885,0.5556202530860901,0.564871072769165,0.5727792978286743,-0.0079082315787673,0.12648949027061462,0.4462898373603821,0.30701062083244324,1.48021513268759e-07,0.1392790675163269,0.0,0.0,0.0,1.3287404775619507,1.9247856140136719,0.7747346758842468,0.0,0.0,0.8449918031692505,-0.04487721994519234,0.8336155414581299,1.9262275695800781,0.899057149887085,0.8738563060760498
346,train,2,0.5,0.0,33,pseudo_cycle_02_config_9,-1,0.46752461791038513,11688.115234375,349.7267150878906,1.4779421091079712,1.4779306650161743,1.4279892444610596,0.04994143545627594,0.7988025546073914,0.6291866302490234,0.2596416175365448,1.7993185963405267e-07,0.3695448338985443,0.0,0.0,0.0,1.2711377143859863,1.9786138534545898,0.43890321254730225,0.0,0.0,0.3679991364479065,-0.07022936642169952,0.36024582386016846,0.5554999709129333,0.6578249931335449,0.7906365394592285
347,train,2,0.5,0.0,29,pseudo_cycle_02_config_5,-1,0.1593373417854309,3983.433349609375,5.492471694946289,0.4299217164516449,0.44100603461265564,0.45016083121299744,-0.009154795669019222,0.09571624547243118,0.35444459319114685,0.24537338316440582,1.2091284418147552e-07,0.10907108336687088,0.0,0.0,0.0,1.3113319873809814,1.9357939958572388,0.7955645322799683,0.0,0.0,0.8606727123260498,-0.04532560706138611,0.848969578742981,1.9602880477905273,0.9106482863426208,0.8713687658309937
348,train,2,0.5,0.0,28,pseudo_cycle_02_config_4,-1,0.16088949143886566,4022.237060546875,5.600001335144043,0.30231159925460815,0.3016095757484436,0.31481409072875977,-0.013204504735767841,0.09161646664142609,0.22319760918617249,0.05939045548439026,0.0780918225646019,0.08571532368659973,0.0,0.0,0.0,1.2310630083084106,2.166621685028076,0.794052243232727,0.0,0.0,1.022208333015442,0.06622713059186935,1.0425176620483398,2.170858383178711,0.5606778264045715,0.48866960406303406
349,train,2,0.5,0.0,34,pseudo_cycle_02_config_10,-1,0.21121512353420258,5280.37744140625,71.37890625,0.271166056394577,0.26834920048713684,0.25917720794677734,0.009171981364488602,0.15775202214717865,0.1014251708984375,0.045744460076093674,0.016295911744236946,0.03938480094075203,0.0,0.0,0.0,1.2299487590789795,1.9963034391403198,0.44948872923851013,0.0,0.0,0.4735628068447113,0.0474645234644413,0.4803060293197632,0.7129395008087158,0.5650333166122437,0.6138224601745605
350,train,2,0.5,0.0,35,pseudo_cycle_02_config_11,-1,0.18631210923194885,4657.80224609375,55.53950500488281,0.24393926560878754,0.24275648593902588,0.23670320212841034,0.006053286138921976,0.11176186054944992,0.12494134157896042,0.07784285396337509,3.298452355693371e-08,0.04709845781326294,0.0,0.0,0.0,1.1198853254318237,1.9442168474197388,0.5430952310562134,0.0,0.0,0.6225524544715881,0.02390184812247753,0.6270164847373962,1.2263704538345337,0.7176264524459839,0.742009699344635
351,train,2,0.5,0.0,27,pseudo_cycle_02_config_3,-1,0.11410769075155258,2852.692138671875,0.7999833226203918,0.16092245280742645,0.16058799624443054,0.16476088762283325,-0.004172890447080135,0.04291506111621857,0.12184583395719528,0.07087729871273041,5.156486082569245e-08,0.050968483090400696,0.0,0.0,0.0,1.1464154720306396,1.9798195362091064,0.8767427206039429,0.0,0.0,0.9287713766098022,-0.04614507779479027,0.9159138798713684,2.0012707710266113,1.2454938888549805,1.4391311407089233
352,train,2,0.5,0.0,32,pseudo_cycle_02_config_8,-1,0.41842812299728394,10460.703125,280.1312561035156,0.9770182967185974,0.9731200933456421,0.9857773780822754,-0.012657287530601025,0.5775993466377258,0.4081780016422272,0.1514391303062439,0.07349376380443573,0.18324510753154755,0.0,0.0,0.0,1.1474852561950684,1.975334882736206,0.39781492948532104,0.0,0.0,0.28867849707603455,-0.07204637676477432,0.2824390232563019,0.5167847275733948,0.6304359436035156,0.6253223419189453
353,train,2,0.5,0.0,35,pseudo_cycle_02_config_11,-1,0.1954221874475479,4885.5546875,61.10371017456055,0.2539752125740051,0.25418341159820557,0.2488345205783844,0.0053489054553210735,0.12305956333875656,0.12577494978904724,0.07526129484176636,3.376366564111777e-08,0.0505136102437973,0.0,0.0,0.0,1.1208043098449707,1.9408037662506104,0.5312902927398682,0.0,0.0,0.5978057384490967,0.029116103425621986,0.6030274629592896,1.1225714683532715,0.7109209299087524,0.7534434795379639
354,train,2,0.5,0.0,33,pseudo_cycle_02_config_9,-1,0.4448079466819763,11120.1982421875,316.5664978027344,1.3576469421386719,1.3628513813018799,1.3123365640640259,0.050514817237854004,0.725371241569519,0.5869653224945068,0.24708719551563263,1.682139725289744e-07,0.3398779332637787,0.0,0.0,0.0,1.2751972675323486,1.974801778793335,0.44169682264328003,0.0,0.0,0.37686672806739807,-0.06252465397119522,0.3697976768016815,0.5700280666351318,0.6589388251304626,0.7840954065322876
355,train,2,0.5,0.0,35,pseudo_cycle_02_config_11,-1,0.25194570422172546,6298.642578125,101.56259155273438,0.3444119989871979,0.34963545203208923,0.34913426637649536,0.0005011970060877502,0.20985202491283417,0.1392822265625,0.06387392431497574,3.959393168884162e-08,0.07540827244520187,0.0,0.0,0.0,1.149903416633606,1.953479528427124,0.48311007022857666,0.0,0.0,0.4863511919975281,0.029964957386255264,0.49072322249412537,0.6997984051704407,0.6734310984611511,0.8261679410934448
356,train,2,0.5,0.0,35,pseudo_cycle_02_config_11,-1,0.21918006241321564,5479.50146484375,76.86381530761719,0.28465068340301514,0.287673681974411,0.2843993902206421,0.0032743001356720924,0.15584369003772736,0.12855571508407593,0.06841519474983215,3.587391006476537e-08,0.06014048680663109,0.0,0.0,0.0,1.1283642053604126,1.9415183067321777,0.506104588508606,0.0,0.0,0.5418822169303894,0.03601540997624397,0.5477370619773865,0.8927825093269348,0.693733811378479,0.7848017811775208
357,train,2,0.5,0.0,25,pseudo_cycle_02_config_1,-1,0.34547165036201477,8636.791015625,7.332902908325195,1.8992284536361694,1.9080557823181152,2.0488808155059814,-0.14082500338554382,0.47725993394851685,1.5716209411621094,0.9403067231178284,5.666930178449547e-07,0.631313681602478,0.0,0.0,0.0,1.3908883333206177,1.7078272104263306,0.8245365619659424,0.0,0.0,0.8160932064056396,-0.055371951311826706,0.8025366067886353,1.91608464717865,1.050374984741211,1.2864422798156738
358,train,2,0.5,0.0,28,pseudo_cycle_02_config_4,-1,0.1434793621301651,3586.983642578125,4.453604221343994,0.24840600788593292,0.24387477338314056,0.25330767035484314,-0.009432893246412277,0.07343436032533646,0.17987331748008728,0.047056786715984344,0.06430350989103317,0.06851302832365036,0.0,0.0,0.0,1.240745186805725,2.177731513977051,0.8189915418624878,0.0,0.0,1.0106571912765503,0.07265794277191162,1.0326869487762451,2.172236442565918,0.5653040409088135,0.49328741431236267
359,train,2,0.5,0.0,34,pseudo_cycle_02_config_10,-1,0.16073957085609436,4018.4892578125,41.33952331542969,0.18883012235164642,0.18969403207302094,0.18137788772583008,0.008316148072481155,0.08662611246109009,0.09475177526473999,0.05150651931762695,0.014333304949104786,0.028911946341395378,0.0,0.0,0.0,1.1661792993545532,1.988602638244629,0.5130079984664917,0.0,0.0,0.6263701319694519,-0.02997600845992565,0.6207373142242432,1.0766375064849854,0.5840224027633667,0.6043445467948914
360,train,2,0.5,0.0,33,pseudo_cycle_02_config_9,-1,0.41854381561279297,10463.5947265625,280.28619384765625,1.2252590656280518,1.2353484630584717,1.1843465566635132,0.0510019026696682,0.6428710222244263,0.5414755344390869,0.2346491515636444,1.5545941778327688e-07,0.30682623386383057,0.0,0.0,0.0,1.2764509916305542,1.967543363571167,0.4452775716781616,0.0,0.0,0.38935214281082153,-0.0528322272002697,0.38318103551864624,0.5922262072563171,0.6608700752258301,0.7743923664093018
361,train,2,0.5,0.0,33,pseudo_cycle_02_config_9,-1,0.4008790850639343,10021.9765625,257.1263732910156,1.1408792734146118,1.1535241603851318,1.1022634506225586,0.05126070976257324,0.5891936421394348,0.513069748878479,0.2277061939239502,1.4737476305981545e-07,0.28536340594291687,0.0,0.0,0.0,1.2752443552017212,1.960797905921936,0.4479866623878479,0.0,0.0,0.39936563372612,-0.04601296782493591,0.3938528299331665,0.6115894317626953,0.6626809239387512,0.7664492130279541
362,train,2,0.5,0.0,32,pseudo_cycle_02_config_8,-1,0.4064740240573883,10161.8505859375,264.35369873046875,0.9389543533325195,0.9341636300086975,0.9421850442886353,-0.008021418936550617,0.5525269508361816,0.3896580934524536,0.14506182074546814,0.07001177221536636,0.1745845228433609,0.0,0.0,0.0,1.1631882190704346,1.9812402725219727,0.3990670144557953,0.0,0.0,0.29014796018600464,-0.0664801150560379,0.28436124324798584,0.5194680094718933,0.6282476782798767,0.6251890659332275
363,train,2,0.5,0.0,32,pseudo_cycle_02_config_8,-1,0.38040241599082947,9510.0595703125,231.52952575683594,0.8590728640556335,0.852406919002533,0.8508269786834717,0.0015799649991095066,0.498103529214859,0.3527234196662903,0.1326826959848404,0.06302815675735474,0.15701258182525635,0.0,0.0,0.0,1.1972787380218506,1.9930499792099,0.40209144353866577,0.0,0.0,0.2953837811946869,-0.05184973031282425,0.2907891273498535,0.5273635983467102,0.6230251789093018,0.624065637588501
364,train,2,0.5,0.0,27,pseudo_cycle_02_config_3,-1,0.3048190176486969,7620.4755859375,5.708673477172852,0.971641480922699,0.9916223287582397,1.0219444036483765,-0.030322065576910973,0.3421348035335541,0.6798095703125,0.41373714804649353,2.358591046913716e-07,0.26607218384742737,0.0,0.0,0.0,1.2807822227478027,1.7857927083969116,0.8474196791648865,0.0,0.0,0.8674399256706238,-0.1151953786611557,0.8374624252319336,1.9849649667739868,1.0014832019805908,1.2765203714370728
365,train,2,0.5,0.0,29,pseudo_cycle_02_config_5,-1,0.1488785594701767,3721.963623046875,4.795093059539795,0.37645745277404785,0.38797178864479065,0.3970750570297241,-0.009103257209062576,0.08301196992397308,0.31406310200691223,0.21814797818660736,1.0867122313129585e-07,0.09591501951217651,0.0,0.0,0.0,1.3026823997497559,1.9387257099151611,0.805325984954834,0.0,0.0,0.8685934543609619,-0.0458257794380188,0.8566522598266602,1.9753527641296387,0.9164263606071472,0.8685204982757568
366,train,2,0.5,0.0,34,pseudo_cycle_02_config_10,-1,0.17789264023303986,4447.31591796875,50.63324737548828,0.21700777113437653,0.21758204698562622,0.20776215195655823,0.009819891303777695,0.10802694410085678,0.09973520040512085,0.05212600156664848,0.01509622298181057,0.032512981444597244,0.0,0.0,0.0,1.18734872341156,1.9793840646743774,0.4864312708377838,0.0,0.0,0.5784330368041992,0.00023643672466278076,0.5784740447998047,0.9590324759483337,0.5709863305091858,0.598185122013092
367,train,2,0.5,0.0,24,pseudo_cycle_02_config_0,-1,0.40663373470306396,10165.8427734375,10.159161567687988,2.213878631591797,2.2008378505706787,2.2624619007110596,-0.061624035239219666,0.5964531898498535,1.666008710861206,0.46077850461006165,0.5427525639533997,0.6624776721000671,0.0,0.0,0.0,1.254676342010498,2.1810336112976074,0.6746218204498291,0.0,0.0,1.218205451965332,0.11018797010183334,1.2584749460220337,2.1697773933410645,0.5908898115158081,0.48655980825424194
368,train,2,0.5,0.0,29,pseudo_cycle_02_config_5,-1,0.11640007048845291,2910.001708984375,2.9311580657958984,0.23371168971061707,0.24305546283721924,0.25034284591674805,-0.007287385407835245,0.049514397978782654,0.2008284479379654,0.14156471192836761,7.356568687555409e-08,0.05926366150379181,0.0,0.0,0.0,1.2711217403411865,1.9343657493591309,0.8386017680168152,0.0,0.0,0.903823971748352,-0.04961546137928963,0.8903708457946777,2.022170305252075,0.939817488193512,0.8465471267700195
369,train,2,0.5,0.0,26,pseudo_cycle_02_config_2,-1,0.4201856553554535,10504.640625,10.847596168518066,1.556695818901062,1.5416969060897827,1.5164158344268799,0.025281045585870743,0.610564649105072,0.9058512449264526,0.24300234019756317,0.30514833331108093,0.35770055651664734,0.0,0.0,0.0,1.2028496265411377,2.1716995239257812,0.7110964059829712,0.0,0.0,1.2147241830825806,0.11995334923267365,1.258437156677246,2.1526005268096924,0.5928946733474731,0.4942134618759155
370,train,2,0.5,0.0,26,pseudo_cycle_02_config_2,-1,0.45821326971054077,11455.3310546875,12.89990234375,1.8198204040527344,1.8178379535675049,1.8011668920516968,0.0166710764169693,0.7158390283584595,1.0853278636932373,0.29502058029174805,0.35575684905052185,0.4345504343509674,0.0,0.0,0.0,1.1858839988708496,2.18502140045166,0.6833440661430359,0.0,0.0,1.233659029006958,0.13694120943546295,1.284340739250183,2.140167474746704,0.5890488624572754,0.4916744828224182
371,train,2,0.5,0.0,30,pseudo_cycle_02_config_6,-1,0.20370835065841675,5092.70849609375,8.977396965026855,0.2887844741344452,0.29718413949012756,0.3025285005569458,-0.005344375502318144,0.12033464014530182,0.18219387531280518,0.07472320646047592,0.042529646307229996,0.06494101136922836,0.0,0.0,0.0,1.008637547492981,1.9987002611160278,0.7060939073562622,0.0,0.0,0.6605422496795654,-0.22734910249710083,0.6154901385307312,0.9758382439613342,0.78659588098526,0.848088800907135
372,train,2,0.5,0.0,27,pseudo_cycle_02_config_3,-1,0.1312037855386734,3280.094482421875,1.0576545000076294,0.2140624076128006,0.20588932931423187,0.21258072555065155,-0.006691393908113241,0.057627901434898376,0.15495282411575317,0.09129105508327484,6.292139431707255e-08,0.06366170942783356,0.0,0.0,0.0,1.1643998622894287,1.952520489692688,0.8732521533966064,0.0,0.0,0.9193184971809387,-0.051529448479413986,0.9051069021224976,2.000547170639038,1.1842421293258667,1.3950788974761963
373,train,2,0.5,0.0,27,pseudo_cycle_02_config_3,-1,0.2851018011569977,7127.544921875,4.994028568267822,0.8568150401115417,0.8725842237472534,0.9032897353172302,-0.030705539509654045,0.29465270042419434,0.6086370348930359,0.36981120705604553,2.1560869356562762e-07,0.23882563412189484,0.0,0.0,0.0,1.2608767747879028,1.8039846420288086,0.8538378477096558,0.0,0.0,0.8732273578643799,-0.11106173694133759,0.8441327214241028,1.9917980432510376,1.0200403928756714,1.286311388015747
374,train,2,0.5,0.0,27,pseudo_cycle_02_config_3,-1,0.31217461824417114,7804.365234375,5.9875102043151855,1.017012357711792,1.0383718013763428,1.0679432153701782,-0.029571397230029106,0.3611147105693817,0.7068284749984741,0.4304417669773102,2.43092102891751e-07,0.27638646960258484,0.0,0.0,0.0,1.2888790369033813,1.7794601917266846,0.8446217179298401,0.0,0.0,0.8651580810546875,-0.11630280315876007,0.8349720239639282,1.9818366765975952,0.9938556551933289,1.2725361585617065
375,train,2,0.5,0.0,24,pseudo_cycle_02_config_0,-1,0.3652399778366089,9130.9990234375,8.1961088180542,1.7928229570388794,1.7921165227890015,1.8218789100646973,-0.029762404039502144,0.49412062764167786,1.3277583122253418,0.36169084906578064,0.4434053301811218,0.5226621031761169,0.0,0.0,0.0,1.2883636951446533,2.1570985317230225,0.704413652420044,0.0,0.0,1.1923105716705322,0.11743786185979843,1.2343173027038574,2.1763103008270264,0.590742826461792,0.49050822854042053
376,train,2,0.5,0.0,26,pseudo_cycle_02_config_2,-1,0.44751882553100586,11187.970703125,12.30477523803711,1.7468656301498413,1.7391315698623657,1.7192140817642212,0.019917437806725502,0.6854088306427002,1.033805251121521,0.28005534410476685,0.34146589040756226,0.4122840166091919,0.0,0.0,0.0,1.19038987159729,2.1809158325195312,0.6908456087112427,0.0,0.0,1.2295374870300293,0.13220492005348206,1.278302788734436,2.1439530849456787,0.590173602104187,0.49227744340896606
377,train,2,0.5,0.0,33,pseudo_cycle_02_config_9,-1,0.44231879711151123,11057.9697265625,313.0333557128906,1.3447768688201904,1.3504968881607056,1.2999286651611328,0.05056823417544365,0.7174319624900818,0.5824966430664062,0.24580861628055573,1.6696841953489638e-07,0.3366878926753998,0.0,0.0,0.0,1.2754753828048706,1.974250316619873,0.44201797246932983,0.0,0.0,0.37794020771980286,-0.06163812056183815,0.3709515333175659,0.5718547105789185,0.659089207649231,0.783278226852417
378,train,2,0.5,0.0,29,pseudo_cycle_02_config_5,-1,0.20643647015094757,5160.91162109375,9.219462394714355,0.7040081024169922,0.7107061743736267,0.7145524621009827,-0.0038463077507913113,0.16490016877651215,0.5496522784233093,0.3756968080997467,1.770845869941695e-07,0.1739553064107895,0.0,0.0,0.0,1.3458926677703857,1.9079570770263672,0.7516696453094482,0.0,0.0,0.8282824754714966,-0.04503533989191055,0.8170918822288513,1.8849676847457886,0.8865054845809937,0.8727785348892212
379,train,2,0.5,0.0,24,pseudo_cycle_02_config_0,-1,0.3130902349948883,7827.255859375,6.022684574127197,1.3041715621948242,1.3148179054260254,1.324237585067749,-0.009419642388820648,0.37622004747390747,0.9480175971984863,0.25080302357673645,0.3284558057785034,0.36875882744789124,0.0,0.0,0.0,1.3349502086639404,2.1213414669036865,0.7511077523231506,0.0,0.0,1.13971745967865,0.12168942391872406,1.18132483959198,2.181978702545166,0.5933821201324463,0.5003825426101685
380,train,2,0.5,0.0,28,pseudo_cycle_02_config_4,-1,0.11207915842533112,2801.978759765625,2.717580556869507,0.1614515632390976,0.1523875594139099,0.15704180300235748,-0.004654246848076582,0.0451216958463192,0.11192010343074799,0.02817997708916664,0.04168761521577835,0.042052507400512695,0.0,0.0,0.0,1.249389410018921,2.1541941165924072,0.8667994737625122,0.0,0.0,1.0006091594696045,0.07691186666488647,1.023696780204773,2.1740593910217285,0.5787103176116943,0.5060165524482727
381,train,2,0.5,0.0,26,pseudo_cycle_02_config_2,-1,0.477973997592926,11949.349609375,14.03652572631836,1.951372504234314,1.964851975440979,1.9561753273010254,0.008676658384501934,0.7738588452339172,1.182316541671753,0.3232303857803345,0.38216254115104675,0.4769236147403717,0.0,0.0,0.0,1.1781898736953735,2.193389415740967,0.6700707674026489,0.0,0.0,1.2388416528701782,0.145477756857872,1.2929089069366455,2.132488250732422,0.5868727564811707,0.4907556176185608
382,train,2,0.5,0.0,31,pseudo_cycle_02_config_7,-1,0.4892720878124237,12231.802734375,51.78852844238281,1.4559872150421143,1.4558699131011963,1.4375362396240234,0.018333615735173225,0.8022362589836121,0.6353000402450562,0.23224009573459625,1.5377366935354075e-07,0.40305978059768677,0.0,0.0,0.0,1.1656376123428345,2.1541755199432373,0.46647119522094727,0.0,0.0,0.5254354476928711,0.017492804676294327,0.5281928181648254,0.568422794342041,0.6051356196403503,0.9865150451660156
383,train,2,0.5,0.0,26,pseudo_cycle_02_config_2,-1,0.3928472697734833,9821.1806640625,9.481968879699707,1.3645350933074951,1.3509193658828735,1.3236740827560425,0.02724527008831501,0.5395616292953491,0.7841124534606934,0.20796693861484528,0.26941603422164917,0.3067294657230377,0.0,0.0,0.0,1.2160619497299194,2.1638290882110596,0.7328336238861084,0.0,0.0,1.1937934160232544,0.10777566581964493,1.2323919534683228,2.159939765930176,0.5955352783203125,0.4968724250793457
384,train,2,0.5,0.0,30,pseudo_cycle_02_config_6,-1,0.30517637729644775,7629.40966796875,20.148120880126953,0.6484159231185913,0.6800077557563782,0.6814613342285156,-0.0014535626396536827,0.38158291578292847,0.29987844824790955,0.11851558089256287,0.062146998941898346,0.11921588331460953,0.0,0.0,0.0,1.4251127243041992,2.156101942062378,0.5278177261352539,0.0,0.0,0.625462532043457,0.12804189324378967,0.6494881510734558,0.6058175563812256,0.6018698811531067,0.6093972325325012
385,train,2,0.5,0.0,28,pseudo_cycle_02_config_4,-1,0.12818285822868347,3204.5712890625,3.5546157360076904,0.20438189804553986,0.19714461266994476,0.20397789776325226,-0.006833288352936506,0.05890761315822601,0.14507028460502625,0.037311356514692307,0.05288095772266388,0.05487797036767006,0.0,0.0,0.0,1.2470207214355469,2.176356554031372,0.8416386246681213,0.0,0.0,1.0032635927200317,0.0758688822388649,1.0260984897613525,2.1731953620910645,0.57078617811203,0.49853745102882385
386,train,2,0.5,0.0,31,pseudo_cycle_02_config_7,-1,0.13952010869979858,3488.002685546875,4.2112040519714355,0.23917540907859802,0.23103515803813934,0.22932884097099304,0.0017063184641301632,0.06592649221420288,0.16340234875679016,0.10832356661558151,5.373961542431971e-08,0.05507873371243477,0.0,0.0,0.0,1.178008794784546,2.0556280612945557,0.8025543689727783,0.0,0.0,0.9283608794212341,-0.05507294461131096,0.9130226373672485,1.976660132408142,0.9164111614227295,1.005062222480774
387,train,2,0.5,0.0,32,pseudo_cycle_02_config_8,-1,0.4455755352973938,11139.3876953125,317.6600036621094,1.0670771598815918,1.0655149221420288,1.0891544818878174,-0.02363954856991768,0.6352858543395996,0.4538686275482178,0.16745352745056152,0.08206027746200562,0.20435483753681183,0.0,0.0,0.0,1.1129833459854126,1.9614129066467285,0.39527198672294617,0.0,0.0,0.28694915771484375,-0.0825028270483017,0.2798469364643097,0.5122014880180359,0.6350142359733582,0.6250739097595215
388,train,2,0.5,0.0,39,pseudo_cycle_03_config_3,-1,0.2788504958152771,6971.26220703125,4.777425765991211,0.836554765701294,0.8366509675979614,0.8670662641525269,-0.03041532076895237,0.28058451414108276,0.5864817500114441,0.3561599850654602,2.0898694685911323e-07,0.23032157123088837,0.0,0.0,0.0,1.2551134824752808,1.8100090026855469,0.8555726408958435,0.0,0.0,0.8749884963035583,-0.10944408178329468,0.8462598323822021,1.9935474395751953,1.0254275798797607,1.2891874313354492
389,train,2,0.5,0.0,41,pseudo_cycle_03_config_5,-1,0.12065873295068741,3016.46826171875,3.149562358856201,0.25612273812294006,0.2602042853832245,0.26782870292663574,-0.007624417077749968,0.05340321734547615,0.2144254893064499,0.15076643228530884,7.782372080100686e-08,0.06365898251533508,0.0,0.0,0.0,1.2758864164352417,1.9364866018295288,0.833804190158844,0.0,0.0,0.8974003195762634,-0.048828430473804474,0.8842546939849854,2.015923500061035,0.9360058307647705,0.8511949777603149
390,train,2,0.5,0.0,44,pseudo_cycle_03_config_8,-1,0.3262563645839691,8156.40869140625,170.30909729003906,0.692099392414093,0.694024384021759,0.6755417585372925,0.01848262920975685,0.3839622437953949,0.29157954454421997,0.11459812521934509,0.05110974982380867,0.1258716583251953,0.0,0.0,0.0,1.2546790838241577,2.007298231124878,0.40974828600883484,0.0,0.0,0.3200017511844635,-0.008578984066843987,0.31917816400527954,0.5601356625556946,0.6096805334091187,0.6152386665344238
391,train,2,0.5,0.0,47,pseudo_cycle_03_config_11,-1,0.20239870250225067,5059.96728515625,65.54434967041016,0.2637637257575989,0.26328620314598083,0.2585255801677704,0.004760614596307278,0.1321689635515213,0.12635661661624908,0.07313239574432373,3.4356816058789263e-08,0.05322418734431267,0.0,0.0,0.0,1.1222153902053833,1.9397568702697754,0.5230549573898315,0.0,0.0,0.5800091624259949,0.03218832612037659,0.585610032081604,1.047724962234497,0.7057718634605408,0.762511670589447
392,train,2,0.5,0.0,41,pseudo_cycle_03_config_5,-1,0.19964544475078583,4991.1357421875,8.62286376953125,0.6715429425239563,0.6691686511039734,0.6744676828384399,-0.005299044772982597,0.15370512008666992,0.52076256275177,0.35659143328666687,1.6913209321955947e-07,0.16417095065116882,0.0,0.0,0.0,1.3413176536560059,1.912994384765625,0.7581771612167358,0.0,0.0,0.8329851627349854,-0.044945310801267624,0.8217535614967346,1.897035837173462,0.890064001083374,0.8733752369880676
393,train,2,0.5,0.0,46,pseudo_cycle_03_config_10,-1,0.12002047896385193,3000.51171875,23.047855377197266,0.11818759143352509,0.11756612360477448,0.11342553794384003,0.004140585660934448,0.046976134181022644,0.06644940376281738,0.03550693020224571,0.011115471832454205,0.01982700079679489,0.0,0.0,0.0,1.1343021392822266,2.0398552417755127,0.5742515325546265,0.0,0.0,0.7016310095787048,-0.09192807227373123,0.6822811365127563,1.1807242631912231,0.6436668634414673,0.6593140959739685
394,train,2,0.5,0.0,39,pseudo_cycle_03_config_3,-1,0.11221182346343994,2805.295654296875,0.7736210823059082,0.1563555747270584,0.15598993003368378,0.15987390279769897,-0.0038839783519506454,0.04140065237879753,0.11847324669361115,0.06879197806119919,5.0448086597043584e-08,0.04968122020363808,0.0,0.0,0.0,1.1436471939086914,1.9837696552276611,0.8773398399353027,0.0,0.0,0.9300170540809631,-0.04554189369082451,0.9173105955123901,2.001528024673462,1.2547638416290283,1.4454933404922485
395,train,2,0.5,0.0,45,pseudo_cycle_03_config_9,-1,0.440057635307312,11001.4404296875,309.841064453125,1.3388087749481201,1.3393210172653198,1.288705825805664,0.050615210086107254,0.7102406024932861,0.5784652233123779,0.24466460943222046,1.65843488275641e-07,0.33380046486854553,0.0,0.0,0.0,1.2756998538970947,1.9737251996994019,0.4423125982284546,0.0,0.0,0.37893420457839966,-0.06082659959793091,0.3720194399356842,0.5735595226287842,0.6592310667037964,0.7825178503990173
396,train,2,0.5,0.0,45,pseudo_cycle_03_config_9,-1,0.4609876275062561,11524.69140625,340.01519775390625,1.4475831985473633,1.4444019794464111,1.3942780494689941,0.05012398585677147,0.7775024175643921,0.6167756915092468,0.25586998462677,1.764956465422074e-07,0.3609055280685425,0.0,0.0,0.0,1.2725807428359985,1.977734923362732,0.43968409299850464,0.0,0.0,0.37038758397102356,-0.06808651238679886,0.3628220558166504,0.5593168139457703,0.6581016778945923,0.7889182567596436
397,train,2,0.5,0.0,40,pseudo_cycle_03_config_4,-1,0.08585172146558762,2146.29296875,1.5945229530334473,0.0980386808514595,0.09080907702445984,0.09251150488853455,-0.0017024242551997304,0.02598084881901741,0.06653065979480743,0.015822064131498337,0.025855738669633865,0.02485285885632038,0.0,0.0,0.0,1.2260761260986328,2.0119810104370117,0.9147513508796692,0.0,0.0,1.0238080024719238,0.08075420558452606,1.048611044883728,2.174520492553711,0.6058935523033142,0.5327441692352295
398,train,2,0.5,0.0,44,pseudo_cycle_03_config_8,-1,0.413407564163208,10335.1884765625,273.44921875,0.9434881210327148,0.9566378593444824,0.9673320055007935,-0.010694148018956184,0.5670523047447205,0.400279700756073,0.1487089991569519,0.07200980931520462,0.17956089973449707,0.0,0.0,0.0,1.1540601253509521,1.9778406620025635,0.3983306288719177,0.0,0.0,0.28923481702804565,-0.06978811323642731,0.28317928314208984,0.5178529024124146,0.6295309662818909,0.6252892017364502
399,train,2,0.5,0.0,42,pseudo_cycle_03_config_6,-1,0.23440909385681152,5860.22705078125,11.887256622314453,0.36902445554733276,0.37135642766952515,0.3702777028083801,0.0010787100763991475,0.1674763709306717,0.20280131697654724,0.0818559005856514,0.04728313907980919,0.07366228848695755,0.0,0.0,0.0,1.0601487159729004,2.0477473735809326,0.6652709245681763,0.0,0.0,0.6381915807723999,-0.18822139501571655,0.6021552085876465,0.8054248690605164,0.6993310451507568,0.7248033285140991
400,train,2,0.5,0.0,36,pseudo_cycle_03_config_0,-1,0.3503928482532501,8759.8212890625,7.543302536010742,1.6596412658691406,1.6514813899993896,1.673433780670166,-0.0219524297863245,0.4594542384147644,1.2139796018600464,0.3284032642841339,0.4094168543815613,0.4761594533920288,0.0,0.0,0.0,1.3016492128372192,2.147765874862671,0.7166544795036316,0.0,0.0,1.179642677307129,0.11946676671504974,1.2219210863113403,2.178229331970215,0.5910090208053589,0.4925956428050995
401,train,2,0.5,0.0,45,pseudo_cycle_03_config_9,-1,0.41128629446029663,10282.15625,270.6501770019531,1.196588158607483,1.2013161182403564,1.1502032279968262,0.05111290514469147,0.6206222176551819,0.5295809507369995,0.23164834082126617,1.520888304185064e-07,0.2979324460029602,0.0,0.0,0.0,1.2761478424072266,1.9649578332901,0.44635581970214844,0.0,0.0,0.39329400658607483,-0.05004848912358284,0.3873888850212097,0.5996794104576111,0.6615570783615112,0.7712722420692444
402,train,2,0.5,0.0,40,pseudo_cycle_03_config_4,-1,0.10057508200407028,2514.376953125,2.188333511352539,0.1379764974117279,0.12348424643278122,0.12681768834590912,-0.0033334442414343357,0.03622836247086525,0.09058932960033417,0.022374587133526802,0.034317746758461,0.03389699384570122,0.0,0.0,0.0,1.2457475662231445,2.1152536869049072,0.8863729238510132,0.0,0.0,1.0044746398925781,0.07710929960012436,1.0277109146118164,2.174590826034546,0.5869036912918091,0.5138373970985413
403,train,2,0.5,0.0,42,pseudo_cycle_03_config_6,-1,0.29932841658592224,7483.21044921875,19.38334083557129,0.6384819149971008,0.6577489972114563,0.6552760601043701,0.002472955733537674,0.36468663811683655,0.29058942198753357,0.11503773927688599,0.060825541615486145,0.11472614109516144,0.0,0.0,0.0,1.4157484769821167,2.15694260597229,0.5372061729431152,0.0,0.0,0.6268250346183777,0.11302663385868073,0.6480793952941895,0.612331211566925,0.6026859283447266,0.6106725931167603
404,train,2,0.5,0.0,43,pseudo_cycle_03_config_7,-1,0.4507509768009186,11268.7744140625,43.95477294921875,1.2984182834625244,1.2777796983718872,1.2502739429473877,0.027505725622177124,0.6847009658813477,0.56557297706604,0.21479445695877075,1.394696624856806e-07,0.35077840089797974,0.0,0.0,0.0,1.1721676588058472,2.1480867862701416,0.4802224636077881,0.0,0.0,0.535759687423706,0.029719479382038116,0.5405364632606506,0.6069902181625366,0.6155412197113037,0.9912687540054321
405,train,2,0.5,0.0,38,pseudo_cycle_03_config_2,-1,0.45762133598327637,11440.533203125,12.866594314575195,1.8429248332977295,1.813463807106018,1.7965941429138184,0.016869621351361275,0.7141371369361877,1.0824570655822754,0.29418620467185974,0.35496553778648376,0.4333053231239319,0.0,0.0,0.0,1.1861270666122437,2.184786319732666,0.683753252029419,0.0,0.0,1.2334554195404053,0.13668102025985718,1.2840323448181152,2.140383243560791,0.5891122817993164,0.4917057752609253
406,train,2,0.5,0.0,41,pseudo_cycle_03_config_5,-1,0.1748548448085785,4371.37109375,6.614363193511963,0.5234137773513794,0.5246940851211548,0.5332217812538147,-0.008527666330337524,0.11633101850748062,0.4168907701969147,0.2873310446739197,1.3946444710200012e-07,0.12955957651138306,0.0,0.0,0.0,1.3234339952468872,1.9288264513015747,0.7812884449958801,0.0,0.0,0.849815309047699,-0.04494142159819603,0.83835768699646,1.9372402429580688,0.9026394486427307,0.8735150694847107
407,train,2,0.5,0.0,47,pseudo_cycle_03_config_11,-1,0.1992092877626419,4980.23193359375,63.49492263793945,0.26018622517585754,0.2590700685977936,0.2540366053581238,0.005033455323427916,0.12795352935791016,0.12608309090137482,0.07410912960767746,3.408462845300164e-08,0.05197392404079437,0.0,0.0,0.0,1.121489405632019,1.9400813579559326,0.5267320871353149,0.0,0.0,0.5880112051963806,0.030888071283698082,0.593459963798523,1.081309199333191,0.7081222534179688,0.758339524269104
408,train,2,0.5,0.0,42,pseudo_cycle_03_config_6,-1,0.2875780165195465,7189.44970703125,17.891389846801758,0.5895681381225586,0.604392945766449,0.5966472625732422,0.007745702285319567,0.32609274983406067,0.2705545127391815,0.1073727011680603,0.05795617401599884,0.10522564500570297,0.0,0.0,0.0,1.3714876174926758,2.150726795196533,0.5580250024795532,0.0,0.0,0.6278815269470215,0.06891634315252304,0.6408629417419434,0.6279728412628174,0.6074255108833313,0.615415632724762
409,train,2,0.5,0.0,42,pseudo_cycle_03_config_6,-1,0.11856084316968918,2964.02099609375,3.040992259979248,0.12360811233520508,0.12006603181362152,0.11917313933372498,0.000892894109711051,0.04261253401637077,0.0765606015920639,0.028511542826890945,0.019662678241729736,0.02838638238608837,0.0,0.0,0.0,1.0544281005859375,1.8437198400497437,0.7220977544784546,0.0,0.0,0.6410534381866455,-0.1521098017692566,0.6118002533912659,1.1987879276275635,1.144901990890503,1.1935253143310547
410,train,2,0.5,0.0,43,pseudo_cycle_03_config_7,-1,0.4869343340396881,12173.357421875,51.29481887817383,1.4721438884735107,1.444861650466919,1.425893783569336,0.01896790601313114,0.7951238751411438,0.6307699680328369,0.2309742420911789,1.5283960408396524e-07,0.3997955918312073,0.0,0.0,0.0,1.1664232015609741,2.1541385650634766,0.4672149419784546,0.0,0.0,0.5258720517158508,0.018244029954075813,0.5287503004074097,0.5701737999916077,0.6056534051895142,0.9869194030761719
411,train,2,0.5,0.0,47,pseudo_cycle_03_config_11,-1,0.2166757732629776,5416.89404296875,75.11739349365234,0.2820132076740265,0.2837560474872589,0.28025826811790466,0.0034977796021848917,0.1521455943584442,0.12811267375946045,0.0690421313047409,3.563483019775049e-08,0.05907050892710686,0.0,0.0,0.0,1.127199411392212,1.9409505128860474,0.508385419845581,0.0,0.0,0.5471378564834595,0.03576687350869179,0.5530086755752563,0.9133890271186829,0.6954797506332397,0.7814699411392212
412,train,2,0.5,0.0,36,pseudo_cycle_03_config_0,-1,0.4331623315811157,10829.05859375,11.527960777282715,2.5143113136291504,2.473311185836792,2.5639724731445312,-0.0906611904501915,0.6670860648155212,1.8968863487243652,0.5284879803657532,0.6091928482055664,0.7592055201530457,0.0,0.0,0.0,1.236638069152832,2.195525646209717,0.6583435535430908,0.0,0.0,1.2278584241867065,0.1052982285618782,1.266645908355713,2.164595127105713,0.5911338329315186,0.4850013256072998
413,train,2,0.5,0.0,40,pseudo_cycle_03_config_4,-1,0.16099156439304352,4024.7890625,5.6071085929870605,0.31621232628822327,0.30196160078048706,0.3151911199092865,-0.013229514472186565,0.09172817319631577,0.22346293926239014,0.05946659669280052,0.07817491888999939,0.08582141995429993,0.0,0.0,0.0,1.231001615524292,2.1665308475494385,0.793908417224884,0.0,0.0,1.022282361984253,0.0661814957857132,1.042579174041748,2.170849084854126,0.5606549382209778,0.48864591121673584
414,train,2,0.5,0.0,38,pseudo_cycle_03_config_2,-1,0.48808738589286804,12202.1845703125,14.63680362701416,2.050701856613159,2.0406382083892822,2.0371556282043457,0.003482632339000702,0.8044635057449341,1.2326922416687012,0.33788949251174927,0.39562514424324036,0.49917760491371155,0.0,0.0,0.0,1.1745549440383911,2.198033332824707,0.6635452508926392,0.0,0.0,1.2403026819229126,0.14968456327915192,1.2959990501403809,2.1281747817993164,0.5857172012329102,0.49037662148475647
415,train,2,0.5,0.0,47,pseudo_cycle_03_config_11,-1,0.2459276020526886,6148.18994140625,96.76858520507812,0.3333379328250885,0.33674463629722595,0.33576422929763794,0.0009804065339267254,0.19914396107196808,0.13662025332450867,0.06419054418802261,3.8821472259087386e-08,0.07242966443300247,0.0,0.0,0.0,1.145288109779358,1.9510095119476318,0.4864976704120636,0.0,0.0,0.49484774470329285,0.03222262114286423,0.4996313452720642,0.7258656024932861,0.6767646670341492,0.8190333843231201
416,train,2,0.5,0.0,44,pseudo_cycle_03_config_8,-1,0.3751489222049713,9378.72265625,225.1786651611328,0.8280072212219238,0.8364112377166748,0.8329934477806091,0.0034177673514932394,0.48713141679763794,0.3458620309829712,0.130455881357193,0.06172121688723564,0.15368494391441345,0.0,0.0,0.0,1.20392906665802,1.9951666593551636,0.4027506113052368,0.0,0.0,0.2968491315841675,-0.048440031707286835,0.29253530502319336,0.5293923020362854,0.6218880414962769,0.623656153678894
417,train,2,0.5,0.0,37,pseudo_cycle_03_config_1,-1,0.3735010623931885,9337.5263671875,8.571064949035645,2.2417635917663574,2.2241904735565186,2.3572473526000977,-0.13305678963661194,0.5715012550354004,1.7857460975646973,1.0712344646453857,6.270268499974918e-07,0.7145110964775085,0.0,0.0,0.0,1.4249367713928223,1.6872799396514893,0.8128638863563538,0.0,0.0,0.8127318620681763,-0.06568458676338196,0.7967166900634766,1.9040945768356323,1.0283324718475342,1.2700269222259521
418,train,2,0.5,0.0,36,pseudo_cycle_03_config_0,-1,0.39015012979507446,9753.751953125,9.352217674255371,2.059832811355591,2.035386800765991,2.0824451446533203,-0.047058381140232086,0.5546224117279053,1.527822732925415,0.42028146982192993,0.5024524331092834,0.6050887703895569,0.0,0.0,0.0,1.2673485279083252,2.1717772483825684,0.685766339302063,0.0,0.0,1.2095187902450562,0.11323218047618866,1.2506057024002075,2.1725900173187256,0.5907427072525024,0.48786383867263794
419,train,2,0.5,0.0,46,pseudo_cycle_03_config_10,-1,0.1354457139968872,3386.142578125,29.35285758972168,0.14699818193912506,0.14475679397583008,0.1394030749797821,0.005353713408112526,0.06023605167865753,0.07916701585054398,0.043283045291900635,0.012563326396048069,0.023320646956562996,0.0,0.0,0.0,1.1420576572418213,2.0180106163024902,0.553158164024353,0.0,0.0,0.6782734394073486,-0.06955597549676895,0.6641200184822083,1.1736159324645996,0.6158337593078613,0.6323371529579163
420,train,2,0.5,0.0,43,pseudo_cycle_03_config_7,-1,0.1549263745546341,3873.1591796875,5.192583084106445,0.2903864085674286,0.27985110878944397,0.27783045172691345,0.0020206491462886333,0.08162208646535873,0.19620835781097412,0.1300589144229889,6.346692060787973e-08,0.06614938378334045,0.0,0.0,0.0,1.1828211545944214,2.0459933280944824,0.7955648303031921,0.0,0.0,0.9154577851295471,-0.059543710201978683,0.89910489320755,1.963738203048706,0.9033927321434021,0.9987785816192627
421,train,2,0.5,0.0,46,pseudo_cycle_03_config_10,-1,0.24926796555519104,6231.69873046875,99.41519927978516,0.33744263648986816,0.3390079736709595,0.3349979519844055,0.004010009113699198,0.22722631692886353,0.10777164995670319,0.04145975038409233,0.01834874600172043,0.04796314984560013,0.0,0.0,0.0,1.272002100944519,2.0307705402374268,0.4322951138019562,0.0,0.0,0.3832891583442688,0.037641994655132294,0.38761746883392334,0.5651168823242188,0.5785456895828247,0.6537613868713379
422,train,2,0.5,0.0,47,pseudo_cycle_03_config_11,-1,0.28336042165756226,7084.01025390625,128.46896362304688,0.42222264409065247,0.4267655313014984,0.4285154938697815,-0.0017499494133517146,0.2711232304573059,0.1573922485113144,0.06526818871498108,4.42760530461328e-08,0.09212401509284973,0.0,0.0,0.0,1.1744931936264038,1.964694857597351,0.46966707706451416,0.0,0.0,0.4516712427139282,0.012725060805678368,0.4533955156803131,0.60835862159729,0.6590193510055542,0.8586791753768921
423,train,2,0.5,0.0,41,pseudo_cycle_03_config_5,-1,0.10556826740503311,2639.20654296875,2.411012887954712,0.20116260647773743,0.2022428959608078,0.20860514044761658,-0.006362240761518478,0.040292706340551376,0.1683124303817749,0.11959607154130936,6.336747304658275e-08,0.04871629178524017,0.0,0.0,0.0,1.257539987564087,1.9256906509399414,0.8517638444900513,0.0,0.0,0.9258794188499451,-0.052183203399181366,0.9113848209381104,2.038170576095581,0.9508938193321228,0.8302288055419922
424,train,2,0.5,0.0,37,pseudo_cycle_03_config_1,-1,0.3998218774795532,9995.546875,9.821643829345703,2.56418514251709,2.5455322265625,2.661214590072632,-0.11568225920200348,0.670299768447876,1.9909148216247559,1.1974773406982422,6.79353092891688e-07,0.7934367656707764,0.0,0.0,0.0,1.4584720134735107,1.6709518432617188,0.8000333905220032,0.0,0.0,0.808800995349884,-0.07455334067344666,0.7907113432884216,1.8898663520812988,1.0051074028015137,1.252206802368164
425,train,2,0.5,0.0,37,pseudo_cycle_03_config_1,-1,0.4304054081439972,10760.1337890625,11.381684303283691,2.970113515853882,2.948481321334839,3.0305514335632324,-0.08207008242607117,0.7976866364479065,2.2328648567199707,1.347200632095337,7.331619258366118e-07,0.8856635689735413,0.0,0.0,0.0,1.4977487325668335,1.657660722732544,0.7824527621269226,0.0,0.0,0.8025104999542236,-0.08269777148962021,0.7826007008552551,1.8686145544052124,0.9747437834739685,1.228446364402771
426,train,2,0.5,0.0,46,pseudo_cycle_03_config_10,-1,0.18995968997478485,4748.9921875,57.73548126220703,0.23667782545089722,0.23583626747131348,0.22567063570022583,0.010165638290345669,0.1247883215546608,0.10088230669498444,0.05038458853960037,0.01551769208163023,0.03498002514243126,0.0,0.0,0.0,1.2028546333312988,1.9803426265716553,0.47027313709259033,0.0,0.0,0.5404301881790161,0.021191025152802467,0.5438658595085144,0.8642739057540894,0.5660185813903809,0.6000311374664307
427,train,2,0.5,0.0,41,pseudo_cycle_03_config_5,-1,0.15945027768611908,3986.256591796875,5.500260829925537,0.4384441077709198,0.4415941536426544,0.4507475793361664,-0.00915341917425394,0.0958586111664772,0.3548889756202698,0.24567265808582306,1.2104655411349086e-07,0.10921620577573776,0.0,0.0,0.0,1.3114227056503296,1.9357537031173706,0.795460045337677,0.0,0.0,0.8605907559394836,-0.0453212633728981,0.8488898873329163,1.960123896598816,0.910588264465332,0.8713923692703247
428,train,2,0.5,0.0,45,pseudo_cycle_03_config_9,-1,0.4181958734989166,10454.896484375,279.82037353515625,1.2298927307128906,1.2337044477462769,1.182697057723999,0.05100744590163231,0.641798734664917,0.5408983826637268,0.23450078070163727,1.5529637664712936e-07,0.3063974380493164,0.0,0.0,0.0,1.2764432430267334,1.967424750328064,0.44532841444015503,0.0,0.0,0.389536052942276,-0.052699584513902664,0.3833775222301483,0.5925688743591309,0.6609014272689819,0.7742471098899841
429,train,2,0.5,0.0,39,pseudo_cycle_03_config_3,-1,0.3057331144809723,7643.32763671875,5.7429633140563965,0.9929239749908447,0.9973602890968323,1.027608871459961,-0.030248602852225304,0.34445497393608093,0.6831538677215576,0.4158039093017578,2.3676881255596527e-07,0.2673496901988983,0.0,0.0,0.0,1.2817686796188354,1.7849887609481812,0.8470845818519592,0.0,0.0,0.8671606779098511,-0.11534702032804489,0.8371533155441284,1.9845948219299316,1.0005580186843872,1.2760361433029175
430,train,2,0.5,0.0,37,pseudo_cycle_03_config_1,-1,0.4017295241355896,10043.23828125,9.915590286254883,2.588517904281616,2.569749355316162,2.683762311935425,-0.11401283740997314,0.6778534054756165,2.005908966064453,1.2067325115203857,6.829462790847174e-07,0.7991757392883301,0.0,0.0,0.0,1.4609333276748657,1.6699210405349731,0.7990248203277588,0.0,0.0,0.8084719181060791,-0.07514254003763199,0.7902467250823975,1.888702630996704,1.0033214092254639,1.2508200407028198
431,train,2,0.5,0.0,46,pseudo_cycle_03_config_10,-1,0.20544704794883728,5136.17626953125,67.53356170654297,0.2600265145301819,0.2592122554779053,0.2495872974395752,0.009624955244362354,0.14836548268795013,0.10122181475162506,0.04698936641216278,0.016065040603280067,0.038167405873537064,0.0,0.0,0.0,1.222630500793457,1.9905201196670532,0.4541217088699341,0.0,0.0,0.4910784065723419,0.042369294911623,0.49732041358947754,0.7497314214706421,0.5644372701644897,0.6089739799499512
432,train,2,0.5,0.0,47,pseudo_cycle_03_config_11,-1,0.2578440010547638,6446.099609375,106.37361145019531,0.3592774271965027,0.3628988564014435,0.3628518581390381,4.699929559137672e-05,0.2206835299730301,0.1421683430671692,0.0637679472565651,4.039087642127015e-08,0.07840035110712051,0.0,0.0,0.0,1.1545639038085938,1.955859899520874,0.48008495569229126,0.0,0.0,0.4786684811115265,0.02735414355993271,0.4825965464115143,0.6774467825889587,0.6703462600708008,0.832895815372467
433,train,2,0.5,0.0,45,pseudo_cycle_03_config_9,-1,0.38487279415130615,9621.8203125,237.00323486328125,1.0749975442886353,1.0825481414794922,1.0310752391815186,0.05147286877036095,0.5420655012130737,0.48900967836380005,0.22254088521003723,1.4040625728739542e-07,0.2664686441421509,0.0,0.0,0.0,1.2728567123413086,1.9533687829971313,0.45072951912879944,0.0,0.0,0.4097636938095093,-0.03978949040174484,0.40487241744995117,0.6332157850265503,0.6647734642028809,0.758207380771637
434,train,2,0.5,0.0,41,pseudo_cycle_03_config_5,-1,0.14474356174468994,3618.589111328125,4.532431125640869,0.3634524941444397,0.36780762672424316,0.37680262327194214,-0.008994991891086102,0.0782502293586731,0.29855239391326904,0.20767457783222198,1.0392371763146002e-07,0.0908777043223381,0.0,0.0,0.0,1.2991199493408203,1.9394137859344482,0.8092571496963501,0.0,0.0,0.8719630837440491,-0.04609186574816704,0.8599059581756592,1.9812629222869873,0.9188575744628906,0.8669940233230591
435,train,2,0.5,0.0,39,pseudo_cycle_03_config_3,-1,0.29040512442588806,7260.12744140625,5.181549072265625,0.9017251133918762,0.9037351608276367,0.9345448017120361,-0.030809633433818817,0.3069521188735962,0.6275926828384399,0.3814992606639862,2.2116010711670242e-07,0.24609318375587463,0.0,0.0,0.0,1.2659722566604614,1.7989540100097656,0.8522574305534363,0.0,0.0,0.8717093467712402,-0.11232560873031616,0.8423348069190979,1.990165114402771,1.0152959823608398,1.2837927341461182
436,train,2,0.5,0.0,36,pseudo_cycle_03_config_0,-1,0.3796205222606659,9490.5126953125,8.854222297668457,1.9510585069656372,1.931501030921936,1.970578908920288,-0.039077918976545334,0.528668224811554,1.441910743713379,0.39511460065841675,0.4772007465362549,0.5695953369140625,0.0,0.0,0.0,1.2759861946105957,2.165696382522583,0.6933690905570984,0.0,0.0,1.2028542757034302,0.11509669572114944,1.2443876266479492,2.174238681793213,0.5906943678855896,0.4888690710067749
437,train,2,0.5,0.0,39,pseudo_cycle_03_config_3,-1,0.32937654852867126,8234.4140625,6.665556907653809,1.1455025672912598,1.1530479192733765,1.1792731285095215,-0.026225240901112556,0.40833336114883423,0.7709397077560425,0.4701356291770935,2.591166605725448e-07,0.3008038103580475,0.0,0.0,0.0,1.3091567754745483,1.766090989112854,0.8371140360832214,0.0,0.0,0.859442949295044,-0.11777424067258835,0.829076886177063,1.9730526208877563,0.974288284778595,1.2624051570892334
438,train,2,0.5,0.0,38,pseudo_cycle_03_config_2,-1,0.42281708121299744,10570.4267578125,10.98388957977295,1.5962523221969604,1.5604380369186401,1.5355098247528076,0.024928247556090355,0.6175952553749084,0.917914628982544,0.2464871108531952,0.3086244761943817,0.36280304193496704,0.0,0.0,0.0,1.2016031742095947,2.172516107559204,0.7090795040130615,0.0,0.0,1.2164183855056763,0.12113425880670547,1.2606233358383179,2.151827812194824,0.5926398038864136,0.4939992427825928
439,train,2,0.5,0.0,46,pseudo_cycle_03_config_10,-1,0.18081414699554443,4520.353515625,52.30998992919922,0.22329796850681305,0.22207430005073547,0.21210908889770508,0.009965215809643269,0.11195638030767441,0.10015271604061127,0.051836781203746796,0.015202900394797325,0.033113032579422,0.0,0.0,0.0,1.1910943984985352,1.9790234565734863,0.4822705388069153,0.0,0.0,0.5694429874420166,0.005461891647428274,0.5703760385513306,0.9364178776741028,0.5694654583930969,0.5981782078742981
440,train,2,0.5,0.0,47,pseudo_cycle_03_config_11,-1,0.27268463373184204,6817.115234375,118.97101593017578,0.39482173323631287,0.398843914270401,0.39987313747406006,-0.0010292326333001256,0.24934643507003784,0.15052670240402222,0.06429315358400345,4.256651564560343e-08,0.08623351156711578,0.0,0.0,0.0,1.1663906574249268,1.961369514465332,0.47356897592544556,0.0,0.0,0.46184951066970825,0.019374694675207138,0.4645339548587799,0.6326671242713928,0.6633712649345398,0.8485678434371948
441,train,2,0.5,0.0,42,pseudo_cycle_03_config_6,-1,0.19634196162223816,4908.54931640625,8.339863777160645,0.2804441750049591,0.2819371223449707,0.28807690739631653,-0.00613977387547493,0.11171678453683853,0.1763601303100586,0.07247482985258102,0.04113718122243881,0.06274811923503876,0.0,0.0,0.0,1.0079855918884277,1.988991141319275,0.7126407027244568,0.0,0.0,0.6661224961280823,-0.22726917266845703,0.620705783367157,1.015198826789856,0.808588981628418,0.878950834274292
442,train,2,0.5,0.0,39,pseudo_cycle_03_config_3,-1,0.12866105139255524,3216.5263671875,1.017056941986084,0.21018247306346893,0.19872964918613434,0.20504719018936157,-0.006317535415291786,0.05531599745154381,0.14973118901252747,0.0880768820643425,6.109956274258366e-08,0.06165425479412079,0.0,0.0,0.0,1.1623011827468872,1.955864429473877,0.8736148476600647,0.0,0.0,0.9205487966537476,-0.050675950944423676,0.9065539240837097,2.00052547454834,1.191410779953003,1.4003777503967285
443,train,2,0.5,0.0,40,pseudo_cycle_03_config_4,-1,0.14276403188705444,3569.100830078125,4.409306526184082,0.25784432888031006,0.24160346388816833,0.2509010434150696,-0.009297575801610947,0.07272447645664215,0.17817656695842743,0.04657809063792229,0.06375407427549362,0.06784440577030182,0.0,0.0,0.0,1.2410953044891357,2.1779513359069824,0.8200331926345825,0.0,0.0,1.010240912437439,0.07286076992750168,1.0323230028152466,2.172285795211792,0.5655276775360107,0.49350476264953613
444,train,2,0.5,0.0,44,pseudo_cycle_03_config_8,-1,0.4110166132450104,10275.4150390625,270.29534912109375,0.9359908103942871,0.9488504528999329,0.9586177468299866,-0.009767267853021622,0.5620386004447937,0.39657914638519287,0.14743492007255554,0.07131405919790268,0.17783015966415405,0.0,0.0,0.0,1.1572028398513794,1.9790211915969849,0.3985813856124878,0.0,0.0,0.2895299196243286,-0.0686730220913887,0.28356504440307617,0.5183907151222229,0.6290931701660156,0.6252622604370117
445,train,2,0.5,0.0,37,pseudo_cycle_03_config_1,-1,0.43539831042289734,10884.9580078125,11.647281646728516,3.039553165435791,3.0171260833740234,3.092341423034668,-0.0752153992652893,0.819722592830658,2.2726187705993652,1.371855616569519,7.411156275338726e-07,0.9007624387741089,0.0,0.0,0.0,1.5040266513824463,1.6562426090240479,0.7792811989784241,0.0,0.0,0.8012362122535706,-0.08370958268642426,0.7811148762702942,1.8645533323287964,0.9694367051124573,1.2242684364318848
446,train,2,0.5,0.0,43,pseudo_cycle_03_config_7,-1,0.17975769937038422,4493.9423828125,6.990490913391113,0.377230167388916,0.36695414781570435,0.36331236362457275,0.003641775343567133,0.11051663756370544,0.2527957260608673,0.16729971766471863,7.946965752125834e-08,0.08549594134092331,0.0,0.0,0.0,1.1896380186080933,2.027981996536255,0.7803033590316772,0.0,0.0,0.8963485956192017,-0.06546516716480255,0.8787447214126587,1.9368778467178345,0.8843132257461548,0.9898114800453186
447,train,2,0.5,0.0,42,pseudo_cycle_03_config_6,-1,0.316061407327652,7901.53466796875,21.611040115356445,0.6974021792411804,0.7130627036094666,0.7236104011535645,-0.010547717101871967,0.40831196308135986,0.315298467874527,0.12412693351507187,0.06433616578578949,0.12683537602424622,0.0,0.0,0.0,1.4217109680175781,2.148346424102783,0.5120874643325806,0.0,0.0,0.6211299896240234,0.14455068111419678,0.648065447807312,0.5949887037277222,0.6022180318832397,0.6079713106155396
448,train,2,0.5,0.0,43,pseudo_cycle_03_config_7,-1,0.1364712417125702,3411.781005859375,4.029164791107178,0.23426032066345215,0.22192059457302094,0.22022566199302673,0.0016949394484981894,0.06302191317081451,0.15720374882221222,0.10420836508274078,5.187528984151868e-08,0.05299532786011696,0.0,0.0,0.0,1.1769862174987793,2.0574848651885986,0.8037382960319519,0.0,0.0,0.9312257766723633,-0.054169196635484695,0.9160926938056946,1.9790325164794922,0.9193004369735718,1.0064400434494019
449,train,2,0.5,0.0,46,pseudo_cycle_03_config_10,-1,0.22704820334911346,5676.205078125,82.48139190673828,0.2964342534542084,0.2955552041530609,0.2881542444229126,0.007400950882583857,0.18521074950695038,0.10294348001480103,0.043054431676864624,0.017040209844708443,0.04284883663058281,0.0,0.0,0.0,1.249660849571228,2.014070987701416,0.4400720000267029,0.0,0.0,0.4301554560661316,0.051947854459285736,0.4368591606616974,0.6328113675117493,0.5691248774528503,0.6297895312309265
450,train,2,0.5,0.0,36,pseudo_cycle_03_config_0,-1,0.3578132092952728,8945.330078125,7.866179943084717,1.7319567203521729,1.721335768699646,1.7469701766967773,-0.025634435936808586,0.47665876150131226,1.2703114748001099,0.3448798656463623,0.4262849688529968,0.49914664030075073,0.0,0.0,0.0,1.29496169090271,2.152496099472046,0.7104287147521973,0.0,0.0,1.1862022876739502,0.11851245909929276,1.2283761501312256,2.1772985458374023,0.5908424854278564,0.49149638414382935
451,train,2,0.5,0.0,40,pseudo_cycle_03_config_4,-1,0.18315693736076355,4578.92333984375,7.257373332977295,0.39178580045700073,0.3819865584373474,0.4015296995639801,-0.019543152302503586,0.11736207455396652,0.284167617559433,0.07704714685678482,0.09680049866437912,0.11031996458768845,0.0,0.0,0.0,1.216867208480835,2.1428046226501465,0.7633558511734009,0.0,0.0,1.03931725025177,0.054560404270887375,1.0563288927078247,2.168527126312256,0.5566738843917847,0.48428875207901
452,train,2,0.5,0.0,41,pseudo_cycle_03_config_5,-1,0.2092607617378235,5231.51904296875,9.473453521728516,0.7320520877838135,0.7281939387321472,0.7313566207885742,-0.0031627018470317125,0.1696765273809433,0.5616800785064697,0.3836257755756378,1.8035365201285458e-07,0.17805415391921997,0.0,0.0,0.0,1.3477468490600586,1.9058001041412354,0.7489337921142578,0.0,0.0,0.8263021111488342,-0.04507916793227196,0.8151273727416992,1.8797848224639893,0.8849997520446777,0.8724738359451294
453,train,2,0.5,0.0,36,pseudo_cycle_03_config_0,-1,0.3348870873451233,8372.1767578125,6.890454292297363,1.5126060247421265,1.508470058441162,1.5240707397460938,-0.015600735321640968,0.42423132061958313,1.099839448928833,0.2950526773929596,0.37496593594551086,0.42982080578804016,0.0,0.0,0.0,1.3157339096069336,2.137378692626953,0.7303552627563477,0.0,0.0,1.1644515991210938,0.12098110467195511,1.2067146301269531,2.1799843311309814,0.5916346311569214,0.4953170716762543
454,train,2,0.5,0.0,36,pseudo_cycle_03_config_0,-1,0.4039161801338196,10097.9033203125,10.023828506469727,2.2041678428649902,2.173337459564209,2.2323813438415527,-0.05904396250844002,0.5894520878791809,1.6429293155670166,0.4540134072303772,0.5360488295555115,0.6528671383857727,0.0,0.0,0.0,1.2566899061203003,2.1795244216918945,0.6763994693756104,0.0,0.0,1.2169177532196045,0.11069513112306595,1.2573297023773193,2.1702611446380615,0.590862512588501,0.48675471544265747
455,train,2,0.5,0.0,43,pseudo_cycle_03_config_7,-1,0.09898970276117325,2474.742431640625,2.119887351989746,0.12668661773204803,0.12748336791992188,0.12469038367271423,0.0027929828502237797,0.03268769383430481,0.09200268983840942,0.06077014282345772,3.22017363885152e-08,0.03123251534998417,0.0,0.0,0.0,1.1602895259857178,2.098451614379883,0.8139652013778687,0.0,0.0,0.9929888844490051,-0.04450080916285515,0.9797322154045105,2.011002540588379,0.9818770289421082,1.0335447788238525
456,train,2,0.5,0.0,44,pseudo_cycle_03_config_8,-1,0.3573475778102875,8933.6884765625,204.31558227539062,0.7771974802017212,0.7832648754119873,0.7739049196243286,0.009359943680465221,0.44982194900512695,0.32408297061920166,0.12362552434206009,0.05753813311457634,0.14291930198669434,0.0,0.0,0.0,1.225239872932434,2.0013866424560547,0.40511155128479004,0.0,0.0,0.30308929085731506,-0.035629916936159134,0.29984956979751587,0.5377380847930908,0.6177941560745239,0.6216608285903931
457,train,2,0.5,0.0,44,pseudo_cycle_03_config_8,-1,0.38520923256874084,9630.23046875,237.41775512695312,0.8574917316436768,0.8671760559082031,0.8673078417778015,-0.0001317757269134745,0.5081344246864319,0.35917341709136963,0.13480108976364136,0.06425327807664871,0.16011907160282135,0.0,0.0,0.0,1.191097617149353,1.9910224676132202,0.4015030264854431,0.0,0.0,0.29417547583580017,-0.054827477782964706,0.28933680057525635,0.5256528258323669,0.6240394711494446,0.6243794560432434
458,train,2,0.5,0.0,45,pseudo_cycle_03_config_9,-1,0.45809343457221985,11452.3359375,335.75921630859375,1.4323011636734009,1.4296612739562988,1.3794612884521484,0.05020001530647278,0.7681134343147278,0.6113477945327759,0.254240483045578,1.749908165038505e-07,0.35710713267326355,0.0,0.0,0.0,1.2731494903564453,1.9772911071777344,0.44003531336784363,0.0,0.0,0.37148576974868774,-0.06711822748184204,0.3640057444572449,0.561095118522644,0.658234715461731,0.7881162166595459
459,train,2,0.5,0.0,42,pseudo_cycle_03_config_6,-1,0.2192840576171875,5482.10107421875,10.402718544006348,0.32830238342285156,0.3316091001033783,0.3342559337615967,-0.0026468278374522924,0.14140728116035461,0.19284863770008087,0.07852790504693985,0.04508711397647858,0.06923361867666245,0.0,0.0,0.0,1.0228685140609741,2.021383285522461,0.6882919073104858,0.0,0.0,0.6484987139701843,-0.21743927896022797,0.6061959862709045,0.8884990215301514,0.7411612272262573,0.783339262008667
460,train,2,0.5,0.0,38,pseudo_cycle_03_config_2,-1,0.4100513756275177,10251.2841796875,10.330649375915527,1.5051157474517822,1.4701122045516968,1.4437587261199951,0.026353472843766212,0.5838180184364319,0.859940767288208,0.22976034879684448,0.29181450605392456,0.33836591243743896,0.0,0.0,0.0,1.2077112197875977,2.1686699390411377,0.7189921736717224,0.0,0.0,1.2076692581176758,0.11541450768709183,1.2494840621948242,2.1554653644561768,0.5938690900802612,0.4951018691062927
461,train,2,0.5,0.0,44,pseudo_cycle_03_config_8,-1,0.3425801396369934,8564.5029296875,187.7777862548828,0.7362393736839294,0.7403230667114258,0.7264112234115601,0.013911829330027103,0.4186527132987976,0.30775851011276245,0.11885048449039459,0.054349325597286224,0.13455872237682343,0.0,0.0,0.0,1.2407711744308472,2.005120038986206,0.40722596645355225,0.0,0.0,0.3100332021713257,-0.023496512323617935,0.307847797870636,0.5468634963035583,0.6140965819358826,0.6191413998603821
462,train,2,0.5,0.0,37,pseudo_cycle_03_config_1,-1,0.353717178106308,8842.9287109375,7.687115669250488,2.0153868198394775,1.9983066320419312,2.1378984451293945,-0.13959182798862457,0.5038329362869263,1.6340653896331787,0.9784029722213745,5.84843007800373e-07,0.6556618213653564,0.0,0.0,0.0,1.4006717205047607,1.7015371322631836,0.8212957978248596,0.0,0.0,0.8151615262031555,-0.05844680219888687,0.8008684515953064,1.9128532409667969,1.0441546440124512,1.2818692922592163
463,train,2,0.5,0.0,38,pseudo_cycle_03_config_2,-1,0.4738658666610718,11846.646484375,13.79627799987793,1.9550955295562744,1.9341520071029663,1.9235860109329224,0.010566017590463161,0.7616028785705566,1.1619831323623657,0.3173137903213501,0.37667974829673767,0.4679895341396332,0.0,0.0,0.0,1.1797224283218384,2.191568613052368,0.6727707982063293,0.0,0.0,1.238020420074463,0.14373381435871124,1.2914040088653564,2.1341631412506104,0.5873349905014038,0.4909268915653229
464,train,2,0.5,0.0,38,pseudo_cycle_03_config_2,-1,0.4496464729309082,11241.162109375,12.4220552444458,1.7869668006896973,1.754732370376587,1.7354049682617188,0.01932743936777115,0.6914094686508179,1.0439954996109009,0.28301358222961426,0.3443071246147156,0.41667482256889343,0.0,0.0,0.0,1.18947434425354,2.181708335876465,0.6893344521522522,0.0,0.0,1.230432391166687,0.1331516057252884,1.2795826196670532,2.143219232559204,0.5899529457092285,0.4921512007713318
465,train,2,0.5,0.0,39,pseudo_cycle_03_config_3,-1,0.14308437705039978,3577.109375,1.2578693628311157,0.25408226251602173,0.241193488240242,0.2496718019247055,-0.008478320203721523,0.06902359426021576,0.18064820766448975,0.1070881336927414,7.196288009936325e-08,0.07356000691652298,0.0,0.0,0.0,1.1726685762405396,1.9388456344604492,0.8719703555107117,0.0,0.0,0.9141703844070435,-0.05587546154856682,0.8988465070724487,2.000952959060669,1.1565479040145874,1.3744763135910034
466,train,2,0.5,0.0,43,pseudo_cycle_03_config_7,-1,0.47857463359832764,11964.365234375,49.548675537109375,1.4314138889312744,1.4056661128997803,1.3845093250274658,0.021156830713152885,0.7696454524993896,0.614863932132721,0.2266455441713333,1.4956606264604488e-07,0.3882182538509369,0.0,0.0,0.0,1.1688357591629028,2.1536898612976074,0.4699583947658539,0.0,0.0,0.5276109576225281,0.020938130095601082,0.5309251546859741,0.5769526362419128,0.6076140999794006,0.988254725933075
467,train,2,0.5,0.0,40,pseudo_cycle_03_config_4,-1,0.11721573770046234,2930.393310546875,2.972381591796875,0.18276174366474152,0.16614104807376862,0.17143946886062622,-0.005298422649502754,0.049349285662174225,0.1220901757478714,0.030965656042099,0.04515513405203819,0.04596937820315361,0.0,0.0,0.0,1.2493127584457397,2.164440631866455,0.8585604429244995,0.0,0.0,1.000669240951538,0.07678359746932983,1.0237196683883667,2.1737942695617676,0.5758594274520874,0.5033254027366638
468,train,2,0.5,0.0,49,pseudo_cycle_05_config_1,-1,0.45361560583114624,11340.3896484375,12.642329216003418,3.2929604053497314,3.2736873626708984,3.3208682537078857,-0.04718095064163208,0.9028599262237549,2.418008327484131,1.4620270729064941,7.67948165503185e-07,0.9559804201126099,0.0,0.0,0.0,1.526182770729065,1.6532368659973145,0.7669400572776794,0.0,0.0,0.795835554599762,-0.08643978834152222,0.7751979827880859,1.848036289215088,0.9492635726928711,1.2083814144134521
469,train,2,0.5,0.0,48,pseudo_cycle_05_config_0,-1,0.3441152274608612,8602.880859375,7.275433540344238,1.6123671531677246,1.5930875539779663,1.6122561693191528,-0.01916860230267048,0.4450792074203491,1.1671769618988037,0.31472158432006836,0.3953371047973633,0.45711827278137207,0.0,0.0,0.0,1.3073493242263794,2.1436479091644287,0.7220895290374756,0.0,0.0,1.1737346649169922,0.12016540765762329,1.2160472869873047,2.178971290588379,0.5912124514579773,0.4936232268810272
470,train,2,0.5,0.0,52,pseudo_cycle_05_config_4,-1,0.16460327804088593,4115.08154296875,5.861512184143066,0.32505160570144653,0.3145159184932709,0.3286530375480652,-0.014137119054794312,0.09571711719036102,0.23293590545654297,0.062189482152462006,0.08113104104995728,0.08961537480354309,0.0,0.0,0.0,1.2287817001342773,2.1631712913513184,0.7888326644897461,0.0,0.0,1.024937391281128,0.06451702117919922,1.044775128364563,2.170515775680542,0.5598739385604858,0.48783230781555176
471,train,2,0.5,0.0,59,pseudo_cycle_05_config_11,-1,0.2805977463722229,7014.943359375,125.97611236572266,0.412876695394516,0.4193873703479767,0.4209546148777008,-0.0015672442968934774,0.26540106534957886,0.15555354952812195,0.06497353315353394,4.382250651246977e-08,0.09057997912168503,0.0,0.0,0.0,1.1724556684494019,1.9638946056365967,0.4706234931945801,0.0,0.0,0.45416730642318726,0.014499877579510212,0.4561429023742676,0.6141263842582703,0.6600944995880127,0.8561570644378662
472,train,2,0.5,0.0,50,pseudo_cycle_05_config_2,-1,0.4306608736515045,10766.521484375,11.3951997756958,1.624250054359436,1.6166577339172363,1.5929758548736572,0.023681916296482086,0.6387676000595093,0.954208254814148,0.2569828927516937,0.31901612877845764,0.3782092332839966,0.0,0.0,0.0,1.1979374885559082,2.1750311851501465,0.7031518816947937,0.0,0.0,1.2211300134658813,0.1246570274233818,1.2667968273162842,2.14945125579834,0.5918735861778259,0.49339815974235535
473,train,2,0.5,0.0,55,pseudo_cycle_05_config_7,-1,0.47140708565711975,11785.1767578125,48.07562255859375,1.3521496057510376,1.372300386428833,1.3493678569793701,0.022932568565011024,0.7477610111236572,0.6016068458557129,0.22319573163986206,1.4684432869671582e-07,0.3784109354019165,0.0,0.0,0.0,1.170395851135254,2.152886390686035,0.47242361307144165,0.0,0.0,0.5293393731117249,0.02324548177421093,0.5330308079719543,0.5834840536117554,0.6094385981559753,0.9892516136169434
474,train,2,0.5,0.0,52,pseudo_cycle_05_config_4,-1,0.10728130489587784,2682.032470703125,2.489893913269043,0.14568963646888733,0.1400051712989807,0.14409171044826508,-0.004086545668542385,0.0413164347410202,0.10277527570724487,0.025685878470540047,0.03854406625032425,0.038545336574316025,0.0,0.0,0.0,1.2486388683319092,2.141047239303589,0.8747455477714539,0.0,0.0,1.0014420747756958,0.07695319503545761,1.0245612859725952,2.1742966175079346,0.5817577838897705,0.5089067220687866
475,train,2,0.5,0.0,51,pseudo_cycle_05_config_3,-1,0.3233344256877899,8083.3603515625,6.423252582550049,1.104196310043335,1.1118890047073364,1.139563798904419,-0.02767474763095379,0.39128726720809937,0.7482764720916748,0.4560958743095398,2.5364408884342993e-07,0.2921803295612335,0.0,0.0,0.0,1.3018289804458618,1.7705219984054565,0.8399125337600708,0.0,0.0,0.8615201711654663,-0.1174505427479744,0.8311643600463867,1.9763904809951782,0.9814508557319641,1.2660987377166748
476,train,2,0.5,0.0,58,pseudo_cycle_05_config_10,-1,0.22986795008182526,5746.69873046875,84.54281616210938,0.28673940896987915,0.30075663328170776,0.2937355935573578,0.00702105276286602,0.19034843146800995,0.10338716953992844,0.04271293058991432,0.017190154641866684,0.04348408430814743,0.0,0.0,0.0,1.2530100345611572,2.017059564590454,0.43881016969680786,0.0,0.0,0.423270583152771,0.051310282200574875,0.4297860562801361,0.6216418147087097,0.5701432228088379,0.6328651309013367
477,train,2,0.5,0.0,52,pseudo_cycle_05_config_4,-1,0.19597958028316498,4899.48974609375,8.309107780456543,0.44371965527534485,0.4315081536769867,0.45555609464645386,-0.024047939106822014,0.1334606409072876,0.32209545373916626,0.0881633311510086,0.10809998214244843,0.12583212554454803,0.0,0.0,0.0,1.208630919456482,2.1272716522216797,0.7464462518692017,0.0,0.0,1.049565315246582,0.046647872775793076,1.064253330230713,2.1668806076049805,0.5551574230194092,0.4823703169822693
478,train,2,0.5,0.0,56,pseudo_cycle_05_config_8,-1,0.27919113636016846,6979.77783203125,124.71626281738281,0.5569651126861572,0.5687525272369385,0.5403639078140259,0.02838859148323536,0.28440460562705994,0.25595927238464355,0.1092572882771492,0.0432567223906517,0.10344525426626205,0.0,0.0,0.0,1.2690989971160889,1.999638557434082,0.4187653660774231,0.0,0.0,0.3667282462120056,0.03871920332312584,0.37098807096481323,0.6298170685768127,0.5954521894454956,0.5963133573532104
479,train,2,0.5,0.0,49,pseudo_cycle_05_config_1,-1,0.4346581697463989,10866.453125,11.60771656036377,3.0178306102752686,3.0069034099578857,3.083158016204834,-0.07625465840101242,0.8164347410202026,2.266723155975342,1.3681986331939697,7.399524406537239e-07,0.8985238075256348,0.0,0.0,0.0,1.5031002759933472,1.6564377546310425,0.779757022857666,0.0,0.0,0.8014305233955383,-0.08356606215238571,0.7813388109207153,1.8651669025421143,0.9702291488647461,1.2248928546905518
480,train,2,0.5,0.0,58,pseudo_cycle_05_config_10,-1,0.245025634765625,6125.640625,96.06006622314453,0.31545987725257874,0.3303421139717102,0.3256183862686157,0.004723742138594389,0.21898813545703888,0.10663026571273804,0.041581880301237106,0.018077697604894638,0.04697069153189659,0.0,0.0,0.0,1.2687022686004639,2.029074192047119,0.433475136756897,0.0,0.0,0.3909451961517334,0.041765302419662476,0.39584359526634216,0.5748682022094727,0.5765581130981445,0.6493682861328125
481,train,2,0.5,0.0,58,pseudo_cycle_05_config_10,-1,0.18110410869121552,4527.6025390625,52.4779052734375,0.21341490745544434,0.2225169688463211,0.2125394344329834,0.009977535344660282,0.11235091090202332,0.10018851608037949,0.05180279538035393,0.015213255770504475,0.03317246586084366,0.0,0.0,0.0,1.19146728515625,1.9790089130401611,0.4818654954433441,0.0,0.0,0.5685413479804993,0.005977365653961897,0.5695608854293823,0.9341516494750977,0.5693253874778748,0.5981938242912292
482,train,2,0.5,0.0,56,pseudo_cycle_05_config_8,-1,0.3155149817466736,7887.8740234375,159.2794647216797,0.6468952298164368,0.6642656326293945,0.6430693864822388,0.02119627594947815,0.3610556125640869,0.28201377391815186,0.11243594437837601,0.0491337850689888,0.12044402956962585,0.0,0.0,0.0,1.261526107788086,2.007418155670166,0.41153573989868164,0.0,0.0,0.32811009883880615,0.0019542474765330553,0.3283024728298187,0.5712575316429138,0.6065958142280579,0.6119444370269775
483,train,2,0.5,0.0,50,pseudo_cycle_05_config_2,-1,0.47818824648857117,11954.7060546875,14.049113273620605,1.9499231576919556,1.9664543867111206,1.9578797817230225,0.008574610576033592,0.7745006680488586,1.1833791732788086,0.3235396444797516,0.3824482858181,0.4773912727832794,0.0,0.0,0.0,1.1781108379364014,2.193485736846924,0.6699306964874268,0.0,0.0,1.2388808727264404,0.1455683708190918,1.2929834127426147,2.132399559020996,0.5868484377861023,0.49074694514274597
484,train,2,0.5,0.0,52,pseudo_cycle_05_config_4,-1,0.1373865157365799,3434.662841796875,4.083390712738037,0.2328963279724121,0.2247942090034485,0.2331196814775467,-0.008325478993356228,0.06748326122760773,0.16563642024993896,0.04305126890540123,0.05967013165354729,0.06291502714157104,0.0,0.0,0.0,1.2435691356658936,2.1788129806518555,0.827913224697113,0.0,0.0,1.0073082447052002,0.07422138750553131,1.0297373533248901,2.1726412773132324,0.5673046112060547,0.4952203333377838
485,train,2,0.5,0.0,55,pseudo_cycle_05_config_7,-1,0.4630974531173706,11577.435546875,46.39567565917969,1.3156545162200928,1.333949327468872,1.3090782165527344,0.024871086701750755,0.7223723530769348,0.5867058634757996,0.21952484548091888,1.4379128288055654e-07,0.36718088388442993,0.0,0.0,0.0,1.1715974807739258,2.1514251232147217,0.4754272997379303,0.0,0.0,0.5316475033760071,0.02589583955705166,0.535777747631073,0.5920205116271973,0.6117342114448547,0.9902231693267822
486,train,2,0.5,0.0,50,pseudo_cycle_05_config_2,-1,0.40114977955818176,10028.744140625,9.886992454528809,1.4168519973754883,1.4080569744110107,1.3811068534851074,0.026950089260935783,0.5607432126998901,0.8203636407852173,0.21837271749973297,0.28018394112586975,0.32180696725845337,0.0,0.0,0.0,1.212029218673706,2.1661298274993896,0.7260887622833252,0.0,0.0,1.2007850408554077,0.11144867539405823,1.240932822227478,2.1578402519226074,0.5947253704071045,0.4959733784198761
487,train,2,0.5,0.0,54,pseudo_cycle_05_config_6,-1,0.22276043891906738,5569.0107421875,10.735167503356934,0.3320358693599701,0.34001410007476807,0.3418857753276825,-0.001871681772172451,0.1468140184879303,0.1950717568397522,0.07927732169628143,0.045604407787323,0.07019003480672836,0.0,0.0,0.0,1.0290905237197876,2.027008295059204,0.6835174560546875,0.0,0.0,0.6459340453147888,-0.21272753179073334,0.604711651802063,0.8689159154891968,0.7312839031219482,0.7693150043487549
488,train,2,0.5,0.0,50,pseudo_cycle_05_config_2,-1,0.4514997899532318,11287.494140625,12.524665832519531,1.7695021629333496,1.7683464288711548,1.7495548725128174,0.018791554495692253,0.6966580748558044,1.0528967380523682,0.2855983376502991,0.3467830419540405,0.42051541805267334,0.0,0.0,0.0,1.1886848211288452,2.1824090480804443,0.6880258321762085,0.0,0.0,1.231181263923645,0.13397464156150818,1.280665397644043,2.1425721645355225,0.5897594690322876,0.49204379320144653
489,train,2,0.5,0.0,52,pseudo_cycle_05_config_4,-1,0.18531978130340576,4632.99462890625,7.42978572845459,0.4019412696361542,0.3901732861995697,0.4104311466217041,-0.020257851108908653,0.12001143395900726,0.29041969776153564,0.07887357473373413,0.09867924451828003,0.11286688596010208,0.0,0.0,0.0,1.2154614925384521,2.14022159576416,0.7604594230651855,0.0,0.0,1.0410405397415161,0.05327298864722252,1.0576783418655396,2.168264865875244,0.5563814043998718,0.4839376211166382
490,train,2,0.5,0.0,53,pseudo_cycle_05_config_5,-1,0.16653630137443542,4163.40771484375,5.999989986419678,0.48984789848327637,0.4791203439235687,0.4880989193916321,-0.008978577330708504,0.10501592606306076,0.3830829858779907,0.26463958621025085,1.2948133587542543e-07,0.11844326555728912,0.0,0.0,0.0,1.3170416355133057,1.9329091310501099,0.7889314293861389,0.0,0.0,0.8555499315261841,-0.04510083049535751,0.8439741134643555,1.9497334957122803,0.9068794250488281,0.8726311922073364
491,train,2,0.5,0.0,59,pseudo_cycle_05_config_11,-1,0.21412432193756104,5353.10791015625,73.3587417602539,0.2794685363769531,0.2798735201358795,0.2761479318141937,0.0037256006617099047,0.14843864738941193,0.1277092844247818,0.06971487402915955,3.539655324402702e-08,0.05799437314271927,0.0,0.0,0.0,1.1261003017425537,1.9404667615890503,0.5107966661453247,0.0,0.0,0.5526496767997742,0.03539814054965973,0.5585184693336487,0.9353160858154297,0.6972799301147461,0.7780702114105225
492,train,2,0.5,0.0,57,pseudo_cycle_05_config_9,-1,0.40333181619644165,10083.294921875,260.28240966796875,1.1671313047409058,1.164676308631897,1.1134494543075562,0.051226843148469925,0.5965479612350464,0.5169014930725098,0.2285955250263214,1.4847293527964212e-07,0.2883058190345764,0.0,0.0,0.0,1.2755060195922852,1.9618263244628906,0.44759249687194824,0.0,0.0,0.39788818359375,-0.04696715250611305,0.3922818899154663,0.6086429953575134,0.6624005436897278,0.7676236033439636
493,train,2,0.5,0.0,53,pseudo_cycle_05_config_5,-1,0.16809646785259247,4202.41162109375,6.112936973571777,0.4986763298511505,0.48754552006721497,0.4964606463909149,-0.008915124461054802,0.10709147900342941,0.3893691599369049,0.26886335015296936,1.313486706067124e-07,0.1205056831240654,0.0,0.0,0.0,1.3182563781738281,1.9322010278701782,0.7874978184700012,0.0,0.0,0.8544625043869019,-0.04506362974643707,0.8429109454154968,1.9474178552627563,0.9060770869255066,0.8728408813476562
494,train,2,0.5,0.0,57,pseudo_cycle_05_config_9,-1,0.38591086864471436,9647.771484375,238.28343200683594,1.0918824672698975,1.087052345275879,1.035593032836914,0.051459312438964844,0.5450742840766907,0.49051880836486816,0.22284093499183655,1.4084771748912317e-07,0.26767775416374207,0.0,0.0,0.0,1.2730450630187988,1.953887939453125,0.45054173469543457,0.0,0.0,0.40904760360717773,-0.040191248059272766,0.40411555767059326,0.6316760778427124,0.6646232604980469,0.7587727904319763
495,train,2,0.5,0.0,53,pseudo_cycle_05_config_5,-1,0.1388610601425171,3471.526123046875,4.171513557434082,0.34417209029197693,0.33994239568710327,0.3487091064453125,-0.008766724728047848,0.07172882556915283,0.27698028087615967,0.19309580326080322,9.728309890988385e-08,0.0838843584060669,0.0,0.0,0.0,1.2938828468322754,1.93986976146698,0.8149538040161133,0.0,0.0,0.8770949244499207,-0.04655296355485916,0.8648455142974854,1.9896631240844727,0.9225126504898071,0.8643460869789124
496,train,2,0.5,0.0,53,pseudo_cycle_05_config_5,-1,0.22400040924549103,5600.01025390625,10.855012893676758,0.8483628034591675,0.8212329149246216,0.8200322389602661,0.0012006944743916392,0.1957397609949112,0.6242924928665161,0.4246162176132202,1.969491876252505e-07,0.1996760368347168,0.0,0.0,0.0,1.356886625289917,1.8941211700439453,0.7343453168869019,0.0,0.0,0.8156730532646179,-0.04533291608095169,0.80458003282547,1.850975751876831,0.8768378496170044,0.87042236328125
497,train,2,0.5,0.0,51,pseudo_cycle_05_config_3,-1,0.2928823232650757,7322.0576171875,5.27032470703125,0.9094755053520203,0.918499767780304,0.9493092894554138,-0.030809501186013222,0.31281405687332153,0.6364952325820923,0.3869912326335907,2.2372933017322794e-07,0.2495037317276001,0.0,0.0,0.0,1.2684171199798584,1.7966334819793701,0.8514837622642517,0.0,0.0,0.8709915280342102,-0.11287952214479446,0.8414964079856873,1.9893529415130615,1.0130212306976318,1.2825895547866821
498,train,2,0.5,0.0,57,pseudo_cycle_05_config_9,-1,0.44908615946769714,11227.1533203125,322.6853332519531,1.3820570707321167,1.384207844734192,1.333788275718689,0.050419580191373825,0.7390685081481934,0.5947197675704956,0.2493308186531067,1.7037267241448717e-07,0.3453887701034546,0.0,0.0,0.0,1.2746398448944092,1.9756858348846436,0.4411523640155792,0.0,0.0,0.37507086992263794,-0.0640292763710022,0.3678662180900574,0.5670058727264404,0.6586946845054626,0.7854522466659546
499,train,2,0.5,0.0,59,pseudo_cycle_05_config_11,-1,0.25172317028045654,6293.0791015625,101.38325500488281,0.3457683026790619,0.3491472005844116,0.34862858057022095,0.000518614542670548,0.20944993197917938,0.13917866349220276,0.06388180702924728,3.956465022270095e-08,0.07529681921005249,0.0,0.0,0.0,1.1497302055358887,1.9533889293670654,0.48322969675064087,0.0,0.0,0.4866534471511841,0.030055958777666092,0.49104148149490356,0.7007008790969849,0.6735509634017944,0.8259087800979614
500,train,2,0.5,0.0,54,pseudo_cycle_05_config_6,-1,0.2804560661315918,7011.4013671875,17.016193389892578,0.5512969493865967,0.568339467048645,0.5591386556625366,0.009200803004205227,0.30090227723121643,0.2582363486289978,0.10259834676980972,0.056170616298913956,0.09946736693382263,0.0,0.0,0.0,1.3306317329406738,2.141979932785034,0.5718500018119812,0.0,0.0,0.6278481483459473,0.0340455062687397,0.6342607736587524,0.640082836151123,0.6128057837486267,0.6205494403839111
501,train,2,0.5,0.0,55,pseudo_cycle_05_config_7,-1,0.1661902368068695,4154.755859375,5.9750800132751465,0.3214538097381592,0.318200021982193,0.31563612818717957,0.002563880058005452,0.09417828172445297,0.221457839012146,0.1467246413230896,7.0749273106685e-08,0.07473313063383102,0.0,0.0,0.0,1.1860469579696655,2.038248300552368,0.7892957329750061,0.0,0.0,0.9068212509155273,-0.06250979751348495,0.8898156881332397,1.952736496925354,0.8947136998176575,0.9946120977401733
502,train,2,0.5,0.0,59,pseudo_cycle_05_config_11,-1,0.308974027633667,7724.3505859375,152.74388122558594,0.4899863004684448,0.49955061078071594,0.5029013156890869,-0.0033507063053548336,0.32667070627212524,0.17623063921928406,0.06917234510183334,4.8829825516349956e-08,0.10705824196338654,0.0,0.0,0.0,1.1902230978012085,1.9699227809906006,0.4621560275554657,0.0,0.0,0.43238365650177,-0.004656363278627396,0.4317796528339386,0.5679183602333069,0.6505957841873169,0.8789688348770142
503,train,2,0.5,0.0,48,pseudo_cycle_05_config_0,-1,0.376433402299881,9410.8349609375,8.70617389678955,1.9285577535629272,1.9003539085388184,1.937212347984314,-0.036858439445495605,0.5209245681762695,1.4162877798080444,0.38761043548583984,0.46963977813720703,0.5590375661849976,0.0,0.0,0.0,1.2786765098571777,2.1638221740722656,0.6957496404647827,0.0,0.0,1.2006620168685913,0.11563953757286072,1.2423151731491089,2.174715757369995,0.590691864490509,0.4892040491104126
504,train,2,0.5,0.0,57,pseudo_cycle_05_config_9,-1,0.46058642864227295,11514.66015625,339.42364501953125,1.4393362998962402,1.4423547983169556,1.3922200202941895,0.05013472959399223,0.7761992812156677,0.6160207986831665,0.2556425929069519,1.7628633486310719e-07,0.3603779971599579,0.0,0.0,0.0,1.2726620435714722,1.9776750802993774,0.43973249197006226,0.0,0.0,0.37053826451301575,-0.06795313209295273,0.3629845082759857,0.5595600008964539,0.6581195592880249,0.7888086438179016
505,train,2,0.5,0.0,48,pseudo_cycle_05_config_0,-1,0.29987475275993347,7496.86865234375,5.52498197555542,1.2086557149887085,1.2020623683929443,1.2090660333633423,-0.007003605831414461,0.3478871285915375,0.8611788749694824,0.22558045387268066,0.3014114499092102,0.33418700098991394,0.0,0.0,0.0,1.3456146717071533,2.1105895042419434,0.7644250988960266,0.0,0.0,1.1228545904159546,0.12111550569534302,1.1636531352996826,2.1828861236572266,0.5951089262962341,0.5043838620185852
506,train,2,0.5,0.0,54,pseudo_cycle_05_config_6,-1,0.2842250466346741,7105.6259765625,17.47661781311035,0.5687055587768555,0.5876241326332092,0.5790375471115112,0.008586585521697998,0.3143126368522644,0.26472488045692444,0.10511628538370132,0.057113710790872574,0.10249488055706024,0.0,0.0,0.0,1.353316307067871,2.1470437049865723,0.5644277334213257,0.0,0.0,0.6278994083404541,0.05315190181136131,0.6379116177558899,0.6333630084991455,0.6096979379653931,0.6175680756568909
507,train,2,0.5,0.0,56,pseudo_cycle_05_config_8,-1,0.3650781214237213,9126.953125,213.25119018554688,0.7816263437271118,0.806151807308197,0.7993154525756836,0.006836368702352047,0.4660547077655792,0.33326077461242676,0.12645286321640015,0.059308528900146484,0.14749936759471893,0.0,0.0,0.0,1.2162628173828125,1.9988853931427002,0.40406185388565063,0.0,0.0,0.3001208007335663,-0.04143540561199188,0.2963901162147522,0.5338069200515747,0.6196191310882568,0.6226523518562317
508,train,2,0.5,0.0,59,pseudo_cycle_05_config_11,-1,0.241571307182312,6039.28271484375,93.37068176269531,0.3254101872444153,0.32783058285713196,0.32649362087249756,0.0013369633816182613,0.1916126310825348,0.13488098978996277,0.0645594596862793,3.828806072192492e-08,0.07032150030136108,0.0,0.0,0.0,1.1420774459838867,1.9492334127426147,0.4891583323478699,0.0,0.0,0.5014407634735107,0.03357166051864624,0.5064910054206848,0.7470374703407288,0.6792938113212585,0.8137117028236389
509,train,2,0.5,0.0,54,pseudo_cycle_05_config_6,-1,0.2475833147764206,6189.58251953125,13.26097583770752,0.40327978134155273,0.41506776213645935,0.41033676266670227,0.004730985499918461,0.19682836532592773,0.21350839734077454,0.08557591587305069,0.04928106442093849,0.07865141332149506,0.0,0.0,0.0,1.1168814897537231,2.074779748916626,0.6407029032707214,0.0,0.0,0.6317844390869141,-0.1418181210756302,0.6049048900604248,0.7415808439254761,0.6665463447570801,0.6815747022628784
510,train,2,0.5,0.0,49,pseudo_cycle_05_config_1,-1,0.4692727327346802,11731.8173828125,13.530121803283691,3.528517484664917,3.5008158683776855,3.5205140113830566,-0.019698254764080048,0.9774417877197266,2.54307222366333,1.5394188165664673,7.88111606198072e-07,1.0036524534225464,0.0,0.0,0.0,1.5438402891159058,1.6537038087844849,0.755332350730896,0.0,0.0,0.7901041507720947,-0.08740491420030594,0.7693864703178406,1.8313977718353271,0.9309722781181335,1.1940133571624756
511,train,2,0.5,0.0,53,pseudo_cycle_05_config_5,-1,0.19305214285850525,4826.30322265625,8.062727928161621,0.6475771069526672,0.6295880079269409,0.6360502243041992,-0.006462245713919401,0.1432294100522995,0.4928208291530609,0.33803993463516235,1.613112061704669e-07,0.15478074550628662,0.0,0.0,0.0,1.3367342948913574,1.9176429510116577,0.7644089460372925,0.0,0.0,0.83748859167099,-0.044888049364089966,0.826210618019104,1.9082664251327515,0.8934516310691833,0.8737514019012451
512,train,2,0.5,0.0,57,pseudo_cycle_05_config_9,-1,0.4213745594024658,10534.3642578125,284.09033203125,1.2491542100906372,1.2487717866897583,1.1978154182434082,0.05095641687512398,0.6516185402870178,0.5461968183517456,0.2358732670545578,1.5679239595556282e-07,0.31032341718673706,0.0,0.0,0.0,1.2764945030212402,1.9684816598892212,0.4448688328266144,0.0,0.0,0.38787609338760376,-0.053908418864011765,0.3816031515598297,0.5894914865493774,0.6606220602989197,0.775556206703186
513,train,2,0.5,0.0,48,pseudo_cycle_05_config_0,-1,0.37179887294769287,9294.970703125,8.493119239807129,1.8822088241577148,1.8553181886672974,1.8891080617904663,-0.03378992900252342,0.5097535848617554,1.379354476928711,0.37679556012153625,0.4587162137031555,0.543842613697052,0.0,0.0,0.0,1.282644271850586,2.161066770553589,0.6992788910865784,0.0,0.0,1.1973280906677246,0.11640682071447372,1.2391412258148193,2.17539119720459,0.5907004475593567,0.48971885442733765
514,train,2,0.5,0.0,58,pseudo_cycle_05_config_10,-1,0.20287910103797913,5071.9775390625,65.8558578491211,0.24307939410209656,0.25524741411209106,0.24546130001544952,0.009786118753254414,0.1442933827638626,0.10116791725158691,0.04756756126880646,0.01596824638545513,0.03763210400938988,0.0,0.0,0.0,1.2193657159805298,1.988232135772705,0.4564204812049866,0.0,0.0,0.49908989667892456,0.039550576359033585,0.5050116777420044,0.7673201560974121,0.5643620491027832,0.6070495843887329
515,train,2,0.5,0.0,53,pseudo_cycle_05_config_5,-1,0.0645257830619812,1613.1444091796875,0.9007397294044495,0.08276073634624481,0.0894232988357544,0.09350094944238663,-0.004077653866261244,0.013916051015257835,0.07958489656448364,0.061611518263816833,3.337581233608944e-08,0.017973341047763824,0.0,0.0,0.0,1.1625498533248901,1.7093669176101685,0.9014111757278442,0.0,0.0,1.460829257965088,0.03230663016438484,1.474987506866455,1.9563677310943604,0.8817769885063171,0.5707124471664429
516,train,2,0.5,0.0,51,pseudo_cycle_05_config_3,-1,0.33228546380996704,8307.1357421875,6.783811092376709,1.1660988330841064,1.1732136011123657,1.1986265182495117,-0.025412939488887787,0.41672125458717346,0.7819052338600159,0.476931095123291,2.616855852011213e-07,0.30497387051582336,0.0,0.0,0.0,1.312759280204773,1.7640759944915771,0.8357011079788208,0.0,0.0,0.8584116101264954,-0.11784929782152176,0.8280626535415649,1.9713388681411743,0.9707238078117371,1.2605736255645752
517,train,2,0.5,0.0,58,pseudo_cycle_05_config_10,-1,0.25510141253471375,6377.53515625,104.12273406982422,0.3354897201061249,0.3510931134223938,0.3481143116950989,0.0029787947423756123,0.23862676322460175,0.10948754847049713,0.041413966566324234,0.018736528232693672,0.049337051808834076,0.0,0.0,0.0,1.2754268646240234,2.031704902648926,0.4308105707168579,0.0,0.0,0.3737045228481293,0.03128582984209061,0.3772120177745819,0.5535842776298523,0.581352710723877,0.6594928503036499
518,train,2,0.5,0.0,52,pseudo_cycle_05_config_4,-1,0.0936700701713562,2341.751708984375,1.8981670141220093,0.11304017901420593,0.10749725252389908,0.11007847636938095,-0.002581225009635091,0.0312664732336998,0.07881200313568115,0.019178297370672226,0.03019380383193493,0.029439903795719147,0.0,0.0,0.0,1.2394795417785645,2.076627254486084,0.8991481065750122,0.0,0.0,1.0107437372207642,0.07789378613233566,1.0343629121780396,2.1747710704803467,0.5939257144927979,0.5206931829452515
519,train,2,0.5,0.0,51,pseudo_cycle_05_config_3,-1,0.31038904190063477,7759.7255859375,5.9192118644714355,1.0185072422027588,1.0269014835357666,1.0566892623901367,-0.029787825420498848,0.35644179582595825,0.7002475261688232,0.42637160420417786,2.413552806501684e-07,0.2738756835460663,0.0,0.0,0.0,1.2868798971176147,1.7809685468673706,0.8453224897384644,0.0,0.0,0.865719735622406,-0.11605782061815262,0.835577666759491,1.9826279878616333,0.9957460165023804,1.2735217809677124
520,train,2,0.5,0.0,49,pseudo_cycle_05_config_1,-1,0.40006086230278015,10001.5205078125,9.833389282226562,2.5488977432250977,2.5485599040985107,2.664036273956299,-0.11547645926475525,0.6712437868118286,1.9927926063537598,1.1986362934112549,6.798048843847937e-07,0.7941555976867676,0.0,0.0,0.0,1.4587815999984741,1.6708219051361084,0.7999076247215271,0.0,0.0,0.8087600469589233,-0.07462769746780396,0.7906532287597656,1.8897215127944946,1.0048843622207642,1.2520334720611572
521,train,2,0.5,0.0,56,pseudo_cycle_05_config_8,-1,0.34837716817855835,8709.4296875,194.1865692138672,0.7346963882446289,0.7570602893829346,0.7448910474777222,0.012169253081083298,0.43091437220573425,0.3139766454696655,0.12062401324510574,0.055571235716342926,0.13778141140937805,0.0,0.0,0.0,1.2349624633789062,2.0038340091705322,0.4063783288002014,0.0,0.0,0.3070932924747467,-0.028421156108379364,0.30447492003440857,0.5430001616477966,0.6155816912651062,0.6202356815338135
522,train,2,0.5,0.0,55,pseudo_cycle_05_config_7,-1,0.15342876315116882,3835.71875,5.092678546905518,0.27801626920700073,0.2749136984348297,0.27294397354125977,0.0019697255920618773,0.08002150803804398,0.1929224729537964,0.1278856098651886,6.250490258707941e-08,0.06503681093454361,0.0,0.0,0.0,1.182375192642212,2.0469706058502197,0.7963217496871948,0.0,0.0,0.9166346192359924,-0.05912460759282112,0.9003759026527405,1.9650853872299194,0.9045790433883667,0.9993530511856079
523,train,2,0.5,0.0,48,pseudo_cycle_05_config_0,-1,0.3349228501319885,8373.0712890625,6.8919267654418945,1.5256093740463257,1.508795142173767,1.5244085788726807,-0.015613429248332977,0.42431145906448364,1.1000970602035522,0.295127809047699,0.37504419684410095,0.4299250543117523,0.0,0.0,0.0,1.3157014846801758,2.137403964996338,0.7303225994110107,0.0,0.0,1.1644887924194336,0.12097819894552231,1.2067521810531616,2.1799802780151367,0.5916327238082886,0.49531012773513794
524,train,2,0.5,0.0,51,pseudo_cycle_05_config_3,-1,0.1075977012515068,2689.9423828125,0.7113069891929626,0.14816275238990784,0.1451747566461563,0.14833202958106995,-0.003157269209623337,0.03780815377831459,0.11052387207746506,0.0638711079955101,4.7868837782516493e-08,0.046652719378471375,0.0,0.0,0.0,1.1359039545059204,1.9944814443588257,0.8790647983551025,0.0,0.0,0.9332370758056641,-0.043925803154706955,0.9209390878677368,2.0023791790008545,1.2803688049316406,1.4625771045684814
525,train,2,0.5,0.0,58,pseudo_cycle_05_config_10,-1,0.19979821145534515,4994.955078125,63.87089920043945,0.23871447145938873,0.25055596232414246,0.24061205983161926,0.00994389783591032,0.1394939422607422,0.10111812502145767,0.04826747998595238,0.01585620455443859,0.03699444234371185,0.0,0.0,0.0,1.215442180633545,1.9857709407806396,0.45937657356262207,0.0,0.0,0.5088332295417786,0.035760533064603806,0.5142920613288879,0.789298415184021,0.5644389986991882,0.6049549579620361
526,train,2,0.5,0.0,49,pseudo_cycle_05_config_1,-1,0.4170481264591217,10426.203125,10.686203002929688,2.773547887802124,2.7686941623687744,2.867236614227295,-0.09854253381490707,0.7404166460037231,2.1268200874328613,1.2814900875091553,7.106951898094849e-07,0.8453294038772583,0.0,0.0,0.0,1.480696201324463,1.6625597476959229,0.790510892868042,0.0,0.0,0.8055488467216492,-0.07951342314481735,0.7863332629203796,1.878614902496338,0.9884604811668396,1.239220142364502
527,train,2,0.5,0.0,55,pseudo_cycle_05_config_7,-1,0.13520924746990204,3380.23095703125,3.954991102218628,0.22096304595470428,0.21820364892482758,0.2165089249610901,0.001694725826382637,0.061838988214731216,0.15466994047164917,0.1025254875421524,5.1111292975747347e-08,0.052144408226013184,0.0,0.0,0.0,1.1765536069869995,2.058258533477783,0.8042101860046387,0.0,0.0,0.9324554800987244,-0.053796447813510895,0.9174066781997681,1.9800035953521729,0.9205400347709656,1.0070286989212036
528,train,2,0.5,0.0,54,pseudo_cycle_05_config_6,-1,0.1494940221309662,3737.350341796875,4.834820747375488,0.17703476548194885,0.1853829324245453,0.1900152862071991,-0.0046323491260409355,0.06711432337760925,0.12290096282958984,0.04940385743975639,0.029248984530568123,0.04424812272191048,0.0,0.0,0.0,1.0445510149002075,1.9239920377731323,0.7314631938934326,0.0,0.0,0.6832093000411987,-0.19617187976837158,0.64300137758255,1.191260576248169,0.96419358253479,1.066941738128662
529,train,2,0.5,0.0,48,pseudo_cycle_05_config_0,-1,0.3979545831680298,9948.8642578125,9.730118751525879,2.147545099258423,2.113312244415283,2.166945695877075,-0.05363336205482483,0.5742398500442505,1.5927058458328247,0.4392937421798706,0.5214231610298157,0.6319889426231384,0.0,0.0,0.0,1.261212944984436,2.1761937141418457,0.6803798079490662,0.0,0.0,1.213894248008728,0.11180222779512405,1.2546091079711914,2.1712944507598877,0.5908056497573853,0.48720893263816833
530,train,2,0.5,0.0,56,pseudo_cycle_05_config_8,-1,0.30032879114151,7508.2197265625,144.31578063964844,0.6082863807678223,0.62328040599823,0.5986847877502441,0.024595610797405243,0.3287278711795807,0.26995694637298584,0.11030802130699158,0.04653635993599892,0.11311256140470505,0.0,0.0,0.0,1.2676655054092407,2.005645751953125,0.41428953409194946,0.0,0.0,0.34200629591941833,0.01743156462907791,0.3437948226928711,0.591205358505249,0.6020321846008301,0.606236457824707
531,train,2,0.5,0.0,55,pseudo_cycle_05_config_7,-1,0.49680095911026,12420.0234375,53.394630432128906,1.4657883644104004,1.4914493560791016,1.475222110748291,0.016227232292294502,0.8251004815101624,0.6501215696334839,0.2364722043275833,1.5683532694765745e-07,0.41364917159080505,0.0,0.0,0.0,1.1627975702285767,2.154053211212158,0.4641405940055847,0.0,0.0,0.5241641402244568,0.015085908584296703,0.5265364050865173,0.563169538974762,0.6035520434379578,0.9851246476173401
532,train,2,0.5,0.0,50,pseudo_cycle_05_config_2,-1,0.43395349383354187,10848.8369140625,11.570109367370605,1.647342562675476,1.6404091119766235,1.6173417568206787,0.023067379370331764,0.6477534174919128,0.9695882797241211,0.2614356577396393,0.3233899176120758,0.3847626745700836,0.0,0.0,0.0,1.1964250802993774,2.1761274337768555,0.7007015943527222,0.0,0.0,1.2229564189910889,0.12613536417484283,1.2692338228225708,2.1484200954437256,0.5915477275848389,0.493161678314209
533,train,2,0.5,0.0,50,pseudo_cycle_05_config_2,-1,0.49193331599235535,12298.3330078125,14.868377685546875,2.038893699645996,2.069514274597168,2.068216562271118,0.001297829789109528,0.816262423992157,1.2519540786743164,0.34349367022514343,0.4007272720336914,0.5077331066131592,0.0,0.0,0.0,1.1732200384140015,2.199855089187622,0.6611063480377197,0.0,0.0,1.240652322769165,0.15124665200710297,1.2969456911087036,2.1264595985412598,0.5852723121643066,0.49024805426597595
534,train,2,0.5,0.0,59,pseudo_cycle_05_config_11,-1,0.22463014721870422,5615.75341796875,80.73390197753906,0.2954958379268646,0.29658380150794983,0.293793261051178,0.002790541388094425,0.16409912705421448,0.1296941339969635,0.06717751175165176,3.641390478037465e-08,0.06251658499240875,0.0,0.0,0.0,1.1311815977096558,1.9430238008499146,0.501426100730896,0.0,0.0,0.5309693217277527,0.036175284534692764,0.5367317199707031,0.851061999797821,0.6900155544281006,0.7920133471488953
535,train,2,0.5,0.0,52,pseudo_cycle_05_config_4,-1,0.12060435116291046,3015.108642578125,3.146724224090576,0.18203677237033844,0.17548680305480957,0.1812344342470169,-0.005747638642787933,0.052225369960069656,0.12900906801223755,0.03286862373352051,0.04749707505106926,0.04864336922764778,0.0,0.0,0.0,1.2488713264465332,2.1694068908691406,0.8532475233078003,0.0,0.0,1.0011529922485352,0.07660894840955734,1.0241621732711792,2.173614501953125,0.5741626024246216,0.5017260313034058
536,train,2,0.5,0.0,56,pseudo_cycle_05_config_8,-1,0.3216918706893921,8042.2958984375,165.57699584960938,0.6629645824432373,0.6813064217567444,0.6616406440734863,0.019665777683258057,0.374231219291687,0.2874094247817993,0.11361518502235413,0.050255436450242996,0.1235387995839119,0.0,0.0,0.0,1.257830023765564,2.00748348236084,0.41049396991729736,0.0,0.0,0.3232853412628174,-0.004161393269896507,0.3228817582130432,0.5645982027053833,0.608386218547821,0.6139124631881714
537,train,2,0.5,0.0,56,pseudo_cycle_05_config_8,-1,0.35322290658950806,8830.572265625,199.626220703125,0.7481403946876526,0.7711696624755859,0.760501503944397,0.010668131522834301,0.4411381781101227,0.3193633556365967,0.12220741808414459,0.0566222108900547,0.1405337154865265,0.0,0.0,0.0,1.2298128604888916,2.002577066421509,0.40568751096725464,0.0,0.0,0.3048519194126129,-0.03237827867269516,0.3018907606601715,0.5400569438934326,0.6167897582054138,0.6210442185401917
538,train,2,0.5,0.0,54,pseudo_cycle_05_config_6,-1,0.21031475067138672,5257.869140625,9.569124221801758,0.3042926788330078,0.3112886846065521,0.3156527876853943,-0.004364114720374346,0.12872429192066193,0.18692851066589355,0.07646355032920837,0.043671466410160065,0.06679348647594452,0.0,0.0,0.0,1.0122392177581787,2.0078837871551514,0.6992336511611938,0.0,0.0,0.6553956270217896,-0.2251017540693283,0.6111364364624023,0.939176082611084,0.7671283483505249,0.8204019069671631
539,train,2,0.5,0.0,51,pseudo_cycle_05_config_3,-1,0.36396101117134094,9099.0244140625,8.138808250427246,1.4033913612365723,1.4082757234573364,1.4193992614746094,-0.01112354639917612,0.5157958269119263,0.9036033749580383,0.5523391962051392,2.8645482075262407e-07,0.3512638807296753,0.0,0.0,0.0,1.3543479442596436,1.7486658096313477,0.8172703981399536,0.0,0.0,0.8454124927520752,-0.11462495476007462,0.8163409233093262,1.9472719430923462,0.926770806312561,1.2383806705474854
540,train,2,0.5,0.0,57,pseudo_cycle_05_config_9,-1,0.4321866035461426,10804.6650390625,298.8563232421875,1.3000824451446533,1.3007732629776,1.2500050067901611,0.05076828598976135,0.6853635311126709,0.564641535282135,0.24081437289714813,1.6197719787669485e-07,0.32382699847221375,0.0,0.0,0.0,1.2762640714645386,1.9717158079147339,0.44336169958114624,0.0,0.0,0.38253849744796753,-0.0579552985727787,0.3758874535560608,0.579850971698761,0.6597676277160645,0.7797349691390991
541,train,2,0.5,0.0,53,pseudo_cycle_05_config_5,-1,0.2140955626964569,5352.38916015625,9.916263580322266,0.7825697660446167,0.7583997249603271,0.7602803707122803,-0.0018806586740538478,0.17801636457443237,0.5822640061378479,0.39715713262557983,1.858890925632295e-07,0.18510669469833374,0.0,0.0,0.0,1.3508487939834595,1.9020370244979858,0.744207501411438,0.0,0.0,0.8228734731674194,-0.04516036435961723,0.8117250800132751,1.8706729412078857,0.8823820352554321,0.8718817234039307
542,train,2,0.5,0.0,49,pseudo_cycle_05_config_1,-1,0.4879320561885834,12198.3017578125,14.62748908996582,3.8168132305145264,3.7772042751312256,3.761005401611328,0.016198933124542236,1.0694491863250732,2.691556215286255,1.6307108402252197,8.084659270934935e-07,1.0608445405960083,0.0,0.0,0.0,1.5624408721923828,1.6584367752075195,0.7402607202529907,0.0,0.0,0.7817477583885193,-0.08664971590042114,0.7614263296127319,1.808048963546753,0.9081791639328003,1.1762101650238037
543,train,2,0.5,0.0,51,pseudo_cycle_05_config_3,-1,0.3563843369483948,8909.6083984375,7.80348014831543,1.3440113067626953,1.3494057655334473,1.3649166822433472,-0.015510899014770985,0.49080538749694824,0.8741112947463989,0.5340840816497803,2.811077592923539e-07,0.3400268852710724,0.0,0.0,0.0,1.3441082239151,1.7510815858840942,0.8222178220748901,0.0,0.0,0.8488705158233643,-0.11614207923412323,0.8192936778068542,1.954047679901123,0.9381510615348816,1.244052767753601
544,train,2,0.5,0.0,50,pseudo_cycle_05_config_2,-1,0.08230464160442352,2057.615966796875,0.4161977767944336,0.030655743554234505,0.032042309641838074,0.033094123005867004,-0.0010518147610127926,0.015949998050928116,0.01714412309229374,0.0013694842346012592,0.009487275965511799,0.006287361960858107,0.0,0.0,0.0,0.8189814686775208,1.925780177116394,0.915228009223938,0.0,0.0,0.2538832128047943,0.18081611394882202,0.26765507459640503,1.6764588356018066,1.9792020320892334,1.2004562616348267
545,train,2,0.5,0.0,54,pseudo_cycle_05_config_6,-1,0.15341666340827942,3835.416259765625,5.091876029968262,0.18533989787101746,0.19363538920879364,0.1987561583518982,-0.005120770074427128,0.07041800767183304,0.12833815813064575,0.05184216424822807,0.030411431565880775,0.04608456790447235,0.0,0.0,0.0,1.0406407117843628,1.930690050125122,0.7313125133514404,0.0,0.0,0.6839550137519836,-0.1998281180858612,0.6429529786109924,1.1829190254211426,0.9488678574562073,1.051543951034546
546,train,2,0.5,0.0,48,pseudo_cycle_05_config_0,-1,0.32176920771598816,8044.22998046875,6.361214637756348,1.4040498733520508,1.3908319473266602,1.4023592472076416,-0.01152727473527193,0.39513930678367615,1.007219910621643,0.26803866028785706,0.34669795632362366,0.39248326420783997,0.0,0.0,0.0,1.3274660110473633,2.1279563903808594,0.7426484823226929,0.0,0.0,1.1500341892242432,0.12163441628217697,1.1919993162155151,2.1812548637390137,0.5925418138504028,0.49816375970840454
547,train,2,0.5,0.0,59,pseudo_cycle_05_config_11,-1,0.29807451367378235,7451.86279296875,142.15740966796875,0.4592460095882416,0.46768462657928467,0.47037070989608765,-0.0026860865764319897,0.3025261163711548,0.16784459352493286,0.06727433204650879,4.6817444143698594e-08,0.1005702093243599,0.0,0.0,0.0,1.1843371391296387,1.9681951999664307,0.4650925397872925,0.0,0.0,0.43981069326400757,0.0028583703096956015,0.44018781185150146,0.582642674446106,0.6538565158843994,0.8710081577301025
548,train,2,0.5,0.0,63,pseudo_cycle_06_config_3,-1,0.3912805914878845,9782.0146484375,9.406492233276367,1.6125972270965576,1.6344059705734253,1.6242609024047852,0.010145029053092003,0.6123579740524292,1.011902928352356,0.6189393997192383,3.023590977591084e-07,0.3929632604122162,0.0,0.0,0.0,1.3912042379379272,1.7487759590148926,0.7962930798530579,0.0,0.0,0.8304505944252014,-0.10443627089262009,0.8044318556785583,1.9158294200897217,0.8814953565597534,1.216355800628662
549,train,2,0.5,0.0,63,pseudo_cycle_06_config_3,-1,0.3762926757335663,9407.31640625,8.699666976928711,1.4842463731765747,1.5077005624771118,1.5102863311767578,-0.0025857624132186174,0.5581684708595276,0.952117919921875,0.5822862982749939,2.943038168723433e-07,0.3698313236236572,0.0,0.0,0.0,1.3711212873458862,1.7468633651733398,0.8084282875061035,0.0,0.0,0.8391858339309692,-0.11098980903625488,0.8112435340881348,1.9345663785934448,0.9071158170700073,1.2287136316299438
550,train,2,0.5,0.0,60,pseudo_cycle_06_config_0,-1,0.15154236555099487,3788.558837890625,1.4109746217727661,0.27528566122055054,0.2826361358165741,0.2861644923686981,-0.0035283472388982773,0.08479473739862442,0.2013697624206543,0.038987886160612106,0.07521197944879532,0.08716990053653717,0.0,0.0,0.0,1.2842894792556763,1.866721272468567,0.907475471496582,0.0,0.0,0.884143590927124,0.04705950617790222,0.8966257572174072,2.1677422523498535,0.7187404632568359,0.7559385299682617
551,train,2,0.5,0.0,68,pseudo_cycle_06_config_8,-1,0.3434750735759735,8586.8759765625,188.7601318359375,0.7424951195716858,0.7428966164588928,0.7292500734329224,0.013646525330841541,0.42054787278175354,0.3087022304534912,0.11911548674106598,0.05453544482588768,0.13505128026008606,0.0,0.0,0.0,1.2399013042449951,2.0049383640289307,0.4070935845375061,0.0,0.0,0.30955997109413147,-0.024270212277770042,0.30730605125427246,0.5462411642074585,0.6143286228179932,0.6193196177482605
552,train,2,0.5,0.0,67,pseudo_cycle_06_config_7,-1,0.12965862452983856,3241.465576171875,3.636935234069824,0.19919392466545105,0.20225483179092407,0.20053096115589142,0.0017238777363672853,0.05677090585231781,0.1437600553035736,0.09527505189180374,4.7810960523975155e-08,0.04848495498299599,0.0,0.0,0.0,1.1745867729187012,2.061748504638672,0.8061641454696655,0.0,0.0,0.9382280707359314,-0.05217169225215912,0.923543393611908,1.984230399131775,0.9263566136360168,1.0097640752792358
553,train,2,0.5,0.0,71,pseudo_cycle_06_config_11,-1,0.2521376609802246,6303.44140625,101.7174072265625,0.35346519947052,0.35005754232406616,0.3495713472366333,0.00048618734581395984,0.21019935607910156,0.13937197625637054,0.06386740505695343,3.961925543194411e-08,0.07550453394651413,0.0,0.0,0.0,1.15005362033844,1.9535577297210693,0.48300713300704956,0.0,0.0,0.48609158396720886,0.029885808005928993,0.4904497563838959,0.6990236043930054,0.6733279228210449,0.8263909816741943
554,train,2,0.5,0.0,67,pseudo_cycle_06_config_7,-1,0.15187428891658783,3796.85693359375,4.990008354187012,0.2664555609226227,0.2698310613632202,0.26790928840637207,0.0019217621302232146,0.07837729156017303,0.18953198194503784,0.12564219534397125,6.150910536462106e-08,0.06388973444700241,0.0,0.0,0.0,1.1819086074829102,2.0479736328125,0.797089159488678,0.0,0.0,0.9178682565689087,-0.058684494346380234,0.9017088413238525,1.9664597511291504,0.9058229327201843,0.9999552965164185
555,train,2,0.5,0.0,70,pseudo_cycle_06_config_10,-1,0.13814663887023926,3453.665771484375,30.535181045532227,0.14935530722141266,0.149626225233078,0.14398545026779175,0.005640768446028233,0.06277032196521759,0.08121512830257416,0.04449298232793808,0.012791943736374378,0.023930206894874573,0.0,0.0,0.0,1.1440259218215942,2.014357328414917,0.5490866303443909,0.0,0.0,0.6737189292907715,-0.06554076075553894,0.6604721546173096,1.168230652809143,0.611691951751709,0.6283237934112549
556,train,2,0.5,0.0,61,pseudo_cycle_06_config_1,-1,0.4165075719356537,10412.6884765625,10.658519744873047,2.7178404331207275,2.761540174484253,2.8606910705566406,-0.0991508811712265,0.7381516098976135,2.122539520263672,1.2788399457931519,7.097507932485314e-07,0.8436987996101379,0.0,0.0,0.0,1.480000615119934,1.6627898216247559,0.790824294090271,0.0,0.0,0.8056613206863403,-0.0793716087937355,0.7864773273468018,1.8789947032928467,0.9890004992485046,1.2396433353424072
557,train,2,0.5,0.0,63,pseudo_cycle_06_config_3,-1,0.36202552914619446,9050.638671875,8.05247688293457,1.368807315826416,1.3930766582489014,1.4053821563720703,-0.012305534444749355,0.5093356966972351,0.89604651927948,0.5476642847061157,2.8512599214991496e-07,0.34838196635246277,0.0,0.0,0.0,1.351723551750183,1.749194860458374,0.8185685276985168,0.0,0.0,0.8463202714920044,-0.11506203562021255,0.8171064853668213,1.9490723609924316,0.9297294020652771,1.2398501634597778
558,train,2,0.5,0.0,68,pseudo_cycle_06_config_8,-1,0.32720157504081726,8180.0390625,171.29733276367188,0.6958218216896057,0.6966709494590759,0.6784388422966003,0.018232133239507675,0.38597631454467773,0.2924625277519226,0.11481326073408127,0.05128943920135498,0.12635980546474457,0.0,0.0,0.0,1.253983974456787,2.0072364807128906,0.40959632396698,0.0,0.0,0.3193504214286804,-0.009481667540967464,0.3184420168399811,0.5592566132545471,0.6099454164505005,0.6154998540878296
559,train,2,0.5,0.0,60,pseudo_cycle_06_config_0,-1,0.20506241917610168,5126.560546875,2.583587884902954,0.5354315638542175,0.5291208028793335,0.5336501598358154,-0.004529352765530348,0.1640097051858902,0.36964043974876404,0.08537417650222778,0.13812793791294098,0.14613832533359528,0.0,0.0,0.0,1.3566240072250366,1.993483304977417,0.8632018566131592,0.0,0.0,0.9726127982139587,0.08853805810213089,0.9984467625617981,2.179985284805298,0.637291669845581,0.5820136666297913
560,train,2,0.5,0.0,65,pseudo_cycle_06_config_5,-1,0.18390923738479614,4597.73095703125,7.317113399505615,0.5792879462242126,0.5760424137115479,0.5837409496307373,-0.0076985168270766735,0.12934543192386627,0.4543955326080322,0.31242695450782776,1.5035946887564933e-07,0.14196842908859253,0.0,0.0,0.0,1.3301668167114258,1.9236027002334595,0.7729352712631226,0.0,0.0,0.8436778783798218,-0.04487002268433571,0.8323211073875427,1.923153042793274,0.8980783820152283,0.8738905787467957
561,train,2,0.5,0.0,64,pseudo_cycle_06_config_4,-1,0.12420590221881866,3105.1474609375,3.3374688625335693,0.18449294567108154,0.18565091490745544,0.19189974665641785,-0.006248839199542999,0.05535802245140076,0.1365417242050171,0.03494783863425255,0.05003119260072708,0.05156268924474716,0.0,0.0,0.0,1.248125433921814,2.1733617782592773,0.847688615322113,0.0,0.0,1.0019947290420532,0.076322041451931,1.0249370336532593,2.1734185218811035,0.572492241859436,0.5001503825187683
562,train,2,0.5,0.0,65,pseudo_cycle_06_config_5,-1,0.2603262960910797,6508.15673828125,14.661175727844238,1.0601469278335571,1.058618187904358,1.0407137870788574,0.017904415726661682,0.2676781415939331,0.7730355858802795,0.5190713405609131,2.3312151142818038e-07,0.25396400690078735,0.0,0.0,0.0,1.373848795890808,1.8651403188705444,0.695978045463562,0.0,0.0,0.7866335511207581,-0.045369863510131836,0.7759267091751099,1.7641582489013672,0.8538047671318054,0.863142728805542
563,train,2,0.5,0.0,71,pseudo_cycle_06_config_11,-1,0.1945880800485611,4864.70166015625,60.583213806152344,0.2612614631652832,0.2531214654445648,0.24770456552505493,0.005416888277977705,0.12199761718511581,0.12570695579051971,0.07551155984401703,3.3693037693183214e-08,0.05019536241889,0.0,0.0,0.0,1.120678424835205,1.9410160779953003,0.5323220491409302,0.0,0.0,0.6000039577484131,0.02869299426674843,0.6051687002182007,1.1318376064300537,0.7115373015403748,0.7523748874664307
564,train,2,0.5,0.0,67,pseudo_cycle_06_config_7,-1,0.20964273810386658,5241.06787109375,9.50806999206543,0.4793146550655365,0.4814598560333252,0.47345900535583496,0.008000848814845085,0.15109992027282715,0.3223590850830078,0.21217165887355804,9.711461501638041e-08,0.1101873368024826,0.0,0.0,0.0,1.1958224773406982,2.0032882690429688,0.7541942000389099,0.0,0.0,0.869401752948761,-0.0680142492055893,0.8516622185707092,1.8863648176193237,0.8586199879646301,0.9796477556228638
565,train,2,0.5,0.0,61,pseudo_cycle_06_config_1,-1,0.47102856636047363,11775.712890625,13.631559371948242,3.4819867610931396,3.5266001224517822,3.5430490970611572,-0.016449015587568283,0.9859662055969238,2.5570828914642334,1.548067331314087,7.901992944425729e-07,1.0090147256851196,0.0,0.0,0.0,1.5457159280776978,1.6539483070373535,0.7539717555046082,0.0,0.0,0.7893913388252258,-0.08742499351501465,0.7686876058578491,1.8293733596801758,0.9288707971572876,1.1923669576644897
566,train,2,0.5,0.0,69,pseudo_cycle_06_config_9,-1,0.3885871469974518,9714.6787109375,241.5998992919922,1.0970351696014404,1.098730206489563,1.0473058223724365,0.05142442137002945,0.5528631210327148,0.49444276094436646,0.22363734245300293,1.4199238762557798e-07,0.2708052694797516,0.0,0.0,0.0,1.2735114097595215,1.9552031755447388,0.45006439089775085,0.0,0.0,0.4072287976741791,-0.04122881963849068,0.4021919369697571,0.6277994513511658,0.6642450094223022,0.7602101564407349
567,train,2,0.5,0.0,66,pseudo_cycle_06_config_6,-1,0.28366923332214355,7091.73046875,17.40833282470703,0.583582878112793,0.5848035216331482,0.5761047601699829,0.008698748424649239,0.31234267354011536,0.26376208662986755,0.10474298149347305,0.05697416886687279,0.10204494744539261,0.0,0.0,0.0,1.350109338760376,2.146357536315918,0.5655076503753662,0.0,0.0,0.6278953552246094,0.050420504063367844,0.6373929977416992,0.6343075037002563,0.6101188659667969,0.6179685592651367
568,train,2,0.5,0.0,60,pseudo_cycle_06_config_0,-1,0.15940792858600616,3985.197998046875,1.5612444877624512,0.3061290979385376,0.312167763710022,0.31607964634895325,-0.003911885898560286,0.09488643705844879,0.22119320929050446,0.04444042220711708,0.08297642320394516,0.09377636015415192,0.0,0.0,0.0,1.2988123893737793,1.8899213075637817,0.9019101858139038,0.0,0.0,0.8966571688652039,0.054430317133665085,0.9112987518310547,2.170153856277466,0.7007221579551697,0.7142459154129028
569,train,2,0.5,0.0,60,pseudo_cycle_06_config_0,-1,0.25970518589019775,6492.6298828125,4.1439290046691895,0.9044114947319031,0.8847307562828064,0.8887706995010376,-0.00403996929526329,0.2652794122695923,0.6234912872314453,0.15708158910274506,0.22511224448680878,0.24129746854305267,0.0,0.0,0.0,1.3680577278137207,2.0713610649108887,0.8069390654563904,0.0,0.0,1.063989281654358,0.11368556320667267,1.100277304649353,2.183950185775757,0.6049478650093079,0.5232536792755127
570,train,2,0.5,0.0,71,pseudo_cycle_06_config_11,-1,0.18415458500385284,4603.8642578125,54.260643005371094,0.24816332757472992,0.24007636308670044,0.23387092351913452,0.006205433048307896,0.10918045043945312,0.124690480530262,0.07838279008865356,3.279489746432773e-08,0.04630766063928604,0.0,0.0,0.0,1.119803786277771,1.9454011917114258,0.5460593700408936,0.0,0.0,0.6286295652389526,0.022487252950668335,0.6328704357147217,1.2515275478363037,0.7191962003707886,0.7393882274627686
571,train,2,0.5,0.0,71,pseudo_cycle_06_config_11,-1,0.2593003809452057,6482.50927734375,107.57865905761719,0.36890655755996704,0.36626672744750977,0.36632952094078064,-6.278785440372303e-05,0.22340825200080872,0.14292126893997192,0.06377118825912476,4.059367597619712e-08,0.07915003597736359,0.0,0.0,0.0,1.155726432800293,1.9564355611801147,0.4793793857097626,0.0,0.0,0.4768645465373993,0.026654589921236038,0.48067769408226013,0.6723686456680298,0.6696120500564575,0.8345147967338562
572,train,2,0.5,0.0,64,pseudo_cycle_06_config_4,-1,0.10531196743249893,2632.799072265625,2.399319887161255,0.1347508579492569,0.13505659997463226,0.13891790807247162,-0.0038613099604845047,0.03979450464248657,0.09912340342998505,0.024692341685295105,0.037281982600688934,0.037149082869291306,0.0,0.0,0.0,1.2480437755584717,2.13446307182312,0.878091037273407,0.0,0.0,1.002081274986267,0.07697339355945587,1.025221347808838,2.174388885498047,0.5831449031829834,0.5102289319038391
573,train,2,0.5,0.0,65,pseudo_cycle_06_config_5,-1,0.20975375175476074,5243.84375,9.518142700195312,0.7346075177192688,0.7312585711479187,0.7342970371246338,-0.003038441762328148,0.1705174595117569,0.5637795925140381,0.38500821590423584,1.8092167408667592e-07,0.1787712275981903,0.0,0.0,0.0,1.3480671644210815,1.9054200649261475,0.7484542727470398,0.0,0.0,0.825954794883728,-0.04508688673377037,0.8147828578948975,1.8788697719573975,0.884735107421875,0.8724173903465271
574,train,2,0.5,0.0,70,pseudo_cycle_06_config_10,-1,0.15668067336082458,3917.016845703125,39.27812194824219,0.1825128197669983,0.1827031522989273,0.17485645413398743,0.007846697233617306,0.08198121190071106,0.09287524968385696,0.0507330596446991,0.014105992391705513,0.028036199510097504,0.0,0.0,0.0,1.1615705490112305,1.9923323392868042,0.519585371017456,0.0,0.0,0.6362279653549194,-0.036729857325553894,0.6292173862457275,1.0990221500396729,0.5881147980690002,0.6073436737060547
575,train,2,0.5,0.0,62,pseudo_cycle_06_config_2,-1,0.4473676085472107,11184.1904296875,12.29646110534668,1.7625854015350342,1.7380231618881226,1.7180650234222412,0.01995818130671978,0.6849833130836487,1.0330817699432373,0.27984535694122314,0.34126386046409607,0.4119725525379181,0.0,0.0,0.0,1.1904551982879639,2.1808598041534424,0.6909533739089966,0.0,0.0,1.229472279548645,0.13213732838630676,1.278209924697876,2.1440048217773438,0.5901892781257629,0.4922865927219391
576,train,2,0.5,0.0,71,pseudo_cycle_06_config_11,-1,0.2889955937862396,7224.8896484375,133.62948608398438,0.44238021969795227,0.44212523102760315,0.4442404508590698,-0.002115229843184352,0.28297197818756104,0.1612684726715088,0.06595338135957718,4.522472707435554e-08,0.09531503915786743,0.0,0.0,0.0,1.1784824132919312,1.9661909341812134,0.4678184986114502,0.0,0.0,0.44685518741607666,0.009014414623379707,0.4480636417865753,0.5975826978683472,0.656932532787323,0.863619327545166
577,train,2,0.5,0.0,69,pseudo_cycle_06_config_9,-1,0.4331479072570801,10828.697265625,300.1872863769531,1.3051176071166992,1.305450677871704,1.2547001838684082,0.050750505179166794,0.6883886456489563,0.5663115978240967,0.2412731647491455,1.6244514711161173e-07,0.32503828406333923,0.0,0.0,0.0,1.2762136459350586,1.9719762802124023,0.4432315230369568,0.0,0.0,0.38208577036857605,-0.058309994637966156,0.37540194392204285,0.5790514349937439,0.659698486328125,0.7800861597061157
578,train,2,0.5,0.0,66,pseudo_cycle_06_config_6,-1,0.2741427719593048,6853.56884765625,16.25872039794922,0.5300338864326477,0.5357223749160767,0.5262019634246826,0.009520407766103745,0.2784741520881653,0.24772784113883972,0.09851840138435364,0.0546276830136776,0.09458175301551819,0.0,0.0,0.0,1.2888234853744507,2.1315674781799316,0.5847498178482056,0.0,0.0,0.627742350101471,-0.00043227520654909313,0.6276609301567078,0.6532033085823059,0.6194035410881042,0.6271021962165833
579,train,2,0.5,0.0,68,pseudo_cycle_06_config_8,-1,0.29022687673568726,7255.671875,134.77056884765625,0.5964915752410889,0.5968244671821594,0.57027268409729,0.026551760733127594,0.30739665031433105,0.2628760039806366,0.10952549427747726,0.0449247881770134,0.10842572152614594,0.0,0.0,0.0,1.2693636417388916,2.003232002258301,0.4163152575492859,0.0,0.0,0.35300007462501526,0.027777468785643578,0.35594168305397034,0.6078671216964722,0.5989038944244385,0.6017633080482483
580,train,2,0.5,0.0,65,pseudo_cycle_06_config_5,-1,0.16112230718135834,4028.057861328125,5.6162190437316895,0.4529692828655243,0.45033758878707886,0.4594659209251404,-0.009128320030868053,0.09797971695661545,0.36148619651794434,0.2501140534877777,1.230287409725861e-07,0.11137203872203827,0.0,0.0,0.0,1.3127648830413818,1.9351396560668945,0.7939159274101257,0.0,0.0,0.8593835830688477,-0.04526205733418465,0.847714364528656,1.9576889276504517,0.9097015857696533,0.8717294335365295
581,train,2,0.5,0.0,68,pseudo_cycle_06_config_8,-1,0.37875914573669434,9468.978515625,229.5334930419922,0.8487736582756042,0.8473877310752869,0.8452290892601013,0.0021586704533547163,0.4946727156639099,0.3505563735961914,0.13197624683380127,0.06261582672595978,0.15596430003643036,0.0,0.0,0.0,1.1993719339370728,1.9937238693237305,0.40229570865631104,0.0,0.0,0.29582569003105164,-0.05080080032348633,0.2913172245025635,0.5279796123504639,0.6226730942726135,0.6239453554153442
582,train,2,0.5,0.0,61,pseudo_cycle_06_config_1,-1,0.43424728512763977,10856.181640625,11.58578109741211,2.9568543434143066,3.001235246658325,3.078063488006592,-0.0768282562494278,0.8146127462387085,2.2634506225585938,1.3661689758300781,7.393042551484541e-07,0.8972809314727783,0.0,0.0,0.0,1.5025852918624878,1.6565486192703247,0.7800201773643494,0.0,0.0,0.8015373945236206,-0.08348573744297028,0.7814623117446899,1.8655061721801758,0.9706684350967407,1.225238561630249
583,train,2,0.5,0.0,71,pseudo_cycle_06_config_11,-1,0.21690772473812103,5422.69287109375,75.27831268310547,0.2912023067474365,0.28411436080932617,0.28063732385635376,0.0034770448692142963,0.152485653758049,0.12815168499946594,0.06898259371519089,3.565674688843501e-08,0.05916905030608177,0.0,0.0,0.0,1.1273040771484375,1.9409996271133423,0.5081706047058105,0.0,0.0,0.5466446280479431,0.035794515162706375,0.5525146722793579,0.9114419221878052,0.6953171491622925,0.7817790508270264
584,train,2,0.5,0.0,62,pseudo_cycle_06_config_2,-1,0.4872913658618927,12182.2841796875,14.58910083770752,2.0512595176696777,2.0346648693084717,2.030744791030884,0.0039201220497488976,0.8020324110984802,1.2287123203277588,0.3367314636707306,0.39456772804260254,0.49741315841674805,0.0,0.0,0.0,1.1748342514038086,2.197660207748413,0.6640529036521912,0.0,0.0,1.2402163743972778,0.14935830235481262,1.2957873344421387,2.1285245418548584,0.5858088731765747,0.49040424823760986
585,train,2,0.5,0.0,70,pseudo_cycle_06_config_10,-1,0.24679462611675262,6169.86572265625,97.45210266113281,0.33196085691452026,0.3339402675628662,0.32951048016548157,0.004429787863045931,0.22241567075252533,0.10709480941295624,0.04152144491672516,0.0181895699352026,0.04738379642367363,0.0,0.0,0.0,1.2701531648635864,2.0298826694488525,0.43297088146209717,0.0,0.0,0.38768088817596436,0.040105655789375305,0.3923453390598297,0.5706507563591003,0.5773799419403076,0.6512200832366943
586,train,2,0.5,0.0,66,pseudo_cycle_06_config_6,-1,0.2554541528224945,6386.353515625,14.117527961730957,0.44137492775917053,0.44645926356315613,0.43968313932418823,0.006776115391403437,0.21798443794250488,0.22169871628284454,0.08857136219739914,0.050645459443330765,0.08248189091682434,0.0,0.0,0.0,1.1618810892105103,2.0922155380249023,0.6245026588439941,0.0,0.0,0.6294280886650085,-0.10464562475681305,0.6096680164337158,0.7093756198883057,0.64951491355896,0.6606044769287109
587,train,2,0.5,0.0,64,pseudo_cycle_06_config_4,-1,0.1604638248682022,4011.595458984375,5.570408344268799,0.2962149977684021,0.30014321208000183,0.3132438361644745,-0.013100619427859783,0.09115142375230789,0.2220924198627472,0.059073373675346375,0.07774559408426285,0.08527344465255737,0.0,0.0,0.0,1.2313212156295776,2.1669979095458984,0.7946528196334839,0.0,0.0,1.0219000577926636,0.06641621142625809,1.0422612428665161,2.170896530151367,0.5607739090919495,0.4887685179710388
588,train,2,0.5,0.0,61,pseudo_cycle_06_config_1,-1,0.4189814627170563,10474.5361328125,10.785511016845703,2.7505455017089844,2.7943599224090576,2.890688896179199,-0.09632890671491623,0.7485514879226685,2.142137289047241,1.2909743785858154,7.140503726077441e-07,0.8511621952056885,0.0,0.0,0.0,1.4831809997558594,1.661757230758667,0.7893821001052856,0.0,0.0,0.8051397204399109,-0.08001439273357391,0.7858128547668457,1.8772410154342651,0.9865185618400574,1.2376980781555176
589,train,2,0.5,0.0,64,pseudo_cycle_06_config_4,-1,0.14491334557533264,3622.83349609375,4.5430707931518555,0.2458997219800949,0.2484525442123413,0.2581610679626465,-0.00970852468162775,0.07486635446548462,0.18329471349716187,0.04802311211824417,0.06540914624929428,0.06986245512962341,0.0,0.0,0.0,1.2400295734405518,2.1772220134735107,0.8169076442718506,0.0,0.0,1.0115084648132324,0.0722358450293541,1.0334285497665405,2.172136068344116,0.5648645758628845,0.49285888671875
590,train,2,0.5,0.0,68,pseudo_cycle_06_config_8,-1,0.27990853786468506,6997.71337890625,125.3580322265625,0.5708491802215576,0.5705495476722717,0.5422704219818115,0.0282791405916214,0.28588637709617615,0.2563840448856354,0.10925637930631638,0.043362509459257126,0.10376516729593277,0.0,0.0,0.0,1.2691800594329834,1.9998958110809326,0.4185972213745117,0.0,0.0,0.36577996611595154,0.038027841597795486,0.369952917098999,0.6282600164413452,0.5956767797470093,0.5966836810112
591,train,2,0.5,0.0,63,pseudo_cycle_06_config_3,-1,0.4220167398452759,10550.41796875,10.94234561920166,1.8970280885696411,1.911391019821167,1.867776870727539,0.04361419379711151,0.7312964797019958,1.1364803314208984,0.6935216188430786,3.137933219932165e-07,0.4429584741592407,0.0,0.0,0.0,1.4282238483428955,1.7693909406661987,0.766442060470581,0.0,0.0,0.8077719211578369,-0.08303816616535187,0.7876491546630859,1.862742304801941,0.8247425556182861,1.189750075340271
592,train,2,0.5,0.0,61,pseudo_cycle_06_config_1,-1,0.4872537851333618,12181.3447265625,14.5868501663208,3.722972869873047,3.7670836448669434,3.752234935760498,0.014848618768155575,1.0660548210144043,2.6861801147460938,1.6274224519729614,8.077971074271773e-07,1.058756709098816,0.0,0.0,0.0,1.5618208646774292,1.6581798791885376,0.7408320903778076,0.0,0.0,0.7820826768875122,-0.08671575039625168,0.7617369890213013,1.8089723587036133,0.9090240597724915,1.176867961883545
593,train,2,0.5,0.0,69,pseudo_cycle_06_config_9,-1,0.4250328838825226,10625.822265625,289.04461669921875,1.2653565406799316,1.2662391662597656,1.2153438329696655,0.05089528486132622,0.6629781723022461,0.5523656606674194,0.2374986857175827,1.585302555895396e-07,0.3148668110370636,0.0,0.0,0.0,1.2764867544174194,1.9696389436721802,0.4443496763706207,0.0,0.0,0.3860178589820862,-0.05528968200087547,0.37961500883102417,0.5860908627510071,0.6603167057037354,0.7770170569419861
594,train,2,0.5,0.0,67,pseudo_cycle_06_config_7,-1,0.19558046758174896,4889.51171875,8.275299072265625,0.42366549372673035,0.4266572594642639,0.4210742115974426,0.005583047866821289,0.1312321424484253,0.28984206914901733,0.19138352572917938,8.920896021891167e-08,0.09845845401287079,0.0,0.0,0.0,1.1933047771453857,2.0150387287139893,0.7676265239715576,0.0,0.0,0.8830368518829346,-0.06765792518854141,0.8651134967803955,1.9134005308151245,0.8714069724082947,0.9843607544898987
595,train,2,0.5,0.0,71,pseudo_cycle_06_config_11,-1,0.2277621030807495,5694.05224609375,83.00089263916016,0.3080419898033142,0.30195069313049316,0.299435555934906,0.0025151274167001247,0.16897331178188324,0.13046224415302277,0.06655047088861465,3.673727277941907e-08,0.06391173601150513,0.0,0.0,0.0,1.132967233657837,1.9440300464630127,0.49890759587287903,0.0,0.0,0.5250185132026672,0.036037150770425797,0.5306945443153381,0.82899010181427,0.6879332661628723,0.7961205244064331
596,train,2,0.5,0.0,62,pseudo_cycle_06_config_2,-1,0.4120715260505676,10301.7880859375,10.432689666748047,1.5090218782424927,1.4843043088912964,1.4581298828125,0.026174413040280342,0.589108407497406,0.8690214157104492,0.23237688839435577,0.2944650948047638,0.34217941761016846,0.0,0.0,0.0,1.206735610961914,2.1692607402801514,0.7174022793769836,0.0,0.0,1.2091425657272339,0.11631721258163452,1.251335859298706,2.1549081802368164,0.5936752557754517,0.49491629004478455
597,train,2,0.5,0.0,66,pseudo_cycle_06_config_6,-1,0.11685989797115326,2921.49755859375,2.954361915588379,0.11179430037736893,0.11646207422018051,0.11519953608512878,0.0012625382514670491,0.04131714627146721,0.07388239353895187,0.027314161881804466,0.019128935411572456,0.02743929624557495,0.0,0.0,0.0,1.052353024482727,1.8368830680847168,0.7209751009941101,0.0,0.0,0.6354935169219971,-0.14771611988544464,0.6073316931724548,1.1952484846115112,1.1610231399536133,1.2007241249084473
598,train,2,0.5,0.0,65,pseudo_cycle_06_config_5,-1,0.1711728423833847,4279.32080078125,6.338733196258545,0.5072776079177856,0.5043257474899292,0.5130876302719116,-0.008761868812143803,0.11124707758426666,0.40184056758880615,0.2772369980812073,1.3503857587693346e-07,0.12460341304540634,0.0,0.0,0.0,1.320629596710205,1.930725336074829,0.7846720218658447,0.0,0.0,0.8523361682891846,-0.044999800622463226,0.8408297300338745,1.9428160190582275,0.9045060276985168,0.8731933832168579
599,train,2,0.5,0.0,70,pseudo_cycle_06_config_10,-1,0.12634776532649994,3158.69384765625,25.542003631591797,0.12829595804214478,0.12853321433067322,0.12399733066558838,0.0045358771458268166,0.05217095464468002,0.07182637602090836,0.03883333504199982,0.011734280735254288,0.021258758381009102,0.0,0.0,0.0,1.136725902557373,2.030715227127075,0.5661144256591797,0.0,0.0,0.6924266815185547,-0.08289963752031326,0.6752060651779175,1.1827499866485596,0.6313068866729736,0.6474796533584595
600,train,2,0.5,0.0,66,pseudo_cycle_06_config_6,-1,0.29538407921791077,7384.60205078125,18.875865936279297,0.6504071950912476,0.6409988403320312,0.6363507509231567,0.004648106172680855,0.35233911871910095,0.2840116024017334,0.11254148185253143,0.059887029230594635,0.11158309131860733,0.0,0.0,0.0,1.4045876264572144,2.1560449600219727,0.5439060926437378,0.0,0.0,0.6273993253707886,0.10027611255645752,0.6462732553482056,0.6171250939369202,0.6037670969963074,0.6118696928024292
601,train,2,0.5,0.0,69,pseudo_cycle_06_config_9,-1,0.471564382314682,11789.109375,355.796630859375,1.502711534500122,1.4988077878952026,1.4489870071411133,0.04982081055641174,0.8120277523994446,0.6369591951370239,0.26203393936157227,1.8208120877716283e-07,0.3749251067638397,0.0,0.0,0.0,1.2701382637023926,1.979074478149414,0.43842899799346924,0.0,0.0,0.3665843605995178,-0.07152216881513596,0.3587186932563782,0.5532713532447815,0.6576695442199707,0.791635274887085
602,train,2,0.5,0.0,62,pseudo_cycle_06_config_2,-1,0.4626610577106476,11566.5263671875,13.151551246643066,1.8734556436538696,1.8507684469223022,1.8356621265411377,0.01510633435100317,0.728693425655365,1.106968641281128,0.30131152272224426,0.361704558134079,0.4439525008201599,0.0,0.0,0.0,1.1840801239013672,2.186816930770874,0.6802919507026672,0.0,0.0,1.235098958015442,0.13889174163341522,1.2865625619888306,2.138519287109375,0.5885699987411499,0.49144622683525085
603,train,2,0.5,0.0,65,pseudo_cycle_06_config_5,-1,0.2169703096151352,5424.25732421875,10.184350967407227,0.7797543406486511,0.7765111327171326,0.7775612473487854,-0.0010501070646569133,0.1830725520849228,0.5944886803627014,0.4051688313484192,1.891402519049734e-07,0.1893196702003479,0.0,0.0,0.0,1.3526479005813599,1.8997637033462524,0.7413705587387085,0.0,0.0,0.8208093643188477,-0.045210618525743484,0.8096765875816345,1.865103840827942,0.8807991147041321,0.8714905381202698
604,train,2,0.5,0.0,64,pseudo_cycle_06_config_4,-1,0.07861528545618057,1965.382080078125,1.3370472192764282,0.07722195237874985,0.07704148441553116,0.07781560719013214,-0.0007741200388409197,0.021406743675470352,0.05640886723995209,0.012974715791642666,0.02225714921951294,0.021177001297473907,0.0,0.0,0.0,1.2047549486160278,1.9244930744171143,0.9299446940422058,0.0,0.0,1.0455399751663208,0.08707834035158157,1.0728532075881958,2.173020839691162,0.6252021789550781,0.5531877279281616
605,train,2,0.5,0.0,65,pseudo_cycle_06_config_5,-1,0.2445054054260254,6112.634765625,12.933309555053711,0.9566973447799683,0.954380452632904,0.9447870254516602,0.009593406692147255,0.23506690561771393,0.7097201347351074,0.479515939950943,2.1833410812632792e-07,0.23020398616790771,0.0,0.0,0.0,1.3676553964614868,1.8774657249450684,0.7131117582321167,0.0,0.0,0.7998490929603577,-0.0455547533929348,0.7889180183410645,1.8050990104675293,0.8644168376922607,0.8665841817855835
606,train,2,0.5,0.0,63,pseudo_cycle_06_config_3,-1,0.33825060725212097,8456.2646484375,7.029561996459961,1.1907575130462646,1.2152924537658691,1.238795518875122,-0.0235030148178339,0.434292733669281,0.8045027852058411,0.4909387528896332,2.668114120751852e-07,0.3135637640953064,0.0,0.0,0.0,1.3202846050262451,1.7602113485336304,0.8326652646064758,0.0,0.0,0.8562254309654236,-0.11782735586166382,0.8259594440460205,1.967593789100647,0.9631708860397339,1.256706714630127
607,train,2,0.5,0.0,62,pseudo_cycle_06_config_2,-1,0.19295236468315125,4823.80908203125,2.2874481678009033,0.29747557640075684,0.30401790142059326,0.29656410217285156,0.0074537997134029865,0.13019105792045593,0.16637305915355682,0.03643259406089783,0.06493670493364334,0.06500376015901566,0.0,0.0,0.0,1.2163066864013672,2.0363054275512695,0.8884212970733643,0.0,0.0,0.9290096759796143,0.05129927024245262,0.9433069229125977,2.1775124073028564,0.6813714504241943,0.6059699058532715
608,train,2,0.5,0.0,61,pseudo_cycle_06_config_1,-1,0.4591730833053589,11479.326171875,12.954001426696777,3.308957576751709,3.35368275642395,3.391435384750366,-0.037752531468868256,0.9290245175361633,2.4624109268188477,1.489535927772522,7.754202329124382e-07,0.9728742837905884,0.0,0.0,0.0,1.532626986503601,1.6530588865280151,0.7629276514053345,0.0,0.0,0.7939254641532898,-0.08693958818912506,0.7732183933258057,1.842410683631897,0.9428671598434448,1.2033504247665405
609,train,2,0.5,0.0,67,pseudo_cycle_06_config_7,-1,0.49864619970321655,12466.154296875,53.79200744628906,1.5527808666229248,1.5001964569091797,1.4845002889633179,0.015696154907345772,0.8306934833526611,0.6538068056106567,0.23754426836967468,1.5759802352022234e-07,0.4162623882293701,0.0,0.0,0.0,1.1620315313339233,2.1539692878723145,0.4635838270187378,0.0,0.0,0.5238825678825378,0.01449932623654604,0.5261613726615906,0.5619657635688782,0.6031829118728638,0.9847646355628967
610,train,2,0.5,0.0,67,pseudo_cycle_06_config_7,-1,0.17206977307796478,4301.744140625,6.405335903167725,0.3355340361595154,0.339010089635849,0.336040198802948,0.0029698973521590233,0.10109589993953705,0.23494431376457214,0.15559665858745575,7.454956829633375e-08,0.07934758067131042,0.0,0.0,0.0,1.187644600868225,2.0339181423187256,0.7856004238128662,0.0,0.0,0.9023371934890747,-0.06388882547616959,0.8850424289703369,1.9462662935256958,0.8902391195297241,0.9925117492675781
611,train,2,0.5,0.0,70,pseudo_cycle_06_config_10,-1,0.22937403619289398,5734.35107421875,84.17989349365234,0.29772263765335083,0.29983800649642944,0.2927492558956146,0.007088761311024427,0.18944360315799713,0.1033056452870369,0.0427696518599987,0.01716352254152298,0.04337247088551521,0.0,0.0,0.0,1.2524303197860718,2.016547918319702,0.4390237033367157,0.0,0.0,0.42445695400238037,0.05145106837153435,0.43100857734680176,0.6235359311103821,0.5699597597122192,0.6323243379592896
612,train,2,0.5,0.0,64,pseudo_cycle_06_config_4,-1,0.09742695093154907,2435.673583984375,2.0534820556640625,0.11600655317306519,0.1160610243678093,0.11905072629451752,-0.0029897023923695087,0.033931631594896317,0.0851190984249115,0.020890483632683754,0.03240695968270302,0.03182164952158928,0.0,0.0,0.0,1.2433936595916748,2.0994081497192383,0.8920854926109314,0.0,0.0,1.0068608522415161,0.0773438885807991,1.0302231311798096,2.174697160720825,0.5898263454437256,0.5166720747947693
613,train,2,0.5,0.0,68,pseudo_cycle_06_config_8,-1,0.3112298548221588,7780.74609375,154.9823760986328,0.6516323089599609,0.6525643467903137,0.6303553581237793,0.02220900170505047,0.351917564868927,0.2784377634525299,0.11172256618738174,0.048378296196460724,0.11833690106868744,0.0,0.0,0.0,1.2636901140213013,2.007150411605835,0.4122828245162964,0.0,0.0,0.3317287266254425,0.00627330644056201,0.33235302567481995,0.5763384699821472,0.6053297519683838,0.6104595065116882
614,train,2,0.5,0.0,63,pseudo_cycle_06_config_3,-1,0.41821661591529846,10455.4150390625,10.74616813659668,1.8604819774627686,1.876163125038147,1.837143898010254,0.039019279181957245,0.7161229252815247,1.121021032333374,0.6844589114189148,3.1273197009795695e-07,0.43656182289123535,0.0,0.0,0.0,1.4241218566894531,1.7655328512191772,0.7704917788505554,0.0,0.0,0.8109452128410339,-0.08626344799995422,0.7899587154388428,1.8705676794052124,0.8319391012191772,1.1930859088897705
615,train,2,0.5,0.0,66,pseudo_cycle_06_config_6,-1,0.12003661692142487,3000.9150390625,3.1171679496765137,0.1185729056596756,0.12318834662437439,0.12261335551738739,0.0005749927368015051,0.04373883455991745,0.07887452095746994,0.02954842709004879,0.020125698298215866,0.029200399294495583,0.0,0.0,0.0,1.0558490753173828,1.8493478298187256,0.7230168581008911,0.0,0.0,0.6454577445983887,-0.15561047196388245,0.6153257489204407,1.2014119625091553,1.1317750215530396,1.1872613430023193
616,train,2,0.5,0.0,62,pseudo_cycle_06_config_2,-1,0.48095324635505676,12023.8310546875,14.212054252624512,2.005714178085327,1.9871495962142944,1.979921817779541,0.007227834314107895,0.7828107476234436,1.1971111297607422,0.3275356590747833,0.38613414764404297,0.48344141244888306,0.0,0.0,0.0,1.1770994663238525,2.1947340965270996,0.6681308746337891,0.0,0.0,1.2393543720245361,0.1467306762933731,1.2939097881317139,2.131246328353882,0.5865347981452942,0.49063771963119507
617,train,2,0.5,0.0,68,pseudo_cycle_06_config_8,-1,0.355561226606369,8889.0302734375,202.27798461914062,0.778125524520874,0.7780165076255798,0.7680866718292236,0.009929857216775417,0.4460631310939789,0.32202357053756714,0.12300346046686172,0.05713898688554764,0.14188113808631897,0.0,0.0,0.0,1.2272404432296753,2.0019149780273438,0.4053596258163452,0.0,0.0,0.3038366436958313,-0.03423509746789932,0.3007160723209381,0.5387223958969116,0.6173617839813232,0.6214014887809753
618,train,2,0.5,0.0,63,pseudo_cycle_06_config_3,-1,0.3952244520187378,9880.611328125,9.597070693969727,1.6475564241409302,1.6687591075897217,1.6548445224761963,0.013914549723267555,0.6270744800567627,1.0277700424194336,0.6285985708236694,3.042036382794322e-07,0.3991711139678955,0.0,0.0,0.0,1.396347999572754,1.7501115798950195,0.7928379774093628,0.0,0.0,0.8279136419296265,-0.10229656845331192,0.8025057911872864,1.910207986831665,0.8744772672653198,1.2130154371261597
619,train,2,0.5,0.0,67,pseudo_cycle_06_config_7,-1,0.1150108128786087,2875.270263671875,2.861607313156128,0.16061139106750488,0.1635025441646576,0.16147463023662567,0.002027909504249692,0.044443968683481216,0.11703066527843475,0.07748057693243027,3.968882822391606e-08,0.0395500473678112,0.0,0.0,0.0,1.1686854362487793,2.0731558799743652,0.8104496002197266,0.0,0.0,0.9577195048332214,-0.04819151386618614,0.9438732862472534,1.9956234693527222,0.9459959864616394,1.0186681747436523
620,train,2,0.5,0.0,60,pseudo_cycle_06_config_0,-1,0.22973760962486267,5743.43994140625,3.2427632808685303,0.6909961700439453,0.6775573492050171,0.6817202568054199,-0.004162911791354418,0.2077515721321106,0.4739686846733093,0.11460592597723007,0.1747598648071289,0.18460290133953094,0.0,0.0,0.0,1.3691222667694092,2.0331737995147705,0.8386459350585938,0.0,0.0,1.0146607160568237,0.10202499479055405,1.0457168817520142,2.1826846599578857,0.6189976930618286,0.5483583211898804
621,train,2,0.5,0.0,60,pseudo_cycle_06_config_0,-1,0.24491645395755768,6122.9111328125,3.685420036315918,0.7960221767425537,0.7790058255195618,0.7829867601394653,-0.003980927634984255,0.23637093603610992,0.5466158390045166,0.13516809046268463,0.1995016485452652,0.21194611489772797,0.0,0.0,0.0,1.370630145072937,2.053680419921875,0.8227396011352539,0.0,0.0,1.0400416851043701,0.10859411954879761,1.0739244222640991,2.1835765838623047,0.610970675945282,0.5340251922607422
622,train,2,0.5,0.0,60,pseudo_cycle_06_config_0,-1,0.2643042802810669,6607.60693359375,4.291997909545898,0.9392538666725159,0.9189143776893616,0.9230507612228394,-0.004136408679187298,0.2744508683681488,0.6485998630523682,0.16426894068717957,0.2333640307188034,0.2509669363498688,0.0,0.0,0.0,1.3665273189544678,2.076455593109131,0.8020028471946716,0.0,0.0,1.0712292194366455,0.11500426381826401,1.1081880331039429,2.1839747428894043,0.6033818125724792,0.5204160809516907
623,train,2,0.5,0.0,70,pseudo_cycle_06_config_10,-1,0.10953646153211594,2738.41162109375,19.197172164916992,0.10017722100019455,0.10038179904222488,0.09649600088596344,0.0038857983890920877,0.03908425569534302,0.05741174519062042,0.029858166351914406,0.010058495216071606,0.017495082691311836,0.0,0.0,0.0,1.1330435276031494,2.056215763092041,0.585658073425293,0.0,0.0,0.7174531817436218,-0.10534746199846268,0.6947786211967468,1.161286473274231,0.6679825782775879,0.6804437041282654
624,train,2,0.5,0.0,70,pseudo_cycle_06_config_10,-1,0.22253558039665222,5563.3896484375,79.23530578613281,0.285607248544693,0.287455290555954,0.2794826626777649,0.00797261856496334,0.17713788151741028,0.10234476625919342,0.04369061067700386,0.01681102067232132,0.04184313118457794,0.0,0.0,0.0,1.2441555261611938,2.0090394020080566,0.4423237442970276,0.0,0.0,0.4417304992675781,0.05209565907716751,0.44863417744636536,0.6525550484657288,0.5676528811454773,0.6249613761901855
625,train,2,0.5,0.0,69,pseudo_cycle_06_config_9,-1,0.4527498483657837,11318.74609375,327.97174072265625,1.404125690460205,1.40261709690094,1.3522839546203613,0.050333112478256226,0.7508498430252075,0.6014341115951538,0.2512976825237274,1.722391260727818e-07,0.35013628005981445,0.0,0.0,0.0,1.274085521697998,1.9763801097869873,0.4406934976577759,0.0,0.0,0.37358129024505615,-0.06529904156923294,0.36626294255256653,0.5645301938056946,0.6584990620613098,0.7865670919418335
626,train,2,0.5,0.0,62,pseudo_cycle_06_config_2,-1,0.42689329385757446,10672.3310546875,11.196691513061523,1.6148430109024048,1.5895891189575195,1.5652711391448975,0.024318035691976547,0.6285572648048401,0.9367139339447021,0.25192153453826904,0.3140195608139038,0.3707728683948517,0.0,0.0,0.0,1.1996880769729614,2.173807382583618,0.7059832811355591,0.0,0.0,1.2189302444458008,0.12296497076749802,1.2638959884643555,2.150606393814087,0.5922430753707886,0.49368008971214294
627,train,2,0.5,0.0,69,pseudo_cycle_06_config_9,-1,0.3965342938899994,9913.357421875,251.58303833007812,1.1321909427642822,1.1339445114135742,1.0826250314712524,0.051319461315870285,0.5762503147125244,0.506374716758728,0.22619284689426422,1.4544909276992257e-07,0.28018173575401306,0.0,0.0,0.0,1.2747111320495605,1.9589043855667114,0.44870078563690186,0.0,0.0,0.4020558297634125,-0.04432091489434242,0.39671000838279724,0.6170347929000854,0.663202702999115,0.7643118500709534
