sample_index,split,source_id,sample_weight,aux_weight,config_index,config_name,velocity_index,U,Re,Ca,F_target,F_pred,F_physics,F_residual,F_stem,F_leaf,Fcol_1_pred,Fcol_2_pred,Fcol_3_pred,Fcol_1_true,Fcol_2_true,Fcol_3_true,Cd_stem_eff,Cd_leaf_eff,shielding_coef,shielding_target,angle_diff_deg,reconfiguration_factor,reconfiguration_correction,reconfiguration_gain,column_correction_1,column_correction_2,column_correction_3
0,val,0,1.0,1.0,0,PVC_20_0,0,0.05000000074505806,1250.0,0.15360000729560852,0.07093784958124161,0.10043313354253769,0.08604694902896881,0.014386183582246304,0.008934039622545242,0.07711291313171387,0.007677508518099785,0.020442858338356018,0.048992544412612915,0.0008135348907671869,0.012708019465208054,0.012708019465208054,1.2429966926574707,2.5635390281677246,0.814117431640625,0.9039982557296753,100.79964447021484,1.1799006462097168,0.33504489064216614,1.2984964847564697,1.9716790914535522,1.0058021545410156,1.9624018669128418
1,train,0,1.0,1.0,0,PVC_20_0,1,0.07500000298023224,1875.0,0.3456000089645386,0.17443148791790009,0.1859327256679535,0.16646644473075867,0.019466273486614227,0.01860450766980648,0.14786194264888763,0.00859813392162323,0.053120117634534836,0.08614368736743927,0.0018697602208703756,0.027825873345136642,0.027825873345136642,1.1504236459732056,2.0248122215270996,0.8609253168106079,0.9087178111076355,101.7435531616211,1.2981740236282349,0.03351468965411186,1.3112263679504395,1.2304272651672363,1.3771694898605347,1.9227254390716553
2,val,0,1.0,1.0,0,PVC_20_0,2,0.10000000149011612,2500.0,0.6144000291824341,0.14795003831386566,0.1666027456521988,0.16270607709884644,0.0038966734427958727,0.03167359158396721,0.13103248178958893,0.01429597195237875,0.05027267336845398,0.06646383553743362,0.003428105963394046,0.0476507768034935,0.0476507768034935,1.1016900539398193,2.0296528339385986,0.902796745300293,0.91482013463974,102.96401977539062,0.8698940873146057,-0.05028323456645012,0.8567717671394348,1.7569665908813477,1.0674163103103638,1.2740228176116943
3,train,0,1.0,1.0,0,PVC_20_0,3,0.125,3125.0,0.9599999785423279,0.20464740693569183,0.2147635966539383,0.21185339987277985,0.0029101998079568148,0.04891860857605934,0.1629347950220108,0.021777760237455368,0.06376111507415771,0.07739591598510742,0.005584338214248419,0.07105002552270889,0.07105002552270889,1.08897066116333,2.0486702919006348,0.9101421236991882,0.9218372106552124,104.36743927001953,0.7771894335746765,-0.05938440561294556,0.7633435130119324,1.9047491550445557,0.9556817412376404,1.0558072328567505
4,val,0,1.0,1.0,0,PVC_20_0,4,0.15000000596046448,3750.0,1.3824000358581543,0.270246684551239,0.281417578458786,0.2759978175163269,0.005419757217168808,0.07114091515541077,0.20485690236091614,0.03141675516963005,0.0813809186220169,0.09205921739339828,0.008491037413477898,0.09684506058692932,0.09684506058692932,1.0997629165649414,2.0406494140625,0.9223892092704773,0.9292217493057251,105.84434509277344,0.7475907206535339,-0.056533075869083405,0.7349116802215576,1.9898115396499634,0.8715676069259644,0.9094105362892151
5,val,0,1.0,1.0,0,PVC_20_0,5,0.17499999701976776,4375.0,1.881600022315979,0.3938428461551666,0.35473892092704773,0.3416641652584076,0.013074742630124092,0.10025002807378769,0.2414141297340393,0.04373813048005104,0.09713832288980484,0.10053766518831253,0.012395291589200497,0.12395953387022018,0.12395953387022018,1.1385984420776367,2.020251989364624,0.9390401244163513,0.9363734722137451,107.27469635009766,0.7416147589683533,-0.05166379734873772,0.7301203608512878,2.0692875385284424,0.7633244395256042,0.7418762445449829
6,train,0,1.0,1.0,0,PVC_20_0,6,0.20000000298023224,5000.0,2.4576001167297363,0.43085381388664246,0.44914236664772034,0.41886699199676514,0.030275387689471245,0.1401372104883194,0.27872976660728455,0.06095227971673012,0.11115347594022751,0.10662399977445602,0.01771606132388115,0.1515229493379593,0.1515229493379593,1.2185842990875244,1.9979051351547241,0.9504472017288208,0.9426351189613342,108.52703094482422,0.7755531072616577,-0.05126805230975151,0.7636247873306274,2.1345765590667725,0.6387911438941956,0.5823965668678284
7,val,0,1.0,1.0,0,PVC_20_0,7,0.22499999403953552,5625.0,3.1103999614715576,0.6180073022842407,0.6034137606620789,0.5439730882644653,0.059440676122903824,0.19145195186138153,0.352521151304245,0.08761876821517944,0.1350163221359253,0.12988606095314026,0.025219960138201714,0.178911954164505,0.178911954164505,1.3153972625732422,1.9732199907302856,0.9374222159385681,0.9472165703773499,109.44332122802734,0.8793299198150635,-0.05230952799320221,0.8655307292938232,2.165762424468994,0.5552732944488525,0.5007469058036804
8,train,0,1.0,1.0,0,PVC_20_0,8,0.25,6250.0,3.8399999141693115,0.8448036313056946,0.8103131651878357,0.7199815511703491,0.09033163636922836,0.2440585494041443,0.47592300176620483,0.12587416172027588,0.17332370579242706,0.17672516405582428,0.03648537024855614,0.2057376205921173,0.2057376205921173,1.3582388162612915,1.9501817226409912,0.8920687437057495,0.9489527344703674,109.79054260253906,1.029280662536621,-0.04216088354587555,1.0162620544433594,2.1717631816864014,0.5228505730628967,0.47557201981544495
9,train,0,1.0,1.0,0,PVC_20_0,9,0.2750000059604645,6875.0,4.646399974822998,1.050018072128296,1.027917504310608,0.9203529357910156,0.10756455361843109,0.2899894416332245,0.6303634643554688,0.17311258614063263,0.2177128940820694,0.23953796923160553,0.055444035679101944,0.2318010926246643,0.2318010926246643,1.333763837814331,1.952112078666687,0.8296225666999817,0.9455310702323914,109.10620880126953,1.1639331579208374,-0.024820255115628242,1.1552664041519165,2.169267416000366,0.5128968954086304,0.4681670069694519
10,train,0,1.0,1.0,0,PVC_20_0,10,0.30000001192092896,7500.0,5.529600143432617,1.2444380521774292,1.2425434589385986,1.1370749473571777,0.10546857118606567,0.33307701349258423,0.8039979934692383,0.22713790833950043,0.2637871503829956,0.31307294964790344,0.09599050879478455,0.25704047083854675,0.25704047083854675,1.2872540950775146,1.987221598625183,0.7699337601661682,0.9301102161407471,106.02204132080078,1.2564113140106201,-0.008462115190923214,1.2532217502593994,2.1657564640045166,0.5095212459564209,0.4655941426753998
11,train,0,1.0,1.0,0,PVC_20_0,11,0.32499998807907104,8125.0,6.48960018157959,1.354056715965271,1.4588855504989624,1.372352123260498,0.08653344959020615,0.37929123640060425,0.993060827255249,0.28664764761924744,0.31167924404144287,0.3947339355945587,0.2500753104686737,0.28148239850997925,0.28148239850997925,1.2490167617797852,2.0397698879241943,0.7222194075584412,0.8688808679580688,93.77617645263672,1.312441349029541,0.005390241742134094,1.3145636320114136,2.1629955768585205,0.5079115033149719,0.4645726978778839
12,val,0,1.0,1.0,0,PVC_20_0,12,0.3499999940395355,8750.0,7.526400089263916,1.6986725330352783,1.6817028522491455,1.625931978225708,0.0557708665728569,0.4310794174671173,1.194852590560913,0.3504485785961151,0.3618362843990326,0.48256775736808777,0.5733868479728699,0.30520471930503845,0.30520471930503845,1.2240054607391357,2.092690944671631,0.6864596009254456,0.778120756149292,75.62416076660156,1.3450098037719727,0.016985757276415825,1.3518636226654053,2.161160469055176,0.5069928765296936,0.464154988527298
13,train,0,1.0,1.0,0,PVC_20_0,13,0.375,9375.0,8.640000343322754,1.9440239667892456,1.912730097770691,1.8952574729919434,0.017472652718424797,0.48860716819763184,1.4066503047943115,0.41751235723495483,0.41413193941116333,0.5750059485435486,0.8262953162193298,0.3283105492591858,0.3283105492591858,1.2085354328155518,2.136888265609741,0.6597105264663696,0.7271667718887329,65.43335723876953,1.3637782335281372,0.026517238467931747,1.3746273517608643,2.160114288330078,0.5065644979476929,0.4640040099620819
14,val,0,1.0,1.0,0,PVC_20_0,14,0.4000000059604645,10000.0,9.830400466918945,2.125422716140747,2.151719808578491,2.177454710006714,-0.025735003873705864,0.5513868927955627,1.6260677576065063,0.4870421588420868,0.4681533873081207,0.6708722114562988,1.0331017971038818,0.3509112596511841,0.3509112596511841,1.198667049407959,2.169572353363037,0.6391803622245789,0.6930793523788452,58.615875244140625,1.374324083328247,0.03422919288277626,1.3884367942810059,2.1596479415893555,0.5065510272979736,0.46397891640663147
15,train,0,1.0,1.0,0,PVC_20_0,15,0.42500001192092896,10625.0,11.097599983215332,2.3944380283355713,2.3973331451416016,2.46991229057312,-0.07257921993732452,0.6189042329788208,1.8510080575942993,0.5583812594413757,0.5233864784240723,0.7692402601242065,1.2118146419525146,0.3731164038181305,0.3731164038181305,1.1918119192123413,2.191120147705078,0.6228560209274292,0.6676045656204224,53.52091598510742,1.3795299530029297,0.04038303345441818,1.3962427377700806,2.159546375274658,0.506883978843689,0.4640190005302429
16,train,0,1.0,1.0,0,PVC_20_0,16,0.44999998807907104,11250.0,12.44159984588623,2.6817269325256348,2.6476778984069824,2.7701776027679443,-0.12249968945980072,0.6907718181610107,2.0794057846069336,0.630890429019928,0.579259991645813,0.8692552447319031,1.370949149131775,0.395028293132782,0.395028293132782,1.1865109205245972,2.2030420303344727,0.6093951463699341,0.6474189162254333,49.48377990722656,1.3807735443115234,0.04514797404408455,1.399475336074829,2.159621238708496,0.507504940032959,0.46410155296325684
17,train,0,1.0,1.0,0,PVC_20_0,17,0.4749999940395355,11875.0,13.86240005493164,2.9678232669830322,2.9006497859954834,3.0757815837860107,-0.17513182759284973,0.7667370438575745,2.309044599533081,0.7038720846176147,0.6351516842842102,0.9700207114219666,1.515420913696289,0.4167393147945404,0.4167393147945404,1.182010531425476,2.2070000171661377,0.5979177951812744,0.6308286190032959,46.16572570800781,1.3786653280258179,0.048589032143354416,1.3987616300582886,2.1597187519073486,0.5083717703819275,0.46422278881073
18,train,0,1.0,1.0,0,PVC_20_0,18,0.5,12500.0,15.359999656677246,3.0878708362579346,3.154191017150879,3.3842034339904785,-0.2300124317407608,0.8466501235961914,2.537553310394287,0.7765633463859558,0.6904093027114868,1.0705806016921997,1.6484487056732178,0.4383312165737152,0.4383312165737152,1.177947998046875,2.2044379711151123,0.5878452062606812,0.6168425679206848,43.36851501464844,1.3734713792800903,0.05073154345154762,1.3943748474121094,2.1597135066986084,0.5094540119171143,0.4643876254558563
19,train,0,1.0,1.0,1,PVC_20_180,0,0.05000000074505806,1250.0,0.15360000729560852,0.30792152881622314,0.2982906997203827,0.2362891137599945,0.062001585960388184,0.00812089815735817,0.22816821932792664,0.12144855409860611,5.7894780525202805e-08,0.10671960562467575,0.013280894607305527,1.3017747316988583e-22,0.013280894607305527,1.129863977432251,3.970402717590332,0.9293434023857117,0.9950531721115112,119.01063537597656,1.583969235420227,0.5620898604393005,1.8510692119598389,2.203300952911377,0.8476293683052063,1.9360905885696411
20,val,0,1.0,1.0,1,PVC_20_180,1,0.07500000298023224,1875.0,0.3456000089645386,0.17357100546360016,0.1384192705154419,0.1258668154478073,0.012552451342344284,0.020571503788232803,0.10529531538486481,0.04769865423440933,6.584411949006608e-08,0.0575965978205204,0.030723044648766518,2.8289993467871503e-22,0.030723044648766518,1.2720543146133423,1.8778096437454224,0.8793997168540955,0.9886112809181213,117.72225952148438,1.1362918615341187,0.015345962718129158,1.141523003578186,1.3186397552490234,1.5524296760559082,1.5922703742980957
21,val,0,1.0,1.0,1,PVC_20_180,2,0.10000000149011612,2500.0,0.6144000291824341,0.34319770336151123,0.1881406158208847,0.18954703211784363,-0.0014064203714951873,0.03556947037577629,0.15397755801677704,0.07467704266309738,8.412281715663994e-08,0.07930043339729309,0.05678054317831993,4.807654095618108e-22,0.05678054317831993,1.237198829650879,1.8773865699768066,0.8577874898910522,0.9791058301925659,115.8211669921875,0.8932008147239685,-0.027434321120381355,0.8858495354652405,1.4967601299285889,1.4742138385772705,1.58942711353302
22,train,0,1.0,1.0,1,PVC_20_180,3,0.125,3125.0,0.9599999785423279,0.31932196021080017,0.27129945158958435,0.2866227924823761,-0.015323341824114323,0.05381983518600464,0.23280295729637146,0.11569708585739136,1.1891207662984016e-07,0.11710575968027115,0.09318999201059341,7.104417698677035e-22,0.09318999201059341,1.1980762481689453,1.931696891784668,0.842714786529541,0.9660651087760925,113.21302032470703,0.8142531514167786,-0.015293790958821774,0.8105172514915466,1.576448917388916,1.4419960975646973,1.5956428050994873
23,train,0,1.0,1.0,1,PVC_20_180,4,0.15000000596046448,3750.0,1.3824000358581543,0.31083568930625916,0.37891095876693726,0.4089847505092621,-0.030073780566453934,0.0762031078338623,0.3327816426753998,0.1665220409631729,1.6556208493057056e-07,0.16625943779945374,0.14211547374725342,3.0935381589327246e-21,0.14211547374725342,1.1780189275741577,1.9695537090301514,0.8320021629333496,0.9489836692810059,109.7967300415039,0.7825989723205566,-0.003326426027342677,0.7818180322647095,1.602117896080017,1.4358876943588257,1.5995912551879883
24,train,0,1.0,1.0,1,PVC_20_180,5,0.17499999701976776,4375.0,1.881600022315979,0.5591400265693665,0.5077687501907349,0.554071843624115,-0.04630308225750923,0.10281325876712799,0.4512585997581482,0.22574225068092346,2.223441981641372e-07,0.22551614046096802,0.20557907223701477,4.078542853266631e-21,0.20557907223701477,1.167710542678833,1.9894882440567017,0.8237732648849487,0.927563488483429,105.51270294189453,0.7677363753318787,0.002724268240854144,0.7683638334274292,1.6073381900787354,1.4413645267486572,1.6057281494140625
25,train,0,1.0,1.0,1,PVC_20_180,6,0.20000000298023224,5000.0,2.4576001167297363,0.6062102913856506,0.6562247276306152,0.7204492688179016,-0.06422451138496399,0.13367672264575958,0.5867725610733032,0.292481929063797,2.884741263642354e-07,0.29429036378860474,0.28418269753456116,5.143182058862414e-21,0.28418269753456116,1.162406086921692,1.9969139099121094,0.8170943260192871,0.9021280407905579,100.42560577392578,0.7599956393241882,0.004239809233695269,0.7609623074531555,1.6039665937423706,1.4520854949951172,1.6138838529586792
26,train,0,1.0,1.0,1,PVC_20_180,7,0.22499999403953552,5625.0,3.1103999614715576,0.8631705045700073,0.8234888315200806,0.9069305062294006,-0.08344169706106186,0.1689077615737915,0.7380227446556091,0.36605578660964966,3.633032008565351e-07,0.3719666004180908,0.3756729066371918,6.2701978720074416e-21,0.3756729066371918,1.1605042219161987,1.995786428451538,0.8112971782684326,0.8739358186721802,94.78716278076172,0.7558336853981018,0.0026578616816550493,0.7564364075660706,1.5965205430984497,1.4647979736328125,1.6223000288009644
27,train,0,1.0,1.0,1,PVC_20_180,8,0.25,6250.0,3.8399999141693115,1.0573121309280396,1.009272813796997,1.1122866868972778,-0.10301382839679718,0.2087308019399643,0.9035558700561523,0.44582194089889526,4.460873128664389e-07,0.45773348212242126,0.47503334283828735,2.200904255082346e-21,0.47503334283828735,1.1616321802139282,1.988533854484558,0.8058766722679138,0.8448962569236755,88.97925567626953,0.7537681460380554,-0.001217074110172689,0.7534928917884827,1.5868946313858032,1.4777438640594482,1.6292933225631714
28,val,0,1.0,1.0,1,PVC_20_180,9,0.2750000059604645,6875.0,4.646399974822998,1.2427419424057007,1.213638424873352,1.335123062133789,-0.12148460000753403,0.25349631905555725,1.0816267728805542,0.5311158895492554,5.359038368624169e-07,0.5505103468894958,0.5766147971153259,2.6106018041597455e-21,0.5766147971153259,1.1659189462661743,1.9766318798065186,0.8004423975944519,0.8167735934257507,83.3547134399414,0.7530909180641174,-0.007039221934974194,0.7515005469322205,1.575968623161316,1.4899659156799316,1.6335172653198242
29,train,0,1.0,1.0,1,PVC_20_180,10,0.30000001192092896,7500.0,5.529600143432617,1.5060391426086426,1.4369550943374634,1.573769211769104,-0.13681411743164062,0.3037170171737671,1.270052194595337,0.6212033033370972,6.315715950222511e-07,0.648848295211792,0.6762266159057617,3.0584045913771367e-21,0.6762266159057617,1.1737854480743408,1.960953950881958,0.7946678996086121,0.7906438708305359,78.12877655029297,0.7534211874008179,-0.01472301222383976,0.750093400478363,1.5641818046569824,1.5008997917175293,1.6337916851043701
30,train,0,1.0,1.0,1,PVC_20_180,11,0.32499998807907104,8125.0,6.48960018157959,1.597334623336792,1.67988920211792,1.8261386156082153,-0.14624938368797302,0.36012569069862366,1.466012954711914,0.7152254581451416,7.315514949368662e-07,0.7507867813110352,0.771656334400177,3.5438832744536875e-21,0.771656334400177,1.1859040260314941,1.9419589042663574,0.788250207901001,0.766912579536438,73.38251495361328,0.7545333504676819,-0.02433799020946026,0.7490242123603821,1.5517406463623047,1.5101436376571655,1.6288937330245972
31,train,0,1.0,1.0,1,PVC_20_180,12,0.3499999940395355,8750.0,7.526400089263916,1.9695085287094116,1.9433763027191162,2.089578866958618,-0.14620260894298553,0.4237459897994995,1.6658328771591187,0.8121414184570312,8.338373618244077e-07,0.8536906242370605,0.8621596693992615,1.1680538468040135e-22,0.8621596693992615,1.2031829357147217,1.919836163520813,0.7808836102485657,0.7455744743347168,69.1148910522461,0.7562726736068726,-0.03605125471949577,0.74809330701828,1.5387017726898193,1.5173265933990479,1.6174216270446777
32,train,0,1.0,1.0,1,PVC_20_180,13,0.375,9375.0,8.640000343322754,2.2906291484832764,2.228560209274292,2.3608131408691406,-0.1322530061006546,0.49596190452575684,1.8648511171340942,0.9107133746147156,9.358881811749598e-07,0.9541367888450623,0.9478147625923157,1.0756810115930194e-22,0.9478147625923157,1.22672700881958,1.8946864604949951,0.7722519636154175,0.7264378666877747,65.2875747680664,0.7585017681121826,-0.050065793097019196,0.7471092939376831,1.5250232219696045,1.522022008895874,1.597737193107605
33,train,0,1.0,1.0,1,PVC_20_180,14,0.4000000059604645,10000.0,9.830400466918945,2.650298833847046,2.53668212890625,2.6361522674560547,-0.09947008639574051,0.5785478949546814,2.0576043128967285,1.009621024131775,1.0346823273721384e-06,1.047982096672058,1.0290770530700684,9.475226058219414e-23,1.0290770530700684,1.257712721824646,1.8667755126953125,0.7620459198951721,0.7092531323432922,61.850624084472656,0.7610589265823364,-0.06650979071855545,0.7458735704421997,1.5106359720230103,1.5236618518829346,1.568033218383789
34,train,0,1.0,1.0,1,PVC_20_180,15,0.42500001192092896,10625.0,11.097599983215332,2.8269872665405273,2.868828296661377,2.9121837615966797,-0.043355442583560944,0.673552393913269,2.238631248474121,1.1078083515167236,1.1270132063145866e-06,1.130821943283081,1.1065337657928467,8.751692933370289e-23,1.1065337657928467,1.2970467805862427,1.8368500471115112,0.7500143051147461,0.6937710642814636,58.754215240478516,0.7637209892272949,-0.08521578460931778,0.7441966533660889,1.495560884475708,1.5214587450027466,1.5266296863555908
35,val,0,1.0,1.0,1,PVC_20_180,16,0.44999998807907104,11250.0,12.44159984588623,3.2195968627929688,3.2254066467285156,3.187002182006836,0.03840447962284088,0.7828766107559204,2.404125690460205,1.2050957679748535,1.2100791764169117e-06,1.1990288496017456,1.1807831525802612,1.4413170314209997e-23,1.1807831525802612,1.3447157144546509,1.8064322471618652,0.7360376715660095,0.6797662973403931,55.95326232910156,0.7661738991737366,-0.10536002367734909,0.7419567108154297,1.4800457954406738,1.5143580436706543,1.4725944995880127
36,train,0,1.0,1.0,1,PVC_20_180,17,0.4749999940395355,11875.0,13.86240005493164,3.643343448638916,3.6053850650787354,3.461616039276123,0.14376911520957947,0.907417356967926,2.554198741912842,1.302929401397705,1.282199605157075e-06,1.2512681484222412,1.2523813247680664,2.179188649855603e-23,1.2523813247680664,1.398884892463684,1.777967095375061,0.7201734781265259,0.6670430302619934,53.408607482910156,0.7679949402809143,-0.12501183152198792,0.7391924262046814,1.4646408557891846,1.5010323524475098,1.4065676927566528
37,train,0,1.0,1.0,1,PVC_20_180,18,0.5,12500.0,15.359999656677246,4.037886619567871,4.005721092224121,3.740558624267578,0.26516222953796387,1.0458956956863403,2.6946630477905273,1.4049689769744873,1.343081066806917e-06,1.2896928787231445,1.3218237161636353,7.380154498657305e-22,1.3218237161636353,1.455159068107605,1.75473153591156,0.7025783658027649,0.6554343104362488,51.08686828613281,0.7686617970466614,-0.14081931114196777,0.736189067363739,1.450124979019165,1.4798150062561035,1.3311437368392944
38,train,0,1.0,1.0,2,PVC_10_0,0,0.05000000074505806,1250.0,0.15360000729560852,0.004296653904020786,0.008600170724093914,0.010158592835068703,-0.001558421878144145,0.007840137928724289,0.0023184551391750574,0.0002857775252778083,0.0007089594728313386,0.00132371811196208,0.00040676744538359344,0.006354009732604027,0.006354009732604027,1.09080171585083,1.9443731307983398,0.8317558169364929,0.9039982557296753,100.79964447021484,0.21507607400417328,-0.005501743871718645,0.21472108364105225,1.1703085899353027,0.5444273948669434,0.8454927802085876
39,train,0,1.0,1.0,2,PVC_10_0,1,0.07500000298023224,1875.0,0.3456000089645386,0.0044425735250115395,0.011538682505488396,0.014685330912470818,-0.0031466479413211346,0.013169270940124989,0.001516059972345829,8.321796485688537e-05,0.0007376885041594505,0.0006951534887775779,0.0009348801104351878,0.013912936672568321,0.013912936672568321,0.8143317103385925,1.9442025423049927,0.9226586222648621,0.9087178111076355,101.7435531616211,0.06474796682596207,0.0015646280953660607,0.06477836519479752,0.5020995140075684,0.7523964643478394,0.6541773080825806
40,train,0,1.0,1.0,2,PVC_10_0,2,0.10000000149011612,2500.0,0.6144000291824341,0.11792551726102829,0.11892983317375183,0.11597854644060135,0.002951290225610137,0.03249000757932663,0.08348853886127472,0.007312246132642031,0.0361097976565361,0.040066491812467575,0.001714052981697023,0.02382538840174675,0.02382538840174675,1.13008713722229,2.053380250930786,0.866365373134613,0.91482013463974,102.96401977539062,0.9239890575408936,0.058776404708623886,0.9402817487716675,1.618788480758667,1.4391474723815918,1.3834474086761475
41,val,0,1.0,1.0,2,PVC_10_0,3,0.125,3125.0,0.9599999785423279,0.3397746682167053,0.13202811777591705,0.1350492686033249,-0.0030211512930691242,0.04699116572737694,0.08805809915065765,0.01210835762321949,0.037546344101428986,0.038403403013944626,0.0027921691071242094,0.035525012761354446,0.035525012761354446,1.0460642576217651,1.9532989263534546,0.9043306112289429,0.9218372106552124,104.36743927001953,0.8531239628791809,0.003890479914844036,0.8541197180747986,1.9853836297988892,1.0617974996566772,0.9821344017982483
42,train,0,1.0,1.0,2,PVC_10_0,4,0.15000000596046448,3750.0,1.3824000358581543,0.16250543296337128,0.16514386236667633,0.1651259809732437,1.7878492144518532e-05,0.0706699937582016,0.09445598721504211,0.01711808703839779,0.040151648223400116,0.03718624636530876,0.004245518706738949,0.04842253029346466,0.04842253029346466,1.0924829244613647,1.9629310369491577,0.9319272637367249,0.9292217493057251,105.84434509277344,0.7978293299674988,-0.00518275611102581,0.7965888381004333,2.079697608947754,0.8164100646972656,0.7046433687210083
43,val,0,1.0,1.0,2,PVC_10_0,5,0.17499999701976776,4375.0,1.881600022315979,0.17313167452812195,0.22579780220985413,0.21798169612884521,0.007816103287041187,0.10192238539457321,0.1160593032836914,0.024408023804426193,0.04804608225822449,0.043605197221040726,0.006197645794600248,0.06197976693511009,0.06197976693511009,1.1575922966003418,1.9798835515975952,0.9345808625221252,0.9363734722137451,107.27469635009766,0.8171417713165283,-0.0033654964063316584,0.8163167238235474,2.1077780723571777,0.6924293041229248,0.5873169898986816
44,train,0,1.0,1.0,2,PVC_10_0,6,0.20000000298023224,5000.0,2.4576001167297363,0.32816481590270996,0.3072831630706787,0.2895882725715637,0.017694875597953796,0.13863429427146912,0.1509539783000946,0.03434737026691437,0.06047983467578888,0.05612676590681076,0.008858030661940575,0.07576147466897964,0.07576147466897964,1.2055155038833618,1.9996323585510254,0.9222936630249023,0.9426351189613342,108.52703094482422,0.8676854372024536,0.0036388623993843794,0.8686326146125793,2.113070011138916,0.6292219161987305,0.5385578870773315
45,val,0,1.0,1.0,2,PVC_10_0,7,0.22499999403953552,5625.0,3.1103999614715576,0.4748879671096802,0.40518325567245483,0.3772003948688507,0.02798284776508808,0.17956072092056274,0.19763967394828796,0.047176048159599304,0.0766303762793541,0.07383324205875397,0.012609980069100857,0.0894559770822525,0.0894559770822525,1.2336969375610352,2.0242252349853516,0.9014757871627808,0.9472165703773499,109.44332122802734,0.9282602071762085,0.014378800988197327,0.9322643280029297,2.110694169998169,0.5931885242462158,0.5152259469032288
46,val,0,1.0,1.0,2,PVC_10_0,8,0.25,6250.0,3.8399999141693115,0.5574852824211121,0.516942024230957,0.4794699251651764,0.03747212514281273,0.22411727905273438,0.255352646112442,0.06309214979410172,0.09585640579462051,0.09640409052371979,0.01824268512427807,0.10286881029605865,0.10286881029605865,1.24726140499115,2.052494764328003,0.8759663701057434,0.9489527344703674,109.79054260253906,0.9897839426994324,0.026873018592596054,0.997763454914093,2.106940984725952,0.5699710845947266,0.5021280646324158
47,train,0,1.0,1.0,2,PVC_10_0,9,0.2750000059604645,6875.0,4.646399974822998,0.5972995758056641,0.6409095525741577,0.595716118812561,0.04519344121217728,0.27212053537368774,0.3235955834388733,0.08224506676197052,0.11764205992221832,0.12370844185352325,0.027722017839550972,0.11590054631233215,0.11590054631233215,1.251578450202942,2.0823988914489746,0.8481859564781189,0.9455310702323914,109.10620880126953,1.0482639074325562,0.039628274738788605,1.0607261657714844,2.104475736618042,0.5535383820533752,0.49371400475502014
48,train,0,1.0,1.0,2,PVC_10_0,10,0.30000001192092896,7500.0,5.529600143432617,0.7768981456756592,0.7757849097251892,0.7254543304443359,0.05033058300614357,0.3235969841480255,0.4018573760986328,0.10469885915517807,0.1415436863899231,0.15561480820178986,0.04799525439739227,0.12852023541927338,0.12852023541927338,1.2506163120269775,2.111963987350464,0.8197526335716248,0.9301102161407471,106.02204132080078,1.1018011569976807,0.051915962249040604,1.1189614534378052,2.104090929031372,0.541218101978302,0.48777052760124207
49,val,0,1.0,1.0,2,PVC_10_0,11,0.32499998807907104,8125.0,6.48960018157959,0.982464611530304,0.9203792214393616,0.8681540489196777,0.05222516134381294,0.3786714971065521,0.4894825220108032,0.13040363788604736,0.16716402769088745,0.1919148564338684,0.12503765523433685,0.14074119925498962,0.14074119925498962,1.2469758987426758,2.1394639015197754,0.7917755246162415,0.8688808679580688,93.77617645263672,1.1494780778884888,0.06356678158044815,1.171398639678955,2.1056201457977295,0.5317079424858093,0.48332691192626953
50,train,0,1.0,1.0,2,PVC_10_0,12,0.3499999940395355,8750.0,7.526400089263916,1.096636176109314,1.0735207796096802,1.0231258869171143,0.05039485543966293,0.4374934136867523,0.5856324434280396,0.15919028222560883,0.19414079189300537,0.23230138421058655,0.28669342398643494,0.15260235965251923,0.15260235965251923,1.2422173023223877,2.1634738445281982,0.7649841904640198,0.778120756149292,75.62416076660156,1.1909619569778442,0.07466911524534225,1.2176403999328613,2.108513832092285,0.5242836475372314,0.47990328073501587
51,train,0,1.0,1.0,2,PVC_10_0,13,0.375,9375.0,8.640000343322754,1.2108826637268066,1.2339965105056763,1.1894714832305908,0.04452505707740784,0.5001839995384216,0.689287543296814,0.1907806098461151,0.2221379280090332,0.27636897563934326,0.4131476581096649,0.1641552746295929,0.1641552746295929,1.2371699810028076,2.182924747467041,0.7398085594177246,0.7271667718887329,65.43335723876953,1.2262916564941406,0.08534027636051178,1.2576873302459717,2.1121606826782227,0.5184873342514038,0.47722598910331726
52,train,0,1.0,1.0,2,PVC_10_0,14,0.4000000059604645,10000.0,9.830400466918945,1.3690028190612793,1.4004994630813599,1.366058588027954,0.03444083034992218,0.5668047666549683,0.7992538213729858,0.22480055689811707,0.250834584236145,0.32361865043640137,0.5165508985519409,0.17545562982559204,0.17545562982559204,1.2321841716766357,2.1971330642700195,0.7164523601531982,0.6930793523788452,58.615875244140625,1.2556999921798706,0.09559550136327744,1.2917118072509766,2.1160311698913574,0.5140044093132019,0.47511667013168335
53,train,0,1.0,1.0,2,PVC_10_0,15,0.42500001192092896,10625.0,11.097599983215332,1.6664570569992065,1.5715916156768799,1.551511526107788,0.020080136135220528,0.6373502612113953,0.914161205291748,0.26078885793685913,0.27991366386413574,0.3734586834907532,0.6059073209762573,0.18655820190906525,0.18655820190906525,1.2273330688476562,2.205787181854248,0.6949683427810669,0.6676045656204224,53.52091598510742,1.2794655561447144,0.10530372709035873,1.3198853731155396,2.119717597961426,0.5106108784675598,0.47344934940338135
54,val,0,1.0,1.0,2,PVC_10_0,16,0.44999998807907104,11250.0,12.44159984588623,1.7020379304885864,1.745713710784912,1.7442251443862915,0.00148862530477345,0.711762547492981,1.0324625968933105,0.29820525646209717,0.309052050113678,0.425205260515213,0.6854745745658875,0.197514146566391,0.197514146566391,1.2225658893585205,2.2088887691497803,0.6753172874450684,0.6474189162254333,49.48377990722656,1.2978209257125854,0.1142086610198021,1.3422876596450806,2.122939109802246,0.5081454515457153,0.4721313714981079
55,train,0,1.0,1.0,2,PVC_10_0,17,0.4749999940395355,11875.0,13.86240005493164,1.914313793182373,1.9212360382080078,1.9423913955688477,-0.02115539461374283,0.7899543642997742,1.1524369716644287,0.3364401161670685,0.3379094898700714,0.4780873656272888,0.7577104568481445,0.2083696573972702,0.2083696573972702,1.21780264377594,2.206653356552124,0.6574023962020874,0.6308286190032959,46.16572570800781,1.31092369556427,0.12197580188512802,1.3588939905166626,2.1255314350128174,0.5064901113510132,0.47109565138816833
56,train,0,1.0,1.0,2,PVC_10_0,18,0.5,12500.0,15.359999656677246,2.087332010269165,2.0965397357940674,2.144036054611206,-0.047496404498815536,0.8718249797821045,1.2722110748291016,0.3748287260532379,0.3661208748817444,0.5312615036964417,0.8242243528366089,0.2191656082868576,0.2191656082868576,1.2129738330841064,2.199392318725586,0.6410876512527466,0.6168425679206848,43.36851501464844,1.3188780546188354,0.1282624453306198,1.369626760482788,2.1274266242980957,0.5055578947067261,0.47029685974121094
57,val,0,1.0,1.0,3,PVC_10_180,0,0.05000000074505806,1250.0,0.15360000729560852,0.1761522889137268,0.0591423325240612,0.05386520177125931,0.005277130287140608,0.008192425593733788,0.04567277431488037,0.02381226420402527,8.732971679137336e-09,0.021860502660274506,0.006640447303652763,6.508873658494291e-23,0.006640447303652763,1.1398155689239502,2.2591307163238525,0.9114018678665161,0.9950531721115112,119.01063537597656,1.2775667905807495,0.12694798409938812,1.3262221813201904,2.119394302368164,0.6396235823631287,1.945678949356079
58,val,0,1.0,1.0,3,PVC_10_180,1,0.07500000298023224,1875.0,0.3456000089645386,0.1749381422996521,0.10290134698152542,0.09551925957202911,0.007382087409496307,0.016604682430624962,0.078914575278759,0.03723837062716484,2.6068121883326967e-08,0.04167617857456207,0.015361522324383259,1.4144996733935752e-22,0.015361522324383259,1.0267629623413086,2.1138839721679688,1.0320277214050293,0.9886112809181213,117.72225952148438,1.1302846670150757,0.12929561734199524,1.1741268634796143,1.778200626373291,0.9046273231506348,1.9901137351989746
59,train,0,1.0,1.0,3,PVC_10_180,2,0.10000000149011612,2500.0,0.6144000291824341,0.10751472413539886,0.11415952444076538,0.1096128597855568,0.004546665120869875,0.03468979895114899,0.0749230608344078,0.029692476615309715,5.598106156412541e-08,0.04523053020238876,0.028390271589159966,2.403827047809054e-22,0.028390271589159966,1.206601619720459,2.0309953689575195,0.9595326781272888,0.9791058301925659,115.8211669921875,0.9327385425567627,-0.0033614509738981724,0.9317979216575623,1.0459825992584229,1.5414187908172607,1.5933445692062378
60,train,0,1.0,1.0,3,PVC_10_180,3,0.125,3125.0,0.9599999785423279,0.198393777012825,0.19408650696277618,0.18683646619319916,0.007250044494867325,0.054721470922231674,0.13211499154567719,0.06099234148859978,7.765215315203022e-08,0.07112257182598114,0.04659499600529671,3.5522088493385176e-22,0.04659499600529671,1.2181475162506104,2.063009738922119,0.891342043876648,0.9660651087760925,113.21302032470703,0.9388260245323181,0.01721525751054287,0.9436746835708618,1.3367201089859009,1.4319753646850586,1.5587360858917236
61,train,0,1.0,1.0,3,PVC_10_180,4,0.15000000596046448,3750.0,1.3824000358581543,0.27636855840682983,0.2788642942905426,0.27221864461898804,0.00664565758779645,0.07797864079475403,0.1942400187253952,0.09541182965040207,9.92015003475899e-08,0.09882809221744537,0.07105773687362671,1.5467690794663623e-21,0.07105773687362671,1.205466866493225,2.0400960445404053,0.863070011138916,0.9489836692810059,109.7967300415039,0.9183138608932495,0.016639886423945427,0.9228981137275696,1.501495599746704,1.356610894203186,1.5552572011947632
62,train,0,1.0,1.0,3,PVC_10_180,5,0.17499999701976776,4375.0,1.881600022315979,0.3855060040950775,0.3679378032684326,0.3647299110889435,0.0032079045195132494,0.10460057854652405,0.26012933254241943,0.13106252253055573,1.246905441121271e-07,0.12906667590141296,0.10278953611850739,2.0392714266333154e-21,0.10278953611850739,1.1880100965499878,2.0217044353485107,0.8484360575675964,0.927563488483429,105.51270294189453,0.8917713165283203,0.004917149897664785,0.8930867910385132,1.5801557302474976,1.3289145231246948,1.556092619895935
63,train,0,1.0,1.0,3,PVC_10_180,6,0.20000000298023224,5000.0,2.4576001167297363,0.4729076027870178,0.4629584848880768,0.46572670340538025,-0.0027682101354002953,0.13464760780334473,0.3310790956020355,0.168682262301445,1.5446045154021704e-07,0.16239668428897858,0.14209134876728058,2.571591029431207e-21,0.14209134876728058,1.1708486080169678,2.0093331336975098,0.839443564414978,0.9021280407905579,100.42560577392578,0.865102231502533,-0.009150361642241478,0.8627274632453918,1.6217823028564453,1.3268145322799683,1.5613501071929932
64,train,0,1.0,1.0,3,PVC_10_180,7,0.22499999403953552,5625.0,3.1103999614715576,0.585237979888916,0.5651505589485168,0.5757258534431458,-0.010575288906693459,0.16861797869205475,0.4071078896522522,0.2083926945924759,1.8814546365319984e-07,0.1987149864435196,0.1878364533185959,3.1350989360037208e-21,0.1878364533185959,1.1585133075714111,1.9992561340332031,0.8328880667686462,0.8739358186721802,94.78716278076172,0.840029239654541,-0.02074505016207695,0.8348013162612915,1.6442759037017822,1.3367819786071777,1.567915916442871
65,train,0,1.0,1.0,3,PVC_10_180,8,0.25,6250.0,3.8399999141693115,0.6845232844352722,0.6767801642417908,0.6954060792922974,-0.0186258926987648,0.20737579464912415,0.4880303144454956,0.25028207898139954,2.2528374188368616e-07,0.23774799704551697,0.23751667141914368,1.100452127541173e-21,0.23751667141914368,1.1540913581848145,1.9896496534347534,0.8271791934967041,0.8448962569236755,88.97925567626953,0.8180108666419983,-0.028431182727217674,0.8110337257385254,1.654409408569336,1.3502206802368164,1.5715566873550415
66,train,0,1.0,1.0,3,PVC_10_180,9,0.2750000059604645,6875.0,4.646399974822998,0.8764917254447937,0.801006019115448,0.8255562782287598,-0.02455027773976326,0.25196322798728943,0.573593020439148,0.2945058345794678,2.6527922614150157e-07,0.2790869474411011,0.28830739855766296,1.3053009020798728e-21,0.28830739855766296,1.1588677167892456,1.9798504114151,0.8212710022926331,0.8167735934257507,83.3547134399414,0.8003202080726624,-0.03340558335185051,0.7922996282577515,1.6550666093826294,1.3614435195922852,1.5684154033660889
67,train,0,1.0,1.0,3,PVC_10_180,10,0.30000001192092896,7500.0,5.529600143432617,0.9029657244682312,0.941159188747406,0.9666042923927307,-0.02544507570564747,0.3034014105796814,0.6632028818130493,0.3411160409450531,3.07315787040352e-07,0.32208651304244995,0.33811330795288086,1.5292022956885683e-21,0.33811330795288086,1.1725658178329468,1.9694945812225342,0.8142873644828796,0.7906438708305359,78.12877655029297,0.787735104560852,-0.038109563291072845,0.7787290215492249,1.6475067138671875,1.3670787811279297,1.5555988550186157
68,train,0,1.0,1.0,3,PVC_10_180,11,0.32499998807907104,8125.0,6.48960018157959,1.0138746500015259,1.100175380706787,1.1182533502578735,-0.01807798258960247,0.36257296800613403,0.7556803822517395,0.3899073600769043,3.503186007947079e-07,0.36577266454696655,0.3858281672000885,1.7719416372268438e-21,0.3858281672000885,1.1939630508422852,1.9583123922348022,0.8054731488227844,0.766912579536438,73.38251495361328,0.7804437279701233,-0.04486451297998428,0.7699394822120667,1.6321684122085571,1.3654536008834839,1.5311393737792969
69,train,0,1.0,1.0,3,PVC_10_180,12,0.3499999940395355,8750.0,7.526400089263916,1.313947081565857,1.2801475524902344,1.2793620824813843,0.0007854467257857323,0.43015697598457336,0.8492051362991333,0.4403717815876007,3.9298328147197026e-07,0.40883293747901917,0.43107983469963074,5.840269234020067e-23,0.43107983469963074,1.2213863134384155,1.94626784324646,0.794258177280426,0.7455744743347168,69.1148910522461,0.7780828475952148,-0.05489957332611084,0.7652679085731506,1.6090741157531738,1.3559081554412842,1.4938344955444336
70,train,0,1.0,1.0,3,PVC_10_180,13,0.375,9375.0,8.640000343322754,1.5928974151611328,1.4817122220993042,1.4480597972869873,0.03365243226289749,0.5065265893936157,0.9415332078933716,0.4917490780353546,4.338881751664303e-07,0.44978365302085876,0.47390738129615784,5.378405057965097e-23,0.47390738129615784,1.25285804271698,1.933766484260559,0.780316948890686,0.7264378666877747,65.2875747680664,0.7797858715057373,-0.06772615015506744,0.763942301273346,1.578066110610962,1.3382881879806519,1.4433951377868652
71,val,0,1.0,1.0,3,PVC_10_180,14,0.4000000059604645,10000.0,9.830400466918945,1.7449835538864136,1.7032320499420166,1.6221003532409668,0.0811317041516304,0.5915583372116089,1.030542016029358,0.5431385040283203,4.7166847139124e-07,0.4874030649662018,0.5145385265350342,4.737613029109707e-23,0.5145385265350342,1.2859960794448853,1.9218730926513672,0.7635751366615295,0.7092531323432922,61.850624084472656,0.7842098474502563,-0.08081041276454926,0.7651981711387634,1.538865566253662,1.3126121759414673,1.380951166152954
72,train,0,1.0,1.0,3,PVC_10_180,15,0.42500001192092896,10625.0,11.097599983215332,1.9275760650634766,1.940186858177185,1.7993392944335938,0.14084751904010773,0.6843761801719666,1.1149630546569824,0.593608021736145,5.051567200098361e-07,0.5213544964790344,0.5532668828964233,4.3758464666851443e-23,0.5532668828964233,1.3178900480270386,1.9124971628189087,0.7441557049751282,0.6937710642814636,58.754215240478516,0.7896013259887695,-0.08970239013433456,0.7683525681495667,1.490971565246582,1.278772234916687,1.3094916343688965
73,train,0,1.0,1.0,3,PVC_10_180,16,0.44999998807907104,11250.0,12.44159984588623,2.2017436027526855,2.1854097843170166,1.978006362915039,0.20740340650081635,0.7832629084587097,1.1947433948516846,0.6421939134597778,5.333960757525347e-07,0.5525490045547485,0.5903915762901306,7.206585157104998e-24,0.5903915762901306,1.3453792333602905,1.9082328081130981,0.7223151922225952,0.6797662973403931,55.95326232910156,0.794024646282196,-0.08898250758647919,0.7728283405303955,1.4336249828338623,1.2363849878311157,1.2335028648376465
74,train,0,1.0,1.0,3,PVC_10_180,17,0.4749999940395355,11875.0,13.86240005493164,2.481191635131836,2.4303157329559326,2.1564905643463135,0.2738252282142639,0.8860674500465393,1.270423173904419,0.6877841353416443,5.556059363698296e-07,0.5826385617256165,0.6261906623840332,1.0895943249278015e-23,0.6261906623840332,1.3659716844558716,1.9114444255828857,0.698466420173645,0.6670430302619934,53.408607482910156,0.7958594560623169,-0.07428163290023804,0.7781240940093994,1.3663536310195923,1.185205340385437,1.1574711799621582
75,val,0,1.0,1.0,3,PVC_10_180,18,0.5,12500.0,15.359999656677246,2.5872838497161865,2.6664724349975586,2.3328895568847656,0.33358290791511536,0.9910102486610413,1.3418793678283691,0.7291635870933533,5.712872734875418e-07,0.6127151250839233,0.6609118580818176,3.6900772493286525e-22,0.6609118580818176,1.3787966966629028,1.9229105710983276,0.6732968091964722,0.6554343104362488,51.08686828613281,0.7943323254585266,-0.044647540897130966,0.7836928367614746,1.2902944087982178,1.1260898113250732,1.0842324495315552
76,train,0,1.0,1.0,4,Rguijiao_20_0,0,0.05000000074505806,1250.0,0.5408450961112976,0.0793856531381607,0.07908590137958527,0.0746619701385498,0.004423933569341898,0.008152383379638195,0.06650958955287933,0.007012844085693359,0.02159479260444641,0.03790195658802986,0.0008497143280692399,0.012034342624247074,0.012034342624247074,1.134244441986084,2.1477742195129395,0.8596540093421936,0.9132076501846313,102.64153289794922,1.2588610649108887,0.011612876318395138,1.263246774673462,2.209601879119873,1.2344889640808105,1.8626165390014648
77,train,0,1.0,1.0,4,Rguijiao_20_0,1,0.07500000298023224,1875.0,1.216901421546936,0.06598012149333954,0.06794819235801697,0.07199972122907639,-0.004051525145769119,0.019316529855132103,0.05268319323658943,0.011696754023432732,0.02150360494852066,0.01948283240199089,0.002076980657875538,0.024730108678340912,0.024730108678340912,1.1944520473480225,1.8783310651779175,0.941935658454895,0.9264792203903198,105.29583740234375,1.1259613037109375,-0.026142584159970284,1.1171306371688843,2.1178901195526123,0.644718587398529,0.5502147078514099
78,train,0,1.0,1.0,4,Rguijiao_20_0,2,0.10000000149011612,2500.0,2.1633803844451904,0.13217772543430328,0.12760505080223083,0.12380428612232208,0.0038007681723684072,0.03496604040265083,0.08883824944496155,0.018556280061602592,0.036857184022665024,0.03342478722333908,0.004223970230668783,0.03916126862168312,0.03916126862168312,1.2162100076675415,1.9715174436569214,0.880672812461853,0.9396970868110657,107.93941497802734,0.9670170545578003,0.03603167459368706,0.9774700403213501,2.057896375656128,0.7239060401916504,0.578153669834137
79,train,0,1.0,1.0,4,Rguijiao_20_0,3,0.125,3125.0,3.380281686782837,0.19640156626701355,0.19800159335136414,0.19108007848262787,0.006921509280800819,0.05492507293820381,0.13615500926971436,0.028982121497392654,0.05494348704814911,0.05222941190004349,0.008221819996833801,0.053746797144412994,0.053746797144412994,1.222679853439331,1.9722975492477417,0.8550222516059875,0.9483026266098022,109.66053009033203,0.9563130140304565,0.05162746086716652,0.9711246490478516,2.069662094116211,0.7157315015792847,0.58173668384552
80,val,0,1.0,1.0,4,Rguijiao_20_0,4,0.15000000596046448,3750.0,4.867605686187744,0.2594616115093231,0.2760423719882965,0.2701367437839508,0.0059056272730231285,0.07911743968725204,0.19101931154727936,0.04387044906616211,0.07366455346345901,0.07348430901765823,0.01782258413732052,0.06770908087491989,0.06770908087491989,1.2230714559555054,1.9556840658187866,0.8349695801734924,0.9432054162025452,108.6410903930664,0.9875604510307312,0.07513418048620224,1.0098202228546143,2.1100051403045654,0.6618223190307617,0.5512492656707764
81,train,0,1.0,1.0,4,Rguijiao_20_0,5,0.17499999701976776,4375.0,6.625351905822754,0.35800719261169434,0.3576499819755554,0.36279088258743286,-0.005140913650393486,0.10622100532054901,0.25656986236572266,0.06557303667068481,0.09170718491077423,0.0992896556854248,0.0833248496055603,0.08086365461349487,0.08086365461349487,1.2064142227172852,1.9549707174301147,0.8026071786880493,0.8541660308837891,90.83320617675781,1.0558497905731201,0.09347330033779144,1.0854579210281372,2.156416654586792,0.5860703587532043,0.5092762112617493
82,train,0,1.0,1.0,4,Rguijiao_20_0,6,0.20000000298023224,5000.0,8.653521537780762,0.47495365142822266,0.44471824169158936,0.4771084487438202,-0.03239021450281143,0.13413846492767334,0.34296998381614685,0.09657494723796844,0.11035708338022232,0.1360379457473755,0.23541828989982605,0.09331627935171127,0.09331627935171127,1.1664212942123413,2.002166986465454,0.7412720918655396,0.7266942262649536,65.3388442993164,1.1529290676116943,0.07741573452949524,1.1797055006027222,2.1845765113830566,0.5252516269683838,0.4799598157405853
83,train,0,1.0,1.0,4,Rguijiao_20_0,7,0.22499999403953552,5625.0,10.952113151550293,0.5159441232681274,0.544466495513916,0.6135456562042236,-0.06907918304204941,0.1641319990158081,0.4494136571884155,0.13477790355682373,0.1299706995487213,0.18466505408287048,0.33878958225250244,0.10526465624570847,0.10526465624570847,1.1276917457580566,2.0803799629211426,0.662815511226654,0.6701484322547913,54.029693603515625,1.238142728805542,0.026927003636956215,1.2481446266174316,2.191204071044922,0.4972318112850189,0.46826407313346863
84,train,0,1.0,1.0,4,Rguijiao_20_0,8,0.25,6250.0,13.521126747131348,0.5834466218948364,0.6601383686065674,0.7632778882980347,-0.10313954204320908,0.20081046223640442,0.5624673962593079,0.1744242161512375,0.1501571238040924,0.23788608610630035,0.4210447072982788,0.11690676212310791,0.11690676212310791,1.1175538301467896,2.1370365619659424,0.601122260093689,0.6344692707061768,46.893856048583984,1.2849128246307373,-0.02169880084693432,1.2765485048294067,2.1863222122192383,0.4883515238761902,0.46507012844085693
85,train,0,1.0,1.0,4,Rguijiao_20_0,9,0.2750000059604645,6875.0,16.360563278198242,0.8144222497940063,0.7894693613052368,0.921105146408081,-0.13163580000400543,0.24610473215579987,0.6750004291534424,0.21248997747898102,0.1717640906572342,0.2907463610172272,0.4909791052341461,0.1284092366695404,0.1284092366695404,1.1319224834442139,2.152873992919922,0.5641289353370667,0.6089425683021545,41.788509368896484,1.3012255430221558,-0.05178433284163475,1.281010627746582,2.177400827407837,0.4866267442703247,0.4646824598312378
86,train,0,1.0,1.0,4,Rguijiao_20_0,10,0.30000001192092896,7500.0,19.470422744750977,0.9322099089622498,0.9283660054206848,1.0833041667938232,-0.15493814647197723,0.299177348613739,0.7841267585754395,0.24821004271507263,0.19447562098503113,0.3414411246776581,0.552803099155426,0.13990218937397003,0.13990218937397003,1.1562408208847046,2.134503126144409,0.543531596660614,0.5894266963005066,37.88533401489258,1.2995656728744507,-0.06661009788513184,1.2735964059829712,2.1681277751922607,0.4874700605869293,0.46518251299858093
87,val,0,1.0,1.0,4,Rguijiao_20_0,11,0.32499998807907104,8125.0,22.850704193115234,0.985845148563385,1.0734094381332397,1.2466546297073364,-0.17324519157409668,0.3587566316127777,0.8878979682922363,0.2813015580177307,0.21742184460163116,0.38917455077171326,0.6090114116668701,0.15148326754570007,0.15148326754570007,1.1813957691192627,2.092625617980957,0.5320068597793579,0.5738567113876343,34.77134704589844,1.2873491048812866,-0.07214873284101486,1.2594850063323975,2.1595218181610107,0.48934313654899597,0.465984970331192
88,train,0,1.0,1.0,4,Rguijiao_20_0,12,0.3499999940395355,8750.0,26.501407623291016,1.1948415040969849,1.2225492000579834,1.4094905853271484,-0.18694144487380981,0.42407870292663574,0.9854119420051575,0.311720073223114,0.23994538187980652,0.4337465167045593,0.6612422466278076,0.1632239818572998,0.1632239818572998,1.2041276693344116,2.0371298789978027,0.5253026485443115,0.5610531568527222,32.210636138916016,1.2686090469360352,-0.07277368009090424,1.240912675857544,2.15132212638855,0.49168339371681213,0.4668944180011749
89,train,0,1.0,1.0,4,Rguijiao_20_0,13,0.375,9375.0,30.422534942626953,1.4401521682739258,1.3749135732650757,1.5717668533325195,-0.19685326516628265,0.4948534369468689,1.0769133567810059,0.33970510959625244,0.2617144286632538,0.47549378871917725,0.7106358408927917,0.1751757562160492,0.1751757562160492,1.2239853143692017,1.976276159286499,0.5210056304931641,0.5502814054489136,30.056276321411133,1.245705008506775,-0.07131978869438171,1.2190519571304321,2.1429221630096436,0.4942328631877899,0.46783334016799927
90,val,0,1.0,1.0,4,Rguijiao_20_0,14,0.4000000059604645,10000.0,34.61408615112305,1.5939713716506958,1.5302835702896118,1.7343374490737915,-0.2040538787841797,0.5709742307662964,1.1633632183074951,0.3656759262084961,0.28261566162109375,0.5150715708732605,0.7580162286758423,0.1873747855424881,0.1873747855424881,1.2412482500076294,1.9160451889038086,0.5176963806152344,0.5410550832748413,28.211017608642578,1.2201273441314697,-0.06943051517009735,1.1947131156921387,2.1337506771087646,0.49683302640914917,0.4687668979167938
91,train,0,1.0,1.0,4,Rguijiao_20_0,15,0.42500001192092896,10625.0,39.07605743408203,1.847556233406067,1.6885936260223389,1.8981693983078003,-0.2095758020877838,0.6522601842880249,1.2459092140197754,0.39006903767585754,0.3026478886604309,0.5531921982765198,0.803994357585907,0.19984598457813263,0.19984598457813263,1.256044864654541,1.8600393533706665,0.5145617127418518,0.5330373644828796,26.607471466064453,1.192833423614502,-0.06783527135848999,1.1685585975646973,2.123379707336426,0.49937689304351807,0.4696824252605438
92,val,0,1.0,1.0,4,Rguijiao_20_0,16,0.44999998807907104,11250.0,43.80845260620117,1.9395111799240112,1.8496390581130981,2.0638694763183594,-0.21423041820526123,0.7383241057395935,1.325545310974121,0.41322875022888184,0.32186588644981384,0.5904505848884583,0.8490321040153503,0.21260574460029602,0.21260574460029602,1.2681896686553955,1.8099738359451294,0.5111987590789795,0.5259861946105957,25.19723892211914,1.164404273033142,-0.06666623800992966,1.1411163806915283,2.1115431785583496,0.5018069744110107,0.4705817401409149
93,val,0,1.0,1.0,4,Rguijiao_20_0,17,0.4749999940395355,11875.0,48.8112678527832,2.0250658988952637,2.0130090713500977,2.2315821647644043,-0.2185729742050171,0.8285766839981079,1.4030053615570068,0.4353765845298767,0.34036245942115784,0.6272662878036499,0.8934834003448486,0.2256641983985901,0.2256641983985901,1.2773433923721313,1.7663424015045166,0.5074809789657593,0.519722580909729,23.944515228271484,1.135178565979004,-0.0657675564289093,1.1127811670303345,2.0981178283691406,0.5041139721870422,0.47147512435913086
94,train,0,1.0,1.0,4,Rguijiao_20_0,18,0.5,12500.0,54.08450698852539,2.1159510612487793,2.1781818866729736,2.4011237621307373,-0.2229418009519577,0.9223296642303467,1.4787940979003906,0.4566323459148407,0.3582596778869629,0.6639021039009094,0.9382701516151428,0.23902688920497894,0.23902688920497894,1.2832412719726562,1.7289520502090454,0.5034467577934265,0.5142316222190857,22.84632110595703,1.1053886413574219,-0.06492261588573456,1.0838592052459717,2.083087682723999,0.5063226222991943,0.4723750352859497
95,train,0,1.0,1.0,5,Rguijiao_20_180,0,0.05000000074505806,1250.0,0.5408450961112976,0.03256566822528839,0.03254493698477745,0.033514294773340225,-0.0009693579049780965,0.008434824645519257,0.02507947012782097,0.019676782190799713,1.1004187783214547e-08,0.005402676295489073,0.014045508578419685,4.771743885034999e-23,0.014045508578419685,1.173540711402893,2.14829683303833,0.8669319748878479,0.9817633032798767,116.3526611328125,0.5538676977157593,0.0012762465048581362,0.5540797710418701,2.2040741443634033,1.0663660764694214,0.6051750779151917
96,train,0,1.0,1.0,5,Rguijiao_20_180,1,0.07500000298023224,1875.0,1.216901421546936,0.1428789347410202,0.13698051869869232,0.13641437888145447,0.0005661443574354053,0.020994413644075394,0.11541996151208878,0.07020743191242218,7.504940668923155e-08,0.045212455093860626,0.034756336361169815,9.746242062107351e-23,0.034756336361169815,1.2982052564620972,2.0831503868103027,0.9284145832061768,0.955812931060791,111.16258239746094,0.9858618974685669,0.0240669846534729,0.9929799437522888,2.011306047439575,1.7368474006652832,1.2952486276626587
97,train,0,1.0,1.0,5,Rguijiao_20_180,2,0.10000000149011612,2500.0,2.1633803844451904,0.154811292886734,0.1753121018409729,0.18132001161575317,-0.0060079023241996765,0.03369010612368584,0.14762990176677704,0.08231987804174423,7.985796202092388e-08,0.06530994176864624,0.06915778666734695,1.5577213465954122e-22,0.06915778666734695,1.1718295812606812,1.8925713300704956,0.8592441082000732,0.9151419997215271,103.02839660644531,0.7982004880905151,-0.02225414104759693,0.7928714752197266,1.8286405801773071,1.5484122037887573,1.45078444480896
98,train,0,1.0,1.0,5,Rguijiao_20_180,3,0.125,3125.0,3.380281686782837,0.3438483476638794,0.2712125778198242,0.2776716649532318,-0.0064590745605528355,0.052060648798942566,0.22561101615428925,0.1247287169098854,1.1297500179807685e-07,0.10088218748569489,0.11730728298425674,3.3007464984804745e-22,0.11730728298425674,1.1589152812957764,1.9465118646621704,0.81576007604599,0.8628255128860474,92.56509399414062,0.7806069850921631,0.014212626963853836,0.7839353084564209,1.7437647581100464,1.452120304107666,1.41037917137146
99,train,0,1.0,1.0,5,Rguijiao_20_180,4,0.15000000596046448,3750.0,4.867605686187744,0.366254061460495,0.3902163803577423,0.39316150546073914,-0.002945119747892022,0.0763789713382721,0.31678253412246704,0.17454060912132263,1.5454372714884812e-07,0.14224177598953247,0.17116811871528625,3.0512473384256006e-22,0.17116811871528625,1.1807377338409424,1.9763474464416504,0.7870678901672363,0.8097938895225525,81.95877838134766,0.7745184302330017,0.02453605830669403,0.7802194952964783,1.676921010017395,1.414870023727417,1.3666058778762817
100,val,0,1.0,1.0,5,Rguijiao_20_180,5,0.17499999701976776,4375.0,6.625351905822754,0.5469441413879395,0.5254850387573242,0.5217806100845337,0.003704433562234044,0.10613736510276794,0.41564327478408813,0.22783422470092773,2.0166739034266357e-07,0.18780885636806488,0.22271017730236053,4.1042529535057127e-22,0.22271017730236053,1.2054643630981445,1.9850677251815796,0.7652837038040161,0.7638893723487854,72.77787780761719,0.7673299908638,0.023323604837059975,0.7726990580558777,1.6167241334915161,1.4024631977081299,1.3327019214630127
101,val,0,1.0,1.0,5,Rguijiao_20_180,6,0.20000000298023224,5000.0,8.653521537780762,0.6811033487319946,0.6746058464050293,0.6607492566108704,0.013856587000191212,0.14132200181484222,0.5194272398948669,0.2826896607875824,2.5315176799267647e-07,0.23673734068870544,0.269457072019577,5.165577832583413e-22,0.269457072019577,1.2288868427276611,1.9827697277069092,0.7463488578796387,0.7262254357337952,65.24508666992188,0.7591641545295715,0.01747843623161316,0.763144850730896,1.5568593740463257,1.401005506515503,1.3037855625152588
102,train,0,1.0,1.0,5,Rguijiao_20_180,7,0.22499999403953552,5625.0,10.952113151550293,0.8595311641693115,0.8342966437339783,0.8060219287872314,0.02827473357319832,0.18220891058444977,0.6238130331039429,0.3364598751068115,3.0709361453773454e-07,0.28735285997390747,0.31184452772140503,6.088031133035027e-22,0.31184452772140503,1.2518917322158813,1.9755562543869019,0.7276806831359863,0.6954247355461121,59.08494186401367,0.7496656179428101,0.009450526908040047,0.7517910599708557,1.4916279315948486,1.403196096420288,1.2739216089248657
103,val,0,1.0,1.0,5,Rguijiao_20_180,8,0.25,6250.0,13.521126747131348,0.9238037467002869,0.9997779726982117,0.9524035453796387,0.0473744198679924,0.2291250228881836,0.7232785224914551,0.38583654165267944,3.608872134464036e-07,0.337441623210907,0.35095101594924927,4.4343872033728714e-23,0.35095101594924927,1.2751305103302002,1.9674031734466553,0.7076716423034668,0.6699312329292297,53.986244201660156,0.7381203174591064,0.0005997865810059011,0.738253116607666,1.416783332824707,1.404433012008667,1.239078164100647
104,train,0,1.0,1.0,5,Rguijiao_20_180,9,0.2750000059604645,6875.0,16.360563278198242,1.1566203832626343,1.1653196811676025,1.0947083234786987,0.07061135023832321,0.28207361698150635,0.8126347064971924,0.42765331268310547,4.1168098618982185e-07,0.3849809467792511,0.3877774477005005,1.5124849068464185e-22,0.3877774477005005,1.2973562479019165,1.9610872268676758,0.6854443550109863,0.6485117077827454,49.702335357666016,0.724146842956543,-0.007753157056868076,0.72246253490448,1.3304327726364136,1.4013640880584717,1.197678565979004
105,train,0,1.0,1.0,5,Rguijiao_20_180,10,0.30000001192092896,7500.0,19.470422744750977,1.4060606956481934,1.3254752159118652,1.2293044328689575,0.09617074579000473,0.3402572572231293,0.8890471458435059,0.46010294556617737,4.570855480778846e-07,0.4289437234401703,0.42311134934425354,2.1849816341358754e-22,0.42311134934425354,1.3150038719177246,1.9582269191741943,0.6608093976974487,0.6302563548088074,46.05126953125,0.7081477046012878,-0.014184894040226936,0.7051342129707336,1.2341175079345703,1.3915023803710938,1.1505399942398071
106,train,0,1.0,1.0,5,Rguijiao_20_180,11,0.32499998807907104,8125.0,22.850704193115234,1.4605861902236938,1.476577877998352,1.355393648147583,0.12118421494960785,0.40172797441482544,0.9536656141281128,0.4838550090789795,4.959678108207299e-07,0.4698100984096527,0.4575432538986206,2.0516508882903167e-22,0.4575432538986206,1.3229014873504639,1.9590280055999756,0.634329617023468,0.6144993305206299,42.899864196777344,0.6914855241775513,-0.017605183646082878,0.6878333687782288,1.1331918239593506,1.3733712434768677,1.1002984046936035
107,train,0,1.0,1.0,5,Rguijiao_20_180,12,0.3499999940395355,8750.0,26.501407623291016,1.5938189029693604,1.6175010204315186,1.4750792980194092,0.1424216628074646,0.4636816680431366,1.0113976001739502,0.5020751357078552,5.288192710395379e-07,0.5093218684196472,0.49150949716567993,1.0935382981323264e-22,0.49150949716567993,1.3165761232376099,1.9624780416488647,0.607263445854187,0.60074782371521,40.14957046508789,0.6762136220932007,-0.01781848631799221,0.6725988984107971,1.0350241661071777,1.346397042274475,1.049963116645813
108,train,0,1.0,1.0,5,Rguijiao_20_180,13,0.375,9375.0,30.422534942626953,1.7949695587158203,1.7488441467285156,1.5918638706207275,0.15698029100894928,0.5238252282142639,1.0680387020111084,0.518701434135437,5.5715474900353e-07,0.5493366718292236,0.5253316760063171,1.495270447281558e-22,0.5253316760063171,1.2956448793411255,1.9673731327056885,0.5812033414840698,0.588631272315979,37.72625732421875,0.6642767786979675,-0.015509330667555332,0.6611860394477844,0.9451990723609924,1.310131311416626,1.0010238885879517
109,train,0,1.0,1.0,5,Rguijiao_20_180,14,0.4000000059604645,10000.0,34.61408615112305,1.8172143697738647,1.8711706399917603,1.7087419033050537,0.16242869198322296,0.5822773575782776,1.126464605331421,0.5359625220298767,5.821295872010523e-07,0.5905014276504517,0.5592469573020935,1.9560245382707015e-22,0.5592469573020935,1.2658202648162842,1.9734503030776978,0.557529628276825,0.5778660178184509,35.57320785522461,0.6564679741859436,-0.011687134392559528,0.6541663408279419,0.8649256229400635,1.2637388706207275,0.9529393315315247
110,train,0,1.0,1.0,5,Rguijiao_20_180,15,0.42500001192092896,10625.0,39.07605743408203,1.9982558488845825,1.9842281341552734,1.8276121616363525,0.15661601722240448,0.6423607468605042,1.1852513551712036,0.5533221364021301,6.033893669155077e-07,0.6319286227226257,0.593430757522583,4.209740443493825e-22,0.593430757522583,1.2369816303253174,1.9815312623977661,0.5370352268218994,0.5682315826416016,33.64631271362305,0.6517647504806519,-0.007538421545177698,0.6502907872200012,0.7924472689628601,1.2068367004394531,0.905024528503418
111,train,0,1.0,1.0,5,Rguijiao_20_180,16,0.44999998807907104,11250.0,43.80845260620117,2.1439406871795654,2.08843994140625,1.9501452445983887,0.13829471170902252,0.7091756463050842,1.2409696578979492,0.5689311623573303,6.19075592567242e-07,0.6720378994941711,0.6280124187469482,7.673410321620723e-23,0.6280124187469482,1.2181224822998047,1.992709755897522,0.5198475122451782,0.5595534443855286,31.910694122314453,0.6475955247879028,-0.004596424289047718,0.6467025279998779,0.7267162799835205,1.1408647298812866,0.8584181666374207
112,train,0,1.0,1.0,5,Rguijiao_20_180,17,0.4749999940395355,11875.0,48.8112678527832,2.1708872318267822,2.1867713928222656,2.0783205032348633,0.1084509789943695,0.7866642475128174,1.2916563749313354,0.5822060108184814,6.271772008403786e-07,0.7094497084617615,0.6630873680114746,1.0249265592317644e-21,0.6630873680114746,1.2127306461334229,2.0075368881225586,0.5055505037307739,0.5516924262046814,30.33848762512207,0.6409897804260254,-0.003920564893633127,0.6402358412742615,0.6692135334014893,1.0694857835769653,0.8154730796813965
113,train,0,1.0,1.0,5,Rguijiao_20_180,18,0.5,12500.0,54.08450698852539,2.288050651550293,2.283498525619507,2.2131528854370117,0.07034569978713989,0.8749302625656128,1.3382227420806885,0.5948812961578369,6.270871608649031e-07,0.743340790271759,0.6987252831459045,1.5449125679011279e-21,0.6987252831459045,1.2172942161560059,2.0258049964904785,0.49345195293426514,0.544535219669342,28.90704917907715,0.6298583745956421,-0.004684898070991039,0.628973126411438,0.6225000023841858,0.9973630905151367,0.777851939201355
114,train,0,1.0,1.0,6,Rguijiao_10_0,0,0.05000000074505806,1250.0,0.5408450961112976,0.032475970685482025,0.03179457038640976,0.031717270612716675,7.730106153758243e-05,0.008790369145572186,0.022926902398467064,0.012583824805915356,0.002514285733923316,0.007828791625797749,0.007022754289209843,0.006017171312123537,0.006017171312123537,1.2230077981948853,2.078176498413086,0.7580717206001282,0.6977755427360535,59.55510711669922,0.7711918950080872,0.021094076335430145,0.7760721445083618,2.080639600753784,0.5483887195587158,1.2944309711456299
115,train,0,1.0,1.0,6,Rguijiao_10_0,1,0.07500000298023224,1875.0,1.216901421546936,0.01790078543126583,0.027758121490478516,0.03005172312259674,-0.002293601632118225,0.017516739666461945,0.012534983456134796,0.006472168490290642,0.0019146802369505167,0.004148134496062994,0.017378168180584908,0.012365054339170456,0.012365054339170456,1.0831607580184937,2.0006232261657715,0.725216269493103,0.6890503168106079,57.810062408447266,0.31471559405326843,-0.016831938177347183,0.31312641501426697,1.2244782447814941,0.49949362874031067,0.7847910523414612
116,train,0,1.0,1.0,6,Rguijiao_10_0,2,0.10000000149011612,2500.0,2.1633803844451904,0.07656078040599823,0.07552525401115417,0.07361659407615662,0.0019086628453806043,0.036618392914533615,0.0369982048869133,0.01337929256260395,0.008371192961931229,0.01524771936237812,0.03457889333367348,0.01958063431084156,0.01958063431084156,1.2736830711364746,2.0284669399261475,0.5672343373298645,0.6682419776916504,53.64839553833008,0.7662360668182373,-0.056773245334625244,0.7531855702400208,0.583810567855835,0.6439670920372009,0.6653400659561157
117,train,0,1.0,1.0,6,Rguijiao_10_0,3,0.125,3125.0,3.380281686782837,0.23806096613407135,0.12878893315792084,0.13084566593170166,-0.002056732075288892,0.05197884887456894,0.07886682450771332,0.03215091675519943,0.015801148489117622,0.03091476485133171,0.05865364149212837,0.026873398572206497,0.026873398572206497,1.1570943593978882,1.9608681201934814,0.5988906621932983,0.6360481977462769,47.20964050292969,0.8320809602737427,0.0005984827294014394,0.8322303295135498,0.8406014442443848,0.6898232698440552,0.808281660079956
118,train,0,1.0,1.0,6,Rguijiao_10_0,4,0.15000000596046448,3750.0,4.867605686187744,0.1772611141204834,0.18254709243774414,0.19193120300769806,-0.009384118020534515,0.07492094486951828,0.11701025813817978,0.049285512417554855,0.02299404889345169,0.04473070055246353,0.08558405935764313,0.033854540437459946,0.033854540437459946,1.1581981182098389,1.9773141145706177,0.6182591915130615,0.6019469499588013,40.38938522338867,0.8114323019981384,-0.030286740511655807,0.804059624671936,0.9185051918029785,0.6931180357933044,0.8336197733879089
119,val,0,1.0,1.0,6,Rguijiao_10_0,5,0.17499999701976776,4375.0,6.625351905822754,0.18364696204662323,0.23308254778385162,0.25125831365585327,-0.0181757640093565,0.10057148337364197,0.1506868153810501,0.06239907816052437,0.029957028105854988,0.058330707252025604,0.11135508865118027,0.040431827306747437,0.040431827306747437,1.142249345779419,1.9939887523651123,0.6216527223587036,0.5731584429740906,34.63169479370117,0.7852466106414795,-0.04046546667814255,0.7757140398025513,0.878186047077179,0.6782022714614868,0.8209288716316223
120,train,0,1.0,1.0,6,Rguijiao_10_0,6,0.20000000298023224,5000.0,8.653521537780762,0.3012953996658325,0.27768293023109436,0.30485114455223083,-0.027168212458491325,0.12853582203388214,0.1763153225183487,0.06935335695743561,0.03584488481283188,0.07111708074808121,0.1347285360097885,0.04665813967585564,0.04665813967585564,1.117702603340149,2.0160040855407715,0.6121045351028442,0.5506797432899475,30.13594627380371,0.7603171467781067,-0.03846675157546997,0.7515430450439453,0.7629058361053467,0.6441767811775208,0.7823072671890259
121,val,0,1.0,1.0,6,Rguijiao_10_0,7,0.22499999403953552,5625.0,10.952113151550293,0.3997516632080078,0.32021021842956543,0.3535756468772888,-0.03336544334888458,0.15883643925189972,0.1947392225265503,0.07150863111019135,0.040169548243284225,0.08306103199720383,0.15592226386070251,0.05263232812285423,0.05263232812285423,1.0913078784942627,2.0577759742736816,0.5873411893844604,0.5332548022270203,26.650957107543945,0.7462944984436035,-0.02833344042301178,0.739950954914093,0.6184452176094055,0.5914924740791321,0.7183564901351929
122,train,0,1.0,1.0,6,Rguijiao_10_0,8,0.25,6250.0,13.521126747131348,0.3755049407482147,0.3849317729473114,0.41624438762664795,-0.031312618404626846,0.19411741197109222,0.22212696075439453,0.07898513227701187,0.044902391731739044,0.09823943674564362,0.17547550797462463,0.058453381061553955,0.058453381061553955,1.080305576324463,2.1293680667877197,0.5467933416366577,0.5195333957672119,23.90667724609375,0.768722653388977,-0.011491061188280582,0.7660726308822632,0.5164797902107239,0.5369752645492554,0.6423826813697815
123,train,0,1.0,1.0,6,Rguijiao_10_0,9,0.2750000059604645,6875.0,16.360563278198242,0.5174230337142944,0.5108723044395447,0.5247712135314941,-0.013898922130465508,0.24400818347930908,0.28076305985450745,0.10163629055023193,0.05408528074622154,0.12504148483276367,0.19388872385025024,0.0642046183347702,0.0642046183347702,1.1222797632217407,2.19454026222229,0.5044284462928772,0.5085000395774841,21.700002670288086,0.850521981716156,0.008225501514971256,0.8526207804679871,0.47884246706962585,0.505153477191925,0.5891121029853821
124,train,0,1.0,1.0,6,Rguijiao_10_0,10,0.30000001192092896,7500.0,19.470422744750977,0.7263884544372559,0.6877620816230774,0.6760449409484863,0.011717149056494236,0.31730154156684875,0.3587433695793152,0.13204891979694366,0.06560865789651871,0.16108576953411102,0.21155567467212677,0.06995109468698502,0.06995109468698502,1.2262861728668213,2.1696815490722656,0.4730720818042755,0.49944519996643066,19.889041900634766,0.9495207071304321,0.02956831268966198,0.9579434394836426,0.4706144630908966,0.49427005648612976,0.5741000175476074
125,train,0,1.0,1.0,6,Rguijiao_10_0,11,0.32499998807907104,8125.0,22.850704193115234,0.856721043586731,0.8167251348495483,0.8017650842666626,0.01496006827801466,0.39385706186294556,0.40790805220603943,0.14994563162326813,0.0701884776353836,0.1877739429473877,0.2287716269493103,0.07574163377285004,0.07574163377285004,1.2969824075698853,2.034895658493042,0.44620874524116516,0.491877019405365,18.37540626525879,0.9737326502799988,0.0453466922044754,0.9869793653488159,0.4712221622467041,0.4943329989910126,0.5901020765304565
126,train,0,1.0,1.0,6,Rguijiao_10_0,12,0.3499999940395355,8750.0,26.501407623291016,0.7031731605529785,0.7359181642532349,0.7726835012435913,-0.036765363067388535,0.4065997898578644,0.36608368158340454,0.13742753863334656,0.06098479777574539,0.167671337723732,0.24575474858283997,0.0816119909286499,0.0816119909286499,1.1544981002807617,1.8979274034500122,0.4290902614593506,0.4854499101638794,17.08997917175293,0.7921751737594604,0.04354868829250336,0.8025246262550354,0.4910304844379425,0.5078174471855164,0.5990919470787048
127,train,0,1.0,1.0,6,Rguijiao_10_0,13,0.375,9375.0,30.422534942626953,0.7567718625068665,0.7065704464912415,0.7796721458435059,-0.07310167700052261,0.4381731152534485,0.341499000787735,0.14295390248298645,0.056777261197566986,0.14176782965660095,0.26266583800315857,0.0875878781080246,0.0875878781080246,1.0837904214859009,1.8904023170471191,0.44109171628952026,0.4799163043498993,15.983262062072754,0.6147868633270264,0.0020585032179951668,0.6151664853096008,0.5827674865722656,0.5247408151626587,0.5779322981834412
128,train,0,1.0,1.0,6,Rguijiao_10_0,14,0.4000000059604645,10000.0,34.61408615112305,0.926590085029602,0.7995418906211853,0.8886602520942688,-0.0891183391213417,0.5115456581115723,0.37711459398269653,0.1721683293581009,0.061236970126628876,0.14370931684970856,0.27962347865104675,0.09368739277124405,0.09368739277124405,1.1120556592941284,1.9398524761199951,0.45078587532043457,0.475095272064209,15.019055366516113,0.5585771203041077,-0.019503958523273468,0.5553087592124939,0.6659455895423889,0.5254470109939575,0.5558664202690125
129,train,0,1.0,1.0,6,Rguijiao_10_0,15,0.42500001192092896,10625.0,39.07605743408203,0.9616321325302124,0.8843698501586914,0.9910726547241211,-0.10670279711484909,0.5827048420906067,0.408367782831192,0.19159358739852905,0.0660214051604271,0.15075278282165527,0.2967153787612915,0.09992299228906631,0.09992299228906631,1.1221034526824951,1.982499122619629,0.4549098014831543,0.4708518087863922,14.17035961151123,0.5186553597450256,-0.017370808869600296,0.5159525275230408,0.691335916519165,0.5236819386482239,0.543968141078949
130,train,0,1.0,1.0,6,Rguijiao_10_0,16,0.44999998807907104,11250.0,43.80845260620117,1.140575885772705,0.9508148431777954,1.0762031078338623,-0.1253882646560669,0.646658182144165,0.4295448660850525,0.20140382647514343,0.07020613551139832,0.15793490409851074,0.3140062093734741,0.10630287230014801,0.10630287230014801,1.110738754272461,2.0044991970062256,0.45703014731407166,0.46708327531814575,13.416654586791992,0.4832838773727417,-0.005998695734888315,0.4824141561985016,0.6856864094734192,0.5229835510253906,0.5376948714256287
131,train,0,1.0,1.0,6,Rguijiao_10_0,17,0.4749999940395355,11875.0,48.8112678527832,1.0781452655792236,1.0126222372055054,1.1563252210617065,-0.1437029391527176,0.7082420587539673,0.44808316230773926,0.20809254050254822,0.07439091801643372,0.16559971868991852,0.3315436840057373,0.11283209919929504,0.11283209919929504,1.0918340682983398,2.011404275894165,0.45856359601020813,0.46371036767959595,12.742074966430664,0.4543846547603607,0.0072902715764939785,0.4553784430027008,0.6712838411331177,0.5233232378959656,0.5342065691947937
132,train,0,1.0,1.0,6,Rguijiao_10_0,18,0.5,12500.0,54.08450698852539,1.1654129028320312,1.078020691871643,1.239592432975769,-0.16157174110412598,0.7711345553398132,0.4684578776359558,0.2151799201965332,0.07896990329027176,0.17430804669857025,0.34936264157295227,0.11951344460248947,0.11951344460248947,1.0728827714920044,2.01047945022583,0.4599146544933319,0.4606708288192749,12.13416576385498,0.4319091737270355,0.019385501742362976,0.43442100286483765,0.6569919586181641,0.524255096912384,0.5322010517120361
133,train,0,1.0,1.0,7,Rguijiao_10_180,0,0.05000000074505806,1250.0,0.5408450961112976,0.07105152308940887,0.06911257654428482,0.06160277873277664,0.007509797811508179,0.008692002855241299,0.05291077494621277,0.027576202526688576,9.692038283048987e-09,0.025334561243653297,0.007022754289209843,2.3858719425174996e-23,0.007022754289209843,1.2093219757080078,2.260651111602783,0.8809338808059692,0.9817633032798767,116.3526611328125,1.454030156135559,0.10033220052719116,1.4977959394454956,2.171785831451416,0.6498537063598633,1.9952434301376343
134,train,0,1.0,1.0,7,Rguijiao_10_180,1,0.07500000298023224,1875.0,1.216901421546936,0.12306200712919235,0.127049520611763,0.11923731863498688,0.007812202908098698,0.019132370129227638,0.10010495036840439,0.05068446695804596,2.556294376176993e-08,0.04942045733332634,0.017378168180584908,4.8731210310536756e-23,0.017378168180584908,1.1830644607543945,1.9524303674697876,1.0066778659820557,0.955812931060791,111.16258239746094,1.5425926446914673,-0.016186455264687538,1.5351018905639648,2.0042335987091064,0.7531042098999023,1.9542502164840698
135,train,0,1.0,1.0,7,Rguijiao_10_180,2,0.10000000149011612,2500.0,2.1633803844451904,0.1277802288532257,0.12811720371246338,0.12729834020137787,0.0008188600768335164,0.03528131544589996,0.0920170247554779,0.04749460518360138,5.057601271118983e-08,0.04452236741781235,0.03457889333367348,7.788606732977061e-23,0.03457889333367348,1.2271760702133179,1.9397869110107422,0.9359046816825867,0.9151419997215271,103.02839660644531,1.138466477394104,-0.09036730974912643,1.1076023578643799,1.4737205505371094,1.257607340812683,1.381494164466858
136,train,0,1.0,1.0,7,Rguijiao_10_180,3,0.125,3125.0,3.380281686782837,0.20696482062339783,0.20074936747550964,0.19501054286956787,0.005738826468586922,0.05313882604241371,0.14187172055244446,0.0793444812297821,6.19201188101215e-08,0.06252717226743698,0.05865364149212837,1.6503732492402373e-22,0.05865364149212837,1.182916522026062,1.9974247217178345,0.8344117999076843,0.8628255128860474,92.56509399414062,1.005021572113037,-0.009096826426684856,1.0022788047790527,1.6910111904144287,1.1861575841903687,1.3325960636138916
137,train,0,1.0,1.0,7,Rguijiao_10_180,4,0.15000000596046448,3750.0,4.867605686187744,0.25759854912757874,0.2745661735534668,0.26713064312934875,0.0074355341494083405,0.07654348760843277,0.19058716297149658,0.10825200378894806,7.772094789970652e-08,0.08233509212732315,0.08558405935764313,1.5256236692128003e-22,0.08558405935764313,1.1832809448242188,1.9899855852127075,0.7941998243331909,0.8097938895225525,81.95877838134766,0.9394370317459106,-0.0010110955918207765,0.9391520619392395,1.716233491897583,1.1636167764663696,1.305345058441162
138,train,0,1.0,1.0,7,Rguijiao_10_180,5,0.17499999701976776,4375.0,6.625351905822754,0.36598169803619385,0.3584176003932953,0.3491889536380768,0.009228656999766827,0.10431062430143356,0.24487832188606262,0.13909733295440674,9.80533769734393e-08,0.10578089207410812,0.11135508865118027,2.0521264767528563e-22,0.11135508865118027,1.1847169399261475,1.994383692741394,0.7687398791313171,0.7638893723487854,72.77787780761719,0.8963927626609802,-0.006684494204819202,0.894595205783844,1.697134256362915,1.1671907901763916,1.2906385660171509
139,train,0,1.0,1.0,7,Rguijiao_10_180,6,0.20000000298023224,5000.0,8.653521537780762,0.4905824661254883,0.4509338438510895,0.438654363155365,0.012279466725885868,0.1366056650876999,0.3020486831665039,0.17024222016334534,1.207829711802333e-07,0.13180632889270782,0.1347285360097885,2.5827889162917066e-22,0.1347285360097885,1.1878751516342163,2.005852460861206,0.745259165763855,0.7262254357337952,65.24508666992188,0.8610521554946899,-0.009505589492619038,0.8585967421531677,1.647508978843689,1.1763055324554443,1.275547742843628
140,val,0,1.0,1.0,7,Rguijiao_10_180,7,0.22499999403953552,5625.0,10.952113151550293,0.5705785155296326,0.5479252338409424,0.5301617980003357,0.017763406038284302,0.1738501638174057,0.3563116192817688,0.19799138605594635,1.43337487656936e-07,0.1583200842142105,0.15592226386070251,3.0440155665175137e-22,0.15592226386070251,1.194461703300476,2.023192882537842,0.7184823751449585,0.6954247355461121,59.08494186401367,0.827088475227356,-0.005518529564142227,0.8257191777229309,1.5607035160064697,1.1794486045837402,1.2479870319366455
141,train,0,1.0,1.0,7,Rguijiao_10_180,8,0.25,6250.0,13.521126747131348,0.6228553056716919,0.6420196294784546,0.6161856651306152,0.025833947584033012,0.21588265895843506,0.4003030061721802,0.2173549085855484,1.6287114590340934e-07,0.18294791877269745,0.17547550797462463,2.2171936016864357e-23,0.17547550797462463,1.2014338970184326,2.0442328453063965,0.6860895156860352,0.6699312329292297,53.986244201660156,0.7927864789962769,0.005450395867228508,0.794082760810852,1.4282429218292236,1.1699230670928955,1.2021539211273193
142,train,0,1.0,1.0,7,Rguijiao_10_180,9,0.2750000059604645,6875.0,16.360563278198242,0.7124390006065369,0.7240293622016907,0.6896828413009644,0.034346505999565125,0.2614779770374298,0.42820489406585693,0.2242765575647354,1.775873954557028e-07,0.203928142786026,0.19388872385025024,7.562424534232092e-23,0.19388872385025024,1.2026294469833374,2.0620837211608887,0.6485306620597839,0.6485117077827454,49.702335357666016,0.7613259553909302,0.020444948226213455,0.7659955024719238,1.2516840696334839,1.1461824178695679,1.1381198167800903
143,train,0,1.0,1.0,7,Rguijiao_10_180,10,0.30000001192092896,7500.0,19.470422744750977,0.8545188307762146,0.7895771861076355,0.7501215934753418,0.03945557773113251,0.3091346323490143,0.4409869909286499,0.22005774080753326,1.8820725244950154e-07,0.2209290713071823,0.21155567467212677,1.0924908170679377e-22,0.21155567467212677,1.194723129272461,2.066683769226074,0.6094977259635925,0.6302563548088074,46.05126953125,0.7402148842811584,0.032815463840961456,0.7475020289421082,1.055155634880066,1.1104662418365479,1.0593334436416626
144,train,0,1.0,1.0,7,Rguijiao_10_180,11,0.32499998807907104,8125.0,22.850704193115234,0.8390063047409058,0.8452568054199219,0.8069247603416443,0.03833205625414848,0.35907846689224243,0.44784629344940186,0.21242159605026245,1.97229539367072e-07,0.2354244887828827,0.2287716269493103,1.0258254441451584e-22,0.2287716269493103,1.1824555397033691,2.054353713989258,0.5742679834365845,0.6144993305206299,42.899864196777344,0.735344648361206,0.03659277409315109,0.7434171438217163,0.8778755068778992,1.0645177364349365,0.9729395508766174
145,val,0,1.0,1.0,7,Rguijiao_10_180,12,0.3499999940395355,8750.0,26.501407623291016,0.9622376561164856,0.9046014547348022,0.8737162351608276,0.03088524378836155,0.4136274456977844,0.4600888192653656,0.20965924859046936,2.0676746714798355e-07,0.2504293620586395,0.24575474858283997,5.467691490661632e-23,0.24575474858283997,1.1744524240493774,2.03242564201355,0.5467498302459717,0.60074782371521,40.14957046508789,0.7445157766342163,0.03233255445957184,0.7517374753952026,0.7468026876449585,1.0102914571762085,0.8920251131057739
146,train,0,1.0,1.0,7,Rguijiao_10_180,13,0.375,9375.0,30.422534942626953,0.9720920324325562,0.977683961391449,0.9590399265289307,0.018644046038389206,0.47526177763938904,0.483778178691864,0.21490740776062012,2.1772302716271952e-07,0.2688705325126648,0.26266583800315857,7.47635223640779e-23,0.26266583800315857,1.175526738166809,2.0121219158172607,0.5278033018112183,0.588631272315979,37.72625732421875,0.7589296698570251,0.025194602087140083,0.7646659016609192,0.6621732115745544,0.9532651901245117,0.8284444212913513
147,val,0,1.0,1.0,7,Rguijiao_10_180,14,0.4000000059604645,10000.0,34.61408615112305,1.132528305053711,1.066999077796936,1.0638799667358398,0.0031190949957817793,0.5453977584838867,0.5184822082519531,0.2267584204673767,2.3002840521257895e-07,0.2917235493659973,0.27962347865104675,9.780122691353507e-23,0.27962347865104675,1.1856471300125122,2.0007262229919434,0.5156267285346985,0.5778660178184509,35.57320785522461,0.7701109647750854,0.019009176641702652,0.774502694606781,0.6097355484962463,0.8996745347976685,0.7844215631484985
148,train,0,1.0,1.0,7,Rguijiao_10_180,15,0.42500001192092896,10625.0,39.07605743408203,1.1095962524414062,1.170241117477417,1.1848137378692627,-0.014572657644748688,0.6241835355758667,0.560630202293396,0.24257731437683105,2.4297094114444917e-07,0.3180526793003082,0.2967153787612915,2.1048702217469125e-22,0.2967153787612915,1.2019782066345215,1.9997308254241943,0.507491409778595,0.5682315826416016,33.64631271362305,0.7735583782196045,0.014799334108829498,0.7769928574562073,0.5762255191802979,0.8529610633850098,0.7555118799209595
149,train,0,1.0,1.0,7,Rguijiao_10_180,16,0.44999998807907104,11250.0,43.80845260620117,1.2849382162094116,1.2830077409744263,1.3164589405059814,-0.03345118835568428,0.7101686596870422,0.6062902212142944,0.2602073550224304,2.554930915721343e-07,0.34608256816864014,0.3140062093734741,3.8367051608103614e-23,0.3140062093734741,1.2198281288146973,2.0070645809173584,0.5011386871337891,0.5595534443855286,31.910694122314453,0.7680023908615112,0.012617685832083225,0.7709094882011414,0.5536542534828186,0.8135824203491211,0.7363744974136353
150,train,0,1.0,1.0,7,Rguijiao_10_180,17,0.4749999940395355,11875.0,48.8112678527832,1.3797824382781982,1.399933934211731,1.4524667263031006,-0.05253281071782112,0.8002925515174866,0.6521741151809692,0.2782243490219116,2.664946805452928e-07,0.37394946813583374,0.3315436840057373,5.124632796158822e-22,0.3315436840057373,1.2337400913238525,2.019623041152954,0.49519526958465576,0.5516924262046814,30.33848762512207,0.7539717555046082,0.012610623612999916,0.7568241953849792,0.5378378629684448,0.7802423238754272,0.7228848338127136
151,train,0,1.0,1.0,7,Rguijiao_10_180,18,0.5,12500.0,54.08450698852539,1.528909683227539,1.5158312320709229,1.5867910385131836,-0.07095976173877716,0.8909522891044617,0.6958388090133667,0.2957899868488312,2.7515247325027303e-07,0.40004852414131165,0.34936264157295227,7.7245628395056395e-22,0.34936264157295227,1.2395857572555542,2.0345311164855957,0.48906320333480835,0.544535219669342,28.90704917907715,0.7331444621086121,0.014727466739714146,0.7363836765289307,0.5264822244644165,0.7510520219802856,0.7120540142059326
152,train,0,1.0,1.0,8,guijiao_20_0,0,0.05000000074505806,1250.0,4.0,0.03274283930659294,0.033167652785778046,0.03598954901099205,-0.002821895992383361,0.008414553478360176,0.027574995532631874,0.016493063420057297,0.005655024666339159,0.005426907911896706,0.01904510147869587,0.008109244517982006,0.008109244517982006,1.1707203388214111,2.0577566623687744,0.700748860836029,0.6207086443901062,44.14173126220703,0.4902983009815216,-0.015179436653852463,0.48806554079055786,2.189615488052368,1.071367859840393,0.7204750776290894
153,train,0,1.0,1.0,8,guijiao_20_0,1,0.07500000298023224,1875.0,9.0,0.1314956545829773,0.115165114402771,0.11688411980867386,-0.0017190047074109316,0.01941685378551483,0.09746726602315903,0.05949072912335396,0.015035884454846382,0.02294064871966839,0.03737829253077507,0.012877439148724079,0.012877439148724079,1.2006556987762451,2.027169704437256,0.598822832107544,0.5476172566413879,29.523452758789062,1.1371804475784302,-0.002736524445936084,1.136246919631958,1.5305331945419312,0.6459874510765076,0.5901998281478882
154,val,0,1.0,1.0,8,guijiao_20_0,2,0.10000000149011612,2500.0,16.0,0.1263606995344162,0.09366507083177567,0.09277549386024475,0.0008895745850168169,0.047478314489126205,0.04529717564582825,0.017542365938425064,0.009304276667535305,0.018450533971190453,0.05183761939406395,0.01717318408191204,0.01717318408191204,1.6514194011688232,1.5276461839675903,0.4973960518836975,0.5097271203994751,21.9454288482666,0.829804003238678,-0.07971793413162231,0.8099588751792908,0.4725862443447113,0.5039334893226624,0.49705204367637634
155,train,0,1.0,1.0,8,guijiao_20_0,3,0.125,3125.0,25.0,0.10596927255392075,0.12016633152961731,0.11652272194623947,0.0036436067894101143,0.058034248650074005,0.058488473296165466,0.02354392409324646,0.010215921327471733,0.024728626012802124,0.06461422890424728,0.02142789214849472,0.02142789214849472,1.2918927669525146,1.8882933855056763,0.4412649869918823,0.48791635036468506,17.583267211914062,0.5326470136642456,-0.029949359595775604,0.5278612971305847,0.5039046406745911,0.4955044090747833,0.5292604565620422
156,train,0,1.0,1.0,8,guijiao_20_0,4,0.15000000596046448,3750.0,36.0,0.2565729320049286,0.21009181439876556,0.20680686831474304,0.0032849472481757402,0.07964025437831879,0.12716661393642426,0.05931724235415459,0.019873570650815964,0.047975800931453705,0.07707758992910385,0.02586590126156807,0.02586590126156807,1.2311537265777588,2.0699448585510254,0.45651447772979736,0.47369226813316345,14.738452911376953,0.5805289149284363,-0.030233073979616165,0.5752635598182678,0.7379917502403259,0.5416165590286255,0.5968878865242004
157,train,0,1.0,1.0,8,guijiao_20_0,5,0.17499999701976776,4375.0,49.0,0.34047091007232666,0.3048723042011261,0.2986847758293152,0.006187517661601305,0.11136742681264877,0.18731734156608582,0.09183134138584137,0.02861735410988331,0.06686864793300629,0.08983232080936432,0.030577916651964188,0.030577916651964188,1.2648652791976929,2.02512264251709,0.45276904106140137,0.4635932743549347,12.71865463256836,0.5914227962493896,-0.009838688187301159,0.5896771550178528,0.8370048403739929,0.5760892629623413,0.6094801425933838
158,train,0,1.0,1.0,8,guijiao_20_0,6,0.20000000298023224,5000.0,64.0,0.37226971983909607,0.37035077810287476,0.35974451899528503,0.010606256313621998,0.1468190848827362,0.21292543411254883,0.10119449347257614,0.03319675102829933,0.07853419333696365,0.1031419187784195,0.0355924554169178,0.0355924554169178,1.276687502861023,1.9799830913543701,0.4379982650279999,0.45599478483200073,11.198957443237305,0.5457279086112976,0.0018888093763962388,0.5460371375083923,0.7799952030181885,0.5841955542564392,0.6053322553634644
159,train,0,1.0,1.0,8,guijiao_20_0,7,0.22499999403953552,5625.0,81.0,0.4480170011520386,0.4225996136665344,0.4068854749202728,0.015714125707745552,0.18479707837104797,0.22208839654922485,0.09895666688680649,0.03565584495663643,0.08747587352991104,0.11711513996124268,0.04091043025255203,0.04091043025255203,1.2696740627288818,1.968477725982666,0.42525678873062134,0.45003658533096313,10.007320404052734,0.48296284675598145,0.001368119497783482,0.483161062002182,0.6850723028182983,0.5804580450057983,0.6055912375450134
160,val,0,1.0,1.0,8,guijiao_20_0,8,0.25,6250.0,100.0,0.5355852842330933,0.4786606729030609,0.4583721160888672,0.02028854750096798,0.22779546678066254,0.23057666420936584,0.09577625244855881,0.03801162913441658,0.09678877145051956,0.1317870318889618,0.046520885080099106,0.046520885080099106,1.2677311897277832,1.9793081283569336,0.4186514914035797,0.4452192783355713,9.043856620788574,0.42678114771842957,-0.008966295048594475,0.42563316226005554,0.6063281297683716,0.5747959613800049,0.6127380132675171
161,train,0,1.0,1.0,8,guijiao_20_0,9,0.2750000059604645,6875.0,121.0,0.537065327167511,0.5464270710945129,0.5233661532402039,0.023060930892825127,0.27866244316101074,0.24470371007919312,0.09598303586244583,0.04110762104392052,0.10761305689811707,0.14715644717216492,0.052408237010240555,0.052408237010240555,1.2816669940948486,1.9942634105682373,0.41702786087989807,0.4412316679954529,8.246335983276367,0.38504472374916077,-0.024383841082453728,0.3822280466556549,0.5550124645233154,0.5699877738952637,0.6222619414329529
162,train,0,1.0,1.0,8,guijiao_20_0,10,0.30000001192092896,7500.0,144.0,0.6555957198143005,0.6223018765449524,0.5997382402420044,0.022563636302947998,0.33512064814567566,0.26461756229400635,0.10009197890758514,0.044951166957616806,0.1195744052529335,0.16320447623729706,0.05855567753314972,0.05855567753314972,1.295152187347412,2.0032150745391846,0.4177432656288147,0.43786895275115967,7.573787689208984,0.35564351081848145,-0.03659183531999588,0.35173940658569336,0.5261225700378418,0.5656127333641052,0.6285297274589539
163,train,0,1.0,1.0,8,guijiao_20_0,11,0.32499998807907104,8125.0,169.0,0.7337173223495483,0.6951801180839539,0.6780194640159607,0.017160635441541672,0.38944071531295776,0.28857874870300293,0.10752221941947937,0.04930733144283295,0.1317491978406906,0.17990387976169586,0.064946748316288,0.064946748316288,1.2824392318725586,2.0074689388275146,0.41929107904434204,0.43499016761779785,6.998030662536621,0.33344706892967224,-0.03669506683945656,0.3297763168811798,0.5125567317008972,0.5605826377868652,0.6280463337898254
164,train,0,1.0,1.0,8,guijiao_20_0,12,0.3499999940395355,8750.0,196.0,0.7751927375793457,0.7609169483184814,0.7542757391929626,0.006641193758696318,0.4387863576412201,0.31548938155174255,0.1176568791270256,0.054147202521562576,0.14368529617786407,0.19722402095794678,0.07156606018543243,0.07156606018543243,1.245888590812683,2.0123751163482666,0.42170464992523193,0.4324948787689209,6.498973846435547,0.31571024656295776,-0.026126770302653313,0.31323570013046265,0.5079019069671631,0.5542812347412109,0.620261549949646
165,val,0,1.0,1.0,8,guijiao_20_0,13,0.375,9375.0,225.0,0.7986027598381042,0.8253632187843323,0.8328161239624023,-0.007452900987118483,0.4875366985797882,0.34527939558029175,0.1299576461315155,0.05961640179157257,0.15570534765720367,0.2151336669921875,0.07839954644441605,0.07839954644441605,1.205887794494629,2.018235921859741,0.425118088722229,0.43030932545661926,6.06186580657959,0.30185654759407043,-0.012561911717057228,0.3007189929485321,0.5075575709342957,0.547696053981781,0.6081167459487915
166,val,0,1.0,1.0,8,guijiao_20_0,14,0.4000000059604645,10000.0,256.0,0.884392499923706,0.8944283127784729,0.9178622364997864,-0.023433895781636238,0.5397043228149414,0.37815791368484497,0.14395424723625183,0.06579724699258804,0.1684064120054245,0.23360233008861542,0.08543454110622406,0.08543454110622406,1.1732701063156128,2.021804094314575,0.4291277825832367,0.42837801575660706,5.675602912902832,0.2914031744003296,-0.000405780941946432,0.29136770963668823,0.5090996026992798,0.5422497391700745,0.5955754518508911
167,train,0,1.0,1.0,8,guijiao_20_0,15,0.42500001192092896,10625.0,289.0,1.0040017366409302,0.9705621600151062,1.0108686685562134,-0.04030650854110718,0.5966280698776245,0.4142405688762665,0.1593603938817978,0.07267612963914871,0.18220403790473938,0.2526010274887085,0.09265967458486557,0.09265967458486557,1.14891517162323,2.0216171741485596,0.4332125186920166,0.4266582429409027,5.331648349761963,0.28364288806915283,0.009420466609299183,0.2844444811344147,0.5114284157752991,0.5383878946304321,0.5847395062446594
168,val,0,1.0,1.0,8,guijiao_20_0,16,0.44999998807907104,11250.0,324.0,1.018639326095581,1.0542044639587402,1.111864686012268,-0.05766023322939873,0.6583220958709717,0.4535425901412964,0.1760510355234146,0.08020953088998795,0.19728200137615204,0.2721027135848999,0.10006482899188995,0.10006482899188995,1.1307733058929443,2.018345355987549,0.437045156955719,0.4251165986061096,5.02332067489624,0.27788540720939636,0.017189210280776024,0.2793183922767639,0.514040470123291,0.5358687043190002,0.5760314464569092
169,train,0,1.0,1.0,8,guijiao_20_0,17,0.4749999940395355,11875.0,361.0,1.1686152219772339,1.1451383829116821,1.2205262184143066,-0.07538779824972153,0.7244822978973389,0.4960439205169678,0.19398587942123413,0.08836193382740021,0.21369610726833344,0.2920822501182556,0.10764095932245255,0.10764095932245255,1.1168701648712158,2.0132322311401367,0.4404939115047455,0.42372652888298035,4.74530553817749,0.273590087890625,0.02334481105208397,0.2755061686038971,0.5166976451873779,0.5343080163002014,0.569197416305542
170,val,0,1.0,1.0,8,guijiao_20_0,18,0.5,12500.0,400.0,1.143523097038269,1.2430236339569092,1.3365294933319092,-0.09350591152906418,0.7948222160339355,0.5417072176933289,0.213153675198555,0.09710898250341415,0.2314445525407791,0.31251654028892517,0.11538002640008926,0.11538002640008926,1.1058396100997925,2.007283926010132,0.4435373544692993,0.42246657609939575,4.493317604064941,0.2703639268875122,0.028263162821531296,0.2726563513278961,0.5192866325378418,0.5333883762359619,0.5638469457626343
171,train,0,1.0,1.0,9,guijiao_20_180,0,0.05000000074505806,1250.0,4.0,0.08496236801147461,0.0839018002152443,0.08323875069618225,0.0006630522548221052,0.008482066914439201,0.0747566819190979,0.04529515653848648,3.2642617497913307e-08,0.029461489990353584,0.01904510147869587,3.115521200628112e-22,0.01904510147869587,1.1801135540008545,2.2804393768310547,0.7989484667778015,0.838975191116333,87.79503631591797,1.2082456350326538,0.017438767477869987,1.214566707611084,2.1804723739624023,1.4751163721084595,1.4182522296905518
172,train,0,1.0,1.0,9,guijiao_20_180,1,0.07500000298023224,1875.0,9.0,0.20686888694763184,0.19999393820762634,0.1836637705564499,0.016330160200595856,0.019850358366966248,0.16381341218948364,0.09628801792860031,5.423298432560841e-08,0.06752534210681915,0.03737829253077507,3.9326089374331247e-22,0.03737829253077507,1.2274616956710815,1.9170048236846924,0.7232239246368408,0.7209258079528809,64.1851577758789,1.420739769935608,0.018767835572361946,1.428739070892334,2.0833024978637695,1.2168360948562622,1.4609887599945068
173,train,0,1.0,1.0,9,guijiao_20_180,2,0.10000000149011612,2500.0,16.0,0.23048630356788635,0.24058544635772705,0.21776804327964783,0.022817401215434074,0.036613382399082184,0.18115465342998505,0.11217763274908066,6.842108035698402e-08,0.06897695362567902,0.05183761939406395,7.925297521407882e-22,0.05183761939406395,1.2735087871551514,1.931748390197754,0.6943892240524292,0.6509374380111694,50.1874885559082,1.0416351556777954,-0.07299680262804031,1.0188243389129639,1.8999191522598267,1.2516331672668457,1.16824209690094
174,train,0,1.0,1.0,9,guijiao_20_180,3,0.125,3125.0,25.0,0.37194958329200745,0.31495538353919983,0.28001904487609863,0.0349363349378109,0.056890878826379776,0.22312816977500916,0.1400475949048996,8.733229606150417e-08,0.08308049291372299,0.06461422890424728,6.314029432525771e-23,0.06461422890424728,1.2664403915405273,1.9660323858261108,0.6622416973114014,0.6060657501220703,41.2131462097168,0.8991538286209106,-0.054300516843795776,0.8845065236091614,1.7180771827697754,1.2133516073226929,1.0192155838012695
175,val,0,1.0,1.0,9,guijiao_20_180,4,0.15000000596046448,3750.0,36.0,0.4915699362754822,0.39969930052757263,0.35206714272499084,0.04763215407729149,0.08288661390542984,0.2691805362701416,0.16858676075935364,1.0791795546083449e-07,0.1005936861038208,0.07707758992910385,1.1234837105300057e-22,0.07707758992910385,1.2813389301300049,1.9594825506210327,0.6320796012878418,0.5746968984603882,34.93937683105469,0.8227651119232178,-0.039728160947561264,0.8129590749740601,1.5678685903549194,1.1908836364746094,0.9355281591415405
176,train,0,1.0,1.0,9,guijiao_20_180,5,0.17499999701976776,4375.0,49.0,0.4082214832305908,0.4835212230682373,0.42446911334991455,0.05905211344361305,0.1137416660785675,0.31072744727134705,0.19245237112045288,1.2617485367627523e-07,0.11827495694160461,0.08983232080936432,1.3686390868963706e-22,0.08983232080936432,1.2918308973312378,1.946057915687561,0.601576566696167,0.551417887210846,30.2835750579834,0.7623706459999084,-0.029521116986870766,0.7556188106536865,1.4245164394378662,1.1643602848052979,0.8754613399505615
177,train,0,1.0,1.0,9,guijiao_20_180,6,0.20000000298023224,5000.0,64.0,0.6384890079498291,0.5580376982688904,0.4905160367488861,0.06752165406942368,0.148106187582016,0.3424098491668701,0.20733177661895752,1.3959112266093143e-07,0.13507792353630066,0.1031419187784195,1.1510744046800364e-22,0.1031419187784195,1.2878797054290771,1.935950517654419,0.5708233118057251,0.533397376537323,26.679471969604492,0.7055158019065857,-0.02036476880311966,0.7012054920196533,1.2727556228637695,1.1258914470672607,0.8292080163955688
178,val,0,1.0,1.0,9,guijiao_20_180,7,0.22499999403953552,5625.0,81.0,0.6797599196434021,0.6176344156265259,0.5458446145057678,0.07178978621959686,0.18486635386943817,0.36097824573516846,0.21056704223155975,1.4687023508486163e-07,0.15041103959083557,0.11711513996124268,1.050909643209376e-21,0.11711513996124268,1.2701499462127686,1.9322093725204468,0.5410307049751282,0.5190048217773438,23.800962448120117,0.6496473550796509,-0.012622594833374023,0.6471872925758362,1.1087151765823364,1.0720196962356567,0.79197096824646
179,train,0,1.0,1.0,9,guijiao_20_180,8,0.25,6250.0,100.0,0.6456429958343506,0.6635963916778564,0.5918551683425903,0.07174119353294373,0.22428682446479797,0.36756834387779236,0.2035101354122162,1.4850895979634515e-07,0.16405805945396423,0.1317870318889618,2.441323209599568e-21,0.1317870318889618,1.2482048273086548,1.9350600242614746,0.5141149163246155,0.507230281829834,21.44605827331543,0.5966163873672485,-0.009710386395454407,0.5948783755302429,0.9428925514221191,1.0037599802017212,0.7601051330566406
180,train,0,1.0,1.0,9,guijiao_20_180,9,0.2750000059604645,6875.0,121.0,0.7804605960845947,0.7062428593635559,0.6376498937606812,0.06859295070171356,0.268385112285614,0.36926478147506714,0.19244632124900818,1.471132549113463e-07,0.17681831121444702,0.14715644717216492,7.467274025110506e-22,0.14715644717216492,1.2343978881835938,1.94349205493927,0.492220401763916,0.49741220474243164,19.482440948486328,0.5501145720481873,-0.014371158555150032,0.5477428436279297,0.7968259453773499,0.9281267523765564,0.7321180105209351
181,train,0,1.0,1.0,9,guijiao_20_180,10,0.30000001192092896,7500.0,144.0,0.7066598534584045,0.7588673233985901,0.694817841053009,0.06404949724674225,0.31961357593536377,0.37520426511764526,0.18464146554470062,1.461108638523001e-07,0.1905626654624939,0.16320447623729706,1.0497243475137566e-20,0.16320447623729706,1.2352215051651,1.9553351402282715,0.47664061188697815,0.48909759521484375,17.819517135620117,0.5128849744796753,-0.025378771126270294,0.5089800357818604,0.6871373057365417,0.8555925488471985,0.7091728448867798
182,train,0,1.0,1.0,9,guijiao_20_180,11,0.32499998807907104,8125.0,169.0,0.8475066423416138,0.8292900323867798,0.769935131072998,0.05935490131378174,0.3793601095676422,0.3905750513076782,0.1835375279188156,1.477944522321195e-07,0.20703737437725067,0.17990387976169586,1.9914623663219895e-20,0.17990387976169586,1.2492434978485107,1.9678027629852295,0.46700993180274963,0.48196521401405334,16.393043518066406,0.48492753505706787,-0.03902566805481911,0.47925013303756714,0.6141763925552368,0.7942579984664917,0.6928145289421082
183,train,0,1.0,1.0,9,guijiao_20_180,12,0.3499999940395355,8750.0,196.0,0.8986618518829346,0.9185413122177124,0.863417387008667,0.055123940110206604,0.4477888345718384,0.4156285226345062,0.18876543641090393,1.5273361952949926e-07,0.22686293721199036,0.19722402095794678,3.602878215793624e-20,0.19722402095794678,1.2714500427246094,1.979051113128662,0.46176645159721375,0.4757799208164215,15.155984878540039,0.4640745520591736,-0.052359774708747864,0.4567849040031433,0.5681937336921692,0.7467023730278015,0.6828691363334656
184,val,0,1.0,1.0,9,guijiao_20_180,13,0.375,9375.0,225.0,0.9627761244773865,1.0241891145706177,0.9726507067680359,0.0515383780002594,0.5243637561798096,0.4482869505882263,0.19862240552902222,1.6045815698362276e-07,0.24966436624526978,0.2151336669921875,6.256844559669679e-20,0.2151336669921875,1.2969770431518555,1.988511085510254,0.4591836929321289,0.4703657627105713,14.073150634765625,0.4477117657661438,-0.06399698555469513,0.43911612033843994,0.5391840934753418,0.7114517688751221,0.6777434945106506
185,train,0,1.0,1.0,9,guijiao_20_180,14,0.4000000059604645,10000.0,256.0,1.150991439819336,1.142823338508606,1.0943025350570679,0.04852083697915077,0.6080673336982727,0.48623523116111755,0.2115701287984848,1.7021345399825805e-07,0.2746649384498596,0.23360233008861542,1.048540348326812e-19,0.23360233008861542,1.3218852281570435,1.996071219444275,0.4579533338546753,0.4655887186527252,13.117743492126465,0.4338742196559906,-0.07326279580593109,0.424338161945343,0.5203852653503418,0.6856532692909241,0.6755753755569458
186,val,0,1.0,1.0,9,guijiao_20_180,15,0.42500001192092896,10625.0,289.0,1.2544622421264648,1.2708827257156372,1.225013017654419,0.04586975648999214,0.6973357200622559,0.5276772975921631,0.22657638788223267,1.8132406864879158e-07,0.3011007308959961,0.2526010274887085,1.7030078461772696e-19,0.2526010274887085,1.3428459167480469,2.001523971557617,0.45725512504577637,0.4613442122936249,12.268844604492188,0.4214250445365906,-0.0795699805021286,0.41136521100997925,0.5078403949737549,0.6666083335876465,0.6748765707015991
187,train,0,1.0,1.0,9,guijiao_20_180,16,0.44999998807907104,11250.0,324.0,1.3411883115768433,1.4049041271209717,1.361556053161621,0.043348051607608795,0.7901580929756165,0.5713979005813599,0.24302226305007935,1.932829007955661e-07,0.3283754289150238,0.2721027135848999,2.690328686616003e-19,0.2721027135848999,1.3572227954864502,2.0046045780181885,0.45663827657699585,0.4575488269329071,11.509765625,0.4098187983036041,-0.08243097364902496,0.39968425035476685,0.49929141998291016,0.6522144675254822,0.674650251865387
188,train,0,1.0,1.0,9,guijiao_20_180,17,0.4749999940395355,11875.0,361.0,1.5874711275100708,1.541829228401184,1.501107931137085,0.04072131961584091,0.8844815492630005,0.6166263818740845,0.2605549097061157,2.0574515247062664e-07,0.35607123374938965,0.2920822501182556,2.5470766692546686e-18,0.2920822501182556,1.3635268211364746,2.005209445953369,0.4558998644351959,0.45413661003112793,10.827320098876953,0.39884766936302185,-0.08170664310455322,0.38907110691070557,0.4934033155441284,0.6409501433372498,0.6742790937423706
189,val,0,1.0,1.0,9,guijiao_20_180,18,0.5,12500.0,400.0,1.6530265808105469,1.679365873336792,1.641605019569397,0.037760812789201736,0.9786993861198425,0.6629056334495544,0.2789863049983978,2.18503558357952e-07,0.3839191198348999,0.31251654028892517,1.337401227409797e-18,0.31251654028892517,1.3616687059402466,2.0035288333892822,0.4549902081489563,0.45105257630348206,10.210517883300781,0.38847339153289795,-0.07771625369787216,0.37941616773605347,0.48933935165405273,0.6317496299743652,0.6733905076980591
190,train,0,1.0,1.0,10,guijiao_10_0,0,0.05000000074505806,1250.0,4.0,0.061789702624082565,0.05991808697581291,0.05542857199907303,0.004489514976739883,0.008335909806191921,0.04709266126155853,0.022178351879119873,0.005750392563641071,0.019163919612765312,0.009522550739347935,0.004054622258991003,0.004054622258991003,1.1597785949707031,2.0114030838012695,0.6835074424743652,0.6207086443901062,44.14173126220703,1.3780403137207031,-0.0007191597251221538,1.3777430057525635,2.1341781616210938,0.8095722794532776,1.8441052436828613
191,train,0,1.0,1.0,10,guijiao_10_0,1,0.07500000298023224,1875.0,9.0,0.07487817108631134,0.07538652420043945,0.07188502699136734,0.0035014967434108257,0.019908377900719643,0.05197665095329285,0.016780409961938858,0.013660946860909462,0.021535292267799377,0.018689146265387535,0.0064387195743620396,0.0064387195743620396,1.2310494184494019,2.120311737060547,0.514705240726471,0.5476172566413879,29.523452758789062,1.572108268737793,0.0636090338230133,1.6021082401275635,0.5854600071907043,0.9260125756263733,0.7513553500175476
192,train,0,1.0,1.0,10,guijiao_10_0,2,0.10000000149011612,2500.0,16.0,0.08106280863285065,0.08314511179924011,0.08047433197498322,0.002670783083885908,0.03685459867119789,0.043619729578495026,0.01778741180896759,0.008371289819478989,0.017461026087403297,0.025918809697031975,0.00858659204095602,0.00858659204095602,1.2818989753723145,2.122159719467163,0.4602864384651184,0.5097271203994751,21.9454288482666,1.0358829498291016,0.052209820598363876,1.0521079301834106,0.5311083197593689,0.5430434942245483,0.521362841129303
193,train,0,1.0,1.0,10,guijiao_10_0,3,0.125,3125.0,25.0,0.11539952456951141,0.12113688886165619,0.11978721618652344,0.0013496725587174296,0.05551512911915779,0.06427208334207535,0.02906295657157898,0.01152712944895029,0.023681998252868652,0.03230711445212364,0.01071394607424736,0.01071394607424736,1.2358150482177734,2.0554027557373047,0.49754324555397034,0.48791635036468506,17.583267211914062,0.8535873889923096,-0.03836261108517647,0.8437636494636536,0.7150077819824219,0.5699822306632996,0.5826252102851868
194,train,0,1.0,1.0,10,guijiao_10_0,4,0.15000000596046448,3750.0,36.0,0.22257539629936218,0.16934551298618317,0.16811132431030273,0.0012341825058683753,0.08057806640863419,0.08753325045108795,0.04071450233459473,0.015207638964056969,0.03161110356450081,0.038538794964551926,0.012932950630784035,0.012932950630784035,1.2456512451171875,2.052492141723633,0.49270108342170715,0.47369226813316345,14.738452911376953,0.7927224636077881,-0.05912337079644203,0.7786619067192078,0.7548227310180664,0.572234570980072,0.5860510468482971
195,train,0,1.0,1.0,10,guijiao_10_0,5,0.17499999701976776,4375.0,49.0,0.19035470485687256,0.21144749224185944,0.20993217825889587,0.001515318057499826,0.10884265601634979,0.10108952224254608,0.04572533071041107,0.01738877035677433,0.03797542676329613,0.04491616040468216,0.015288958325982094,0.015288958325982094,1.2361899614334106,2.038074016571045,0.46607500314712524,0.4635932743549347,12.71865463256836,0.7250968217849731,-0.05083885043859482,0.7140378952026367,0.6839877963066101,0.5580903887748718,0.5680599212646484
196,train,0,1.0,1.0,10,guijiao_10_0,6,0.20000000298023224,5000.0,64.0,0.2699236571788788,0.24626277387142181,0.24473856389522552,0.001524212770164013,0.13838060200214386,0.10635796189308167,0.045441266149282455,0.018348323181271553,0.04256836697459221,0.05157095938920975,0.0177962277084589,0.0177962277084589,1.203309416770935,2.0256736278533936,0.4379902780056,0.45599478483200073,11.198957443237305,0.6374315619468689,-0.02032027766108513,0.6335457563400269,0.5901353359222412,0.5440428853034973,0.5528256893157959
197,val,0,1.0,1.0,10,guijiao_10_0,7,0.22499999403953552,5625.0,81.0,0.29202887415885925,0.28255602717399597,0.28067171573638916,0.0018843248253688216,0.17042423784732819,0.11024747788906097,0.04452674090862274,0.0191358532756567,0.046584878116846085,0.05855756998062134,0.020455215126276016,0.020455215126276016,1.1709234714508057,2.0310308933258057,0.421627014875412,0.45003658533096313,10.007320404052734,0.5456001162528992,0.011177551001310349,0.547429621219635,0.5273754000663757,0.5375493764877319,0.551751971244812
198,train,0,1.0,1.0,10,guijiao_10_0,8,0.25,6250.0,100.0,0.29831641912460327,0.3314417898654938,0.3280368149280548,0.003404963295906782,0.21171115338802338,0.11632566899061203,0.04473802447319031,0.020404329523444176,0.0511833131313324,0.0658935159444809,0.023260442540049553,0.023260442540049553,1.1782184839248657,2.0478515625,0.4195122718811035,0.4452192783355713,9.043856620788574,0.46663060784339905,0.02006424590945244,0.4694393575191498,0.49639517068862915,0.5396701693534851,0.5679094791412354
199,train,0,1.0,1.0,10,guijiao_10_0,9,0.2750000059604645,6875.0,121.0,0.4310641288757324,0.3974393904209137,0.3924477994441986,0.004991590045392513,0.2681475281715393,0.1243002712726593,0.04564546421170235,0.02210613712668419,0.056548669934272766,0.07357822358608246,0.026204118505120277,0.026204118505120277,1.2333050966262817,2.0576930046081543,0.4261484444141388,0.4412316679954529,8.246335983276367,0.4049229621887207,0.007457647006958723,0.40582889318466187,0.48185622692108154,0.5476105213165283,0.5969558358192444
200,val,0,1.0,1.0,10,guijiao_10_0,10,0.30000001192092896,7500.0,144.0,0.40116769075393677,0.46703624725341797,0.4635660648345947,0.003470191964879632,0.3312866985797882,0.13227936625480652,0.04687058925628662,0.023761242628097534,0.061647530645132065,0.08160223811864853,0.02927783876657486,0.02927783876657486,1.2803349494934082,2.050041437149048,0.4340967535972595,0.43786895275115967,7.573787689208984,0.356647253036499,-0.004804298747330904,0.35613322257995605,0.47554492950439453,0.55535888671875,0.6254703998565674
201,train,0,1.0,1.0,10,guijiao_10_0,11,0.32499998807907104,8125.0,169.0,0.506271243095398,0.5177128911018372,0.5219674110412598,-0.004254502709954977,0.3837440013885498,0.13822340965270996,0.04831736162304878,0.024936439469456673,0.06496959924697876,0.08995193988084793,0.032473374158144,0.032473374158144,1.2636797428131104,2.029268503189087,0.4397643804550171,0.43499016761779785,6.998030662536621,0.3171108365058899,-0.004118709824979305,0.31671902537345886,0.47449493408203125,0.5568558573722839,0.638026237487793
202,train,0,1.0,1.0,10,guijiao_10_0,12,0.3499999940395355,8750.0,196.0,0.5606998205184937,0.5518697500228882,0.5691872835159302,-0.0173175148665905,0.4251796007156372,0.14400765299797058,0.05072696879506111,0.026075545698404312,0.06720513850450516,0.09861201047897339,0.03578303009271622,0.03578303009271622,1.2072535753250122,2.0071845054626465,0.4438322186470032,0.4324948787689209,6.498973846435547,0.28830868005752563,0.0018773876363411546,0.2884710729122162,0.4767844080924988,0.5522016882896423,0.6316632032394409
203,train,0,1.0,1.0,10,guijiao_10_0,13,0.375,9375.0,225.0,0.5885866284370422,0.5853639245033264,0.617712140083313,-0.03234818950295448,0.46519118547439575,0.15252096951007843,0.054633889347314835,0.027775686234235764,0.07011139392852783,0.10756683349609375,0.03919977322220802,0.03919977322220802,1.1506177186965942,1.9868351221084595,0.44729965925216675,0.43030932545661926,6.06186580657959,0.27042335271835327,0.00790159311145544,0.2710643708705902,0.4809213876724243,0.5466107726097107,0.617163896560669
204,val,0,1.0,1.0,10,guijiao_10_0,14,0.4000000059604645,10000.0,256.0,0.6958703994750977,0.6263189315795898,0.6737463474273682,-0.047427404671907425,0.5092549920082092,0.16449138522148132,0.05993921309709549,0.030157852917909622,0.07439432293176651,0.11680116504430771,0.04271727055311203,0.04271727055311203,1.1070759296417236,1.9684700965881348,0.4504355788230896,0.42837801575660706,5.675602912902832,0.26005759835243225,0.013555038720369339,0.26111510396003723,0.4858911335468292,0.5427448153495789,0.6030699610710144
205,train,0,1.0,1.0,10,guijiao_10_0,15,0.42500001192092896,10625.0,289.0,0.6730650663375854,0.6761040091514587,0.7383232712745667,-0.06221926212310791,0.5587499737739563,0.17957328259944916,0.0664096474647522,0.03313487768173218,0.08002875745296478,0.12630051374435425,0.046329837292432785,0.046329837292432785,1.0759741067886353,1.9528864622116089,0.45324742794036865,0.4266582429409027,5.331648349761963,0.2541615068912506,0.01873711310327053,0.25559017062187195,0.49106717109680176,0.5405797362327576,0.5917738676071167
206,train,0,1.0,1.0,10,guijiao_10_0,16,0.44999998807907104,11250.0,324.0,0.6925672888755798,0.73396235704422,0.8108619451522827,-0.07689961045980453,0.6135544180870056,0.1973074972629547,0.07386724650859833,0.03660965710878372,0.08683059364557266,0.13605135679244995,0.05003241449594498,0.05003241449594498,1.0538777112960815,1.9402930736541748,0.4557288885116577,0.4251165986061096,5.02332067489624,0.25088149309158325,0.02328389137983322,0.2526339590549469,0.49610841274261475,0.5395277738571167,0.5831729769706726
207,train,0,1.0,1.0,10,guijiao_10_0,17,0.4749999940395355,11875.0,361.0,0.7913765907287598,0.7988906502723694,0.890581488609314,-0.09169083833694458,0.6732447147369385,0.2173367738723755,0.08219235390424728,0.04051141440868378,0.09463301301002502,0.1460411250591278,0.05382047966122627,0.05382047966122627,1.0378817319869995,1.9303550720214844,0.45789623260498047,0.42372652888298035,4.74530553817749,0.2491629421710968,0.027144713327288628,0.25119197368621826,0.500852644443512,0.5391243100166321,0.5766617655754089
208,train,0,1.0,1.0,10,guijiao_10_0,18,0.5,12500.0,400.0,0.9285801649093628,0.8700806498527527,0.9768428802490234,-0.10676222294569016,0.7374348640441895,0.23940804600715637,0.09130427241325378,0.044791918247938156,0.10331184417009354,0.15625827014446259,0.05769001320004463,0.05769001320004463,1.0259963274002075,1.9225634336471558,0.4597790539264679,0.42246657609939575,4.493317604064941,0.24839656054973602,0.030362635850906372,0.25065913796424866,0.5052375793457031,0.5390822291374207,0.5716821551322937
209,train,0,1.0,1.0,11,guijiao_10_180,0,0.05000000074505806,1250.0,4.0,0.06980589777231216,0.06846844404935837,0.06471559405326843,0.003752851625904441,0.008640854619443417,0.05607473850250244,0.02980506792664528,1.266754345863319e-08,0.02626965567469597,0.009522550739347935,1.557760600314056e-22,0.009522550739347935,1.202205777168274,2.2678871154785156,0.8402503728866577,0.838975191116333,87.79503631591797,1.6026699542999268,0.04497276619076729,1.6242929697036743,2.1576101779937744,0.81851726770401,1.9016789197921753
210,train,0,1.0,1.0,11,guijiao_10_180,1,0.07500000298023224,1875.0,9.0,0.03306988999247551,0.037483375519514084,0.04481254145503044,-0.007329166866838932,0.017574690282344818,0.027237851172685623,0.014496282674372196,2.1429961805097264e-08,0.012741546146571636,0.018689146265387535,1.9663044687165624e-22,0.018689146265387535,1.0867440700531006,1.7723445892333984,0.7509126663208008,0.7209258079528809,64.1851577758789,1.7338628768920898,-0.11199965327978134,1.6756051778793335,0.5785261988639832,0.8542001247406006,0.5084971189498901
211,train,0,1.0,1.0,11,guijiao_10_180,2,0.10000000149011612,2500.0,16.0,0.15503378212451935,0.152181014418602,0.14273911714553833,0.009441902860999107,0.03442731127142906,0.10831180959939957,0.07490275055170059,3.31443672507703e-08,0.03340902924537659,0.025918809697031975,3.962648760703941e-22,0.025918809697031975,1.1974714994430542,2.053576946258545,0.6538333296775818,0.6509374380111694,50.1874885559082,1.2779470682144165,-0.0075230891816318035,1.2750627994537354,1.9070578813552856,0.9679881930351257,0.8506088852882385
212,train,0,1.0,1.0,11,guijiao_10_180,3,0.125,3125.0,25.0,0.1742364466190338,0.18432456254959106,0.17054982483386993,0.013774734921753407,0.05372214689850807,0.11682768166065216,0.07847101986408234,3.567292239381459e-08,0.03835662454366684,0.03230711445212364,3.1570147162628854e-23,0.03230711445212364,1.1959017515182495,2.0064263343811035,0.6299510598182678,0.6060657501220703,41.2131462097168,0.9609526991844177,-0.017685409635305405,0.9558542370796204,1.745754361152649,0.944858968257904,0.8533244132995605
213,train,0,1.0,1.0,11,guijiao_10_180,4,0.15000000596046448,3750.0,36.0,0.2257920205593109,0.21371540427207947,0.19942177832126617,0.01429362315684557,0.07754293084144592,0.12187884747982025,0.07825750857591629,3.81839946328455e-08,0.04362129792571068,0.038538794964551926,5.617418552650028e-23,0.038538794964551926,1.1987313032150269,2.0002286434173584,0.5842252373695374,0.5746968984603882,34.93937683105469,0.8049903512001038,-0.00503125274553895,0.8037753105163574,1.4422414302825928,0.9033879041671753,0.8039156198501587
214,train,0,1.0,1.0,11,guijiao_10_180,5,0.17499999701976776,4375.0,49.0,0.24175983667373657,0.23658497631549835,0.2255595624446869,0.011025408282876015,0.10446960479021072,0.12108995020389557,0.071417897939682,4.0372317045012096e-08,0.04967201501131058,0.04491616040468216,6.843195434481853e-23,0.04491616040468216,1.1865226030349731,2.0187759399414062,0.5393615961074829,0.551417887210846,30.2835750579834,0.6964862942695618,0.01349299494177103,0.6993055939674377,1.10124671459198,0.8656502366065979,0.7659304141998291
215,train,0,1.0,1.0,11,guijiao_10_180,6,0.20000000298023224,5000.0,64.0,0.24040131270885468,0.26117995381355286,0.2557571232318878,0.005422825925052166,0.13473401963710785,0.12102310359477997,0.06427901238203049,4.319517543649454e-08,0.0567440502345562,0.05157095938920975,5.755372023400182e-23,0.05157095938920975,1.1715999841690063,2.0457286834716797,0.5060577988624573,0.533397376537323,26.679471969604492,0.6248096227645874,0.021895715966820717,0.6289138197898865,0.8326812386512756,0.8292891979217529,0.7350720167160034
216,val,0,1.0,1.0,11,guijiao_10_180,7,0.22499999403953552,5625.0,81.0,0.35061752796173096,0.29565998911857605,0.29663729667663574,-0.000977294403128326,0.16930662095546722,0.1273306906223297,0.06192569434642792,4.710631529292186e-08,0.06540494412183762,0.05855756998062134,5.25454821604688e-22,0.05855756998062134,1.1632447242736816,2.067126512527466,0.4852229356765747,0.5190048217773438,23.800962448120117,0.5820063352584839,0.020745765417814255,0.5856285691261292,0.6736360788345337,0.7920517325401306,0.7114837765693665
217,train,0,1.0,1.0,11,guijiao_10_180,8,0.25,6250.0,100.0,0.3476819396018982,0.3419051468372345,0.34924063086509705,-0.007335484493523836,0.20915082097053528,0.14008980989456177,0.0642373189330101,5.1995638017388046e-08,0.07585244625806808,0.0658935159444809,1.220661604799784e-21,0.0658935159444809,1.1639697551727295,2.0757853984832764,0.4737766981124878,0.507230281829834,21.44605827331543,0.5569645166397095,0.01561699528247118,0.5595739483833313,0.5898970365524292,0.7558633089065552,0.6965596675872803
218,train,0,1.0,1.0,11,guijiao_10_180,9,0.2750000059604645,6875.0,121.0,0.38224053382873535,0.39922553300857544,0.4124225974082947,-0.013197065331041813,0.25487402081489563,0.15754857659339905,0.06957366317510605,5.762167987199973e-08,0.08797486126422882,0.07357822358608246,3.733637012555253e-22,0.07357822358608246,1.172255516052246,2.073885440826416,0.46815580129623413,0.49741220474243164,19.482440948486328,0.5406094789505005,0.00975409522652626,0.5421914458274841,0.545444905757904,0.7237069606781006,0.6897068023681641
219,val,0,1.0,1.0,11,guijiao_10_180,10,0.30000001192092896,7500.0,144.0,0.5158165097236633,0.46649327874183655,0.48487740755081177,-0.018384139984846115,0.3067503273487091,0.17812709510326385,0.07664804905653,6.376917127681736e-08,0.10147897899150848,0.08160223811864853,5.248621737568783e-21,0.08160223811864853,1.1855084896087646,2.0672998428344727,0.46561121940612793,0.48909759521484375,17.819517135620117,0.5272810459136963,0.004119305871427059,0.5279327034950256,0.5202179551124573,0.6971606612205505,0.6887478828430176
220,val,0,1.0,1.0,11,guijiao_10_180,11,0.32499998807907104,8125.0,169.0,0.47507306933403015,0.5423791408538818,0.5653026103973389,-0.02292347326874733,0.36471161246299744,0.20059099793434143,0.08465670049190521,7.023548675988422e-08,0.11593423783779144,0.08995193988084793,9.957311831609947e-21,0.08995193988084793,1.2010055780410767,2.0602149963378906,0.4644152522087097,0.48196521401405334,16.393043518066406,0.51399165391922,-0.0009139326866716146,0.513850748538971,0.5047239065170288,0.6762447953224182,0.6912007927894592
221,val,0,1.0,1.0,11,guijiao_10_180,12,0.3499999940395355,8750.0,196.0,0.5916249752044678,0.6250956058502197,0.6520450711250305,-0.026949439197778702,0.42812249064445496,0.22392258048057556,0.09309887140989304,7.680994684733378e-08,0.13082364201545715,0.09861201047897339,1.801439107896812e-20,0.09861201047897339,1.2156096696853638,2.0539309978485107,0.46361324191093445,0.4757799208164215,15.155984878540039,0.4994666576385498,-0.004693980328738689,0.4987632930278778,0.4945802390575409,0.6601083874702454,0.6949899792671204
222,val,0,1.0,1.0,11,guijiao_10_180,13,0.375,9375.0,225.0,0.7030403017997742,0.7122789621353149,0.7429131269454956,-0.03063414804637432,0.49563202261924744,0.24728111922740936,0.10165563970804214,8.328652256750502e-08,0.14562539756298065,0.10756683349609375,3.1284222798348394e-20,0.10756683349609375,1.225911021232605,2.0479326248168945,0.46273523569107056,0.4703657627105713,14.073150634765625,0.4834499955177307,-0.0063728648237884045,0.48252570629119873,0.48768743872642517,0.6476100087165833,0.6986299753189087
223,val,0,1.0,1.0,11,guijiao_10_180,14,0.4000000059604645,10000.0,256.0,0.7948856353759766,0.8012887835502625,0.8354595303535461,-0.0341707207262516,0.5654250383377075,0.2700344920158386,0.110136479139328,8.949667318347565e-08,0.15989793837070465,0.11680116504430771,5.24270174163406e-20,0.11680116504430771,1.2291847467422485,2.0412416458129883,0.4616035521030426,0.4655887186527252,13.117743492126465,0.46626001596450806,-0.00538480281829834,0.46550679206848145,0.4829469621181488,0.6376278400421143,0.7011502981185913
224,val,0,1.0,1.0,11,guijiao_10_180,15,0.42500001192092896,10625.0,289.0,0.9257188439369202,0.8898357152938843,0.927627444267273,-0.037791721522808075,0.6358180642127991,0.2918093502521515,0.11846311390399933,9.53460101982273e-08,0.1733461320400238,0.12630051374435425,8.515039230886348e-20,0.12630051374435425,1.2243825197219849,2.033266067504883,0.4602161645889282,0.4613442122936249,12.268844604492188,0.4485142230987549,-0.0017868857830762863,0.44827377796173096,0.4797074794769287,0.6292095184326172,0.7019520998001099
225,val,0,1.0,1.0,11,guijiao_10_180,16,0.44999998807907104,11250.0,324.0,1.0905781984329224,0.9765302538871765,1.0183048248291016,-0.04177458584308624,0.7057933807373047,0.31251150369644165,0.12665720283985138,1.0083473256372599e-07,0.18585419654846191,0.13605135679244995,1.3451643433080014e-19,0.13605135679244995,1.212312936782837,2.024021863937378,0.45866432785987854,0.4575488269329071,11.509765625,0.4309176802635193,0.003802601480856538,0.4314092993736267,0.47753915190696716,0.6216637492179871,0.7007311582565308
226,val,0,1.0,1.0,11,guijiao_10_180,17,0.4749999940395355,11875.0,361.0,1.0394068956375122,1.0610398054122925,1.107447624206543,-0.04640786349773407,0.775158703327179,0.3322889804840088,0.13481132686138153,1.0604816225168179e-07,0.1974775344133377,0.1460411250591278,1.2735383346273343e-18,0.1460411250591278,1.194993495941162,2.0139379501342773,0.45707041025161743,0.45413661003112793,10.827320098876953,0.41409143805503845,0.010513991117477417,0.4153975546360016,0.47614356875419617,0.614600419998169,0.6974759101867676
227,train,0,1.0,1.0,11,guijiao_10_180,18,0.5,12500.0,400.0,1.115393042564392,1.143865704536438,1.1958011388778687,-0.05193546041846275,0.8443505167961121,0.3514506220817566,0.14305013418197632,1.1112356901321618e-07,0.20840036869049072,0.15625827014446259,6.687006137048985e-19,0.15625827014446259,1.1747485399246216,2.0035581588745117,0.45554813742637634,0.45105257630348206,10.210517883300781,0.3984702229499817,0.01754925586283207,0.40056806802749634,0.4753119945526123,0.6078881621360779,0.6924508213996887
228,train,2,0.5,0.0,14,pseudo_cycle_01_config_2,-1,0.40015697479248047,10003.923828125,9.838113784790039,1.3775253295898438,1.4015607833862305,1.367196798324585,0.034363988786935806,0.56723552942276,0.7999612092971802,0.22502084076404572,0.2510162591934204,0.32392409443855286,0.0,0.0,0.0,1.2321534156799316,2.197204828262329,0.7163116931915283,0.0,0.0,1.2558664083480835,0.0956583246588707,1.2919065952301025,2.116055488586426,0.513979971408844,0.4751049876213074
229,train,2,0.5,0.0,20,pseudo_cycle_01_config_8,-1,0.11797675490379333,2949.418701171875,22.269615173339844,0.1317083090543747,0.10940776765346527,0.10570992529392242,0.003697845386341214,0.05525901913642883,0.05045090615749359,0.01995670236647129,0.009184475056827068,0.021309727802872658,0.0,0.0,0.0,1.3809324502944946,1.7629505395889282,0.4485240578651428,0.0,0.0,0.5705558657646179,-0.03242964297533035,0.5650050044059753,0.4798243045806885,0.49233654141426086,0.512355387210846
230,train,2,0.5,0.0,12,pseudo_cycle_01_config_0,-1,0.49777716398239136,12444.4287109375,15.22372817993164,3.078157901763916,3.1316747665405273,3.356732130050659,-0.22505731880664825,0.8393875956535339,2.5173444747924805,0.7701323628425598,0.6855389475822449,1.0616731643676758,0.0,0.0,0.0,1.1782968044281006,2.2048985958099365,0.5886949300765991,0.0,0.0,1.3740538358688354,0.050592873245477676,1.3949090242385864,2.1597208976745605,0.5093498229980469,0.4643710255622864
231,train,2,0.5,0.0,22,pseudo_cycle_01_config_10,-1,0.07948919385671616,1987.2298583984375,10.109646797180176,0.07183387875556946,0.07578813284635544,0.07248485833406448,0.0033032726496458054,0.024613279849290848,0.047871578484773636,0.016440127044916153,0.012492554262280464,0.01893889717757702,0.0,0.0,0.0,1.3549256324768066,2.1743810176849365,0.49380022287368774,0.0,0.0,1.5095467567443848,0.10586556792259216,1.5574893951416016,0.512196958065033,0.788191556930542,0.5900468826293945
232,train,2,0.5,0.0,21,pseudo_cycle_01_config_9,-1,0.4269160032272339,10672.8994140625,291.611572265625,1.297160029411316,1.2809860706329346,1.2353112697601318,0.04567478224635124,0.7043510675430298,0.530960202217102,0.2277919054031372,1.8221609821011953e-07,0.30316808819770813,0.0,0.0,0.0,1.344207763671875,2.001847505569458,0.4572088122367859,0.0,0.0,0.42051005363464355,-0.07991553843021393,0.4104284644126892,0.5070649981498718,0.6653631925582886,0.6748524308204651
233,train,2,0.5,0.0,14,pseudo_cycle_01_config_2,-1,0.418495237827301,10462.380859375,10.760491371154785,1.4988583326339722,1.5267184972763062,1.502490758895874,0.024227755144238472,0.6186197400093079,0.8838709592819214,0.251264363527298,0.272328644990921,0.3602779805660248,0.0,0.0,0.0,1.2285840511322021,2.2040743827819824,0.7003793120384216,0.0,0.0,1.273810625076294,0.10284291952848434,1.313111424446106,2.1187942028045654,0.5113990306854248,0.4738463759422302
234,train,2,0.5,0.0,23,pseudo_cycle_01_config_11,-1,0.46434369683265686,11608.591796875,344.9840087890625,1.0152099132537842,1.025267243385315,1.0696033239364624,-0.04433605819940567,0.7456489205360413,0.32395440340042114,0.13133269548416138,1.038514412243785e-07,0.1926216036081314,0.0,0.0,0.0,1.202866554260254,2.018303155899048,0.4577471613883972,0.0,0.0,0.42113661766052246,0.007571366149932146,0.4220931828022003,0.47665902972221375,0.6175655126571655,0.6991009712219238
235,train,2,0.5,0.0,16,pseudo_cycle_01_config_4,-1,0.4580208957195282,11450.521484375,45.38405990600586,1.8837414979934692,1.901824712753296,2.117462158203125,-0.21563740074634552,0.76685631275177,1.3506059646606445,0.4204372763633728,0.3278733789920807,0.6022952198982239,0.0,0.0,0.0,1.2714684009552002,1.7952736616134644,0.510045051574707,0.0,0.0,1.155102252960205,-0.06635956466197968,1.1321066617965698,2.1074113845825195,0.5025598406791687,0.47086837887763977
236,train,2,0.5,0.0,15,pseudo_cycle_01_config_3,-1,0.328956663608551,8223.9169921875,6.648573398590088,1.1432249546051025,1.1272255182266235,1.1431620121002197,-0.01593647338449955,0.37269502878189087,0.7704670429229736,0.3977997899055481,3.5712952239919105e-07,0.3726669251918793,0.0,0.0,0.0,1.1979491710662842,1.9564591646194458,0.8038695454597473,0.0,0.0,0.7797581553459167,-0.04622415825724602,0.768945038318634,1.629032850265503,1.364478588104248,1.5261108875274658
237,train,2,0.5,0.0,23,pseudo_cycle_01_config_11,-1,0.21587809920310974,5396.9521484375,74.56534576416016,0.29640915989875793,0.2817198634147644,0.2803330421447754,0.0013868114911019802,0.15612567961215973,0.12420736253261566,0.06216775253415108,4.555387889126905e-08,0.0620395690202713,0.0,0.0,0.0,1.1652504205703735,2.0606391429901123,0.49154216051101685,0.0,0.0,0.5949873924255371,0.02189710922539234,0.5988959670066833,0.7206151485443115,0.8056828379631042,0.7191293239593506
238,train,2,0.5,0.0,12,pseudo_cycle_01_config_0,-1,0.4434909224510193,11087.2734375,12.084274291992188,2.528071403503418,2.582158327102661,2.6913845539093018,-0.10922612249851227,0.6716576218605042,2.0197269916534424,0.6119368076324463,0.5646849274635315,0.8431053757667542,0.0,0.0,0.0,1.1877925395965576,2.2007694244384766,0.6126797199249268,0.0,0.0,1.3807886838912964,0.04403625428676605,1.399030089378357,2.1595940589904785,0.5073180198669434,0.46407637000083923
239,train,2,0.5,0.0,19,pseudo_cycle_01_config_7,-1,0.3836815655231476,9592.0400390625,31.847444534301758,1.051041841506958,1.0069130659103394,0.9933512210845947,0.013561876490712166,0.49861761927604675,0.4947335720062256,0.21840912103652954,2.2186900139331556e-07,0.27632421255111694,0.0,0.0,0.0,1.178115725517273,2.0069708824157715,0.5229454040527344,0.0,0.0,0.7634953260421753,0.022842522710561752,0.7687273621559143,0.6410978436470032,0.9340175986289978,0.8110963702201843
240,train,2,0.5,0.0,16,pseudo_cycle_01_config_4,-1,0.49024370312690735,12256.0927734375,51.99442672729492,2.0603530406951904,2.113541603088379,2.334760904312134,-0.2212192565202713,0.8853698372840881,1.4493911266326904,0.4484387934207916,0.3513377904891968,0.6496145129203796,0.0,0.0,0.0,1.2813353538513184,1.7428302764892578,0.5050522685050964,0.0,0.0,1.1170674562454224,-0.06525781005620956,1.0951982736587524,2.089142084121704,0.5054700374603271,0.4720223546028137
241,train,2,0.5,0.0,14,pseudo_cycle_01_config_2,-1,0.45854976773262024,11463.7431640625,12.918855667114258,1.7704664468765259,1.8056663274765015,1.8114793300628662,-0.0058130123652517796,0.7380830645561218,1.0733962059020996,0.31122177839279175,0.3189704418182373,0.44320398569107056,0.0,0.0,0.0,1.220940351486206,2.208709955215454,0.6690012216567993,0.0,0.0,1.3028874397277832,0.11701086908578873,1.3486231565475464,2.123901844024658,0.5074930191040039,0.47174811363220215
242,train,2,0.5,0.0,23,pseudo_cycle_01_config_11,-1,0.43760499358177185,10940.1240234375,306.3968811035156,0.9066067337989807,0.9338231682777405,0.9735593795776367,-0.039736222475767136,0.6711822152137756,0.30237719416618347,0.12260662019252777,9.815489221409734e-08,0.17977046966552734,0.0,0.0,0.0,1.2190964221954346,2.028743267059326,0.4594467878341675,0.0,0.0,0.4395809769630432,0.0008351875585503876,0.43969112634658813,0.4785015285015106,0.6253272891044617,0.7015970945358276
243,train,2,0.5,0.0,19,pseudo_cycle_01_config_7,-1,0.476136714220047,11903.41796875,49.04515075683594,1.3995612859725952,1.4052609205245972,1.4586513042449951,-0.05339033529162407,0.8044286966323853,0.6542226672172546,0.2790372669696808,2.669435730240366e-07,0.37518513202667236,0.0,0.0,0.0,1.234202265739441,2.0202691555023193,0.4949225187301636,0.0,0.0,0.7531562447547913,0.012662702240049839,0.7560173869132996,0.5372378826141357,0.7788394093513489,0.7223538756370544
244,train,2,0.5,0.0,16,pseudo_cycle_01_config_4,-1,0.4067002236843109,10167.505859375,35.78339385986328,1.588212490081787,1.5724278688430786,1.778088092803955,-0.20566026866436005,0.592264711856842,1.1858234405517578,0.372351735830307,0.28806817531585693,0.5254034996032715,0.0,0.0,0.0,1.2454583644866943,1.9005212783813477,0.5168620347976685,0.0,0.0,1.2129508256912231,-0.06896039098501205,1.1878571510314941,2.1311025619506836,0.49752357602119446,0.46901416778564453
245,train,2,0.5,0.0,13,pseudo_cycle_01_config_1,-1,0.12301138788461685,3075.28466796875,0.929697573184967,0.26854339241981506,0.2637316882610321,0.277926504611969,-0.014194813556969166,0.05222015082836151,0.22570635378360748,0.11205054074525833,1.1567468760631527e-07,0.1136556938290596,0.0,0.0,0.0,1.200354814529419,1.927803635597229,0.8437168598175049,0.0,0.0,0.818120539188385,-0.01646423526108265,0.8140796422958374,1.5727958679199219,1.4433156251907349,1.5953264236450195
246,train,2,0.5,0.0,22,pseudo_cycle_01_config_10,-1,0.15038743615150452,3759.685791015625,36.186195373535156,0.16405686736106873,0.1700625866651535,0.1688244640827179,0.0012381253764033318,0.08099772781133652,0.08782673627138138,0.040848106145858765,0.015253996476531029,0.031724631786346436,0.0,0.0,0.0,1.2456954717636108,2.0523552894592285,0.4923948645591736,0.0,0.0,0.7918167114257812,-0.05919867753982544,0.7777543663978577,0.7543320059776306,0.5720852613449097,0.5858510136604309
247,train,2,0.5,0.0,15,pseudo_cycle_01_config_3,-1,0.2802775204181671,7006.93798828125,4.8264479637146,0.8372262716293335,0.8291587233543396,0.8544217944145203,-0.025263063609600067,0.2622191905975342,0.5922026038169861,0.30414894223213196,2.740154343428003e-07,0.28805339336395264,0.0,0.0,0.0,1.1610476970672607,1.9777214527130127,0.8199138045310974,0.0,0.0,0.7972231507301331,-0.034333351999521255,0.7890117764472961,1.6541311740875244,1.363175392150879,1.5665944814682007
248,train,2,0.5,0.0,18,pseudo_cycle_01_config_6,-1,0.09113848954439163,2278.462158203125,1.7969516515731812,0.06038639321923256,0.05787825584411621,0.05612991750240326,0.0017483369447290897,0.03583930432796478,0.020290613174438477,0.007194375153630972,0.004811030812561512,0.008285208605229855,0.0,0.0,0.0,1.5007836818695068,2.0815751552581787,0.5633105039596558,0.0,0.0,0.6066034436225891,-0.2140975445508957,0.5676417350769043,0.4886881113052368,0.580134928226471,0.5627844929695129
249,train,2,0.5,0.0,12,pseudo_cycle_01_config_0,-1,0.08938360959291458,2234.590087890625,0.4908704459667206,0.14492462575435638,0.16218939423561096,0.15553046762943268,0.006658927537500858,0.025733277201652527,0.12979719042778015,0.011773880571126938,0.048833005130290985,0.06919030100107193,0.0,0.0,0.0,1.1203182935714722,2.012845754623413,0.8973032236099243,0.0,0.0,0.9800483584403992,-0.02998977154493332,0.9712309837341309,1.6110444068908691,1.1614598035812378,1.4766416549682617
250,train,2,0.5,0.0,15,pseudo_cycle_01_config_3,-1,0.24334362149238586,6083.5908203125,3.638237476348877,0.6419956088066101,0.6459670066833496,0.6625479459762573,-0.016580946743488312,0.19653089344501495,0.46601706743240356,0.23890700936317444,2.1508841996364936e-07,0.2271098494529724,0.0,0.0,0.0,1.1543911695480347,1.9922086000442505,0.8286799192428589,0.0,0.0,0.8234961032867432,-0.026733288541436195,0.8168916702270508,1.6527169942855835,1.3466695547103882,1.571106195449829
251,train,2,0.5,0.0,20,pseudo_cycle_01_config_8,-1,0.09912215173244476,2478.0537109375,15.720315933227539,0.09615912288427353,0.0927891880273819,0.09206896275281906,0.0007202229462563992,0.04679562896490097,0.04527333378791809,0.017530376091599464,0.009335911832749844,0.018407048657536507,0.0,0.0,0.0,1.656631588935852,1.5233843326568604,0.4995613098144531,0.0,0.0,0.8452578783035278,-0.08167650550603867,0.8245465755462646,0.4734824299812317,0.5047549605369568,0.4971606731414795
252,train,2,0.5,0.0,22,pseudo_cycle_01_config_10,-1,0.12614701688289642,3153.67529296875,25.46090316772461,0.12693162262439728,0.12334118038415909,0.12201909720897675,0.001322081545367837,0.056560780853033066,0.06545831263065338,0.029687708243727684,0.011715362779796124,0.024055246263742447,0.0,0.0,0.0,1.2362992763519287,2.055281639099121,0.49815261363983154,0.0,0.0,0.8501411080360413,-0.04018602892756462,0.8398919701576233,0.7205045223236084,0.5707598328590393,0.5838077068328857
253,train,2,0.5,0.0,16,pseudo_cycle_01_config_4,-1,0.4371206760406494,10928.0166015625,41.336666107177734,1.7654752731323242,1.7663525342941284,1.97825288772583,-0.21190036833286285,0.6934220790863037,1.2848308086395264,0.4014350473880768,0.31206199526786804,0.5713337659835815,0.0,0.0,0.0,1.2622840404510498,1.8349727392196655,0.5129725933074951,0.0,0.0,1.1791670322418213,-0.0672215148806572,1.1553874015808105,2.1178345680236816,0.5005708336830139,0.4701199531555176
254,train,2,0.5,0.0,23,pseudo_cycle_01_config_11,-1,0.4883253574371338,12208.1328125,381.53851318359375,1.11899733543396,1.1053415536880493,1.1545720100402832,-0.04923040419816971,0.8120165467262268,0.34255552291870117,0.13918393850326538,1.0876087941369406e-07,0.20337146520614624,0.0,0.0,0.0,1.1844273805618286,2.0084102153778076,0.45624393224716187,0.0,0.0,0.4055956304073334,0.01426598522812128,0.40733152627944946,0.47564056515693665,0.6109794974327087,0.6949918866157532
255,train,2,0.5,0.0,16,pseudo_cycle_01_config_4,-1,0.4662148356437683,11655.37109375,47.02241516113281,1.9293016195297241,1.9553673267364502,2.172424793243408,-0.2170574814081192,0.7964267134666443,1.3759980201721191,0.42769989371299744,0.3339378237724304,0.6143603920936584,0.0,0.0,0.0,1.274488091468811,1.7809442281723022,0.5088278651237488,0.0,0.0,1.1455241441726685,-0.06606675684452057,1.1228197813034058,2.1030194759368896,0.5033162236213684,0.47116103768348694
256,train,2,0.5,0.0,18,pseudo_cycle_01_config_6,-1,0.05609027296304703,1402.2568359375,0.6806249022483826,0.02932281419634819,0.03688589856028557,0.037148259580135345,-0.0002623601467348635,0.010991290211677551,0.026156969368457794,0.014584207907319069,0.0028809523209929466,0.008691810071468353,0.0,0.0,0.0,1.2151663303375244,2.053786516189575,0.7576167583465576,0.0,0.0,0.7291780710220337,0.005202536936849356,0.730316162109375,2.060394287109375,0.5372222661972046,1.2279415130615234
257,train,2,0.5,0.0,13,pseudo_cycle_01_config_1,-1,0.18054097890853882,4513.5244140625,2.002639055252075,0.541068434715271,0.5390198826789856,0.5891537666320801,-0.05013391003012657,0.10928463935852051,0.47986912727355957,0.23991136252880096,2.3621736033874186e-07,0.2399575114250183,0.0,0.0,0.0,1.1661908626556396,1.9920445680618286,0.822185754776001,0.0,0.0,0.7655832767486572,0.0033909399062395096,0.7663621306419373,1.607107400894165,1.4434348344802856,1.6074163913726807
258,train,2,0.5,0.0,17,pseudo_cycle_01_config_5,-1,0.38069161772727966,9517.291015625,31.353017807006836,1.812825322151184,1.7774854898452759,1.6183820962905884,0.1591034233570099,0.5372101068496704,1.081171989440918,0.5225532054901123,5.631201247524587e-07,0.5586182475090027,0.0,0.0,0.0,1.2893168926239014,1.9686365127563477,0.5755646228790283,0.0,0.0,0.662142276763916,-0.014734349213540554,0.6592154502868652,0.9261252880096436,1.3004913330078125,0.9900436401367188
259,train,2,0.5,0.0,20,pseudo_cycle_01_config_8,-1,0.17785748839378357,4446.43701171875,50.61324691772461,0.28508153557777405,0.31365516781806946,0.3070237934589386,0.0066313790157437325,0.11529329419136047,0.19173049926757812,0.09392624348402023,0.0293271467089653,0.068477101624012,0.0,0.0,0.0,1.267715573310852,2.01853346824646,0.45129722356796265,0.0,0.0,0.5882008671760559,-0.007903247140347958,0.5868062973022461,0.8355851173400879,0.5781105160713196,0.6091848015785217
260,train,2,0.5,0.0,23,pseudo_cycle_01_config_11,-1,0.46630576252937317,11657.6435546875,347.90557861328125,1.023476004600525,1.031880259513855,1.0765862464904785,-0.04470602050423622,0.7510873675346375,0.32549887895584106,0.1319725513458252,1.0425837615457567e-07,0.19352620840072632,0.0,0.0,0.0,1.2014646530151367,2.017505168914795,0.45762187242507935,0.0,0.0,0.4198242425918579,0.008106344379484653,0.4208452105522156,0.47655585408210754,0.6170148253440857,0.6988273859024048
261,train,2,0.5,0.0,22,pseudo_cycle_01_config_10,-1,0.13890376687049866,3472.59375,30.870800018310547,0.146002396941185,0.1482120156288147,0.1470344364643097,0.0011775761377066374,0.06891995668411255,0.07811447978019714,0.036191850900650024,0.013720481656491756,0.028202146291732788,0.0,0.0,0.0,1.242450475692749,2.0548486709594727,0.49896275997161865,0.0,0.0,0.8180158734321594,-0.05410980060696602,0.8047370314598083,0.7562365531921387,0.5745768547058105,0.5892899036407471
262,train,2,0.5,0.0,19,pseudo_cycle_01_config_7,-1,0.4312298595905304,10780.74609375,40.23003005981445,1.2151129245758057,1.1976503133773804,1.2168548107147217,-0.019204484298825264,0.645033061504364,0.5718216896057129,0.24686835706233978,2.4617523308734235e-07,0.3249530494213104,0.0,0.0,0.0,1.2064976692199707,2.00089693069458,0.5058102607727051,0.0,0.0,0.7730188965797424,0.014062453992664814,0.7762800455093384,0.5697881579399109,0.8424924612045288,0.7500126957893372
263,train,2,0.5,0.0,13,pseudo_cycle_01_config_1,-1,0.11914633214473724,2978.658203125,0.8721926212310791,0.2538983225822449,0.24946936964988708,0.2614838480949402,-0.012014472857117653,0.04918626323342323,0.21229757368564606,0.10514217615127563,1.0959793428355624e-07,0.10715528577566147,0.0,0.0,0.0,1.2051597833633423,1.9198940992355347,0.8457446098327637,0.0,0.0,0.8264923095703125,-0.018771931529045105,0.821837842464447,1.5646995306015015,1.446366548538208,1.5946581363677979
264,train,2,0.5,0.0,17,pseudo_cycle_01_config_5,-1,0.38624894618988037,9656.22265625,32.275081634521484,1.8393818140029907,1.8050041198730469,1.6443095207214355,0.16069461405277252,0.5502055883407593,1.0941039323806763,0.5263628363609314,5.687874704563001e-07,0.5677404999732971,0.0,0.0,0.0,1.2827808856964111,1.9699307680130005,0.5701927542686462,0.0,0.0,0.6602691411972046,-0.013913098722696304,0.6575132012367249,0.9079750776290894,1.290560245513916,0.9793514013290405
265,train,2,0.5,0.0,19,pseudo_cycle_01_config_7,-1,0.40517500042915344,10129.3740234375,35.5155029296875,1.1215063333511353,1.0873515605926514,1.0877492427825928,-0.00039773748721927404,0.5610180497169495,0.5267311334609985,0.22978971898555756,2.3268697191269894e-07,0.2969411611557007,0.0,0.0,0.0,1.1886491775512695,1.999701976776123,0.5136978626251221,0.0,0.0,0.7715376019477844,0.017972329631447792,0.7756975293159485,0.6015841960906982,0.8893882632255554,0.7773850560188293
266,train,2,0.5,0.0,12,pseudo_cycle_01_config_0,-1,0.4356783628463745,10891.958984375,11.66226863861084,2.449096202850342,2.5038065910339355,2.597353458404541,-0.09354695677757263,0.6490866541862488,1.9482667446136475,0.5892483592033386,0.5472089052200317,0.8118094801902771,0.0,0.0,0.0,1.1894134283065796,2.1972904205322266,0.6168158650398254,0.0,0.0,1.3804987668991089,0.04258308187127113,1.3981345891952515,2.159566640853882,0.5071167349815369,0.4640495777130127
267,train,2,0.5,0.0,20,pseudo_cycle_01_config_8,-1,0.17022383213043213,4255.595703125,46.3618278503418,0.26346492767333984,0.28925269842147827,0.2837660312652588,0.005486676935106516,0.10490540415048599,0.1788606345653534,0.08759739249944687,0.027299897745251656,0.06396335363388062,0.0,0.0,0.0,1.2592711448669434,2.0364556312561035,0.45492255687713623,0.0,0.0,0.595140814781189,-0.013367132283747196,0.5927542448043823,0.8347944617271423,0.5718892812728882,0.6095644235610962
268,train,2,0.5,0.0,12,pseudo_cycle_01_config_0,-1,0.4755801558494568,11889.50390625,13.896279335021973,2.853529930114746,2.9065346717834473,3.082916736602783,-0.17638196051120758,0.7685470581054688,2.3143696784973145,0.7055653929710388,0.6364437341690063,0.9723604917526245,0.0,0.0,0.0,1.1819120645523071,2.207009792327881,0.5976698398590088,0.0,0.0,1.3785791397094727,0.04865328222513199,1.3987008333206177,2.1597201824188232,0.5083945989608765,0.4642260670661926
269,train,2,0.5,0.0,23,pseudo_cycle_01_config_11,-1,0.23157575726509094,5789.3935546875,85.80370330810547,0.32472261786460876,0.30669423937797546,0.3093718886375427,-0.0026776629965752363,0.17924413084983826,0.13012775778770447,0.062147356569767,4.8307423838878094e-08,0.06798034906387329,0.0,0.0,0.0,1.1625748872756958,2.0706889629364014,0.4814549684524536,0.0,0.0,0.5741291046142578,0.019593719393014908,0.5775038599967957,0.6460638642311096,0.7822980880737305,0.7067017555236816
270,train,2,0.5,0.0,14,pseudo_cycle_01_config_2,-1,0.43514078855514526,10878.51953125,11.63350772857666,1.610845685005188,1.6419470310211182,1.6289047002792358,0.01304232981055975,0.6670726537704468,0.9618320465087891,0.27582690119743347,0.2917446792125702,0.3942604660987854,0.0,0.0,0.0,1.2253937721252441,2.2077057361602783,0.6867809295654297,0.0,0.0,1.2875527143478394,0.10903085768222809,1.329667568206787,2.1210920810699463,0.5095064640045166,0.47287696599960327
271,train,2,0.5,0.0,15,pseudo_cycle_01_config_3,-1,0.299899697303772,7497.4921875,5.525901794433594,0.9535535573959351,0.9405607581138611,0.9660165309906006,-0.0254557803273201,0.3031799793243408,0.6628365516662598,0.3409244120121002,3.0714437571077724e-07,0.32191187143325806,0.0,0.0,0.0,1.1724939346313477,1.9695374965667725,0.8143186569213867,0.0,0.0,0.7877749800682068,-0.038087666034698486,0.7787736058235168,1.6475529670715332,1.3670697212219238,1.5556726455688477
272,train,2,0.5,0.0,15,pseudo_cycle_01_config_3,-1,0.266609787940979,6665.24462890625,4.367201805114746,0.7614779472351074,0.7577007412910461,0.780670702457428,-0.02296995371580124,0.23628415167331696,0.5443865656852722,0.27939629554748535,2.5158314542750304e-07,0.26499003171920776,0.0,0.0,0.0,1.1562308073043823,1.983184814453125,0.8233324289321899,0.0,0.0,0.80571448802948,-0.03189652040600777,0.798004686832428,1.6558027267456055,1.358174443244934,1.5704259872436523
273,train,2,0.5,0.0,18,pseudo_cycle_01_config_6,-1,0.14250552654266357,3562.637939453125,4.393353462219238,0.16111451387405396,0.16661550104618073,0.17361992597579956,-0.007004427257925272,0.06772015988826752,0.10589977353811264,0.044464293867349625,0.02082936279475689,0.040606118738651276,0.0,0.0,0.0,1.1598896980285645,1.9719442129135132,0.6144014596939087,0.0,0.0,0.81886225938797,-0.023503895848989487,0.8130882978439331,0.9103835821151733,0.6941235065460205,0.831389307975769
274,train,2,0.5,0.0,13,pseudo_cycle_01_config_1,-1,0.15804064273834229,3951.01611328125,1.5345768928527832,0.42223235964775085,0.4181393086910248,0.45324885845184326,-0.03510956093668938,0.08430035412311554,0.3689485192298889,0.18470139801502228,1.8276459456956218e-07,0.18424692749977112,0.0,0.0,0.0,1.1739617586135864,1.9776490926742554,0.8291375041007996,0.0,0.0,0.7766559720039368,-0.0007765440386720002,0.7764750719070435,1.6052201986312866,1.4367830753326416,1.601270318031311
275,train,2,0.5,0.0,22,pseudo_cycle_01_config_10,-1,0.17159812152385712,4289.95263671875,47.11344909667969,0.19892413914203644,0.2062435746192932,0.20475497841835022,0.0014885907294228673,0.10489243268966675,0.09986253827810287,0.045451465994119644,0.017183244228363037,0.03722783178091049,0.0,0.0,0.0,1.2390282154083252,2.0404133796691895,0.47017902135849,0.0,0.0,0.7355879545211792,-0.05350235477089882,0.7237812280654907,0.6967966556549072,0.5602735280990601,0.5707237124443054
276,train,2,0.5,0.0,12,pseudo_cycle_01_config_0,-1,0.468423992395401,11710.599609375,13.48122501373291,2.7809228897094727,2.8339717388153076,2.99501895904541,-0.16104717552661896,0.746367871761322,2.2486510276794434,0.6846711039543152,0.6204845905303955,0.9434953331947327,0.0,0.0,0.0,1.1831417083740234,2.206644296646118,0.6007812023162842,0.0,0.0,1.3795264959335327,0.04781104996800423,1.3993134498596191,2.159698247909546,0.5081217288970947,0.4641869068145752
277,train,2,0.5,0.0,22,pseudo_cycle_01_config_10,-1,0.09126044064760208,2281.510986328125,13.325543403625488,0.08283007889986038,0.07983152568340302,0.07654669135808945,0.0032848333939909935,0.032993100583553314,0.04355359077453613,0.017086030915379524,0.008910410106182098,0.01755714975297451,0.0,0.0,0.0,1.3779078722000122,2.2036874294281006,0.4539921283721924,0.0,0.0,1.2235283851623535,0.11524514108896255,1.265830159187317,0.49029722809791565,0.5632064342498779,0.5038163065910339
278,train,2,0.5,0.0,19,pseudo_cycle_01_config_7,-1,0.44992485642433167,11248.1220703125,43.79380798339844,1.2882920503616333,1.282659888267517,1.3160537481307983,-0.03339380770921707,0.7099022269248962,0.6061515212059021,0.2601533830165863,2.5545733706167084e-07,0.3459978699684143,0.0,0.0,0.0,1.2197778224945068,2.007033586502075,0.5011566877365112,0.0,0.0,0.7680324912071228,0.012621097266674042,0.7709404826164246,0.5537105202674866,0.8136907815933228,0.7364218831062317
279,train,2,0.5,0.0,13,pseudo_cycle_01_config_1,-1,0.0844021812081337,2110.0546875,0.43768176436424255,0.1426025927066803,0.1515645831823349,0.14448890089988708,0.0070756785571575165,0.025964679196476936,0.1185242235660553,0.05535344034433365,7.025400350357813e-08,0.06317070871591568,0.0,0.0,0.0,1.2677620649337769,1.8564341068267822,0.8705552220344543,0.0,0.0,1.0091617107391357,-0.015029356814920902,1.004611611366272,1.3887953758239746,1.5185520648956299,1.5849273204803467
280,train,2,0.5,0.0,17,pseudo_cycle_01_config_5,-1,0.4772614538669586,11931.5361328125,49.27713394165039,2.243912696838379,2.195531129837036,2.09024715423584,0.10528403520584106,0.7942403554916382,1.296006679534912,0.5833380222320557,6.275006398936966e-07,0.7126680612564087,0.0,0.0,0.0,1.212834119796753,2.0090560913085938,0.5043765306472778,0.0,0.0,0.6401889324188232,-0.003960141912102699,0.6394283771514893,0.6645113229751587,1.0629249811172485,0.811837911605835
281,train,2,0.5,0.0,22,pseudo_cycle_01_config_10,-1,0.1126120537519455,2815.30126953125,20.290353775024414,0.10818178206682205,0.09883565455675125,0.09700635820627213,0.001829297747462988,0.045098237693309784,0.05190812051296234,0.0224476158618927,0.009572534821927547,0.01988797076046467,0.0,0.0,0.0,1.2369494438171387,2.064502477645874,0.48418259620666504,0.0,0.0,0.9064350128173828,-0.00901266373693943,0.9039841890335083,0.6323142647743225,0.5569042563438416,0.560213029384613
282,train,2,0.5,0.0,21,pseudo_cycle_01_config_9,-1,0.4649517238140106,11623.79296875,345.8880310058594,1.4918467998504639,1.486613392829895,1.4448087215423584,0.041804637759923935,0.8465071320533752,0.5983015298843384,0.2533922791481018,2.0069180095561023e-07,0.34490901231765747,0.0,0.0,0.0,1.3619998693466187,2.005258083343506,0.45621687173843384,0.0,0.0,0.4031859338283539,-0.08241820335388184,0.393216997385025,0.4955117404460907,0.6451787352561951,0.6744737029075623
283,train,2,0.5,0.0,13,pseudo_cycle_01_config_1,-1,0.09559815376996994,2389.953857421875,0.5615004301071167,0.17449194192886353,0.1764470785856247,0.17545190453529358,0.0009951727697625756,0.03274483233690262,0.14270707964897156,0.06864975392818451,7.950324487637772e-08,0.07405725121498108,0.0,0.0,0.0,1.246252179145813,1.8686282634735107,0.8611311912536621,0.0,0.0,0.9178617000579834,-0.027057455852627754,0.9104111790657043,1.471832036972046,1.4845542907714844,1.5877671241760254
284,train,2,0.5,0.0,15,pseudo_cycle_01_config_3,-1,0.2536368668079376,6340.92138671875,3.95253586769104,0.6934199929237366,0.6939887404441833,0.7136726379394531,-0.01968389004468918,0.21347454190254211,0.5001980662345886,0.2565671503543854,2.3094104051324393e-07,0.24363066256046295,0.0,0.0,0.0,1.154206395149231,1.9882457256317139,0.8263539671897888,0.0,0.0,0.8151434063911438,-0.02927188016474247,0.8079851865768433,1.655051827430725,1.3520938158035278,1.5716015100479126
285,train,2,0.5,0.0,15,pseudo_cycle_01_config_3,-1,0.30437615513801575,7609.40380859375,5.692097187042236,0.981388509273529,0.9675596356391907,0.9924058318138123,-0.024846218526363373,0.31317853927612305,0.6792272925376892,0.3495098054409027,3.148078349113348e-07,0.32971715927124023,0.0,0.0,0.0,1.1757984161376953,1.967602014541626,0.812895655632019,0.0,0.0,0.7860800623893738,-0.03909063711762428,0.7768615484237671,1.6453793048858643,1.3673466444015503,1.552201747894287
286,train,2,0.5,0.0,20,pseudo_cycle_01_config_8,-1,0.08480627089738846,2120.156982421875,11.507362365722656,0.07476997375488281,0.08115299046039581,0.08236904442310333,-0.0012160551268607378,0.0316753052175045,0.05069373548030853,0.02104208618402481,0.010497595183551311,0.019154053181409836,0.0,0.0,0.0,1.5318878889083862,1.619842290878296,0.5344498157501221,0.0,0.0,1.0875129699707031,-0.0863930955529213,1.0593268871307373,0.5683408975601196,0.5305215120315552,0.5173455476760864
287,train,2,0.5,0.0,19,pseudo_cycle_01_config_7,-1,0.4651886522769928,11629.716796875,46.81563949584961,1.3518586158752441,1.3539023399353027,1.3989825248718262,-0.04508023336529732,0.7646664977073669,0.6343159675598145,0.27117207646369934,2.6242094008921413e-07,0.36314359307289124,0.0,0.0,0.0,1.2290681600570679,2.0142667293548584,0.4975318908691406,0.0,0.0,0.7604023218154907,0.012346787378191948,0.763218879699707,0.5434122085571289,0.7927262783050537,0.7277174592018127
288,train,2,0.5,0.0,20,pseudo_cycle_01_config_8,-1,0.15129081904888153,3782.270263671875,36.62224578857422,0.2116403579711914,0.21563993394374847,0.21226653456687927,0.003373395884409547,0.08111310750246048,0.1311534345149994,0.061540476977825165,0.020425638183951378,0.0491873137652874,0.0,0.0,0.0,1.232616662979126,2.0697858333587646,0.45692408084869385,0.0,0.0,0.5831617712974548,-0.02923855371773243,0.5780465602874756,0.7490766048431396,0.5441228747367859,0.598712682723999
289,train,2,0.5,0.0,18,pseudo_cycle_01_config_6,-1,0.11575712263584137,2893.92822265625,2.8988664150238037,0.10350087285041809,0.10877423733472824,0.10874028503894806,3.3955337130464613e-05,0.044657137244939804,0.06408314406871796,0.02526739053428173,0.01319407019764185,0.02562168426811695,0.0,0.0,0.0,1.1591978073120117,1.9633362293243408,0.5871540307998657,0.0,0.0,0.8309375643730164,0.011959072202444077,0.8339187502861023,0.7678126692771912,0.6828442215919495,0.7785786986351013
290,train,2,0.5,0.0,17,pseudo_cycle_01_config_5,-1,0.4154588282108307,10386.470703125,37.34123611450195,1.9715021848678589,1.9421910047531128,1.781912088394165,0.16027896106243134,0.6189215183258057,1.1629905700683594,0.5468048453330994,5.958099791314453e-07,0.616185188293457,0.0,0.0,0.0,1.2472162246704102,1.978135347366333,0.5444597005844116,0.0,0.0,0.6533334255218506,-0.009067502804100513,0.6515561938285828,0.8193081021308899,1.2297537326812744,0.9232645034790039
291,train,2,0.5,0.0,17,pseudo_cycle_01_config_5,-1,0.451759397983551,11293.984375,44.15166473388672,2.1290972232818604,2.095503091812134,1.9589593410491943,0.13654373586177826,0.7142526507377625,1.244706630706787,0.5699337124824524,6.199114181981713e-07,0.674772322177887,0.0,0.0,0.0,1.2173055410385132,1.9936323165893555,0.5187540054321289,0.0,0.0,0.6472421884536743,-0.0044711679220199585,0.646373987197876,0.7223700881004333,1.1359648704528809,0.8552491068840027
292,train,2,0.5,0.0,21,pseudo_cycle_01_config_9,-1,0.4487137198448181,11217.8427734375,322.1502685546875,1.4065263271331787,1.397914171218872,1.354435682296753,0.04347854480147362,0.7853291630744934,0.5691065788269043,0.24214744567871094,1.926530472928789e-07,0.32695895433425903,0.0,0.0,0.0,1.356673002243042,2.0045063495635986,0.4566720724105835,0.0,0.0,0.4103996753692627,-0.08237232267856598,0.40025800466537476,0.49965760111808777,0.6528679132461548,0.6746613383293152
293,train,2,0.5,0.0,13,pseudo_cycle_01_config_1,-1,0.14552925527095795,3638.231201171875,1.301222801208496,0.3629862070083618,0.35804030299186707,0.3853832185268402,-0.027342911809682846,0.07189002633094788,0.31349319219589233,0.15678581595420837,1.5644590689589677e-07,0.15670724213123322,0.0,0.0,0.0,1.1806745529174805,1.96425461769104,0.8337013125419617,0.0,0.0,0.7865675687789917,-0.0050194584764540195,0.7853831052780151,1.599578619003296,1.435865879058838,1.598776936531067
294,train,2,0.5,0.0,21,pseudo_cycle_01_config_9,-1,0.3988097310066223,9970.2431640625,254.47862243652344,1.1651475429534912,1.1369328498840332,1.0882784128189087,0.048654403537511826,0.6039411425590515,0.4843372702598572,0.21090063452720642,1.6971351612937724e-07,0.27343645691871643,0.0,0.0,0.0,1.3207640647888184,1.9957563877105713,0.4579949975013733,0.0,0.0,0.43449532985687256,-0.0728842094540596,0.42499497532844543,0.5211153626441956,0.6867094039916992,0.6756353974342346
295,train,2,0.5,0.0,16,pseudo_cycle_01_config_4,-1,0.4254865348339081,10637.1640625,39.165565490722656,1.6983739137649536,1.6917027235031128,1.9013750553131104,-0.20967231690883636,0.6538913249969482,1.247483730316162,0.3905304968357086,0.30302929878234863,0.5539239048957825,0.0,0.0,0.0,1.2563077211380005,1.8590047359466553,0.5144991874694824,0.0,0.0,1.1922895908355713,-0.0678086206316948,1.1680353879928589,2.1231637001037598,0.4994252920150757,0.46970006823539734
296,train,2,0.5,0.0,14,pseudo_cycle_01_config_2,-1,0.47326231002807617,11831.556640625,13.76115608215332,1.8715837001800537,1.9090248346328735,1.9284815788269043,-0.01945674978196621,0.7843992710113525,1.1440823078155518,0.33376967906951904,0.33592039346694946,0.474392294883728,0.0,0.0,0.0,1.2181352376937866,2.2069754600524902,0.6585942506790161,0.0,0.0,1.310180425643921,0.12148012220859528,1.35792875289917,2.125373601913452,0.5065809488296509,0.47115954756736755
297,train,2,0.5,0.0,17,pseudo_cycle_01_config_5,-1,0.44990649819374084,11247.662109375,43.79022979736328,2.120975971221924,2.088064670562744,1.9496781826019287,0.13838651776313782,0.7089075446128845,1.240770697593689,0.5688776969909668,6.190303452058288e-07,0.6718924045562744,0.0,0.0,0.0,1.2181681394577026,1.9926613569259644,0.5199060440063477,0.0,0.0,0.6476138234138489,-0.004603100009262562,0.6467195153236389,0.726948618888855,1.1411247253417969,0.8585873246192932
298,train,2,0.5,0.0,20,pseudo_cycle_01_config_8,-1,0.14355610311031342,3588.902587890625,32.97335433959961,0.1915350705385208,0.18233570456504822,0.1793333888053894,0.00300232064910233,0.07268954813480377,0.10664383322000504,0.04797988012433052,0.017041848972439766,0.0416221022605896,0.0,0.0,0.0,1.2268480062484741,2.06174373626709,0.4531800150871277,0.0,0.0,0.5641645789146423,-0.034219853579998016,0.5583729147911072,0.674117386341095,0.5283507108688354,0.5847905278205872
299,train,2,0.5,0.0,17,pseudo_cycle_01_config_5,-1,0.423358291387558,10583.9560546875,38.77473449707031,2.0058798789978027,1.977091908454895,1.8197145462036133,0.15737731754779816,0.6382653117179871,1.1814491748809814,0.5522173643112183,6.021392664479208e-07,0.6292312741279602,0.0,0.0,0.0,1.238646149635315,1.9809156656265259,0.5382777452468872,0.0,0.0,0.6520241498947144,-0.007791368756443262,0.6505001187324524,0.7970017790794373,1.210879921913147,0.9081540703773499
300,train,2,0.5,0.0,14,pseudo_cycle_01_config_2,-1,0.4952855110168457,12382.1376953125,15.07170295715332,2.02335786819458,2.0635693073272705,2.1058387756347656,-0.04226955771446228,0.8561091423034668,1.2497296333312988,0.36760956048965454,0.3608679473400116,0.5212521553039551,0.0,0.0,0.0,1.213891863822937,2.2011311054229736,0.6440491676330566,0.0,0.0,1.3177673816680908,0.12720507383346558,1.3680553436279297,2.1271235942840576,0.5056817531585693,0.470430850982666
301,train,2,0.5,0.0,19,pseudo_cycle_01_config_7,-1,0.49317246675491333,12329.310546875,52.617515563964844,1.4772534370422363,1.4845304489135742,1.550559401512146,-0.06602901220321655,0.8663207292556763,0.6842386722564697,0.29106733202934265,2.730481298840459e-07,0.3931710720062256,0.0,0.0,0.0,1.2389198541641235,2.0303690433502197,0.490767240524292,0.0,0.0,0.7393794655799866,0.013960713520646095,0.7424761056900024,0.5292333364486694,0.7587149143218994,0.7148834466934204
302,train,2,0.5,0.0,18,pseudo_cycle_01_config_6,-1,0.07138244807720184,1784.56103515625,1.1023401021957397,0.03610949218273163,0.034706637263298035,0.03686155751347542,-0.0021549200173467398,0.01647748425602913,0.02038407325744629,0.01157013326883316,0.0025523321237415075,0.006261608097702265,0.0,0.0,0.0,1.1247867345809937,2.0079030990600586,0.7463860511779785,0.0,0.0,0.44123390316963196,-0.015289404429495335,0.43921005725860596,1.7165215015411377,0.5073230266571045,0.9289594292640686
303,train,2,0.5,0.0,12,pseudo_cycle_01_config_0,-1,0.4181205928325653,10453.0146484375,10.74123477935791,2.2725558280944824,2.3291876316070557,2.3885529041290283,-0.05936519801616669,0.5998775959014893,1.788675308227539,0.5386058688163757,0.5080986022949219,0.7419708371162415,0.0,0.0,0.0,1.193497896194458,2.1862223148345947,0.6270159482955933,0.0,0.0,1.3785320520401,0.03883345052599907,1.394592046737671,2.1595494747161865,0.5067614912986755,0.46400323510169983
304,train,2,0.5,0.0,23,pseudo_cycle_01_config_11,-1,0.24829982221126556,6207.49560546875,98.64444732666016,0.35660243034362793,0.33839714527130127,0.3453125059604645,-0.006915358826518059,0.2062596082687378,0.13905289769172668,0.06396640092134476,5.163712657463293e-08,0.07508644461631775,0.0,0.0,0.0,1.163653016090393,2.075592517852783,0.47433340549468994,0.0,0.0,0.5583090782165527,0.01600903645157814,0.5609904527664185,0.5940326452255249,0.7582248449325562,0.6973003149032593
305,train,2,0.5,0.0,21,pseudo_cycle_01_config_9,-1,0.38690701127052307,9672.6748046875,239.5151824951172,1.1123961210250854,1.0792909860610962,1.029249906539917,0.050041064620018005,0.563423752784729,0.4658261239528656,0.20447857677936554,1.6489629217630863e-07,0.26134738326072693,0.0,0.0,0.0,1.3091338872909546,1.992357850074768,0.45848965644836426,0.0,0.0,0.44089341163635254,-0.0687418058514595,0.43180105090141296,0.5292518138885498,0.6981635093688965,0.6764452457427979
306,train,2,0.5,0.0,18,pseudo_cycle_01_config_6,-1,0.1187792643904686,2969.4814453125,3.0522067546844482,0.1094893366098404,0.11530586332082748,0.11589596420526505,-0.0005900979740545154,0.046932704746723175,0.06896325945854187,0.027535343542695045,0.014044933952391148,0.027382979169487953,0.0,0.0,0.0,1.1570615768432617,1.9610179662704468,0.5911811590194702,0.0,0.0,0.8325930237770081,0.009361723437905312,0.8349314332008362,0.7946677207946777,0.6856368780136108,0.7902705073356628
307,train,2,0.5,0.0,21,pseudo_cycle_01_config_9,-1,0.4433401823043823,11083.50390625,314.480712890625,1.3790103197097778,1.3688033819198608,1.3247828483581543,0.04402054846286774,0.7652038931846619,0.5595790147781372,0.23852425813674927,1.900366157769895e-07,0.3210545480251312,0.0,0.0,0.0,1.354144811630249,2.004025936126709,0.45680952072143555,0.0,0.0,0.41284438967704773,-0.0820215493440628,0.4026857614517212,0.5012651085853577,0.6556896567344666,0.6747046709060669
308,train,2,0.5,0.0,34,pseudo_cycle_02_config_10,-1,0.13083302974700928,3270.825439453125,27.387643814086914,0.13648028671741486,0.13244429230690002,0.1312081217765808,0.0012361712288111448,0.06095200031995773,0.07025612890720367,0.032191913574934006,0.012476428411900997,0.0255877822637558,0.0,0.0,0.0,1.2385549545288086,2.055112838745117,0.4996560215950012,0.0,0.0,0.8373259902000427,-0.04653606936335564,0.8256362080574036,0.738918125629425,0.5731505155563354,0.5873299837112427
309,train,2,0.5,0.0,34,pseudo_cycle_02_config_10,-1,0.19018690288066864,4754.67236328125,57.87367248535156,0.23191198706626892,0.23305842280387878,0.23151393234729767,0.0015444847522303462,0.12667687237262726,0.10483705997467041,0.04586638882756233,0.018052736297249794,0.040917932987213135,0.0,0.0,0.0,1.2181429862976074,2.0289177894592285,0.44813406467437744,0.0,0.0,0.6735712885856628,-0.034007132053375244,0.6666994094848633,0.6249532699584961,0.5488935112953186,0.557528018951416
310,train,2,0.5,0.0,30,pseudo_cycle_02_config_6,-1,0.31176507472991943,7794.12646484375,21.02750015258789,0.7454192638397217,0.7642316818237305,0.7456762194633484,0.01855549030005932,0.35643184185028076,0.3892443776130676,0.14343735575675964,0.06923171877861023,0.17657528817653656,0.0,0.0,0.0,1.2755095958709717,2.116624355316162,0.46029773354530334,0.0,0.0,0.9771243929862976,0.03908781334757805,0.9885825514793396,0.4701749086380005,0.4930187463760376,0.5787980556488037
311,train,2,0.5,0.0,30,pseudo_cycle_02_config_6,-1,0.2745852768421173,6864.63134765625,16.311248779296875,0.5269643664360046,0.5082136988639832,0.5225263833999634,-0.0143126817420125,0.24299371242523193,0.27953267097473145,0.10115078836679459,0.05389375612139702,0.12448812276124954,0.0,0.0,0.0,1.1209924221038818,2.193986654281616,0.5050426721572876,0.0,0.0,0.8488024473190308,0.00789419561624527,0.8508126139640808,0.4791325330734253,0.5054716467857361,0.589677095413208
312,train,2,0.5,0.0,31,pseudo_cycle_02_config_7,-1,0.1067081168293953,2667.702880859375,2.4633584022521973,0.1494610756635666,0.14878544211387634,0.1458960771560669,0.0028893612325191498,0.03936213254928589,0.106533944606781,0.05707268789410591,5.368816502482332e-08,0.049461208283901215,0.0,0.0,0.0,1.2023913860321045,1.9877301454544067,0.8965568542480469,0.0,0.0,1.0867022275924683,-0.05601448565721512,1.0684409141540527,1.5733821392059326,1.2381346225738525,1.3635486364364624
313,train,2,0.5,0.0,31,pseudo_cycle_02_config_7,-1,0.4701818525791168,11754.5458984375,47.82604217529297,1.364538550376892,1.377332329750061,1.426215648651123,-0.04888331890106201,0.7827752232551575,0.6434404850006104,0.27476805448532104,2.6453761847733404e-07,0.3686721920967102,0.0,0.0,0.0,1.2315937280654907,2.0169382095336914,0.4963459372520447,0.0,0.0,0.7572695016860962,0.012438266538083553,0.7600952386856079,0.540483832359314,0.7862863540649414,0.7251983880996704
314,train,2,0.5,0.0,27,pseudo_cycle_02_config_3,-1,0.14186634123325348,3546.65869140625,1.2365447282791138,0.25285521149635315,0.2509484589099884,0.24377354979515076,0.007174915634095669,0.07003257423639297,0.17374098300933838,0.08413951843976974,9.183298743664636e-08,0.08960136771202087,0.0,0.0,0.0,1.2103289365768433,2.0478169918060303,0.870110809803009,0.0,0.0,0.9262675046920776,0.01863935776054859,0.9314469695091248,1.461169958114624,1.3746310472488403,1.5560204982757568
315,train,2,0.5,0.0,26,pseudo_cycle_02_config_2,-1,0.40845608711242676,10211.4013671875,10.2504243850708,1.4462618827819824,1.4579322338104248,1.4278700351715088,0.030062226578593254,0.5902290940284729,0.8376410007476807,0.23677845299243927,0.26064348220825195,0.34021908044815063,0.0,0.0,0.0,1.2305293083190918,2.2006874084472656,0.7089765667915344,0.0,0.0,1.2643568515777588,0.09895075112581253,1.3018896579742432,2.1173155307769775,0.5127438306808472,0.4745085537433624
316,train,2,0.5,0.0,24,pseudo_cycle_02_config_0,-1,0.3430195152759552,8575.4873046875,7.229175090789795,1.6001418828964233,1.618689775466919,1.5534167289733887,0.06527304649353027,0.4160275459289551,1.1373891830444336,0.3322661519050598,0.3476029932498932,0.4575200080871582,0.0,0.0,0.0,1.2298343181610107,2.078547477722168,0.6954020261764526,0.0,0.0,1.3376338481903076,0.013964311219751835,1.3432375192642212,2.161585569381714,0.5071961283683777,0.4642356336116791
317,train,2,0.5,0.0,33,pseudo_cycle_02_config_9,-1,0.3845615088939667,9614.0380859375,236.62001037597656,1.0685975551605225,1.0682218074798584,1.017895221710205,0.05032656341791153,0.5556077361106873,0.46228742599487305,0.20327648520469666,1.639895117477863e-07,0.25901079177856445,0.0,0.0,0.0,1.3067688941955566,1.9916346073150635,0.4586077928543091,0.0,0.0,0.4421995282173157,-0.067852683365345,0.4331981837749481,0.5310531854629517,0.7006269097328186,0.6766571998596191
318,train,2,0.5,0.0,32,pseudo_cycle_02_config_8,-1,0.4294215142726898,10735.537109375,295.0444030761719,1.0069658756256104,0.9848108291625977,1.0281569957733154,-0.043346188962459564,0.6071997880935669,0.42095720767974854,0.1622205227613449,0.07396199554204941,0.18477468192577362,0.0,0.0,0.0,1.1453181505203247,2.0212273597717285,0.43391454219818115,0.0,0.0,0.28249624371528625,0.010931309312582016,0.28342267870903015,0.5118788480758667,0.5378557443618774,0.5830473899841309
319,train,2,0.5,0.0,31,pseudo_cycle_02_config_7,-1,0.4582994282245636,11457.4853515625,45.439273834228516,1.3108657598495483,1.3216361999511719,1.3614466190338135,-0.03981039673089981,0.7398104071617126,0.621636152267456,0.26619741320610046,2.593633610104007e-07,0.3554385006427765,0.0,0.0,0.0,1.2251349687576294,2.010806083679199,0.4991634786128998,0.0,0.0,0.7642216086387634,0.012367266230285168,0.7670570015907288,0.5477924942970276,0.8019354343414307,0.7314367294311523
320,train,2,0.5,0.0,32,pseudo_cycle_02_config_8,-1,0.07038106769323349,1759.5264892578125,7.925588607788086,0.1409471035003662,0.1267310529947281,0.1290837526321411,-0.002352694747969508,0.015329033136367798,0.11375471949577332,0.07248251140117645,0.018325477838516235,0.022946732118725777,0.0,0.0,0.0,1.0763789415359497,2.2586941719055176,0.6477706432342529,0.0,0.0,1.0396552085876465,0.05560290440917015,1.056997537612915,2.0430026054382324,0.7973880767822266,0.6467798352241516
321,train,2,0.5,0.0,30,pseudo_cycle_02_config_6,-1,0.10114479809999466,2528.619873046875,2.21319580078125,0.08234148472547531,0.07783007621765137,0.07597631961107254,0.0018537583528086543,0.03686857968568802,0.03910773992538452,0.014230521395802498,0.008775346912443638,0.01610187254846096,0.0,0.0,0.0,1.2535204887390137,2.020113468170166,0.5684213638305664,0.0,0.0,0.7767432332038879,-0.04289943724870682,0.7667466998100281,0.5987076163291931,0.6495130062103271,0.6774391531944275
322,train,2,0.5,0.0,28,pseudo_cycle_02_config_4,-1,0.09548800438642502,2387.199951171875,1.9725607633590698,0.11789888888597488,0.1160002276301384,0.11310131102800369,0.0028989173006266356,0.03185390681028366,0.08124740421772003,0.01705818437039852,0.033798396587371826,0.030390821397304535,0.0,0.0,0.0,1.2151426076889038,1.9666271209716797,0.8875889182090759,0.0,0.0,0.976774275302887,0.0331873781979084,0.9864992499351501,2.0608818531036377,0.7175408005714417,0.5726704001426697
323,train,2,0.5,0.0,32,pseudo_cycle_02_config_8,-1,0.46679458022117615,11669.8642578125,348.6353759765625,1.132660984992981,1.1145099401474,1.1840382814407349,-0.06952835619449615,0.7022942304611206,0.48174402117729187,0.18796329200267792,0.08561968803405762,0.20816102623939514,0.0,0.0,0.0,1.1210620403289795,2.0150439739227295,0.43940702080726624,0.0,0.0,0.2748657166957855,0.021476885303854942,0.27663668990135193,0.5158292055130005,0.5347360968589783,0.5712579488754272
324,train,2,0.5,0.0,25,pseudo_cycle_02_config_1,-1,0.3934623897075653,9836.5595703125,9.511686325073242,2.455994129180908,2.453824758529663,2.5639595985412598,-0.11013491451740265,0.5558373928070068,2.008122205734253,0.983792781829834,1.0093427817992051e-06,1.024328351020813,0.0,0.0,0.0,1.2488304376602173,1.874311089515686,0.7648825645446777,0.0,0.0,0.7603696584701538,-0.06197626143693924,0.7462322115898132,1.5144686698913574,1.523567795753479,1.5768694877624512
325,train,2,0.5,0.0,35,pseudo_cycle_02_config_11,-1,0.23878246545791626,5969.56201171875,91.2272720336914,0.31856265664100647,0.31972333788871765,0.3242471516132355,-0.004523809999227524,0.19057276844978333,0.13367438316345215,0.06272859871387482,4.969643896401976e-08,0.07094573974609375,0.0,0.0,0.0,1.162567377090454,2.07350754737854,0.4779905676841736,0.0,0.0,0.56666499376297,0.018130602315068245,0.5697471499443054,0.6208429336547852,0.7717618942260742,0.702170193195343
326,train,2,0.5,0.0,25,pseudo_cycle_02_config_1,-1,0.4243159592151642,10607.8984375,11.06190299987793,2.8598732948303223,2.859414577484131,2.904644250869751,-0.045229747891426086,0.6707698702812195,2.2338743209838867,1.1051359176635742,1.1245992936892435e-06,1.128737211227417,0.0,0.0,0.0,1.2958565950393677,1.8376845121383667,0.7503692507743835,0.0,0.0,0.7636492252349854,-0.08467917889356613,0.744249701499939,1.4959810972213745,1.5215786695480347,1.5279290676116943
327,train,2,0.5,0.0,29,pseudo_cycle_02_config_5,-1,0.19263048470020294,4815.76171875,8.027544975280762,0.6286447048187256,0.629372239112854,0.6189179420471191,0.010454288683831692,0.13037344813346863,0.4885444641113281,0.2664961814880371,2.3761818113143818e-07,0.2220480591058731,0.0,0.0,0.0,1.2220845222473145,1.9841774702072144,0.7518088221549988,0.0,0.0,0.7616796493530273,0.019501909613609314,0.7661358714103699,1.5748292207717896,1.4007995128631592,1.312168002128601
328,train,2,0.5,0.0,34,pseudo_cycle_02_config_10,-1,0.26475635170936584,6618.90869140625,112.15345001220703,0.3747747838497162,0.36866116523742676,0.36416149139404297,0.004499670583754778,0.24327567219734192,0.12088583409786224,0.04521677643060684,0.021378597244620323,0.05429045483469963,0.0,0.0,0.0,1.2071689367294312,2.0554697513580322,0.42287588119506836,0.0,0.0,0.4282197654247284,0.014018116518855095,0.43002063035964966,0.4865362346172333,0.543978750705719,0.5841697454452515
329,train,2,0.5,0.0,24,pseudo_cycle_02_config_0,-1,0.33937305212020874,8484.326171875,7.076293468475342,1.5663137435913086,1.5860273838043213,1.516046404838562,0.06998101621866226,0.4083465039730072,1.1076998710632324,0.32287538051605225,0.34023699164390564,0.44458749890327454,0.0,0.0,0.0,1.2332078218460083,2.070915460586548,0.7003750801086426,0.0,0.0,1.3333066701889038,0.012320305220782757,1.3382346630096436,2.1618335247039795,0.5073179602622986,0.4642871022224426
330,train,2,0.5,0.0,24,pseudo_cycle_02_config_0,-1,0.39879053831100464,9969.763671875,9.771039962768555,2.135077714920044,2.139991521835327,2.163545846939087,-0.02355443313717842,0.5482370257377625,1.6153087615966797,0.48363161087036133,0.46550750732421875,0.6661696434020996,0.0,0.0,0.0,1.1990596055984497,2.168257236480713,0.6400635838508606,0.0,0.0,1.3739525079727173,0.03389371931552887,1.387923002243042,2.159660577774048,0.5065431594848633,0.4639783203601837
331,train,2,0.5,0.0,25,pseudo_cycle_02_config_1,-1,0.41337037086486816,10334.2587890625,10.498560905456543,2.7127974033355713,2.71127986907959,2.7838659286499023,-0.07258611917495728,0.6276806592941284,2.1561851501464844,1.0622633695602417,1.0850629905689857e-06,1.0939207077026367,0.0,0.0,0.0,1.2776802778244019,1.8509454727172852,0.7558499574661255,0.0,0.0,0.7624872922897339,-0.07626472413539886,0.7450420260429382,1.502650260925293,1.5230225324630737,1.5474317073822021
332,train,2,0.5,0.0,27,pseudo_cycle_02_config_3,-1,0.16291619837284088,4072.90478515625,1.630720853805542,0.32292836904525757,0.32420405745506287,0.3190004229545593,0.0052036396227777,0.09131946414709091,0.22768095135688782,0.1136077344417572,1.1182262227293904e-07,0.11407309770584106,0.0,0.0,0.0,1.1967321634292603,2.029581069946289,0.8544907569885254,0.0,0.0,0.9047785997390747,0.011307517066597939,0.9078478217124939,1.5487046241760254,1.3379634618759155,1.5550484657287598
333,train,2,0.5,0.0,29,pseudo_cycle_02_config_5,-1,0.12242746353149414,3060.6865234375,3.2425777912139893,0.2579347491264343,0.260044127702713,0.26666882634162903,-0.006624696310609579,0.04988056421279907,0.21678826212882996,0.1198936328291893,1.0907093894729769e-07,0.0968945175409317,0.0,0.0,0.0,1.1575394868850708,1.9417487382888794,0.8193427324295044,0.0,0.0,0.7812938690185547,0.011908154934644699,0.7840850353240967,1.7513017654418945,1.458376169204712,1.4153506755828857
334,train,2,0.5,0.0,31,pseudo_cycle_02_config_7,-1,0.12060507386922836,3015.126708984375,3.1467621326446533,0.18889926373958588,0.1885034441947937,0.18320059776306152,0.005302841309458017,0.049525801092386246,0.13367480039596558,0.07430482655763626,5.973742389642211e-08,0.05936991050839424,0.0,0.0,0.0,1.1843022108078003,1.9996544122695923,0.845271646976471,0.0,0.0,1.020890712738037,-0.015277553349733353,1.016211748123169,1.6759284734725952,1.1955008506774902,1.339074730873108
335,train,2,0.5,0.0,24,pseudo_cycle_02_config_0,-1,0.37925097346305847,9481.2744140625,8.836992263793945,1.9447628259658813,1.952832579612732,1.942408800125122,0.010423723608255386,0.49892690777778625,1.4434819221496582,0.42918017506599426,0.42320916056632996,0.5910925269126892,0.0,0.0,0.0,1.2065508365631104,2.143273115158081,0.6558459997177124,0.0,0.0,1.3660463094711304,0.027948906645178795,1.3775001764297485,2.1600000858306885,0.5065348744392395,0.4639931917190552
336,train,2,0.5,0.0,30,pseudo_cycle_02_config_6,-1,0.061681605875492096,1542.0401611328125,0.8230838775634766,0.035907503217458725,0.03983154147863388,0.04064742475748062,-0.0008158825221471488,0.013116731308400631,0.027530694380402565,0.01558680273592472,0.003075221087783575,0.008868670091032982,0.0,0.0,0.0,1.1991580724716187,2.0338621139526367,0.7571843266487122,0.0,0.0,0.6656062602996826,-0.007900215685367584,0.6640287041664124,2.0223023891448975,0.5269432067871094,1.1506613492965698
337,train,2,0.5,0.0,35,pseudo_cycle_02_config_11,-1,0.2601984441280365,6504.96142578125,108.32513427734375,0.3596511483192444,0.3640119731426239,0.37381434440612793,-0.009802383370697498,0.22707109153270721,0.14674323797225952,0.06613467633724213,5.4214673639307875e-08,0.08060850948095322,0.0,0.0,0.0,1.1665802001953125,2.0759570598602295,0.47096017003059387,0.0,0.0,0.5496370196342468,0.013228113763034344,0.5518182516098022,0.5684787034988403,0.7421281337738037,0.6928924322128296
338,train,2,0.5,0.0,25,pseudo_cycle_02_config_1,-1,0.3802826702594757,9507.0673828125,8.885137557983398,2.293780565261841,2.291715383529663,2.4187774658203125,-0.12706208229064941,0.5124823451042175,1.9062950611114502,0.9316280484199524,9.571435839461628e-07,0.9746661186218262,0.0,0.0,0.0,1.2326165437698364,1.889003038406372,0.7702362537384033,0.0,0.0,0.7590211033821106,-0.053337063640356064,0.7468759417533875,1.5220438241958618,1.5226460695266724,1.5923569202423096
339,train,2,0.5,0.0,25,pseudo_cycle_02_config_1,-1,0.354256272315979,8856.4072265625,7.710564613342285,1.9917666912078857,1.9903626441955566,2.1353049278259277,-0.14494222402572632,0.4353894889354706,1.6999154090881348,0.8288429379463196,8.513061970916169e-07,0.8710715770721436,0.0,0.0,0.0,1.2067158222198486,1.9157646894454956,0.7795121669769287,0.0,0.0,0.7566214203834534,-0.03826921060681343,0.7479348182678223,1.536420226097107,1.5183151960372925,1.614698886871338
340,train,2,0.5,0.0,30,pseudo_cycle_02_config_6,-1,0.27731576561927795,6932.89404296875,16.63726234436035,0.5487197041511536,0.5260063409805298,0.537544846534729,-0.011538526974618435,0.24980272352695465,0.28774213790893555,0.10438958555459976,0.05516938492655754,0.12818315625190735,0.0,0.0,0.0,1.1298223733901978,2.1971323490142822,0.5010681748390198,0.0,0.0,0.8602172136306763,0.010081813670694828,0.8628190159797668,0.4773542881011963,0.5034831762313843,0.5861579179763794
341,train,2,0.5,0.0,25,pseudo_cycle_02_config_1,-1,0.4423564374446869,11058.9111328125,12.022527694702148,3.110827922821045,3.1138179302215576,3.103116750717163,0.010701291263103485,0.7478464245796204,2.3552703857421875,1.1753991842269897,1.1857948720717104e-06,1.1798698902130127,0.0,0.0,0.0,1.329321026802063,1.8156561851501465,0.7405173182487488,0.0,0.0,0.7654691934585571,-0.09913771599531174,0.7427031397819519,1.4848089218139648,1.5171231031417847,1.4904565811157227
342,train,2,0.5,0.0,29,pseudo_cycle_02_config_5,-1,0.18196514248847961,4549.12890625,7.163233280181885,0.564215898513794,0.5657515525817871,0.5596026182174683,0.006148908287286758,0.11538669466972351,0.44421595335006714,0.24305687844753265,2.156387779450597e-07,0.20115886628627777,0.0,0.0,0.0,1.2121083736419678,1.9852173328399658,0.7598545551300049,0.0,0.0,0.7651533484458923,0.022016290575265884,0.7702071070671082,1.6002751588821411,1.4013431072235107,1.3244205713272095
343,train,2,0.5,0.0,33,pseudo_cycle_02_config_9,-1,0.46752461791038513,11688.115234375,349.7267150878906,1.5039613246917725,1.5007362365722656,1.4592046737670898,0.04153161868453026,0.856228232383728,0.6029764413833618,0.25521209836006165,2.0198069705656962e-07,0.34776410460472107,0.0,0.0,0.0,1.3625195026397705,2.005281925201416,0.4561384916305542,0.0,0.0,0.4020659923553467,-0.08228852599859238,0.39214035868644714,0.49494171142578125,0.6440613269805908,0.6744310259819031
344,train,2,0.5,0.0,29,pseudo_cycle_02_config_5,-1,0.1593373417854309,3983.433349609375,5.492471694946289,0.43579939007759094,0.4389675259590149,0.43979787826538086,-0.0008303454960696399,0.08686596155166626,0.3529319167137146,0.1941329687833786,1.7154893328097387e-07,0.15879876911640167,0.0,0.0,0.0,1.1900813579559326,1.981426477432251,0.7783814668655396,0.0,0.0,0.7719636559486389,0.024898232892155647,0.7777297496795654,1.6540029048919678,1.4082953929901123,1.3529572486877441
345,train,2,0.5,0.0,28,pseudo_cycle_02_config_4,-1,0.16088949143886566,4022.237060546875,5.600001335144043,0.3139359951019287,0.31125369668006897,0.3084346652030945,0.0028190442826598883,0.09069642424583435,0.21773825585842133,0.05230351537466049,0.08159413933753967,0.08384059369564056,0.0,0.0,0.0,1.2187002897262573,1.9511353969573975,0.8235458731651306,0.0,0.0,1.0125900506973267,0.08539912104606628,1.0385323762893677,2.1311044692993164,0.6296324729919434,0.5328074097633362
346,train,2,0.5,0.0,34,pseudo_cycle_02_config_10,-1,0.21121512353420258,5280.37744140625,71.37890625,0.26135629415512085,0.26164987683296204,0.260082483291626,0.001567400642670691,0.15215462446212769,0.1079278439283371,0.04490981623530388,0.018664805218577385,0.04435322806239128,0.0,0.0,0.0,1.1863073110580444,2.025697708129883,0.428793728351593,0.0,0.0,0.5954433679580688,-0.004543519113212824,0.5946317315101624,0.557156503200531,0.5400214195251465,0.5502513647079468
347,train,2,0.5,0.0,35,pseudo_cycle_02_config_11,-1,0.28061601519584656,7015.400390625,125.99251556396484,0.4060221016407013,0.4135129451751709,0.42793557047843933,-0.014422625303268433,0.26598766446113586,0.16194790601730347,0.07104640454053879,5.896439603247927e-08,0.0909014493227005,0.0,0.0,0.0,1.1748939752578735,2.072617769241333,0.4673926830291748,0.0,0.0,0.5374927520751953,0.00845557451248169,0.5388562083244324,0.5385596752166748,0.7172341346740723,0.6890686750411987
348,train,2,0.5,0.0,32,pseudo_cycle_02_config_8,-1,0.41842812299728394,10460.703125,280.1312561035156,0.9726124405860901,0.949819803237915,0.9856348037719727,-0.03581501916050911,0.5811921954154968,0.40444260835647583,0.1551828384399414,0.07080256938934326,0.17845718562602997,0.0,0.0,0.0,1.1546229124069214,2.0220134258270264,0.4321537911891937,0.0,0.0,0.28546270728111267,0.007054577115923166,0.28606683015823364,0.5107744932174683,0.5392575263977051,0.5873804092407227
349,train,2,0.5,0.0,35,pseudo_cycle_02_config_11,-1,0.1954221874475479,4885.5546875,61.10371017456055,0.25975167751312256,0.2560786306858063,0.24953627586364746,0.006542368791997433,0.12890185415744781,0.12063442915678024,0.0652913749217987,4.259975483478229e-08,0.055343009531497955,0.0,0.0,0.0,1.1740148067474365,2.0408434867858887,0.5111665725708008,0.0,0.0,0.6354597806930542,0.02123234234750271,0.6395074725151062,0.8732960224151611,0.8360101580619812,0.7402330040931702
350,train,2,0.5,0.0,27,pseudo_cycle_02_config_3,-1,0.3338650166988373,8346.625,6.848459720611572,1.1613256931304932,1.1615244150161743,1.1743841171264648,-0.012859713286161423,0.38554859161376953,0.7888355851173401,0.4076456129550934,3.6555888982547913e-07,0.38118961453437805,0.0,0.0,0.0,1.2030935287475586,1.9541306495666504,0.8017932772636414,0.0,0.0,0.779076874256134,-0.048031728714704514,0.7678507566452026,1.6248724460601807,1.362990140914917,1.5194189548492432
351,train,2,0.5,0.0,33,pseudo_cycle_02_config_9,-1,0.4448079466819763,11120.1982421875,316.5664978027344,1.375465989112854,1.3767398595809937,1.3328670263290405,0.04387279599905014,0.7706928253173828,0.5621742010116577,0.23950882256031036,1.9074882118275127e-07,0.3226652145385742,0.0,0.0,0.0,1.3548723459243774,2.00416898727417,0.45677250623703003,0.0,0.0,0.41217362880706787,-0.08213396370410919,0.40201759338378906,0.5008131861686707,0.6549037098884583,0.6746932864189148
352,train,2,0.5,0.0,35,pseudo_cycle_02_config_11,-1,0.25194570422172546,6298.642578125,101.56259155273438,0.34286239743232727,0.34598249197006226,0.3537958860397339,-0.007813400588929653,0.21249304711818695,0.14130282402038574,0.06456419080495834,5.241002298816966e-08,0.07673858851194382,0.0,0.0,0.0,1.1643751859664917,2.075944662094116,0.473172128200531,0.0,0.0,0.5554730296134949,0.015165447257459164,0.5580002069473267,0.5853780508041382,0.7531841993331909,0.6957584619522095
353,train,2,0.5,0.0,34,pseudo_cycle_02_config_10,-1,0.13833670318126678,3458.41748046875,30.619258880615234,0.15052573382854462,0.14710889756679535,0.1459304392337799,0.0011784570524469018,0.06834477931261063,0.07758565247058868,0.03592768684029579,0.013636887073516846,0.028021082282066345,0.0,0.0,0.0,1.2422032356262207,2.0548949241638184,0.4991316795349121,0.0,0.0,0.8193135857582092,-0.05369597300887108,0.8061153888702393,0.7555727958679199,0.574575662612915,0.5892939567565918
354,train,2,0.5,0.0,35,pseudo_cycle_02_config_11,-1,0.21918006241321564,5479.50146484375,76.86381530761719,0.28815576434135437,0.28658217191696167,0.2860502600669861,0.0005319163319654763,0.160817950963974,0.12523230910301208,0.062002260237932205,4.60999451945554e-08,0.0632300078868866,0.0,0.0,0.0,1.1643794775009155,2.063187837600708,0.4890984892845154,0.0,0.0,0.5899845957756042,0.021553508937358856,0.5937994718551636,0.70232093334198,0.8007436394691467,0.7162280678749084
355,train,2,0.5,0.0,30,pseudo_cycle_02_config_6,-1,0.10354481637477875,2588.620361328125,2.3194735050201416,0.08784522116184235,0.08275710791349411,0.08105507493019104,0.0017020334489643574,0.03760800510644913,0.04344707354903221,0.016032414510846138,0.009581399150192738,0.01783325895667076,0.0,0.0,0.0,1.2200727462768555,2.0041325092315674,0.5711184740066528,0.0,0.0,0.7944793105125427,-0.020057447254657745,0.7896987795829773,0.629887580871582,0.6591235399246216,0.7006398439407349
356,train,2,0.5,0.0,25,pseudo_cycle_02_config_1,-1,0.34547165036201477,8636.791015625,7.332902908325195,1.8952394723892212,1.8940765857696533,2.041179656982422,-0.14710313081741333,0.411630243062973,1.6295493841171265,0.7944255471229553,8.152460395649541e-07,0.8351230025291443,0.0,0.0,0.0,1.1996225118637085,1.9240713119506836,0.7823024392127991,0.0,0.0,0.7559170722961426,-0.033764492720365524,0.7482601404190063,1.5411089658737183,1.5161962509155273,1.6200579404830933
357,train,2,0.5,0.0,28,pseudo_cycle_02_config_4,-1,0.1434793621301651,3586.983642578125,4.453604221343994,0.2583599090576172,0.2552202045917511,0.24840539693832397,0.006814813241362572,0.07244785130023956,0.1759575456380844,0.03945017606019974,0.06882726401090622,0.06768010556697845,0.0,0.0,0.0,1.2240771055221558,1.9599939584732056,0.8406221866607666,0.0,0.0,0.9759790301322937,0.06853411346673965,0.9960454106330872,2.0978426933288574,0.6790874600410461,0.561341404914856
358,train,2,0.5,0.0,34,pseudo_cycle_02_config_10,-1,0.16073957085609436,4018.4892578125,41.33952331542969,0.1897071897983551,0.1885191649198532,0.18715456128120422,0.0013646045699715614,0.09246388077735901,0.09469068050384521,0.04375595971941948,0.016343245282769203,0.034591469913721085,0.0,0.0,0.0,1.244768738746643,2.047437906265259,0.48261839151382446,0.0,0.0,0.7662202715873718,-0.05881119146943092,0.7527015805244446,0.7325997352600098,0.5669750571250916,0.5791599750518799
359,train,2,0.5,0.0,33,pseudo_cycle_02_config_9,-1,0.41854381561279297,10463.5947265625,280.28619384765625,1.2348487377166748,1.2371057271957397,1.1905734539031982,0.04653225839138031,0.6738563179969788,0.5167171359062195,0.2225441187620163,1.7835623111750465e-07,0.29417285323143005,0.0,0.0,0.0,1.337973713874817,2.000333309173584,0.4574146866798401,0.0,0.0,0.42454513907432556,-0.0782560259103775,0.4145781695842743,0.5106274485588074,0.6710078120231628,0.674979567527771
360,train,2,0.5,0.0,33,pseudo_cycle_02_config_9,-1,0.4008790850639343,10021.9765625,257.1263732910156,1.14596688747406,1.1471872329711914,1.098764419555664,0.048422787338495255,0.6111226677894592,0.4876417815685272,0.21206749975681305,1.705847125776927e-07,0.27557411789894104,0.0,0.0,0.0,1.322707176208496,1.996300220489502,0.45792341232299805,0.0,0.0,0.43341755867004395,-0.07353833317756653,0.4238556921482086,0.5198550224304199,0.6848834156990051,0.6755329370498657
361,train,2,0.5,0.0,32,pseudo_cycle_02_config_8,-1,0.4064740240573883,10161.8505859375,264.35369873046875,0.936378002166748,0.9134271144866943,0.9411691427230835,-0.027742043137550354,0.5539764165878296,0.3871926963329315,0.1478157788515091,0.0675133466720581,0.17186357080936432,0.0,0.0,0.0,1.1662397384643555,2.022113800048828,0.43019574880599976,0.0,0.0,0.28916481137275696,0.0023599446285516024,0.28936952352523804,0.50965416431427,0.5411009192466736,0.5925685167312622
362,train,2,0.5,0.0,32,pseudo_cycle_02_config_8,-1,0.38040241599082947,9510.0595703125,231.52952575683594,0.8604726195335388,0.839765191078186,0.850557267665863,-0.010792088694870472,0.498440682888031,0.35211658477783203,0.1328515261411667,0.06089121103286743,0.15837383270263672,0.0,0.0,0.0,1.1980890035629272,2.019296407699585,0.42595356702804565,0.0,0.0,0.2993319630622864,-0.009749699383974075,0.29845643043518066,0.507782518863678,0.5463910102844238,0.6053333282470703
363,train,2,0.5,0.0,31,pseudo_cycle_02_config_7,-1,0.09743183106184006,2435.795654296875,2.0536880493164062,0.11747561395168304,0.12026111781597137,0.12035629153251648,-9.517486614640802e-05,0.033854495733976364,0.08650179952383041,0.04377199709415436,4.914924645049723e-08,0.042729754000902176,0.0,0.0,0.0,1.2404428720474243,1.9054689407348633,0.9538769125938416,0.0,0.0,1.1676268577575684,-0.1046614944934845,1.1309651136398315,1.426435947418213,1.259336233139038,1.392471432685852
364,train,2,0.5,0.0,27,pseudo_cycle_02_config_3,-1,0.3048190176486969,7620.4755859375,5.708673477172852,0.9726667404174805,0.9702638983726501,0.9950346946716309,-0.024770785123109818,0.31418123841285706,0.6808534860610962,0.3503629267215729,3.155672914090246e-07,0.33049026131629944,0.0,0.0,0.0,1.1761380434036255,1.9674087762832642,0.8127514719963074,0.0,0.0,0.7859214544296265,-0.03919382020831108,0.7766804695129395,1.645151138305664,1.3673609495162964,1.551837682723999
365,train,2,0.5,0.0,29,pseudo_cycle_02_config_5,-1,0.1488785594701767,3721.963623046875,4.795093059539795,0.38095247745513916,0.3845099210739136,0.3876804709434509,-0.0031705594155937433,0.07516996562480927,0.31251049041748047,0.17221800982952118,1.5255223217991443e-07,0.14029231667518616,0.0,0.0,0.0,1.1796200275421143,1.975555419921875,0.788169264793396,0.0,0.0,0.7748124599456787,0.024403389543294907,0.7804848551750183,1.6797292232513428,1.4158625602722168,1.3683418035507202
366,train,2,0.5,0.0,34,pseudo_cycle_02_config_10,-1,0.17789264023303986,4447.31591796875,50.63324737548828,0.21529877185821533,0.2157520353794098,0.21421998739242554,0.0015320434467867017,0.11221667379140854,0.1020033210515976,0.04587538167834282,0.017544608563184738,0.03858332708477974,0.0,0.0,0.0,1.2333990335464478,2.0361106395721436,0.46256956458091736,0.0,0.0,0.7158471345901489,-0.048221610486507416,0.7054913640022278,0.6727898120880127,0.5562453269958496,0.5658474564552307
367,train,2,0.5,0.0,26,pseudo_cycle_02_config_2,-1,0.4917398989200592,12293.4970703125,14.85668659210205,1.9979279041290283,2.03873872756958,2.077153444290161,-0.03841470554471016,0.8443741798400879,1.2327792644500732,0.36217042803764343,0.35689473152160645,0.5137141346931458,0.0,0.0,0.0,1.2145800590515137,2.2023274898529053,0.6463108062744141,0.0,0.0,1.3168131113052368,0.12636856734752655,1.366734266281128,2.1268789768218994,0.5057904124259949,0.47053655982017517
368,train,2,0.5,0.0,24,pseudo_cycle_02_config_0,-1,0.40663373470306396,10165.8427734375,10.159161567687988,2.211890935897827,2.216318130493164,2.254159450531006,-0.03784126788377762,0.568859338760376,1.6853002309799194,0.505821168422699,0.4827137291431427,0.6967653036117554,0.0,0.0,0.0,1.1966309547424316,2.1763226985931396,0.6345041394233704,0.0,0.0,1.3761497735977173,0.03600487858057022,1.3910142183303833,2.1595938205718994,0.5066083073616028,0.4639846086502075
369,train,2,0.5,0.0,29,pseudo_cycle_02_config_5,-1,0.11640007048845291,2910.001708984375,2.9311580657958984,0.23361773788928986,0.23483288288116455,0.24167653918266296,-0.006843648850917816,0.045021362602710724,0.19665516912937164,0.10886921733617783,1.0026570151921987e-07,0.08778585493564606,0.0,0.0,0.0,1.1557775735855103,1.9292852878570557,0.8283705115318298,0.0,0.0,0.7832702398300171,0.005201784428209066,0.7844926118850708,1.7696690559387207,1.475624918937683,1.4269587993621826
370,train,2,0.5,0.0,26,pseudo_cycle_02_config_2,-1,0.4201856553554535,10504.640625,10.847596168518066,1.5248486995697021,1.538358211517334,1.5151808261871338,0.023177430033683777,0.6234620809555054,0.8917187452316284,0.25372961163520813,0.2742990255355835,0.3636901378631592,0.0,0.0,0.0,1.2282583713531494,2.2045557498931885,0.698961079120636,0.0,0.0,1.275315523147583,0.10348737984895706,1.3149093389511108,2.119036912918091,0.5111880302429199,0.4737408757209778
371,train,2,0.5,0.0,26,pseudo_cycle_02_config_2,-1,0.45821326971054077,11455.3310546875,12.89990234375,1.7787449359893799,1.8033043146133423,1.8088208436965942,-0.005516516510397196,0.7370388507843018,1.0717819929122925,0.31070780754089355,0.31858083605766296,0.4424932897090912,0.0,0.0,0.0,1.2210042476654053,2.208728551864624,0.6692461371421814,0.0,0.0,1.302699327468872,0.11690276116132736,1.3483860492706299,2.1238653659820557,0.5075170397758484,0.47176262736320496
372,train,2,0.5,0.0,27,pseudo_cycle_02_config_3,-1,0.1312037855386734,3280.094482421875,1.0576545000076294,0.21849191188812256,0.214888796210289,0.20749488472938538,0.007393911946564913,0.06016503646969795,0.14732985198497772,0.06948380172252655,8.274416529729933e-08,0.0778459683060646,0.0,0.0,0.0,1.2156641483306885,2.058182954788208,0.8821996450424194,0.0,0.0,0.9351348280906677,0.018833652138710022,0.9404183626174927,1.3902552127838135,1.4074816703796387,1.557568073272705
373,train,2,0.5,0.0,27,pseudo_cycle_02_config_3,-1,0.31217461824417114,7804.365234375,5.9875102043151855,1.018036127090454,1.016086220741272,1.0391818284988403,-0.023095635697245598,0.33120331168174744,0.7079785466194153,0.3646288216114044,3.2821301942931314e-07,0.3433493971824646,0.0,0.0,0.0,1.1821202039718628,1.9641624689102173,0.8102641701698303,0.0,0.0,0.7835332155227661,-0.04103228822350502,0.7738881707191467,1.641001582145691,1.3672516345977783,1.545233964920044
374,train,2,0.5,0.0,27,pseudo_cycle_02_config_3,-1,0.3481937348842621,8704.8427734375,7.448914527893066,1.2643826007843018,1.2664175033569336,1.2674421072006226,-0.0010245605371892452,0.4249817132949829,0.8424603939056396,0.4366849958896637,3.8994281226223393e-07,0.4057750403881073,0.0,0.0,0.0,1.2192435264587402,1.9471616744995117,0.7951575517654419,0.0,0.0,0.7781040072441101,-0.05406379699707031,0.7654838562011719,1.6110055446624756,1.3568685054779053,1.4969732761383057
375,train,2,0.5,0.0,24,pseudo_cycle_02_config_0,-1,0.3652399778366089,9130.9990234375,8.1961088180542,1.8098864555358887,1.8215446472167969,1.788427710533142,0.033116891980171204,0.4654925763607025,1.3229351043701172,0.39099788665771484,0.39348435401916504,0.5384529232978821,0.0,0.0,0.0,1.213719129562378,2.1209495067596436,0.6692758798599243,0.0,0.0,1.3576619625091553,0.02302776649594307,1.3670411109924316,2.1604416370391846,0.5066785216331482,0.46404266357421875
376,train,2,0.5,0.0,26,pseudo_cycle_02_config_2,-1,0.44751882553100586,11187.970703125,12.30477523803711,1.707707405090332,1.7283433675765991,1.7248241901397705,0.0035192291252315044,0.7042069435119629,1.0206172466278076,0.2944447696208954,0.3061668872833252,0.4200055003166199,0.0,0.0,0.0,1.223037600517273,2.208824396133423,0.6771880388259888,0.0,0.0,1.2962360382080078,0.11336967349052429,1.3403221368789673,2.122645854949951,0.5083522200584412,0.4722486436367035
377,train,2,0.5,0.0,33,pseudo_cycle_02_config_9,-1,0.44231879711151123,11057.9697265625,313.0333557128906,1.361749529838562,1.3632876873016357,1.3191642761230469,0.044123440980911255,0.76138836145401,0.5577758550643921,0.23784129321575165,1.8954203540033632e-07,0.3199343979358673,0.0,0.0,0.0,1.353622555732727,2.0039215087890625,0.45683515071868896,0.0,0.0,0.4133121371269226,-0.08193609863519669,0.40315258502960205,0.5015856027603149,0.6562435626983643,0.6747124195098877
378,train,2,0.5,0.0,29,pseudo_cycle_02_config_5,-1,0.20643647015094757,5160.91162109375,9.219462394714355,0.7150031328201294,0.7148759961128235,0.69774329662323,0.0171327143907547,0.1512889415025711,0.5464543700218201,0.2967623770236969,2.6689932042245346e-07,0.24969170987606049,0.0,0.0,0.0,1.2347996234893799,1.9811975955963135,0.7415958642959595,0.0,0.0,0.7568745613098145,0.01555965468287468,0.760407567024231,1.5407798290252686,1.4014357328414917,1.296390414237976
379,train,2,0.5,0.0,28,pseudo_cycle_02_config_4,-1,0.07200806587934494,1800.2015380859375,1.1217472553253174,0.06231394782662392,0.06246171519160271,0.0677625983953476,-0.005300882272422314,0.017557278275489807,0.05020532011985779,0.011118579655885696,0.02028930000960827,0.01879744417965412,0.0,0.0,0.0,1.1777606010437012,1.8499222993850708,0.9533085227012634,0.0,0.0,1.1814440488815308,-0.05915731564164162,1.1604766845703125,2.1346850395202637,0.637323796749115,0.5628923177719116
380,train,2,0.5,0.0,24,pseudo_cycle_02_config_0,-1,0.3130902349948883,7827.255859375,6.022684574127197,1.3282791376113892,1.3552294969558716,1.257885217666626,0.09734425693750381,0.3566505014896393,0.9012347459793091,0.2576911151409149,0.2885938882827759,0.3549497425556183,0.0,0.0,0.0,1.2655110359191895,2.0138092041015625,0.743327260017395,0.0,0.0,1.2894418239593506,-0.0009127778466790915,1.2890887260437012,2.1641931533813477,0.5085640549659729,0.4649491310119629
381,train,2,0.5,0.0,28,pseudo_cycle_02_config_4,-1,0.11207915842533112,2801.978759765625,2.717580556869507,0.1634802371263504,0.16039246320724487,0.1547275185585022,0.005664948374032974,0.04404347762465477,0.11068404465913773,0.023127125576138496,0.0453980416059494,0.04215887933969498,0.0,0.0,0.0,1.2195342779159546,1.9760323762893677,0.8663944602012634,0.0,0.0,0.9549689888954163,0.04278785362839699,0.9672272801399231,2.058666706085205,0.7274913787841797,0.5853227972984314
382,train,2,0.5,0.0,26,pseudo_cycle_02_config_2,-1,0.477973997592926,11949.349609375,14.03652572631836,1.9086812734603882,1.9421327114105225,1.9662368297576904,-0.0241041649132967,0.7995030879974365,1.166733741760254,0.341012179851532,0.3413068652153015,0.4844147562980652,0.0,0.0,0.0,1.2172329425811768,2.2060468196868896,0.6553808450698853,0.0,0.0,1.3121378421783447,0.12280753999948502,1.3604799509048462,2.1257941722869873,0.5063428282737732,0.4709888696670532
383,train,2,0.5,0.0,31,pseudo_cycle_02_config_7,-1,0.4892720878124237,12231.802734375,51.78852844238281,1.452282428741455,1.4665076732635498,1.5296826362609863,-0.06317491829395294,0.8521896600723267,0.6774929761886597,0.2883419394493103,2.7175661898581893e-07,0.38915079832077026,0.0,0.0,0.0,1.238219141960144,2.0280075073242188,0.4917307198047638,0.0,0.0,0.7427722811698914,0.013582280836999416,0.7457988262176514,0.530914306640625,0.763186514377594,0.7165302038192749
384,train,2,0.5,0.0,26,pseudo_cycle_02_config_2,-1,0.3928472697734833,9821.1806640625,9.481968879699707,1.3421064615249634,1.3523269891738892,1.3145649433135986,0.037762027233839035,0.5473416447639465,0.7672233581542969,0.21484431624412537,0.24257118999958038,0.30980780720710754,0.0,0.0,0.0,1.2335965633392334,2.1936280727386475,0.7229437828063965,0.0,0.0,1.247874140739441,0.09270846098661423,1.2825806140899658,2.114927291870117,0.5151673555374146,0.4756702482700348
385,train,2,0.5,0.0,30,pseudo_cycle_02_config_6,-1,0.30517637729644775,7629.40966796875,20.148120880126953,0.7268049716949463,0.7233818173408508,0.7078368663787842,0.015544970519840717,0.3345789611339569,0.37325793504714966,0.13753527402877808,0.06745752692222595,0.16826513409614563,0.0,0.0,0.0,1.2495652437210083,2.149278163909912,0.4674079716205597,0.0,0.0,0.964215874671936,0.03405320644378662,0.9740663170814514,0.4702620506286621,0.4934692680835724,0.5753337740898132
386,train,2,0.5,0.0,28,pseudo_cycle_02_config_4,-1,0.12818285822868347,3204.5712890625,3.5546157360076904,0.2110002040863037,0.20761027932167053,0.2005150020122528,0.007095279637724161,0.05778467655181885,0.14273032546043396,0.030594751238822937,0.05733237415552139,0.05480319261550903,0.0,0.0,0.0,1.2232491970062256,1.970524787902832,0.8525243997573853,0.0,0.0,0.9583099484443665,0.05420980602502823,0.9738948345184326,2.073622941970825,0.7109155058860779,0.5793362855911255
387,train,2,0.5,0.0,32,pseudo_cycle_02_config_8,-1,0.4455755352973938,11139.3876953125,317.6600036621094,1.059499740600586,1.0388612747192383,1.093422293663025,-0.05456101521849632,0.6470691561698914,0.44635313749313354,0.17300596833229065,0.07883035391569138,0.19451680779457092,0.0,0.0,0.0,1.133626937866211,2.019092559814453,0.4363929331302643,0.0,0.0,0.2787846326828003,0.015943480655550957,0.28011807799339294,0.513570249080658,0.5362342000007629,0.5774253010749817
388,train,2,0.5,0.0,41,pseudo_cycle_03_config_5,-1,0.12065873295068741,3016.46826171875,3.149562358856201,0.2539942264556885,0.25250178575515747,0.25921598076820374,-0.006714197341352701,0.04841816425323486,0.21079781651496887,0.11661151051521301,1.0643506698215788e-07,0.0941862091422081,0.0,0.0,0.0,1.1567858457565308,1.938275933265686,0.8218953013420105,0.0,0.0,0.7818079590797424,0.010137240402400494,0.784185528755188,1.7565810680389404,1.4630403518676758,1.4187767505645752
389,train,2,0.5,0.0,36,pseudo_cycle_03_config_0,-1,0.1817460060119629,4543.64990234375,2.029461622238159,0.3833810091018677,0.37660321593284607,0.3600439429283142,0.016559269279241562,0.1097770482301712,0.2502669095993042,0.04774526506662369,0.10078839957714081,0.1017332524061203,0.0,0.0,0.0,1.1559630632400513,2.014216184616089,0.9433428645133972,0.0,0.0,0.7453904151916504,-0.05089815706014633,0.7340087294578552,2.08944034576416,0.7292605638504028,0.6943918466567993
390,train,2,0.5,0.0,47,pseudo_cycle_03_config_11,-1,0.20239870250225067,5059.96728515625,65.54434967041016,0.26890313625335693,0.2639918029308319,0.25916585326194763,0.004825962241739035,0.13784728944301605,0.12131856381893158,0.06381872296333313,4.352239812988046e-08,0.05749979242682457,0.0,0.0,0.0,1.1704286336898804,2.048210382461548,0.5035527348518372,0.0,0.0,0.6196237206459045,0.022109122946858406,0.6237334609031677,0.8129574656486511,0.825750470161438,0.7324634790420532
391,train,2,0.5,0.0,41,pseudo_cycle_03_config_5,-1,0.19964544475078583,4991.1357421875,8.62286376953125,0.6730996966362,0.6724074482917786,0.6587228775024414,0.013684559613466263,0.14078395068645477,0.5179389119148254,0.2819119393825531,2.523989053315745e-07,0.23602674901485443,0.0,0.0,0.0,1.228560209274292,1.9828479290008545,0.7466108202934265,0.0,0.0,0.7592875361442566,0.01758049987256527,0.763292133808136,1.5577338933944702,1.4009875059127808,1.3041903972625732
392,train,2,0.5,0.0,46,pseudo_cycle_03_config_10,-1,0.12002047896385193,3000.51171875,23.047855377197266,0.11404977738857269,0.1117616668343544,0.11026029288768768,0.0015013712691143155,0.05112241208553314,0.05913787707686424,0.026337509974837303,0.010712852701544762,0.022087514400482178,0.0,0.0,0.0,1.2344194650650024,2.0567827224731445,0.49370458722114563,0.0,0.0,0.8706507682800293,-0.028953753411769867,0.8630881905555725,0.686640202999115,0.5657081604003906,0.5758392810821533
393,train,2,0.5,0.0,42,pseudo_cycle_03_config_6,-1,0.10172994434833527,2543.24853515625,2.238877534866333,0.08250415325164795,0.07902029901742935,0.0771988034248352,0.0018214930314570665,0.037022531032562256,0.04017627239227295,0.014668026939034462,0.008976791985332966,0.016531454399228096,0.0,0.0,0.0,1.2443159818649292,2.0160017013549805,0.5690546035766602,0.0,0.0,0.781569242477417,-0.03657549247145653,0.7729933857917786,0.6063399314880371,0.6520962715148926,0.6833693385124207
394,train,2,0.5,0.0,37,pseudo_cycle_03_config_1,-1,0.07986053824424744,1996.5133056640625,0.39184609055519104,0.14493434131145477,0.14397095143795013,0.13436436653137207,0.009606586769223213,0.023337192833423615,0.11102717369794846,0.0510651096701622,6.766079962972071e-08,0.05996199697256088,0.0,0.0,0.0,1.272759199142456,1.8602226972579956,0.874651312828064,0.0,0.0,1.0631383657455444,-0.003292131470516324,1.0620883703231812,1.3508682250976562,1.5348013639450073,1.586224913597107
395,train,2,0.5,0.0,42,pseudo_cycle_03_config_6,-1,0.12001816183328629,3000.4541015625,3.1162097454071045,0.1233043447136879,0.11798792332410812,0.11885231733322144,-0.0008643968030810356,0.04790297523140907,0.07094934582710266,0.028460919857025146,0.014393688179552555,0.028094734996557236,0.0,0.0,0.0,1.1567264795303345,1.9605761766433716,0.5927886962890625,0.0,0.0,0.8328452110290527,0.007865997031331062,0.8348104953765869,0.8048078417778015,0.6866183280944824,0.7944528460502625
396,train,2,0.5,0.0,45,pseudo_cycle_03_config_9,-1,0.440057635307312,11001.4404296875,309.841064453125,1.3494354486465454,1.3511000871658325,1.3067493438720703,0.044350769370794296,0.7529541850090027,0.5537952184677124,0.2363365739583969,1.8845086913188425e-07,0.3174584209918976,0.0,0.0,0.0,1.3524198532104492,2.003675937652588,0.456891268491745,0.0,0.0,0.41435208916664124,-0.08172502368688583,0.4041931927204132,0.5023126006126404,0.6574908494949341,0.6747298836708069
397,train,2,0.5,0.0,45,pseudo_cycle_03_config_9,-1,0.4609876275062561,11524.69140625,340.01519775390625,1.4640345573425293,1.4648823738098145,1.4226620197296143,0.04222030192613602,0.8315386772155762,0.5911234021186829,0.2506082355976105,1.9871337997301453e-07,0.3405149579048157,0.0,0.0,0.0,1.3610249757766724,2.0051708221435547,0.4563344120979309,0.0,0.0,0.40492352843284607,-0.08254574984312057,0.39489611983299255,0.4964337646961212,0.6469506025314331,0.6745313405990601
398,train,2,0.5,0.0,43,pseudo_cycle_03_config_7,-1,0.12142547219991684,3035.636474609375,3.189718008041382,0.1914467215538025,0.19078586995601654,0.1853943169116974,0.005391552112996578,0.050187282264232635,0.13520704209804535,0.07525211572647095,6.013142694882845e-08,0.059954870492219925,0.0,0.0,0.0,1.183957815170288,1.9992772340774536,0.8431045413017273,0.0,0.0,1.0177947282791138,-0.013940593227744102,1.013538122177124,1.6791703701019287,1.1935962438583374,1.3378288745880127
399,train,2,0.5,0.0,40,pseudo_cycle_03_config_4,-1,0.08585172146558762,2146.29296875,1.5945229530334473,0.0918901115655899,0.092357337474823,0.09201508015394211,0.00034225679701194167,0.02569635957479477,0.06631872057914734,0.014240249991416931,0.027577821165323257,0.02450065314769745,0.0,0.0,0.0,1.2126507759094238,1.945021629333496,0.9072309136390686,0.0,0.0,1.0155311822891235,0.02248683013021946,1.0223820209503174,2.0764365196228027,0.6913297176361084,0.5572123527526855
400,train,2,0.5,0.0,44,pseudo_cycle_03_config_8,-1,0.0662311315536499,1655.7781982421875,7.018498420715332,0.11736783385276794,0.10644007474184036,0.10992614179849625,-0.003486066358163953,0.013087131083011627,0.09683901071548462,0.059818342328071594,0.018051499500870705,0.01896916702389717,0.0,0.0,0.0,1.0377248525619507,2.341654062271118,0.6835424900054932,0.0,0.0,0.8774513006210327,0.07474283128976822,0.8971261978149414,2.1637771129608154,0.9552695155143738,0.6861615777015686
401,train,2,0.5,0.0,36,pseudo_cycle_03_config_0,-1,0.3503928482532501,8759.8212890625,7.543302536010742,1.6832833290100098,1.685268521308899,1.6300506591796875,0.055217914283275604,0.4319400489330292,1.198110580444336,0.351479709148407,0.36264243721961975,0.4839884340763092,0.0,0.0,0.0,1.2237005233764648,2.0934667587280273,0.6859778165817261,0.0,0.0,1.345392107963562,0.017151320353150368,1.3523147106170654,2.1611385345458984,0.5069825649261475,0.4641510844230652
402,train,2,0.5,0.0,44,pseudo_cycle_03_config_8,-1,0.1452682614326477,3631.70654296875,33.76457595825195,0.1960185468196869,0.1896590292453766,0.18660949170589447,0.0030495421960949898,0.0744657889008522,0.11214370280504227,0.05099208280444145,0.017800962552428246,0.04335065931081772,0.0,0.0,0.0,1.2273756265640259,2.065641403198242,0.4542739987373352,0.0,0.0,0.5689736008644104,-0.03336379677057266,0.5632786750793457,0.6922481060028076,0.5319669246673584,0.5885111093521118
403,train,2,0.5,0.0,46,pseudo_cycle_03_config_10,-1,0.27858424186706543,6964.60546875,124.17464447021484,0.40086624026298523,0.4077969491481781,0.402740478515625,0.005056483205407858,0.27723053097724915,0.12550994753837585,0.04580971971154213,0.022361887618899345,0.05733834207057953,0.0,0.0,0.0,1.2424819469451904,2.0577504634857178,0.42735612392425537,0.0,0.0,0.39733919501304626,0.005113199353218079,0.3979487121105194,0.4805443286895752,0.548901379108429,0.6014795899391174
404,train,2,0.5,0.0,45,pseudo_cycle_03_config_9,-1,0.41128629446029663,10282.15625,270.6501770019531,1.1999199390411377,1.1996816396713257,1.1523890495300293,0.047292616218328476,0.6477920413017273,0.5045970678329468,0.21813488006591797,1.7509611893729016e-07,0.2864620089530945,0.0,0.0,0.0,1.3320155143737793,1.998810887336731,0.4576062262058258,0.0,0.0,0.4281255006790161,-0.0765109583735466,0.4182986319065094,0.5141113996505737,0.6763601303100586,0.6751482486724854
405,train,2,0.5,0.0,40,pseudo_cycle_03_config_4,-1,0.10057508200407028,2514.376953125,2.188333511352539,0.1298491507768631,0.12910950183868408,0.12520332634449005,0.0039061796851456165,0.03537362441420555,0.0898297056555748,0.018755316734313965,0.03725271672010422,0.033821672201156616,0.0,0.0,0.0,1.2163565158843994,1.971985936164856,0.8798673152923584,0.0,0.0,0.9660286903381348,0.036361683160066605,0.9765666127204895,2.0576651096343994,0.7244911193847656,0.5787451267242432
406,train,2,0.5,0.0,43,pseudo_cycle_03_config_7,-1,0.4507509768009186,11268.7744140625,43.95477294921875,1.288270354270935,1.2864872217178345,1.3205136060714722,-0.03402642533183098,0.7128336429595947,0.6076799631118774,0.2607485353946686,2.558509208938631e-07,0.3469311594963074,0.0,0.0,0.0,1.2203291654586792,2.0073814392089844,0.5009589195251465,0.0,0.0,0.7676985263824463,0.012584908865392208,0.770596981048584,0.5530954599380493,0.8125019073486328,0.7359045743942261
407,train,2,0.5,0.0,38,pseudo_cycle_03_config_2,-1,0.45762133598327637,11440.533203125,12.866594314575195,1.7983591556549072,1.7991498708724976,1.8041471242904663,-0.004997312556952238,0.7352035045623779,1.0689436197280884,0.3098042905330658,0.31789544224739075,0.44124388694763184,0.0,0.0,0.0,1.2211167812347412,2.208759307861328,0.6696774959564209,0.0,0.0,1.3023666143417358,0.11671321839094162,1.3479676246643066,2.123800754547119,0.5075595378875732,0.4717881977558136
408,train,2,0.5,0.0,41,pseudo_cycle_03_config_5,-1,0.1748548448085785,4371.37109375,6.614363193511963,0.5244024395942688,0.5246572494506836,0.5210008025169373,0.003656434128060937,0.10594905912876129,0.41505175828933716,0.22751818597316742,2.013797768540826e-07,0.18753336369991302,0.0,0.0,0.0,1.2053242921829224,1.9850566387176514,0.7653989791870117,0.0,0.0,0.7673745155334473,0.023347530514001846,0.7727494239807129,1.6170668601989746,1.4024944305419922,1.3328779935836792
409,train,2,0.5,0.0,43,pseudo_cycle_03_config_7,-1,0.43474388122558594,10868.59765625,40.88835906982422,1.2184770107269287,1.2133437395095825,1.2351877689361572,-0.02184404619038105,0.6569795608520508,0.5782081484794617,0.24932697415351868,2.479645786479523e-07,0.3288809061050415,0.0,0.0,0.0,1.2090578079223633,2.0017662048339844,0.5048986673355103,0.0,0.0,0.7724646329879761,0.01370216067880392,0.7756400108337402,0.5664185285568237,0.8367869257926941,0.7471482753753662
410,train,2,0.5,0.0,42,pseudo_cycle_03_config_6,-1,0.11856084316968918,2964.02099609375,3.040992259979248,0.11999885737895966,0.11483325064182281,0.11537603288888931,-0.0005427825381048024,0.046763718128204346,0.06861231476068497,0.027371898293495178,0.013983465731143951,0.027256948873400688,0.0,0.0,0.0,1.1571471691131592,1.9611228704452515,0.5908946990966797,0.0,0.0,0.8325258493423462,0.009604672901332378,0.8349246978759766,0.7928280830383301,0.6854548454284668,0.789498507976532
411,train,2,0.5,0.0,42,pseudo_cycle_03_config_6,-1,0.2623416483402252,6558.541015625,14.889059066772461,0.4253830313682556,0.4379951059818268,0.4628208875656128,-0.024825772270560265,0.21609549224376678,0.24672538042068481,0.08825891464948654,0.04876398667693138,0.10970247536897659,0.0,0.0,0.0,1.0921274423599243,2.1675617694854736,0.5247833728790283,0.0,0.0,0.8023359179496765,-0.001817246782593429,0.8018984794616699,0.4918605089187622,0.5178482532501221,0.6113638877868652
412,train,2,0.5,0.0,43,pseudo_cycle_03_config_7,-1,0.4869343340396881,12173.357421875,51.29481887817383,1.4513325691223145,1.4556630849838257,1.5171151161193848,-0.061451975256204605,0.8437037467956543,0.6734113693237305,0.2866995632648468,2.709518298615876e-07,0.3867115080356598,0.0,0.0,0.0,1.237688422203064,2.0266025066375732,0.4923046827316284,0.0,0.0,0.7447419166564941,0.013378164730966091,0.7477308511734009,0.5319625735282898,0.7659025192260742,0.7175318002700806
413,train,2,0.5,0.0,47,pseudo_cycle_03_config_11,-1,0.2166757732629776,5416.89404296875,75.11739349365234,0.287149578332901,0.2828753590583801,0.28169485926628113,0.0011805006070062518,0.15725114941596985,0.12444371730089188,0.062119416892528534,4.568408940031077e-08,0.06232425570487976,0.0,0.0,0.0,1.165024995803833,2.061274528503418,0.49093490839004517,0.0,0.0,0.5937451720237732,0.021822750568389893,0.5976323485374451,0.7160535454750061,0.8044897317886353,0.7184146642684937
414,train,2,0.5,0.0,38,pseudo_cycle_03_config_2,-1,0.48808738589286804,12202.1845703125,14.63680362701416,2.002924919128418,2.0131330490112305,2.047647714614868,-0.03451455011963844,0.8323610424995422,1.2152867317199707,0.35656094551086426,0.3527829349040985,0.5059428811073303,0.0,0.0,0.0,1.2152866125106812,2.203458547592163,0.6486720442771912,0.0,0.0,1.3157238960266113,0.12547166645526886,1.365249752998352,2.1266121864318848,0.5059166550636292,0.47064998745918274
415,train,2,0.5,0.0,47,pseudo_cycle_03_config_11,-1,0.2459276020526886,6148.18994140625,96.76858520507812,0.3345653712749481,0.333589106798172,0.33991432189941406,-0.0063252197578549385,0.20227093994617462,0.13764339685440063,0.0636124387383461,5.1142755808086804e-08,0.07403089851140976,0.0,0.0,0.0,1.1632715463638306,2.0752367973327637,0.4751564860343933,0.0,0.0,0.5602543950080872,0.016551263630390167,0.563036322593689,0.600111722946167,0.761550784111023,0.6983981132507324
416,train,2,0.5,0.0,44,pseudo_cycle_03_config_8,-1,0.3751489222049713,9378.72265625,225.1786651611328,0.8346198797225952,0.8257566690444946,0.8333005905151367,-0.007543899584561586,0.4878348410129547,0.3454657196998596,0.13003632426261902,0.05965104699134827,0.15577834844589233,0.0,0.0,0.0,1.205667495727539,2.0182666778564453,0.4251406788825989,0.0,0.0,0.30178478360176086,-0.012483827769756317,0.3006545603275299,0.5075626969337463,0.5476592183113098,0.608039915561676
417,train,2,0.5,0.0,37,pseudo_cycle_03_config_1,-1,0.3735010623931885,9337.5263671875,8.571064949035645,2.2376551628112793,2.210827112197876,2.3443973064422607,-0.13357028365135193,0.4913591742515564,1.8530381917953491,0.9047808647155762,9.298291843151674e-07,0.9482563734054565,0.0,0.0,0.0,1.2251168489456177,1.8962764739990234,0.7728108167648315,0.0,0.0,0.7583569884300232,-0.04915725067257881,0.7471733689308167,1.525862693786621,1.5218201875686646,1.5991816520690918
418,train,2,0.5,0.0,36,pseudo_cycle_03_config_0,-1,0.39015012979507446,9753.751953125,9.352217674255371,2.0649914741516113,2.0566766262054443,2.0649056434631348,-0.008229068480432034,0.5260602235794067,1.5388455390930176,0.45939669013023376,0.44669437408447266,0.632754385471344,0.0,0.0,0.0,1.2020820379257202,2.1580862998962402,0.6466724872589111,0.0,0.0,1.3709224462509155,0.03138976916670799,1.383832335472107,2.159776449203491,0.5065112709999084,0.4639787971973419
419,train,2,0.5,0.0,46,pseudo_cycle_03_config_10,-1,0.1354457139968872,3386.142578125,29.35285758972168,0.14304019510746002,0.14146722853183746,0.14027713239192963,0.001190103474073112,0.06544739007949829,0.07482974231243134,0.03453819826245308,0.013200949877500534,0.02709059603512287,0.0,0.0,0.0,1.2408632040023804,2.0550482273101807,0.49972373247146606,0.0,0.0,0.826027512550354,-0.05132313445210457,0.8133091926574707,0.7509312629699707,0.5743487477302551,0.5890049934387207
420,train,2,0.5,0.0,39,pseudo_cycle_03_config_3,-1,0.17076772451400757,4269.19287109375,1.7916892766952515,0.3572819232940674,0.35246679186820984,0.3484899401664734,0.003976856824010611,0.09986016899347305,0.24862977862358093,0.12489717453718185,1.200674830670323e-07,0.12373247742652893,0.0,0.0,0.0,1.1910852193832397,2.0242741107940674,0.850386917591095,0.0,0.0,0.8963383436203003,0.00725064380094409,0.8982880711555481,1.5702357292175293,1.3313195705413818,1.555592656135559
421,train,2,0.5,0.0,46,pseudo_cycle_03_config_10,-1,0.2622009515762329,6555.02392578125,109.9989013671875,0.3574655055999756,0.3617982864379883,0.35746994614601135,0.0043283384293317795,0.23741184175014496,0.1200581043958664,0.045120950788259506,0.02120150998234749,0.0537356398999691,0.0,0.0,0.0,1.2011464834213257,2.054478883743286,0.42214435338974,0.0,0.0,0.43444302678108215,0.015463192015886307,0.43645837903022766,0.4879484176635742,0.5431271195411682,0.5811096429824829
422,train,2,0.5,0.0,47,pseudo_cycle_03_config_11,-1,0.28336042165756226,7084.01025390625,128.46896362304688,0.41622763872146606,0.42067354917526245,0.4356822669506073,-0.015008710324764252,0.2715323269367218,0.1641499400138855,0.07179399579763412,5.962940008430451e-08,0.0923558846116066,0.0,0.0,0.0,1.1762652397155762,2.071934938430786,0.4670674204826355,0.0,0.0,0.5360082983970642,0.00782666727900505,0.5372667908668518,0.5354912281036377,0.7141778469085693,0.6888565421104431
423,train,2,0.5,0.0,39,pseudo_cycle_03_config_3,-1,0.18261969089508057,4565.49169921875,2.049020290374756,0.40179795026779175,0.3962251842021942,0.39458706974983215,0.0016381285386160016,0.113381028175354,0.28120604157447815,0.14230915904045105,1.3332432047263865e-07,0.13889674842357635,0.0,0.0,0.0,1.1825169324874878,2.0174994468688965,0.845295250415802,0.0,0.0,0.8835605382919312,0.0005877389921806753,0.883716344833374,1.5955857038497925,1.3263236284255981,1.5573253631591797
424,train,2,0.5,0.0,41,pseudo_cycle_03_config_5,-1,0.10556826740503311,2639.20654296875,2.411012887954712,0.19779464602470398,0.19366736710071564,0.2002236396074295,-0.006556273903697729,0.03721077740192413,0.16301286220550537,0.09055815637111664,8.601450929290877e-08,0.07245460897684097,0.0,0.0,0.0,1.1613526344299316,1.9039963483810425,0.8474581241607666,0.0,0.0,0.7903038859367371,-0.011804836802184582,0.787505030632019,1.8064254522323608,1.5184736251831055,1.4453015327453613
425,train,2,0.5,0.0,43,pseudo_cycle_03_config_7,-1,0.11244167387485504,2811.041748046875,2.7351889610290527,0.1652921885251999,0.16557838022708893,0.1614336520433426,0.004144728649407625,0.04329870641231537,0.11813494563102722,0.06454651802778244,5.60971997742854e-08,0.053588367998600006,0.0,0.0,0.0,1.19119393825531,1.9995639324188232,0.8714109659194946,0.0,0.0,1.0557700395584106,-0.034442976117134094,1.04486083984375,1.6290456056594849,1.2185401916503906,1.3524802923202515
426,train,2,0.5,0.0,37,pseudo_cycle_03_config_1,-1,0.3998218774795532,9995.546875,9.821643829345703,2.564513683319092,2.534402370452881,2.6341841220855713,-0.09978175908327103,0.5779181122779846,2.0562660694122314,1.0089178085327148,1.0339978189222165e-06,1.0473471879959106,0.0,0.0,0.0,1.2574634552001953,1.8669828176498413,0.7621248960494995,0.0,0.0,0.7610400915145874,-0.06638429313898087,0.7458837628364563,1.5107409954071045,1.52366304397583,1.568284511566162
427,train,2,0.5,0.0,37,pseudo_cycle_03_config_1,-1,0.4304054081439972,10760.1337890625,11.381684303283691,2.9776275157928467,2.943864107131958,2.9717257022857666,-0.027861570939421654,0.6959230303764343,2.2758026123046875,1.1289000511169434,1.1458379276518826e-06,1.1469014883041382,0.0,0.0,0.0,1.306675910949707,1.8302453756332397,0.7471579313278198,0.0,0.0,0.7642818093299866,-0.08949574828147888,0.7437618374824524,1.4922294616699219,1.5203801393508911,1.5160243511199951
428,train,2,0.5,0.0,46,pseudo_cycle_03_config_10,-1,0.18995968997478485,4748.9921875,57.73548126220703,0.22900795936584473,0.23274943232536316,0.23120446503162384,0.0015449660131707788,0.12640798091888428,0.10479648411273956,0.045873481780290604,0.018045099452137947,0.04087790101766586,0.0,0.0,0.0,1.2184667587280273,2.029024124145508,0.4483873248100281,0.0,0.0,0.6743888854980469,-0.03430658206343651,0.667448103427887,0.6258105039596558,0.5490186214447021,0.5576602816581726
429,train,2,0.5,0.0,41,pseudo_cycle_03_config_5,-1,0.15945027768611908,3986.256591796875,5.500260829925537,0.43881168961524963,0.4395705759525299,0.4403727054595947,-0.0008021414396353066,0.08699740469455719,0.35337531566619873,0.19437256455421448,1.7175914024392114e-07,0.15900255739688873,0.0,0.0,0.0,1.1901943683624268,1.9814726114273071,0.7782810926437378,0.0,0.0,0.7719317078590393,0.024895649403333664,0.7776970267295837,1.6537301540374756,1.408232569694519,1.3528004884719849
430,train,2,0.5,0.0,45,pseudo_cycle_03_config_9,-1,0.4181958734989166,10454.896484375,279.82037353515625,1.234837293624878,1.2352979183197021,1.1887295246124268,0.046568334102630615,0.6725984811782837,0.5161310434341431,0.22232964634895325,1.7819799325025087e-07,0.2938011884689331,0.0,0.0,0.0,1.3376994132995605,2.0002646446228027,0.45742344856262207,0.0,0.0,0.42471495270729065,-0.07817867398262024,0.41475385427474976,0.510785698890686,0.6712542176246643,0.6749861836433411
431,train,2,0.5,0.0,39,pseudo_cycle_03_config_3,-1,0.3057331144809723,7643.32763671875,5.7429633140563965,1.0024423599243164,0.97586590051651,1.0004721879959106,-0.02460629679262638,0.31625911593437195,0.6842130422592163,0.35212600231170654,3.1713599923932634e-07,0.3320867121219635,0.0,0.0,0.0,1.1768476963043213,1.9670095443725586,0.8124520182609558,0.0,0.0,0.785599946975708,-0.039409659802913666,0.7763118743896484,1.6446715593338013,1.3673831224441528,1.5510741472244263
432,train,2,0.5,0.0,37,pseudo_cycle_03_config_1,-1,0.4017295241355896,10043.23828125,9.915590286254883,2.5892374515533447,2.5588767528533936,2.655259847640991,-0.09638304263353348,0.5846964716911316,2.070563316345215,1.0164456367492676,1.0413141353637911e-06,1.0541164875030518,0.0,0.0,0.0,1.2601583003997803,1.8647575378417969,0.7612745761871338,0.0,0.0,0.7612429261207581,-0.06773615628480911,0.7457738518714905,1.5096139907836914,1.5236438512802124,1.5655622482299805
433,train,2,0.5,0.0,38,pseudo_cycle_03_config_2,-1,0.39714646339416504,9928.6611328125,9.690640449523926,1.385811448097229,1.3812344074249268,1.3454265594482422,0.03580779209733009,0.5590014457702637,0.7864251136779785,0.22080859541893005,0.24753382802009583,0.31808269023895264,0.0,0.0,0.0,1.2327461242675781,2.195789337158203,0.719023585319519,0.0,0.0,1.2526336908340454,0.0944487676024437,1.2881265878677368,2.1155922412872314,0.5144575238227844,0.4753330945968628
434,train,2,0.5,0.0,47,pseudo_cycle_03_config_11,-1,0.2578440010547638,6446.099609375,106.37361145019531,0.35806819796562195,0.35874834656715393,0.36798983812332153,-0.009241495281457901,0.22284545004367828,0.14514440298080444,0.06565796583890915,5.3692353674250626e-08,0.07948638498783112,0.0,0.0,0.0,1.1658746004104614,2.076054811477661,0.4715367555618286,0.0,0.0,0.551228940486908,0.013782381080091,0.5535081028938293,0.5729534029960632,0.7452294826507568,0.6936247944831848
435,train,2,0.5,0.0,36,pseudo_cycle_03_config_0,-1,0.31966182589530945,7991.5458984375,6.278163909912109,1.4032479524612427,1.4122583866119385,1.3205158710479736,0.09174255281686783,0.36898869276046753,0.9515272378921509,0.27354127168655396,0.30126816034317017,0.37671777606010437,0.0,0.0,0.0,1.2560114860534668,2.0280516147613525,0.731324315071106,0.0,0.0,1.302862286567688,0.0026295422576367855,1.3038899898529053,2.1635055541992188,0.5081833600997925,0.4647220969200134
436,train,2,0.5,0.0,45,pseudo_cycle_03_config_9,-1,0.38487279415130615,9621.8203125,237.00323486328125,1.0733731985092163,1.0696852207183838,1.0193967819213867,0.05028846859931946,0.5566418766975403,0.46275490522384644,0.2034347504377365,1.6410902503594116e-07,0.2593199908733368,0.0,0.0,0.0,1.307084321975708,1.9917315244674683,0.45859163999557495,0.0,0.0,0.4420253336429596,-0.0679721012711525,0.4330117106437683,0.5308099389076233,0.7002958655357361,0.6766278743743896
437,train,2,0.5,0.0,41,pseudo_cycle_03_config_5,-1,0.14474356174468994,3618.589111328125,4.532431125640869,0.3630323112010956,0.36375194787979126,0.36770081520080566,-0.003948869649320841,0.07080650329589844,0.2968943119049072,0.1637161374092102,1.4530651526456495e-07,0.13317802548408508,0.0,0.0,0.0,1.175538182258606,1.9722545146942139,0.7923538088798523,0.0,0.0,0.775871753692627,0.02371438778936863,0.7813915610313416,1.690207600593567,1.4199590682983398,1.3749316930770874
438,train,2,0.5,0.0,46,pseudo_cycle_03_config_10,-1,0.15498942136764526,3874.7353515625,38.43473815917969,0.178676575422287,0.17844194173812866,0.1771511733531952,0.0012907744385302067,0.08603781461715698,0.0911133661866188,0.04229963943362236,0.01577392779290676,0.03303980082273483,0.0,0.0,0.0,1.2457972764968872,2.0504581928253174,0.4883972704410553,0.0,0.0,0.7808024883270264,-0.05959431082010269,0.7668430805206299,0.7465929985046387,0.5700511932373047,0.5831558108329773
439,train,2,0.5,0.0,36,pseudo_cycle_03_config_0,-1,0.3796205222606659,9490.5126953125,8.854222297668457,1.9622613191604614,1.956329107284546,1.9465245008468628,0.009804639965295792,0.4998309910297394,1.4466935396194458,0.43019765615463257,0.42400050163269043,0.5924953818321228,0.0,0.0,0.0,1.2063850164413452,2.1438119411468506,0.655518114566803,0.0,0.0,1.366232991218567,0.028071343898773193,1.37773859500885,2.1599910259246826,0.5065328478813171,0.4639923870563507
440,train,2,0.5,0.0,39,pseudo_cycle_03_config_3,-1,0.32937654852867126,8234.4140625,6.665556907653809,1.1576201915740967,1.1301275491714478,1.1458191871643066,-0.015691695734858513,0.3737817406654358,0.7720375061035156,0.3986397087574005,3.578516043489799e-07,0.3733974099159241,0.0,0.0,0.0,1.198380947113037,1.956261396408081,0.8036957383155823,0.0,0.0,0.7796925902366638,-0.04637344181537628,0.7688454985618591,1.6286885738372803,1.3643633127212524,1.5255579948425293
441,train,2,0.5,0.0,38,pseudo_cycle_03_config_2,-1,0.42281708121299744,10570.4267578125,10.98388957977295,1.5605655908584595,1.55650794506073,1.535003900527954,0.02150409296154976,0.6310351490974426,0.9039688110351562,0.2575811743736267,0.27736738324165344,0.3690202236175537,0.0,0.0,0.0,1.2277520895004272,2.205254554748535,0.696770191192627,0.0,0.0,1.2776086330413818,0.10448368638753891,1.3176554441452026,2.1194112300872803,0.5108683109283447,0.47357991337776184
442,train,2,0.5,0.0,46,pseudo_cycle_03_config_10,-1,0.18081414699554443,4520.353515625,52.30998992919922,0.21743665635585785,0.2199966013431549,0.21845349669456482,0.0015431082574650645,0.11563631147146225,0.10281717777252197,0.04595834016799927,0.017686063423752785,0.03917277976870537,0.0,0.0,0.0,1.230244755744934,2.0341944694519043,0.4590439200401306,0.0,0.0,0.7062122821807861,-0.04526899755001068,0.6966214179992676,0.6613311767578125,0.5544106960296631,0.5636882781982422
443,train,2,0.5,0.0,40,pseudo_cycle_03_config_4,-1,0.0754123255610466,1885.30810546875,1.2303180694580078,0.06832241266965866,0.068783238530159,0.07265058159828186,-0.003867340972647071,0.019556628540158272,0.05309395492076874,0.01178126223385334,0.02169647067785263,0.019616225734353065,0.0,0.0,0.0,1.1961109638214111,1.8820992708206177,0.9403639435768127,0.0,0.0,1.119397759437561,-0.022521546110510826,1.1118345260620117,2.115734577178955,0.6462559700012207,0.5494483113288879
444,train,2,0.5,0.0,40,pseudo_cycle_03_config_4,-1,0.0647347941994667,1618.369873046875,0.9065844416618347,0.06601433455944061,0.06039973720908165,0.06676214933395386,-0.006362413056194782,0.013133812695741653,0.0536283403635025,0.01019061729311943,0.02011949196457863,0.023318229243159294,0.0,0.0,0.0,1.0901278257369995,1.8459028005599976,0.9648266434669495,0.0,0.0,1.3597735166549683,-0.16104756295681,1.2940770387649536,2.175668239593506,0.6943875551223755,0.776479184627533
445,train,2,0.5,0.0,47,pseudo_cycle_03_config_11,-1,0.27268463373184204,6817.115234375,118.97101593017578,0.39064159989356995,0.39348071813583374,0.4061622619628906,-0.012681534513831139,0.2503829598426819,0.15577930212020874,0.0689907893538475,5.707560291057234e-08,0.08678846061229706,0.0,0.0,0.0,1.1712391376495361,2.074345588684082,0.4685128927230835,0.0,0.0,0.541933000087738,0.010293284431099892,0.5436064600944519,0.548545777797699,0.7264604568481445,0.6900550127029419
446,train,2,0.5,0.0,40,pseudo_cycle_03_config_4,-1,0.14276403188705444,3569.100830078125,4.409306526184082,0.2541745901107788,0.2529512941837311,0.24607110023498535,0.006880192551761866,0.07173024863004684,0.1743408441543579,0.03899087384343147,0.06829307228326797,0.06705689430236816,0.0,0.0,0.0,1.224128007888794,1.9605004787445068,0.8412072658538818,0.0,0.0,0.9748585224151611,0.06781476736068726,0.9946914315223694,2.096557140350342,0.680862545967102,0.5623791217803955
447,train,2,0.5,0.0,37,pseudo_cycle_03_config_1,-1,0.43539831042289734,10884.9580078125,11.647281646728516,3.0483787059783936,3.0141918659210205,3.026660203933716,-0.012468288652598858,0.7171981334686279,2.309462070465088,1.1483452320098877,1.1628175116129569e-06,1.1611155271530151,0.0,0.0,0.0,1.3159148693084717,1.82413911819458,0.7444379329681396,0.0,0.0,0.7647884488105774,-0.09350019693374634,0.7433360815048218,1.4891366958618164,1.5191701650619507,1.5056966543197632
448,train,2,0.5,0.0,42,pseudo_cycle_03_config_6,-1,0.316061407327652,7901.53466796875,21.611040115356445,0.7600893974304199,0.7866637706756592,0.7676329612731934,0.019030826166272163,0.3699950873851776,0.39763784408569336,0.14644521474838257,0.06996458768844604,0.18122802674770355,0.0,0.0,0.0,1.2882945537567139,2.091960906982422,0.45568615198135376,0.0,0.0,0.9810634851455688,0.04171161353588104,0.993340015411377,0.4703157842159271,0.4930906295776367,0.5820223689079285
449,train,2,0.5,0.0,36,pseudo_cycle_03_config_0,-1,0.3578132092952728,8945.330078125,7.866179943084717,1.7530783414840698,1.7530062198638916,1.7085516452789307,0.044454626739025116,0.4484606981277466,1.260090947151184,0.3710991144180298,0.3779667913913727,0.511025071144104,0.0,0.0,0.0,1.2183547019958496,2.1076653003692627,0.6772773265838623,0.0,0.0,1.3520264625549316,0.02017667517066002,1.3602101802825928,2.1607580184936523,0.5068102478981018,0.4640880823135376
450,train,2,0.5,0.0,41,pseudo_cycle_03_config_5,-1,0.2092607617378235,5231.51904296875,9.473453521728516,0.7336674928665161,0.7327516674995422,0.714088499546051,0.01866319589316845,0.15578335523605347,0.5583051443099976,0.3029020130634308,2.7297392080072314e-07,0.2554028332233429,0.0,0.0,0.0,1.237392783164978,1.9804275035858154,0.7395057678222656,0.0,0.0,0.755839467048645,0.014679145067930222,0.7591679692268372,1.5335872173309326,1.401674509048462,1.2930996417999268
451,train,2,0.5,0.0,36,pseudo_cycle_03_config_0,-1,0.3348870873451233,8372.1767578125,6.890454292297363,1.5400993824005127,1.5460779666900635,1.4705702066421509,0.07550770789384842,0.39906927943229675,1.0715008974075317,0.3114294707775116,0.3312418460845947,0.4288295805454254,0.0,0.0,0.0,1.2376949787139893,2.061340808868408,0.7067966461181641,0.0,0.0,1.3274853229522705,0.010235145688056946,1.3315614461898804,2.1621639728546143,0.507483184337616,0.46436089277267456
452,train,2,0.5,0.0,43,pseudo_cycle_03_config_7,-1,0.09898970276117325,2474.742431640625,2.119887351989746,0.11999564617872238,0.12499221414327621,0.12453007698059082,0.000462139694718644,0.03471319377422333,0.08981688320636749,0.04601728543639183,5.003675340731206e-08,0.04379955306649208,0.0,0.0,0.0,1.232187032699585,1.9275016784667969,0.9428108930587769,0.0,0.0,1.1490567922592163,-0.0960279330611229,1.1159543991088867,1.4554874897003174,1.258963942527771,1.3853423595428467
453,train,2,0.5,0.0,44,pseudo_cycle_03_config_8,-1,0.3573475778102875,8933.6884765625,204.31558227539062,0.7883593440055847,0.779660701751709,0.77687668800354,0.0027840163093060255,0.45294007658958435,0.3239366412162781,0.12107110768556595,0.05568329617381096,0.14718222618103027,0.0,0.0,0.0,1.233733057975769,2.0141382217407227,0.42261412739753723,0.0,0.0,0.3112512230873108,-0.022160805761814117,0.30918195843696594,0.5074978470802307,0.5522994995117188,0.6169486045837402
454,train,2,0.5,0.0,39,pseudo_cycle_03_config_3,-1,0.3372059762477875,8430.1484375,6.986209392547607,1.2128541469573975,1.1853443384170532,1.1958332061767578,-0.010488924570381641,0.3944873809814453,0.8013458251953125,0.4143793284893036,3.7127878727005736e-07,0.38696610927581787,0.0,0.0,0.0,1.2067149877548218,1.9525271654129028,0.8003238439559937,0.0,0.0,0.7787173390388489,-0.04933905228972435,0.7671909928321838,1.6218689680099487,1.3617998361587524,1.5145742893218994
455,train,2,0.5,0.0,44,pseudo_cycle_03_config_8,-1,0.38520923256874084,9630.23046875,237.41775512695312,0.8610462546348572,0.8528024554252625,0.8666267991065979,-0.013824332505464554,0.5083034038543701,0.3583233952522278,0.13548940420150757,0.062053848057985306,0.160780131816864,0.0,0.0,0.0,1.1914937496185303,2.0201194286346436,0.42671579122543335,0.0,0.0,0.2972146272659302,-0.007326844148337841,0.2965613305568695,0.5080414414405823,0.5452852845191956,0.6028734445571899
456,train,2,0.5,0.0,45,pseudo_cycle_03_config_9,-1,0.45809343457221985,11452.3359375,335.75921630859375,1.4479453563690186,1.4490431547164917,1.4065227508544922,0.0425204262137413,0.8206202983856201,0.5859024524688721,0.24859102070331573,1.9727491462617763e-07,0.3373112678527832,0.0,0.0,0.0,1.3601795434951782,2.005067825317383,0.45641738176345825,0.0,0.0,0.4062017798423767,-0.0825827419757843,0.39613819122314453,0.49714183807373047,0.6482847929000854,0.6745679378509521
457,train,2,0.5,0.0,44,pseudo_cycle_03_config_8,-1,0.13112951815128326,3278.23779296875,27.511913299560547,0.14550642669200897,0.1356288492679596,0.132338285446167,0.0032905591651797295,0.06177113577723503,0.07056715339422226,0.029219510033726692,0.011955179274082184,0.029392465949058533,0.0,0.0,0.0,1.24953031539917,1.976226806640625,0.44303208589553833,0.0,0.0,0.5310068726539612,-0.03339410200715065,0.5256870985031128,0.5452386736869812,0.5035407543182373,0.5484659671783447
458,train,2,0.5,0.0,38,pseudo_cycle_03_config_2,-1,0.4100513756275177,10251.2841796875,10.330649375915527,1.4733911752700806,1.4688212871551514,1.4396402835845947,0.02918096072971821,0.5946984887123108,0.8449417352676392,0.23906183242797852,0.2624978721141815,0.34338200092315674,0.0,0.0,0.0,1.2302190065383911,2.2012860774993896,0.7075902223587036,0.0,0.0,1.2659186124801636,0.099576435983181,1.3037352561950684,2.117554187774658,0.512519359588623,0.4743990898132324
459,train,2,0.5,0.0,44,pseudo_cycle_03_config_8,-1,0.3425801396369934,8564.5029296875,187.7777862548828,0.7496119141578674,0.7418859601020813,0.7316627502441406,0.010223197750747204,0.4244525134563446,0.3072102665901184,0.11439874023199081,0.052651867270469666,0.14015965163707733,0.0,0.0,0.0,1.2579600811004639,2.0107054710388184,0.420878529548645,0.0,0.0,0.32055506110191345,-0.029902901500463486,0.31767940521240234,0.5086723566055298,0.5562549829483032,0.6232178807258606
460,train,2,0.5,0.0,37,pseudo_cycle_03_config_1,-1,0.353717178106308,8842.9287109375,7.687115669250488,2.0091381072998047,1.9843767881393433,2.1295018196105957,-0.14512504637241364,0.4339008629322052,1.695600986480713,0.8267252445220947,8.490945901939995e-07,0.8688748478889465,0.0,0.0,0.0,1.2062582969665527,1.9162851572036743,0.7796879410743713,0.0,0.0,0.7565765976905823,-0.037984635680913925,0.7479550838470459,1.5367103815078735,1.5181940793991089,1.6150574684143066
461,train,2,0.5,0.0,38,pseudo_cycle_03_config_2,-1,0.4738658666610718,11846.646484375,13.79627799987793,1.9081064462661743,1.9132664203643799,1.9333109855651855,-0.02004454843699932,0.7863267064094543,1.1469842195510864,0.3346971273422241,0.3366115689277649,0.475675493478775,0.0,0.0,0.0,1.218019723892212,2.2068660259246826,0.6581793427467346,0.0,0.0,1.310441493988037,0.12165302038192749,1.3582673072814941,2.1254289150238037,0.5065490007400513,0.47113722562789917
462,train,2,0.5,0.0,42,pseudo_cycle_03_config_6,-1,0.06096474081277847,1524.1185302734375,0.8040632009506226,0.03619988262653351,0.03960251063108444,0.04033266752958298,-0.0007301550358533859,0.012843281961977482,0.02748938649892807,0.015533036552369595,0.0030625206418335438,0.008893829770386219,0.0,0.0,0.0,1.2019342184066772,2.03623104095459,0.7572839856147766,0.0,0.0,0.6756448745727539,-0.006410771515220404,0.6743454933166504,2.0290751457214355,0.5282773971557617,1.1617978811264038
463,train,2,0.5,0.0,38,pseudo_cycle_03_config_2,-1,0.4496464729309082,11241.162109375,12.4220552444458,1.744071125984192,1.7432383298873901,1.7414577007293701,0.001780577003955841,0.7106837630271912,1.0307738780975342,0.29766902327537537,0.3086411654949188,0.42446374893188477,0.0,0.0,0.0,1.2226331233978271,2.208883047103882,0.675582766532898,0.0,0.0,1.2975983619689941,0.114089734852314,1.3420110940933228,2.1228978633880615,0.5081744194030762,0.4721479117870331
464,train,2,0.5,0.0,39,pseudo_cycle_03_config_3,-1,0.14930741488933563,3732.685302734375,1.3696633577346802,0.2807061970233917,0.27647000551223755,0.2697676420211792,0.0067023709416389465,0.07728821784257889,0.1924794316291809,0.09444733709096909,9.8557286776213e-08,0.09803200513124466,0.0,0.0,0.0,1.2059038877487183,2.040724754333496,0.8636119961738586,0.0,0.0,0.9190151691436768,0.016859326511621475,0.9236633777618408,1.4984339475631714,1.357935905456543,1.5553056001663208
465,train,2,0.5,0.0,39,pseudo_cycle_03_config_3,-1,0.14308437705039978,3577.109375,1.2578693628311157,0.25915616750717163,0.2551025450229645,0.24798761308193207,0.00711491983383894,0.07119981944561005,0.17678779363632202,0.08582086861133575,9.290989311239173e-08,0.0909668430685997,0.0,0.0,0.0,1.2096412181854248,2.046621561050415,0.8689546585083008,0.0,0.0,0.9251232743263245,0.018426723778247833,0.930237352848053,1.4678643941879272,1.3715736865997314,1.555880069732666
466,train,2,0.5,0.0,43,pseudo_cycle_03_config_7,-1,0.47857463359832764,11964.365234375,49.548675537109375,1.4133236408233643,1.41667640209198,1.4719003438949585,-0.05522396042943001,0.8133009076118469,0.6585994362831116,0.2807772159576416,2.67889618044137e-07,0.3778219521045685,0.0,0.0,0.0,1.2351338863372803,2.0216710567474365,0.4943360388278961,0.0,0.0,0.7513601779937744,0.01279002707451582,0.7542431354522705,0.5359810590744019,0.7758583426475525,0.7212315201759338
467,train,2,0.5,0.0,40,pseudo_cycle_03_config_4,-1,0.11721573770046234,2930.393310546875,2.972381591796875,0.1766705960035324,0.175054669380188,0.16879534721374512,0.00625932402908802,0.04822732135653496,0.12056802213191986,0.025328217074275017,0.04915445297956467,0.04608534649014473,0.0,0.0,0.0,1.2209093570709229,1.9753468036651611,0.8615533113479614,0.0,0.0,0.954093873500824,0.04600023105740547,0.9672604203224182,2.06197190284729,0.7244374752044678,0.5851712822914124
468,train,2,0.5,0.0,54,pseudo_cycle_04_config_6,-1,0.34103453159332275,8525.86328125,25.161090850830078,0.8072472810745239,0.7872487902641296,0.8009580969810486,-0.01370930578559637,0.4094538688659668,0.3915042281150818,0.14458328485488892,0.06543997675180435,0.18148097395896912,0.0,0.0,0.0,1.2245327234268188,1.9342564344406128,0.4319549798965454,0.0,0.0,0.8830221891403198,0.04818187654018402,0.895785927772522,0.47831258177757263,0.5011853575706482,0.6003780364990234
469,train,2,0.5,0.0,48,pseudo_cycle_04_config_0,-1,0.1363370269536972,3408.42529296875,1.1420332193374634,0.24447377026081085,0.24385753273963928,0.24025706946849823,0.0036004583816975355,0.0583161897957325,0.18194088339805603,0.025874560698866844,0.07167653739452362,0.08438978344202042,0.0,0.0,0.0,1.0912483930587769,2.047483205795288,0.914956271648407,0.0,0.0,0.76031094789505,-0.058676112443208694,0.7469273209571838,1.9452855587005615,0.9186056852340698,0.9895602464675903
470,train,2,0.5,0.0,59,pseudo_cycle_04_config_11,-1,0.273775577545166,6844.38916015625,119.92485809326172,0.39947202801704407,0.3961767554283142,0.4091019332408905,-0.01292516477406025,0.25249236822128296,0.15660956501960754,0.06926355510950089,5.7332332659143503e-08,0.08734594285488129,0.0,0.0,0.0,1.1717122793197632,2.0741333961486816,0.4683413505554199,0.0,0.0,0.5413062572479248,0.010038746520876884,0.5429364442825317,0.5470644235610962,0.7251570224761963,0.6898845434188843
471,train,2,0.5,0.0,51,pseudo_cycle_04_config_3,-1,0.3263990879058838,8159.9765625,6.545592784881592,1.1349157094955444,1.109679937362671,1.1270344257354736,-0.017354516312479973,0.366128146648407,0.7609062194824219,0.3926934599876404,3.5272822174192697e-07,0.36821243166923523,0.0,0.0,0.0,1.1953562498092651,1.9576597213745117,0.8049131631851196,0.0,0.0,0.78018718957901,-0.04533562436699867,0.7695760726928711,1.6310819387435913,1.3651316165924072,1.529397964477539
472,train,2,0.5,0.0,55,pseudo_cycle_04_config_7,-1,0.4877713620662689,12194.2841796875,51.47132110595703,1.5080703496932983,1.4595491886138916,1.521619200706482,-0.06206996738910675,0.8467432260513306,0.6748759746551514,0.2872883081436157,2.712426123707701e-07,0.38758739829063416,0.0,0.0,0.0,1.2378878593444824,2.027104616165161,0.49209943413734436,0.0,0.0,0.7440422773361206,0.013449096120893955,0.7470443248748779,0.5315836071968079,0.7649269104003906,0.717171847820282
473,train,2,0.5,0.0,50,pseudo_cycle_04_config_2,-1,0.4970589876174927,12426.4736328125,15.179830551147461,2.0627200603485107,2.0759782791137695,2.1202006340026855,-0.044222280383110046,0.8620060682296753,1.2581944465637207,0.37032705545425415,0.36284810304641724,0.5250193476676941,0.0,0.0,0.0,1.2135469913482666,2.2004966735839844,0.6429290771484375,0.0,0.0,1.3182059526443481,0.12760993838310242,1.3686708211898804,2.1272404193878174,0.5056324601173401,0.4703795611858368
474,train,2,0.5,0.0,58,pseudo_cycle_04_config_10,-1,0.19248296320438385,4812.07373046875,59.27948760986328,0.23793326318264008,0.23616786301136017,0.2346283197402954,0.0015395464142784476,0.12939870357513428,0.10522960871458054,0.04578518867492676,0.018127361312508583,0.041317060589790344,0.0,0.0,0.0,1.2148075103759766,2.027914524078369,0.4456164240837097,0.0,0.0,0.6652483940124512,-0.03092123568058014,0.6590772867202759,0.6164007782936096,0.5476607084274292,0.5562468767166138
475,train,2,0.5,0.0,55,pseudo_cycle_04_config_7,-1,0.45608460903167725,11402.1142578125,45.00114822387695,1.353658676147461,1.3112945556640625,1.3494079113006592,-0.03811340779066086,0.7318627238273621,0.6175451278686523,0.26459744572639465,2.583492744179239e-07,0.3529474437236786,0.0,0.0,0.0,1.2237731218338013,2.009758472442627,0.49968862533569336,0.0,0.0,0.7653201222419739,0.012410219758749008,0.7681694030761719,0.54929119348526,0.8049817085266113,0.7327014207839966
476,train,2,0.5,0.0,51,pseudo_cycle_04_config_3,-1,0.20915648341178894,5228.91162109375,2.6877801418304443,0.5017951130867004,0.49946147203445435,0.5049408674240112,-0.005479404702782631,0.14659500122070312,0.3583458662033081,0.18298165500164032,1.6636620614463027e-07,0.17536404728889465,0.0,0.0,0.0,1.165570855140686,2.005511522293091,0.8368633985519409,0.0,0.0,0.8556569218635559,-0.01382960844784975,0.8521068692207336,1.6317529678344727,1.3295928239822388,1.5638222694396973
477,train,2,0.5,0.0,55,pseudo_cycle_04_config_7,-1,0.4279090166091919,10697.7255859375,39.61280059814453,1.22524893283844,1.1829705238342285,1.199697732925415,-0.016727233305573463,0.63386470079422,0.5658329725265503,0.24456918239593506,2.4447155055895564e-07,0.32126352190971375,0.0,0.0,0.0,1.204081416130066,2.000213146209717,0.5066949129104614,0.0,0.0,0.7733772397041321,0.014439703896641731,0.7767274975776672,0.5731424689292908,0.8480157852172852,0.752873957157135
478,train,2,0.5,0.0,52,pseudo_cycle_04_config_4,-1,0.07948194444179535,1987.0484619140625,1.3666889667510986,0.07692396640777588,0.07758069783449173,0.07964178174734116,-0.0020610836800187826,0.021919578313827515,0.05772220343351364,0.012667490169405937,0.023811858147382736,0.021242858842015266,0.0,0.0,0.0,1.2068613767623901,1.9140169620513916,0.9257371425628662,0.0,0.0,1.0665913820266724,0.00352786504663527,1.0677201747894287,2.09694504737854,0.6641162633895874,0.5484682321548462
479,train,2,0.5,0.0,58,pseudo_cycle_04_config_10,-1,0.290486216545105,7262.15478515625,135.01153564453125,0.4503113329410553,0.4418356716632843,0.43717074394226074,0.00466491561383009,0.3077443540096283,0.12942637503147125,0.04638871178030968,0.023178983479738235,0.05985868349671364,0.0,0.0,0.0,1.268531322479248,2.0551095008850098,0.431278795003891,0.0,0.0,0.3738767206668854,-0.001576824695803225,0.3736998736858368,0.4772127866744995,0.5528865456581116,0.6157819032669067
480,train,2,0.5,0.0,53,pseudo_cycle_04_config_5,-1,0.15008357167243958,3752.089111328125,4.8730292320251465,0.3963080644607544,0.390642911195755,0.39357098937034607,-0.002928085159510374,0.07646945863962173,0.31710153818130493,0.17471395432949066,1.5469255743028043e-07,0.14238741993904114,0.0,0.0,0.0,1.1808204650878906,1.9764049053192139,0.7869864702224731,0.0,0.0,0.7744963765144348,0.024545246735215187,0.780199408531189,1.6767123937606812,1.4147977828979492,1.366477608680725
481,train,2,0.5,0.0,53,pseudo_cycle_04_config_5,-1,0.22135373950004578,5533.84326171875,10.600014686584473,0.8308973908424377,0.8105166554450989,0.7846347093582153,0.025881925597786903,0.17587631940841675,0.6087583899497986,0.3288091719150543,2.9916799348939094e-07,0.2799489200115204,0.0,0.0,0.0,1.2485207319259644,1.976746678352356,0.7304574251174927,0.0,0.0,0.7511624693870544,0.010702014900743961,0.7535741925239563,1.5016610622406006,1.4028443098068237,1.278517723083496
482,train,2,0.5,0.0,52,pseudo_cycle_04_config_4,-1,0.0935368612408638,2338.42138671875,1.8927719593048096,0.1101745218038559,0.11109024286270142,0.10862915217876434,0.0024610923137515783,0.030554819852113724,0.07807433605194092,0.016445361077785492,0.032501839101314545,0.02912713959813118,0.0,0.0,0.0,1.2147202491760254,1.9637168645858765,0.8909575939178467,0.0,0.0,0.9823002219200134,0.03172311931848526,0.9916487336158752,2.0628981590270996,0.7137191295623779,0.5698679089546204
483,train,2,0.5,0.0,50,pseudo_cycle_04_config_2,-1,0.4658707082271576,11646.7666015625,13.3346586227417,1.8495219945907593,1.8570818901062012,1.8695166110992432,-0.012434668838977814,0.7609691023826599,1.1085474491119385,0.322424054145813,0.32742664217948914,0.45869672298431396,0.0,0.0,0.0,1.2195464372634888,2.2080695629119873,0.6637510061264038,0.0,0.0,1.306740641593933,0.11929360032081604,1.353506326675415,2.124664068222046,0.5070067048072815,0.47144442796707153
484,train,2,0.5,0.0,59,pseudo_cycle_04_config_11,-1,0.2997381389141083,7493.453125,143.74867248535156,0.46742263436317444,0.46574148535728455,0.48407480120658875,-0.018333306536078453,0.3061749041080475,0.17789989709854126,0.07656804472208023,6.370277105816058e-08,0.10133177787065506,0.0,0.0,0.0,1.1853529214859009,2.0673766136169434,0.46562862396240234,0.0,0.0,0.5274169445037842,0.004176167771220207,0.5280777215957642,0.520421028137207,0.6974084377288818,0.6887362003326416
485,train,2,0.5,0.0,51,pseudo_cycle_04_config_3,-1,0.33980682492256165,8495.169921875,7.094393253326416,1.228987455368042,1.2041552066802979,1.2126383781433105,-0.008483123034238815,0.40155306458473206,0.8110853433609009,0.41963833570480347,3.757190540909505e-07,0.39144665002822876,0.0,0.0,0.0,1.2095974683761597,1.9512693881988525,0.7991474866867065,0.0,0.0,0.778494656085968,-0.05039912462234497,0.7667240500450134,1.6194345951080322,1.3607734441757202,1.5106393098831177
486,train,2,0.5,0.0,48,pseudo_cycle_04_config_0,-1,0.3889979124069214,9724.947265625,9.297059059143066,2.029252529144287,2.0456314086914062,2.051851272583008,-0.006219934672117233,0.5231467485427856,1.5287045240402222,0.4561830759048462,0.4441981315612793,0.6283233165740967,0.0,0.0,0.0,1.2025169134140015,2.156625747680664,0.6475959420204163,0.0,0.0,1.3704657554626465,0.03104129433631897,1.383228063583374,2.1597959995269775,0.5065102577209473,0.4639795124530792
487,train,2,0.5,0.0,48,pseudo_cycle_04_config_0,-1,0.14435426890850067,3608.8564453125,1.280295968055725,0.2650541067123413,0.2656623125076294,0.2611450254917145,0.004517285618931055,0.06562470644712448,0.1955203115940094,0.02904181182384491,0.0774015486240387,0.0890769511461258,0.0,0.0,0.0,1.0953937768936157,2.0440475940704346,0.9191109538078308,0.0,0.0,0.7520492672920227,-0.05754740163683891,0.7390657067298889,1.971637487411499,0.8917171359062195,0.9432150721549988
488,train,2,0.5,0.0,56,pseudo_cycle_04_config_8,-1,0.3505171835422516,8762.9296875,196.57960510253906,0.7673308849334717,0.7622369527816772,0.7558578252792358,0.00637913728132844,0.43978217244148254,0.3160756230354309,0.11789117753505707,0.05425344780087471,0.14393100142478943,0.0,0.0,0.0,1.245033860206604,2.0124967098236084,0.4217657446861267,0.0,0.0,0.31538525223731995,-0.025852970778942108,0.3129391670227051,0.5078627467155457,0.5541420578956604,0.6200395822525024
489,train,2,0.5,0.0,48,pseudo_cycle_04_config_0,-1,0.3696419894695282,9241.0498046875,8.394865036010742,1.8449103832244873,1.8625164031982422,1.8363573551177979,0.026159007102251053,0.4758164882659912,1.3605408668518066,0.40290749073028564,0.40276238322257996,0.5548709034919739,0.0,0.0,0.0,1.211264729499817,2.12835693359375,0.664836049079895,0.0,0.0,1.3605873584747314,0.02463698945939541,1.3706436157226562,2.1602821350097656,0.5066190361976624,0.46402260661125183
490,train,2,0.5,0.0,55,pseudo_cycle_04_config_7,-1,0.4468974471092224,11172.4365234375,43.20643615722656,1.310508131980896,1.2686740159988403,1.2997515201568604,-0.031077470630407333,0.6991989612579346,0.6005525588989258,0.25797581672668457,2.5400075287507207e-07,0.3425764739513397,0.0,0.0,0.0,1.2177191972732544,2.0058071613311768,0.5018852353096008,0.0,0.0,0.7691757082939148,0.012773824855685234,0.7721232771873474,0.5560274720191956,0.8181049823760986,0.7383711338043213
491,train,2,0.5,0.0,59,pseudo_cycle_04_config_11,-1,0.2300606071949005,5751.51513671875,84.68458557128906,0.3115144371986389,0.3040790557861328,0.3063659071922302,-0.0022868607193231583,0.17692109942436218,0.12944480776786804,0.0620688870549202,4.802488362543045e-08,0.06737587600946426,0.0,0.0,0.0,1.1626720428466797,2.0699524879455566,0.48226916790008545,0.0,0.0,0.5758468508720398,0.019877474755048752,0.5792807340621948,0.6520017385482788,0.7845360636711121,0.7077488303184509
492,train,2,0.5,0.0,58,pseudo_cycle_04_config_10,-1,0.20611995458602905,5152.99853515625,67.97667694091797,0.25659987330436707,0.25455501675605774,0.25302350521087646,0.001531519228592515,0.14581967890262604,0.10720384120941162,0.04513813182711601,0.018518313765525818,0.04354739561676979,0.0,0.0,0.0,1.193818211555481,2.0251710414886475,0.4326162040233612,0.0,0.0,0.6144843101501465,-0.011561303399503231,0.6123530268669128,0.5711479783058167,0.541631281375885,0.5510198473930359
493,train,2,0.5,0.0,57,pseudo_cycle_04_config_9,-1,0.4137639105319977,10344.09765625,273.92083740234375,1.2262508869171143,1.2123879194259644,1.1653571128845215,0.04703085869550705,0.6566478610038757,0.508709192276001,0.2196245789527893,1.7619927916712186e-07,0.28908440470695496,0.0,0.0,0.0,1.3341033458709717,1.9993525743484497,0.4575388729572296,0.0,0.0,0.42689377069473267,-0.07713758200407028,0.4170148968696594,0.5128774046897888,0.6744813919067383,0.6750831007957458
494,train,2,0.5,0.0,48,pseudo_cycle_04_config_0,-1,0.17929388582706451,4482.3466796875,1.9750678539276123,0.3761409819126129,0.3684619069099426,0.3532565236091614,0.015205378644168377,0.10621629655361176,0.24704021215438843,0.046245187520980835,0.0994795635342598,0.1013154610991478,0.0,0.0,0.0,1.1492706537246704,2.0164108276367188,0.941834568977356,0.0,0.0,0.7436534762382507,-0.05112398415803909,0.7322479486465454,2.0822606086730957,0.7417710423469543,0.7115186452865601
495,train,2,0.5,0.0,57,pseudo_cycle_04_config_9,-1,0.3836044669151306,9590.111328125,235.44375610351562,1.0771757364273071,1.063734769821167,1.0132904052734375,0.05044436454772949,0.5524353384971619,0.4608551263809204,0.20279261469841003,1.6362405119707546e-07,0.25806233286857605,0.0,0.0,0.0,1.3057987689971924,1.9913349151611328,0.4586583077907562,0.0,0.0,0.4427374601364136,-0.06748297065496445,0.43377429246902466,0.5318087339401245,0.7016531229019165,0.6767494678497314
496,train,2,0.5,0.0,52,pseudo_cycle_04_config_4,-1,0.14978580176830292,3744.644775390625,4.85371208190918,0.27530616521835327,0.2753548324108124,0.26940953731536865,0.005945298355072737,0.07889487594366074,0.1905146688222885,0.04371826350688934,0.07350669801235199,0.07328970730304718,0.0,0.0,0.0,1.2231216430664062,1.9558132886886597,0.8351663947105408,0.0,0.0,0.9871402382850647,0.07491818815469742,1.009326696395874,2.109595537185669,0.6624181866645813,0.5515962839126587
497,train,2,0.5,0.0,55,pseudo_cycle_04_config_7,-1,0.09555665403604507,2388.916259765625,1.975398063659668,0.1097947284579277,0.11484205722808838,0.11559692025184631,-0.0007548636058345437,0.032837312668561935,0.08275961130857468,0.04119580239057541,4.7971166594606984e-08,0.04156376048922539,0.0,0.0,0.0,1.2508575916290283,1.8741083145141602,0.9676844477653503,0.0,0.0,1.1943695545196533,-0.11446075141429901,1.1533570289611816,1.3914940357208252,1.255845308303833,1.4039226770401
498,train,2,0.5,0.0,58,pseudo_cycle_04_config_10,-1,0.29650452733039856,7412.61279296875,140.6638641357422,0.46626222133636475,0.4580920338630676,0.4540783166885376,0.004013709258288145,0.3228083848953247,0.1312699317932129,0.046692267060279846,0.023556625470519066,0.06102104112505913,0.0,0.0,0.0,1.277156949043274,2.052177906036377,0.43310433626174927,0.0,0.0,0.36284083127975464,-0.0038752735126763582,0.3624190092086792,0.47606366872787476,0.5545498728752136,0.62215656042099
499,train,2,0.5,0.0,57,pseudo_cycle_04_config_9,-1,0.40133875608444214,10033.46875,257.71636962890625,1.1629421710968018,1.1494736671447754,1.1011019945144653,0.04837162420153618,0.6127229332923889,0.4883790612220764,0.21232859790325165,1.707794297090004e-07,0.27605029940605164,0.0,0.0,0.0,1.3231348991394043,1.9964185953140259,0.45790785551071167,0.0,0.0,0.43317943811416626,-0.0736810490489006,0.4236043095588684,0.5195808410644531,0.6844841241836548,0.6755115985870361
500,train,2,0.5,0.0,54,pseudo_cycle_04_config_6,-1,0.1352517455816269,3381.29345703125,3.9574778079986572,0.15486237406730652,0.15100587904453278,0.1558457762002945,-0.004839890170842409,0.0609898567199707,0.09485591948032379,0.03951421007514,0.01873396337032318,0.03660774603486061,0.0,0.0,0.0,1.1596689224243164,1.9666681289672852,0.6091380715370178,0.0,0.0,0.8254246711730957,-0.01478869654238224,0.8217625617980957,0.891043484210968,0.6935208439826965,0.8255027532577515
501,train,2,0.5,0.0,49,pseudo_cycle_04_config_1,-1,0.4365355968475342,10913.3896484375,11.708206176757812,3.0733606815338135,3.030346393585205,3.039163589477539,-0.008817237801849842,0.7221274375915527,2.3170361518859863,1.152769684791565,1.1666281807265477e-06,1.1642651557922363,0.0,0.0,0.0,1.318064570426941,1.8227496147155762,0.7438074946403503,0.0,0.0,0.7649016976356506,-0.09441807121038437,0.7432355284690857,1.488430380821228,1.5188649892807007,1.5032730102539062
502,train,2,0.5,0.0,55,pseudo_cycle_04_config_7,-1,0.46672898530960083,11668.2236328125,47.12618637084961,1.404784917831421,1.3611286878585815,1.4073841571807861,-0.04625547304749489,0.7702460885047913,0.6371380090713501,0.27228274941444397,2.6308325118407083e-07,0.36485499143600464,0.0,0.0,0.0,1.2298781871795654,2.0150773525238037,0.49716657400131226,0.0,0.0,0.7594679594039917,0.012365522794425488,0.7622853517532349,0.5424878001213074,0.7907195091247559,0.7269259095191956
503,train,2,0.5,0.0,59,pseudo_cycle_04_config_11,-1,0.21227866411209106,5306.96630859375,72.09954833984375,0.28613364696502686,0.2766555845737457,0.2743403911590576,0.0023151966743171215,0.15110960602760315,0.12323077023029327,0.06245329976081848,4.4979859836757896e-08,0.06077742204070091,0.0,0.0,0.0,1.1663838624954224,2.0576186180114746,0.4944204092025757,0.0,0.0,0.6008723974227905,0.022157544270157814,0.6048665046691895,0.7423812747001648,0.8110630512237549,0.722460150718689
504,train,2,0.5,0.0,52,pseudo_cycle_04_config_4,-1,0.16216084361076355,4054.021240234375,5.688852787017822,0.31393545866012573,0.31539496779441833,0.31309178471565247,0.0023031767923384905,0.0920768603682518,0.22101493179798126,0.053383879363536835,0.0825088620185852,0.08512218296527863,0.0,0.0,0.0,1.2179253101348877,1.9509450197219849,0.8219873905181885,0.0,0.0,1.0159906148910522,0.08644349873065948,1.0423383712768555,2.1335415840148926,0.6257033348083496,0.5306103825569153
505,train,2,0.5,0.0,56,pseudo_cycle_04_config_8,-1,0.40104031562805176,10026.0068359375,257.333251953125,0.9049177169799805,0.8974480628967285,0.9215707778930664,-0.0241226889193058,0.5419755578041077,0.37959524989128113,0.1445685774087906,0.06606987118721008,0.16895680129528046,0.0,0.0,0.0,1.1721030473709106,2.021872043609619,0.42929935455322266,0.0,0.0,0.2910316586494446,4.968792200088501e-05,0.2910360097885132,0.5091856718063354,0.5420576930046082,0.595083475112915
506,train,2,0.5,0.0,51,pseudo_cycle_04_config_3,-1,0.17605823278427124,4401.45556640625,1.9044244289398193,0.3700072467327118,0.37183278799057007,0.36882877349853516,0.0030040231067687273,0.10580103099346161,0.26302775740623474,0.1326131373643875,1.2586593811647617e-07,0.13041450083255768,0.0,0.0,0.0,1.1872422695159912,2.021090269088745,0.8479729890823364,0.0,0.0,0.8906293511390686,0.00432333629578352,0.8917844891548157,1.5824754238128662,1.3284276723861694,1.5562390089035034
507,train,2,0.5,0.0,54,pseudo_cycle_04_config_6,-1,0.2861904501914978,7154.76123046875,17.719154357910156,0.6039803624153137,0.5876689553260803,0.5896944999694824,-0.0020255681592971087,0.2740345299243927,0.3156599700450897,0.11536788195371628,0.05944189429283142,0.14085018634796143,0.0,0.0,0.0,1.163743257522583,2.198373794555664,0.4892014265060425,0.0,0.0,0.8977211117744446,0.01739664003252983,0.9024062752723694,0.47334718704223633,0.4985397756099701,0.5778993964195251
508,train,2,0.5,0.0,54,pseudo_cycle_04_config_6,-1,0.2795124650001526,6987.81103515625,16.901884078979492,0.5508938431739807,0.5407804846763611,0.5500141978263855,-0.009233694523572922,0.2555032968521118,0.2945109009742737,0.1070578470826149,0.05621608719229698,0.1312369853258133,0.0,0.0,0.0,1.1375126838684082,2.1987674236297607,0.4979862570762634,0.0,0.0,0.8695130944252014,0.011858339421451092,0.8726063370704651,0.4761318862438202,0.502055823802948,0.5836667418479919
509,train,2,0.5,0.0,51,pseudo_cycle_04_config_3,-1,0.3594454824924469,8986.13671875,7.9381103515625,1.3767272233963013,1.3537949323654175,1.3423255681991577,0.011469372548162937,0.45797136425971985,0.8843541741371155,0.4597228467464447,4.087218030690565e-07,0.42463091015815735,0.0,0.0,0.0,1.2329187393188477,1.9415578842163086,0.7893205285072327,0.0,0.0,0.7783111333847046,-0.05950816720724106,0.7644163966178894,1.598300576210022,1.3501996994018555,1.4762977361679077
510,train,2,0.5,0.0,49,pseudo_cycle_04_config_1,-1,0.49149975180625916,12287.4931640625,14.842180252075195,3.87675142288208,3.867594003677368,3.644826650619507,0.2227674126625061,0.9974508881568909,2.6473758220672607,1.3694759607315063,1.3236202676125686e-06,1.2778985500335693,0.0,0.0,0.0,1.436173915863037,1.7618141174316406,0.7087479829788208,0.0,0.0,0.7686002850532532,-0.136141836643219,0.7372087240219116,1.4549096822738647,1.488039493560791,1.3576191663742065
511,train,2,0.5,0.0,55,pseudo_cycle_04_config_7,-1,0.1060502901673317,2651.257080078125,2.4330804347991943,0.14111925661563873,0.14680147171020508,0.14408645033836365,0.0027150216046720743,0.038936465978622437,0.10514998435974121,0.05617047846317291,5.3406150613000136e-08,0.04897945374250412,0.0,0.0,0.0,1.2041897773742676,1.9850951433181763,0.8999086618423462,0.0,0.0,1.0908039808273315,-0.05898384377360344,1.0715020895004272,1.5653764009475708,1.2404084205627441,1.3649744987487793
512,train,2,0.5,0.0,56,pseudo_cycle_04_config_8,-1,0.37242040038108826,9310.509765625,221.9150390625,0.8241902589797974,0.8185699582099915,0.8244576454162598,-0.005887716077268124,0.4823918640613556,0.3420657813549042,0.12860321998596191,0.059019535779953,0.15444302558898926,0.0,0.0,0.0,1.2097487449645996,2.017686367034912,0.4247286021709442,0.0,0.0,0.3031178414821625,-0.01393435150384903,0.30185070633888245,0.507478654384613,0.548340380191803,0.6094445586204529
513,train,2,0.5,0.0,49,pseudo_cycle_04_config_1,-1,0.39304572343826294,9826.142578125,9.491552352905273,2.499647855758667,2.448598623275757,2.5593605041503906,-0.11076182872056961,0.5544179081916809,2.0049426555633545,0.9821449518203735,1.007713763101492e-06,1.0227967500686646,0.0,0.0,0.0,1.2482836246490479,1.8747859001159668,0.7650591731071472,0.0,0.0,0.7603260278701782,-0.061692822724580765,0.746254026889801,1.5147111415863037,1.5235533714294434,1.5774062871932983
514,train,2,0.5,0.0,58,pseudo_cycle_04_config_10,-1,0.227633997797966,5690.85009765625,82.90756225585938,0.2901386022567749,0.2869478464126587,0.28495854139328003,0.001989297103136778,0.1741867959499359,0.11077174544334412,0.04449841380119324,0.019243067130446434,0.047030262649059296,0.0,0.0,0.0,1.1692384481430054,2.0325706005096436,0.42078348994255066,0.0,0.0,0.5365038514137268,0.01340856496244669,0.5386620163917542,0.5228980779647827,0.5373882055282593,0.5526496171951294
515,train,2,0.5,0.0,52,pseudo_cycle_04_config_4,-1,0.10998790711164474,2749.697509765625,2.6171138286590576,0.1547446995973587,0.1545415073633194,0.14915141463279724,0.005390096455812454,0.04239485412836075,0.1067565530538559,0.022276153787970543,0.04388744756579399,0.04059295356273651,0.0,0.0,0.0,1.2189487218856812,1.9759329557418823,0.868535041809082,0.0,0.0,0.955946147441864,0.041572023183107376,0.9678682684898376,2.0577783584594727,0.7280369997024536,0.5848588943481445
516,train,2,0.5,0.0,50,pseudo_cycle_04_config_2,-1,0.41937968134880066,10484.4921875,10.806022644042969,1.5278160572052002,1.5328067541122437,1.5091261863708496,0.023680591955780983,0.6211511492729187,0.8879749774932861,0.25255337357521057,0.2733595371246338,0.36206209659576416,0.0,0.0,0.0,1.228413701057434,2.204329490661621,0.6996362209320068,0.0,0.0,1.2746013402938843,0.1031806692481041,1.3140556812286377,2.1189212799072266,0.511288046836853,0.4737909138202667
517,train,2,0.5,0.0,54,pseudo_cycle_04_config_6,-1,0.3287040889263153,8217.6025390625,23.37453269958496,0.8228965401649475,0.8203316926956177,0.8094911575317383,0.010840530507266521,0.400994211435318,0.4084969758987427,0.15008926391601562,0.06969138234853745,0.188716322183609,0.0,0.0,0.0,1.290892481803894,2.0101640224456787,0.4424200654029846,0.0,0.0,0.962717592716217,0.04636073857545853,0.9761072993278503,0.471975177526474,0.4953518509864807,0.5934429168701172
518,train,2,0.5,0.0,58,pseudo_cycle_04_config_10,-1,0.3128058612346649,7820.1455078125,156.5559539794922,0.5029865503311157,0.4959264397621155,0.49557703733444214,0.00034939320175908506,0.36001697182655334,0.1355600655078888,0.047552093863487244,0.02441524714231491,0.06359272450208664,0.0,0.0,0.0,1.2797801494598389,2.040178060531616,0.4372881054878235,0.0,0.0,0.3352731168270111,-0.0057814521715044975,0.3346916139125824,0.4744776487350464,0.5571082234382629,0.6345319747924805
519,train,2,0.5,0.0,49,pseudo_cycle_04_config_1,-1,0.4761734902858734,11904.3369140625,13.930974960327148,3.6459550857543945,3.623753070831299,3.474564552307129,0.14918842911720276,0.9136273264884949,2.5609371662139893,1.3075863122940063,1.2853068938056822e-06,1.2533495426177979,0.0,0.0,0.0,1.4015249013900757,1.776731014251709,0.7193853259086609,0.0,0.0,0.7680564522743225,-0.1258716583251953,0.73905348777771,1.463932752609253,1.5002280473709106,1.4032108783721924
520,train,2,0.5,0.0,49,pseudo_cycle_04_config_1,-1,0.42178505659103394,10544.626953125,10.930335998535156,2.871892213821411,2.8247435092926025,2.8767378330230713,-0.051994312554597855,0.6605675220489502,2.216170310974121,1.0952413082122803,1.115608142754354e-06,1.1209280490875244,0.0,0.0,0.0,1.291507601737976,1.8407671451568604,0.7516697645187378,0.0,0.0,0.7633827924728394,-0.0827036052942276,0.7444424629211426,1.4975323677062988,1.5219916105270386,1.5326539278030396
521,train,2,0.5,0.0,53,pseudo_cycle_04_config_5,-1,0.1351678967475891,3379.197265625,3.9525723457336426,0.32208892703056335,0.3174515664577484,0.32287678122520447,-0.005425217095762491,0.06127738580107689,0.2615993916988373,0.14444050192832947,1.2913633895550447e-07,0.11715874820947647,0.0,0.0,0.0,1.1665818691253662,1.9620239734649658,0.8029070496559143,0.0,0.0,0.7781834006309509,0.02063477598130703,0.7830007076263428,1.715355634689331,1.4325494766235352,1.3913609981536865
522,train,2,0.5,0.0,59,pseudo_cycle_04_config_11,-1,0.2429601401090622,6074.00341796875,94.44738006591797,0.3337375521659851,0.3277173936367035,0.33329859375953674,-0.005581207573413849,0.19735537469387054,0.1359432190656662,0.06321089714765549,5.053410845334838e-08,0.07273226976394653,0.0,0.0,0.0,1.1628963947296143,2.0746419429779053,0.47626638412475586,0.0,0.0,0.5628104209899902,0.017218489199876785,0.5657176375389099,0.6082578897476196,0.7657584547996521,0.699878990650177
523,train,2,0.5,0.0,57,pseudo_cycle_04_config_9,-1,0.46217265725135803,11554.31640625,341.7655944824219,1.4910314083099365,1.4713748693466187,1.4292781352996826,0.04209674149751663,0.8360123038291931,0.5932658910751343,0.2514379322528839,1.993037699321576e-07,0.34182775020599365,0.0,0.0,0.0,1.3613389730453491,2.0052034854888916,0.4562997817993164,0.0,0.0,0.40440240502357483,-0.08251680433750153,0.39439138770103455,0.496152400970459,0.6464141607284546,0.6745150089263916
524,train,2,0.5,0.0,52,pseudo_cycle_04_config_4,-1,0.12976649403572083,3244.162109375,3.642988920211792,0.21329720318317413,0.2124350219964981,0.20527765154838562,0.007157369051128626,0.05923299118876457,0.14604465663433075,0.0314243920147419,0.05852359160780907,0.056096673011779785,0.0,0.0,0.0,1.2234907150268555,1.9695571660995483,0.8513021469116211,0.0,0.0,0.9595243334770203,0.05555441975593567,0.9755160212516785,2.075752019882202,0.7082685232162476,0.577946662902832
525,train,2,0.5,0.0,50,pseudo_cycle_04_config_2,-1,0.41458985209465027,10364.7451171875,10.560595512390137,1.4950131177902222,1.4998879432678223,1.4733086824417114,0.026579253375530243,0.6075005531311035,0.8658081293106079,0.2455969601869583,0.26777905225753784,0.35243213176727295,0.0,0.0,0.0,1.2293384075164795,2.202864408493042,0.7036879658699036,0.0,0.0,1.2702387571334839,0.10134179145097733,1.3088572025299072,2.1182260513305664,0.5119032263755798,0.4740965664386749
526,train,2,0.5,0.0,50,pseudo_cycle_04_config_2,-1,0.4477487802505493,11193.7197265625,12.317423820495605,1.72391939163208,1.7299525737762451,1.7266199588775635,0.003332603955641389,0.7049056887626648,1.0217143297195435,0.29479292035102844,0.3064344525337219,0.4204869270324707,0.0,0.0,0.0,1.2229939699172974,2.208832263946533,0.6770139932632446,0.0,0.0,1.2963852882385254,0.11344795674085617,1.340506911277771,2.1226730346679688,0.5083327293395996,0.47223764657974243
527,train,2,0.5,0.0,49,pseudo_cycle_04_config_1,-1,0.4570043087005615,11425.107421875,12.831920623779297,3.3638663291931152,3.3295981884002686,3.2638301849365234,0.06576801091432571,0.8162398338317871,2.4475903511047363,1.232337474822998,1.2314250170675223e-06,1.2152518033981323,0.0,0.0,0.0,1.359375238418579,1.7981328964233398,0.7317768335342407,0.0,0.0,0.7667685747146606,-0.11103243380784988,0.7412276864051819,1.4756875038146973,1.5113162994384766,1.4552278518676758
528,train,2,0.5,0.0,56,pseudo_cycle_04_config_8,-1,0.08801236748695374,2200.30908203125,12.393878936767578,0.07985831797122955,0.0822148323059082,0.08316703140735626,-0.0009521979955025017,0.03562944382429123,0.04753758758306503,0.018933231011033058,0.009995141066610813,0.018609212711453438,0.0,0.0,0.0,1.5998666286468506,1.5612016916275024,0.5246538519859314,0.0,0.0,1.0381338596343994,-0.0922267884016037,1.0094107389450073,0.516998291015625,0.5202121138572693,0.5081505179405212
529,train,2,0.5,0.0,57,pseudo_cycle_04_config_9,-1,0.43711912631988525,10927.9775390625,305.7169494628906,1.3510277271270752,1.3353105783462524,1.2906646728515625,0.04464591294527054,0.7420211434364319,0.5486435890197754,0.23439574241638184,1.8704032811456273e-07,0.31424763798713684,0.0,0.0,0.0,1.3507617712020874,2.003325939178467,0.45696306228637695,0.0,0.0,0.4157119691371918,-0.08140645921230316,0.4055594801902771,0.5032950043678284,0.6591562032699585,0.6747531294822693
530,train,2,0.5,0.0,51,pseudo_cycle_04_config_3,-1,0.16663435101509094,4165.8583984375,1.70600426197052,0.33532723784446716,0.3375183343887329,0.33286306262016296,0.004655278287827969,0.09532316774129868,0.2375398874282837,0.11893048882484436,1.1567301072545888e-07,0.11860927194356918,0.0,0.0,0.0,1.1940748691558838,2.0269742012023926,0.8524613976478577,0.0,0.0,0.9007905721664429,0.009440283291041851,0.9033416509628296,1.5594542026519775,1.3344367742538452,1.5552423000335693
531,train,2,0.5,0.0,54,pseudo_cycle_04_config_6,-1,0.133173868060112,3329.3466796875,3.8368136882781982,0.15018288791179657,0.14651186764240265,0.1507590413093567,-0.0042471736669540405,0.059110548347234726,0.09164848923683167,0.038052644580602646,0.018135927617549896,0.03545991703867912,0.0,0.0,0.0,1.1592819690704346,1.9652292728424072,0.6073304414749146,0.0,0.0,0.8271047472953796,-0.011900876648724079,0.8241517543792725,0.8831514716148376,0.6930508613586426,0.822977602481842
532,train,2,0.5,0.0,53,pseudo_cycle_04_config_5,-1,0.17445427179336548,4361.3564453125,6.58409309387207,0.5315985679626465,0.5223752856254578,0.5188508033752441,0.003524466184899211,0.10543043166399002,0.41342034935951233,0.2266463190317154,2.005868964261026e-07,0.18677383661270142,0.0,0.0,0.0,1.2049386501312256,1.9850233793258667,0.7657173275947571,0.0,0.0,0.7674975395202637,0.02341257594525814,0.7728883028030396,1.6180124282836914,1.4025828838348389,1.3333654403686523
533,train,2,0.5,0.0,53,pseudo_cycle_04_config_5,-1,0.16876238584518433,4219.0595703125,6.161465167999268,0.49856293201446533,0.4903419613838196,0.48859742283821106,0.001744531560689211,0.09821019321680069,0.39038723707199097,0.2143080085515976,1.8944624002870114e-07,0.17607904970645905,0.0,0.0,0.0,1.1994092464447021,1.984234094619751,0.7703244090080261,0.0,0.0,0.7692205309867859,0.024210311472415924,0.7748074531555176,1.6314703226089478,1.4041528701782227,1.3404433727264404
534,train,2,0.5,0.0,50,pseudo_cycle_04_config_2,-1,0.4672277867794037,11680.6943359375,13.412459373474121,1.8588999509811401,1.866617202758789,1.8803160190582275,-0.013698840513825417,0.7652464509010315,1.1150696277618408,0.32450488209724426,0.32898974418640137,0.46157506108283997,0.0,0.0,0.0,1.2192875146865845,2.207901954650879,0.6627935767173767,0.0,0.0,1.3074060678482056,0.11970435827970505,1.3543567657470703,2.124798536300659,0.5069237351417542,0.47139057517051697
535,train,2,0.5,0.0,56,pseudo_cycle_04_config_8,-1,0.07687642425298691,1921.9105224609375,9.455971717834473,0.0868271067738533,0.10307703167200089,0.10467511415481567,-0.001598079688847065,0.021538713946938515,0.08313640207052231,0.04729825258255005,0.013693263754248619,0.022144882008433342,0.0,0.0,0.0,1.2676388025283813,1.9245082139968872,0.581189751625061,0.0,0.0,1.148764729499817,-0.027278359979391098,1.1393638849258423,1.216620922088623,0.6060371398925781,0.5696178078651428
536,train,2,0.5,0.0,53,pseudo_cycle_04_config_5,-1,0.19616204500198364,4904.05126953125,8.324586868286133,0.6647120714187622,0.6509261727333069,0.6388868093490601,0.012039381079375744,0.13555899262428284,0.5033278465270996,0.274262398481369,2.450310603308026e-07,0.2290651798248291,0.0,0.0,0.0,1.2253509759902954,1.9835621118545532,0.7491869330406189,0.0,0.0,0.7604871392250061,0.018557608127593994,0.7647210359573364,1.5662686824798584,1.4008517265319824,1.3081543445587158
537,train,2,0.5,0.0,58,pseudo_cycle_04_config_10,-1,0.2558819651603699,6397.048828125,104.76089477539062,0.3523079454898834,0.34554848074913025,0.3416872024536133,0.0038612817879766226,0.2236124575138092,0.11807473003864288,0.044906165450811386,0.020777227357029915,0.05239133536815643,0.0,0.0,0.0,1.1878968477249146,2.051393508911133,0.4205743074417114,0.0,0.0,0.45059242844581604,0.01840398460626602,0.4530802369117737,0.4919390082359314,0.5411904454231262,0.5739375948905945
538,train,2,0.5,0.0,59,pseudo_cycle_04_config_11,-1,0.2650246322154999,6625.615234375,112.38084411621094,0.37906742095947266,0.3750953674316406,0.38603007793426514,-0.010934710502624512,0.23590098321437836,0.15012910962104797,0.0671766921877861,5.530295510425276e-08,0.0829523578286171,0.0,0.0,0.0,1.168205976486206,2.075532913208008,0.46990013122558594,0.0,0.0,0.5465272068977356,0.01209051813930273,0.5485095381736755,0.5600684881210327,0.7359130382537842,0.6915939450263977
539,train,2,0.5,0.0,53,pseudo_cycle_04_config_5,-1,0.10270266234874725,2567.56640625,2.28189754486084,0.18922589719295502,0.18392889201641083,0.19024041295051575,-0.006311515346169472,0.03535517677664757,0.15488523244857788,0.08618655800819397,8.271716467334045e-08,0.06869859248399734,0.0,0.0,0.0,1.1658743619918823,1.8976843357086182,0.8533200621604919,0.0,0.0,0.793792724609375,-0.01715327985584736,0.7897078990936279,1.817457914352417,1.533097505569458,1.4486806392669678
540,train,2,0.5,0.0,49,pseudo_cycle_04_config_1,-1,0.4121488332748413,10303.720703125,10.436604499816895,2.744053363800049,2.6950390338897705,2.770374298095703,-0.07533518970012665,0.6230358481407166,2.147338390350342,1.057465672492981,1.0805496231114375e-06,1.0898717641830444,0.0,0.0,0.0,1.2757542133331299,1.8524115085601807,0.7564384937286377,0.0,0.0,0.7623564600944519,-0.07534800469875336,0.7451238632202148,1.503387689590454,1.523130178451538,1.5494589805603027
541,train,2,0.5,0.0,56,pseudo_cycle_04_config_8,-1,0.3951447308063507,9878.619140625,249.82289123535156,0.8874619007110596,0.8804985284805298,0.9007380604743958,-0.020239539444446564,0.5292143821716309,0.3715236783027649,0.1411195546388626,0.06454102694988251,0.16586308181285858,0.0,0.0,0.0,1.1789119243621826,2.021399974822998,0.4283289611339569,0.0,0.0,0.29319941997528076,-0.002585621317848563,0.29297199845314026,0.508715808391571,0.5431833863258362,0.597912609577179
542,train,2,0.5,0.0,48,pseudo_cycle_04_config_0,-1,0.40739330649375916,10184.83203125,10.197151184082031,2.2075936794281006,2.2237439155578613,2.262986660003662,-0.03924281522631645,0.5708809494972229,1.692105770111084,0.5079790949821472,0.48438599705696106,0.6997406482696533,0.0,0.0,0.0,1.1964095830917358,2.177046298980713,0.6339861154556274,0.0,0.0,1.3763368129730225,0.03620152547955513,1.391284465789795,2.1595890522003174,0.5066162943840027,0.46398550271987915
543,train,2,0.5,0.0,59,pseudo_cycle_04_config_11,-1,0.31526508927345276,7881.62646484375,159.0272674560547,0.5128850340843201,0.51190584897995,0.53313148021698,-0.021225610747933388,0.3414432108402252,0.19168829917907715,0.08146396279335022,6.769290195052236e-08,0.11022426187992096,0.0,0.0,0.0,1.1948925256729126,2.062894105911255,0.46479493379592896,0.0,0.0,0.5192717909812927,0.0009409856866113842,0.5194183588027954,0.5099508166313171,0.6837632656097412,0.6899853944778442
544,train,2,0.5,0.0,48,pseudo_cycle_04_config_0,-1,0.1705191731452942,4262.9794921875,1.7864773273468018,0.34366339445114136,0.3409636616706848,0.32981276512145996,0.011150883510708809,0.09436655789613724,0.23544621467590332,0.041267070919275284,0.09459562599658966,0.09958351403474808,0.0,0.0,0.0,1.1288437843322754,2.0242347717285156,0.9359968304634094,0.0,0.0,0.7406742572784424,-0.052390728145837784,0.7290329337120056,2.0553503036499023,0.7850927710533142,0.7735915184020996
545,train,2,0.5,0.0,51,pseudo_cycle_04_config_3,-1,0.18368220329284668,4592.05517578125,2.0729329586029053,0.39893296360969543,0.4002150893211365,0.39881426095962524,0.0014008231228217483,0.11463093012571335,0.2841833233833313,0.14389261603355408,1.34559527964484e-07,0.14029058814048767,0.0,0.0,0.0,1.1817612648010254,2.0169498920440674,0.8448902368545532,0.0,0.0,0.8824188709259033,-2.1226704120635986e-05,0.8824132680892944,1.5975184440612793,1.3261200189590454,1.5575281381607056
546,train,2,0.5,0.0,57,pseudo_cycle_04_config_9,-1,0.4564494788646698,11411.2373046875,333.35369873046875,1.4586241245269775,1.4400583505630493,1.3973685503005981,0.042689792811870575,0.814423680305481,0.5829448699951172,0.24745135009288788,1.9646050475330412e-07,0.3354933559894562,0.0,0.0,0.0,1.359649896621704,2.004995346069336,0.45646363496780396,0.0,0.0,0.40693140029907227,-0.08258242905139923,0.39684978127479553,0.4975578784942627,0.6490588784217834,0.6745865941047668
547,train,2,0.5,0.0,54,pseudo_cycle_04_config_6,-1,0.3104609251022339,7761.5234375,20.851947784423828,0.785962700843811,0.7566803097724915,0.7385215163230896,0.018158776685595512,0.35217151045799255,0.38635000586509705,0.1423831284046173,0.06893932819366455,0.17502754926681519,0.0,0.0,0.0,1.2708739042282104,2.123624086380005,0.46170079708099365,0.0,0.0,0.9751726984977722,0.03817806392908096,0.9863417148590088,0.47016292810440063,0.4930560290813446,0.5779579281806946
548,train,2,0.5,0.0,61,pseudo_cycle_05_config_1,-1,0.45361560583114624,11340.3896484375,12.642329216003418,3.2984421253204346,3.2789618968963623,3.226661443710327,0.05230037122964859,0.7999475598335266,2.4267139434814453,1.2191507816314697,1.221207867274643e-06,1.20756196975708,0.0,0.0,0.0,1.3522210121154785,1.8021258115768433,0.7338566780090332,0.0,0.0,0.7664875388145447,-0.10829537361860275,0.7415854334831238,1.4777940511703491,1.5128508806228638,1.4637465476989746
549,train,2,0.5,0.0,61,pseudo_cycle_05_config_1,-1,0.3958204388618469,9895.509765625,9.626036643981934,2.5063910484313965,2.483520984649658,2.5899901390075684,-0.10646908730268478,0.5639334321022034,2.0260567665100098,0.9931137561798096,1.0185299288423266e-06,1.0329420566558838,0.0,0.0,0.0,1.2519689798355103,1.8716106414794922,0.7638736963272095,0.0,0.0,0.7606170177459717,-0.06359267234802246,0.7461061477661133,1.5130919218063354,1.5236310958862305,1.5737735033035278
550,train,2,0.5,0.0,68,pseudo_cycle_05_config_8,-1,0.15802042186260223,3950.51025390625,39.95271301269531,0.25590622425079346,0.24375919997692108,0.23978662490844727,0.003972572274506092,0.08915107697248459,0.15063554048538208,0.07239308953285217,0.023156315088272095,0.05508614331483841,0.0,0.0,0.0,1.2418303489685059,2.0626742839813232,0.45776355266571045,0.0,0.0,0.5929749608039856,-0.023584440350532532,0.5887795090675354,0.795730710029602,0.5560287237167358,0.6054960489273071
551,train,2,0.5,0.0,64,pseudo_cycle_05_config_4,-1,0.16460327804088593,4115.08154296875,5.861512184143066,0.330028235912323,0.3233693242073059,0.32216110825538635,0.0012082220055162907,0.09474185854196548,0.22741925716400146,0.055520329624414444,0.08426173776388168,0.08763719350099564,0.0,0.0,0.0,1.216261863708496,1.9508392810821533,0.8188319802284241,0.0,0.0,1.0228053331375122,0.08831115812063217,1.0499027967453003,2.13816499710083,0.6181114912033081,0.5264045596122742
552,train,2,0.5,0.0,71,pseudo_cycle_05_config_11,-1,0.2805977463722229,7014.943359375,125.97611236572266,0.41256025433540344,0.41346561908721924,0.4278843104839325,-0.014418677426874638,0.2659509479999542,0.16193336248397827,0.07104147225618362,5.895998000937652e-08,0.09089183062314987,0.0,0.0,0.0,1.1748847961425781,2.072622299194336,0.46739494800567627,0.0,0.0,0.5375025868415833,0.008459760807454586,0.5388667583465576,0.5385807156562805,0.717254638671875,0.689070463180542
553,train,2,0.5,0.0,60,pseudo_cycle_05_config_0,-1,0.14444799721240997,3611.199951171875,1.281959056854248,0.2611348330974579,0.26592159271240234,0.26139116287231445,0.004530427511781454,0.06571369618177414,0.19567745923995972,0.029080243781208992,0.07746820151805878,0.0891290083527565,0.0,0.0,0.0,1.0954560041427612,2.043997287750244,0.9191632270812988,0.0,0.0,0.7519667148590088,-0.05753205716609955,0.7389881014823914,1.9719407558441162,0.8913919925689697,0.9426639676094055
554,train,2,0.5,0.0,64,pseudo_cycle_05_config_4,-1,0.10728130489587784,2682.032470703125,2.489893913269043,0.14740175008773804,0.1470751017332077,0.1420689821243286,0.005006125196814537,0.040308721363544464,0.10176026821136475,0.021212443709373474,0.041950713843107224,0.03859711065888405,0.0,0.0,0.0,1.218184471130371,1.9754295349121094,0.8714826703071594,0.0,0.0,0.9578185081481934,0.04005563259124756,0.9693282842636108,2.0570597648620605,0.7280795574188232,0.5837851166725159
555,train,2,0.5,0.0,63,pseudo_cycle_05_config_3,-1,0.22359700500965118,5589.9248046875,3.071729898452759,0.5631522536277771,0.5591918230056763,0.5693038105964661,-0.010111966170370579,0.16659413278102875,0.4027096629142761,0.2061077058315277,1.8615885721828818e-07,0.1966017782688141,0.0,0.0,0.0,1.1590172052383423,1.9997996091842651,0.8332223892211914,0.0,0.0,0.8413687348365784,-0.02019898034632206,0.836270272731781,1.64337956905365,1.3360652923583984,1.5675848722457886
556,train,2,0.5,0.0,63,pseudo_cycle_05_config_3,-1,0.3233344256877899,8083.3603515625,6.423252582550049,1.091583490371704,1.0889467000961304,1.1078388690948486,-0.0188922006636858,0.358375608921051,0.7494633197784424,0.38659754395484924,3.474487471066823e-07,0.3628654181957245,0.0,0.0,0.0,1.1923305988311768,1.959085464477539,0.8061299920082092,0.0,0.0,0.780769407749176,-0.04431825876235962,0.7703887224197388,1.6334304809570312,1.3658044338226318,1.5331586599349976
557,train,2,0.5,0.0,70,pseudo_cycle_05_config_10,-1,0.22986795008182526,5746.69873046875,84.54281616210938,0.28877320885658264,0.2907947599887848,0.2887047529220581,0.0020900052040815353,0.17746607959270477,0.11123865842819214,0.04448533058166504,0.01933889463543892,0.04741443693637848,0.0,0.0,0.0,1.1682093143463135,2.033968925476074,0.4201948642730713,0.0,0.0,0.5289203524589539,0.015070310793817043,0.5313116908073425,0.5193678140640259,0.5373275279998779,0.5535652041435242
558,train,2,0.5,0.0,68,pseudo_cycle_05_config_8,-1,0.16812452673912048,4203.11279296875,45.22535705566406,0.2938718795776367,0.28200000524520874,0.2768040895462036,0.005195912439376116,0.1021103486418724,0.1746937483549118,0.08543410152196884,0.026667071506381035,0.06259257346391678,0.0,0.0,0.0,1.2565209865570068,2.0414395332336426,0.45571842789649963,0.0,0.0,0.596040666103363,-0.015022547915577888,0.5933544635772705,0.8317582607269287,0.569697916507721,0.6093806624412537
559,train,2,0.5,0.0,68,pseudo_cycle_05_config_8,-1,0.09811296314001083,2452.823974609375,15.401841163635254,0.09097903221845627,0.09176556020975113,0.09123536199331284,0.0005301982164382935,0.045970626175403595,0.04526473581790924,0.01752745360136032,0.009372811764478683,0.018364468589425087,0.0,0.0,0.0,1.6610769033432007,1.5195403099060059,0.5019680261611938,0.0,0.0,0.8630772829055786,-0.08376383036375046,0.8413888812065125,0.4747180938720703,0.5057207942008972,0.4973880350589752
560,train,2,0.5,0.0,61,pseudo_cycle_05_config_1,-1,0.4346581697463989,10866.453125,11.60771656036377,3.024541139602661,3.003704309463501,3.018519401550293,-0.014815134927630424,0.7140068411827087,2.3045125007629395,1.1454640626907349,1.1603256098169368e-06,1.159047245979309,0.0,0.0,0.0,1.3145248889923096,1.8250439167022705,0.7448461055755615,0.0,0.0,0.7647141814231873,-0.09290426969528198,0.7434005737304688,1.489595651626587,1.5193626880645752,1.5072592496871948
561,train,2,0.5,0.0,63,pseudo_cycle_05_config_3,-1,0.2006305605173111,5015.763671875,2.4731204509735107,0.4695093333721161,0.4654407501220703,0.468388170003891,-0.0029474091716110706,0.1354532241821289,0.3329349458217621,0.16965791583061218,1.5526367747042968e-07,0.16327688097953796,0.0,0.0,0.0,1.1704620122909546,2.0090622901916504,0.8392569422721863,0.0,0.0,0.8644439578056335,-0.009485861286520958,0.8619839549064636,1.6225426197052002,1.3269611597061157,1.5615167617797852
562,train,2,0.5,0.0,70,pseudo_cycle_05_config_10,-1,0.18110410869121552,4527.6025390625,52.4779052734375,0.22439830005168915,0.22041253745555878,0.2188686579465866,0.0015438867267221212,0.11597626656293869,0.10289239138364792,0.045963138341903687,0.017699280753731728,0.039229974150657654,0.0,0.0,0.0,1.2299137115478516,2.034008502960205,0.4586957097053528,0.0,0.0,0.7052405476570129,-0.04495958611369133,0.6957283616065979,0.6601906418800354,0.554230809211731,0.563478946685791
563,train,2,0.5,0.0,70,pseudo_cycle_05_config_10,-1,0.3190838694572449,7977.09619140625,162.90316772460938,0.5023810267448425,0.5077796578407288,0.5096132755279541,-0.0018335928907617927,0.372647762298584,0.13696548342704773,0.04792407155036926,0.02469087578356266,0.06435053050518036,0.0,0.0,0.0,1.2730661630630493,2.0346360206604004,0.43862080574035645,0.0,0.0,0.32562291622161865,-0.005146398209035397,0.3251201808452606,0.4743753671646118,0.557205855846405,0.6369722485542297
564,train,2,0.5,0.0,66,pseudo_cycle_05_config_6,-1,0.3194580078125,7986.44970703125,22.078027725219727,0.8363054990768433,0.8011409044265747,0.7827686071395874,0.018372289836406708,0.3799402713775635,0.40282830595970154,0.14825451374053955,0.07027080655097961,0.18430298566818237,0.0,0.0,0.0,1.2949408292770386,2.070996046066284,0.45205575227737427,0.0,0.0,0.9810568690299988,0.043358951807022095,0.9938181042671204,0.4705468714237213,0.4933759272098541,0.5849615931510925
565,train,2,0.5,0.0,62,pseudo_cycle_05_config_2,-1,0.47818824648857117,11954.7060546875,14.049113273620605,1.943171739578247,1.9436376094818115,1.9679564237594604,-0.024318763986229897,0.8001929521560669,1.1677634716033936,0.3413415849208832,0.3415512144565582,0.48487064242362976,0.0,0.0,0.0,1.2171919345855713,2.2060000896453857,0.655236005783081,0.0,0.0,1.3122222423553467,0.12286698073148727,1.360590934753418,2.125812530517578,0.5063326358795166,0.47098132967948914
566,train,2,0.5,0.0,64,pseudo_cycle_05_config_4,-1,0.1373865157365799,3434.662841796875,4.083390712738037,0.23977991938591003,0.23601119220256805,0.2288239300251007,0.007187261711806059,0.0664319321513176,0.1623920053243637,0.035687752068042755,0.06426077336072922,0.062443483620882034,0.0,0.0,0.0,1.2241954803466797,1.9643665552139282,0.8454628586769104,0.0,0.0,0.9673616290092468,0.06251835078001022,0.9855050444602966,2.0873067378997803,0.6933628916740417,0.5696344971656799
567,train,2,0.5,0.0,67,pseudo_cycle_05_config_7,-1,0.4630974531173706,11577.435546875,46.39567565917969,1.3565783500671387,1.344096302986145,1.3875792026519775,-0.04348284751176834,0.7571030259132385,0.6304761171340942,0.269663006067276,2.6150897269872075e-07,0.36081284284591675,0.0,0.0,0.0,1.2279263734817505,2.01318621635437,0.4980272948741913,0.0,0.0,0.7616247534751892,0.012334667146205902,0.764443039894104,0.5446985960006714,0.7954805493354797,0.7288141846656799
568,train,2,0.5,0.0,66,pseudo_cycle_05_config_6,-1,0.3105699121952057,7764.24755859375,20.866588592529297,0.795454204082489,0.7573226094245911,0.7391265630722046,0.018196072429418564,0.35252925753593445,0.38659733533859253,0.142473503947258,0.06896491348743439,0.17515893280506134,0.0,0.0,0.0,1.2712721824645996,2.1230485439300537,0.4615834355354309,0.0,0.0,0.9753479361534119,0.03825588524341583,0.986541748046875,0.47016334533691406,0.4930518865585327,0.5780254006385803
569,train,2,0.5,0.0,62,pseudo_cycle_05_config_2,-1,0.4514997899532318,11287.494140625,12.524665832519531,1.7608739137649536,1.7562205791473389,1.7559784650802612,0.00024207688693422824,0.7163479328155518,1.0396305322647095,0.30048227310180664,0.3107945919036865,0.4283536970615387,0.0,0.0,0.0,1.2222809791564941,2.208902359008789,0.6741947531700134,0.0,0.0,1.2987537384033203,0.11471008509397507,1.3434476852416992,2.1231133937835693,0.508024275302887,0.4720618426799774
570,train,2,0.5,0.0,64,pseudo_cycle_05_config_4,-1,0.18531978130340576,4632.99462890625,7.42978572845459,0.39758527278900146,0.39252352714538574,0.4069356918334961,-0.014412172138690948,0.11770932376384735,0.28922638297080994,0.07720465958118439,0.09922166168689728,0.11280006915330887,0.0,0.0,0.0,1.1921459436416626,1.9679524898529053,0.7811736464500427,0.0,0.0,1.0941697359085083,0.092331662774086,1.1244776248931885,2.1710572242736816,0.5570942163467407,0.49474233388900757
571,train,2,0.5,0.0,65,pseudo_cycle_05_config_5,-1,0.127343088388443,3183.5771484375,3.508193016052246,0.2843046188354492,0.2815798819065094,0.28785303235054016,-0.006273159757256508,0.05410034582018852,0.23375268280506134,0.12919063866138458,1.1659930265750518e-07,0.10456192493438721,0.0,0.0,0.0,1.160409927368164,1.9505503177642822,0.8126221895217896,0.0,0.0,0.7800232768058777,0.01605035364627838,0.7837791442871094,1.737033724784851,1.4469239711761475,1.4058879613876343
572,train,2,0.5,0.0,65,pseudo_cycle_05_config_5,-1,0.16653630137443542,4163.40771484375,5.999989986419678,0.4865356683731079,0.4780174195766449,0.4769221544265747,0.0010952726006507874,0.0954621434211731,0.3814600110054016,0.2095116376876831,1.8515559929710435e-07,0.17194817960262299,0.0,0.0,0.0,1.1972242593765259,1.9837520122528076,0.7721743583679199,0.0,0.0,0.7698813080787659,0.0244505163282156,0.7755285501480103,1.6367558240890503,1.4049423933029175,1.3433009386062622
573,train,2,0.5,0.0,71,pseudo_cycle_05_config_11,-1,0.21412432193756104,5353.10791015625,73.3587417602539,0.28696614503860474,0.27922171354293823,0.2773820161819458,0.0018396956147626042,0.15366894006729126,0.12371306866407394,0.06229301169514656,4.5271395521240265e-08,0.0614200122654438,0.0,0.0,0.0,1.1657789945602417,2.0591981410980225,0.49291592836380005,0.0,0.0,0.5977965593338013,0.0220403503626585,0.6017492413520813,0.7309747338294983,0.8083051443099976,0.7207305431365967
574,train,2,0.5,0.0,69,pseudo_cycle_05_config_9,-1,0.40333181619644165,10083.294921875,260.28240966796875,1.155443549156189,1.1594233512878418,1.111271858215332,0.048151444643735886,0.6196834444999695,0.49158844351768494,0.21346819400787354,1.7162881249532802e-07,0.2781200706958771,0.0,0.0,0.0,1.3249731063842773,1.9969251155853271,0.45784252882003784,0.0,0.0,0.432151734828949,-0.07428745180368423,0.4225206971168518,0.5184145569801331,0.6827777624130249,0.6754237413406372
575,train,2,0.5,0.0,60,pseudo_cycle_05_config_0,-1,0.16022680699825287,4005.669921875,1.5773259401321411,0.3070971667766571,0.3105952739715576,0.302871435880661,0.007723839953541756,0.08202748745679855,0.22084394097328186,0.036060966551303864,0.08827445656061172,0.09650851786136627,0.0,0.0,0.0,1.1113507747650146,2.033029556274414,0.9289448261260986,0.0,0.0,0.7421702146530151,-0.05443700775504112,0.7300497889518738,2.0225884914398193,0.8312992453575134,0.8442631363868713
576,train,2,0.5,0.0,63,pseudo_cycle_05_config_3,-1,0.24327445030212402,6081.86083984375,3.63616943359375,0.6493091583251953,0.6456512212753296,0.6622103452682495,-0.01655910350382328,0.19642023742198944,0.4657900929450989,0.2387896478176117,2.149836575426889e-07,0.22700022161006927,0.0,0.0,0.0,1.1543976068496704,1.9922351837158203,0.8286955952644348,0.0,0.0,0.8235546350479126,-0.026714427396655083,0.8169543743133545,1.652695655822754,1.3466323614120483,1.5710992813110352
577,train,2,0.5,0.0,65,pseudo_cycle_05_config_5,-1,0.16809646785259247,4202.41162109375,6.112936973571777,0.4954093396663666,0.48664313554763794,0.4850955009460449,0.0015476203989237547,0.09738366305828094,0.3877118229866028,0.21287138760089874,1.881587081697944e-07,0.17484024167060852,0.0,0.0,0.0,1.1987568140029907,1.9841006994247437,0.7708747386932373,0.0,0.0,0.7694190144538879,0.024286767467856407,0.7750250697135925,1.633049726486206,1.4043776988983154,1.3412925004959106
578,train,2,0.5,0.0,65,pseudo_cycle_05_config_5,-1,0.1388610601425171,3471.526123046875,4.171513557434082,0.3393799066543579,0.3350081443786621,0.33991897106170654,-0.004910835064947605,0.06485651433467865,0.2750624418258667,0.15180179476737976,1.3526936015750834e-07,0.1232605129480362,0.0,0.0,0.0,1.1699163913726807,1.9664303064346313,0.7986803650856018,0.0,0.0,0.7773119211196899,0.02210337482392788,0.7824662923812866,1.7054953575134277,1.427122712135315,1.384833574295044
579,train,2,0.5,0.0,61,pseudo_cycle_05_config_1,-1,0.10445544868707657,2611.38623046875,0.6703680157661438,0.1987932175397873,0.20094482600688934,0.2047956883907318,-0.0038508670404553413,0.03853753209114075,0.16625815629959106,0.0811728909611702,8.930504691306851e-08,0.08508516848087311,0.0,0.0,0.0,1.2285245656967163,1.8871585130691528,0.8546385169029236,0.0,0.0,0.8726744651794434,-0.026423627510666847,0.8657567501068115,1.5178306102752686,1.4654368162155151,1.5909850597381592
580,train,2,0.5,0.0,67,pseudo_cycle_05_config_7,-1,0.3810546398162842,9526.3662109375,31.412841796875,1.0150898694992065,0.997860848903656,0.9827228784561157,0.015137999318540096,0.4914393424987793,0.4912835359573364,0.2172715663909912,2.2059795412587846e-07,0.2740117311477661,0.0,0.0,0.0,1.1772197484970093,2.0084009170532227,0.5243353247642517,0.0,0.0,0.7621752023696899,0.023534221574664116,0.767556369304657,0.6471075415611267,0.9397822022438049,0.816098690032959
581,train,2,0.5,0.0,67,pseudo_cycle_05_config_7,-1,0.10692436248064041,2673.10888671875,2.4733526706695557,0.14769840240478516,0.14943493902683258,0.146489679813385,0.002945252461358905,0.039503272622823715,0.106986403465271,0.05736716464161873,5.378030465408301e-08,0.04961919039487839,0.0,0.0,0.0,1.201826810836792,1.9885228872299194,0.8954778909683228,0.0,0.0,1.0853853225708008,-0.05506041273474693,1.067456841468811,1.575933575630188,1.2373831272125244,1.3630889654159546
582,train,2,0.5,0.0,69,pseudo_cycle_05_config_9,-1,0.44908615946769714,11227.1533203125,322.6853332519531,1.3950395584106445,1.399937629699707,1.356496810913086,0.04344082623720169,0.7867271900177002,0.569769561290741,0.2424004077911377,1.928353299263108e-07,0.32736894488334656,0.0,0.0,0.0,1.3568347692489624,2.004535675048828,0.4566623568534851,0.0,0.0,0.41023126244544983,-0.08239024877548218,0.4000915288925171,0.49955081939697266,0.6526780128479004,0.6746581196784973
583,train,2,0.5,0.0,71,pseudo_cycle_05_config_11,-1,0.25172317028045654,6293.0791015625,101.38325500488281,0.3482585847377777,0.3455129563808441,0.3532719016075134,-0.00775894895195961,0.2121090590953827,0.14116285741329193,0.06452599167823792,5.236247346829259e-08,0.07663681358098984,0.0,0.0,0.0,1.1643269062042236,2.075930118560791,0.4732396602630615,0.0,0.0,0.5556415915489197,0.01521706860512495,0.558178186416626,0.5858837366104126,0.7534892559051514,0.6958476901054382
584,train,2,0.5,0.0,66,pseudo_cycle_05_config_6,-1,0.2804560661315918,7011.4013671875,17.016193389892578,0.570969820022583,0.5472400188446045,0.5554684400558472,-0.00822839792817831,0.25801289081573486,0.2974555492401123,0.10821762681007385,0.05666964873671532,0.13256826996803284,0.0,0.0,0.0,1.1409690380096436,2.1992111206054688,0.4966930150985718,0.0,0.0,0.8735207319259644,0.012627019546926022,0.8768297433853149,0.475658118724823,0.5014866590499878,0.5826884508132935
585,train,2,0.5,0.0,60,pseudo_cycle_05_config_0,-1,0.376433402299881,9410.8349609375,8.70617389678955,1.9287095069885254,1.9262267351150513,1.9111156463623047,0.01511110458523035,0.4920700192451477,1.4190455675125122,0.42143890261650085,0.41718724370002747,0.5804194211959839,0.0,0.0,0.0,1.2078492641448975,2.1390793323516846,0.6583881378173828,0.0,0.0,1.3645678758621216,0.02700578048825264,1.3756232261657715,2.16007399559021,0.5065532326698303,0.46399998664855957
586,train,2,0.5,0.0,63,pseudo_cycle_05_config_3,-1,0.21241159737110138,5310.28955078125,2.7720913887023926,0.5167365074157715,0.5126837491989136,0.5191767811775208,-0.006493053864687681,0.15097525715827942,0.36820152401924133,0.18813280761241913,1.7072133573492465e-07,0.18006855249404907,0.0,0.0,0.0,1.163888692855835,2.0041985511779785,0.8360042572021484,0.0,0.0,0.8523638844490051,-0.015380347147583961,0.8484309911727905,1.6347808837890625,1.3308699131011963,1.5647064447402954
587,train,2,0.5,0.0,62,pseudo_cycle_05_config_2,-1,0.10977376252412796,2744.343994140625,0.7403689026832581,0.11812455952167511,0.125849187374115,0.12620389461517334,-0.0003547009837348014,0.03733202442526817,0.08887186646461487,0.009613101370632648,0.03775480389595032,0.041503965854644775,0.0,0.0,0.0,1.0775727033615112,1.9889585971832275,0.8758859634399414,0.0,0.0,0.9253745675086975,0.03031446784734726,0.9337902665138245,1.8359380960464478,1.2839887142181396,1.2363064289093018
588,train,2,0.5,0.0,65,pseudo_cycle_05_config_5,-1,0.10747362673282623,2686.840576171875,2.498828887939453,0.20000693202018738,0.20044521987438202,0.2071225494146347,-0.006677323020994663,0.038494814187288284,0.16862773895263672,0.09359531104564667,8.833568898580779e-08,0.07503233104944229,0.0,0.0,0.0,1.1592059135437012,1.9084526300430298,0.8437740206718445,0.0,0.0,0.7884927988052368,-0.008387808687984943,0.7865086793899536,1.7994681596755981,1.5095982551574707,1.442575216293335
589,train,2,0.5,0.0,66,pseudo_cycle_05_config_6,-1,0.12712453305721283,3178.11328125,3.496161460876465,0.13942167162895203,0.13339850306510925,0.13600024580955505,-0.0026017443742603064,0.05378689989447594,0.08221334218978882,0.03370554745197296,0.016404889523983,0.032102905213832855,0.0,0.0,0.0,1.1576570272445679,1.9616907835006714,0.6012845039367676,0.0,0.0,0.8311202526092529,-0.002737560076639056,0.8304376602172852,0.8535202145576477,0.6908849477767944,0.8129366636276245
590,train,2,0.5,0.0,69,pseudo_cycle_05_config_9,-1,0.46058642864227295,11514.66015625,339.42364501953125,1.4571797847747803,1.4626855850219727,1.4204235076904297,0.04226206988096237,0.8300246596336365,0.5903987884521484,0.25032785534858704,1.9851360377742822e-07,0.3400707244873047,0.0,0.0,0.0,1.3609145879745483,2.0051586627960205,0.45634594559669495,0.0,0.0,0.4051003158092499,-0.08255369961261749,0.39506757259368896,0.49653002619743347,0.6471332311630249,0.6745366454124451
591,train,2,0.5,0.0,66,pseudo_cycle_05_config_6,-1,0.2842250466346741,7105.6259765625,17.47661781311035,0.599757969379425,0.5736162066459656,0.5777748823165894,-0.004158691503107548,0.2683965861797333,0.30937832593917847,0.1129051148891449,0.058492422103881836,0.13798078894615173,0.0,0.0,0.0,1.15561842918396,2.1993625164031982,0.49170172214508057,0.0,0.0,0.8894904851913452,0.015741016715765,0.8936910033226013,0.47403836250305176,0.49945661425590515,0.5793200135231018
592,train,2,0.5,0.0,70,pseudo_cycle_05_config_10,-1,0.12793029844760895,3198.25732421875,26.185850143432617,0.13163617253303528,0.12679031491279602,0.12550589442253113,0.0012844245648011565,0.05820978805422783,0.067296102643013,0.03065144456923008,0.012006964534521103,0.02463769167661667,0.0,0.0,0.0,1.2371184825897217,2.055172920227051,0.4989069998264313,0.0,0.0,0.8450512886047363,-0.04280024766921997,0.8342007398605347,0.7282726168632507,0.5718164443969727,0.5853868722915649
593,train,2,0.5,0.0,68,pseudo_cycle_05_config_8,-1,0.3650781214237213,9126.953125,213.25119018554688,0.7867027521133423,0.7994810938835144,0.8010334968566895,-0.0015523876063525677,0.46793586015701294,0.3330976366996765,0.12484987080097198,0.05736243352293968,0.15088531374931335,0.0,0.0,0.0,1.2211720943450928,2.0160059928894043,0.4236609935760498,0.0,0.0,0.3069135844707489,-0.017916416749358177,0.3052639663219452,0.5073736906051636,0.55023592710495,0.6131782531738281
594,train,2,0.5,0.0,71,pseudo_cycle_05_config_11,-1,0.241571307182312,6039.28271484375,93.37068176269531,0.3291543424129486,0.32502424716949463,0.3302551507949829,-0.0052308980375528336,0.19508278369903564,0.13517236709594727,0.06303942948579788,5.0253081695927904e-08,0.0721328929066658,0.0,0.0,0.0,1.162760853767395,2.0743038654327393,0.47681793570518494,0.0,0.0,0.5640569925308228,0.01752588152885437,0.5670226216316223,0.6122906804084778,0.7677444815635681,0.7006137371063232
595,train,2,0.5,0.0,62,pseudo_cycle_05_config_2,-1,0.15479762852191925,3869.9404296875,1.4722436666488647,0.17418062686920166,0.1748761683702469,0.17362461984157562,0.0012515460839495063,0.07615849375724792,0.0974661260843277,0.018325230106711388,0.04127143695950508,0.03786946088075638,0.0,0.0,0.0,1.105482578277588,1.9661674499511719,0.9340206980705261,0.0,0.0,0.7974234819412231,-0.005294340662658215,0.7961569428443909,2.088182210922241,0.7853333950042725,0.6730542778968811
596,train,2,0.5,0.0,69,pseudo_cycle_05_config_9,-1,0.4213745594024658,10534.3642578125,284.09033203125,1.2474980354309082,1.2518632411956787,1.205622673034668,0.046240516006946564,0.6841193437576294,0.5215032696723938,0.22429995238780975,1.7965017207188794e-07,0.2972031533718109,0.0,0.0,0.0,1.3401621580123901,2.0008749961853027,0.45734378695487976,0.0,0.0,0.4231700599193573,-0.0788603276014328,0.413158655166626,0.5093713402748108,0.6690390110015869,0.6749299764633179
597,train,2,0.5,0.0,67,pseudo_cycle_05_config_7,-1,0.4039153754711151,10097.8837890625,35.29502487182617,1.0962259769439697,1.0823436975479126,1.0818774700164795,0.00046627159463241696,0.5571816563606262,0.524695873260498,0.22903767228126526,2.3203779164759908e-07,0.2956579625606537,0.0,0.0,0.0,1.18789541721344,1.99990975856781,0.514153003692627,0.0,0.0,0.7712228894233704,0.018216807395219803,0.7754376530647278,0.6035004258155823,0.8918631672859192,0.7790408134460449
598,train,2,0.5,0.0,68,pseudo_cycle_05_config_8,-1,0.18736858665943146,4684.21484375,56.17116165161133,0.35118183493614197,0.3401767909526825,0.3319461941719055,0.008230587467551231,0.12862005829811096,0.20332613587379456,0.09877777844667435,0.03130574896931648,0.07324260473251343,0.0,0.0,0.0,1.274316430091858,1.998823881149292,0.4457781910896301,0.0,0.0,0.5730956792831421,-0.0025209879968315363,0.5726622343063354,0.8193535804748535,0.582528829574585,0.6075414419174194
599,train,2,0.5,0.0,70,pseudo_cycle_05_config_10,-1,0.20287910103797913,5071.9775390625,65.8558578491211,0.25098854303359985,0.250142902135849,0.2486189305782318,0.0015239742351695895,0.14186173677444458,0.10675719380378723,0.045297179371118546,0.018428277224302292,0.043031737208366394,0.0,0.0,0.0,1.1988167762756348,2.0252835750579834,0.4353603720664978,0.0,0.0,0.6266449093818665,-0.016181010752916336,0.6236029863357544,0.580913245677948,0.5428451299667358,0.5518600344657898
600,train,2,0.5,0.0,67,pseudo_cycle_05_config_7,-1,0.3757854998111725,9394.63671875,30.55010986328125,0.9983764290809631,0.9802473187446594,0.9620477557182312,0.018199551850557327,0.4773319959640503,0.4847157597541809,0.215192973613739,2.180916851557413e-07,0.2695225477218628,0.0,0.0,0.0,1.1757166385650635,2.0116066932678223,0.5273317098617554,0.0,0.0,0.7593647241592407,0.02497456781566143,0.7650542259216309,0.6601179242134094,0.9515023827552795,0.8267772197723389
601,train,2,0.5,0.0,63,pseudo_cycle_05_config_3,-1,0.33228546380996704,8307.1357421875,6.783811092376709,1.15317964553833,1.1503965854644775,1.164298415184021,-0.01390184834599495,0.38137611746788025,0.7829222679138184,0.4044707119464874,3.6284919247009384e-07,0.3784511685371399,0.0,0.0,0.0,1.201414704322815,1.9548836946487427,0.8024722337722778,0.0,0.0,0.7792758345603943,-0.04743533581495285,0.7681862711906433,1.626244068145752,1.363502860069275,1.5216277837753296
602,train,2,0.5,0.0,64,pseudo_cycle_05_config_4,-1,0.0936700701713562,2341.751708984375,1.8981670141220093,0.1105760782957077,0.11142340302467346,0.10893136262893677,0.0024920403957366943,0.03064263053238392,0.078288733959198,0.016486521810293198,0.03258981183171272,0.02921239845454693,0.0,0.0,0.0,1.2147488594055176,1.9639338254928589,0.8907194137573242,0.0,0.0,0.9818933606147766,0.03182973340153694,0.9912693500518799,2.0627450942993164,0.7140021324157715,0.5700667500495911
603,train,2,0.5,0.0,68,pseudo_cycle_05_config_8,-1,0.14322806894779205,3580.70166015625,32.82283401489258,0.19127723574638367,0.18094345927238464,0.1779477596282959,0.0029956975486129522,0.07235566526651382,0.10559209436178207,0.0474068708717823,0.016896476969122887,0.041288748383522034,0.0,0.0,0.0,1.2268129587173462,2.06082820892334,0.4529542922973633,0.0,0.0,0.5632140636444092,-0.03436239808797836,0.5574080348014832,0.6705770492553711,0.5276539325714111,0.5840352773666382
604,train,2,0.5,0.0,61,pseudo_cycle_05_config_1,-1,0.40006086230278015,10001.5205078125,9.833389282226562,2.560168743133545,2.5374605655670166,2.636824369430542,-0.09936369955539703,0.5787632465362549,2.058061122894287,1.0098612308502197,1.0349164085710072e-06,1.048198938369751,0.0,0.0,0.0,1.257798194885254,1.8667049407958984,0.7620189189910889,0.0,0.0,0.7610654234886169,-0.06655274331569672,0.7458701133728027,1.5106000900268555,1.523661732673645,1.5679473876953125
605,train,2,0.5,0.0,60,pseudo_cycle_05_config_0,-1,0.12821443378925323,3205.36083984375,1.0100082159042358,0.21702906489372253,0.222745880484581,0.21970553696155548,0.0030403498094528913,0.051478151232004166,0.1682273894548416,0.022895168513059616,0.06595700234174728,0.07937522232532501,0.0,0.0,0.0,1.0892090797424316,2.048840045928955,0.9113810062408447,0.0,0.0,0.7716175317764282,-0.05931537598371506,0.7578868865966797,1.916877269744873,0.9450470805168152,1.0365194082260132
606,train,2,0.5,0.0,70,pseudo_cycle_05_config_10,-1,0.19979821145534515,4994.955078125,63.87089920043945,0.2473011612892151,0.24599173665046692,0.2444673329591751,0.0015243984526023269,0.1381375938653946,0.10632973909378052,0.045451369136571884,0.018342692404985428,0.042535681277513504,0.0,0.0,0.0,1.2036240100860596,2.025712490081787,0.43818116188049316,0.0,0.0,0.6381863355636597,-0.020610114559531212,0.6342403888702393,0.5908005237579346,0.5441307425498962,0.5529008507728577
607,train,2,0.5,0.0,61,pseudo_cycle_05_config_1,-1,0.4170481264591217,10426.203125,10.686203002929688,2.7824220657348633,2.7605292797088623,2.824472427368164,-0.0639430359005928,0.6418611407279968,2.1826112270355225,1.0766923427581787,1.0985328344759182e-06,1.1059178113937378,0.0,0.0,0.0,1.2836034297943115,1.8465126752853394,0.754050076007843,0.0,0.0,0.7628799080848694,-0.07905268669128418,0.7447876334190369,1.5004216432571411,1.5226351022720337,1.5411485433578491
608,train,2,0.5,0.0,61,pseudo_cycle_05_config_1,-1,0.08578342944383621,2144.585693359375,0.45212435722351074,0.154218852519989,0.15420539677143097,0.14788387715816498,0.006321516819298267,0.02677519991993904,0.12110868096351624,0.05680867284536362,7.118514133708231e-08,0.06429994106292725,0.0,0.0,0.0,1.2655755281448364,1.8566617965698242,0.8693369626998901,0.0,0.0,0.995034396648407,-0.01768339052796364,0.9897557497024536,1.4003150463104248,1.5138177871704102,1.5849721431732178
609,train,2,0.5,0.0,66,pseudo_cycle_05_config_6,-1,0.1494940221309662,3737.350341796875,4.834820747375488,0.18928779661655426,0.18147963285446167,0.1906987428665161,-0.009219108149409294,0.07442736625671387,0.11627138406038284,0.048970647156238556,0.022848282009363174,0.044452451169490814,0.0,0.0,0.0,1.158369541168213,1.9769600629806519,0.6180453896522522,0.0,0.0,0.8119463920593262,-0.029894836246967316,0.8046644926071167,0.9182991981506348,0.6932367086410522,0.8335736989974976
610,train,2,0.5,0.0,66,pseudo_cycle_05_config_6,-1,0.08692160248756409,2173.0400390625,1.634512186050415,0.04535222426056862,0.04578300192952156,0.045254118740558624,0.000528884120285511,0.032645195722579956,0.012608923017978668,0.0045081572607159615,0.0029964642599225044,0.005104301497340202,0.0,0.0,0.0,1.5028856992721558,2.0780792236328125,0.572324275970459,0.0,0.0,0.44052854180336,-0.24757534265518188,0.407809317111969,0.4693891704082489,0.5451310873031616,0.531459629535675
611,train,2,0.5,0.0,60,pseudo_cycle_05_config_0,-1,0.3979545831680298,9948.8642578125,9.730118751525879,2.143771171569824,2.131894588470459,2.1539466381073,-0.022052038460969925,0.5460662245750427,1.6078804731369019,0.4812769293785095,0.46368056535720825,0.6629229784011841,0.0,0.0,0.0,1.199334740638733,2.167332887649536,0.6406797170639038,0.0,0.0,1.3736884593963623,0.03365980461239815,1.3875598907470703,2.1596696376800537,0.5065382122993469,0.46397802233695984
612,train,2,0.5,0.0,65,pseudo_cycle_05_config_5,-1,0.08378006517887115,2094.501708984375,1.5184977054595947,0.13861976563930511,0.14074932038784027,0.14325836300849915,-0.0025090405251830816,0.02529095485806465,0.1179674044251442,0.06808996945619583,7.124175738226768e-08,0.049877360463142395,0.0,0.0,0.0,1.2532737255096436,1.9316409826278687,0.903942346572876,0.0,0.0,0.876646101474762,-0.02682962268590927,0.8695900440216064,1.9250388145446777,1.6711349487304688,1.4101320505142212
613,train,2,0.5,0.0,62,pseudo_cycle_05_config_2,-1,0.43395349383354187,10848.8369140625,11.570109367370605,1.6383273601531982,1.6336873769760132,1.619785189628601,0.013902198523283005,0.6635599136352539,0.9562252759933472,0.2740553319454193,0.29035964608192444,0.3918102979660034,0.0,0.0,0.0,1.2256202697753906,2.2075283527374268,0.6877238750457764,0.0,0.0,1.286651372909546,0.10860158503055573,1.328571081161499,2.1209356784820557,0.5096282958984375,0.47294119000434875
614,train,2,0.5,0.0,62,pseudo_cycle_05_config_2,-1,0.49193331599235535,12298.3330078125,14.868377685546875,2.0336596965789795,2.040093421936035,2.07871675491333,-0.03862329572439194,0.8450122475624084,1.2337045669555664,0.3624672591686249,0.3571118712425232,0.5141254663467407,0.0,0.0,0.0,1.2145423889160156,2.2022647857666016,0.6461866497993469,0.0,0.0,1.3168679475784302,0.1264151632785797,1.3668094873428345,2.126892566680908,0.5057840943336487,0.4705306589603424
615,train,2,0.5,0.0,69,pseudo_cycle_05_config_9,-1,0.061744119971990585,1543.60302734375,6.099736213684082,0.14604327082633972,0.15188829600811005,0.14357024431228638,0.00831805169582367,0.012937325984239578,0.1306329220533371,0.07660723477602005,4.422426513883693e-08,0.05402563884854317,0.0,0.0,0.0,1.180362582206726,2.121347427368164,0.7381055355072021,0.0,0.0,1.4786274433135986,0.05665333569049835,1.503758192062378,2.0997495651245117,1.231689453125,1.4808040857315063
616,train,2,0.5,0.0,71,pseudo_cycle_05_config_11,-1,0.22463014721870422,5615.75341796875,80.73390197753906,0.3014947474002838,0.29506394267082214,0.29594534635543823,-0.0008813941385596991,0.16875872015953064,0.1271866261959076,0.06192274019122124,4.704077483097535e-08,0.06526384502649307,0.0,0.0,0.0,1.1633014678955078,2.0668978691101074,0.48545366525650024,0.0,0.0,0.5824838280677795,0.02080357074737549,0.5861191749572754,0.6753329634666443,0.7926030158996582,0.7117711305618286
617,train,2,0.5,0.0,64,pseudo_cycle_05_config_4,-1,0.12060435116291046,3015.108642578125,3.146724224090576,0.18666332960128784,0.1849418431520462,0.17835633456707,0.006585510913282633,0.05109067261219025,0.12726566195487976,0.02686999924480915,0.05166279524564743,0.04873286932706833,0.0,0.0,0.0,1.2217371463775635,1.9742779731750488,0.8586159944534302,0.0,0.0,0.9545726776123047,0.048330582678318024,0.968413233757019,2.0649492740631104,0.7212116718292236,0.5841249823570251
618,train,2,0.5,0.0,67,pseudo_cycle_05_config_7,-1,0.4187643527984619,10469.1083984375,37.93779754638672,1.1559622287750244,1.1434036493301392,1.1534141302108765,-0.010010512545704842,0.6037709712982178,0.5496431589126587,0.2383911907672882,2.3973774432306527e-07,0.31125175952911377,0.0,0.0,0.0,1.1975535154342651,1.999085783958435,0.5092803239822388,0.0,0.0,0.7735305428504944,0.01566184312105179,0.7771649956703186,0.5833308100700378,0.8639038801193237,0.7616167068481445
619,train,2,0.5,0.0,64,pseudo_cycle_05_config_4,-1,0.05689080059528351,1422.27001953125,0.7001914381980896,0.0967874675989151,0.08962623029947281,0.08944274485111237,0.00018348505545873195,0.009657829999923706,0.07978491485118866,0.009420843794941902,0.025657903403043747,0.04470616579055786,0.0,0.0,0.0,1.037904977798462,2.049976348876953,0.9104123115539551,0.0,0.0,1.4191104173660278,-0.09010833501815796,1.3807482719421387,2.197753667831421,1.0254496335983276,1.6266670227050781
620,train,2,0.5,0.0,69,pseudo_cycle_05_config_9,-1,0.4321866035461426,10804.6650390625,298.8563232421875,1.304442286491394,1.3089441061019897,1.2638020515441895,0.045141998678445816,0.7237488031387329,0.5400533080101013,0.23117612302303314,1.8469306439783395e-07,0.30887702107429504,0.0,0.0,0.0,1.3477438688278198,2.002662181854248,0.4570821523666382,0.0,0.0,0.41801613569259644,-0.08075995743274689,0.4078884422779083,0.5050449967384338,0.662071168422699,0.6747962236404419
621,train,2,0.5,0.0,65,pseudo_cycle_05_config_5,-1,0.06971754133701324,1742.9385986328125,1.0515183210372925,0.15827485918998718,0.13134026527404785,0.128957599401474,0.002382670994848013,0.01796847954392433,0.11098912358283997,0.07154196500778198,7.560169734688316e-08,0.039447080343961716,0.0,0.0,0.0,1.2858470678329468,2.218959331512451,0.9379855394363403,0.0,0.0,1.0463263988494873,0.055710870772600174,1.0638139247894287,2.0784544944763184,1.7562094926834106,1.1460260152816772
622,train,2,0.5,0.0,63,pseudo_cycle_05_config_3,-1,0.3563843369483948,8909.6083984375,7.80348014831543,1.333258032798767,1.3295880556106567,1.321808099746704,0.007779921405017376,0.4488188922405243,0.8729892373085022,0.45343974232673645,4.036534448914608e-07,0.4195490777492523,0.0,0.0,0.0,1.2291250228881836,1.9430898427963257,0.7909642457962036,0.0,0.0,0.7781767845153809,-0.05797383189201355,0.764642596244812,1.6019161939620972,1.3521761894226074,1.4821867942810059
623,train,2,0.5,0.0,70,pseudo_cycle_05_config_10,-1,0.14610415697097778,3652.603759765625,34.154266357421875,0.1678703874349594,0.16204626858234406,0.16084562242031097,0.0012006474426016212,0.07640276849269867,0.0844428539276123,0.03927592188119888,0.014719786122441292,0.03044714592397213,0.0,0.0,0.0,1.2449333667755127,2.053656816482544,0.4954826831817627,0.0,0.0,0.8016948103904724,-0.05800333991646767,0.7877445220947266,0.7582226395606995,0.5735131502151489,0.5877828598022461
624,train,2,0.5,0.0,68,pseudo_cycle_05_config_8,-1,0.08980236202478409,2245.058837890625,12.903139114379883,0.08365760743618011,0.08354083448648453,0.0842980369925499,-0.0007572028553113341,0.037712212651968,0.046585824340581894,0.018335482105612755,0.009813562035560608,0.01843678019940853,0.0,0.0,0.0,1.6265543699264526,1.5403951406478882,0.5202392339706421,0.0,0.0,1.0083743333816528,-0.09295599907636642,0.9802539944648743,0.5019087791442871,0.5163640975952148,0.5046815872192383
625,train,2,0.5,0.0,71,pseudo_cycle_05_config_11,-1,0.29807451367378235,7451.86279296875,142.15740966796875,0.4581979513168335,0.46098700165748596,0.47899582982063293,-0.018008828163146973,0.30253493785858154,0.1764608919620514,0.07606197893619537,6.328171764380386e-08,0.10039884597063065,0.0,0.0,0.0,1.1843715906143188,2.067859172821045,0.4657427966594696,0.0,0.0,0.5282807350158691,0.004537253174930811,0.5289998054504395,0.5217353105545044,0.6989981532096863,0.68867027759552
626,train,2,0.5,0.0,60,pseudo_cycle_05_config_0,-1,0.1122722178697586,2806.80517578125,0.7744540572166443,0.179764524102211,0.18625083565711975,0.1833546757698059,0.0028961533680558205,0.03955719619989395,0.14379748702049255,0.017695697024464607,0.05581718683242798,0.07028460502624512,0.0,0.0,0.0,1.0915484428405762,2.0432376861572266,0.9061132669448853,0.0,0.0,0.8091980814933777,-0.05792589485645294,0.7951359748840332,1.8467130661010742,1.0026730298995972,1.1440210342407227
627,train,2,0.5,0.0,67,pseudo_cycle_05_config_7,-1,0.43279701471328735,10819.92578125,40.52296447753906,1.216655969619751,1.20462965965271,1.2250092029571533,-0.02037956379354,0.6503452062606812,0.5746640563011169,0.24796175956726074,2.469751052558422e-07,0.3267020285129547,0.0,0.0,0.0,1.2076401710510254,2.0012662410736084,0.5054008960723877,0.0,0.0,0.7727937698364258,0.013897052966058254,0.7760156393051147,0.5682632923126221,0.8399304747581482,0.7487152814865112
628,train,2,0.5,0.0,77,pseudo_cycle_06_config_5,-1,0.0857030600309372,2142.576416015625,1.589005470275879,0.14118200540542603,0.1428859531879425,0.14596737921237946,-0.003081419039517641,0.026185499504208565,0.11978188157081604,0.06864163279533386,7.12090084675765e-08,0.05114017054438591,0.0,0.0,0.0,1.2400248050689697,1.9149779081344604,0.8980132341384888,0.0,0.0,0.8598811626434326,-0.0316513329744339,0.8517162799835205,1.909919261932373,1.6547822952270508,1.4229497909545898
629,train,2,0.5,0.0,72,pseudo_cycle_06_config_0,-1,0.15154236555099487,3788.558837890625,1.4109746217727661,0.29922494292259216,0.2857675850391388,0.28005918860435486,0.005708388518542051,0.07270565629005432,0.20735353231430054,0.03208775818347931,0.0824512392282486,0.09281452745199203,0.0,0.0,0.0,1.1011898517608643,2.0396063327789307,0.9233310222625732,0.0,0.0,0.7465526461601257,-0.05623232573270798,0.7339584827423096,1.9947576522827148,0.8658299446105957,0.8999301195144653
630,train,2,0.5,0.0,77,pseudo_cycle_06_config_5,-1,0.1097695529460907,2744.23876953125,2.6067328453063965,0.20678091049194336,0.20889979600906372,0.2156810462474823,-0.0067812493070960045,0.04009417071938515,0.17558687925338745,0.09737347066402435,9.125083266781076e-08,0.07821331173181534,0.0,0.0,0.0,1.1573896408081055,1.913920521736145,0.8395380973815918,0.0,0.0,0.786721408367157,-0.004484943579882383,0.7856628894805908,1.7914122343063354,1.4997282028198242,1.4389162063598633
631,train,2,0.5,0.0,83,pseudo_cycle_06_config_11,-1,0.2521376609802246,6303.44140625,101.7174072265625,0.3435479700565338,0.34638842940330505,0.3542488217353821,-0.007860378362238407,0.2128247767686844,0.1414240300655365,0.06459739804267883,5.2451166965283846e-08,0.07682657986879349,0.0,0.0,0.0,1.1644179821014404,2.0759568214416504,0.47311437129974365,0.0,0.0,0.5553286075592041,0.015120427124202251,0.5578476786613464,0.5849441885948181,0.752921462059021,0.6956821084022522
632,train,2,0.5,0.0,82,pseudo_cycle_06_config_10,-1,0.13814663887023926,3453.665771484375,30.535181045532227,0.14992855489253998,0.14673885703086853,0.14556001126766205,0.0011788419215008616,0.068152517080307,0.07740749418735504,0.03583848848938942,0.013608724810183048,0.02796028181910515,0.0,0.0,0.0,1.242119550704956,2.0549094676971436,0.4991844892501831,0.0,0.0,0.8197495937347412,-0.0535537488758564,0.8065794110298157,0.7553321719169617,0.5745722055435181,0.589290976524353
633,train,2,0.5,0.0,74,pseudo_cycle_06_config_2,-1,0.17010292410850525,4252.57275390625,1.777766227722168,0.21523088216781616,0.2120935469865799,0.20603260397911072,0.006060942076146603,0.09531743079423904,0.11071516573429108,0.022780008614063263,0.046113308519124985,0.04182185232639313,0.0,0.0,0.0,1.1458055973052979,1.9764810800552368,0.9355012774467468,0.0,0.0,0.8098993301391602,-0.004159895703196526,0.8088886141777039,2.104823350906372,0.7103718519210815,0.6027081608772278
634,train,2,0.5,0.0,78,pseudo_cycle_06_config_6,-1,0.0656518042087555,1641.2950439453125,0.932451069355011,0.04518210142850876,0.03990940377116203,0.041270505636930466,-0.0013611008180305362,0.014599147252738476,0.026671357452869415,0.01524842344224453,0.0030462974682450294,0.008376634679734707,0.0,0.0,0.0,1.178138256072998,2.0219321250915527,0.7558467388153076,0.0,0.0,0.5961960554122925,-0.014276189729571342,0.5936426520347595,1.9649372100830078,0.5193526148796082,1.0794270038604736
635,train,2,0.5,0.0,73,pseudo_cycle_06_config_1,-1,0.4165075719356537,10412.6884765625,10.658519744873047,2.7506585121154785,2.7532575130462646,2.8185055255889893,-0.06524805724620819,0.6397585272789001,2.1787469387054443,1.0745731592178345,1.0965642331939307e-06,1.104172706604004,0.0,0.0,0.0,1.2827215194702148,1.8471659421920776,0.7543171644210815,0.0,0.0,0.7628223299980164,-0.07864050567150116,0.7448257207870483,1.5007500648498535,1.522697925567627,1.5420887470245361
636,train,2,0.5,0.0,74,pseudo_cycle_06_config_2,-1,0.1420820653438568,3552.05126953125,1.240308165550232,0.151996448636055,0.15133501589298248,0.1529778242111206,-0.0016428029630333185,0.06222470849752426,0.09075310826301575,0.015311532653868198,0.038742467761039734,0.03669910877943039,0.0,0.0,0.0,1.0721275806427002,1.9577157497406006,0.9264099597930908,0.0,0.0,0.8046658635139465,-0.0043190596625208855,0.8036231994628906,2.060652494430542,0.8778336644172668,0.7703421711921692
637,train,2,0.5,0.0,79,pseudo_cycle_06_config_7,-1,0.38833701610565186,9708.4248046875,32.62498474121094,1.0088974237442017,1.0233896970748901,1.0126967430114746,0.010692919604480267,0.5115783214569092,0.5011184215545654,0.22057753801345825,2.2415368050587858e-07,0.2805406451225281,0.0,0.0,0.0,1.1799312829971313,2.0047216415405273,0.5206385850906372,0.0,0.0,0.7656787633895874,0.021664537489414215,0.7706552147865295,0.6311583518981934,0.9239485859870911,0.8027360439300537
638,train,2,0.5,0.0,76,pseudo_cycle_06_config_4,-1,0.12420590221881866,3105.1474609375,3.3374688625335693,0.19986893236637115,0.19562365114688873,0.18875500559806824,0.006868648808449507,0.054222434759140015,0.13453257083892822,0.028590872883796692,0.05434897541999817,0.05159272626042366,0.0,0.0,0.0,1.2225220203399658,1.9726990461349487,0.8556570410728455,0.0,0.0,0.9559094309806824,0.05100847780704498,0.9705372452735901,2.0687434673309326,0.7168246507644653,0.5822502970695496
639,train,2,0.5,0.0,80,pseudo_cycle_06_config_8,-1,0.08529473096132278,2132.3681640625,11.640301704406738,0.08300814777612686,0.08115401864051819,0.08233688771724701,-0.0011828701244667172,0.03229391574859619,0.050042975693941116,0.020592672750353813,0.010402165353298187,0.019048137590289116,0.0,0.0,0.0,1.5439684391021729,1.6088789701461792,0.5327431559562683,0.0,0.0,1.080449104309082,-0.08775682747364044,1.052004098892212,0.5574504137039185,0.5285662412643433,0.5156393647193909
640,train,2,0.5,0.0,72,pseudo_cycle_06_config_0,-1,0.1342906504869461,3357.26611328125,1.1080074310302734,0.24912869930267334,0.23842991888523102,0.23500317335128784,0.003426751121878624,0.056541889905929565,0.17846128344535828,0.02510267309844494,0.07022020220756531,0.08313839882612228,0.0,0.0,0.0,1.0905382633209229,2.0480470657348633,0.9139949083328247,0.0,0.0,0.7628410458564758,-0.05889144539833069,0.7493636012077332,1.9383517503738403,0.9252795577049255,1.0012818574905396
641,train,2,0.5,0.0,83,pseudo_cycle_06_config_11,-1,0.1945880800485611,4864.70166015625,60.583213806152344,0.25484997034072876,0.2551848590373993,0.2484416961669922,0.006743148434907198,0.12785430252552032,0.12058738619089127,0.06549395620822906,4.249530860533923e-08,0.05509338527917862,0.0,0.0,0.0,1.17447829246521,2.0399374961853027,0.5121444463729858,0.0,0.0,0.6375107765197754,0.021072925999760628,0.641541063785553,0.8811222314834595,0.8372299671173096,0.7411982417106628
642,train,2,0.5,0.0,78,pseudo_cycle_06_config_6,-1,0.28366923332214355,7091.73046875,17.40833282470703,0.573594868183136,0.569675087928772,0.574437141418457,-0.00476206885650754,0.26682960987091064,0.3076075613498688,0.11220992356538773,0.058223288506269455,0.1371743530035019,0.0,0.0,0.0,1.1533780097961426,2.199507474899292,0.49242109060287476,0.0,0.0,0.8871462941169739,0.015277039259672165,0.8912121653556824,0.47425180673599243,0.49973276257514954,0.5797631740570068
643,train,2,0.5,0.0,77,pseudo_cycle_06_config_5,-1,0.13725645840168,3431.411376953125,4.075663089752197,0.32632583379745483,0.3273327052593231,0.3324756920337677,-0.005142991431057453,0.06328653544187546,0.26918914914131165,0.14859160780906677,1.3258835451779305e-07,0.12059741467237473,0.0,0.0,0.0,1.1684439182281494,1.9645907878875732,0.8004910945892334,0.0,0.0,0.7776929140090942,0.0215129517018795,0.7827120423316956,1.7097529172897339,1.4293850660324097,1.3876407146453857
644,train,2,0.5,0.0,77,pseudo_cycle_06_config_5,-1,0.06109026074409485,1527.2564697265625,0.8073776364326477,0.08829071372747421,0.07882904261350632,0.077504962682724,0.0013240812113508582,0.012780376709997654,0.06472458690404892,0.04829875007271767,4.5758348221625056e-08,0.01642579212784767,0.0,0.0,0.0,1.1911373138427734,2.2825472354888916,0.941214919090271,0.0,0.0,0.8680509924888611,-0.002321127336472273,0.8674465417861938,2.1787538528442383,1.6448074579238892,0.7409664392471313
645,train,2,0.5,0.0,83,pseudo_cycle_06_config_11,-1,0.2593003809452057,6482.50927734375,107.57865905761719,0.3585793077945709,0.36199304461479187,0.37158212065696716,-0.009589090012013912,0.2254529595375061,0.14612916111946106,0.06595027446746826,5.4014748229747056e-08,0.08017882704734802,0.0,0.0,0.0,1.1663039922714233,2.076003313064575,0.47117525339126587,0.0,0.0,0.5502378940582275,0.013439598493278027,0.5524563789367676,0.5701550841331482,0.7433058023452759,0.6931641101837158
646,train,2,0.5,0.0,76,pseudo_cycle_06_config_4,-1,0.10531196743249893,2632.799072265625,2.399319887161255,0.14351628720760345,0.1417195051908493,0.13701342046260834,0.004706081468611956,0.038824792951345444,0.09818863123655319,0.020464733242988586,0.04055552929639816,0.03716836869716644,0.0,0.0,0.0,1.2176313400268555,1.9747684001922607,0.8737707734107971,0.0,0.0,0.9596583247184753,0.03897674009203911,0.9708796143531799,2.0568652153015137,0.7276028394699097,0.5826600790023804
647,train,2,0.5,0.0,82,pseudo_cycle_06_config_10,-1,0.15668067336082458,3917.016845703125,39.27812194824219,0.18399693071842194,0.18145330250263214,0.18014127016067505,0.001312038628384471,0.08791416883468628,0.09222710132598877,0.04276939854025841,0.015950649976730347,0.033507056534290314,0.0,0.0,0.0,1.2456331253051758,2.0496387481689453,0.4867781400680542,0.0,0.0,0.7766177654266357,-0.05951082333922386,0.7627525925636292,0.7429336905479431,0.5691991448402405,0.5820404291152954
648,train,2,0.5,0.0,79,pseudo_cycle_06_config_7,-1,0.38193848729133606,9548.4619140625,31.558732986450195,0.9869774580001831,1.0008864402770996,0.9862750768661499,0.014611328020691872,0.49384352564811707,0.4924315810203552,0.21764707565307617,2.210240808153685e-07,0.27478429675102234,0.0,0.0,0.0,1.177510142326355,2.007906436920166,0.5238602757453918,0.0,0.0,0.7626259326934814,0.023299522697925568,0.767956554889679,0.6450517773628235,0.9378366470336914,0.8143922090530396
649,train,2,0.5,0.0,73,pseudo_cycle_06_config_1,-1,0.10890529304742813,2722.63232421875,0.7287004590034485,0.2173568308353424,0.21465234458446503,0.22095836699008942,-0.006306018680334091,0.041619349271059036,0.17933902144432068,0.08803344517946243,9.495461483766121e-08,0.09130547940731049,0.0,0.0,0.0,1.220560908317566,1.897264838218689,0.8517194390296936,0.0,0.0,0.855707049369812,-0.02454408071935177,0.8494063019752502,1.5352710485458374,1.4582035541534424,1.5923340320587158
650,train,2,0.5,0.0,74,pseudo_cycle_06_config_2,-1,0.4473676085472107,11184.1904296875,12.29646110534668,1.7204689979553223,1.7272852659225464,1.7236436605453491,0.0036416600923985243,0.7037476301193237,1.0198960304260254,0.2942158579826355,0.3059910833835602,0.41968902945518494,0.0,0.0,0.0,1.2230663299560547,2.2088186740875244,0.6773027181625366,0.0,0.0,1.296137809753418,0.11331840604543686,1.340200662612915,2.1226274967193604,0.5083651542663574,0.4722558856010437
651,train,2,0.5,0.0,83,pseudo_cycle_06_config_11,-1,0.2889955937862396,7224.8896484375,133.62948608398438,0.4297226071357727,0.435735821723938,0.45192164182662964,-0.016185827553272247,0.28315192461013794,0.1687697172164917,0.07338030636310577,6.101178229300785e-08,0.09538934379816055,0.0,0.0,0.0,1.179231882095337,2.070436954498291,0.466484397649765,0.0,0.0,0.5330156087875366,0.006549249868839979,0.5340628623962402,0.5297262072563171,0.7081247568130493,0.6886074542999268
652,train,2,0.5,0.0,81,pseudo_cycle_06_config_9,-1,0.4331479072570801,10828.697265625,300.1872863769531,1.2995660305023193,1.31406831741333,1.269023060798645,0.04504523426294327,0.7273015379905701,0.541721522808075,0.2317996770143509,1.8514843702632788e-07,0.30992165207862854,0.0,0.0,0.0,1.3483549356460571,2.0027987957000732,0.4570590853691101,0.0,0.0,0.41756483912467957,-0.08089697360992432,0.4074309170246124,0.5046936273574829,0.6614910364151001,0.6747872233390808
653,train,2,0.5,0.0,80,pseudo_cycle_06_config_8,-1,0.15940117835998535,3985.029541015625,40.653961181640625,0.2598187029361725,0.2492973804473877,0.2451774924993515,0.0041198814287781715,0.09086592495441437,0.15431156754493713,0.07442498952150345,0.0236804261803627,0.05620615929365158,0.0,0.0,0.0,1.243884801864624,2.0602734088897705,0.45769202709198,0.0,0.0,0.5941832065582275,-0.022384334355592728,0.5901930928230286,0.8029630184173584,0.5582039952278137,0.6064019799232483
654,train,2,0.5,0.0,78,pseudo_cycle_06_config_6,-1,0.2741427719593048,6853.56884765625,16.25872039794922,0.5064453482627869,0.5053949952125549,0.5201458930969238,-0.01475090254098177,0.24191905558109283,0.2782268226146698,0.10063550621271133,0.0536903440952301,0.12390098720788956,0.0,0.0,0.0,1.1196404695510864,2.1933670043945312,0.505702018737793,0.0,0.0,0.8469740748405457,0.007541230414062738,0.8488902449607849,0.4794502854347229,0.5058175325393677,0.5902922749519348
655,train,2,0.5,0.0,79,pseudo_cycle_06_config_7,-1,0.46454617381095886,11613.6533203125,46.6864128112793,1.32733154296875,1.3508886098861694,1.3954784870147705,-0.044589925557374954,0.7623412013053894,0.6331372261047363,0.2707085907459259,2.621422368065396e-07,0.3624283969402313,0.0,0.0,0.0,1.228722333908081,2.013932228088379,0.497684121131897,0.0,0.0,0.7607836723327637,0.012341364286839962,0.7636004090309143,0.5438035130500793,0.7935686111450195,0.7280515432357788
656,train,2,0.5,0.0,75,pseudo_cycle_06_config_3,-1,0.23008325695991516,5752.0810546875,3.252528429031372,0.5950419902801514,0.5869897603988647,0.5992496013641357,-0.012259811162948608,0.176078200340271,0.42317140102386475,0.21672873198986053,1.954338841869685e-07,0.2064424604177475,0.0,0.0,0.0,1.156904935836792,1.9972957372665405,0.8316968679428101,0.0,0.0,0.8352582454681396,-0.02261628769338131,0.8295910954475403,1.6472090482711792,1.3394556045532227,1.5690299272537231
657,train,2,0.5,0.0,80,pseudo_cycle_06_config_8,-1,0.13115103542804718,3278.77587890625,27.52094268798828,0.13846781849861145,0.13569369912147522,0.1324044018983841,0.003289299551397562,0.06178644299507141,0.07061795890331268,0.02924417518079281,0.011962522752583027,0.02941126376390457,0.0,0.0,0.0,1.2494299411773682,1.97648024559021,0.4430466890335083,0.0,0.0,0.5310375690460205,-0.03340620547533035,0.5257155895233154,0.5454203486442566,0.5035762786865234,0.5485365986824036
658,train,2,0.5,0.0,77,pseudo_cycle_06_config_5,-1,0.16112230718135834,4028.057861328125,5.6162190437316895,0.44724124670028687,0.44853338599205017,0.44891059398651123,-0.00037720761611126363,0.08895594626665115,0.3599546551704407,0.19792580604553223,1.7488355297246017e-07,0.16202865540981293,0.0,0.0,0.0,1.1918615102767944,1.9821199178695679,0.7768074870109558,0.0,0.0,0.7714555263519287,0.024838322773575783,0.7772040367126465,1.6496995687484741,1.4073407649993896,1.350498914718628
659,train,2,0.5,0.0,75,pseudo_cycle_06_config_3,-1,0.33359888195991516,8339.9716796875,6.837545871734619,1.1685348749160767,1.1596434116363525,1.172682285308838,-0.013038921169936657,0.38484323024749756,0.7878390550613403,0.40711018443107605,3.6510263612399285e-07,0.380728542804718,0.0,0.0,0.0,1.2028093338012695,1.9542577266693115,0.801908552646637,0.0,0.0,0.779109001159668,-0.04793031886219978,0.767906129360199,1.6251055002212524,1.3630788326263428,1.5197948217391968
660,train,2,0.5,0.0,80,pseudo_cycle_06_config_8,-1,0.37875914573669434,9468.978515625,229.5334930419922,0.8194389343261719,0.8353578448295593,0.8451260328292847,-0.009768177755177021,0.4951046109199524,0.3500213921070099,0.13196320831775665,0.06049986556172371,0.15755832195281982,0.0,0.0,0.0,1.2004189491271973,2.0189876556396484,0.42569684982299805,0.0,0.0,0.3000834286212921,-0.01059606485068798,0.29912951588630676,0.5077061653137207,0.5467811822891235,0.6061789989471436
661,train,2,0.5,0.0,73,pseudo_cycle_06_config_1,-1,0.43424728512763977,10856.181640625,11.58578109741211,2.9943461418151855,2.997892141342163,3.01400089263916,-0.016108771786093712,0.7122407555580139,2.301760196685791,1.1438649892807007,1.1589387440835708e-06,1.1578938961029053,0.0,0.0,0.0,1.313755989074707,1.8255465030670166,0.7450719475746155,0.0,0.0,0.7646726965904236,-0.09257341921329498,0.7434362173080444,1.489850640296936,1.5194677114486694,1.5081226825714111
662,train,2,0.5,0.0,80,pseudo_cycle_06_config_8,-1,0.07461658120155334,1865.41455078125,8.908210754394531,0.12942759692668915,0.11744307726621628,0.11919131129980087,-0.0017482368275523186,0.019012153148651123,0.10017915815114975,0.06177384406328201,0.01533215306699276,0.023073161020874977,0.0,0.0,0.0,1.1877436637878418,2.048549175262451,0.6026990413665771,0.0,0.0,1.1329783201217651,0.0025200641248375177,1.1338348388671875,1.5922694206237793,0.6557141542434692,0.5947287678718567
663,train,2,0.5,0.0,83,pseudo_cycle_06_config_11,-1,0.21690772473812103,5422.69287109375,75.27831268310547,0.2825136184692383,0.28321370482444763,0.28209322690963745,0.0011204722104594111,0.1575794368982315,0.12451380491256714,0.06210637465119362,4.572216738552015e-08,0.06240738928318024,0.0,0.0,0.0,1.1649616956710815,2.061457633972168,0.49076035618782043,0.0,0.0,0.5933879613876343,0.021799864247441292,0.5972687005996704,0.7147443890571594,0.8041427135467529,0.7182084918022156
664,train,2,0.5,0.0,82,pseudo_cycle_06_config_10,-1,0.24679462611675262,6169.86572265625,97.45210266113281,0.31841254234313965,0.3241882026195526,0.3210281431674957,0.0031600543297827244,0.20561058819293976,0.11541755497455597,0.04466116428375244,0.020211661234498024,0.05054473504424095,0.0,0.0,0.0,1.1741840839385986,2.045722484588623,0.41913455724716187,0.0,0.0,0.47578585147857666,0.020436592400074005,0.4787028729915619,0.49917709827423096,0.5389806032180786,0.5649376511573792
665,train,2,0.5,0.0,76,pseudo_cycle_06_config_4,-1,0.1604638248682022,4011.595458984375,5.570408344268799,0.3212190866470337,0.3098685145378113,0.306884765625,0.002983745886012912,0.09023535251617432,0.21664941310882568,0.05194651708006859,0.0812874436378479,0.0834154486656189,0.0,0.0,0.0,1.2189463376998901,1.9512182474136353,0.8240554928779602,0.0,0.0,1.0114740133285522,0.08503931015729904,1.0372785329818726,2.1302847862243652,0.6309432983398438,0.5335433483123779
666,train,2,0.5,0.0,74,pseudo_cycle_06_config_2,-1,0.11803992092609406,2950.998046875,0.8560692667961121,0.12844300270080566,0.12830118834972382,0.13064952194690704,-0.002348334528505802,0.04211116209626198,0.08853836357593536,0.010988746769726276,0.03763914108276367,0.03991047665476799,0.0,0.0,0.0,1.051239252090454,1.9614148139953613,0.8915308117866516,0.0,0.0,0.8861224055290222,0.012800605036318302,0.889525294303894,1.932098627090454,1.1577813625335693,1.0944856405258179
667,train,2,0.5,0.0,72,pseudo_cycle_06_config_0,-1,0.36875778436660767,9218.9443359375,8.35474967956543,1.8353220224380493,1.8542660474777222,1.8266959190368652,0.027570119127631187,0.4737292528152466,1.3529666662216187,0.40050867199897766,0.4008941352367401,0.5515638589859009,0.0,0.0,0.0,1.2117414474487305,2.1268973350524902,0.6657108068466187,0.0,0.0,1.360022783279419,0.024318458512425423,1.3699448108673096,2.1603126525878906,0.5066299438476562,0.46402624249458313
668,train,2,0.5,0.0,73,pseudo_cycle_06_config_1,-1,0.4189814627170563,10474.5361328125,10.785511016845703,2.7839322090148926,2.7866313457489014,2.8458094596862793,-0.059178151190280914,0.6494354009628296,2.19637393951416,1.0842676162719727,1.1055400364057277e-06,1.112105369567871,0.0,0.0,0.0,1.286792278289795,1.8441720008850098,0.7530869841575623,0.0,0.0,0.7630857229232788,-0.08053501695394516,0.7446491718292236,1.4992446899414062,1.5223922729492188,1.537736415863037
669,train,2,0.5,0.0,76,pseudo_cycle_06_config_4,-1,0.14491334557533264,3622.83349609375,4.5430707931518555,0.2679203152656555,0.2597784996032715,0.25311392545700073,0.006664581596851349,0.07389502227306366,0.17921888828277588,0.04038570448756218,0.06989622861146927,0.06893695890903473,0.0,0.0,0.0,1.2239413261413574,1.9589924812316895,0.8394313454627991,0.0,0.0,0.9783141613006592,0.06998307257890701,0.9988537430763245,2.1004528999328613,0.6754541397094727,0.559215784072876
670,train,2,0.5,0.0,72,pseudo_cycle_06_config_0,-1,0.12083064019680023,3020.765869140625,0.8970263600349426,0.21420270204544067,0.2048126608133316,0.2019970715045929,0.0028155839536339045,0.045717544853687286,0.1562795341014862,0.020380064845085144,0.06100405380129814,0.07489540427923203,0.0,0.0,0.0,1.0891579389572144,2.047771453857422,0.908677875995636,0.0,0.0,0.7856501340866089,-0.05926736071705818,0.7716811299324036,1.8878554105758667,0.9699603915214539,1.0820825099945068
671,train,2,0.5,0.0,78,pseudo_cycle_06_config_6,-1,0.3294527530670166,8236.3193359375,23.48113250732422,0.8025280833244324,0.8203133344650269,0.8104968070983887,0.009816532023251057,0.4021875858306885,0.4083092212677002,0.15001516044139862,0.06954551488161087,0.1887485235929489,0.0,0.0,0.0,1.2888562679290771,2.005171537399292,0.4416738450527191,0.0,0.0,0.9598129987716675,0.04654862359166145,0.9732163548469543,0.4721681773662567,0.4955974221229553,0.5940802097320557
672,train,2,0.5,0.0,75,pseudo_cycle_06_config_3,-1,0.21614304184913635,5403.57568359375,2.8703417778015137,0.536410927772522,0.5280089974403381,0.5356894731521606,-0.007680504582822323,0.15608616173267365,0.3796032965183258,0.19408178329467773,1.7579095867858996e-07,0.18552133440971375,0.0,0.0,0.0,1.1621013879776,2.0027151107788086,0.8350497484207153,0.0,0.0,0.848637580871582,-0.017077701166272163,0.8442897200584412,1.637948989868164,1.3324809074401855,1.56570303440094
673,train,2,0.5,0.0,81,pseudo_cycle_06_config_9,-1,0.4250328838825226,10625.822265625,289.04461669921875,1.2574137449264526,1.271055817604065,1.225189447402954,0.04586638882756233,0.6974559426307678,0.5277334451675415,0.22659718990325928,1.8133935952846514e-07,0.3011361062526703,0.0,0.0,0.0,1.3428696393966675,2.0015292167663574,0.4572543501853943,0.0,0.0,0.42140936851501465,-0.07957622408866882,0.4113491177558899,0.5078269839286804,0.6665868759155273,0.6748761534690857
674,train,2,0.5,0.0,83,pseudo_cycle_06_config_11,-1,0.2277621030807495,5694.05224609375,83.00089263916016,0.29899266362190247,0.30019479990005493,0.30188751220703125,-0.0016927067190408707,0.17343522608280182,0.12845227122306824,0.061980705708265305,4.7602831898529985e-08,0.06647152453660965,0.0,0.0,0.0,1.16288423538208,2.0687389373779297,0.4835650324821472,0.0,0.0,0.5785612463951111,0.020288126543164253,0.5820826292037964,0.6614729166030884,0.7879427671432495,0.7093998789787292
675,train,2,0.5,0.0,78,pseudo_cycle_06_config_6,-1,0.11685989797115326,2921.49755859375,2.954361915588379,0.11532377451658249,0.11115556955337524,0.1113414317369461,-0.0001858616597019136,0.0454711951315403,0.06587023288011551,0.026096457615494728,0.013504764065146446,0.026269011199474335,0.0,0.0,0.0,1.1581571102142334,1.9622609615325928,0.5886378288269043,0.0,0.0,0.8317339420318604,0.011222725734114647,0.834534227848053,0.7779620885848999,0.683936357498169,0.7831059694290161
676,train,2,0.5,0.0,72,pseudo_cycle_06_config_0,-1,0.4052339792251587,10130.849609375,10.089341163635254,2.195544481277466,2.2026500701904297,2.2379164695739746,-0.035266388207674026,0.5651453733444214,1.6727709770202637,0.501848578453064,0.47963470220565796,0.6912877559661865,0.0,0.0,0.0,1.1970453262329102,2.1749625205993652,0.6354680061340332,0.0,0.0,1.37579345703125,0.035638947039842606,1.3905029296875,2.1596033573150635,0.5065943002700806,0.46398311853408813
677,train,2,0.5,0.0,77,pseudo_cycle_06_config_5,-1,0.1711728423833847,4279.32080078125,6.338733196258545,0.5021959543228149,0.5038172602653503,0.5013402700424194,0.002476990222930908,0.10123390704393387,0.40010637044906616,0.21952088177204132,1.941348841683066e-07,0.18058529496192932,0.0,0.0,0.0,1.2017618417739868,1.9846428632736206,0.7683532238006592,0.0,0.0,0.7684966325759888,0.02390298806130886,0.7740074396133423,1.6257636547088623,1.403412938117981,1.3374079465866089
678,train,2,0.5,0.0,79,pseudo_cycle_06_config_7,-1,0.42531487345695496,10632.8720703125,39.133968353271484,1.1530057191848755,1.1716127395629883,1.186417818069458,-0.014805102720856667,0.6252265572547913,0.5611912608146667,0.24279187619686127,2.431337122743571e-07,0.3183991611003876,0.0,0.0,0.0,1.202204704284668,1.9997776746749878,0.5074041485786438,0.0,0.0,0.7735447883605957,0.01475899014621973,0.7769697904586792,0.5758852362632751,0.8524211645126343,0.7552202939987183
679,train,2,0.5,0.0,82,pseudo_cycle_06_config_10,-1,0.12634776532649994,3158.69384765625,25.542003631591797,0.1266191452741623,0.12372822314500809,0.12241068482398987,0.0013175373896956444,0.0567450225353241,0.06566566228866577,0.029796700924634933,0.011748268269002438,0.024120695888996124,0.0,0.0,0.0,1.2363879680633545,2.055264472961426,0.49824923276901245,0.0,0.0,0.8495526313781738,-0.040493372827768326,0.8392322659492493,0.721426248550415,0.570888102054596,0.5840009450912476
680,train,2,0.5,0.0,78,pseudo_cycle_06_config_6,-1,0.29538407921791077,7384.60205078125,18.875865936279297,0.6602566838264465,0.6545804142951965,0.6470444798469543,0.0075359223410487175,0.3022347092628479,0.34480977058410645,0.12670540809631348,0.06370031088590622,0.15440404415130615,0.0,0.0,0.0,1.2048481702804565,2.183534622192383,0.4782470464706421,0.0,0.0,0.9338387250900269,0.02543923445045948,0.9409655928611755,0.47118985652923584,0.4953247010707855,0.5741950273513794
681,train,2,0.5,0.0,75,pseudo_cycle_06_config_3,-1,0.2524075508117676,6310.1884765625,3.9143149852752686,0.6954320669174194,0.6881415843963623,0.7074732780456543,-0.01933172158896923,0.21139903366565704,0.49607425928115845,0.2544372081756592,2.2902217722275964e-07,0.24163681268692017,0.0,0.0,0.0,1.1541452407836914,1.9887210130691528,0.826633632183075,0.0,0.0,0.8161022067070007,-0.028993859887123108,0.8090035915374756,1.65485680103302,1.351467251777649,1.5716030597686768
682,train,2,0.5,0.0,81,pseudo_cycle_06_config_9,-1,0.471564382314682,11789.109375,355.796630859375,1.5004948377609253,1.5229343175888062,1.481837272644043,0.041097067296504974,0.8714962005615234,0.6103411316871643,0.2580893635749817,2.04011627147338e-07,0.3522515594959259,0.0,0.0,0.0,1.3631561994552612,2.0052690505981445,0.4560115337371826,0.0,0.0,0.4003203213214874,-0.08201134204864502,0.39047107100486755,0.4940892159938812,0.6423557996749878,0.6743543744087219
683,train,2,0.5,0.0,77,pseudo_cycle_06_config_5,-1,0.12969264388084412,3242.31591796875,3.6388437747955322,0.29104480147361755,0.29215410351753235,0.2982085049152374,-0.006054400000721216,0.05619668960571289,0.24201181530952454,0.13371604681015015,1.20295680972049e-07,0.10829564183950424,0.0,0.0,0.0,1.162096619606018,1.9543155431747437,0.8095870018005371,0.0,0.0,0.7794616222381592,0.017663467675447464,0.7835920453071594,1.7304017543792725,1.442152500152588,1.4014394283294678
684,train,2,0.5,0.0,74,pseudo_cycle_06_config_2,-1,0.4626610577106476,11566.5263671875,13.151551246643066,1.8231477737426758,1.834533929824829,1.8440241813659668,-0.00949028693139553,0.7508960366249084,1.0931282043457031,0.31750741600990295,0.3237241506576538,0.45189666748046875,0.0,0.0,0.0,1.2201578617095947,2.208405017852783,0.6660351753234863,0.0,0.0,1.3051061630249023,0.11830669641494751,1.3514270782470703,2.1243367195129395,0.5072119235992432,0.4715748727321625
685,train,2,0.5,0.0,76,pseudo_cycle_06_config_4,-1,0.07861528545618057,1965.382080078125,1.3370472192764282,0.07632381469011307,0.07564446330070496,0.07807989418506622,-0.0024354285560548306,0.021415753290057182,0.05666414275765419,0.012471066787838936,0.02333526872098446,0.020857807248830795,0.0,0.0,0.0,1.2052620649337769,1.90809166431427,0.9286827445030212,0.0,0.0,1.0761950016021729,-0.0007566063432022929,1.0759507417678833,2.100558042526245,0.6601133942604065,0.5479510426521301
686,train,2,0.5,0.0,73,pseudo_cycle_06_config_1,-1,0.09173329174518585,2293.332275390625,0.5170172452926636,0.17428597807884216,0.16701792180538177,0.163923978805542,0.0030939392745494843,0.030344931408762932,0.1335790455341339,0.06370338797569275,7.588641182110223e-08,0.06987559050321579,0.0,0.0,0.0,1.2542794942855835,1.8622682094573975,0.8642516732215881,0.0,0.0,0.9440242052078247,-0.02507110871374607,0.9369238615036011,1.4462414979934692,1.4950761795043945,1.5863672494888306
687,train,2,0.5,0.0,75,pseudo_cycle_06_config_3,-1,0.33825060725212097,8456.2646484375,7.029561996459961,1.2022002935409546,1.1928714513778687,1.2025716304779053,-0.009700232185423374,0.3973138928413391,0.8052577972412109,0.4164898693561554,3.730636137788679e-07,0.3887675106525421,0.0,0.0,0.0,1.2078659534454346,1.952022910118103,0.7998548150062561,0.0,0.0,0.7786219120025635,-0.0497603677213192,0.7669985890388489,1.620901346206665,1.3613981008529663,1.5130109786987305
688,train,2,0.5,0.0,76,pseudo_cycle_06_config_4,-1,0.17020286619663239,4255.0712890625,6.2670979499816895,0.35452497005462646,0.3417550027370453,0.3436102271080017,-0.0018552279798313975,0.10090343654155731,0.2427067905664444,0.060735199600458145,0.08826863765716553,0.09370295703411102,0.0,0.0,0.0,1.2115305662155151,1.9520591497421265,0.8107004761695862,0.0,0.0,1.0398141145706177,0.09173759073019028,1.0684311389923096,2.1483442783355713,0.6006914973258972,0.5169621706008911
689,train,2,0.5,0.0,83,pseudo_cycle_06_config_11,-1,0.3092612326145172,7731.5302734375,153.0279541015625,0.4858299195766449,0.49368277192115784,0.5138182640075684,-0.02013549767434597,0.32753127813339233,0.1862870156764984,0.0795375257730484,6.613848313463677e-08,0.10674941539764404,0.0,0.0,0.0,1.1911431550979614,2.064608335494995,0.46507519483566284,0.0,0.0,0.5224500298500061,0.0021581915207207203,0.5227882862091064,0.5136489272117615,0.6887896060943604,0.6893817186355591
690,train,2,0.5,0.0,81,pseudo_cycle_06_config_9,-1,0.05328871309757233,1332.2177734375,4.5434980392456055,0.10314538329839706,0.10638906061649323,0.10362931340932846,0.002759745344519615,0.009603646583855152,0.09402566403150558,0.05604098364710808,3.790811931025928e-08,0.03798464313149452,0.0,0.0,0.0,1.1763262748718262,2.2541604042053223,0.778797447681427,0.0,0.0,1.3398642539978027,0.03066001646220684,1.352188229560852,2.1582021713256836,1.4059028625488281,1.462831735610962
691,train,2,0.5,0.0,82,pseudo_cycle_06_config_10,-1,0.22937403619289398,5734.35107421875,84.17989349365234,0.2838834822177887,0.2899341881275177,0.28786736726760864,0.0020668250508606434,0.17673368752002716,0.11113369464874268,0.04448739439249039,0.019317323341965675,0.04732897877693176,0.0,0.0,0.0,1.1684038639068604,2.033653974533081,0.4203152358531952,0.0,0.0,0.5305863618850708,0.014721805229783058,0.5329297184944153,0.5201280117034912,0.5373349785804749,0.553350567817688
692,train,2,0.5,0.0,76,pseudo_cycle_06_config_4,-1,0.09742695093154907,2435.673583984375,2.0534820556640625,0.1219983696937561,0.12094402313232422,0.11764023452997208,0.003303786274045706,0.033172719180583954,0.08446751534938812,0.017688138410449028,0.03510288521647453,0.03167648985981941,0.0,0.0,0.0,1.2155839204788208,1.969011902809143,0.8844791054725647,0.0,0.0,0.972113311290741,0.034479498863220215,0.9821686744689941,2.059331178665161,0.7206782102584839,0.5752056837081909
693,train,2,0.5,0.0,79,pseudo_cycle_06_config_7,-1,0.43333786725997925,10833.4462890625,40.62430953979492,1.1874860525131226,1.207045555114746,1.2278313636779785,-0.02078586257994175,0.6521841287612915,0.5756471753120422,0.24834027886390686,2.4725036951167567e-07,0.3273066282272339,0.0,0.0,0.0,1.208033800125122,2.0014007091522217,0.5052605867385864,0.0,0.0,0.7727078199386597,0.013841505162417889,0.7759163975715637,0.5677454471588135,0.8390527963638306,0.748275101184845
694,train,2,0.5,0.0,82,pseudo_cycle_06_config_10,-1,0.3146982789039612,7867.45654296875,158.45596313476562,0.4931235909461975,0.49965351819992065,0.4999181628227234,-0.00026462989626452327,0.3639235496520996,0.13599459826946259,0.04766032472252846,0.02450069598853588,0.0638335794210434,0.0,0.0,0.0,1.2781550884246826,2.0385355949401855,0.4377042055130005,0.0,0.0,0.3323015570640564,-0.00565108610317111,0.3317382037639618,0.4744202792644501,0.5571908354759216,0.6354119777679443
695,train,2,0.5,0.0,78,pseudo_cycle_06_config_6,-1,0.12003661692142487,3000.9150390625,3.1171679496765137,0.12244275957345963,0.11802789568901062,0.11889643967151642,-0.0008685449720360339,0.04791756346821785,0.07097887992858887,0.028474686667323112,0.014398888684809208,0.028105303645133972,0.0,0.0,0.0,1.1567230224609375,1.9605714082717896,0.5928124189376831,0.0,0.0,0.8328471779823303,0.00784264039248228,0.8348067402839661,0.8049549460411072,0.6866323947906494,0.7945128083229065
696,train,2,0.5,0.0,74,pseudo_cycle_06_config_2,-1,0.48095324635505676,12023.8310546875,14.212054252624512,1.9423900842666626,1.9630597829818726,1.9901700019836426,-0.027110228314995766,0.8091203570365906,1.1810495853424072,0.34559333324432373,0.34470030665397644,0.4907558560371399,0.0,0.0,0.0,1.216660976409912,2.2053680419921875,0.6533780097961426,0.0,0.0,1.3132810592651367,0.12361933290958405,1.3619850873947144,2.126047134399414,0.5062053799629211,0.4708852171897888
697,train,2,0.5,0.0,80,pseudo_cycle_06_config_8,-1,0.355561226606369,8889.0302734375,202.27798461914062,0.7639400959014893,0.7751020789146423,0.7713546752929688,0.0037473877891898155,0.44949498772621155,0.3218597173690796,0.12022455036640167,0.05530455335974693,0.14633062481880188,0.0,0.0,0.0,1.236682415008545,2.013704538345337,0.42238491773605347,0.0,0.0,0.31230464577674866,-0.023136524483561516,0.31013694405555725,0.5075675845146179,0.5527811646461487,0.6177829504013062
698,train,2,0.5,0.0,80,pseudo_cycle_06_config_8,-1,0.09773486107587814,2443.371337890625,15.283361434936523,0.09062402695417404,0.09137830138206482,0.09091784805059433,0.00046045551425777376,0.045650701969861984,0.045267146080732346,0.017529640346765518,0.009386868216097355,0.018350638449192047,0.0,0.0,0.0,1.6623046398162842,1.5184000730514526,0.502848207950592,0.0,0.0,0.8697625398635864,-0.08449900895357132,0.847714364528656,0.475244402885437,0.5060900449752808,0.4975023865699768
699,train,2,0.5,0.0,73,pseudo_cycle_06_config_1,-1,0.397000789642334,9925.01953125,9.68353271484375,2.4964752197265625,2.4984664916992188,2.603024482727051,-0.10455795377492905,0.5680259466171265,2.0349984169006348,0.9977777600288391,1.0231092346657533e-06,1.037219762802124,0.0,0.0,0.0,1.253567099571228,1.8702515363693237,0.7633626461029053,0.0,0.0,0.7607414126396179,-0.06440984457731247,0.7460416555404663,1.5124003887176514,1.5236502885818481,1.5721851587295532
700,train,2,0.5,0.0,79,pseudo_cycle_06_config_7,-1,0.4010046124458313,10025.1142578125,34.78816223144531,1.0550990104675293,1.070904016494751,1.0684605836868286,0.0024434386286884546,0.5484007596969604,0.5200598239898682,0.22733455896377563,2.3054266762301268e-07,0.2927250564098358,0.0,0.0,0.0,1.1862095594406128,2.0004920959472656,0.5152396559715271,0.0,0.0,0.7704154849052429,0.018801111727952957,0.774760901927948,0.6080942749977112,0.8976535201072693,0.783006489276886
701,train,2,0.5,0.0,82,pseudo_cycle_06_config_10,-1,0.22253558039665222,5563.3896484375,79.23530578613281,0.27283334732055664,0.27857863903045654,0.2767788767814636,0.0017997761024162173,0.166996568441391,0.10978230834007263,0.044566310942173004,0.0190410353243351,0.04617495462298393,0.0,0.0,0.0,1.172926425933838,2.0297152996063232,0.4225662350654602,0.0,0.0,0.5542535185813904,0.008836382068693638,0.5557227730751038,0.5318915843963623,0.5377893447875977,0.5510905385017395
702,train,2,0.5,0.0,75,pseudo_cycle_06_config_3,-1,0.3127129375934601,7817.82373046875,6.008178234100342,1.0268843173980713,1.0195075273513794,1.0424479246139526,-0.02294045500457287,0.3324766159057617,0.7099713087081909,0.36567971110343933,3.291401355909329e-07,0.34429123997688293,0.0,0.0,0.0,1.1825827360153198,1.9639214277267456,0.810075044631958,0.0,0.0,0.7833763957023621,-0.04117686301469803,0.7736992835998535,1.6406714916229248,1.3672175407409668,1.5447089672088623
703,train,2,0.5,0.0,81,pseudo_cycle_06_config_9,-1,0.4527498483657837,11318.74609375,327.97174072265625,1.4022316932678223,1.419872522354126,1.3768038749694824,0.04306866601109505,0.8004940748214722,0.5763097405433655,0.24490222334861755,1.9463404044017807e-07,0.3314073383808136,0.0,0.0,0.0,1.3583247661590576,2.004790782928467,0.4565649628639221,0.0,0.0,0.408582866191864,-0.08252506703138351,0.39846736192703247,0.4985319674015045,0.6508452892303467,0.6746249198913574
704,train,2,0.5,0.0,74,pseudo_cycle_06_config_2,-1,0.42689329385757446,10672.3310546875,11.196691513061523,1.5805485248565674,1.584692358970642,1.565873384475708,0.01881895773112774,0.6428512930870056,0.9230221509933472,0.26357975602149963,0.28212249279022217,0.37731993198394775,0.0,0.0,0.0,1.2269700765609741,2.2062149047851562,0.6934170126914978,0.0,0.0,1.281042456626892,0.106010302901268,1.3217836618423462,2.119980573654175,0.510393500328064,0.4733383059501648
705,train,2,0.5,0.0,75,pseudo_cycle_06_config_3,-1,0.21040216088294983,5260.0537109375,2.719890832901001,0.5129919648170471,0.5045055747032166,0.5103702545166016,-0.005864662583917379,0.14826282858848572,0.36210739612579346,0.18494868278503418,1.6802535185433953e-07,0.17715856432914734,0.0,0.0,0.0,1.1649143695831299,2.005006790161133,0.836531400680542,0.0,0.0,0.8543921709060669,-0.014430481940507889,0.85069340467453,1.632941722869873,1.3300663232803345,1.5641614198684692
706,train,2,0.5,0.0,81,pseudo_cycle_06_config_9,-1,0.3965342938899994,9913.357421875,251.58303833007812,1.113858938217163,1.1257338523864746,1.0768218040466309,0.048912107944488525,0.5960899591445923,0.48073190450668335,0.20963408052921295,1.687667037231222e-07,0.27109766006469727,0.0,0.0,0.0,1.3185980319976807,1.9951419830322266,0.4580780267715454,0.0,0.0,0.4356917142868042,-0.07214214652776718,0.4262621998786926,0.5225507616996765,0.6887714862823486,0.6757597923278809
707,train,2,0.5,0.0,72,pseudo_cycle_06_config_0,-1,0.3794296979904175,9485.7421875,8.84532356262207,1.9396542310714722,1.9545235633850098,1.944399118423462,0.010124445892870426,0.4993639588356018,1.4450352191925049,0.42967233061790466,0.4235919415950775,0.5917710065841675,0.0,0.0,0.0,1.2064703702926636,2.1435341835021973,0.6556873321533203,0.0,0.0,1.3661367893218994,0.028008025139570236,1.3776156902313232,2.1599957942962646,0.5065338611602783,0.46399280428886414
