sample_index,split,source_id,sample_weight,aux_weight,config_index,config_name,velocity_index,U,Re,Ca,F_target,F_pred,F_physics,F_residual,F_stem,F_leaf,Fcol_1_pred,Fcol_2_pred,Fcol_3_pred,Fcol_1_true,Fcol_2_true,Fcol_3_true,Cd_stem_eff,Cd_leaf_eff,shielding_coef,shielding_target,angle_diff_deg,reconfiguration_factor,column_correction_1,column_correction_2,column_correction_3
0,val,0,1.0,1.0,0,PVC_20_0,0,0.05000000074505806,1250.0,0.15360000729560852,0.07093784958124161,0.033736344426870346,0.03128030151128769,0.002456042915582657,0.012420783750712872,0.018859516829252243,0.0019392448011785746,0.008316121995449066,0.008604150265455246,0.0008135348907671869,0.012708019465208054,0.012708019465208054,1.7281088829040527,2.0265557765960693,0.8061539530754089,0.9039982557296753,100.79964447021484,0.6055641174316406,1.350860834121704,1.1207865476608276,0.9348199963569641
1,train,0,1.0,1.0,0,PVC_20_0,1,0.07500000298023224,1875.0,0.3456000089645386,0.17443148791790009,0.06868571043014526,0.06495797634124756,0.003727733390405774,0.028605137020349503,0.036352843046188354,0.003828878980129957,0.01614260859787464,0.01638135500252247,0.0018697602208703756,0.027825873345136642,0.027825873345136642,1.76882004737854,1.9426782131195068,0.7896295189857483,0.9087178111076355,101.7435531616211,0.5698847770690918,1.3140076398849487,1.0942554473876953,0.8768355846405029
2,val,0,1.0,1.0,0,PVC_20_0,2,0.10000000149011612,2500.0,0.6144000291824341,0.14795003831386566,0.11181353032588959,0.10764855146408081,0.004164977930486202,0.051288340240716934,0.05636020749807358,0.005952227860689163,0.025203105062246323,0.02520487643778324,0.003428105963394046,0.0476507768034935,0.0476507768034935,1.7839421033859253,1.8553744554519653,0.7739681005477905,0.91482013463974,102.96401977539062,0.5447246432304382,1.2586575746536255,1.073992133140564,0.8312940001487732
3,train,0,1.0,1.0,0,PVC_20_0,3,0.125,3125.0,0.9599999785423279,0.20464740693569183,0.16208186745643616,0.15836386382579803,0.003718007355928421,0.07994779944419861,0.07841606438159943,0.00814863946288824,0.03539826348423958,0.03486916422843933,0.005584338214248419,0.07105002552270889,0.07105002552270889,1.7797075510025024,1.773987889289856,0.7598755359649658,0.9218372106552124,104.36743927001953,0.5266558527946472,1.1929553747177124,1.0637036561965942,0.7962008714675903
4,val,0,1.0,1.0,0,PVC_20_0,4,0.15000000596046448,3750.0,1.3824000358581543,0.270246684551239,0.218955397605896,0.21642804145812988,0.0025273615028709173,0.1139051616191864,0.10252288728952408,0.010339549742639065,0.0468435175716877,0.04533981904387474,0.008491037413477898,0.09684506058692932,0.09684506058692932,1.7608526945114136,1.7036157846450806,0.7476135492324829,0.9292217493057251,105.84434509277344,0.5124735236167908,1.1248968839645386,1.0632257461547852,0.7693657875061035
5,val,0,1.0,1.0,0,PVC_20_0,5,0.17499999701976776,4375.0,1.881600022315979,0.3938428461551666,0.282002329826355,0.2812422811985016,0.0007600378012284636,0.15245485305786133,0.12878742814064026,0.012508462183177471,0.05967991426587105,0.05659904330968857,0.012395291589200497,0.12395953387022018,0.12395953387022018,1.731519103050232,1.6450799703598022,0.737157940864563,0.9363734722137451,107.27469635009766,0.5001257061958313,1.0609583854675293,1.0710362195968628,0.7487650513648987
6,train,0,1.0,1.0,0,PVC_20_0,6,0.20000000298023224,5000.0,2.4576001167297363,0.43085381388664246,0.35079118609428406,0.35224494338035583,-0.0014537625247612596,0.19494342803955078,0.15730151534080505,0.014676591381430626,0.07401300966739655,0.06861191242933273,0.01771606132388115,0.1515229493379593,0.1515229493379593,1.695159912109375,1.597008466720581,0.7283458709716797,0.9426351189613342,108.52703094482422,0.4885838031768799,1.0049757957458496,1.0852826833724976,0.7327771782875061
7,val,0,1.0,1.0,0,PVC_20_0,7,0.22499999403953552,5625.0,3.1103999614715576,0.6180073022842407,0.4249055087566376,0.42893722653388977,-0.004031705670058727,0.2408134639263153,0.18812376260757446,0.01687983237206936,0.08990667760372162,0.08133725076913834,0.025219960138201714,0.178911954164505,0.178911954164505,1.6545425653457642,1.5574233531951904,0.7209722399711609,0.9472165703773499,109.44332122802734,0.47746795415878296,0.9582722783088684,1.104170799255371,0.7201986312866211
8,train,0,1.0,1.0,0,PVC_20_0,8,0.25,6250.0,3.8399999141693115,0.8448036313056946,0.5039835572242737,0.5109150409698486,-0.006931499112397432,0.2896254360675812,0.22128963470458984,0.019154002889990807,0.1073925644159317,0.09474307298660278,0.03648537024855614,0.2057376205921173,0.2057376205921173,1.6118284463882446,1.52448308467865,0.7148387432098389,0.9489527344703674,109.79054260253906,0.4667283296585083,0.9205120801925659,1.1261029243469238,0.71016526222229
9,train,0,1.0,1.0,0,PVC_20_0,9,0.2750000059604645,6875.0,4.646399974822998,1.050018072128296,0.5877491235733032,0.5978888869285583,-0.010139738209545612,0.34106624126434326,0.2568226456642151,0.02152872085571289,0.12648017704486847,0.10881373286247253,0.055444035679101944,0.2318010926246643,0.2318010926246643,1.5686841011047363,1.4967072010040283,0.7097717523574829,0.9455310702323914,109.10620880126953,0.45644262433052063,0.8905668258666992,1.149725317955017,0.7020596265792847
10,train,0,1.0,1.0,0,PVC_20_0,10,0.30000001192092896,7500.0,5.529600143432617,1.2444380521774292,0.676024854183197,0.6896857619285583,-0.013660878874361515,0.3949422240257263,0.29474353790283203,0.024026717990636826,0.1471662074327469,0.12355060875415802,0.09599050879478455,0.25704047083854675,0.25704047083854675,1.5263466835021973,1.472975730895996,0.7056229114532471,0.9301102161407471,106.02204132080078,0.44671234488487244,0.8670918941497803,1.1739460229873657,0.6954366564750671
11,train,0,1.0,1.0,0,PVC_20_0,11,0.32499998807907104,8125.0,6.48960018157959,1.354056715965271,0.7687281370162964,0.7862367630004883,-0.017508599907159805,0.4511636197566986,0.3350731134414673,0.02666494809091091,0.16944044828414917,0.13896772265434265,0.2500753104686737,0.28148239850997925,0.28148239850997925,1.485694408416748,1.4524521827697754,0.702265739440918,0.8688808679580688,93.77617645263672,0.43761634826660156,0.8488195538520813,1.1979323625564575,0.6899705529212952
12,val,0,1.0,1.0,0,PVC_20_0,12,0.3499999940395355,8750.0,7.526400089263916,1.6986725330352783,0.8658574223518372,0.8875579237937927,-0.021700486540794373,0.509722888469696,0.3778350353240967,0.029456231743097305,0.1932913064956665,0.15508751571178436,0.5733868479728699,0.30520471930503845,0.30520471930503845,1.4473055601119995,1.4345148801803589,0.6995915770530701,0.778120756149292,75.62416076660156,0.4291988015174866,0.8346689939498901,1.22108793258667,0.6854187250137329
13,train,0,1.0,1.0,0,PVC_20_0,13,0.375,9375.0,8.640000343322754,1.9440239667892456,0.9674713015556335,0.9937258958816528,-0.026254599913954735,0.5706710815429688,0.42305484414100647,0.0324103981256485,0.2187083214521408,0.17193612456321716,0.8262953162193298,0.3283105492591858,0.3283105492591858,1.4115148782730103,1.4186912775039673,0.6975057125091553,0.7271667718887329,65.43335723876953,0.42147067189216614,0.8237648010253906,1.2430211305618286,0.6815976500511169
14,val,0,1.0,1.0,0,PVC_20_0,14,0.4000000059604645,10000.0,9.830400466918945,2.125422716140747,1.0736682415008545,1.1048545837402344,-0.031186340376734734,0.6340947151184082,0.47075992822647095,0.03553518280386925,0.24568410217761993,0.18954066932201385,1.0331017971038818,0.3509112596511841,0.3509112596511841,1.3784666061401367,1.4046181440353394,0.6959248781204224,0.6930793523788452,58.615875244140625,0.4144173264503479,0.8154157400131226,1.2635059356689453,0.6783673763275146
15,train,0,1.0,1.0,0,PVC_20_0,15,0.42500001192092896,10625.0,11.097599983215332,2.3944380283355713,1.184568166732788,1.2210770845413208,-0.0365089476108551,0.7000991106033325,0.5209779739379883,0.038836754858493805,0.27421462535858154,0.20792663097381592,1.2118146419525146,0.3731164038181305,0.3731164038181305,1.3481673002243042,1.3920100927352905,0.6947762370109558,0.6676045656204224,53.52091598510742,0.40800637006759644,0.8090817928314209,1.2824405431747437,0.6756186485290527
16,train,0,1.0,1.0,0,PVC_20_0,16,0.44999998807907104,11250.0,12.44159984588623,2.6817269325256348,1.3003010749816895,1.3425331115722656,-0.042232073843479156,0.7687954902648926,0.5737376809120178,0.04232022166252136,0.30429962277412415,0.22711783647537231,1.370949149131775,0.395028293132782,0.395028293132782,1.3205292224884033,1.380639910697937,0.6939952373504639,0.6474189162254333,49.48377990722656,0.40219584107398987,0.8043437600135803,1.2998125553131104,0.6732665300369263
17,train,0,1.0,1.0,0,PVC_20_0,17,0.4749999940395355,11875.0,13.86240005493164,2.9678232669830322,1.4209963083267212,1.4693593978881836,-0.048363134264945984,0.8402923941612244,0.6290670037269592,0.04598984494805336,0.33594176173210144,0.24713538587093353,1.515420913696289,0.4167393147945404,0.4167393147945404,1.295404314994812,1.3703252077102661,0.6935256719589233,0.6308286190032959,46.16572570800781,0.39693811535835266,0.8008754253387451,1.3156687021255493,0.6712433695793152
18,train,0,1.0,1.0,0,PVC_20_0,18,0.5,12500.0,15.359999656677246,3.0878708362579346,1.546774983406067,1.6016812324523926,-0.05490628629922867,0.9146889448165894,0.6869922876358032,0.049849122762680054,0.3691456913948059,0.26799747347831726,1.6484487056732178,0.4383312165737152,0.4383312165737152,1.2726106643676758,1.3609161376953125,0.6933186650276184,0.6168425679206848,43.36851501464844,0.3921844959259033,0.7984219193458557,1.3300926685333252,0.6694955229759216
19,train,0,1.0,1.0,1,PVC_20_180,0,0.05000000074505806,1250.0,0.15360000729560852,0.30792152881622314,0.040935177356004715,0.03483893722295761,0.006096239201724529,0.008082800544798374,0.02675613760948181,0.017246272414922714,7.398479606735009e-09,0.009509856812655926,0.013280894607305527,1.3017747316988583e-22,0.013280894607305527,1.124563455581665,2.260254144668579,0.6038156747817993,0.9950531721115112,119.01063537597656,0.6968390941619873,1.4599707126617432,0.7779439091682434,0.8050500154495239
20,val,0,1.0,1.0,1,PVC_20_180,1,0.07500000298023224,1875.0,0.3456000089645386,0.17357100546360016,0.09067600965499878,0.07737290859222412,0.013303100131452084,0.019868750125169754,0.057504162192344666,0.037403274327516556,1.6349325449027674e-08,0.020100872963666916,0.030723044648766518,2.8289993467871503e-22,0.030723044648766518,1.2285990715026855,2.1583328247070312,0.5822164416313171,0.9886112809181213,117.72225952148438,0.695533275604248,1.4764866828918457,0.8313741683959961,0.7934777736663818
21,val,0,1.0,1.0,1,PVC_20_180,2,0.10000000149011612,2500.0,0.6144000291824341,0.34319770336151123,0.15833306312561035,0.13563638925552368,0.022696666419506073,0.03764849901199341,0.09798789024353027,0.06383031606674194,2.884569028083206e-08,0.034157540649175644,0.05678054317831993,4.807654095618108e-22,0.05678054317831993,1.309512734413147,2.092135190963745,0.574019193649292,0.9791058301925659,115.8211669921875,0.6866573095321655,1.4810709953308105,0.874509871006012,0.7925661206245422
22,train,0,1.0,1.0,1,PVC_20_180,3,0.125,3125.0,0.9599999785423279,0.31932196021080017,0.24342170357704163,0.20935842394828796,0.03406328335404396,0.06155829504132271,0.14780013263225555,0.09614188224077225,4.4929688414185875e-08,0.051658209413290024,0.09318999201059341,7.104417698677035e-22,0.09318999201059341,1.370341181755066,2.047672748565674,0.5718744993209839,0.9660651087760925,113.21302032470703,0.6763551235198975,1.4809352159500122,0.9076477885246277,0.7957245111465454
23,train,0,1.0,1.0,1,PVC_20_180,4,0.15000000596046448,3750.0,1.3824000358581543,0.31083568930625916,0.34557852149009705,0.29826927185058594,0.04730925336480141,0.09158346056938171,0.20668582618236542,0.13408979773521423,6.461471713237188e-08,0.07259596884250641,0.14211547374725342,3.0935381589327246e-21,0.14211547374725342,1.4157829284667969,2.015233278274536,0.5726011991500854,0.9489836692810059,109.7967300415039,0.6667489409446716,1.4784420728683472,0.9331448078155518,0.8004257678985596
24,train,0,1.0,1.0,1,PVC_20_180,5,0.17499999701976776,4375.0,1.881600022315979,0.5591400265693665,0.46437567472457886,0.4019779860973358,0.06239768862724304,0.12764456868171692,0.2743334174156189,0.1774080991744995,8.788524041847268e-08,0.09692522138357162,0.20557907223701477,4.078542853266631e-21,0.20557907223701477,1.4497344493865967,1.9890196323394775,0.5747518539428711,0.927563488483429,105.51270294189453,0.6584007740020752,1.4745066165924072,0.9531695246696472,0.805582582950592
25,train,0,1.0,1.0,1,PVC_20_180,6,0.20000000298023224,5000.0,2.4576001167297363,0.6062102913856506,0.5992740392684937,0.5199646949768066,0.07930933684110641,0.16963082551956177,0.3503338396549225,0.22578127682209015,1.1469628447002833e-07,0.12455244362354279,0.28418269753456116,5.143182058862414e-21,0.28418269753456116,1.475050449371338,1.9657204151153564,0.5776260495185852,0.9021280407905579,100.42560577392578,0.6513307094573975,1.4695465564727783,0.9693024158477783,0.8106766939163208
26,train,0,1.0,1.0,1,PVC_20_180,7,0.22499999403953552,5625.0,3.1103999614715576,0.8631705045700073,0.7496293783187866,0.651607871055603,0.09802152961492538,0.21741293370723724,0.4341949224472046,0.2788528800010681,1.4497734923679673e-07,0.15534187853336334,0.3756729066371918,6.2701978720074416e-21,0.3756729066371918,1.4937658309936523,1.943507432937622,0.5808631181716919,0.8739358186721802,94.78716278076172,0.6453935503959656,1.4637876749038696,0.9826312065124512,0.8154389262199402
27,train,0,1.0,1.0,1,PVC_20_180,8,0.25,6250.0,3.8399999141693115,1.0573121309280396,0.9147189259529114,0.7962198257446289,0.11849910020828247,0.27085036039352417,0.5253694653511047,0.3362441062927246,1.7863956713881635e-07,0.189125195145607,0.47503334283828735,2.200904255082346e-21,0.47503334283828735,1.5073410272598267,1.9214224815368652,0.5842664241790771,0.8448962569236755,88.97925567626953,0.6404122114181519,1.457373857498169,0.9939035177230835,0.8197202086448669
28,val,0,1.0,1.0,1,PVC_20_180,9,0.2750000059604645,6875.0,4.646399974822998,1.2427419424057007,1.0937659740447998,0.9530746936798096,0.14069131016731262,0.32979318499565125,0.6232814788818359,0.3975699543952942,2.1558246032782336e-07,0.22571134567260742,0.5766147971153259,2.6106018041597455e-21,0.5766147971153259,1.516835331916809,1.8990153074264526,0.5877230167388916,0.8167735934257507,83.3547134399414,0.6362204551696777,1.45041024684906,1.0036430358886719,0.8234374523162842
29,train,0,1.0,1.0,1,PVC_20_180,10,0.30000001192092896,7500.0,5.529600143432617,1.5060391426086426,1.2859675884246826,1.1214344501495361,0.1645331233739853,0.39408549666404724,0.7273489236831665,0.46245327591896057,2.557011100634554e-07,0.26489534974098206,0.6762266159057617,3.0584045913771367e-21,0.6762266159057617,1.5230357646942139,1.876132845878601,0.5911650061607361,0.7906438708305359,78.12877655029297,0.6326736211776733,1.4429817199707031,1.0122275352478027,0.8265464901924133
30,train,0,1.0,1.0,1,PVC_20_180,11,0.32499998807907104,8125.0,6.48960018157959,1.597334623336792,1.4905129671096802,1.3005658388137817,0.18994711339473724,0.46356579661369324,0.8370000123977661,0.5305334329605103,2.988907112921879e-07,0.306466281414032,0.771656334400177,3.5438832744536875e-21,0.771656334400177,1.526535153388977,1.8527896404266357,0.5945497751235962,0.766912579536438,73.38251495361328,0.6296482682228088,1.4351609945297241,1.0199371576309204,0.8290305733680725
31,train,0,1.0,1.0,1,PVC_20_180,12,0.3499999940395355,8750.0,7.526400089263916,1.9695085287094116,1.7066022157669067,1.4897558689117432,0.21684636175632477,0.5380690693855286,0.9516868591308594,0.6014732122421265,3.450502674695599e-07,0.35021328926086426,0.8621596693992615,1.1680538468040135e-22,0.8621596693992615,1.5277916193008423,1.8290895223617554,0.5978506803512573,0.7455744743347168,69.1148910522461,0.627040445804596,1.4270148277282715,1.0269826650619507,0.8308924436569214
32,train,0,1.0,1.0,1,PVC_20_180,13,0.375,9375.0,8.640000343322754,2.2906291484832764,1.9334615468978882,1.688323974609375,0.24513761699199677,0.6174284815788269,1.0708954334259033,0.6749635338783264,3.940853616768436e-07,0.3959314525127411,0.9478147625923157,1.0756810115930194e-22,0.9478147625923157,1.5271660089492798,1.805179238319397,0.6010504961013794,0.7264378666877747,65.2875747680664,0.6247623562812805,1.4186044931411743,1.0335265398025513,0.8321488499641418
33,train,0,1.0,1.0,1,PVC_20_180,14,0.4000000059604645,10000.0,9.830400466918945,2.650298833847046,2.170349359512329,1.8956260681152344,0.2747233510017395,0.701475203037262,1.1941508054733276,0.7507249712944031,4.45909421387114e-07,0.4434254467487335,1.0290770530700684,9.475226058219414e-23,1.0290770530700684,1.524945855140686,1.7812174558639526,0.6041384935379028,0.7092531323432922,61.850624084472656,0.6227408051490784,1.4099876880645752,1.039694905281067,0.8328275084495544
34,train,0,1.0,1.0,1,PVC_20_180,15,0.42500001192092896,10625.0,11.097599983215332,2.8269872665405273,2.4165751934051514,2.111069917678833,0.30550524592399597,0.7900434136390686,1.3210265636444092,0.8285118341445923,5.004454806112335e-07,0.4925141930580139,1.1065337657928467,8.751692933370289e-23,1.1065337657928467,1.5213713645935059,1.7573643922805786,0.6071087121963501,0.6937710642814636,58.754215240478516,0.6209138631820679,1.4012203216552734,1.045584797859192,0.8329643607139587
35,val,0,1.0,1.0,1,PVC_20_180,16,0.44999998807907104,11250.0,12.44159984588623,3.2195968627929688,2.671490430831909,2.3341057300567627,0.3373846113681793,0.8829676508903503,1.4511380195617676,0.9081071019172668,5.576241051130637e-07,0.5430303812026978,1.1807831525802612,1.4413170314209997e-23,1.1807831525802612,1.516637921333313,1.7337632179260254,0.6099581718444824,0.6797662973403931,55.95326232910156,0.6192293167114258,1.3923536539077759,1.0512722730636597,0.8326004147529602
36,train,0,1.0,1.0,1,PVC_20_180,17,0.4749999940395355,11875.0,13.86240005493164,3.643343448638916,2.934511423110962,2.5642459392547607,0.37026548385620117,0.9800882935523987,1.5841577053070068,0.9893305897712708,6.173863766889554e-07,0.5948264598846436,1.2523813247680664,2.179188649855603e-23,1.2523813247680664,1.5109152793884277,1.7105432748794556,0.6126861572265625,0.6670430302619934,53.408607482910156,0.6176452040672302,1.3834384679794312,1.056814193725586,0.8317803144454956
37,train,0,1.0,1.0,1,PVC_20_180,18,0.5,12500.0,15.359999656677246,4.037886619567871,3.2051053047180176,2.8010501861572266,0.4040551483631134,1.0812510251998901,1.719799280166626,1.0720285177230835,6.796801130803942e-07,0.6477700471878052,1.3218237161636353,7.380154498657305e-22,1.3218237161636353,1.5043491125106812,1.6878132820129395,0.6152937412261963,0.6554343104362488,51.08686828613281,0.616125762462616,1.3745208978652954,1.0622539520263672,0.8305501937866211
38,train,0,1.0,1.0,2,PVC_10_0,0,0.05000000074505806,1250.0,0.15360000729560852,0.004296653904020786,0.02001182548701763,0.020220670849084854,-0.0002088444889523089,0.01021887268871069,0.01000179722905159,0.000746958889067173,0.0036930080968886614,0.005561830475926399,0.00040676744538359344,0.006354009732604027,0.006354009732604027,1.4217560291290283,1.5788805484771729,0.7463827133178711,0.9039982557296753,100.79964447021484,0.7625267505645752,1.0607644319534302,1.095930576324463,1.2319186925888062
39,train,0,1.0,1.0,2,PVC_10_0,1,0.07500000298023224,1875.0,0.3456000089645386,0.0044425735250115395,0.042931098490953445,0.04435563087463379,-0.0014245308702811599,0.024378959089517593,0.019976671785116196,0.0014289076207205653,0.007367976475507021,0.01117978896945715,0.0009348801104351878,0.013912936672568321,0.013912936672568321,1.507491111755371,1.4854586124420166,0.7619549036026001,0.9087178111076355,101.7435531616211,0.72280353307724,1.0112708806991577,1.0673930644989014,1.234067678451538
40,train,0,1.0,1.0,2,PVC_10_0,2,0.10000000149011612,2500.0,0.6144000291824341,0.11792551726102829,0.0729125440120697,0.07652036845684052,-0.0036078214179724455,0.04479340463876724,0.03172696381807327,0.0021668258123099804,0.011682359501719475,0.01787777990102768,0.001714052981697023,0.02382538840174675,0.02382538840174675,1.5580313205718994,1.4072761535644531,0.7783536911010742,0.91482013463974,102.96401977539062,0.685055673122406,0.9606948494911194,1.0379037857055664,1.2362806797027588
41,val,0,1.0,1.0,2,PVC_10_0,3,0.125,3125.0,0.9599999785423279,0.3397746682167053,0.10927402973175049,0.11590461432933807,-0.006630587857216597,0.07115873694419861,0.044745877385139465,0.002926143351942301,0.016454946249723434,0.025364790111780167,0.0027921691071242094,0.035525012761354446,0.035525012761354446,1.5840553045272827,1.3446135520935059,0.7931703925132751,0.9218372106552124,104.36743927001953,0.6506702303886414,0.9149215817451477,1.0117199420928955,1.2369768619537354
42,train,0,1.0,1.0,2,PVC_10_0,4,0.15000000596046448,3750.0,1.3824000358581543,0.16250543296337128,0.15147365629673004,0.16183416545391083,-0.010360509157180786,0.10306906700134277,0.058765098452568054,0.0037008102517575026,0.021607469767332077,0.033456820994615555,0.004245518706738949,0.04842253029346466,0.04842253029346466,1.5933382511138916,1.2948415279388428,0.8055010437965393,0.9292217493057251,105.84434509277344,0.6197969913482666,0.8760218024253845,0.99037104845047,1.235221266746521
43,val,0,1.0,1.0,2,PVC_10_0,5,0.17499999701976776,4375.0,1.881600022315979,0.17313167452812195,0.1989901065826416,0.21371936798095703,-0.014729267917573452,0.1401287466287613,0.07359061390161514,0.004491837695240974,0.02710212953388691,0.04199664667248726,0.006197645794600248,0.06197976693511009,0.06197976693511009,1.5915244817733765,1.2548519372940063,0.8152689933776855,0.9363734722137451,107.27469635009766,0.5920518636703491,0.843844473361969,0.9740538597106934,1.2305378913879395
44,train,0,1.0,1.0,2,PVC_10_0,6,0.20000000298023224,5000.0,2.4576001167297363,0.32816481590270996,0.25130999088287354,0.27103695273399353,-0.019726963713765144,0.18198364973068237,0.08905330300331116,0.005300607997924089,0.032917626202106476,0.05083507299423218,0.008858030661940575,0.07576147466897964,0.07576147466897964,1.5824663639068604,1.222163200378418,0.8227411508560181,0.9426351189613342,108.52703094482422,0.5669475793838501,0.8174482583999634,0.9623697400093079,1.2227567434310913
45,val,0,1.0,1.0,2,PVC_10_0,7,0.22499999403953552,5625.0,3.1103999614715576,0.4748879671096802,0.307953804731369,0.3333287835121155,-0.025374989956617355,0.22831732034683228,0.1050114706158638,0.006128611508756876,0.039044417440891266,0.059838440269231796,0.012609980069100857,0.0894559770822525,0.0894559770822525,1.5686858892440796,1.195047378540039,0.8282740712165833,0.9472165703773499,109.44332122802734,0.5440848469734192,0.7958147525787354,0.9547218084335327,1.211915135383606
46,val,0,1.0,1.0,2,PVC_10_0,8,0.25,6250.0,3.8399999141693115,0.5574852824211121,0.36850133538246155,0.40020328760147095,-0.0317019522190094,0.27884265780448914,0.12136062234640121,0.006978194694966078,0.04548461362719536,0.06889781355857849,0.01824268512427807,0.10286881029605865,0.10286881029605865,1.5518198013305664,1.1723376512527466,0.8322106003761292,0.9489527344703674,109.79054260253906,0.5231847763061523,0.7780758142471313,0.9505000710487366,1.1981916427612305
47,train,0,1.0,1.0,2,PVC_10_0,9,0.2750000059604645,6875.0,4.646399974822998,0.5972995758056641,0.43260613083839417,0.4713345468044281,-0.03872840479016304,0.3332962393760681,0.13803830742835999,0.00785285234451294,0.05225152149796486,0.07793393731117249,0.027722017839550972,0.11590054631233215,0.11590054631233215,1.532947063446045,1.1532196998596191,0.8348495960235596,0.9455310702323914,109.10620880126953,0.5040655732154846,0.7635362148284912,0.9491501450538635,1.181873083114624
48,train,0,1.0,1.0,2,PVC_10_0,10,0.30000001192092896,7500.0,5.529600143432617,0.7768981456756592,0.4999992251396179,0.5464591979980469,-0.04645998403429985,0.39143720269203186,0.15502199530601501,0.008757036179304123,0.059367746114730835,0.08689721673727036,0.04799525439739227,0.12852023541927338,0.12852023541927338,1.512800693511963,1.1370880603790283,0.8364425897598267,0.9301102161407471,106.02204132080078,0.48660480976104736,0.7516417503356934,0.950189471244812,1.1633265018463135
49,val,0,1.0,1.0,2,PVC_10_0,11,0.32499998807907104,8125.0,6.48960018157959,0.982464611530304,0.5704854130744934,0.6253721714019775,-0.05488673225045204,0.45304998755455017,0.17232218384742737,0.009695746004581451,0.06686235964298248,0.09576407074928284,0.12503765523433685,0.14074119925498962,0.14074119925498962,1.4919064044952393,1.1234620809555054,0.8371994495391846,0.8688808679580688,93.77617645263672,0.47070664167404175,0.7419463396072388,0.9532046318054199,1.1429728269577026
50,train,0,1.0,1.0,2,PVC_10_0,12,0.3499999940395355,8750.0,7.526400089263916,1.096636176109314,0.6439372897148132,0.7079229354858398,-0.0639856606721878,0.5179474353790283,0.18997548520565033,0.01067415438592434,0.07476836442947388,0.10453296452760696,0.28669342398643494,0.15260235965251923,0.15260235965251923,1.4706580638885498,1.1119451522827148,0.8372950553894043,0.778120756149292,75.62416076660156,0.4562833607196808,0.7340845465660095,0.9578423500061035,1.121264100074768
51,train,0,1.0,1.0,2,PVC_10_0,13,0.375,9375.0,8.640000343322754,1.2108826637268066,0.7202842235565186,0.7940088510513306,-0.07372462749481201,0.5859715938568115,0.20803728699684143,0.01169732864946127,0.08312023431062698,0.1132197305560112,0.4131476581096649,0.1641552746295929,0.1641552746295929,1.449359655380249,1.1022018194198608,0.8368743658065796,0.7271667718887329,65.43335723876953,0.4432455897331238,0.7277551889419556,0.9638005495071411,1.098658561706543
52,train,0,1.0,1.0,2,PVC_10_0,14,0.4000000059604645,10000.0,9.830400466918945,1.3690028190612793,0.7995046377182007,0.8835715651512146,-0.08406689763069153,0.656995952129364,0.22657561302185059,0.012770074419677258,0.0919523686170578,0.12185317277908325,0.5165508985519409,0.17545562982559204,0.17545562982559204,1.4282519817352295,1.0939481258392334,0.8360581994056702,0.6930793523788452,58.615875244140625,0.43149885535240173,0.7227094173431396,0.9708200693130493,1.0755958557128906
53,train,0,1.0,1.0,2,PVC_10_0,15,0.42500001192092896,10625.0,11.097599983215332,1.6664570569992065,0.881614089012146,0.9765886068344116,-0.09497449547052383,0.7309234142303467,0.24566522240638733,0.013896780088543892,0.10129757225513458,0.130470871925354,0.6059073209762573,0.18655820190906525,0.18655820190906525,1.4075250625610352,1.0869423151016235,0.8349462151527405,0.6676045656204224,53.52091598510742,0.42094406485557556,0.7187405824661255,0.9786797165870667,1.0524792671203613
54,val,0,1.0,1.0,2,PVC_10_0,16,0.44999998807907104,11250.0,12.44159984588623,1.7020379304885864,0.9666596055030823,1.0730702877044678,-0.1064106747508049,0.8076857924461365,0.2653844952583313,0.015081464312970638,0.11118672788143158,0.1391163021326065,0.6854745745658875,0.197514146566391,0.197514146566391,1.387329339981079,1.0809812545776367,0.8336201906204224,0.6474189162254333,49.48377990722656,0.41148102283477783,0.7156773209571838,0.9871894717216492,1.0296598672866821
55,train,0,1.0,1.0,2,PVC_10_0,17,0.4749999940395355,11875.0,13.86240005493164,1.914313793182373,1.0547070503234863,1.173048734664917,-0.11834172159433365,0.8872376084327698,0.28581106662750244,0.016327735036611557,0.12164801359176636,0.14783529937267303,0.7577104568481445,0.2083696573972702,0.2083696573972702,1.367775559425354,1.0758945941925049,0.8321468234062195,0.6308286190032959,46.16572570800781,0.4030100107192993,0.7133782505989075,0.9961873888969421,1.0074282884597778
56,train,0,1.0,1.0,2,PVC_10_0,18,0.5,12500.0,15.359999656677246,2.087332010269165,1.1458390951156616,1.2765772342681885,-0.13073816895484924,0.9695568680763245,0.30702030658721924,0.01763884723186493,0.1327071189880371,0.156674325466156,0.8242243528366089,0.2191656082868576,0.2191656082868576,1.34894859790802,1.0715402364730835,0.8305793404579163,0.6168425679206848,43.36851501464844,0.3954354524612427,0.7117259502410889,1.0055363178253174,0.9860125184059143
57,val,0,1.0,1.0,3,PVC_10_180,0,0.05000000074505806,1250.0,0.15360000729560852,0.1761522889137268,0.02322450838983059,0.020387781783938408,0.002836726838722825,0.007383722346276045,0.013004058972001076,0.007897810079157352,3.3669425025806277e-09,0.005106245167553425,0.006640447303652763,6.508873658494291e-23,0.006640447303652763,1.0273003578186035,1.9031133651733398,0.6120834350585938,0.9950531721115112,119.01063537597656,0.8100357055664062,1.366175651550293,0.7136515378952026,0.8832862973213196
58,val,0,1.0,1.0,3,PVC_10_180,1,0.07500000298023224,1875.0,0.3456000089645386,0.1749381422996521,0.05486483871936798,0.048261020332574844,0.006603818386793137,0.019326291978359222,0.028934728354215622,0.018022648990154266,7.291071302262253e-09,0.010912071913480759,0.015361522324383259,1.4144996733935752e-22,0.015361522324383259,1.1950557231903076,1.8432285785675049,0.5928868651390076,0.9886112809181213,117.72225952148438,0.8255416750907898,1.4037398099899292,0.7183710336685181,0.8499144315719604
59,train,0,1.0,1.0,3,PVC_10_180,2,0.10000000149011612,2500.0,0.6144000291824341,0.10751472413539886,0.10076870024204254,0.08926977217197418,0.011498931795358658,0.03866555169224739,0.05060421675443649,0.03189506381750107,1.2569973506515453e-08,0.01870914362370968,0.028390271589159966,2.403827047809054e-22,0.028390271589159966,1.3448885679244995,1.799662709236145,0.582950234413147,0.9791058301925659,115.8211669921875,0.831266462802887,1.421349287033081,0.7206783890724182,0.8337411880493164
60,train,0,1.0,1.0,3,PVC_10_180,3,0.125,3125.0,0.9599999785423279,0.198393777012825,0.16019827127456665,0.14332731068134308,0.01687096804380417,0.06581296771764755,0.07751434296369553,0.04909970238804817,1.9107151416619672e-08,0.028414620086550713,0.04659499600529671,3.5522088493385176e-22,0.04659499600529671,1.4650537967681885,1.7629538774490356,0.5786590576171875,0.9660651087760925,113.21302032470703,0.8316286206245422,1.4288848638534546,0.7206971645355225,0.8269137144088745
61,train,0,1.0,1.0,3,PVC_10_180,4,0.15000000596046448,3750.0,1.3824000358581543,0.27636855840682983,0.2318347543478012,0.2097894847393036,0.02204527147114277,0.10074928402900696,0.10904019325971603,0.0691557303071022,2.6779982675861902e-08,0.03988443315029144,0.07105773687362671,1.5467690794663623e-21,0.07105773687362671,1.5574767589569092,1.7266461849212646,0.5778295397758484,0.9489836692810059,109.7967300415039,0.8294374346733093,1.4307620525360107,0.719136118888855,0.8251684904098511
62,train,0,1.0,1.0,3,PVC_10_180,5,0.17499999701976776,4375.0,1.881600022315979,0.3855060040950775,0.31427428126335144,0.2878110408782959,0.026463251560926437,0.14330437779426575,0.14450667798519135,0.09156735241413116,3.545599369658703e-08,0.052939292043447495,0.10278953611850739,2.0392714266333154e-21,0.10278953611850739,1.627591848373413,1.6881128549575806,0.5791463255882263,0.927563488483429,105.51270294189453,0.8262126445770264,1.4291571378707886,0.7166415452957153,0.8262614011764526
63,train,0,1.0,1.0,3,PVC_10_180,6,0.20000000298023224,5000.0,2.4576001167297363,0.4729076027870178,0.40628260374069214,0.3765448331832886,0.02973778359591961,0.19324928522109985,0.18329554796218872,0.11589007079601288,4.501284323055188e-08,0.06740543991327286,0.14209134876728058,2.571591029431207e-21,0.14209134876728058,1.680428385734558,1.6472139358520508,0.5817852020263672,0.9021280407905579,100.42560577392578,0.8226959705352783,1.4252976179122925,0.7136649489402771,0.8289994597434998
64,train,0,1.0,1.0,3,PVC_10_180,7,0.22499999403953552,5625.0,3.1103999614715576,0.585237979888916,0.506889820098877,0.47523948550224304,0.0316503569483757,0.2503230571746826,0.22491642832756042,0.14177405834197998,5.53522347956914e-08,0.08314230293035507,0.1878364533185959,3.1350989360037208e-21,0.1878364533185959,1.7198795080184937,1.604981780052185,0.5852083563804626,0.8739358186721802,94.78716278076172,0.8192081451416016,1.4199600219726562,0.7105019688606262,0.8327246308326721
65,train,0,1.0,1.0,3,PVC_10_180,8,0.25,6250.0,3.8399999141693115,0.6845232844352722,0.6153920888900757,0.5832747220993042,0.03211735561490059,0.31424564123153687,0.2690291106700897,0.1689765602350235,6.640513561251282e-08,0.10005249083042145,0.23751667141914368,1.100452127541173e-21,0.23751667141914368,1.7488452196121216,1.5627615451812744,0.5890544056892395,0.8448962569236755,88.97925567626953,0.8158547282218933,1.4136751890182495,0.7073439955711365,0.8370493054389954
66,train,0,1.0,1.0,3,PVC_10_180,9,0.2750000059604645,6875.0,4.646399974822998,0.8764917254447937,0.731304407119751,0.7001549005508423,0.03114953637123108,0.3847258985042572,0.3154289722442627,0.19735029339790344,7.812980129529024e-08,0.11807861924171448,0.28830739855766296,1.3053009020798728e-21,0.28830739855766296,1.769490361213684,1.5217516422271729,0.5930784940719604,0.8167735934257507,83.3547134399414,0.8126422762870789,1.406818151473999,0.7043134570121765,0.8417273759841919
67,train,0,1.0,1.0,3,PVC_10_180,10,0.30000001192092896,7500.0,5.529600143432617,0.9029657244682312,0.8543018102645874,0.8254863023757935,0.028815485537052155,0.46147117018699646,0.3640151023864746,0.22682124376296997,9.050631177842661e-08,0.13719375431537628,0.33811330795288086,1.5292022956885683e-21,0.33811330795288086,1.7834633588790894,1.48282790184021,0.5971162915229797,0.7906438708305359,78.12877655029297,0.8095381259918213,1.3996578454971313,0.7014865279197693,0.846588671207428
68,train,0,1.0,1.0,3,PVC_10_180,11,0.32499998807907104,8125.0,6.48960018157959,1.0138746500015259,0.9841594696044922,0.9589461088180542,0.025213347747921944,0.5441904664039612,0.414755642414093,0.2573651671409607,1.035299135310197e-07,0.15739038586616516,0.3858281672000885,1.7719416372268438e-21,0.3858281672000885,1.7920345067977905,1.446528673171997,0.6010599732398987,0.766912579536438,73.38251495361328,0.8065009117126465,1.392386794090271,0.6989070773124695,0.8515071868896484
69,train,0,1.0,1.0,3,PVC_10_180,12,0.3499999940395355,8750.0,7.526400089263916,1.313947081565857,1.1207116842269897,1.1002585887908936,0.020453067496418953,0.6326006054878235,0.4676579236984253,0.2889867126941681,1.172050332343133e-07,0.17867107689380646,0.43107983469963074,5.840269234020067e-23,0.43107983469963074,1.7962039709091187,1.4131081104278564,0.604842483997345,0.7455744743347168,69.1148910522461,0.8034917116165161,1.3851401805877686,0.6965962648391724,0.8563871383666992
70,train,0,1.0,1.0,3,PVC_10_180,13,0.375,9375.0,8.640000343322754,1.5928974151611328,1.263818383216858,1.249173641204834,0.014644794166088104,0.7264263033866882,0.5227473974227905,0.3217054307460785,1.3154090083844494e-07,0.20104186236858368,0.47390738129615784,5.378405057965097e-23,0.47390738129615784,1.7967644929885864,1.3826113939285278,0.6084250211715698,0.7264378666877747,65.2875747680664,0.800482451915741,1.3780109882354736,0.6945591568946838,0.8611539006233215
71,val,0,1.0,1.0,3,PVC_10_180,14,0.4000000059604645,10000.0,9.830400466918945,1.7449835538864136,1.4133485555648804,1.4054560661315918,0.007892445661127567,0.8254023194313049,0.5800537467002869,0.3555460572242737,1.4654840185812645e-07,0.22450755536556244,0.5145385265350342,4.737613029109707e-23,0.5145385265350342,1.794352650642395,1.354947805404663,0.6117889285087585,0.7092531323432922,61.850624084472656,0.7974521517753601,1.3710628747940063,0.6927910447120667,0.8657499551773071
72,train,0,1.0,1.0,3,PVC_10_180,15,0.42500001192092896,10625.0,11.097599983215332,1.9275760650634766,1.5691667795181274,1.5688755512237549,0.00029125792207196355,0.9292741417884827,0.6396013498306274,0.3905317485332489,1.622383507537961e-07,0.2490694224834442,0.5532668828964233,4.3758464666851443e-23,0.5532668828964233,1.789485216140747,1.3299428224563599,0.6149292588233948,0.6937710642814636,58.754215240478516,0.7943892478942871,1.3643348217010498,0.6912803649902344,0.8701317310333252
73,train,0,1.0,1.0,3,PVC_10_180,16,0.44999998807907104,11250.0,12.44159984588623,2.2017436027526855,1.731132984161377,1.739206314086914,-0.008073385804891586,1.0377987623214722,0.7014075517654419,0.426682710647583,1.7862059564777155e-07,0.27472469210624695,0.5903915762901306,7.206585157104998e-24,0.5903915762901306,1.7825852632522583,1.3073840141296387,0.6178498864173889,0.6797662973403931,55.95326232910156,0.7912865877151489,1.357850193977356,0.6900119185447693,0.8742676973342896
74,train,0,1.0,1.0,3,PVC_10_180,17,0.4749999940395355,11875.0,13.86240005493164,2.481191635131836,1.8990978002548218,1.9162237644195557,-0.017125997692346573,1.1507447957992554,0.7654789686203003,0.4640136659145355,1.9570326514894987e-07,0.30146512389183044,0.6261906623840332,1.0895943249278015e-23,0.6261906623840332,1.7740012407302856,1.2870410680770874,0.6205602884292603,0.6670430302619934,53.408607482910156,0.7881424427032471,1.3516217470169067,0.6889691352844238,0.8781353831291199
75,val,0,1.0,1.0,3,PVC_10_180,18,0.5,12500.0,15.359999656677246,2.5872838497161865,2.0729076862335205,2.0997073650360107,-0.026799656450748444,1.2678923606872559,0.8318150043487549,0.502535343170166,2.1349352152810752e-07,0.32927942276000977,0.6609118580818176,3.6900772493286525e-22,0.6609118580818176,1.764024019241333,1.2686902284622192,0.6230732202529907,0.6554343104362488,51.08686828613281,0.7849582433700562,1.3456532955169678,0.6881347298622131,0.8817209005355835
76,train,0,1.0,1.0,4,Rguijiao_20_0,0,0.05000000074505806,1250.0,0.5408450961112976,0.0793856531381607,0.03085479885339737,0.028539583086967468,0.0023152159992605448,0.011222719214856625,0.01731686294078827,0.0016946898540481925,0.008277945220470428,0.007344227749854326,0.0008497143280692399,0.012034342624247074,0.012034342624247074,1.561421513557434,1.749523401260376,0.8213289976119995,0.9132076501846313,102.64153289794922,0.6391304135322571,1.295620083808899,1.2018074989318848,0.8757408261299133
77,train,0,1.0,1.0,4,Rguijiao_20_0,1,0.07500000298023224,1875.0,1.216901421546936,0.06598012149333954,0.060548387467861176,0.057187244296073914,0.0033611441031098366,0.02492876537144184,0.03225848078727722,0.0032083194237202406,0.015775391831994057,0.01327476929873228,0.002076980657875538,0.024730108678340912,0.024730108678340912,1.541488766670227,1.6234745979309082,0.7985578775405884,0.9264792203903198,105.29583740234375,0.6094666719436646,1.2319591045379639,1.1831356287002563,0.7950376868247986
78,train,0,1.0,1.0,4,Rguijiao_20_0,2,0.10000000149011612,2500.0,2.1633803844451904,0.13217772543430328,0.09591785818338394,0.09239840507507324,0.0035194498486816883,0.043189167976379395,0.049209240823984146,0.004830895457416773,0.024378621950745583,0.019999723881483078,0.004223970230668783,0.03916126862168312,0.03916126862168312,1.5022318363189697,1.5198626518249512,0.7757738828659058,0.9396970868110657,107.93941497802734,0.5894169807434082,1.1524903774261475,1.1692993640899658,0.7441760897636414
79,train,0,1.0,1.0,4,Rguijiao_20_0,3,0.125,3125.0,3.380281686782837,0.19640156626701355,0.13626287877559662,0.13350918889045715,0.002753694076091051,0.0651111900806427,0.06839799135923386,0.006491281092166901,0.03421593829989433,0.027690773829817772,0.008221819996833801,0.053746797144412994,0.053746797144412994,1.4494316577911377,1.4435113668441772,0.7551883459091187,0.9483026266098022,109.66053009033203,0.5735195875167847,1.0724539756774902,1.1675175428390503,0.7135515809059143
80,val,0,1.0,1.0,4,Rguijiao_20_0,4,0.15000000596046448,3750.0,4.867605686187744,0.2594616115093231,0.1812223196029663,0.18005143105983734,0.0011708928504958749,0.08987024426460266,0.09018118679523468,0.00819911528378725,0.045549921691417694,0.03643215447664261,0.01782258413732052,0.06770908087491989,0.06770908087491989,1.389298439025879,1.3903791904449463,0.7377406358718872,0.9432054162025452,108.6410903930664,0.5586065649986267,1.0027250051498413,1.1777167320251465,0.6949310302734375
81,train,0,1.0,1.0,4,Rguijiao_20_0,5,0.17499999701976776,4375.0,6.625351905822754,0.35800719261169434,0.23055952787399292,0.2316601574420929,-0.0011006329441443086,0.11689962446689606,0.11476053297519684,0.009994029998779297,0.058561455458402634,0.04620504006743431,0.0833248496055603,0.08086365461349487,0.08086365461349487,1.32769775390625,1.353821873664856,0.7235407829284668,0.8541660308837891,90.83320617675781,0.5437254905700684,0.9474582076072693,1.1967689990997314,0.6832046508789062
82,train,0,1.0,1.0,4,Rguijiao_20_0,6,0.20000000298023224,5000.0,8.653521537780762,0.47495365142822266,0.28417322039604187,0.2881287932395935,-0.003955581225454807,0.14593099057674408,0.14219778776168823,0.011914980597794056,0.07332921773195267,0.05695357918739319,0.23541828989982605,0.09331627935171127,0.09331627935171127,1.2689650058746338,1.3282049894332886,0.7122934460639954,0.7266942262649536,65.3388442993164,0.5289943814277649,0.9060535430908203,1.221014142036438,0.6754972338676453
83,train,0,1.0,1.0,4,Rguijiao_20_0,7,0.22499999403953552,5625.0,10.952113151550293,0.5159441232681274,0.342085063457489,0.34940677881240845,-0.0073217060416936874,0.17692920565605164,0.17247755825519562,0.013989953324198723,0.0898619070649147,0.06862569600343704,0.33878958225250244,0.10526465624570847,0.10526465624570847,1.2156167030334473,1.3096144199371338,0.7035648822784424,0.6701484322547913,54.029693603515625,0.5148069262504578,0.8759920001029968,1.2473760843276978,0.6702126860618591
84,train,0,1.0,1.0,4,Rguijiao_20_0,8,0.25,6250.0,13.521126747131348,0.5834466218948364,0.4043969511985779,0.41555196046829224,-0.011155013926327229,0.2099974900484085,0.20555448532104492,0.016236688941717148,0.10813196748495102,0.08118582516908646,0.4210447072982788,0.11690676212310791,0.11690676212310791,1.1686816215515137,1.2955306768417358,0.696915864944458,0.6344692707061768,46.893856048583984,0.5014941096305847,0.854556143283844,1.2736759185791016,0.6664466261863708
85,train,0,1.0,1.0,4,Rguijiao_20_0,9,0.2750000059604645,6875.0,16.360563278198242,0.8144222497940063,0.47124746441841125,0.48667818307876587,-0.015430711209774017,0.2452973574399948,0.24138081073760986,0.018666129559278488,0.12810002267360687,0.0946146547794342,0.4909791052341461,0.1284092366695404,0.1284092366695404,1.128209114074707,1.2843804359436035,0.69195157289505,0.6089425683021545,41.788509368896484,0.4892440140247345,0.8394722938537598,1.298576831817627,0.6636705994606018
86,train,0,1.0,1.0,4,Rguijiao_20_0,10,0.30000001192092896,7500.0,19.470422744750977,0.9322099089622498,0.5427806377410889,0.5629159212112427,-0.020135262981057167,0.28299713134765625,0.27991876006126404,0.02128525637090206,0.14972896873950958,0.10890454798936844,0.552803099155426,0.13990218937397003,0.13990218937397003,1.0937086343765259,1.275185227394104,0.688338577747345,0.5894266963005066,37.88533401489258,0.4781191349029541,0.8290174603462219,1.3213887214660645,0.6615654826164246
87,val,0,1.0,1.0,4,Rguijiao_20_0,11,0.32499998807907104,8125.0,22.850704193115234,0.985845148563385,0.6191313862800598,0.6443921327590942,-0.02526075579226017,0.3232479393482208,0.3211442232131958,0.024098875001072884,0.17298994958400726,0.1240554004907608,0.6090114116668701,0.15148326754570007,0.15148326754570007,1.0644645690917969,1.267333984375,0.6858012676239014,0.5738567113876343,34.77134704589844,0.4680986702442169,0.8219364881515503,1.341856837272644,0.6599320769309998
88,train,0,1.0,1.0,4,Rguijiao_20_0,12,0.3499999940395355,8750.0,26.501407623291016,1.1948415040969849,0.7004185318946838,0.7312208414077759,-0.030802292749285698,0.36617445945739746,0.36504635214805603,0.02711055800318718,0.1978641301393509,0.14007166028022766,0.6612422466278076,0.1632239818572998,0.1632239818572998,1.0397145748138428,1.2604422569274902,0.684116542339325,0.5610531568527222,32.210636138916016,0.45911407470703125,0.8173264861106873,1.3599913120269775,0.6586419939994812
89,train,0,1.0,1.0,4,Rguijiao_20_0,13,0.375,9375.0,30.422534942626953,1.4401521682739258,0.7867440581321716,0.8235000371932983,-0.03675597533583641,0.41187551617622375,0.4116245210170746,0.030323229730129242,0.22434104979038239,0.15696024894714355,0.7106358408927917,0.1751757562160492,0.1751757562160492,1.0187451839447021,1.2542634010314941,0.6831042170524597,0.5502814054489136,30.056276321411133,0.4510749578475952,0.8145394921302795,1.3759431838989258,0.6576099991798401
90,val,0,1.0,1.0,4,Rguijiao_20_0,14,0.4000000059604645,10000.0,34.61408615112305,1.5939713716506958,0.8781939148902893,0.9213119745254517,-0.04311803728342056,0.46042653918266296,0.4608854055404663,0.03373933956027031,0.2524169087409973,0.17472916841506958,0.7580162286758423,0.1873747855424881,0.1873747855424881,1.0009270906448364,1.2486356496810913,0.6826205849647522,0.5410550832748413,28.211017608642578,0.4438847601413727,0.8131062388420105,1.389926552772522,0.6567772626876831
91,train,0,1.0,1.0,4,Rguijiao_20_0,15,0.42500001192092896,10625.0,39.07605743408203,1.847556233406067,0.9748409390449524,1.024726152420044,-0.04988521710038185,0.5118851661682129,0.5128409266471863,0.03736113756895065,0.28209277987480164,0.1933870166540146,0.803994357585907,0.19984598457813263,0.19984598457813263,0.9857274293899536,1.2434524297714233,0.6825504302978516,0.5330373644828796,26.607471466064453,0.43744906783103943,0.8126850724220276,1.402172565460205,0.656102180480957
92,val,0,1.0,1.0,4,Rguijiao_20_0,16,0.44999998807907104,11250.0,43.80845260620117,1.9395111799240112,1.0767470598220825,1.1338013410568237,-0.05705428123474121,0.566295325756073,0.5675060153007507,0.04119064658880234,0.31337279081344604,0.21294257044792175,0.8490321040153503,0.21260574460029602,0.21260574460029602,0.97270268201828,1.2386391162872314,0.6828020811080933,0.5259861946105957,25.19723892211914,0.43168070912361145,0.8130231499671936,1.4129045009613037,0.655554473400116
93,val,0,1.0,1.0,4,Rguijiao_20_0,17,0.4749999940395355,11875.0,48.8112678527832,2.0250658988952637,1.183964490890503,1.248586893081665,-0.0646224394440651,0.623690664768219,0.6248961687088013,0.045229699462652206,0.346262663602829,0.23340380191802979,0.8934834003448486,0.2256641983985901,0.2256641983985901,0.961488664150238,1.2341432571411133,0.6833031177520752,0.519722580909729,23.944515228271484,0.4264998733997345,0.8139330148696899,1.422326683998108,0.6551110744476318
94,train,0,1.0,1.0,4,Rguijiao_20_0,18,0.5,12500.0,54.08450698852539,2.1159510612487793,1.2965388298034668,1.3691251277923584,-0.07258627563714981,0.6840959191322327,0.6850292682647705,0.04948010295629501,0.38076987862586975,0.25477924942970276,0.9382701516151428,0.23902688920497894,0.23902688920497894,0.9517855644226074,1.2299257516860962,0.6839949488639832,0.5142316222190857,22.84632110595703,0.4218377470970154,0.8152728080749512,1.4306193590164185,0.6547544598579407
95,train,0,1.0,1.0,5,Rguijiao_20_180,0,0.05000000074505806,1250.0,0.5408450961112976,0.03256566822528839,0.03241132199764252,0.02768714353442192,0.004724177531898022,0.006667823530733585,0.02101932093501091,0.013564796186983585,6.619106152072618e-09,0.007454518228769302,0.014045508578419685,4.771743885034999e-23,0.014045508578419685,0.9276971220970154,1.6981492042541504,0.6078302264213562,0.9817633032798767,116.3526611328125,0.7834447026252747,1.3594642877578735,0.8185267448425293,0.7470920085906982
96,train,0,1.0,1.0,5,Rguijiao_20_180,1,0.07500000298023224,1875.0,1.216901421546936,0.1428789347410202,0.0703217014670372,0.06040728837251663,0.009914414025843143,0.01601298898458481,0.044394299387931824,0.028912603855133057,1.4772272294294453e-08,0.015481679700314999,0.034756336361169815,9.746242062107351e-23,0.034756336361169815,0.9901751279830933,1.5878947973251343,0.5915166735649109,0.955812931060791,111.16258239746094,0.7833707928657532,1.3773815631866455,0.8922954797744751,0.7375392913818359
97,train,0,1.0,1.0,5,Rguijiao_20_180,2,0.10000000149011612,2500.0,2.1633803844451904,0.154811292886734,0.12218277156352997,0.10567149519920349,0.016511278226971626,0.0301311444491148,0.07554034888744354,0.049231380224227905,2.6599328961651736e-08,0.026308942586183548,0.06915778666734695,1.5577213465954122e-22,0.06915778666734695,1.0480396747589111,1.5311143398284912,0.5884605646133423,0.9151419997215271,103.02839660644531,0.7754284143447876,1.3822016716003418,0.9517962336540222,0.7386398911476135
98,train,0,1.0,1.0,5,Rguijiao_20_180,3,0.125,3125.0,3.380281686782837,0.3438483476638794,0.1876581311225891,0.16331693530082703,0.024341193959116936,0.04915841668844223,0.1141585260629654,0.07422028481960297,4.225768179821898e-08,0.039938196539878845,0.11730728298425674,3.3007464984804745e-22,0.11730728298425674,1.0943090915679932,1.495626449584961,0.5906854867935181,0.8628255128860474,92.56509399414062,0.7670779824256897,1.380125880241394,0.997715413570404,0.7426505088806152
99,train,0,1.0,1.0,5,Rguijiao_20_180,4,0.15000000596046448,3750.0,4.867605686187744,0.366254061460495,0.2660972476005554,0.23277729749679565,0.03331994637846947,0.07298421859741211,0.15979307889938354,0.10350778698921204,6.177048561539777e-08,0.05628523975610733,0.17116811871528625,3.0512473384256006e-22,0.17116811871528625,1.1282583475112915,1.4684306383132935,0.5950403809547424,0.8097938895225525,81.95877838134766,0.7601493000984192,1.373779296875,1.0333317518234253,0.7470306754112244
100,val,0,1.0,1.0,5,Rguijiao_20_180,5,0.17499999701976776,4375.0,6.625351905822754,0.5469441413879395,0.3566567301750183,0.3132496178150177,0.043407101184129715,0.10137151926755905,0.21187809109687805,0.13666985929012299,8.508344961910552e-08,0.0752081349492073,0.22271017730236053,4.1042529535057127e-22,0.22271017730236053,1.1513358354568481,1.4443330764770508,0.6002123355865479,0.7638893723487854,72.77787780761719,0.7547852396965027,1.3645350933074951,1.0614838600158691,0.7508906126022339
101,val,0,1.0,1.0,5,Rguijiao_20_180,6,0.20000000298023224,5000.0,8.653521537780762,0.6811033487319946,0.45841559767723083,0.4038439989089966,0.054571591317653656,0.13403062522411346,0.2698133587837219,0.17327719926834106,1.1209963446390248e-07,0.09653603285551071,0.269457072019577,5.165577832583413e-22,0.269457072019577,1.1654835939407349,1.421390414237976,0.6056133508682251,0.7262254357337952,65.24508666992188,0.7506998777389526,1.353257417678833,1.084199070930481,0.7539255023002625
102,train,0,1.0,1.0,5,Rguijiao_20_180,7,0.22499999403953552,5625.0,10.952113151550293,0.8595311641693115,0.5704584121704102,0.5036829710006714,0.06677545607089996,0.17065902054309845,0.33302393555641174,0.21293283998966217,1.4270496251356235e-07,0.12009093910455704,0.31184452772140503,6.088031133035027e-22,0.31184452772140503,1.1725366115570068,1.3990384340286255,0.610960841178894,0.6954247355461121,59.08494186401367,0.7475473880767822,1.3405654430389404,1.1028902530670166,0.7560587525367737
103,val,0,1.0,1.0,5,Rguijiao_20_180,8,0.25,6250.0,13.521126747131348,0.9238037467002869,0.6919293403625488,0.6119594573974609,0.07996989786624908,0.21096502244472504,0.4009944200515747,0.25529301166534424,1.767850648093372e-07,0.14570124447345734,0.35095101594924927,4.4343872033728714e-23,0.35095101594924927,1.174066185951233,1.3772751092910767,0.6161117553710938,0.6699312329292297,53.986244201660156,0.7450175285339355,1.3269375562667847,1.1185590028762817,0.7573119401931763
104,train,0,1.0,1.0,5,Rguijiao_20_180,9,0.2750000059604645,6875.0,16.360563278198242,1.1566203832626343,0.8220598101615906,0.727962851524353,0.09409694373607635,0.2546795904636383,0.4732832908630371,0.3000737428665161,2.142349018185996e-07,0.17320933938026428,0.3877774477005005,1.5124849068464185e-22,0.3877774477005005,1.1713613271713257,1.3562836647033691,0.6209932565689087,0.6485117077827454,49.702335357666016,0.7428582310676575,1.3127586841583252,1.1319350004196167,0.7577539086341858
105,train,0,1.0,1.0,5,Rguijiao_20_180,10,0.30000001192092896,7500.0,19.470422744750977,1.4060606956481934,0.9601805210113525,0.8510874509811401,0.10909304767847061,0.30156365036964417,0.5495237708091736,0.3470487892627716,2.549626856307441e-07,0.2024746984243393,0.42311134934425354,2.1849816341358754e-22,0.42311134934425354,1.1654633283615112,1.3362706899642944,0.6255705952644348,0.6302563548088074,46.05126953125,0.7408734560012817,1.298339605331421,1.1435612440109253,0.7574753761291504
106,train,0,1.0,1.0,5,Rguijiao_20_180,11,0.32499998807907104,8125.0,22.850704193115234,1.4605861902236938,1.1057214736938477,0.9808287024497986,0.12489274889230728,0.3514109253883362,0.6294177770614624,0.3960430920124054,2.9889025654483703e-07,0.23337438702583313,0.4575432538986206,2.0516508882903167e-22,0.4575432538986206,1.1572060585021973,1.317396640777588,0.6298323273658752,0.6144993305206299,42.899864196777344,0.7389171719551086,1.2839325666427612,1.1538459062576294,0.7565765976905823
107,train,0,1.0,1.0,5,Rguijiao_20_180,12,0.3499999940395355,8750.0,26.501407623291016,1.5938189029693604,1.2582062482833862,1.116775393486023,0.14143086969852448,0.40404796600341797,0.712727427482605,0.44692468643188477,3.459498998381605e-07,0.2658023536205292,0.49150949716567993,1.0935382981323264e-22,0.49150949716567993,1.1472524404525757,1.2997583150863647,0.6337801218032837,0.60074782371521,40.14957046508789,0.7368856072425842,1.269738793373108,1.1630967855453491,0.7551596760749817
108,train,0,1.0,1.0,5,Rguijiao_20_180,13,0.375,9375.0,30.422534942626953,1.7949695587158203,1.4172441959381104,1.2585994005203247,0.15864475071430206,0.45933404564857483,0.7992653846740723,0.49959704279899597,3.960834931149293e-07,0.29966795444488525,0.5253316760063171,1.495270447281558e-22,0.5253316760063171,1.1361305713653564,1.283395528793335,0.6374249458312988,0.588631272315979,37.72625732421875,0.7347086071968079,1.255915641784668,1.171546459197998,0.7533223628997803
109,train,0,1.0,1.0,5,Rguijiao_20_180,14,0.4000000059604645,10000.0,34.61408615112305,1.8172143697738647,1.5825188159942627,1.4060444831848145,0.17647439241409302,0.5171580910682678,0.8888863325119019,0.5539919137954712,4.492386267429538e-07,0.33489394187927246,0.5592469573020935,1.9560245382707015e-22,0.5592469573020935,1.1242566108703613,1.2682998180389404,0.6407825350761414,0.5778660178184509,35.57320785522461,0.7323431968688965,1.2425833940505981,1.1793692111968994,0.7511546015739441
110,train,0,1.0,1.0,5,Rguijiao_20_180,15,0.42500001192092896,10625.0,39.07605743408203,1.9982558488845825,1.7537797689437866,1.558915615081787,0.1948641985654831,0.5774370431900024,0.9814785718917847,0.6100633144378662,5.053672680332966e-07,0.37141478061676025,0.593430757522583,4.209740443493825e-22,0.593430757522583,1.1119593381881714,1.254429578781128,0.6438718438148499,0.5682315826416016,33.64631271362305,0.7297671437263489,1.2298303842544556,1.1866953372955322,0.7487372159957886
111,train,0,1.0,1.0,5,Rguijiao_20_180,16,0.44999998807907104,11250.0,43.80845260620117,2.1439406871795654,1.9308313131332397,1.7170696258544922,0.21376171708106995,0.6401105523109436,1.0769591331481934,0.6677831411361694,5.644230895995861e-07,0.40917539596557617,0.6280124187469482,7.673410321620723e-23,0.6280124187469482,1.0994921922683716,1.2417216300964355,0.6467125415802002,0.5595534443855286,31.910694122314453,0.7269729971885681,1.2177178859710693,1.193619728088379,0.7461406588554382
112,train,0,1.0,1.0,5,Rguijiao_20_180,17,0.4749999940395355,11875.0,48.8112678527832,2.1708872318267822,2.1135263442993164,1.8804075717926025,0.2331186830997467,0.7051400542259216,1.1752675771713257,0.7271374464035034,6.263621799007524e-07,0.44812947511672974,0.6630873680114746,1.0249265592317644e-21,0.6630873680114746,1.0870519876480103,1.2300989627838135,0.649324893951416,0.5516924262046814,30.33848762512207,0.7239656448364258,1.2062854766845703,1.2002129554748535,0.7434248328208923
113,train,0,1.0,1.0,5,Rguijiao_20_180,18,0.5,12500.0,54.08450698852539,2.288050651550293,2.3017537593841553,2.048863649368286,0.25289005041122437,0.7725036144256592,1.276360034942627,0.7881218194961548,6.911400873832463e-07,0.48823752999305725,0.6987252831459045,1.5449125679011279e-21,0.6987252831459045,1.0747876167297363,1.2194799184799194,0.651728630065918,0.544535219669342,28.90704917907715,0.7207558751106262,1.195554256439209,1.206525444984436,0.740639865398407
114,train,0,1.0,1.0,6,Rguijiao_10_0,0,0.05000000074505806,1250.0,0.5408450961112976,0.032475970685482025,0.016843099147081375,0.015540625900030136,0.0013024737127125263,0.00559114757925272,0.009949478320777416,0.0038541348185390234,0.0023188539780676365,0.0037764899898320436,0.007022754289209843,0.006017171312123537,0.006017171312123537,0.7778987288475037,1.1385825872421265,0.7357915639877319,0.6977755427360535,59.55510711669922,0.839742124080658,1.0749422311782837,0.8789755702018738,1.0532864332199097
115,train,0,1.0,1.0,6,Rguijiao_10_0,1,0.07500000298023224,1875.0,1.216901421546936,0.01790078543126583,0.03370995074510574,0.031616345047950745,0.0020936059299856424,0.012139745987951756,0.019476598128676414,0.007305433973670006,0.0047919657081365585,0.007379197981208563,0.017378168180584908,0.012365054339170456,0.012365054339170456,0.750670313835144,1.0723460912704468,0.764135479927063,0.6890503168106079,57.810062408447266,0.782357931137085,1.0320286750793457,0.8859090209007263,1.0424492359161377
116,train,0,1.0,1.0,6,Rguijiao_10_0,2,0.10000000149011612,2500.0,2.1633803844451904,0.07656078040599823,0.05393411964178085,0.05145847797393799,0.002475641667842865,0.020766248926520348,0.03069223091006279,0.011111320927739143,0.007946661673486233,0.011634249240159988,0.03457889333367348,0.01958063431084156,0.01958063431084156,0.7223041653633118,1.0395543575286865,0.7886146306991577,0.6682419776916504,53.64839553833008,0.7208099365234375,0.9885677099227905,0.8965213298797607,1.0350922346115112
117,train,0,1.0,1.0,6,Rguijiao_10_0,3,0.125,3125.0,3.380281686782837,0.23806096613407135,0.07707489281892776,0.0746292769908905,0.002445616526529193,0.03143300488591194,0.04319627583026886,0.015123710967600346,0.011691676452755928,0.016380885615944862,0.05865364149212837,0.026873398572206497,0.026873398572206497,0.6997259855270386,1.0233787298202515,0.8040771484375,0.6360481977462769,47.20964050292969,0.6634023785591125,0.9504597783088684,0.9138069152832031,1.0294675827026367
118,train,0,1.0,1.0,6,Rguijiao_10_0,4,0.15000000596046448,3750.0,4.867605686187744,0.1772611141204834,0.10342235118150711,0.10124748945236206,0.002174860332161188,0.04427724704146385,0.05697023868560791,0.0193947684019804,0.01598954200744629,0.021585924550890923,0.08558405935764313,0.033854540437459946,0.033854540437459946,0.6844791769981384,1.0151845216751099,0.8110299110412598,0.6019469499588013,40.38938522338867,0.6147584319114685,0.9207915663719177,0.9360000491142273,1.0248194932937622
119,val,0,1.0,1.0,6,Rguijiao_10_0,5,0.17499999701976776,4375.0,6.625351905822754,0.18364696204662323,0.13344435393810272,0.13161709904670715,0.0018272503511980176,0.05944075807929039,0.07217633724212646,0.024046514183282852,0.02084624394774437,0.027283575385808945,0.11135508865118027,0.040431827306747437,0.040431827306747437,0.6751035451889038,1.0108336210250854,0.8120116591453552,0.5731584429740906,34.63169479370117,0.5757913589477539,0.8993732333183289,0.9601815938949585,1.0204437971115112
120,train,0,1.0,1.0,6,Rguijiao_10_0,6,0.20000000298023224,5000.0,8.653521537780762,0.3012953996658325,0.1674845963716507,0.16599205136299133,0.0014925485011190176,0.07701165974140167,0.08898039162158966,0.029180705547332764,0.026284724473953247,0.03351496532559395,0.1347285360097885,0.04665813967585564,0.04665813967585564,0.6696665287017822,1.0084015130996704,0.8094576001167297,0.5506797432899475,30.13594627380371,0.5453186631202698,0.8844243288040161,0.9841792583465576,1.015789270401001
121,val,0,1.0,1.0,6,Rguijiao_10_0,7,0.22499999403953552,5625.0,10.952113151550293,0.3997516632080078,0.205732524394989,0.20453161001205444,0.001200912636704743,0.09703406691551208,0.10749754309654236,0.034860312938690186,0.03233055770397186,0.04030667617917061,0.15592226386070251,0.05263232812285423,0.05263232812285423,0.6666861176490784,1.006978154182434,0.8050876259803772,0.5332548022270203,26.650957107543945,0.5215862989425659,0.8740350604057312,1.0068565607070923,1.0105888843536377
122,train,0,1.0,1.0,6,Rguijiao_10_0,8,0.25,6250.0,13.521126747131348,0.3755049407482147,0.2482776641845703,0.24732545018196106,0.0009522145846858621,0.11952672153711319,0.12779873609542847,0.04112013056874275,0.03900744393467903,0.04767116159200668,0.17547550797462463,0.058453381061553955,0.058453381061553955,0.6651921272277832,1.0061134099960327,0.7999612092971802,0.5195333957672119,23.90667724609375,0.5029864311218262,0.8667224049568176,1.0277893543243408,1.0048037767410278
123,train,0,1.0,1.0,6,Rguijiao_10_0,9,0.2750000059604645,6875.0,16.360563278198242,0.5174230337142944,0.2951561212539673,0.29442131519317627,0.0007348061772063375,0.14449505507946014,0.14992627501487732,0.04797894135117531,0.046335697174072266,0.055611640214920044,0.19388872385025024,0.0642046183347702,0.0642046183347702,0.6645837426185608,1.0055720806121826,0.7946794033050537,0.5085000395774841,21.700002670288086,0.4882481098175049,0.8614702820777893,1.0469197034835815,0.9985166788101196
124,train,0,1.0,1.0,6,Rguijiao_10_0,10,0.30000001192092896,7500.0,19.470422744750977,0.7263884544372559,0.34637826681137085,0.3458436131477356,0.0005346460384316742,0.17193809151649475,0.17390552163124084,0.055447354912757874,0.05433204770088196,0.06412612646818161,0.21155567467212677,0.06995109468698502,0.06995109468698502,0.664495050907135,1.005225658416748,0.7895594835281372,0.49944519996643066,19.889041900634766,0.47642064094543457,0.8576161861419678,1.064347267150879,0.9918524026870728
125,train,0,1.0,1.0,6,Rguijiao_10_0,11,0.32499998807907104,8125.0,22.850704193115234,0.856721043586731,0.4019416868686676,0.40160268545150757,0.00033899323898367584,0.2018519788980484,0.19975069165229797,0.06353160738945007,0.06300969421863556,0.07320939004421234,0.2287716269493103,0.07574163377285004,0.07574163377285004,0.6647042632102966,1.005000352859497,0.7847537994384766,0.491877019405365,18.37540626525879,0.46680450439453125,0.854733407497406,1.0802263021469116,0.98493492603302
126,train,0,1.0,1.0,6,Rguijiao_10_0,12,0.3499999940395355,8750.0,26.501407623291016,0.7031731605529785,0.46183863282203674,0.4617016613483429,0.0001369695964967832,0.23423190414905548,0.22746975719928741,0.07223591208457947,0.07237892597913742,0.08285491168498993,0.24575474858283997,0.0816119909286499,0.0816119909286499,0.6650773286819458,1.0048524141311646,0.780322790145874,0.4854499101638794,17.08997917175293,0.4588873088359833,0.8525453805923462,1.0947178602218628,0.9778732657432556
127,train,0,1.0,1.0,6,Rguijiao_10_0,13,0.375,9375.0,30.422534942626953,0.7567718625068665,0.5260592699050903,0.5261393785476685,-8.0095102021005e-05,0.26907339692115784,0.2570659816265106,0.08156321942806244,0.08244757354259491,0.09305519610643387,0.26266583800315857,0.0875878781080246,0.0875878781080246,0.6655341982841492,1.0047552585601807,0.7762769460678101,0.4799163043498993,15.983262062072754,0.45229005813598633,0.8508702516555786,1.1079754829406738,0.9707547426223755
128,train,0,1.0,1.0,6,Rguijiao_10_0,14,0.4000000059604645,10000.0,34.61408615112305,0.926590085029602,0.594594419002533,0.5949137210845947,-0.0003192909643985331,0.3063722252845764,0.2885414659976959,0.09151641279459,0.09322188794612885,0.10380315035581589,0.27962347865104675,0.09368739277124405,0.09368739277124405,0.6660264730453491,1.0046919584274292,0.772601842880249,0.475095272064209,15.019055366516113,0.4467320144176483,0.8495867252349854,1.1201363801956177,0.9636497497558594
129,train,0,1.0,1.0,6,Rguijiao_10_0,15,0.42500001192092896,10625.0,39.07605743408203,0.9616321325302124,0.667434573173523,0.6680208444595337,-0.0005862609250470996,0.3461250960826874,0.3218957185745239,0.10209774225950241,0.10470645129680634,0.11509153991937637,0.2967153787612915,0.09992299228906631,0.09992299228906631,0.6665264368057251,1.0046520233154297,0.7692711353302002,0.4708518087863922,14.17035961151123,0.4420008957386017,0.8486101627349854,1.131321668624878,0.9566110968589783
130,train,0,1.0,1.0,6,Rguijiao_10_0,16,0.44999998807907104,11250.0,43.80845260620117,1.140575885772705,0.7445728182792664,0.745458722114563,-0.0008858752553351223,0.38832974433898926,0.35712897777557373,0.11330985277891159,0.11690519005060196,0.126913920044899,0.3140062093734741,0.10630287230014801,0.10630287230014801,0.6670184135437012,1.0046285390853882,0.766254186630249,0.46708327531814575,13.416654586791992,0.4379361569881439,0.8478814959526062,1.141637921333313,0.9496787786483765
131,train,0,1.0,1.0,6,Rguijiao_10_0,17,0.4749999940395355,11875.0,48.8112678527832,1.0781452655792236,0.8260033130645752,0.8272255659103394,-0.0012222498189657927,0.4329845607280731,0.39424097537994385,0.1251552551984787,0.12982119619846344,0.1392645239830017,0.3315436840057373,0.11283209919929504,0.11283209919929504,0.6674939393997192,1.004616618156433,0.7635200619697571,0.46371036767959595,12.742074966430664,0.4344141483306885,0.8473568558692932,1.1511777639389038,0.942882776260376
132,train,0,1.0,1.0,6,Rguijiao_10_0,18,0.5,12500.0,54.08450698852539,1.1654129028320312,0.911721408367157,0.9133203625679016,-0.0015989529201760888,0.48008882999420166,0.43323153257369995,0.13763661682605743,0.14345690608024597,0.15213799476623535,0.34936264157295227,0.11951344460248947,0.11951344460248947,0.6679496169090271,1.0046132802963257,0.7610390782356262,0.4606708288192749,12.13416576385498,0.43133872747421265,0.8470037579536438,1.1600210666656494,0.9362438917160034
133,train,0,1.0,1.0,7,Rguijiao_10_180,0,0.05000000074505806,1250.0,0.5408450961112976,0.07105152308940887,0.019061531871557236,0.01687655970454216,0.0021849723998457193,0.006302264519035816,0.01057429425418377,0.0063275909051299095,3.0657578697912413e-09,0.004246700555086136,0.007022754289209843,2.3858719425174996e-23,0.007022754289209843,0.8768367171287537,1.5379376411437988,0.6170748472213745,0.9817633032798767,116.3526611328125,0.8973606824874878,1.2226476669311523,0.7199862599372864,0.8205679655075073
134,train,0,1.0,1.0,7,Rguijiao_10_180,1,0.07500000298023224,1875.0,1.216901421546936,0.12306200712919235,0.04287959635257721,0.038263190537691116,0.004616404417902231,0.015446106903254986,0.022817082703113556,0.013991660438477993,6.520890938332968e-09,0.008825414814054966,0.017378168180584908,4.8731210310536756e-23,0.017378168180584908,0.9551215171813965,1.4448891878128052,0.5999038219451904,0.955812931060791,111.16258239746094,0.9156116843223572,1.2534575462341309,0.7303431034088135,0.7906339168548584
135,train,0,1.0,1.0,7,Rguijiao_10_180,2,0.10000000149011612,2500.0,2.1633803844451904,0.1277802288532257,0.07599218189716339,0.0687645897269249,0.007227589376270771,0.02960696816444397,0.039157621562480927,0.02424781210720539,1.1158680202072446e-08,0.014909797348082066,0.03457889333367348,7.788606732977061e-23,0.03457889333367348,1.029807448387146,1.383811354637146,0.5923163294792175,0.9151419997215271,103.02839660644531,0.9206719398498535,1.2688184976577759,0.7393453121185303,0.7801868915557861
136,train,0,1.0,1.0,7,Rguijiao_10_180,3,0.125,3125.0,3.380281686782837,0.20696482062339783,0.11769206076860428,0.1082773208618164,0.009414741769433022,0.04913976043462753,0.05913756042718887,0.03671042621135712,1.6920155943012105e-08,0.022427113726735115,0.05865364149212837,1.6503732492402373e-22,0.05865364149212837,1.0938937664031982,1.337479591369629,0.590392529964447,0.8628255128860474,92.56509399414062,0.9192165732383728,1.2740110158920288,0.7459478974342346,0.7783180475234985
137,train,0,1.0,1.0,7,Rguijiao_10_180,4,0.15000000596046448,3750.0,4.867605686187744,0.25759854912757874,0.16712145507335663,0.15637049078941345,0.010750961489975452,0.07409899681806564,0.0822715014219284,0.051001276820898056,2.3724275877157197e-08,0.03127020597457886,0.08558405935764313,1.5256236692128003e-22,0.08558405935764313,1.1454917192459106,1.2983102798461914,0.5917443037033081,0.8097938895225525,81.95877838134766,0.9147509932518005,1.2724066972732544,0.7501792311668396,0.7801454663276672
138,train,0,1.0,1.0,7,Rguijiao_10_180,5,0.17499999701976776,4375.0,6.625351905822754,0.36598169803619385,0.22353528439998627,0.21249684691429138,0.011038435623049736,0.10432944446802139,0.10816739499568939,0.06682386249303818,3.1497400243551965e-08,0.04134349897503853,0.11135508865118027,2.0521264767528563e-22,0.11135508865118027,1.1849308013916016,1.2638309001922607,0.5949501991271973,0.7638893723487854,72.77787780761719,0.9088883996009827,1.2663819789886475,0.7524688243865967,0.7835023999214172
139,train,0,1.0,1.0,7,Rguijiao_10_180,6,0.20000000298023224,5000.0,8.653521537780762,0.4905824661254883,0.28636276721954346,0.27610671520233154,0.010256066918373108,0.13953757286071777,0.13656915724277496,0.08398588001728058,4.018805199734743e-08,0.0525832399725914,0.1347285360097885,2.5827889162917066e-22,0.1347285360097885,1.2133700847625732,1.2334966659545898,0.5991384387016296,0.7262254357337952,65.24508666992188,0.9022989869117737,1.2576695680618286,0.7533405423164368,0.7874221205711365
140,val,0,1.0,1.0,7,Rguijiao_10_180,7,0.22499999403953552,5625.0,10.952113151550293,0.5705785155296326,0.35516631603240967,0.34668391942977905,0.008482399396598339,0.179352268576622,0.16733165085315704,0.10237900912761688,4.976561029934601e-08,0.06495258957147598,0.15592226386070251,3.0440155665175137e-22,0.15592226386070251,1.2322646379470825,1.207180142402649,0.6037582755088806,0.6954247355461121,59.08494186401367,0.8952398896217346,1.2475075721740723,0.753285825252533,0.7914595007896423
141,train,0,1.0,1.0,7,Rguijiao_10_180,8,0.25,6250.0,13.521126747131348,0.6228553056716919,0.42958685755729675,0.42374926805496216,0.005837598349899054,0.22337527573108673,0.20037400722503662,0.12194614857435226,6.02125638238249e-08,0.07842779904603958,0.17547550797462463,2.2171936016864357e-23,0.17547550797462463,1.2431319952011108,1.1846628189086914,0.6084614396095276,0.6699312329292297,53.986244201660156,0.8878136873245239,1.2367452383041382,0.7527096271514893,0.7953936457633972
142,train,0,1.0,1.0,7,Rguijiao_10_180,9,0.2750000059604645,6875.0,16.360563278198242,0.7124390006065369,0.5093087553977966,0.5068591833114624,0.002449581166729331,0.2712180018424988,0.23564115166664124,0.1426544487476349,7.151746217459731e-08,0.09298662841320038,0.19388872385025024,7.562424534232092e-23,0.19388872385025024,1.2474273443222046,1.1655702590942383,0.6130344867706299,0.6485117077827454,49.702335357666016,0.8800817728042603,1.2259342670440674,0.7519177794456482,0.799102246761322
143,train,0,1.0,1.0,7,Rguijiao_10_180,10,0.30000001192092896,7500.0,19.470422744750977,0.8545188307762146,0.5940455794334412,0.5956075191497803,-0.0015619694022461772,0.32252398133277893,0.27308350801467896,0.16448059678077698,8.367107540152574e-08,0.10860282927751541,0.21155567467212677,1.0924908170679377e-22,0.21155567467212677,1.246469497680664,1.1494460105895996,0.6173557639122009,0.6302563548088074,46.05126953125,0.8721024990081787,1.215415596961975,0.7511234283447266,0.8025115132331848
144,train,0,1.0,1.0,7,Rguijiao_10_180,11,0.32499998807907104,8125.0,22.850704193115234,0.8390063047409058,0.6835362315177917,0.6896288394927979,-0.0060926335863769054,0.37698087096214294,0.3126479685306549,0.18740324676036835,9.666495515148199e-08,0.1252446323633194,0.2287716269493103,1.0258254441451584e-22,0.2287716269493103,1.2414085865020752,1.1358246803283691,0.6213651299476624,0.6144993305206299,42.899864196777344,0.8639400005340576,1.2053807973861694,0.7504652738571167,0.8055756092071533
145,val,0,1.0,1.0,7,Rguijiao_10_180,12,0.3499999940395355,8750.0,26.501407623291016,0.9622376561164856,0.7775470018386841,0.7886015176773071,-0.011054517701268196,0.43432366847991943,0.3542778193950653,0.21140176057815552,1.1049116466210762e-07,0.14287595450878143,0.24575474858283997,5.467691490661632e-23,0.24575474858283997,1.2332171201705933,1.1242806911468506,0.6250423192977905,0.60074782371521,40.14957046508789,0.8556604385375977,1.1959282159805298,0.7500252723693848,0.8082683682441711
146,train,0,1.0,1.0,7,Rguijiao_10_180,13,0.375,9375.0,30.422534942626953,0.9720920324325562,0.8758714199066162,0.8922470808029175,-0.016375664621591568,0.49433383345603943,0.39791321754455566,0.2364552915096283,1.2514253455719881e-07,0.16145779192447662,0.26266583800315857,7.47635223640779e-23,0.26266583800315857,1.2226999998092651,1.1144461631774902,0.6283917427062988,0.588631272315979,37.72625732421875,0.8473261594772339,1.1870951652526855,0.7498462200164795,0.810579240322113
147,val,0,1.0,1.0,7,Rguijiao_10_180,14,0.4000000059604645,10000.0,34.61408615112305,1.132528305053711,0.9783310890197754,1.000329613685608,-0.021998532116413116,0.5568350553512573,0.4434945583343506,0.262544184923172,1.4061309627777518e-07,0.18095023930072784,0.27962347865104675,9.780122691353507e-23,0.27962347865104675,1.2105108499526978,1.1060147285461426,0.631432056427002,0.5778660178184509,35.57320785522461,0.8389939069747925,1.1788851022720337,0.7499451041221619,0.8125090003013611
148,train,0,1.0,1.0,7,Rguijiao_10_180,15,0.42500001192092896,10625.0,39.07605743408203,1.1095962524414062,1.0847762823104858,1.112654209136963,-0.0278779286891222,0.6216899752616882,0.4909641742706299,0.2896503508090973,1.568982952449005e-07,0.20131365954875946,0.2967153787612915,2.1048702217469125e-22,0.2967153787612915,1.197176456451416,1.0987370014190674,0.634188711643219,0.5682315826416016,33.64631271362305,0.8307117223739624,1.1712805032730103,0.7503222227096558,0.8140668272972107
149,train,0,1.0,1.0,7,Rguijiao_10_180,16,0.44999998807907104,11250.0,43.80845260620117,1.2849382162094116,1.1950809955596924,1.2290594577789307,-0.03397844731807709,0.6887915730476379,0.5402679443359375,0.31775784492492676,1.739949624379733e-07,0.22250992059707642,0.3140062093734741,3.8367051608103614e-23,0.3140062093734741,1.1831095218658447,1.092410922050476,0.6366901993751526,0.5595534443855286,31.910694122314453,0.8225192427635193,1.1642545461654663,0.7509679794311523,0.8152691721916199
150,train,0,1.0,1.0,7,Rguijiao_10_180,17,0.4749999940395355,11875.0,48.8112678527832,1.3797824382781982,1.3091448545455933,1.3494184017181396,-0.04027354344725609,0.7580628991127014,0.591355562210083,0.34685268998146057,1.919012646567353e-07,0.24450266361236572,0.3315436840057373,5.124632796158822e-22,0.3315436840057373,1.1686384677886963,1.0868744850158691,0.6389646530151367,0.5516924262046814,30.33848762512207,0.8144475221633911,1.157774806022644,0.7518674731254578,0.8161361217498779
151,train,0,1.0,1.0,7,Rguijiao_10_180,18,0.5,12500.0,54.08450698852539,1.528909683227539,1.4268864393234253,1.473629355430603,-0.04674287140369415,0.8294477462768555,0.6441816091537476,0.3769233822822571,2.1061680399725446e-07,0.26725804805755615,0.34936264157295227,7.7245628395056395e-22,0.34936264157295227,1.1540141105651855,1.081997036933899,0.641039252281189,0.544535219669342,28.90704917907715,0.806520402431488,1.151808738708496,0.7530034184455872,0.816691517829895
152,train,0,1.0,1.0,8,guijiao_20_0,0,0.05000000074505806,1250.0,4.0,0.03274283930659294,0.021213479340076447,0.01891324855387211,0.0023002317175269127,0.005075120832771063,0.013838127255439758,0.004725598730146885,0.005270938854664564,0.003841590601950884,0.01904510147869587,0.008109244517982006,0.008109244517982006,0.7061036229133606,1.0588657855987549,0.8021795153617859,0.6207086443901062,44.14173126220703,0.6413546800613403,0.9278042912483215,1.2900779247283936,0.7542417049407959
153,train,0,1.0,1.0,8,guijiao_20_0,1,0.07500000298023224,1875.0,9.0,0.1314956545829773,0.04230095073580742,0.03880896419286728,0.0034919860772788525,0.010921862907707691,0.027887100353837013,0.009260891005396843,0.011271675117313862,0.0073545328341424465,0.03737829253077507,0.012877439148724079,0.012877439148724079,0.6753615736961365,1.033665418624878,0.7911186218261719,0.5476172566413879,29.523452758789062,0.593486487865448,0.8945779800415039,1.3762973546981812,0.7104287147521973
154,val,0,1.0,1.0,8,guijiao_20_0,2,0.10000000149011612,2500.0,16.0,0.1263606995344162,0.0698980763554573,0.06559304893016815,0.004305026028305292,0.019138608127832413,0.04645444080233574,0.015261799097061157,0.019216859713196754,0.011975784786045551,0.05183761939406395,0.01717318408191204,0.01717318408191204,0.6656906604766846,1.0258475542068481,0.7838897109031677,0.5097271203994751,21.9454288482666,0.5613049268722534,0.8834924101829529,1.419137716293335,0.693267822265625
155,train,0,1.0,1.0,8,guijiao_20_0,3,0.125,3125.0,25.0,0.10596927255392075,0.10392620414495468,0.09903884679079056,0.0048873587511479855,0.029756128787994385,0.06928271800279617,0.022658269852399826,0.028946805745363235,0.017677640542387962,0.06461422890424728,0.02142789214849472,0.02142789214849472,0.6623972654342651,1.0228630304336548,0.7778922319412231,0.48791635036468506,17.583267211914062,0.537838339805603,0.8786506056785583,1.44301438331604,0.6855099201202393
156,train,0,1.0,1.0,8,guijiao_20_0,4,0.15000000596046448,3750.0,36.0,0.2565729320049286,0.1442570835351944,0.13886864483356476,0.005388440098613501,0.042765598744153976,0.09610304981470108,0.03134509548544884,0.040345918387174606,0.024412037804722786,0.07707758992910385,0.02586590126156807,0.02586590126156807,0.6611106991767883,1.0215717554092407,0.7725031971931458,0.47369226813316345,14.738452911376953,0.5194619297981262,0.8750708699226379,1.4580519199371338,0.6815184354782104
157,train,0,1.0,1.0,8,guijiao_20_0,5,0.17499999701976776,4375.0,49.0,0.34047091007232666,0.19073152542114258,0.1848324090242386,0.005899119656533003,0.058147069066762924,0.12668533623218536,0.041227202862501144,0.05333078280091286,0.03212735056877136,0.08983232080936432,0.030577916651964188,0.030577916651964188,0.6604104042053223,1.0209498405456543,0.7676469087600708,0.4635932743549347,12.71865463256836,0.5043455958366394,0.8714730143547058,1.468542456626892,0.6791175007820129
158,train,0,1.0,1.0,8,guijiao_20_0,6,0.20000000298023224,5000.0,64.0,0.37226971983909607,0.24321211874485016,0.23674671351909637,0.006465408951044083,0.07588286697864532,0.16086384654045105,0.05223977938294411,0.06784436106681824,0.0407797135412693,0.1031419187784195,0.0355924554169178,0.0355924554169178,0.6598508954048157,1.0206133127212524,0.7633179426193237,0.45599478483200073,11.198957443237305,0.4915410876274109,0.8677588105201721,1.4764065742492676,0.6773948073387146
159,train,0,1.0,1.0,8,guijiao_20_0,7,0.22499999403953552,5625.0,81.0,0.4480170011520386,0.3016078770160675,0.2945006191730499,0.007107269484549761,0.09596166014671326,0.19853895902633667,0.06434935331344604,0.08385169506072998,0.050337910652160645,0.11711513996124268,0.04091043025255203,0.04091043025255203,0.6593179702758789,1.0204075574874878,0.7594903707504272,0.45003658533096313,10.007320404052734,0.4805205166339874,0.8641166687011719,1.4825788736343384,0.6759636998176575
160,val,0,1.0,1.0,8,guijiao_20_0,8,0.25,6250.0,100.0,0.5355852842330933,0.3658733069896698,0.3580428957939148,0.007830420508980751,0.1183784231543541,0.2396644651889801,0.07754651457071304,0.10133491456508636,0.0607830211520195,0.1317870318889618,0.046520885080099106,0.046520885080099106,0.6588016152381897,1.020268201828003,0.7561191916465759,0.4452192783355713,9.043856620788574,0.4709526300430298,0.8607349991798401,1.487565279006958,0.6746669411659241
161,train,0,1.0,1.0,8,guijiao_20_0,9,0.2750000059604645,6875.0,121.0,0.537065327167511,0.4359962046146393,0.42736297845840454,0.008633236400783062,0.1431325227022171,0.28423047065734863,0.09183705598115921,0.12028776109218597,0.07210563123226166,0.14715644717216492,0.052408237010240555,0.052408237010240555,0.658316969871521,1.020167589187622,0.7531524896621704,0.4412316679954529,8.246335983276367,0.4626023769378662,0.8577325940132141,1.4916690587997437,0.6734464764595032
162,train,0,1.0,1.0,8,guijiao_20_0,10,0.30000001192092896,7500.0,144.0,0.6555957198143005,0.5119863748550415,0.502476155757904,0.009510247968137264,0.17022623121738434,0.3322499394416809,0.10723545402288437,0.14071159064769745,0.08430291712284088,0.16320447623729706,0.05855567753314972,0.05855567753314972,0.657879114151001,1.0200939178466797,0.7505394816398621,0.43786895275115967,7.573787689208984,0.4552868604660034,0.8551638126373291,1.4950897693634033,0.6722851395606995
163,train,0,1.0,1.0,8,guijiao_20_0,11,0.32499998807907104,8125.0,169.0,0.7337173223495483,0.593865156173706,0.5834110975265503,0.010454063303768635,0.19966351985931396,0.38374757766723633,0.12375985831022263,0.1626117080450058,0.0973760113120079,0.17990387976169586,0.064946748316288,0.064946748316288,0.6574976444244385,1.0200411081314087,0.7482337951660156,0.43499016761779785,6.998030662536621,0.448855459690094,0.8530365824699402,1.4979673624038696,0.6711812615394592
164,train,0,1.0,1.0,8,guijiao_20_0,12,0.3499999940395355,8750.0,196.0,0.7751927375793457,0.6816594004631042,0.6702032089233398,0.011456218548119068,0.23144935071468353,0.4387538433074951,0.14142997562885284,0.18599547445774078,0.11132838577032089,0.19722402095794678,0.07156606018543243,0.07156606018543243,0.6571765542030334,1.0200064182281494,0.7461940050125122,0.4324948787689209,6.498973846435547,0.44318196177482605,0.8513325452804565,1.5004045963287354,0.6701370477676392
165,val,0,1.0,1.0,8,guijiao_20_0,13,0.375,9375.0,225.0,0.7986027598381042,0.7753983736038208,0.7628898620605469,0.012508525513112545,0.26558902859687805,0.49730080366134644,0.16026508808135986,0.21087117493152618,0.12616457045078278,0.2151336669921875,0.07839954644441605,0.07839954644441605,0.6569157838821411,1.0199875831604004,0.7443850040435791,0.43030932545661926,6.06186580657959,0.4381594955921173,0.850017786026001,1.5024800300598145,0.6691546440124512
166,val,0,1.0,1.0,8,guijiao_20_0,14,0.4000000059604645,10000.0,256.0,0.884392499923706,0.8751097321510315,0.8615075945854187,0.013602128252387047,0.3020879626274109,0.5594196319580078,0.18028342723846436,0.23724670708179474,0.1418895274400711,0.23360233008861542,0.08543454110622406,0.08543454110622406,0.6567128896713257,1.0199828147888184,0.7427760362625122,0.42837801575660706,5.675602912902832,0.43369758129119873,0.8490528464317322,1.5042541027069092,0.6682350039482117
167,train,0,1.0,1.0,8,guijiao_20_0,15,0.42500001192092896,10625.0,289.0,1.0040017366409302,0.9808199405670166,0.9660911560058594,0.014728755690157413,0.34095144271850586,0.6251397132873535,0.2015020102262497,0.26512959599494934,0.15850815176963806,0.2526010274887085,0.09265967458486557,0.09265967458486557,0.6565636396408081,1.0199908018112183,0.7413408756256104,0.4266582429409027,5.331648349761963,0.42971909046173096,0.8483973741531372,1.5057754516601562,0.6673775315284729
168,val,0,1.0,1.0,8,guijiao_20_0,16,0.44999998807907104,11250.0,324.0,1.018639326095581,1.0925538539886475,1.0766735076904297,0.015880350023508072,0.3821848928928375,0.6944886445999146,0.22393658757209778,0.29452675580978394,0.17602525651454926,0.2721027135848999,0.10006482899188995,0.10006482899188995,0.656463623046875,1.0200101137161255,0.740057110786438,0.4251165986061096,5.02332067489624,0.4261590838432312,0.8480132818222046,1.5070828199386597,0.666580319404602
169,train,0,1.0,1.0,8,guijiao_20_0,17,0.4749999940395355,11875.0,361.0,1.1686152219772339,1.2103352546691895,1.1932861804962158,0.017049070447683334,0.42579343914985657,0.7674927711486816,0.24760179221630096,0.325445294380188,0.1944456696510315,0.2920822501182556,0.10764095932245255,0.10764095932245255,0.6564080715179443,1.0200395584106445,0.7389059066772461,0.42372652888298035,4.74530553817749,0.42296290397644043,0.8478637337684631,1.5082075595855713,0.6658409833908081
170,val,0,1.0,1.0,8,guijiao_20_0,18,0.5,12500.0,400.0,1.143523097038269,1.334183692932129,1.3159563541412354,0.01822737604379654,0.4717820882797241,0.844174325466156,0.27251067757606506,0.3578903377056122,0.21377331018447876,0.31251654028892517,0.11538002640008926,0.11538002640008926,0.6563924551010132,1.0200779438018799,0.7378705739974976,0.42246657609939575,4.493317604064941,0.4200831353664398,0.8479177355766296,1.5091761350631714,0.6651561856269836
171,train,0,1.0,1.0,9,guijiao_20_180,0,0.05000000074505806,1250.0,4.0,0.08496236801147461,0.02314290963113308,0.020441774278879166,0.002701135817915201,0.005591985769569874,0.014849787577986717,0.00909670814871788,6.62472832146932e-09,0.005753072910010815,0.01904510147869587,3.115521200628112e-22,0.01904510147869587,0.7780153155326843,1.2193197011947632,0.628195583820343,0.838975191116333,87.79503631591797,0.8853468298912048,1.1235488653182983,0.9768821001052856,0.7105711102485657
172,train,0,1.0,1.0,9,guijiao_20_180,1,0.07500000298023224,1875.0,9.0,0.20686888694763184,0.050061117857694626,0.0450771227478981,0.004983994178473949,0.012970754876732826,0.032106366008520126,0.019764767959713936,1.5863141911154344e-08,0.012341582216322422,0.03737829253077507,3.9326089374331247e-22,0.03737829253077507,0.8020562529563904,1.184421420097351,0.6241000890731812,0.7209258079528809,64.1851577758789,0.8751114010810852,1.1299998760223389,1.089890480041504,0.7055981755256653
173,train,0,1.0,1.0,9,guijiao_20_180,2,0.10000000149011612,2500.0,16.0,0.23048630356788635,0.08650246262550354,0.07911106944084167,0.007391395512968302,0.02363964356482029,0.055471424013376236,0.03411461040377617,2.9537851276018046e-08,0.02135678380727768,0.05183761939406395,7.925297521407882e-22,0.05183761939406395,0.8222483992576599,1.1684224605560303,0.6276171803474426,0.6509374380111694,50.1874885559082,0.8637181520462036,1.1268008947372437,1.1658753156661987,0.7054116725921631
174,train,0,1.0,1.0,9,guijiao_20_180,3,0.125,3125.0,25.0,0.37194958329200745,0.1318579614162445,0.12194759398698807,0.009910361841320992,0.03753802925348282,0.08440956473350525,0.051742833107709885,4.755708715720175e-08,0.032666683197021484,0.06461422890424728,6.314029432525771e-23,0.06461422890424728,0.8356292247772217,1.157102346420288,0.6332635879516602,0.6060657501220703,41.2131462097168,0.8533903956413269,1.1178650856018066,1.216833472251892,0.7057391405105591
175,val,0,1.0,1.0,9,guijiao_20_180,4,0.15000000596046448,3750.0,36.0,0.4915699362754822,0.18555092811584473,0.172929048538208,0.012621880508959293,0.05451901629567146,0.11841003596782684,0.07228711247444153,6.972535260274526e-08,0.04612286016345024,0.07707758992910385,1.1234837105300057e-22,0.07707758992910385,0.8428059816360474,1.1471545696258545,0.6392898559570312,0.5746968984603882,34.93937683105469,0.8439449667930603,1.1061679124832153,1.2517406940460205,0.7057914733886719
176,train,0,1.0,1.0,9,guijiao_20_180,5,0.17499999701976776,4375.0,49.0,0.4082214832305908,0.24706627428531647,0.23145551979541779,0.015610754489898682,0.07441364228725433,0.15704187750816345,0.09545949101448059,9.58259747108059e-08,0.0615822896361351,0.08983232080936432,1.3686390868963706e-22,0.08983232080936432,0.8451593518257141,1.1378782987594604,0.6450702548027039,0.551417887210846,30.2835750579834,0.8350118398666382,1.0935367345809937,1.2762970924377441,0.7054561972618103
177,train,0,1.0,1.0,9,guijiao_20_180,6,0.20000000298023224,5000.0,64.0,0.6384890079498291,0.31595778465270996,0.2970220446586609,0.01893572509288788,0.09706512093544006,0.19995692372322083,0.12104398012161255,1.2565288898258586e-07,0.07891281694173813,0.1031419187784195,1.1510744046800364e-22,0.1031419187784195,0.8440444469451904,1.1292186975479126,0.6503771543502808,0.533397376537323,26.679471969604492,0.8263205885887146,1.081023931503296,1.2940783500671387,0.7047573328018188
178,val,0,1.0,1.0,9,guijiao_20_180,7,0.22499999403953552,5625.0,81.0,0.6797599196434021,0.39184385538101196,0.3692184090614319,0.02262544259428978,0.12234310060739517,0.2468753159046173,0.14888137578964233,1.5902004690815374e-07,0.09799378365278244,0.11711513996124268,1.050909643209376e-21,0.11711513996124268,0.8405752182006836,1.121234655380249,0.6551440954208374,0.5190048217773438,23.800962448120117,0.8177095651626587,1.0691990852355957,1.307357907295227,0.7037472128868103
179,train,0,1.0,1.0,9,guijiao_20_180,8,0.25,6250.0,100.0,0.6456429958343506,0.4744027256965637,0.4477185904979706,0.026684150099754333,0.15014761686325073,0.29757097363471985,0.17885459959506989,1.957633060101216e-07,0.11871618777513504,0.1317870318889618,2.441323209599568e-21,0.1317870318889618,0.8356040716171265,1.1139628887176514,0.6593778133392334,0.507230281829834,21.44605827331543,0.8090989589691162,1.0583430528640747,1.3176031112670898,0.7024837136268616
180,train,0,1.0,1.0,9,guijiao_20_180,9,0.2750000059604645,6875.0,121.0,0.7804605960845947,0.56336510181427,0.5322666764259338,0.031098417937755585,0.18040704727172852,0.3518596291542053,0.210876926779747,2.3573799978748866e-07,0.1409824639558792,0.14715644717216492,7.467274025110506e-22,0.14715644717216492,0.8297557234764099,1.1073994636535645,0.6631166934967041,0.49741220474243164,19.482440948486328,0.8004626035690308,1.0485693216323853,1.3257722854614258,0.7010244131088257
181,train,0,1.0,1.0,9,guijiao_20_180,10,0.30000001192092896,7500.0,144.0,0.7066598534584045,0.6585078835487366,0.622664213180542,0.03584366291761398,0.21307383477687836,0.40959036350250244,0.24488364160060883,2.7881642949978414e-07,0.16470645368099213,0.16320447623729706,1.0497243475137566e-20,0.16320447623729706,0.8234737515449524,1.101508617401123,0.6664115190505981,0.48909759521484375,17.819517135620117,0.7918065786361694,1.0398938655853271,1.332497477531433,0.6994228959083557
182,train,0,1.0,1.0,9,guijiao_20_180,11,0.32499998807907104,8125.0,169.0,0.8475066423416138,0.7596482634544373,0.718759298324585,0.0408889502286911,0.24811971187591553,0.47063958644866943,0.2808263599872589,3.248857467497146e-07,0.18981288373470306,0.17990387976169586,1.9914623663219895e-20,0.17990387976169586,0.8170651793479919,1.096238136291504,0.6693161129951477,0.48196521401405334,16.393043518066406,0.7831546068191528,1.0322800874710083,1.3381977081298828,0.6977266669273376
183,train,0,1.0,1.0,9,guijiao_20_180,12,0.3499999940395355,8750.0,196.0,0.8986618518829346,0.8666383624076843,0.8204379081726074,0.0462004616856575,0.2855309545993805,0.5349069833755493,0.3186696171760559,3.7384563711384544e-07,0.21623696386814117,0.19722402095794678,3.602878215793624e-20,0.19722402095794678,0.8107356429100037,1.0915290117263794,0.6718811988830566,0.4757799208164215,15.155984878540039,0.7745380997657776,1.0256644487380981,1.3431538343429565,0.6959764361381531
184,val,0,1.0,1.0,9,guijiao_20_180,13,0.375,9375.0,225.0,0.9627761244773865,0.9793583154678345,0.9276149272918701,0.05174338445067406,0.32530477643013,0.6023101806640625,0.35838690400123596,4.256063732555049e-07,0.24392284452915192,0.2151336669921875,6.256844559669679e-20,0.2151336669921875,0.8046185970306396,1.0873217582702637,0.6741533279418945,0.4703657627105713,14.073150634765625,0.7659890651702881,1.0199707746505737,1.347554326057434,0.6942054629325867
185,train,0,1.0,1.0,9,guijiao_20_180,14,0.4000000059604645,10000.0,256.0,1.150991439819336,1.097712516784668,1.0402283668518066,0.05748414620757103,0.36744552850723267,0.6727827787399292,0.39995914697647095,4.80087464893586e-07,0.27282312512397766,0.23360233008861542,1.048540348326812e-19,0.23360233008861542,0.7987945079803467,1.0835598707199097,0.6761732697486877,0.4655887186527252,13.117743492126465,0.7575383186340332,1.0151187181472778,1.351527452468872,0.6924403309822083
186,val,0,1.0,1.0,9,guijiao_20_180,15,0.42500001192092896,10625.0,289.0,1.2544622421264648,1.2216236591339111,1.158233642578125,0.06339005380868912,0.4119628965854645,0.7462707757949829,0.443372517824173,5.372165219341696e-07,0.30289769172668457,0.2526010274887085,1.7030078461772696e-19,0.2526010274887085,0.7933090329170227,1.0801922082901,0.6779764890670776,0.4613442122936249,12.268844604492188,0.7492130398750305,1.0110284090042114,1.355160117149353,0.6907017230987549
187,train,0,1.0,1.0,9,guijiao_20_180,16,0.44999998807907104,11250.0,324.0,1.3411883115768433,1.351033329963684,1.281602382659912,0.06943092495203018,0.4588695168495178,0.8227328062057495,0.48861873149871826,5.969292828922335e-07,0.3341134786605835,0.2721027135848999,2.690328686616003e-19,0.2721027135848999,0.788181722164154,1.0771727561950684,0.6795929670333862,0.4575488269329071,11.509765625,0.7410368919372559,1.0076245069503784,1.3585131168365479,0.6890052556991577
188,train,0,1.0,1.0,9,guijiao_20_180,17,0.4749999940395355,11875.0,361.0,1.5874711275100708,1.4858921766281128,1.4103144407272339,0.07557772845029831,0.5081806182861328,0.9021338224411011,0.5356912016868591,6.591673127331887e-07,0.3664419651031494,0.2920822501182556,2.5470766692546686e-18,0.2920822501182556,0.7834170460700989,1.0744606256484985,0.6810489892959595,0.45413661003112793,10.827320098876953,0.7330282926559448,1.0048351287841797,1.3616292476654053,0.6873619556427002
189,val,0,1.0,1.0,9,guijiao_20_180,18,0.5,12500.0,400.0,1.6530265808105469,1.6261647939682007,1.5443599224090576,0.08180484175682068,0.5599116683006287,0.9844483137130737,0.5845870971679688,7.238778607643326e-07,0.3998604714870453,0.31251654028892517,1.337401227409797e-18,0.31251654028892517,0.7790074944496155,1.0720207691192627,0.6823660135269165,0.45105257630348206,10.210517883300781,0.7252023816108704,1.002595067024231,1.3645378351211548,0.6857799887657166
190,train,0,1.0,1.0,10,guijiao_10_0,0,0.05000000074505806,1250.0,4.0,0.061789702624082565,0.015078114345669746,0.014153474941849709,0.0009246395202353597,0.0050598024390637875,0.009093672968447208,0.003126719268038869,0.002728824270889163,0.003238129196688533,0.009522550739347935,0.004054622258991003,0.004054622258991003,0.7039723992347717,1.032869577407837,0.7997070550918579,0.6207086443901062,44.14173126220703,0.8708117604255676,0.9270172119140625,1.0116808414459229,0.9600481986999512
191,train,0,1.0,1.0,10,guijiao_10_0,1,0.07500000298023224,1875.0,9.0,0.07487817108631134,0.029982654377818108,0.029091812670230865,0.0008908415329642594,0.010924004018306732,0.018167808651924133,0.0059983194805681705,0.005955771543085575,0.006213718093931675,0.018689146265387535,0.0064387195743620396,0.0064387195743620396,0.6754939556121826,1.0165342092514038,0.8109557032585144,0.5476172566413879,29.523452758789062,0.7767651081085205,0.9003350138664246,1.1023396253585815,0.9326658248901367
192,train,0,1.0,1.0,10,guijiao_10_0,2,0.10000000149011612,2500.0,16.0,0.08106280863285065,0.048384230583906174,0.04813449829816818,0.0002497341192793101,0.018993182107806206,0.029141318053007126,0.009379477240145206,0.010079508647322655,0.009682332165539265,0.025918809697031975,0.00858659204095602,0.00858659204095602,0.6606323719024658,1.0104812383651733,0.8130205869674683,0.5097271203994751,21.9454288482666,0.6977163553237915,0.8869113326072693,1.1723017692565918,0.9155488610267639
193,train,0,1.0,1.0,10,guijiao_10_0,3,0.125,3125.0,25.0,0.11539952456951141,0.07027576863765717,0.07106804102659225,-0.0007922740187495947,0.029334504157304764,0.04173353686928749,0.013252241536974907,0.014889603480696678,0.01359169278293848,0.03230711445212364,0.01071394607424736,0.01071394607424736,0.6530115604400635,1.0078130960464478,0.8099671602249146,0.48791635036468506,17.583267211914062,0.6373717188835144,0.8802483677864075,1.221044898033142,0.9027956128120422
194,train,0,1.0,1.0,10,guijiao_10_0,4,0.15000000596046448,3750.0,36.0,0.22257539629936218,0.09586506336927414,0.09791944921016693,-0.002054383046925068,0.041992299258708954,0.05592714995145798,0.017655909061431885,0.020313680171966553,0.01795756071805954,0.038538794964551926,0.012932950630784035,0.012932950630784035,0.6491562724113464,1.0065171718597412,0.8045828938484192,0.47369226813316345,14.738452911376953,0.5925473570823669,0.8771463632583618,1.2542953491210938,0.8921323418617249
195,train,0,1.0,1.0,10,guijiao_10_0,5,0.17499999701976776,4375.0,49.0,0.19035470485687256,0.12534977495670319,0.1287839412689209,-0.0034341716673225164,0.05699244514107704,0.07179149985313416,0.02263064496219158,0.02635403722524643,0.022806815803050995,0.04491616040468216,0.015288958325982094,0.015288958325982094,0.647296667098999,1.0058574676513672,0.7984315156936646,0.4635932743549347,12.71865463256836,0.5591882467269897,0.875860869884491,1.2774611711502075,0.8826791048049927
196,train,0,1.0,1.0,10,guijiao_10_0,6,0.20000000298023224,5000.0,64.0,0.2699236571788788,0.15886655449867249,0.16375160217285156,-0.004885053262114525,0.07434950768947601,0.08940209448337555,0.028204884380102158,0.033036600798368454,0.02816060557961464,0.05157095938920975,0.0177962277084589,0.0177962277084589,0.6465173959732056,1.0055181980133057,0.7923073768615723,0.45599478483200073,11.198957443237305,0.5340166687965393,0.8754438757896423,1.2942125797271729,0.8740694522857666
197,val,0,1.0,1.0,10,guijiao_10_0,7,0.22499999403953552,5625.0,81.0,0.29202887415885925,0.19649820029735565,0.20288893580436707,-0.006390742026269436,0.09407120943069458,0.10881773382425308,0.03439676761627197,0.04038899391889572,0.03403197228908539,0.05855756998062134,0.020455215126276016,0.020455215126276016,0.6463293433189392,1.0053482055664062,0.7865747213363647,0.45003658533096313,10.007320404052734,0.5146782994270325,0.8754051327705383,1.3068162202835083,0.8661209344863892
198,train,0,1.0,1.0,10,guijiao_10_0,8,0.25,6250.0,100.0,0.29831641912460327,0.23829159140586853,0.24624091386795044,-0.007949326187372208,0.11616137623786926,0.13007953763008118,0.04121781513094902,0.04843411594629288,0.04042761027812958,0.0658935159444809,0.023260442540049553,0.023260442540049553,0.6464633345603943,1.005270004272461,0.7813713550567627,0.4452192783355713,9.043856620788574,0.49953973293304443,0.8755096197128296,1.3166484832763672,0.8587247729301453
199,train,0,1.0,1.0,10,guijiao_10_0,9,0.2750000059604645,6875.0,121.0,0.4310641288757324,0.2842710018157959,0.29383590817451477,-0.009564913809299469,0.14062154293060303,0.15321436524391174,0.048675451427698135,0.0571892112493515,0.04734969884157181,0.07357822358608246,0.026204118505120277,0.026204118505120277,0.6467680931091309,1.0052419900894165,0.7767225503921509,0.4412316679954529,8.246335983276367,0.4874715507030487,0.8756558895111084,1.3245601654052734,0.8518059849739075
200,val,0,1.0,1.0,10,guijiao_10_0,10,0.30000001192092896,7500.0,144.0,0.40116769075393677,0.3344481587409973,0.34569185972213745,-0.011243708431720734,0.1674521267414093,0.17823973298072815,0.056774988770484924,0.06666691601276398,0.054797835648059845,0.08160223811864853,0.02927783876657486,0.02927783876657486,0.6471579670906067,1.0052413940429688,0.772600531578064,0.43786895275115967,7.573787689208984,0.4776870608329773,0.8758091330528259,1.331091046333313,0.8453096151351929
201,train,0,1.0,1.0,10,guijiao_10_0,11,0.32499998807907104,8125.0,169.0,0.506271243095398,0.3888276517391205,0.40181994438171387,-0.012992290779948235,0.1966530829668045,0.20516684651374817,0.0655205249786377,0.07687617838382721,0.06277013570070267,0.08995193988084793,0.032473374158144,0.032473374158144,0.6475841403007507,1.0052556991577148,0.7689559459686279,0.43499016761779785,6.998030662536621,0.4696301221847534,0.875965416431427,1.3365952968597412,0.8391944766044617
202,train,0,1.0,1.0,10,guijiao_10_0,12,0.3499999940395355,8750.0,196.0,0.5606998205184937,0.44741082191467285,0.4622275233268738,-0.014816700480878353,0.22822433710098267,0.2340031862258911,0.07491564750671387,0.0878235399723053,0.07126399129629135,0.09861201047897339,0.03578303009271622,0.03578303009271622,0.6480194330215454,1.0052778720855713,0.7657335996627808,0.4324948787689209,6.498973846435547,0.46290239691734314,0.8761323690414429,1.3413139581680298,0.8334264755249023
203,train,0,1.0,1.0,10,guijiao_10_0,13,0.375,9375.0,225.0,0.5885866284370422,0.5101972222328186,0.5269197821617126,-0.016722576692700386,0.26216593384742737,0.2647538483142853,0.08496356755495071,0.09951362758874893,0.08027664572000504,0.10756683349609375,0.03919977322220802,0.03919977322220802,0.6484490633010864,1.0053040981292725,0.7628802061080933,0.43030932545661926,6.06186580657959,0.45721322298049927,0.8763200044631958,1.345414638519287,0.8279786109924316
204,val,0,1.0,1.0,10,guijiao_10_0,14,0.4000000059604645,10000.0,256.0,0.6958703994750977,0.5771857500076294,0.5959007143974304,-0.018714994192123413,0.29847821593284607,0.29742249846458435,0.09566739946603775,0.11194981634616852,0.08980527520179749,0.11680116504430771,0.04271727055311203,0.04271727055311203,0.6488656401634216,1.005332350730896,0.7603471279144287,0.42837801575660706,5.675602912902832,0.45234763622283936,0.8765379786491394,1.3490195274353027,0.8228270411491394
205,train,0,1.0,1.0,10,guijiao_10_0,15,0.42500001192092896,10625.0,289.0,0.6730650663375854,0.648375391960144,0.6691737771034241,-0.02079838700592518,0.3371615707874298,0.33201220631599426,0.10703026503324509,0.12513460218906403,0.09984733909368515,0.12630051374435425,0.046329837292432785,0.046329837292432785,0.6492655277252197,1.005361557006836,0.7580914497375488,0.4266582429409027,5.331648349761963,0.44814419746398926,0.8767936825752258,1.3522177934646606,0.8179510831832886
206,train,0,1.0,1.0,10,guijiao_10_0,16,0.44999998807907104,11250.0,324.0,0.6925672888755798,0.7237660884857178,0.7467429041862488,-0.0229768268764019,0.3782169818878174,0.3685259222984314,0.11905523389577866,0.13906997442245483,0.11040069162845612,0.13605135679244995,0.05003241449594498,0.05003241449594498,0.6496480703353882,1.005391240119934,0.7560759782791138,0.4251165986061096,5.02332067489624,0.4444800615310669,0.8770914077758789,1.355078101158142,0.8133325576782227
207,train,0,1.0,1.0,10,guijiao_10_0,17,0.4749999940395355,11875.0,361.0,0.7913765907287598,0.8033576011657715,0.8286119103431702,-0.025254296138882637,0.42164546251296997,0.4069664478302002,0.13174550235271454,0.1537575125694275,0.12146342545747757,0.1460411250591278,0.05382047966122627,0.05382047966122627,0.6500134468078613,1.0054212808609009,0.754269003868103,0.42372652888298035,4.74530553817749,0.4412602484226227,0.8774340152740479,1.3576529026031494,0.808954656124115
208,train,0,1.0,1.0,10,guijiao_10_0,18,0.5,12500.0,400.0,0.9285801649093628,0.8871504068374634,0.9147846698760986,-0.027634263038635254,0.46744826436042786,0.44733643531799316,0.14510409533977509,0.16919845342636108,0.1330338567495346,0.15625827014446259,0.05769001320004463,0.05769001320004463,0.6503627300262451,1.0054515600204468,0.7526434063911438,0.42246657609939575,4.493317604064941,0.4384104907512665,0.8778218030929565,1.359984040260315,0.8048016428947449
209,train,0,1.0,1.0,11,guijiao_10_180,0,0.05000000074505806,1250.0,4.0,0.06980589777231216,0.014544927515089512,0.013453569263219833,0.0010913580190390348,0.005416260566562414,0.008037308230996132,0.004541967995464802,3.0690479047024155e-09,0.0034953367430716753,0.009522550739347935,1.557760600314056e-22,0.009522550739347935,0.753566563129425,1.1957380771636963,0.6429728865623474,0.838975191116333,87.79503631591797,1.0029090642929077,1.0099855661392212,0.7960555553436279,0.7772488594055176
210,train,0,1.0,1.0,11,guijiao_10_180,1,0.07500000298023224,1875.0,9.0,0.03306988999247551,0.03106771968305111,0.029601125046610832,0.001466594054363668,0.01235097274184227,0.017250152304768562,0.009907576255500317,6.947061592654791e-09,0.007342569064348936,0.018689146265387535,1.9663044687165624e-22,0.018689146265387535,0.7637316584587097,1.1426546573638916,0.6391562819480896,0.7209258079528809,64.1851577758789,0.99456387758255,1.033251404762268,0.8501467108726501,0.7657492160797119
211,train,0,1.0,1.0,11,guijiao_10_180,2,0.10000000149011612,2500.0,16.0,0.15503378212451935,0.05285568907856941,0.05182866007089615,0.0010270299389958382,0.022240102291107178,0.02958855777978897,0.017108658328652382,1.2457694431589061e-08,0.012479886412620544,0.025918809697031975,3.962648760703941e-22,0.025918809697031975,0.7735686302185059,1.1144828796386719,0.6407934427261353,0.6509374380111694,50.1874885559082,0.975837767124176,1.048754096031189,0.8937963843345642,0.7650121450424194
212,train,0,1.0,1.0,11,guijiao_10_180,3,0.125,3125.0,25.0,0.1742364466190338,0.07947199791669846,0.07976134121417999,-0.0002893423370551318,0.03510615974664688,0.04465518146753311,0.025863364338874817,1.9478138213457896e-08,0.018791796639561653,0.03230711445212364,3.1570147162628854e-23,0.03230711445212364,0.781493604183197,1.096555233001709,0.6446707844734192,0.6060657501220703,41.2131462097168,0.9533835053443909,1.0555423498153687,0.9248287081718445,0.7669355869293213
213,train,0,1.0,1.0,11,guijiao_10_180,4,0.15000000596046448,3750.0,36.0,0.2257920205593109,0.11064902693033218,0.112989142537117,-0.002340115839615464,0.050908830016851425,0.06208030879497528,0.035915080457925797,2.783928820804249e-08,0.026165202260017395,0.038538794964551926,5.617418552650028e-23,0.038538794964551926,0.7869963645935059,1.0838444232940674,0.649282693862915,0.5746968984603882,34.93937683105469,0.9299154281616211,1.0558267831802368,0.9453691244125366,0.7692010998725891
214,train,0,1.0,1.0,11,guijiao_10_180,5,0.17499999701976776,4375.0,49.0,0.24175983667373657,0.1461922824382782,0.15114791691303253,-0.004955627955496311,0.06956803798675537,0.08157987892627716,0.04707569628953934,3.739214093911869e-08,0.03450414538383484,0.04491616040468216,6.843195434481853e-23,0.04491616040468216,0.7901250720024109,1.074284315109253,0.6538845896720886,0.551417887210846,30.2835750579834,0.9066949486732483,1.0520806312561035,0.9585013389587402,0.7711226940155029
215,train,0,1.0,1.0,11,guijiao_10_180,6,0.20000000298023224,5000.0,64.0,0.24040131270885468,0.1859375536441803,0.19394145905971527,-0.008003905415534973,0.09098894894123077,0.1029525101184845,0.05922245234251022,4.8026553400859484e-08,0.043730009347200394,0.05157095938920975,5.755372023400182e-23,0.05157095938920975,0.7912082076072693,1.0668461322784424,0.6581215858459473,0.533397376537323,26.679471969604492,0.8843474388122559,1.0461896657943726,0.966853141784668,0.772508978843689
216,val,0,1.0,1.0,11,guijiao_10_180,7,0.22499999403953552,5625.0,81.0,0.35061752796173096,0.22974306344985962,0.2411385476589203,-0.011395487003028393,0.11507917195558548,0.1260593682527542,0.0722808986902237,5.966793992229213e-08,0.053778406232595444,0.05855756998062134,5.25454821604688e-22,0.05855756998062134,0.7906674146652222,1.0609244108200073,0.6618544459342957,0.5190048217773438,23.800962448120117,0.8631790280342102,1.0393983125686646,0.9722954630851746,0.7733326554298401
217,train,0,1.0,1.0,11,guijiao_10_180,8,0.25,6250.0,100.0,0.3476819396018982,0.2774900496006012,0.29256245493888855,-0.015072418376803398,0.1417575478553772,0.15080490708351135,0.08620850741863251,7.226866927112496e-08,0.06459632515907288,0.0658935159444809,1.220661604799784e-21,0.0658935159444809,0.7889115810394287,1.0561211109161377,0.6650601625442505,0.507230281829834,21.44605827331543,0.8433173894882202,1.0324620008468628,0.9760550856590271,0.7736271619796753
218,train,0,1.0,1.0,11,guijiao_10_180,9,0.2750000059604645,6875.0,121.0,0.38224053382873535,0.32908234000205994,0.34807994961738586,-0.018997611477971077,0.17095735669136047,0.1771225929260254,0.10098270326852798,8.579986854329036e-08,0.07613980770111084,0.07357822358608246,3.733637012555253e-22,0.07357822358608246,0.7862932682037354,1.0521601438522339,0.6677751541137695,0.49741220474243164,19.482440948486328,0.8247864246368408,1.0258103609085083,0.9788985252380371,0.7734492421150208
219,val,0,1.0,1.0,11,guijiao_10_180,10,0.30000001192092896,7500.0,144.0,0.5158165097236633,0.3844444751739502,0.40759193897247314,-0.023147473111748695,0.2026260644197464,0.20496585965156555,0.11659345030784607,1.0024542973496864e-07,0.08837231993675232,0.08160223811864853,5.248621737568783e-21,0.08160223811864853,0.7830958962440491,1.0488437414169312,0.6700599193572998,0.48909759521484375,17.819517135620117,0.8075497150421143,1.0196716785430908,0.9812922477722168,0.7728627920150757
220,val,0,1.0,1.0,11,guijiao_10_180,11,0.32499998807907104,8125.0,169.0,0.47507306933403015,0.4435179531574249,0.47102493047714233,-0.02750697359442711,0.23672381043434143,0.2343011200428009,0.13303782045841217,1.1559740187294665e-07,0.10126318782567978,0.08995193988084793,9.957311831609947e-21,0.08995193988084793,0.7795381546020508,1.0460275411605835,0.6719808578491211,0.48196521401405334,16.393043518066406,0.791537880897522,1.0141503810882568,0.9835120439529419,0.7719316482543945
221,val,0,1.0,1.0,11,guijiao_10_180,12,0.3499999940395355,8750.0,196.0,0.5916249752044678,0.5062589645385742,0.5383259654045105,-0.03206697106361389,0.2732216715812683,0.2651042938232422,0.15031743049621582,1.3185325542508508e-07,0.11478673666715622,0.09861201047897339,1.801439107896812e-20,0.09861201047897339,0.7757847309112549,1.043605923652649,0.6736007928848267,0.4757799208164215,15.155984878540039,0.7766653299331665,1.0092798471450806,0.985715925693512,0.7707151770591736
222,val,0,1.0,1.0,11,guijiao_10_180,13,0.375,9375.0,225.0,0.7030403017997742,0.5726352334022522,0.6094573736190796,-0.0368221141397953,0.31209930777549744,0.29735803604125977,0.16843663156032562,1.4901367251241027e-07,0.1289212703704834,0.10756683349609375,3.1284222798348394e-20,0.10756683349609375,0.7719557881355286,1.0414997339248657,0.6749749183654785,0.4703657627105713,14.073150634765625,0.762841522693634,1.0050537586212158,0.9879899024963379,0.7692672610282898
223,val,0,1.0,1.0,11,guijiao_10_180,14,0.4000000059604645,10000.0,256.0,0.7948856353759766,0.6426239609718323,0.6843940019607544,-0.04177005961537361,0.3533438742160797,0.33105015754699707,0.18740130960941315,1.670815379384294e-07,0.1436486691236496,0.11680116504430771,5.24270174163406e-20,0.11680116504430771,0.7681387066841125,1.0396497249603271,0.676150381565094,0.4655887186527252,13.117743492126465,0.7499774694442749,1.0014426708221436,0.9903754591941833,0.7676354050636292
224,val,0,1.0,1.0,11,guijiao_10_180,15,0.42500001192092896,10625.0,289.0,0.9257188439369202,0.7162094712257385,0.7631193995475769,-0.04690995439887047,0.3969474136829376,0.3661719858646393,0.2072182446718216,1.8606077389904385e-07,0.15895356237888336,0.12630051374435425,8.515039230886348e-20,0.12630051374435425,0.7643939852714539,1.0380103588104248,0.6771656274795532,0.4613442122936249,12.268844604492188,0.7379889488220215,0.9984064698219299,0.9928886890411377,0.7658604383468628
225,val,0,1.0,1.0,11,guijiao_10_180,16,0.44999998807907104,11250.0,324.0,1.0905781984329224,0.7933826446533203,0.8456254005432129,-0.052242785692214966,0.4429069757461548,0.4027184247970581,0.2278948575258255,2.0595598471118137e-07,0.17482337355613708,0.13605135679244995,1.3451643433080014e-19,0.13605135679244995,0.7607634663581848,1.0365464687347412,0.6780521273612976,0.4575488269329071,11.509765625,0.7267979383468628,0.9959000945091248,0.9955289363861084,0.7639778256416321
226,val,0,1.0,1.0,11,guijiao_10_180,17,0.4749999940395355,11875.0,361.0,1.0394068956375122,0.8741399049758911,0.93190997838974,-0.05777006968855858,0.491222620010376,0.440687358379364,0.24943920969963074,2.2677271260818088e-07,0.19124791026115417,0.1460411250591278,1.2735383346273343e-18,0.1460411250591278,0.7572744488716125,1.0352308750152588,0.6788354516029358,0.45413661003112793,10.827320098876953,0.7163346409797668,0.9938780069351196,0.9982881546020508,0.7620177268981934
227,train,0,1.0,1.0,11,guijiao_10_180,18,0.5,12500.0,400.0,1.115393042564392,0.9584810733795166,1.0219755172729492,-0.06349443644285202,0.5418968200683594,0.48007863759994507,0.2718595266342163,2.48516414558253e-07,0.20821887254714966,0.15625827014446259,6.687006137048985e-19,0.15625827014446259,0.7539434432983398,1.0340420007705688,0.6795357465744019,0.45105257630348206,10.210517883300781,0.7065356969833374,0.9922956228256226,1.0011531114578247,0.7600051760673523
228,train,1,0.3499999940395355,0.5,12,PVC_20_0,0,0.05000000074505806,1250.0,0.11831440031528473,0.03896733745932579,0.04258964955806732,0.036252591758966446,0.0063370573334395885,0.00844145379960537,0.027811137959361076,0.017866743728518486,7.534906920625417e-09,0.009944386780261993,0.01321345940232277,1.3097750434552477e-22,0.01321345940232277,1.1744630336761475,2.3746111392974854,0.603206992149353,0.996205747127533,119.24114227294922,0.6806292533874512,1.4739443063735962,0.77287358045578,0.8203772306442261
229,train,1,0.3499999940395355,0.5,12,PVC_20_0,1,0.07500000298023224,1875.0,0.26620739698410034,0.08865445852279663,0.09487850964069366,0.08095556497573853,0.01392294466495514,0.020818233489990234,0.06013733148574829,0.03897049278020859,1.668484905792411e-08,0.02116682380437851,0.03037220984697342,2.8695664872837046e-22,0.03037220984697342,1.28731107711792,2.2840237617492676,0.581168532371521,0.9913101196289062,118.26202392578125,0.6787636280059814,1.489611268043518,0.8230354189872742,0.8090822696685791
230,train,1,0.3499999940395355,0.5,12,PVC_20_0,2,0.10000000149011612,2500.0,0.4732576012611389,0.16008447110652924,0.16603422164916992,0.1421957015991211,0.023838525637984276,0.03942517936229706,0.10277052968740463,0.06669969111680984,2.941506771492186e-08,0.0360708087682724,0.0556364543735981,4.917446368011575e-22,0.0556364543735981,1.3713104724884033,2.222243547439575,0.5722869038581848,0.984167754650116,116.83355712890625,0.6697458624839783,1.4938288927078247,0.8633648157119751,0.8078539371490479
231,train,1,0.3499999940395355,0.5,12,PVC_20_0,3,0.125,3125.0,0.7394649982452393,0.2551865577697754,0.2554337978363037,0.21959075331687927,0.03584304451942444,0.06436992436647415,0.15522083640098572,0.10061577707529068,4.573879053282326e-08,0.054605018347501755,0.09032505005598068,7.358265312476977e-22,0.09032505005598068,1.4329304695129395,2.179807662963867,0.5694413185119629,0.9744910597801208,114.8982162475586,0.6592409014701843,1.4936968088150024,0.8943208456039429,0.8106417059898376
232,train,1,0.3499999940395355,0.5,12,PVC_20_0,4,0.15000000596046448,3750.0,1.0648295879364014,0.3764127790927887,0.3627079129219055,0.31287693977355957,0.049830980598926544,0.09564328193664551,0.21723365783691406,0.1404687464237213,6.566214239001056e-08,0.07676485180854797,0.13616591691970825,1.0092949459177862e-21,0.13616591691970825,1.4785434007644653,2.148918390274048,0.5695217847824097,0.9619359970092773,112.38719940185547,0.6492831707000732,1.4914953708648682,0.9181385040283203,0.815088152885437
233,train,1,0.3499999940395355,0.5,12,PVC_20_0,5,0.17499999701976776,4375.0,1.44935142993927,0.5264398455619812,0.4875015914440155,0.4217380881309509,0.06576350331306458,0.13319188356399536,0.28854620456695557,0.18602107465267181,8.917639604533178e-08,0.10252503305673599,0.19512005150318146,4.192383988966025e-21,0.19512005150318146,1.5127383470535278,2.12446665763855,0.5710935592651367,0.9461763501167297,109.23526763916016,0.640453577041626,1.4880832433700562,0.9368476271629333,0.8201531171798706
234,train,1,0.3499999940395355,0.5,12,PVC_20_0,6,0.20000000298023224,5000.0,1.8930304050445557,0.7074139714241028,0.6293858289718628,0.5457600355148315,0.08362578600645065,0.17694178223609924,0.3688182234764099,0.23699773848056793,1.1625094487044407e-07,0.13182035088539124,0.2688552141189575,5.323269133296725e-21,0.2688552141189575,1.5386239290237427,2.103320598602295,0.5734513401985168,0.9270625114440918,105.4124984741211,0.6328071355819702,1.4838366508483887,0.9519256353378296,0.8253236413002014
235,train,1,0.3499999940395355,0.5,12,PVC_20_0,7,0.22499999403953552,5625.0,2.395866632461548,0.9196762442588806,0.7878386378288269,0.684434711933136,0.10340394824743271,0.2268058806657791,0.45762884616851807,0.293083518743515,1.4683317317576439e-07,0.1645451784133911,0.3577744960784912,6.53330471859431e-21,0.3577744960784912,1.558301329612732,2.083616018295288,0.5762268304824829,0.9048536419868469,100.9707260131836,0.6262311935424805,1.4789475202560425,0.9643913507461548,0.8303218483924866
236,train,1,0.3499999940395355,0.5,12,PVC_20_0,8,0.25,6250.0,2.957859992980957,1.1605628728866577,0.9622560143470764,0.8371817469596863,0.12507425248622894,0.28268784284591675,0.5544939041137695,0.35393449664115906,1.8085185615746013e-07,0.20055922865867615,0.4600156545639038,7.807100257924534e-21,0.4600156545639038,1.5732191801071167,2.064284324645996,0.5792170763015747,0.8803804516792297,96.07609558105469,0.6205733418464661,1.4735300540924072,0.9749424457550049,0.834985077381134
237,train,1,0.3499999940395355,0.5,12,PVC_20_0,9,0.2750000059604645,6875.0,3.5790107250213623,1.4245007038116455,1.1519696712493896,1.0033705234527588,0.14859908819198608,0.3444831371307373,0.6588873267173767,0.4191920757293701,2.182221123803174e-07,0.23969504237174988,0.5714209079742432,2.695397712417626e-21,0.5714209079742432,1.5843995809555054,2.0447440147399902,0.5823038816452026,0.8549124598503113,90.98249053955078,0.6156883239746094,1.4676637649536133,0.9840651154518127,0.8392136096954346
238,train,1,0.3499999940395355,0.5,12,PVC_20_0,10,0.30000001192092896,7500.0,4.2593183517456055,1.7047615051269531,1.3562657833099365,1.1823391914367676,0.17392665147781372,0.41207990050315857,0.7702593207359314,0.48849377036094666,2.5885069021569507e-07,0.28176528215408325,0.6868923306465149,3.1383373804136086e-21,0.6868923306465149,1.5925793647766113,2.024714708328247,0.5854158997535706,0.8297387957572937,85.94775390625,0.6114480495452881,1.461409330368042,0.9921079874038696,0.8429471254348755
239,train,1,0.3499999940395355,0.5,12,PVC_20_0,11,0.32499998807907104,8125.0,4.998783588409424,1.9954872131347656,1.5744054317474365,1.373413324356079,0.20099212229251862,0.48535969853401184,0.8880536556243896,0.5614835619926453,3.0264024530879396e-07,0.3265697956085205,0.8020642399787903,3.613344231585051e-21,0.8020642399787903,1.5983030796051025,2.0040998458862305,0.5885077118873596,0.8057969808578491,81.15939331054688,0.6077443957328796,1.4548183679580688,0.999326765537262,0.8461506366729736
240,train,1,0.3499999940395355,0.5,12,PVC_20_0,12,0.3499999940395355,8750.0,5.79740571975708,2.2926197052001953,1.8056347370147705,1.575914978981018,0.22971977293491364,0.5641978979110718,1.0117170810699463,0.6378165483474731,3.494920690627623e-07,0.3739001154899597,0.9141030311584473,4.118448663267346e-21,0.9141030311584473,1.60198175907135,1.9829082489013672,0.5915501117706299,0.7835787534713745,76.71575164794922,0.6044857501983643,1.4479373693466187,1.0059144496917725,0.8488082885742188
241,train,1,0.3499999940395355,0.5,12,PVC_20_0,13,0.375,9375.0,6.655185222625732,2.5937793254852295,2.0492043495178223,1.7891790866851807,0.2600253224372864,0.6484647989273071,1.1407142877578735,0.7171667814254761,3.9931001083459705e-07,0.4235471189022064,1.0216023921966553,4.745194689228252e-21,1.0216023921966553,1.60393226146698,1.9612174034118652,0.5945236682891846,0.7632349729537964,72.6469955444336,0.6015951633453369,1.4408087730407715,1.0120185613632202,0.8509182929992676
242,train,1,0.3499999940395355,0.5,12,PVC_20_0,14,0.4000000059604645,10000.0,7.572121620178223,2.8977599143981934,2.3043742179870605,2.0125560760498047,0.2918180823326111,0.7380255460739136,1.2745306491851807,0.7992276549339294,4.52000620043691e-07,0.47530248761177063,1.1241329908370972,1.5113856765066473e-22,1.1241329908370972,1.6044031381607056,1.9391320943832397,0.5974156260490417,0.7447188496589661,68.94377136230469,0.5990073680877686,1.4334734678268433,1.0177541971206665,0.8524898290634155
243,train,1,0.3499999940395355,0.5,12,PVC_20_0,15,0.42500001192092896,10625.0,8.548215866088867,3.2040646076202393,2.570427417755127,2.2454240322113037,0.3250032961368561,0.8327412009239197,1.4126827716827393,0.8837169408798218,5.074762157164514e-07,0.5289653539657593,1.221822738647461,1.4070789535214697e-22,1.221822738647461,1.6035937070846558,1.9167754650115967,0.6002178192138672,0.7278915047645569,65.57830047607422,0.5966674089431763,1.425970435142517,1.0232114791870117,0.8535411953926086
244,train,1,0.3499999940395355,0.5,12,PVC_20_0,16,0.44999998807907104,11250.0,9.583466529846191,3.5125911235809326,2.846675157546997,2.487191677093506,0.3594835102558136,0.9324719905853271,1.5547196865081787,0.9703763723373413,5.656542043652735e-07,0.5843427181243896,1.3150737285614014,1.15153156535183e-22,1.3150737285614014,1.6016695499420166,1.894271731376648,0.602925181388855,0.7125833034515381,62.51666259765625,0.5945277214050293,1.4183375835418701,1.0284619331359863,0.8540965914726257
245,train,1,0.3499999940395355,0.5,12,PVC_20_0,17,0.4749999940395355,11875.0,10.677874565124512,3.8234429359436035,3.1324663162231445,2.7373056411743164,0.3951607644557953,1.037075400352478,1.700230360031128,1.058975100517273,6.264582452786271e-07,0.6412546038627625,1.404396414756775,1.1817759875870244e-22,1.404396414756775,1.5987672805786133,1.8717405796051025,0.6055350303649902,0.6986239552497864,59.724796295166016,0.5925490260124207,1.4106112718582153,1.0335601568222046,0.8541852831840515
246,train,1,0.3499999940395355,0.5,12,PVC_20_0,18,0.5,12500.0,11.831439971923828,4.1368231773376465,3.427192449569702,2.9952542781829834,0.4319382309913635,1.1464096307754517,1.8488446474075317,1.149308681488037,6.898200695104606e-07,0.6995352506637573,1.490321159362793,2.2376276234865566e-23,1.490321159362793,1.595004677772522,1.849297046661377,0.6080464124679565,0.68585604429245,57.17121124267578,0.5906970500946045,1.4028265476226807,1.038550615310669,0.8538407683372498
247,train,1,0.3499999940395355,0.5,13,PVC_20_180,0,0.05000000074505806,1250.0,3.440162420272827,0.021277042105793953,0.019677892327308655,0.019134879112243652,0.0005430136225186288,0.008862662129104137,0.01027221791446209,0.0006440068827942014,0.004265857394784689,0.005362354218959808,0.0006661643856205046,0.0042745620012283325,0.0042745620012283325,1.2330658435821533,1.2998969554901123,0.7868210077285767,0.94847571849823,109.69515228271484,0.9000865817070007,0.9410743117332458,1.2356795072555542,1.2221680879592896
248,train,1,0.3499999940395355,0.5,13,PVC_20_180,1,0.07500000298023224,1875.0,7.740365505218506,0.05323014780879021,0.03868705406785011,0.038914382457733154,-0.00022732846264261752,0.01922009326517582,0.019694287329912186,0.0011582188308238983,0.008341634646058083,0.01019443292170763,0.014032176695764065,0.00691649504005909,0.00691649504005909,1.1884888410568237,1.1916171312332153,0.7885687351226807,0.7659139633178711,73.18279266357422,0.8523977398872375,0.8664743900299072,1.2342946529388428,1.1895159482955933
249,train,1,0.3499999940395355,0.5,13,PVC_20_180,2,0.10000000149011612,2500.0,13.760649681091309,0.09339562058448792,0.06042369082570076,0.06286492943763733,-0.0024412379134446383,0.03249542415142059,0.030369505286216736,0.001715824706479907,0.013191907666623592,0.015461772680282593,0.03361473232507706,0.009269754402339458,0.009269754402339458,1.1302754878997803,1.1286364793777466,0.7897014617919922,0.6318939924240112,46.37879943847656,0.8001796007156372,0.812078595161438,1.2331383228302002,1.1413699388504028
250,train,1,0.3499999940395355,0.5,13,PVC_20_180,3,0.125,3125.0,21.50101661682129,0.1346348077058792,0.08386819809675217,0.0898224264383316,-0.005954226478934288,0.04805603250861168,0.041766390204429626,0.002319897757843137,0.018701693043112755,0.020744796842336655,0.04619390890002251,0.01155166607350111,0.01155166607350111,1.069769024848938,1.092071294784546,0.78940749168396,0.5795443058013916,35.90886306762695,0.7485685348510742,0.7763060331344604,1.2364764213562012,1.0827178955078125
251,train,1,0.3499999940395355,0.5,13,PVC_20_180,4,0.15000000596046448,3750.0,30.961462020874023,0.17942661046981812,0.10882426053285599,0.11923576146364212,-0.010411502793431282,0.06561919301748276,0.05361656844615936,0.0029761740006506443,0.02480212226510048,0.025838272646069527,0.056361857801675797,0.013895806856453419,0.013895806856453419,1.0144028663635254,1.0701189041137695,0.7878738045692444,0.5489807724952698,29.796154022216797,0.7005991339683533,0.7541207671165466,1.2441043853759766,1.021146535873413
252,train,1,0.3499999940395355,0.5,13,PVC_20_180,5,0.17499999701976776,4375.0,42.141990661621094,0.22840717434883118,0.1355782449245453,0.15109732747077942,-0.015519076026976109,0.08519326895475388,0.06590406596660614,0.003689934965223074,0.031464833766222,0.030749302357435226,0.06552295386791229,0.01636306196451187,0.01636306196451187,0.9675899147987366,1.0563981533050537,0.7856148481369019,0.5283265113830566,25.665306091308594,0.6578544974327087,0.7410573959350586,1.2545586824417114,0.9631865620613098
253,train,1,0.3499999940395355,0.5,13,PVC_20_180,6,0.20000000298023224,5000.0,55.042598724365234,0.28263768553733826,0.16456398367881775,0.18567830324172974,-0.021114325150847435,0.1069132387638092,0.07876505702733994,0.004466701298952103,0.03869396075606346,0.03560439497232437,0.0750616118311882,0.018977055326104164,0.018977055326104164,0.9296802282333374,1.0474876165390015,0.783094048500061,0.5149227380752563,22.984548568725586,0.6207958459854126,0.7339996695518494,1.2664271593093872,0.9125455617904663
254,train,1,0.3499999940395355,0.5,13,PVC_20_180,7,0.22499999403953552,5625.0,69.66329193115234,0.3524117171764374,0.19617301225662231,0.22330348193645477,-0.02713046781718731,0.13092663884162903,0.09237684309482574,0.005312137771397829,0.046511147171258926,0.040553562343120575,0.09499984979629517,0.02174370363354683,0.02174370363354683,0.899549663066864,1.0415045022964478,0.7806167602539062,0.5238103270530701,24.762067794799805,0.5891633629798889,0.7309271693229675,1.2786922454833984,0.8703137636184692
255,train,1,0.3499999940395355,0.5,13,PVC_20_180,8,0.25,6250.0,86.00406646728516,0.4297550618648529,0.23069977760314941,0.2642483711242676,-0.03354860097169876,0.15735122561454773,0.10689716041088104,0.006231722887605429,0.05494401976466179,0.045721422880887985,0.11728376895189285,0.02466064691543579,0.02466064691543579,0.8756937384605408,1.0373754501342773,0.778346061706543,0.5311626195907593,26.23252296447754,0.5623534321784973,0.7305492162704468,1.2907172441482544,0.8359938859939575
256,train,1,0.3499999940395355,0.5,13,PVC_20_180,9,0.2750000059604645,6875.0,104.0649185180664,0.5146627426147461,0.26834893226623535,0.3087163269519806,-0.040367402136325836,0.18627040088176727,0.12244592607021332,0.007230476941913366,0.0640193372964859,0.05119611322879791,0.14191335439682007,0.027721846476197243,0.027721846476197243,0.8567233681678772,1.0344651937484741,0.776348352432251,0.5373395085334778,27.467897415161133,0.5396645069122314,0.732029378414154,1.3021413087844849,0.808426558971405
257,train,1,0.3499999940395355,0.5,13,PVC_20_180,10,0.30000001192092896,7500.0,123.8458480834961,0.6071262359619141,0.30926117300987244,0.35685089230537415,-0.04758971184492111,0.21774153411388397,0.13910935819149017,0.008312920108437538,0.07376094907522202,0.05703549087047577,0.1688886284828186,0.030919823795557022,0.030919823795557022,0.8415131568908691,1.0323835611343384,0.774634838104248,0.5425971150398254,28.519418716430664,0.5204277038574219,0.7348122000694275,1.3127869367599487,0.7863392233848572
258,train,1,0.3499999940395355,0.5,13,PVC_20_180,11,0.32499998807907104,8125.0,145.34686279296875,0.7071353197097778,0.35353517532348633,0.4087526202201843,-0.055217429995536804,0.2518044114112854,0.15694820880889893,0.00948304682970047,0.08418901264667511,0.06327614188194275,0.19820956885814667,0.03424676135182381,0.03424676135182381,0.8291990756988525,1.0308821201324463,0.7731883525848389,0.5471224188804626,29.424488067626953,0.5040559768676758,0.7385163903236389,1.3225873708724976,0.7685891389846802
259,train,1,0.3499999940395355,0.5,13,PVC_20_180,12,0.3499999940395355,8750.0,168.56796264648438,0.8146787881851196,0.4012434482574463,0.4644939601421356,-0.06325051933526993,0.2884875535964966,0.17600640654563904,0.010744426399469376,0.09532062709331512,0.06994136422872543,0.22987619042396545,0.037695061415433884,0.037695061415433884,0.8191305994987488,1.0297967195510864,0.7719799280166626,0.5510551929473877,30.211044311523438,0.49005749821662903,0.742874264717102,1.3315423727035522,0.7542376518249512
260,train,1,0.3499999940395355,0.5,13,PVC_20_180,13,0.375,9375.0,193.50914001464844,0.9297453761100769,0.4524415135383606,0.5241286754608154,-0.07168717682361603,0.32781219482421875,0.1963164508342743,0.012100202962756157,0.10717014968395233,0.07704610377550125,0.26388847827911377,0.041257601231336594,0.041257601231336594,0.810820460319519,1.0290164947509766,0.7709776163101196,0.5545018315315247,30.90036392211914,0.4780268669128418,0.7476909756660461,1.3396879434585571,0.7425440549850464
261,train,1,0.3499999940395355,0.5,13,PVC_20_180,14,0.4000000059604645,10000.0,220.17039489746094,1.0523236989974976,0.5071743726730347,0.5876986980438232,-0.08052432537078857,0.3697952628135681,0.21790343523025513,0.013553175143897533,0.11974990367889404,0.08460035175085068,0.3002464473247528,0.04492781683802605,0.04492781683802605,0.8039026856422424,1.0284638404846191,0.7701508402824402,0.5575447082519531,31.50893783569336,0.4676339328289032,0.7528225779533386,1.347078800201416,0.7329356074333191
262,train,1,0.3499999940395355,0.5,13,PVC_20_180,15,0.42500001192092896,10625.0,248.55174255371094,1.1824030876159668,0.5654795169830322,0.6552374958992004,-0.08975797891616821,0.4144502282142639,0.24078725278377533,0.015105833299458027,0.13307031989097595,0.09261110424995422,0.33895009756088257,0.0486997589468956,0.0486997589468956,0.7980988621711731,1.0280834436416626,0.7694717049598694,0.5602487325668335,32.04974365234375,0.4586101174354553,0.758161187171936,1.3537780046463013,0.724973201751709
263,train,1,0.3499999940395355,0.5,13,PVC_20_180,16,0.44999998807907104,11250.0,278.6531677246094,1.319973349571228,0.6273893713951111,0.7267731428146362,-0.09938375651836395,0.46178871393203735,0.26498445868492126,0.016760384663939476,0.14714056253433228,0.10108352452516556,0.37999939918518066,0.05256803706288338,0.05256803706288338,0.7931958436965942,1.0278351306915283,0.7689163684844971,0.5626657009124756,32.533138275146484,0.4507366120815277,0.7636237740516663,1.359849452972412,0.7183197736740112
264,train,1,0.3499999940395355,0.5,13,PVC_20_180,17,0.4749999940395355,11875.0,310.47467041015625,1.4650245904922485,0.6929333806037903,0.8023306727409363,-0.10939730703830719,0.5118212103843689,0.2905094623565674,0.01851881854236126,0.16196885704994202,0.11002179980278015,0.42339441180229187,0.05652780830860138,0.05652780830860138,0.7890294194221497,1.0276886224746704,0.7684646248817444,0.5648373961448669,32.96747970581055,0.4438354969024658,0.769146740436554,1.3653550148010254,0.712716281414032
265,train,1,0.3499999940395355,0.5,13,PVC_20_180,18,0.5,12500.0,344.0162658691406,1.617547869682312,0.7621356844902039,0.8819295167922974,-0.1197938323020935,0.5645555257797241,0.31737399101257324,0.02038288488984108,0.17756202816963196,0.1194290891289711,0.4691350758075714,0.060574721544981,0.060574721544981,0.7854685187339783,1.0276216268539429,0.7680990695953369,0.5667979717254639,33.359596252441406,0.4377599358558655,0.7746813893318176,1.3703527450561523,0.7079614400863647
266,train,1,0.3499999940395355,0.5,14,PVC_10_0,0,0.05000000074505806,1250.0,0.1693270206451416,0.03911645710468292,0.0402941033244133,0.03429362177848816,0.006000482477247715,0.00795302726328373,0.02634059637784958,0.016995688900351524,7.342871199966794e-09,0.009344899095594883,0.013311080634593964,1.2980266957659722e-22,0.013311080634593964,1.1065080165863037,2.2162182331085205,0.6040482521057129,0.9945363998413086,118.90727996826172,0.7031375169754028,1.4542019367218018,0.7800841927528381,0.7995774149894714
267,train,1,0.3499999940395355,0.5,14,PVC_10_0,1,0.07500000298023224,1875.0,0.3809857964515686,0.08942364901304245,0.08906416594982147,0.07600579410791397,0.013058374635875225,0.019521472975611687,0.056484319269657135,0.03678158298134804,1.6216805676094737e-08,0.019702721387147903,0.030880732461810112,2.8112713072185547e-22,0.030880732461810112,1.207124948501587,2.110614061355591,0.5826714634895325,0.9873924255371094,117.47848510742188,0.7020416855812073,1.4710077047348022,0.8348094820976257,0.7879717946052551
268,train,1,0.3499999940395355,0.5,14,PVC_10_0,2,0.10000000149011612,2500.0,0.6773080825805664,0.16256068646907806,0.15540027618408203,0.13315294682979584,0.022247325628995895,0.03699180856347084,0.0961611345410347,0.06270952522754669,2.8626764958517015e-08,0.03345157951116562,0.05729595199227333,4.757609769532846e-22,0.05729595199227333,1.2866712808609009,2.0432796478271484,0.5747698545455933,0.9767996668815613,115.35993194580078,0.6932359337806702,1.4757179021835327,0.8790415525436401,0.7872024178504944
269,train,1,0.3499999940395355,0.5,14,PVC_10_0,3,0.125,3125.0,1.0582938194274902,0.26127347350120544,0.23886403441429138,0.20550131797790527,0.033362723886966705,0.060509245842695236,0.14499206840991974,0.09441271424293518,4.4625988238067293e-08,0.05057930573821068,0.09447422623634338,7.015859289932711e-22,0.09447422623634338,1.3469884395599365,1.9984198808670044,0.5729132890701294,0.9621956944465637,112.43914031982422,0.6830387711524963,1.4755606651306152,0.913033664226532,0.7904955744743347
270,train,1,0.3499999940395355,0.5,14,PVC_10_0,4,0.15000000596046448,3750.0,1.5239431858062744,0.38872286677360535,0.3390865921974182,0.2927725911140442,0.04631400480866432,0.09005563706159592,0.20271696150302887,0.13164058327674866,6.423012166578701e-08,0.07107631862163544,0.14472149312496185,3.0653150633939707e-21,0.14472149312496185,1.3921644687652588,1.9656403064727783,0.5738990902900696,0.9430211186408997,108.6042251586914,0.6735979914665222,1.4729270935058594,0.9391952753067017,0.7952731251716614
271,train,1,0.3499999940395355,0.5,14,PVC_10_0,5,0.17499999701976776,4375.0,2.07425594329834,0.5472792387008667,0.4556072950363159,0.39454329013824463,0.06106400117278099,0.1255405694246292,0.2690027356147766,0.17411436140537262,8.742077994838837e-08,0.09488827735185623,0.20989437401294708,4.030069988591667e-21,0.20989437401294708,1.425837755203247,1.9389387369155884,0.576278805732727,0.9190829992294312,103.81659698486328,0.6654634475708008,1.468753695487976,0.9597489833831787,0.8004365563392639
272,train,1,0.3499999940395355,0.5,14,PVC_10_0,6,0.20000000298023224,5000.0,2.7092323303222656,0.7363941669464111,0.5878427624702454,0.5102517008781433,0.07759107649326324,0.16683778166770935,0.34341391921043396,0.22150281071662903,1.1414740441750837e-07,0.12191099673509598,0.28976109623908997,5.067911450397573e-21,0.28976109623908997,1.45076322555542,1.9149816036224365,0.5793551206588745,0.8910937309265137,98.21874237060547,0.6586391925811768,1.463476538658142,0.9763128161430359,0.8054700493812561
273,train,1,0.3499999940395355,0.5,14,PVC_10_0,7,0.22499999403953552,5625.0,3.4288721084594727,0.9511483907699585,0.7351034879684448,0.639234721660614,0.0958687886595726,0.21380141377449036,0.42543330788612366,0.2734350562095642,1.4433311434913776e-07,0.1519981026649475,0.3807344138622284,1.8164553036818122e-21,0.3807344138622284,1.4689524173736572,1.8919826745986938,0.5827711224555969,0.8608686923980713,92.17374420166016,0.6529662013053894,1.457337498664856,0.9899998307228088,0.8101100921630859
274,train,1,0.3499999940395355,0.5,14,PVC_10_0,8,0.25,6250.0,4.233175277709961,1.183799147605896,0.8966252207756042,0.7807676792144775,0.11585754156112671,0.2662729322910309,0.5144947171211243,0.32952186465263367,1.7788319439659972e-07,0.18497268855571747,0.47696653008461,2.1801688000640093e-21,0.47696653008461,1.481866717338562,1.8690435886383057,0.586333155632019,0.830649733543396,86.12995147705078,0.6482574343681335,1.4504941701889038,1.0015751123428345,0.8142154812812805
275,train,1,0.3499999940395355,0.5,14,PVC_10_0,9,0.2750000059604645,6875.0,5.122142314910889,1.427168369293213,1.0715973377227783,0.9340952634811401,0.13750207424163818,0.3240857720375061,0.610009491443634,0.3893721103668213,2.1469300293119886e-07,0.22063717246055603,0.5730922818183899,2.5894301406152578e-21,0.5730922818183899,1.4905849695205688,1.8457770347595215,0.5899300575256348,0.8021320700645447,80.4264144897461,0.6443376541137695,1.443063497543335,1.0115777254104614,0.8177099227905273
276,train,1,0.3499999940395355,0.5,14,PVC_10_0,10,0.30000001192092896,7500.0,6.095772743225098,1.6765227317810059,1.259190320968628,1.0984575748443604,0.16073279082775116,0.3870667517185211,0.7113908529281616,0.45260724425315857,2.546547648307751e-07,0.2587833106517792,0.6658251285552979,3.0467695367356254e-21,0.6658251285552979,1.4959101676940918,1.8220821619033813,0.5934955477714539,0.7761263847351074,75.22527313232422,0.6410546898841858,1.4351414442062378,1.020396113395691,0.8205583095550537
277,train,1,0.3499999940395355,0.5,14,PVC_10_0,11,0.32499998807907104,8125.0,7.154066562652588,1.9294028282165527,1.458579659461975,1.27311110496521,0.18546858429908752,0.45503970980644226,0.8180713653564453,0.5188711285591125,2.9766314924017934e-07,0.2991999685764313,0.7538070678710938,3.540282130732241e-21,0.7538070678710938,1.4984585046768188,1.798016905784607,0.5969884395599365,0.7527948021888733,70.5589599609375,0.638279914855957,1.4268115758895874,1.028318166732788,0.8227513432502747
278,train,1,0.3499999940395355,0.5,14,PVC_10_0,12,0.3499999940395355,8750.0,8.29702377319336,2.184783697128296,1.6689599752426147,1.4573402404785156,0.21161974966526031,0.5278258919715881,0.9295144081115723,0.5878345966339111,3.436186943872599e-07,0.3416794538497925,0.8368565440177917,1.2012621141234317e-22,0.8368565440177917,1.4987071752548218,1.7737168073654175,0.6003828048706055,0.7319760322570801,66.39520263671875,0.6359041929244995,1.4181488752365112,1.0355629920959473,0.8243005275726318
279,train,1,0.3499999940395355,0.5,14,PVC_10_0,13,0.375,9375.0,9.52464485168457,2.4423954486846924,1.8895609378814697,1.6504697799682617,0.23909112811088562,0.6052461266517639,1.0452237129211426,0.6592004895210266,3.92430024476198e-07,0.38602274656295776,0.9153558611869812,9.371959748104914e-23,0.9153558611869812,1.4970338344573975,1.7493501901626587,0.6036625504493713,0.7133934497833252,62.67869186401367,0.6338362693786621,1.4092236757278442,1.04229736328125,0.8252304196357727
280,train,1,0.3499999940395355,0.5,14,PVC_10_0,14,0.4000000059604645,10000.0,10.836929321289062,2.702327251434326,2.119657516479492,1.8518728017807007,0.26778462529182434,0.6871228218078613,1.1647499799728394,0.73270583152771,4.440154270923813e-07,0.4320437014102936,0.9898983240127563,7.534293123263187e-23,0.9898983240127563,1.493744969367981,1.7250910997390747,0.606817901134491,0.6967551708221436,59.351036071777344,0.6319997906684875,1.4001013040542603,1.0486505031585693,0.8255767226219177
281,train,1,0.3499999940395355,0.5,14,PVC_10_0,15,0.42500001192092896,10625.0,12.233877182006836,2.9648213386535645,2.3585779666900635,2.0609755516052246,0.2976023554801941,0.7732822895050049,1.2876933813095093,0.8081216812133789,4.983036205885583e-07,0.4795711934566498,1.0611151456832886,1.787331619290109e-23,1.0611151456832886,1.4890947341918945,1.7011030912399292,0.6098439693450928,0.6817930340766907,56.358604431152344,0.6303307414054871,1.3908443450927734,1.054722785949707,0.8253816366195679
282,train,1,0.3499999940395355,0.5,14,PVC_10_0,16,0.44999998807907104,11250.0,13.71548843383789,3.230173349380493,2.6057071685791016,2.2772598266601562,0.3284473419189453,0.8635541200637817,1.413705587387085,0.8852529525756836,5.552323045776575e-07,0.5284520983695984,1.1296000480651855,7.716398192245474e-23,1.1296000480651855,1.4832922220230103,1.677530288696289,0.6127386093139648,0.6682742834091187,53.65485382080078,0.6287768483161926,1.3815107345581055,1.0605902671813965,0.8246933221817017
283,train,1,0.3499999940395355,0.5,14,PVC_10_0,17,0.4749999940395355,11875.0,15.281763076782227,3.498685359954834,2.8604941368103027,2.50026798248291,0.3602260649204254,0.9577776193618774,1.5424902439117432,0.9639381170272827,6.147492399577459e-07,0.5785514712333679,1.1958816051483154,1.4121453337991612e-22,1.1958816051483154,1.4765207767486572,1.6544950008392334,0.6155022382736206,0.6560017466545105,51.20035171508789,0.6272951364517212,1.3721554279327393,1.0663107633590698,0.8235616683959961
284,train,1,0.3499999940395355,0.5,14,PVC_10_0,18,0.5,12500.0,16.932701110839844,3.770644426345825,3.122445583343506,2.7295963764190674,0.3928491175174713,1.0557966232299805,1.673799753189087,1.0440465211868286,6.768098614884366e-07,0.6297524571418762,1.2604173421859741,6.559243373925739e-23,1.2604173421859741,1.4689342975616455,1.6320973634719849,0.6181367039680481,0.6448098421096802,48.96196746826172,0.625851035118103,1.362829566001892,1.0719268321990967,0.8220373392105103
