sample_index,split,source_id,sample_weight,aux_weight,config_index,config_name,velocity_index,U,Re,Ca,F_target,F_pred,F_physics,F_residual,F_stem,F_leaf,Fcol_1_pred,Fcol_2_pred,Fcol_3_pred,Fcol_1_true,Fcol_2_true,Fcol_3_true,Cd_stem_eff,Cd_leaf_eff,shielding_coef,shielding_target,angle_diff_deg,reconfiguration_factor,reconfiguration_correction,reconfiguration_gain,column_correction_1,column_correction_2,column_correction_3
0,train,0,1.0,1.0,0,PVC_20_0,0,0.05000000074505806,1250.0,0.15360000729560852,0.07093784958124161,0.03824200853705406,0.03807765245437622,0.00016435519501101226,0.00746108777821064,0.03061656653881073,0.002436162205412984,0.011852430179715157,0.01632797345519066,0.0008135348907671869,0.012708019465208054,0.012708019465208054,1.0380642414093018,1.9863120317459106,0.7189664840698242,0.9039982557296753,100.79964447021484,1.1435600519180298,-0.19282236695289612,1.077408790588379,0.9731389284133911,1.0270923376083374,1.0172858238220215
1,train,0,1.0,1.0,0,PVC_20_0,1,0.07500000298023224,1875.0,0.3456000089645386,0.17443148791790009,0.08339127898216248,0.08274077624082565,0.0006505055935122073,0.017643123865127563,0.06509765237569809,0.0052177985198795795,0.024973668158054352,0.034906186163425446,0.0018697602208703756,0.027825873345136642,0.027825873345136642,1.0909757614135742,1.986627221107483,0.7070255279541016,0.9087178111076355,101.7435531616211,1.1219578981399536,-0.28592437505722046,1.025719404220581,0.972873866558075,1.0272083282470703,1.0151112079620361
2,val,0,1.0,1.0,0,PVC_20_0,2,0.10000000149011612,2500.0,0.6144000291824341,0.14795003831386566,0.1452433317899704,0.14373841881752014,0.001504907850176096,0.03315147012472153,0.11058695614337921,0.008906207978725433,0.04221022129058838,0.0594705305993557,0.003428105963394046,0.0476507768034935,0.0476507768034935,1.1530944108963013,1.981047511100769,0.7000319957733154,0.91482013463974,102.96401977539062,1.1039762496948242,-0.3509933352470398,0.9877297878265381,0.9727392792701721,1.027177333831787,1.0130887031555176
3,train,0,1.0,1.0,0,PVC_20_0,3,0.125,3125.0,0.9599999785423279,0.20464740693569183,0.22370950877666473,0.22094926238059998,0.002760252682492137,0.05480287969112396,0.166146382689476,0.013425937853753567,0.06322716176509857,0.0894932821393013,0.005584338214248419,0.07105002552270889,0.07105002552270889,1.2199597358703613,1.9710307121276855,0.6955713033676147,0.9218372106552124,104.36743927001953,1.0885039567947388,-0.40003570914268494,0.9578717350959778,0.9726586937904358,1.0271170139312744,1.0112261772155762
4,val,0,1.0,1.0,0,PVC_20_0,4,0.15000000596046448,3750.0,1.3824000358581543,0.270246684551239,0.3187883496284485,0.3143507242202759,0.004437635187059641,0.08338482677936554,0.23096589744091034,0.018711693584918976,0.08773154765367508,0.12452265620231628,0.008491037413477898,0.09684506058692932,0.09684506058692932,1.2890406847000122,1.958085298538208,0.6925077438354492,0.9292217493057251,105.84434509277344,1.0747720003128052,-0.4389098584651947,0.9332535862922668,0.9726038575172424,1.0270607471466064,1.0095162391662598
5,train,0,1.0,1.0,0,PVC_20_0,5,0.17499999701976776,4375.0,1.881600022315979,0.3938428461551666,0.43049076199531555,0.4239398241043091,0.006550946272909641,0.11962819844484329,0.3043116331100464,0.024704335257411003,0.11545390635728836,0.16415338218212128,0.012395291589200497,0.12395953387022018,0.12395953387022018,1.3586876392364502,1.9433252811431885,0.6902660727500916,0.9363734722137451,107.27469635009766,1.0622143745422363,-0.47088393568992615,0.9121605753898621,0.9725614786148071,1.0270179510116577,1.0079424381256104
6,train,0,1.0,1.0,0,PVC_20_0,6,0.20000000298023224,5000.0,2.4576001167297363,0.43085381388664246,0.5588005781173706,0.5496917366981506,0.009108819998800755,0.16419297456741333,0.3854987621307373,0.03134860470890999,0.14614076912403107,0.20800940692424774,0.01771606132388115,0.1515229493379593,0.1515229493379593,1.427764892578125,1.9275143146514893,0.6885401010513306,0.9426351189613342,108.52703094482422,1.050416350364685,-0.49793463945388794,0.893504798412323,0.9725242853164673,1.0269904136657715,1.0064847469329834
7,train,0,1.0,1.0,0,PVC_20_0,7,0.22499999403953552,5625.0,3.1103999614715576,0.6180073022842407,0.7036571502685547,0.691541314125061,0.012115812860429287,0.21766149997711182,0.4738798141479492,0.03859208524227142,0.17955204844474792,0.2557356655597687,0.025219960138201714,0.178911954164505,0.178911954164505,1.4954736232757568,1.9111695289611816,0.6871596574783325,0.9472165703773499,109.44332122802734,1.0390799045562744,-0.5213279724121094,0.8765694499015808,0.9724883437156677,1.0269775390625,1.0051237344741821
8,train,0,1.0,1.0,0,PVC_20_0,8,0.25,6250.0,3.8399999141693115,0.8448036313056946,0.8649501800537109,0.8493770360946655,0.015573156997561455,0.28053727746009827,0.5688397288322449,0.04638475552201271,0.21546036005020142,0.30699461698532104,0.03648537024855614,0.2057376205921173,0.2057376205921173,1.5612508058547974,1.8946342468261719,0.6860262751579285,0.9489527344703674,109.79054260253906,1.0279964208602905,-0.5419086217880249,0.8608723282814026,0.9724511504173279,1.0269782543182373,1.0038418769836426
9,train,0,1.0,1.0,0,PVC_20_0,9,0.2750000059604645,6875.0,4.646399974822998,1.050018072128296,1.0425211191177368,1.0230417251586914,0.019479399546980858,0.3532472252845764,0.6697945594787598,0.05467895790934563,0.2536505460739136,0.3614650368690491,0.055444035679101944,0.2318010926246643,0.2318010926246643,1.624708652496338,1.8781405687332153,0.6850796937942505,0.9455310702323914,109.10620880126953,1.0170233249664307,-0.5602616667747498,0.8460834622383118,0.9724116921424866,1.0269912481307983,1.0026243925094604
10,train,0,1.0,1.0,0,PVC_20_0,10,0.30000001192092896,7500.0,5.529600143432617,1.2444380521774292,1.2361716032028198,1.2123405933380127,0.023831060156226158,0.4361458420753479,0.7761948108673096,0.06342965364456177,0.2939211428165436,0.4188440144062042,0.09599050879478455,0.25704047083854675,0.25704047083854675,1.685587763786316,1.86184823513031,0.6842817068099976,0.9301102161407471,106.02204132080078,1.0060673952102661,-0.5768043398857117,0.8319761157035828,0.9723694324493408,1.0270154476165771,1.0014593601226807
11,train,0,1.0,1.0,0,PVC_20_0,11,0.32499998807907104,8125.0,6.48960018157959,1.354056715965271,1.4456630945205688,1.4170403480529785,0.028622709214687347,0.5295196175575256,0.8875207901000977,0.07259411364793777,0.3360821008682251,0.4788445830345154,0.2500753104686737,0.28148239850997925,0.28148239850997925,1.743722915649414,1.8458616733551025,0.6836059093475342,0.8688808679580688,93.77617645263672,0.9950686693191528,-0.591842532157898,0.8183915019035339,0.9723243117332458,1.0270495414733887,1.00033700466156
12,val,0,1.0,1.0,0,PVC_20_0,12,0.3499999940395355,8750.0,7.526400089263916,1.6986725330352783,1.6707327365875244,1.6368849277496338,0.03384785354137421,0.6335956454277039,1.0032893419265747,0.0821324959397316,0.37995749711990356,0.5411993265151978,0.5733868479728699,0.30520471930503845,0.30520471930503845,1.7990293502807617,1.8302552700042725,0.68303382396698,0.778120756149292,75.62416076660156,0.9839932918548584,-0.6056064963340759,0.8052194118499756,0.9722764492034912,1.0270925760269165,0.9992496967315674
13,train,0,1.0,1.0,0,PVC_20_0,13,0.375,9375.0,8.640000343322754,1.9440239667892456,1.9110931158065796,1.8715944290161133,0.03949873149394989,0.7485468983650208,1.1230474710464478,0.0920073539018631,0.425382524728775,0.6056575775146484,0.8262953162193298,0.3283105492591858,0.3283105492591858,1.8514782190322876,1.815075397491455,0.6825511455535889,0.7271667718887329,65.43335723876953,0.9728236198425293,-0.6182733774185181,0.7923822999000549,0.9722261428833008,1.0271437168121338,0.9981916546821594
14,train,0,1.0,1.0,0,PVC_20_0,14,0.4000000059604645,10000.0,9.830400466918945,2.125422716140747,2.1664416790008545,2.1208746433258057,0.04556698724627495,0.8744996190071106,1.2463750839233398,0.10218387842178345,0.4722045660018921,0.6719866991043091,1.0331017971038818,0.3509112596511841,0.3509112596511841,1.9010858535766602,1.8003522157669067,0.6821469068527222,0.6930793523788452,58.615875244140625,0.9615547060966492,-0.6299827694892883,0.7798258662223816,0.9721737504005432,1.0272018909454346,0.9971585273742676
15,train,0,1.0,1.0,0,PVC_20_0,15,0.42500001192092896,10625.0,11.097599983215332,2.3944380283355713,2.436464548110962,2.384420871734619,0.05204362794756889,1.0115405321121216,1.372880458831787,0.11262954026460648,0.5202810764312744,0.739969789981842,1.2118146419525146,0.3731164038181305,0.3731164038181305,1.9479039907455444,1.786102533340454,0.6818116903305054,0.6676045656204224,53.52091598510742,0.9501895308494568,-0.6408466696739197,0.767511785030365,0.9721195697784424,1.0272663831710815,0.9961469173431396
16,train,0,1.0,1.0,0,PVC_20_0,16,0.44999998807907104,11250.0,12.44159984588623,2.6817269325256348,2.7208447456359863,2.6619253158569336,0.05891936272382736,1.1597225666046143,1.5022027492523193,0.12331429868936539,0.5694811940193176,0.8094072341918945,1.370949149131775,0.395028293132782,0.395028293132782,1.9920088052749634,1.7723332643508911,0.6815379858016968,0.6474189162254333,49.48377990722656,0.9387367963790894,-0.6509563326835632,0.7554137706756592,0.9720638990402222,1.027336597442627,0.9951545596122742
17,train,0,1.0,1.0,0,PVC_20_0,17,0.4749999940395355,11875.0,13.86240005493164,2.9678232669830322,3.0192646980285645,2.95307993888855,0.06618484109640121,1.3190727233886719,1.634007215499878,0.1342102438211441,0.6196825504302979,0.8801144957542419,1.515420913696289,0.4167393147945404,0.4167393147945404,2.0334975719451904,1.7590441703796387,0.6813191771507263,0.6308286190032959,46.16572570800781,0.9272090792655945,-0.6603879332542419,0.7435137629508972,0.9720070362091064,1.0274115800857544,0.9941797852516174
18,train,0,1.0,1.0,0,PVC_20_0,18,0.5,12500.0,15.359999656677246,3.0878708362579346,3.3314104080200195,3.257579803466797,0.07383067160844803,1.4895936250686646,1.7679862976074219,0.14529165625572205,0.6707730889320374,0.9519216418266296,1.6484487056732178,0.4383312165737152,0.4383312165737152,2.0724780559539795,1.7462306022644043,0.6811497211456299,0.6168425679206848,43.36851501464844,0.9156213998794556,-0.6692054867744446,0.7317997813224792,0.9719492197036743,1.0274908542633057,0.9932215809822083
19,train,0,1.0,1.0,1,PVC_20_180,0,0.05000000074505806,1250.0,0.15360000729560852,0.30792152881622314,0.06004238873720169,0.05894815921783447,0.0010942301014438272,0.008553525432944298,0.050394631922245026,0.02547752484679222,2.1504515501646893e-08,0.024917082861065865,0.013280894607305527,1.3017747316988583e-22,0.013280894607305527,1.1900556087493896,2.1783154010772705,0.677619993686676,0.9950531721115112,119.01063537597656,1.4034721851348877,0.2428455501794815,1.5057202577590942,1.0356926918029785,0.9675610661506653,1.012910008430481
20,val,0,1.0,1.0,1,PVC_20_180,1,0.07500000298023224,1875.0,0.3456000089645386,0.17357100546360016,0.12240008264780045,0.11991164088249207,0.0024884392041713,0.019021054729819298,0.10089058429002762,0.051080215722322464,4.173374534843788e-08,0.04981032758951187,0.030723044648766518,2.8289993467871503e-22,0.030723044648766518,1.1761810779571533,2.041440725326538,0.6567786335945129,0.9886112809181213,117.72225952148438,1.3836925029754639,0.10940376669168472,1.4291070699691772,1.037546157836914,0.9680200219154358,1.0117520093917847
21,train,0,1.0,1.0,1,PVC_20_180,2,0.10000000149011612,2500.0,0.6144000291824341,0.34319770336151123,0.20283596217632294,0.1984718143939972,0.004364152904599905,0.034631550312042236,0.16384026408195496,0.08304500579833984,6.670746444115139e-08,0.08079519122838974,0.05678054317831993,4.807654095618108e-22,0.05678054317831993,1.204575538635254,1.9619381427764893,0.6458462476730347,0.9791058301925659,115.8211669921875,1.3559542894363403,0.006661592051386833,1.3586640357971191,1.038472056388855,0.9686967730522156,1.010338306427002
22,train,0,1.0,1.0,1,PVC_20_180,3,0.125,3125.0,0.9599999785423279,0.31932196021080017,0.3013107180595398,0.29460570216178894,0.006705030798912048,0.0565810427069664,0.23802465200424194,0.12077179551124573,9.62250936709097e-08,0.11725276708602905,0.09318999201059341,7.104417698677035e-22,0.09318999201059341,1.2595431804656982,1.914482593536377,0.6404451131820679,0.9660651087760925,113.21302032470703,1.324520468711853,-0.0735016018152237,1.295314073562622,1.0389574766159058,0.969393253326416,1.008684515953064
23,train,0,1.0,1.0,1,PVC_20_180,4,0.15000000596046448,3750.0,1.3824000358581543,0.31083568930625916,0.41832587122917175,0.40881261229515076,0.00951325986534357,0.08618951588869095,0.3226231038570404,0.1638614535331726,1.3018478739468264e-07,0.15876151621341705,0.14211547374725342,3.0935381589327246e-21,0.14211547374725342,1.3323982954025269,1.8862218856811523,0.6383442878723145,0.9489836692810059,109.7967300415039,1.2914412021636963,-0.13675040006637573,1.2384597063064575,1.0391981601715088,0.9700364470481873,1.0068546533584595
24,train,0,1.0,1.0,1,PVC_20_180,5,0.17499999701976776,4375.0,1.881600022315979,0.5591400265693665,0.5545250773429871,0.5417273044586182,0.01279779989272356,0.12476715445518494,0.4169601500034332,0.21198536455631256,1.6848633777044597e-07,0.20497462153434753,0.20557907223701477,4.078542853266631e-21,0.20557907223701477,1.4170536994934082,1.8700529336929321,0.638285756111145,0.927563488483429,105.51270294189453,1.257852554321289,-0.18727180361747742,1.187184453010559,1.0392893552780151,0.9706025719642639,1.004918098449707
25,train,0,1.0,1.0,1,PVC_20_180,6,0.20000000298023224,5000.0,2.4576001167297363,0.6062102913856506,0.710472047328949,0.6939045190811157,0.01656751148402691,0.17349646985530853,0.520408034324646,0.2648349106311798,2.1100323976952495e-07,0.2555728852748871,0.28418269753456116,5.143182058862414e-21,0.28418269753456116,1.5086647272109985,1.8617525100708008,0.639513373374939,0.9021280407905579,100.42560577392578,1.2244302034378052,-0.22818176448345184,1.1406124830245972,1.039283037185669,0.971089780330658,1.0029362440109253
26,train,0,1.0,1.0,1,PVC_20_180,7,0.22499999403953552,5625.0,3.1103999614715576,0.8631705045700073,0.8865231871604919,0.8656960129737854,0.02082717977464199,0.23334939777851105,0.6323466300964355,0.3221013844013214,2.5757634602996404e-07,0.31024500727653503,0.3756729066371918,6.2701978720074416e-21,0.3756729066371918,1.603259563446045,1.8586552143096924,0.6415531635284424,0.8739358186721802,94.78716278076172,1.1915875673294067,-0.2617882192134857,1.0980044603347778,1.0392102003097534,0.9715058207511902,1.0009573698043823
27,train,0,1.0,1.0,1,PVC_20_180,8,0.25,6250.0,3.8399999141693115,1.0573121309280396,1.0827839374542236,1.0572080612182617,0.025575919076800346,0.30505168437957764,0.7521563768386841,0.38347241282463074,3.0801825801063387e-07,0.36868366599082947,0.47503334283828735,2.200904255082346e-21,0.47503334283828735,1.6976789236068726,1.8589996099472046,0.6440987586975098,0.8448962569236755,88.97925567626953,1.1595779657363892,-0.28979283571243286,1.0587667226791382,1.0390902757644653,0.9718616008758545,0.9990172982215881
28,val,0,1.0,1.0,1,PVC_20_180,9,0.2750000059604645,6875.0,4.646399974822998,1.2427419424057007,1.299112319946289,1.2683053016662598,0.030806979164481163,0.3890874981880188,0.879217803478241,0.44863277673721313,3.621193798153399e-07,0.4305846691131592,0.5766147971153259,2.6106018041597455e-21,0.5766147971153259,1.78955078125,1.8615833520889282,0.6469480991363525,0.8167735934257507,83.3547134399414,1.128552794456482,-0.3134520649909973,1.0224286317825317,1.0389361381530762,0.9721683263778687,0.997140645980835
29,train,0,1.0,1.0,1,PVC_20_180,10,0.30000001192092896,7500.0,5.529600143432617,1.5060391426086426,1.5351612567901611,1.4986525774002075,0.036508671939373016,0.4857318699359894,1.0129207372665405,0.5172693729400635,4.196556346869329e-07,0.49565091729164124,0.6762266159057617,3.0584045913771367e-21,0.6762266159057617,1.8772245645523071,1.8655681610107422,0.6499655246734619,0.7906438708305359,78.12877655029297,1.0985971689224243,-0.33369821310043335,0.9886171817779541,1.0387564897537231,0.9724358320236206,0.9953432679176331
30,train,0,1.0,1.0,1,PVC_20_180,11,0.32499998807907104,8125.0,6.48960018157959,1.597334623336792,1.790437936782837,1.7477720975875854,0.042665787041187286,0.5950978994369507,1.1526741981506348,0.5890772938728333,4.803962951882568e-07,0.5635963678359985,0.771656334400177,3.5438832744536875e-21,0.771656334400177,1.9596740007400513,1.8703649044036865,0.6530591249465942,0.766912579536438,73.38251495361328,1.0697518587112427,-0.35122716426849365,0.9570341110229492,1.038557529449463,0.9726726412773132,0.9936339855194092
31,train,0,1.0,1.0,1,PVC_20_180,12,0.3499999940395355,8750.0,7.526400089263916,1.9695085287094116,2.064354658126831,2.0150938034057617,0.04926083981990814,0.7171823382377625,1.2979114055633545,0.6637627482414246,5.441094685920689e-07,0.634148120880127,0.8621596693992615,1.1680538468040135e-22,0.8621596693992615,2.036365270614624,1.875557780265808,0.6561665534973145,0.7455744743347168,69.1148910522461,1.042027235031128,-0.3665652275085449,0.9274359345436096,1.038343906402588,0.9728856086730957,0.9920167326927185
32,train,0,1.0,1.0,1,PVC_20_180,13,0.375,9375.0,8.640000343322754,2.2906291484832764,2.3562800884246826,2.300004720687866,0.056275393813848495,0.8519060015678406,1.4480986595153809,0.7410479187965393,6.105673264755751e-07,0.7070501446723938,0.9478147625923157,1.0756810115930194e-22,0.9478147625923157,2.1071298122406006,1.8808552026748657,0.6592451333999634,0.7264378666877747,65.2875747680664,1.0154138803482056,-0.380113422870636,0.8996221423149109,1.0381187200546265,0.9730802178382874,0.9904918670654297
33,train,0,1.0,1.0,1,PVC_20_180,14,0.4000000059604645,10000.0,9.830400466918945,2.650298833847046,2.665576219558716,2.6018853187561035,0.0636909008026123,0.9991462230682373,1.6027390956878662,0.8206735849380493,6.795505669288104e-07,0.7820649147033691,1.0290770530700684,9.475226058219414e-23,1.0290770530700684,2.1720566749572754,1.8860564231872559,0.662266194820404,0.7092531323432922,61.850624084472656,0.9898889660835266,-0.39218053221702576,0.8734243512153625,1.0378848314285278,0.973260760307312,0.9890574216842651
34,train,0,1.0,1.0,1,PVC_20_180,15,0.42500001192092896,10625.0,11.097599983215332,2.8269872665405273,2.991617202758789,2.9201278686523438,0.07148934155702591,1.158757209777832,1.7613706588745117,0.902397871017456,7.508487556151522e-07,0.8589719533920288,1.1065337657928467,8.751692933370289e-23,1.1065337657928467,2.231396436691284,1.8910242319107056,0.6652106046676636,0.6937710642814636,58.754215240478516,0.9654205441474915,-0.4030092656612396,0.8486984372138977,1.0376441478729248,0.9734305739402771,0.9877098202705383
35,train,0,1.0,1.0,1,PVC_20_180,16,0.44999998807907104,11250.0,12.44159984588623,3.2195968627929688,3.3338136672973633,3.254159927368164,0.07965370267629623,1.330588698387146,1.9235713481903076,0.9859998226165771,8.24264361654059e-07,0.9375707507133484,1.1807831525802612,1.4413170314209997e-23,1.1807831525802612,2.28549861907959,1.8956695795059204,0.6680660247802734,0.6797662973403931,55.95326232910156,0.9419710040092468,-0.4127900302410126,0.8253200650215149,1.037398338317871,0.9735922813415527,0.9864446520805359
36,val,0,1.0,1.0,1,PVC_20_180,17,0.4749999940395355,11875.0,13.86240005493164,3.643343448638916,3.6916182041168213,3.603450059890747,0.08816823363304138,1.5144917964935303,2.088958263397217,1.0712782144546509,8.996130986815842e-07,1.017679214477539,1.2523813247680664,2.179188649855603e-23,1.2523813247680664,2.3347578048706055,1.8999369144439697,0.6708250045776367,0.6670430302619934,53.408607482910156,0.9195005893707275,-0.42167535424232483,0.8031813502311707,1.0371487140655518,0.9737479090690613,0.9852571487426758
37,train,0,1.0,1.0,1,PVC_20_180,18,0.5,12500.0,15.359999656677246,4.037886619567871,4.064530372619629,3.9675118923187256,0.09701848775148392,1.7103278636932373,2.2571840286254883,1.1580504179000854,9.76723754320119e-07,1.0991326570510864,1.3218237161636353,7.380154498657305e-22,1.3218237161636353,2.3795864582061768,1.9037957191467285,0.6734834313392639,0.6554343104362488,51.08686828613281,0.8979676365852356,-0.42978784441947937,0.7821869850158691,1.0368962287902832,0.9738990068435669,0.9841423034667969
38,train,0,1.0,1.0,2,PVC_10_0,0,0.05000000074505806,1250.0,0.15360000729560852,0.004296653904020786,0.02258138544857502,0.02263096161186695,-4.9576799938222393e-05,0.007213258650153875,0.015417703427374363,0.0012417761608958244,0.005858840420842171,0.008317086845636368,0.00040676744538359344,0.006354009732604027,0.006354009732604027,1.0035836696624756,1.9896678924560547,0.6965128183364868,0.9039982557296753,100.79964447021484,1.1205247640609741,-0.06548023223876953,1.098513126373291,0.971368670463562,1.0262789726257324,1.0147383213043213
39,train,0,1.0,1.0,2,PVC_10_0,1,0.07500000298023224,1875.0,0.3456000089645386,0.0044425735250115395,0.04976379871368408,0.0497354120016098,2.8385014957166277e-05,0.01680072210729122,0.03293468803167343,0.002666589105501771,0.01244373619556427,0.017824362963438034,0.0009348801104351878,0.013912936672568321,0.013912936672568321,1.0388851165771484,1.9997010231018066,0.6884338855743408,0.9087178111076355,101.7435531616211,1.0939161777496338,-0.1519511342048645,1.044049620628357,0.9705414175987244,1.0260974168777466,1.0118451118469238
40,val,0,1.0,1.0,2,PVC_10_0,2,0.10000000149011612,2500.0,0.6144000291824341,0.11792551726102829,0.0874641165137291,0.08721982687711716,0.0002442910918034613,0.031061315909028053,0.05615851283073425,0.004560284316539764,0.0211714506149292,0.03042677603662014,0.001714052981697023,0.02382538840174675,0.02382538840174675,1.0803934335708618,2.006992816925049,0.6845845580101013,0.91482013463974,102.96401977539062,1.0699342489242554,-0.2134363055229187,1.0014253854751587,0.9698267579078674,1.0258121490478516,1.0092533826828003
41,val,0,1.0,1.0,2,PVC_10_0,3,0.125,3125.0,0.9599999785423279,0.3397746682167053,0.13576704263687134,0.13513436913490295,0.0006326773436740041,0.05055949464440346,0.0845748782157898,0.006879161577671766,0.031873881816864014,0.04582183435559273,0.0027921691071242094,0.035525012761354446,0.035525012761354446,1.1254982948303223,2.0106561183929443,0.6829400062561035,0.9218372106552124,104.36743927001953,1.0474556684494019,-0.2601519227027893,0.9657063484191895,0.969168484210968,1.0255533456802368,1.0068812370300293
42,train,0,1.0,1.0,2,PVC_10_0,4,0.15000000596046448,3750.0,1.3824000358581543,0.16250543296337128,0.1947651505470276,0.19354479014873505,0.0012203594669699669,0.07585704326629639,0.11768774688243866,0.009581130929291248,0.04438573122024536,0.06372088193893433,0.004245518706738949,0.04842253029346466,0.04842253029346466,1.1726691722869873,2.0110034942626953,0.6825218796730042,0.9292217493057251,105.84434509277344,1.0259491205215454,-0.29721736907958984,0.9344701766967773,0.9685513973236084,1.0253562927246094,1.004684567451477
43,train,0,1.0,1.0,2,PVC_10_0,5,0.17499999701976776,4375.0,1.881600022315979,0.17313167452812195,0.2645358145236969,0.26250773668289185,0.002028082264587283,0.10749244689941406,0.15501530468463898,0.012625669129192829,0.05854162946343422,0.0838480070233345,0.006197645794600248,0.06197976693511009,0.06197976693511009,1.2208547592163086,2.0086042881011963,0.6828016638755798,0.9363734722137451,107.27469635009766,1.005117654800415,-0.3275998830795288,0.9063346982002258,0.9679701924324036,1.0252265930175781,1.002633810043335
44,train,0,1.0,1.0,2,PVC_10_0,6,0.20000000298023224,5000.0,2.4576001167297363,0.32816481590270996,0.34512966871261597,0.34205806255340576,0.0030716145411133766,0.14596636593341827,0.1960916966199875,0.01597399078309536,0.07417702674865723,0.10594067722558975,0.008858030661940575,0.07576147466897964,0.07576147466897964,1.2692724466323853,2.0040273666381836,0.6834750175476074,0.9426351189613342,108.52703094482422,0.9847793579101562,-0.35316792130470276,0.8804416060447693,0.96742182970047,1.025159239768982,1.000707745552063
45,val,0,1.0,1.0,2,PVC_10_0,7,0.22499999403953552,5625.0,3.1103999614715576,0.4748879671096802,0.4365643560886383,0.4322017431259155,0.004362611565738916,0.19173115491867065,0.24047060310840607,0.019589290022850037,0.09113027155399323,0.1297510415315628,0.012609980069100857,0.0894559770822525,0.0894559770822525,1.3173155784606934,1.9977694749832153,0.6843587160110474,0.9472165703773499,109.44332122802734,0.9648213982582092,-0.37516218423843384,0.8562319874763489,0.96690434217453,1.0251461267471313,0.9988900423049927
46,train,0,1.0,1.0,2,PVC_10_0,8,0.25,6250.0,3.8399999141693115,0.5574852824211121,0.5388233661651611,0.5329140424728394,0.005909326486289501,0.24518592655658722,0.28772813081741333,0.023436909541487694,0.10924453288316727,0.15504667162895203,0.01824268512427807,0.10286881029605865,0.10286881029605865,1.3645129203796387,1.9902422428131104,0.6853396892547607,0.9489527344703674,109.79054260253906,0.9451732039451599,-0.3944363594055176,0.833329975605011,0.9664159417152405,1.0251787900924683,0.997167706489563
47,train,0,1.0,1.0,2,PVC_10_0,9,0.2750000059604645,6875.0,4.646399974822998,0.5972995758056641,0.6518557071685791,0.644138514995575,0.0077171940356493,0.306673139333725,0.33746537566185,0.02748449146747589,0.12836940586566925,0.18161147832870483,0.027722017839550972,0.11590054631233215,0.11590054631233215,1.4104981422424316,1.981778860092163,0.686346173286438,0.9455310702323914,109.10620880126953,0.9257938861846924,-0.4115949273109436,0.811478316783905,0.9659550189971924,1.0252496004104614,0.9955304265022278
48,train,0,1.0,1.0,2,PVC_10_0,10,0.30000001192092896,7500.0,5.529600143432617,0.7768981456756592,0.7755782604217529,0.7657889723777771,0.009789268486201763,0.3764793276786804,0.3893096446990967,0.03170197084546089,0.14836212992668152,0.20924553275108337,0.04799525439739227,0.12852023541927338,0.12852023541927338,1.4549925327301025,1.972641110420227,0.6873331069946289,0.9301102161407471,106.02204132080078,0.90666264295578,-0.4270761013031006,0.7904984951019287,0.9655200242996216,1.0253517627716064,0.9939699769020081
49,train,0,1.0,1.0,2,PVC_10_0,11,0.32499998807907104,8125.0,6.48960018157959,0.982464611530304,0.9098799824714661,0.8977533578872681,0.01212664321064949,0.4548371434211731,0.44291621446609497,0.036061715334653854,0.16908876597881317,0.23776574432849884,0.12503765523433685,0.14074119925498962,0.14074119925498962,1.4977915287017822,1.9630374908447266,0.6882719993591309,0.8688808679580688,93.77617645263672,0.8877724409103394,-0.4412004351615906,0.7702667713165283,0.965109646320343,1.0254794359207153,0.9924795031547546
50,train,0,1.0,1.0,2,PVC_10_0,12,0.3499999940395355,8750.0,7.526400089263916,1.096636176109314,1.0546265840530396,1.0398976802825928,0.014728854410350323,0.5419298410415649,0.49796783924102783,0.040538396686315536,0.19042451679706573,0.26700490713119507,0.28669342398643494,0.15260235965251923,0.15260235965251923,1.5387537479400635,1.9531291723251343,0.6891457438468933,0.778120756149292,75.62416076660156,0.8691249489784241,-0.45420965552330017,0.7506954669952393,0.9647225141525269,1.0256274938583374,0.991053581237793
51,train,0,1.0,1.0,2,PVC_10_0,13,0.375,9375.0,8.640000343322754,1.2108826637268066,1.2096643447875977,1.1920702457427979,0.017594100907444954,0.6378952860832214,0.5541750192642212,0.04510897770524025,0.21225422620773315,0.2968117892742157,0.4131476581096649,0.1641552746295929,0.1641552746295929,1.577789306640625,1.9430408477783203,0.6899445056915283,0.7271667718887329,65.43335723876953,0.8507283329963684,-0.4662846624851227,0.7317238450050354,0.9643572568893433,1.025791883468628,0.9896876215934753
52,train,0,1.0,1.0,2,PVC_10_0,14,0.4000000059604645,10000.0,9.830400466918945,1.3690028190612793,1.374826431274414,1.3541067838668823,0.0207196231931448,0.742832362651825,0.6112744212150574,0.04975254833698273,0.2344723641872406,0.32704949378967285,0.5165508985519409,0.17545562982559204,0.17545562982559204,1.6148526668548584,1.9328662157058716,0.6906640529632568,0.6930793523788452,58.615875244140625,0.8325938582420349,-0.4775652289390564,0.7133085131645203,0.9640127420425415,1.02596914768219,0.9883776903152466
53,train,0,1.0,1.0,2,PVC_10_0,15,0.42500001192092896,10625.0,11.097599983215332,1.6664570569992065,1.54993736743927,1.5258355140686035,0.024101877585053444,0.8568060994148254,0.6690294742584229,0.05445035547018051,0.25698310136795044,0.3575959801673889,0.6059073209762573,0.18655820190906525,0.18655820190906525,1.6499348878860474,1.9226787090301514,0.6913034915924072,0.6676045656204224,53.52091598510742,0.8147347569465637,-0.488157719373703,0.6954190731048584,0.9636875987052917,1.0261560678482056,0.9871205687522888
54,train,0,1.0,1.0,2,PVC_10_0,16,0.44999998807907104,11250.0,12.44159984588623,1.7020379304885864,1.7348169088363647,1.7070801258087158,0.027736786752939224,0.9798524975776672,0.7272276878356934,0.05918557196855545,0.2796998918056488,0.3883422315120697,0.6854745745658875,0.197514146566391,0.197514146566391,1.6830531358718872,1.9125295877456665,0.6918642520904541,0.6474189162254333,49.48377990722656,0.7971653938293457,-0.49814629554748535,0.6780338883399963,0.9633808135986328,1.0263503789901733,0.9859134554862976
55,val,0,1.0,1.0,2,PVC_10_0,17,0.4749999940395355,11875.0,13.86240005493164,1.914313793182373,1.9292848110198975,1.8976647853851318,0.03161998838186264,1.1119837760925293,0.7856809496879578,0.0639432743191719,0.3025455176830292,0.4191921651363373,0.7577104568481445,0.2083696573972702,0.2083696573972702,1.7142468690872192,1.902458667755127,0.6923494338989258,0.6308286190032959,46.16572570800781,0.779899537563324,-0.5075961351394653,0.6611373424530029,0.963091254234314,1.0265498161315918,0.9847540259361267
56,train,0,1.0,1.0,2,PVC_10_0,18,0.5,12500.0,15.359999656677246,2.087332010269165,2.1331629753112793,2.0974161624908447,0.03574683517217636,1.2531934976577759,0.8442226648330688,0.06871024519205093,0.3254513442516327,0.4500611126422882,0.8242243528366089,0.2191656082868576,0.2191656082868576,1.7435733079910278,1.8924939632415771,0.6927633881568909,0.6168425679206848,43.36851501464844,0.7629503607749939,-0.5165593028068542,0.6447176337242126,0.9628178477287292,1.0267527103424072,0.9836399555206299
57,val,0,1.0,1.0,3,PVC_10_180,0,0.05000000074505806,1250.0,0.15360000729560852,0.1761522889137268,0.037160422652959824,0.03649527579545975,0.0006651483126915991,0.008826344273984432,0.02766893059015274,0.014011036604642868,1.1523439980010153e-08,0.013657882809638977,0.006640447303652763,6.508873658494291e-23,0.006640447303652763,1.2280129194259644,2.3541924953460693,0.6622953414916992,0.9950531721115112,119.01063537597656,1.3738994598388672,0.3812444806098938,1.5310368537902832,1.0366003513336182,0.9654567241668701,1.010472297668457
58,val,0,1.0,1.0,3,PVC_10_180,1,0.07500000298023224,1875.0,0.3456000089645386,0.1749381422996521,0.07785917073488235,0.07632480561733246,0.001534367329441011,0.01963633857667446,0.05668846517801285,0.028755364939570427,2.2968455581917624e-08,0.02793307602405548,0.015361522324383259,1.4144996733935752e-22,0.015361522324383259,1.2142276763916016,2.2562060356140137,0.6439663171768188,0.9886112809181213,117.72225952148438,1.3463996648788452,0.26982784271240234,1.4553885459899902,1.037880539894104,0.9655135869979858,1.0082011222839355
59,train,0,1.0,1.0,3,PVC_10_180,2,0.10000000149011612,2500.0,0.6144000291824341,0.10751472413539886,0.13172586262226105,0.12899789214134216,0.0027279704809188843,0.03545446693897247,0.09354342520236969,0.047512903809547424,3.739891596410416e-08,0.04603048413991928,0.028390271589159966,2.403827047809054e-22,0.028390271589159966,1.2331987619400024,2.2098917961120605,0.6346830725669861,0.9791058301925659,115.8211669921875,1.3095781803131104,0.1806359589099884,1.3805452585220337,1.038241982460022,0.9657180905342102,1.0058484077453613
60,train,0,1.0,1.0,3,PVC_10_180,3,0.125,3125.0,0.9599999785423279,0.198393777012825,0.19850102066993713,0.19426436722278595,0.004236648790538311,0.057131100445985794,0.13713327050209045,0.0697360411286354,5.453055962334474e-08,0.06739716976881027,0.04659499600529671,3.5522088493385176e-22,0.04659499600529671,1.2717880010604858,2.1891777515411377,0.6303542852401733,0.9660651087760925,113.21302032470703,1.2682701349258423,0.10739702731370926,1.3091325759887695,1.0382007360458374,0.9659186601638794,1.003380537033081
61,train,0,1.0,1.0,3,PVC_10_180,4,0.15000000596046448,3750.0,1.3824000358581543,0.27636855840682983,0.2780257761478424,0.27197036147117615,0.006055405363440514,0.08554738759994507,0.18642297387123108,0.09490779787302017,7.408126379004898e-08,0.09151510149240494,0.07105773687362671,1.5467690794663623e-21,0.07105773687362671,1.3224717378616333,2.1812593936920166,0.628970205783844,0.9489836692810059,109.7967300415039,1.2250205278396606,0.046378083527088165,1.2420647144317627,1.0379503965377808,0.9660826921463013,1.0008463859558105
62,train,0,1.0,1.0,3,PVC_10_180,5,0.17499999701976776,4375.0,1.881600022315979,0.3855060040950775,0.3701692819595337,0.36198896169662476,0.00818032119423151,0.12153519690036774,0.2404537796974182,0.12254563719034195,9.57681578483971e-08,0.1179080381989479,0.10278953611850739,2.0392714266333154e-21,0.10278953611850739,1.3803465366363525,2.1795575618743896,0.629410982131958,0.927563488483429,105.51270294189453,1.1813756227493286,-0.004962947219610214,1.1796166896820068,1.0375791788101196,0.9662100076675415,0.9983131885528564
63,train,0,1.0,1.0,3,PVC_10_180,6,0.20000000298023224,5000.0,2.4576001167297363,0.4729076027870178,0.47480618953704834,0.4641987681388855,0.010607423260807991,0.1658274531364441,0.2983713150024414,0.15221573412418365,1.1931840049328457e-07,0.1461554616689682,0.14209134876728058,2.571591029431207e-21,0.14209134876728058,1.441977620124817,2.1805765628814697,0.6309976577758789,0.9021280407905579,100.42560577392578,1.1383310556411743,-0.048504382371902466,1.1217668056488037,1.0371328592300415,0.9663084745407104,0.9958407878875732
64,val,0,1.0,1.0,3,PVC_10_180,7,0.22499999403953552,5625.0,3.1103999614715576,0.585237979888916,0.5918053388595581,0.5784730315208435,0.013332284986972809,0.2190331518650055,0.359439879655838,0.18354104459285736,1.4447827823005355e-07,0.1758986860513687,0.1878364533185959,3.1350989360037208e-21,0.1878364533185959,1.5048977136611938,2.1824326515197754,0.6332960724830627,0.8739358186721802,94.78716278076172,1.0965293645858765,-0.08569584786891937,1.0683389902114868,1.036637783050537,0.9663864970207214,0.9934737086296082
65,val,0,1.0,1.0,3,PVC_10_180,8,0.25,6250.0,3.8399999141693115,0.6845232844352722,0.7210237979888916,0.7046738266944885,0.016349952667951584,0.28163236379623413,0.4230414628982544,0.21620208024978638,1.710185557612931e-07,0.20683923363685608,0.23751667141914368,1.100452127541173e-21,0.23751667141914368,1.5673452615737915,2.1841182708740234,0.6360196471214294,0.8448962569236755,88.97925567626953,1.0563703775405884,-0.11768073588609695,1.0190759897232056,1.0361101627349854,0.9664512872695923,0.9912402629852295
66,train,0,1.0,1.0,3,PVC_10_180,9,0.2750000059604645,6875.0,4.646399974822998,0.8764917254447937,0.862306535243988,0.8426514863967896,0.01965504325926304,0.35398539900779724,0.4886661171913147,0.24993295967578888,1.9873623102739657e-07,0.2387329787015915,0.28830739855766296,1.3053009020798728e-21,0.28830739855766296,1.6281038522720337,2.185119152069092,0.6389762759208679,0.8167735934257507,83.3547134399414,1.0180799961090088,-0.14537151157855988,0.9736800193786621,1.0355606079101562,0.9665082097053528,0.9891549944877625
67,train,0,1.0,1.0,3,PVC_10_180,10,0.30000001192092896,7500.0,5.529600143432617,0.9029657244682312,1.0154887437820435,0.9922468066215515,0.02324189804494381,0.4363500475883484,0.5558967590332031,0.2845146656036377,2.2745399519408238e-07,0.27138185501098633,0.33811330795288086,1.5292022956885683e-21,0.33811330795288086,1.686376929283142,2.1851985454559326,0.6420363187789917,0.7906438708305359,78.12877655029297,0.9817629456520081,-0.16950243711471558,0.931839644908905,1.034996509552002,0.9665613770484924,0.9872223734855652
68,val,0,1.0,1.0,3,PVC_10_180,11,0.32499998807907104,8125.0,6.48960018157959,1.0138746500015259,1.1804002523422241,1.1532955169677734,0.027104778215289116,0.5288995504379272,0.6243959665298462,0.31976887583732605,2.5701882577777724e-07,0.30462679266929626,0.3858281672000885,1.7719416372268438e-21,0.3858281672000885,1.7416809797286987,2.184281349182129,0.6451123952865601,0.766912579536438,73.38251495361328,0.9474397301673889,-0.19066442549228668,0.8932468295097351,1.0344231128692627,0.9666135311126709,0.9854397773742676
69,train,0,1.0,1.0,3,PVC_10_180,12,0.3499999940395355,8750.0,7.526400089263916,1.313947081565857,1.3568698167800903,1.325631856918335,0.031237943097949028,0.6317423582077026,0.6938894391059875,0.3555498421192169,2.8729903078783536e-07,0.33833929896354675,0.43107983469963074,5.840269234020067e-23,0.43107983469963074,1.7937672138214111,2.1823782920837402,0.6481466293334961,0.7455744743347168,69.1148910522461,0.9150747656822205,-0.20933854579925537,0.8576065897941589,1.0338441133499146,0.9666666388511658,0.9838003516197205
70,train,0,1.0,1.0,3,PVC_10_180,13,0.375,9375.0,8.640000343322754,1.5928974151611328,1.5447313785552979,1.5090954303741455,0.03563590347766876,0.744938313961029,0.7641571760177612,0.3917401134967804,3.181827423759387e-07,0.37241676449775696,0.47390738129615784,5.378405057965097e-23,0.47390738129615784,1.842552661895752,2.179551124572754,0.6511017084121704,0.7264378666877747,65.2875747680664,0.8845968842506409,-0.22591350972652435,0.824644148349762,1.0332623720169067,0.9667220711708069,0.9822946190834045
71,train,0,1.0,1.0,3,PVC_10_180,14,0.4000000059604645,10000.0,9.830400466918945,1.7449835538864136,1.7438254356384277,1.7035319805145264,0.04029344394803047,0.868511974811554,0.8350199460983276,0.42824363708496094,3.49573866742503e-07,0.40677595138549805,0.5145385265350342,4.737613029109707e-23,0.5145385265350342,1.8880692720413208,2.1758806705474854,0.6539537906646729,0.7092531323432922,61.850624084472656,0.8559145927429199,-0.24070928990840912,0.794106662273407,1.0326800346374512,0.9667807221412659,0.9809121489524841
72,train,0,1.0,1.0,3,PVC_10_180,15,0.42500001192092896,10625.0,11.097599983215332,1.9275760650634766,1.9540022611618042,1.9087966680526733,0.04520563408732414,1.0024628639221191,0.9063338041305542,0.4649830758571625,3.813910325334291e-07,0.4413503110408783,0.5532668828964233,4.3758464666851443e-23,0.5532668828964233,1.9304232597351074,2.1714606285095215,0.6566891670227051,0.6937710642814636,58.754215240478516,0.8289245367050171,-0.2539862096309662,0.7657639384269714,1.032098650932312,0.9668430685997009,0.9796421527862549
73,train,0,1.0,1.0,3,PVC_10_180,16,0.44999998807907104,11250.0,12.44159984588623,2.2017436027526855,2.1751248836517334,2.1247568130493164,0.05036796256899834,1.1467740535736084,0.9779828786849976,0.5018961429595947,4.1356562974215194e-07,0.4760863184928894,0.5903915762901306,7.206585157104998e-24,0.5903915762901306,1.969767689704895,2.166381359100342,0.6593008041381836,0.6797662973403931,55.95326232910156,0.8035206198692322,-0.26595839858055115,0.7394097447395325,1.0315196514129639,0.9669094085693359,0.9784741997718811
74,val,0,1.0,1.0,3,PVC_10_180,17,0.4749999940395355,11875.0,13.86240005493164,2.481191635131836,2.4070675373077393,2.3512911796569824,0.05577630177140236,1.301417350769043,1.049873948097229,0.5389323234558105,4.4603933702092036e-07,0.510941207408905,0.6261906623840332,1.0895943249278015e-23,0.6261906623840332,2.006279945373535,2.1607325077056885,0.6617863178253174,0.6670430302619934,53.408607482910156,0.7795966267585754,-0.27680444717407227,0.7148578763008118,1.0309438705444336,0.96697998046875,0.9773986339569092
75,train,0,1.0,1.0,3,PVC_10_180,18,0.5,12500.0,15.359999656677246,2.5872838497161865,2.6497161388397217,2.588289260864258,0.06142687797546387,1.4663581848144531,1.1219309568405151,0.5760505199432373,4.787626153301971e-07,0.5458799600601196,0.6609118580818176,3.6900772493286525e-22,0.6609118580818176,2.0401504039764404,2.1545939445495605,0.6641465425491333,0.6554343104362488,51.08686828613281,0.7570498585700989,-0.2866726815700531,0.6919422149658203,1.0303720235824585,0.9670546650886536,0.9764063358306885
76,val,0,1.0,1.0,8,guijiao_20_0,0,0.05000000074505806,1250.0,4.0,0.03274283930659294,0.058008112013339996,0.05803860351443291,-3.0490653443848714e-05,0.010497838258743286,0.04754076525568962,0.016454502940177917,0.013758668676018715,0.01732759363949299,0.01904510147869587,0.008109244517982006,0.008109244517982006,1.4605685472488403,2.364183187484741,0.7921143174171448,0.6207086443901062,44.14173126220703,0.9038593173027039,0.2282106876373291,0.965740442276001,0.9609082937240601,1.0143451690673828,1.011894941329956
77,train,0,1.0,1.0,8,guijiao_20_0,1,0.07500000298023224,1875.0,9.0,0.1314956545829773,0.10381235182285309,0.10360389947891235,0.00020844883692916483,0.023199889808893204,0.08040400594472885,0.028066890314221382,0.02286672778427601,0.02947038970887661,0.03737829253077507,0.012877439148724079,0.012877439148724079,1.4345825910568237,2.2238991260528564,0.7690420150756836,0.5476172566413879,29.523452758789062,0.7593875527381897,0.08987158536911011,0.7798617482185364,0.9589983224868774,1.0159621238708496,1.0069533586502075
78,train,0,1.0,1.0,8,guijiao_20_0,2,0.10000000149011612,2500.0,16.0,0.1263606995344162,0.15268081426620483,0.15211942791938782,0.0005613891989924014,0.04061369597911835,0.11150573194026947,0.03922691568732262,0.03127288818359375,0.04100592061877251,0.05183761939406395,0.01717318408191204,0.01717318408191204,1.4126501083374023,2.137944459915161,0.7508776187896729,0.5097271203994751,21.9454288482666,0.6401577591896057,-0.009298153221607208,0.6383720636367798,0.9580597877502441,1.0172021389007568,1.0015093088150024
79,train,0,1.0,1.0,8,guijiao_20_0,3,0.125,3125.0,25.0,0.10596927255392075,0.20468279719352722,0.20370431244373322,0.0009784882422536612,0.06235421076416969,0.14135010540485382,0.05006406828761101,0.03920523077249527,0.05208081007003784,0.06461422890424728,0.02142789214849472,0.02142789214849472,1.3880589008331299,2.0909595489501953,0.7363965511322021,0.48791635036468506,17.583267211914062,0.5461148619651794,-0.07741458714008331,0.5334317088127136,0.9575477838516235,1.0182784795761108,0.9961207509040833
80,val,0,1.0,1.0,8,guijiao_20_0,4,0.15000000596046448,3750.0,36.0,0.2565729320049286,0.2600867450237274,0.25864559412002563,0.001441152417100966,0.08797502517700195,0.17067058384418488,0.060806892812252045,0.046904079616069794,0.06295961141586304,0.07707758992910385,0.02586590126156807,0.02586590126156807,1.3600003719329834,2.0672011375427246,0.7244288921356201,0.47369226813316345,14.738452911376953,0.4729033410549164,-0.12447143346071243,0.4552444517612457,0.9572418332099915,1.0192570686340332,0.991130530834198
81,train,0,1.0,1.0,8,guijiao_20_0,5,0.17499999701976776,4375.0,49.0,0.34047091007232666,0.3188413381576538,0.31689634919166565,0.0019450010731816292,0.11709768325090408,0.19979867339134216,0.07155448943376541,0.05447261407971382,0.07377155870199203,0.08983232080936432,0.030577916651964188,0.030577916651964188,1.3299469947814941,2.055013418197632,0.7141789197921753,0.4635932743549347,12.71865463256836,0.41573235392570496,-0.15823541581630707,0.3959972858428955,0.95704585313797,1.0201570987701416,0.986699104309082
82,train,0,1.0,1.0,8,guijiao_20_0,6,0.20000000298023224,5000.0,64.0,0.37226971983909607,0.38076743483543396,0.3782767057418823,0.002490738872438669,0.14946529269218445,0.22881142795085907,0.08232060819864273,0.061937883496284485,0.08455292880535126,0.1031419187784195,0.0355924554169178,0.0355924554169178,1.2996981143951416,2.047001838684082,0.705183744430542,0.45599478483200073,11.198957443237305,0.37065157294273376,-0.1837821751832962,0.3502158224582672,0.9569148421287537,1.0209836959838867,0.98286372423172
83,train,0,1.0,1.0,8,guijiao_20_0,7,0.22499999403953552,5625.0,81.0,0.4480170011520386,0.4457244575023651,0.44264352321624756,0.003080947557464242,0.18493838608264923,0.25770512223243713,0.09309223294258118,0.06930561363697052,0.09530726820230484,0.11711513996124268,0.04091043025255203,0.04091043025255203,1.2706449031829834,2.0390145778656006,0.6971842050552368,0.45003658533096313,10.007320404052734,0.3346763849258423,-0.20417366921901703,0.3141767382621765,0.9568257927894592,1.0217398405075073,0.9795924425125122
84,train,0,1.0,1.0,8,guijiao_20_0,8,0.25,6250.0,100.0,0.5355852842330933,0.5136705040931702,0.5099514722824097,0.003719016909599304,0.2234681248664856,0.2864833176136017,0.10386061668395996,0.07658494263887405,0.10603775829076767,0.1317870318889618,0.046520885080099106,0.046520885080099106,1.243648648262024,2.029059410095215,0.6900253295898438,0.4452192783355713,9.043856620788574,0.3056107461452484,-0.22119203209877014,0.2853311598300934,0.9567658305168152,1.0224288702011108,0.9768216609954834
85,train,0,1.0,1.0,8,guijiao_20_0,9,0.2750000059604645,6875.0,121.0,0.537065327167511,0.5846580862998962,0.5802494287490845,0.004408651031553745,0.26506567001342773,0.3151837885379791,0.1146310344338417,0.08379475027322769,0.11675800383090973,0.14715644717216492,0.052408237010240555,0.052408237010240555,1.219130516052246,2.0164570808410645,0.6836023926734924,0.4412316679954529,8.246335983276367,0.281844824552536,-0.23586280643939972,0.2619018256664276,0.9567270278930664,1.0230551958084106,0.9744789600372314
86,train,0,1.0,1.0,8,guijiao_20_0,10,0.30000001192092896,7500.0,144.0,0.6555957198143005,0.6588090658187866,0.6536553502082825,0.0051536946557462215,0.3097772002220154,0.3438781499862671,0.12542276084423065,0.09096244722604752,0.12749293446540833,0.16320447623729706,0.05855567753314972,0.05855567753314972,1.1972066164016724,2.0012454986572266,0.6778338551521301,0.43786895275115967,7.573787689208984,0.2621931731700897,-0.248783141374588,0.24262438714504242,0.9567043781280518,1.0236237049102783,0.9724953174591064
87,train,0,1.0,1.0,8,guijiao_20_0,11,0.32499998807907104,8125.0,169.0,0.7337173223495483,0.7362838983535767,0.7303260564804077,0.005957825109362602,0.3576671779155731,0.3726588487625122,0.13626419007778168,0.09811995178461075,0.138274684548378,0.17990387976169586,0.064946748316288,0.064946748316288,1.177808165550232,1.9838110208511353,0.6726508140563965,0.43499016761779785,6.998030662536621,0.24577279388904572,-0.2603135108947754,0.22657938301563263,0.9566941857337952,1.024139404296875,0.9708095788955688
88,train,0,1.0,1.0,8,guijiao_20_0,12,0.3499999940395355,8750.0,196.0,0.7751927375793457,0.817260205745697,0.8104357123374939,0.0068245199508965015,0.40880608558654785,0.40162962675094604,0.14718931913375854,0.10530073940753937,0.14913956820964813,0.19722402095794678,0.07156606018543243,0.07156606018543243,1.1607626676559448,1.9646661281585693,0.6679912805557251,0.4324948787689209,6.498973846435547,0.23192034661769867,-0.27068519592285156,0.21308712661266327,0.9566940069198608,1.0246070623397827,0.9693700671195984
89,val,0,1.0,1.0,8,guijiao_20_0,13,0.375,9375.0,225.0,0.7986027598381042,0.9019159078598022,0.8941589593887329,0.0077569205313920975,0.4632655084133148,0.4308934807777405,0.1582329273223877,0.11253675818443298,0.1601237803697586,0.2151336669921875,0.07839954644441605,0.07839954644441605,1.1458547115325928,1.944327473640442,0.663799524307251,0.43030932545661926,6.06186580657959,0.2201303392648697,-0.28005826473236084,0.20163553953170776,0.9567017555236816,1.0250314474105835,0.9681341052055359
90,val,0,1.0,1.0,8,guijiao_20_0,14,0.4000000059604645,10000.0,256.0,0.884392499923706,0.9904190897941589,0.9816612601280212,0.008757853880524635,0.5211127996444702,0.460548460483551,0.16942889988422394,0.11985760182142258,0.1712619662284851,0.23360233008861542,0.08543454110622406,0.08543454110622406,1.1328537464141846,1.9232563972473145,0.6600254774093628,0.42837801575660706,5.675602912902832,0.21001434326171875,-0.28855425119400024,0.19183416664600372,0.9567160606384277,1.0254168510437012,0.967066764831543
91,val,0,1.0,1.0,8,guijiao_20_0,15,0.42500001192092896,10625.0,289.0,1.0040017366409302,1.0829230546951294,1.0730931758880615,0.009829826653003693,0.5824100375175476,0.49068307876586914,0.18080829083919525,0.12728926539421082,0.18258553743362427,0.2526010274887085,0.09265967458486557,0.09265967458486557,1.1215357780456543,1.9018422365188599,0.6566237211227417,0.4266582429409027,5.331648349761963,0.2012692242860794,-0.2962679862976074,0.18338032066822052,0.9567356109619141,1.025767207145691,0.9661396741867065
92,train,0,1.0,1.0,8,guijiao_20_0,16,0.44999998807907104,11250.0,324.0,1.018639326095581,1.1795663833618164,1.1685913801193237,0.010975037701427937,0.6472148895263672,0.5213764905929565,0.192399263381958,0.1348544806241989,0.19412273168563843,0.2721027135848999,0.10006482899188995,0.10006482899188995,1.1116949319839478,1.880397081375122,0.6535531282424927,0.4251165986061096,5.02332067489624,0.1936572641134262,-0.3032832741737366,0.17603735625743866,0.956759512424469,1.0260860919952393,0.9653297066688538
93,train,0,1.0,1.0,8,guijiao_20_0,17,0.4749999940395355,11875.0,361.0,1.1686152219772339,1.2804710865020752,1.2682756185531616,0.012195445597171783,0.7155781984329224,0.5526974201202393,0.2042265236377716,0.14257274568080902,0.20589813590049744,0.2920822501182556,0.10764095932245255,0.10764095932245255,1.1031434535980225,1.8591599464416504,0.6507778167724609,0.42372652888298035,4.74530553817749,0.1869894564151764,-0.3096703290939331,0.1696179360151291,0.9567869305610657,1.0263768434524536,0.9646182060241699
94,train,0,1.0,1.0,8,guijiao_20_0,18,0.5,12500.0,400.0,1.143523097038269,1.3857417106628418,1.372248888015747,0.01349276676774025,0.7875456809997559,0.5847032070159912,0.2163107991218567,0.15046003460884094,0.2179323434829712,0.31251654028892517,0.11538002640008926,0.11538002640008926,1.0957156419754028,1.8383095264434814,0.6482652425765991,0.42246657609939575,4.493317604064941,0.18111388385295868,-0.31549254059791565,0.16397185623645782,0.9568171501159668,1.0266423225402832,0.9639898538589478
95,train,0,1.0,1.0,9,guijiao_20_180,0,0.05000000074505806,1250.0,4.0,0.08496236801147461,0.08012612909078598,0.07901747524738312,0.0011086564045399427,0.010159498080611229,0.06885797530412674,0.03462701290845871,3.137886039894511e-08,0.03423093259334564,0.01904510147869587,3.115521200628112e-22,0.01904510147869587,1.4134953022003174,3.080071210861206,0.7119859457015991,0.838975191116333,87.79503631591797,1.3194080591201782,0.3806587755680084,1.4700813293457031,1.0196510553359985,0.9733377695083618,1.0079877376556396
96,val,0,1.0,1.0,9,guijiao_20_180,1,0.07500000298023224,1875.0,9.0,0.20686888694763184,0.1567312330007553,0.15414313971996307,0.002588095376268029,0.021755686029791832,0.1323874592781067,0.06672258675098419,5.7608815495768795e-08,0.06566482037305832,0.03737829253077507,3.9326089374331247e-22,0.03737829253077507,1.3452792167663574,2.9351444244384766,0.6779983043670654,0.7209258079528809,64.1851577758789,1.238255500793457,0.2217482030391693,1.3206298351287842,1.020043134689331,0.9742429256439209,1.003872036933899
97,train,0,1.0,1.0,9,guijiao_20_180,2,0.10000000149011612,2500.0,16.0,0.23048630356788635,0.23850880563259125,0.23422057926654816,0.004288222175091505,0.0381762832403183,0.19604429602622986,0.09897155314683914,8.28061104130029e-08,0.09707266092300415,0.05183761939406395,7.925297521407882e-22,0.05183761939406395,1.3278706073760986,2.8003382682800293,0.655070424079895,0.6509374380111694,50.1874885559082,1.1296977996826172,0.07976195216178894,1.1567299365997314,1.0184662342071533,0.9756003618240356,0.9989256858825684
98,train,0,1.0,1.0,9,guijiao_20_180,3,0.125,3125.0,25.0,0.37194958329200745,0.31645679473876953,0.3105267584323883,0.005930036306381226,0.06021985784173012,0.2503069043159485,0.126532182097435,1.0395337568525065e-07,0.12377462536096573,0.06461422890424728,6.314029432525771e-23,0.06461422890424728,1.3405463695526123,2.670121669769287,0.640404462814331,0.6060657501220703,41.2131462097168,1.0068295001983643,-0.03777802735567093,0.9954187273979187,1.0156004428863525,0.9771639704704285,0.9934672117233276
99,train,0,1.0,1.0,9,guijiao_20_180,4,0.15000000596046448,3750.0,36.0,0.4915699362754822,0.387716680765152,0.38032811880111694,0.007388572208583355,0.0885525718331337,0.29177555441856384,0.14763620495796204,1.202993189508561e-07,0.14413923025131226,0.07707758992910385,1.1234837105300057e-22,0.07707758992910385,1.3689285516738892,2.5462372303009033,0.6318493485450745,0.5746968984603882,34.93937683105469,0.8833873867988586,-0.13043366372585297,0.8488203883171082,1.0119860172271729,0.9787967801094055,0.9880155920982361
100,val,0,1.0,1.0,9,guijiao_20_180,5,0.17499999701976776,4375.0,49.0,0.4082214832305908,0.4541136920452118,0.44544100761413574,0.008672686293721199,0.12357262521982193,0.3218683898448944,0.1629609614610672,1.3262534537261672e-07,0.15890729427337646,0.08983232080936432,1.3686390868963706e-22,0.08983232080936432,1.4034868478775024,2.4327845573425293,0.6276202201843262,0.551417887210846,30.2835750579834,0.7699142098426819,-0.2020658552646637,0.7232421040534973,1.0080890655517578,0.9804065227508545,0.9830126762390137
101,train,0,1.0,1.0,9,guijiao_20_180,6,0.20000000298023224,5000.0,64.0,0.6384890079498291,0.5193233489990234,0.5094698071479797,0.009853541851043701,0.16543444991111755,0.3440353572368622,0.17423522472381592,1.4226446864995523e-07,0.16979998350143433,0.1031419187784195,1.1510744046800364e-22,0.1031419187784195,1.4385602474212646,2.3323676586151123,0.6262998580932617,0.533397376537323,26.679471969604492,0.6717750430107117,-0.2574593424797058,0.6198886036872864,1.004254937171936,0.9819365739822388,0.9786911010742188
102,val,0,1.0,1.0,9,guijiao_20_180,7,0.22499999403953552,5625.0,81.0,0.6797599196434021,0.5867900252342224,0.5757827758789062,0.011007262393832207,0.21413403749465942,0.3616487383842468,0.18316659331321716,1.5043532641811908e-07,0.17848198115825653,0.11711513996124268,1.050909643209376e-21,0.11711513996124268,1.4712376594543457,2.245272397994995,0.6268324851989746,0.5190048217773438,23.800962448120117,0.589993953704834,-0.30068090558052063,0.5367739796638489,1.0006898641586304,0.9833607077598572,0.9750965237617493
103,val,0,1.0,1.0,9,guijiao_20_180,8,0.25,6250.0,100.0,0.6456429958343506,0.6589632630348206,0.6467719078063965,0.012191337533295155,0.2695881426334381,0.377183735370636,0.19101601839065552,1.5800843300439738e-07,0.18616755306720734,0.1317870318889618,2.441323209599568e-21,0.1317870318889618,1.5003166198730469,2.1702630519866943,0.6284722089767456,0.507230281829834,21.44605827331543,0.5231363773345947,-0.3347683846950531,0.4705975353717804,0.9974853992462158,0.9846734404563904,0.9721666574478149
104,train,0,1.0,1.0,9,guijiao_20_180,9,0.2750000059604645,6875.0,121.0,0.7804605960845947,0.7373305559158325,0.7238878011703491,0.01344272494316101,0.33168599009513855,0.3922017812728882,0.19858257472515106,1.6552478143694316e-07,0.19361905753612518,0.14715644717216492,7.467274025110506e-22,0.14715644717216492,1.5255409479141235,2.105527639389038,0.6307151317596436,0.49741220474243164,19.482440948486328,0.46884986758232117,-0.3619121313095093,0.41794511675834656,0.9946591258049011,0.9858803153038025,0.9697978496551514
105,train,0,1.0,1.0,9,guijiao_20_180,10,0.30000001192092896,7500.0,144.0,0.7066598534584045,0.8226931095123291,0.8079099655151367,0.014783120714128017,0.40031692385673523,0.4075930118560791,0.20632360875606537,1.7328875401290134e-07,0.2012692242860794,0.16320447623729706,1.0497243475137566e-20,0.16320447623729706,1.5471184253692627,2.049253463745117,0.6332333087921143,0.48909759521484375,17.819517135620117,0.4247226119041443,-0.38369783759117126,0.37583306431770325,0.9921892285346985,0.9869917035102844,0.9678831100463867
106,train,0,1.0,1.0,9,guijiao_20_180,11,0.32499998807907104,8125.0,169.0,0.8475066423416138,0.9154306650161743,0.8992059826850891,0.016224687919020653,0.4753815233707428,0.4238244593143463,0.21448028087615967,1.8145760805055033e-07,0.20934399962425232,0.17990387976169586,1.9914623663219895e-20,0.17990387976169586,1.5654447078704834,1.9998723268508911,0.6358218193054199,0.48196521401405334,16.393043518066406,0.38864678144454956,-0.401297390460968,0.34185791015625,0.9900372624397278,0.9880186319351196,0.9663282036781311
107,train,0,1.0,1.0,9,guijiao_20_180,12,0.3499999940395355,8750.0,196.0,0.8986618518829346,1.0156880617141724,0.9979139566421509,0.017774073407053947,0.5567956566810608,0.4411182999610901,0.22316807508468628,1.90104103126032e-07,0.2179500162601471,0.19722402095794678,3.602878215793624e-20,0.19722402095794678,1.5809638500213623,1.9561136960983276,0.6383585333824158,0.4757799208164215,15.155984878540039,0.35890915989875793,-0.4155902862548828,0.31416141986846924,0.9881612658500671,0.9889715313911438,0.9650562405586243
108,train,0,1.0,1.0,9,guijiao_20_180,13,0.375,9375.0,225.0,0.9627761244773865,1.1234856843948364,1.1040507555007935,0.01943494938313961,0.6444899439811707,0.4595607817173004,0.23243264853954315,1.9925462879655242e-07,0.22712793946266174,0.2151336669921875,6.256844559669679e-20,0.2151336669921875,1.5941007137298584,1.9169789552688599,0.6407749652862549,0.4703657627105713,14.073150634765625,0.33416444063186646,-0.42725056409835815,0.291332870721817,0.9865213632583618,0.9898595213890076,0.9640064239501953
109,train,0,1.0,1.0,9,guijiao_20_180,14,0.4000000059604645,10000.0,256.0,1.150991439819336,1.2387851476669312,1.2175757884979248,0.021209385246038437,0.738406777381897,0.4791690707206726,0.24228380620479584,2.0891266672151687e-07,0.23688504099845886,0.23360233008861542,1.048540348326812e-19,0.23360233008861542,1.6052318811416626,1.8816896677017212,0.6430373191833496,0.4655887186527252,13.117743492126465,0.31337371468544006,-0.43679770827293396,0.27230942249298096,0.9850822687149048,0.9906904101371765,0.963131844997406
110,train,0,1.0,1.0,9,guijiao_20_180,15,0.42500001192092896,10625.0,289.0,1.2544622421264648,1.3615235090255737,1.338424801826477,0.02309866063296795,0.8384988307952881,0.49992600083351135,0.2527136504650116,2.1907011671373766e-07,0.24721214175224304,0.2526010274887085,1.7030078461772696e-19,0.2526010274887085,1.6146810054779053,1.8496391773223877,0.6451323628425598,0.4613442122936249,12.268844604492188,0.295737624168396,-0.4446374475955963,0.2562887966632843,0.9838138818740845,0.9914706349372864,0.9623964428901672
111,train,0,1.0,1.0,9,guijiao_20_180,16,0.44999998807907104,11250.0,324.0,1.3411883115768433,1.4916306734085083,1.466526985168457,0.025103630498051643,0.9447268843650818,0.52180016040802,0.2637067139148712,2.2971467217303143e-07,0.2580932378768921,0.2721027135848999,2.690328686616003e-19,0.2721027135848999,1.622719407081604,1.8203504085540771,0.6470590829849243,0.4575488269329071,11.509765625,0.28064101934432983,-0.45108965039253235,0.2426627278327942,0.9826907515525818,0.9922057390213013,0.9617723226547241
112,train,0,1.0,1.0,9,guijiao_20_180,17,0.4749999940395355,11875.0,361.0,1.5874711275100708,1.629038691520691,1.6018136739730835,0.027224987745285034,1.05705726146698,0.5447564125061035,0.27524542808532715,2.408332591130602e-07,0.2695107161998749,0.2920822501182556,2.5470766692546686e-18,0.2920822501182556,1.629571557044983,1.7934422492980957,0.6488240957260132,0.45413661003112793,10.827320098876953,0.26760807633399963,-0.45640695095062256,0.23096661269664764,0.9816917181015015,0.9929004311561584,0.9612380862236023
113,train,0,1.0,1.0,9,guijiao_20_180,18,0.5,12500.0,400.0,1.6530265808105469,1.7736854553222656,1.7442221641540527,0.029463278129696846,1.1754621267318726,0.5687600374221802,0.28731250762939453,2.524130309211614e-07,0.28144729137420654,0.31251654028892517,1.337401227409797e-18,0.31251654028892517,1.6354255676269531,1.7686100006103516,0.6504368782043457,0.45105257630348206,10.210517883300781,0.2562674880027771,-0.4607917070388794,0.22084170579910278,0.9807991981506348,0.9935584664344788,0.9607770442962646
114,train,0,1.0,1.0,10,guijiao_10_0,0,0.05000000074505806,1250.0,4.0,0.061789702624082565,0.03610379621386528,0.03634045645594597,-0.00023665869957767427,0.011761767789721489,0.02457868866622448,0.008618723601102829,0.00700338976457715,0.008956575766205788,0.009522550739347935,0.004054622258991003,0.004054622258991003,1.636419653892517,2.542816162109375,0.7678505182266235,0.6207086443901062,44.14173126220703,0.8431121706962585,0.3886561989784241,0.9414164423942566,0.9600966572761536,1.0160231590270996,0.9977321028709412
115,train,0,1.0,1.0,10,guijiao_10_0,1,0.07500000298023224,1875.0,9.0,0.07487817108631134,0.06652497500181198,0.06684170663356781,-0.0003167311369907111,0.02524750679731369,0.04159420356154442,0.01469615288078785,0.011692877858877182,0.015205171890556812,0.018689146265387535,0.0064387195743620396,0.0064387195743620396,1.5611984729766846,2.385915756225586,0.7487013339996338,0.5476172566413879,29.523452758789062,0.7006018757820129,0.29280737042427063,0.7621443271636963,0.9578501582145691,1.0179038047790527,0.9910262823104858
116,train,0,1.0,1.0,10,guijiao_10_0,2,0.10000000149011612,2500.0,16.0,0.08106280863285065,0.09907855093479156,0.09942875802516937,-0.00035020438372157514,0.042444631457328796,0.056984126567840576,0.02027290128171444,0.01583782769739628,0.02087339758872986,0.025918809697031975,0.00858659204095602,0.00858659204095602,1.4763346910476685,2.2827377319335938,0.7331610918045044,0.5097271203994751,21.9454288482666,0.5807560086250305,0.2193690538406372,0.6189759373664856,0.9565216302871704,1.0192369222640991,0.9848544597625732
117,val,0,1.0,1.0,10,guijiao_10_0,3,0.125,3125.0,25.0,0.11539952456951141,0.13282662630081177,0.13318461179733276,-0.00035797894815914333,0.06252515316009521,0.07065946608781815,0.02529766596853733,0.01943129487335682,0.025930507108569145,0.03230711445212364,0.01071394607424736,0.01071394607424736,1.39186429977417,2.2176904678344727,0.719511091709137,0.48791635036468506,17.583267211914062,0.4855930209159851,0.1625044047832489,0.5092663168907166,0.9557037353515625,1.0202511548995972,0.979611337184906
118,val,0,1.0,1.0,10,guijiao_10_0,4,0.15000000596046448,3750.0,36.0,0.22257539629936218,0.16791532933712006,0.1682611107826233,-0.00034578421036712825,0.08509032428264618,0.08317078649997711,0.029951533302664757,0.022633742541074753,0.0305855143815279,0.038538794964551926,0.012932950630784035,0.012932950630784035,1.3154059648513794,2.1735174655914307,0.7069507241249084,0.47369226813316345,14.738452911376953,0.41289135813713074,0.1175793707370758,0.4274555742740631,0.955193042755127,1.0210319757461548,0.9754114151000977
119,train,0,1.0,1.0,10,guijiao_10_0,5,0.17499999701976776,4375.0,49.0,0.19035470485687256,0.20487794280052185,0.20518524944782257,-0.00030731098377145827,0.11012125015258789,0.09506399929523468,0.03441809117794037,0.025605229660868645,0.035040680319070816,0.04491616040468216,0.015288958325982094,0.015288958325982094,1.2507116794586182,2.138173818588257,0.6953357458114624,0.4635932743549347,12.71865463256836,0.358225017786026,0.0813744068145752,0.36697009205818176,0.9548735022544861,1.0216288566589355,0.9721460342407227
120,val,0,1.0,1.0,10,guijiao_10_0,6,0.20000000298023224,5000.0,64.0,0.2699236571788788,0.244286447763443,0.24451902508735657,-0.00023257303109858185,0.13779015839099884,0.10672886669635773,0.03882802650332451,0.02846476063132286,0.03943607583642006,0.05157095938920975,0.0177962277084589,0.0177962277084589,1.1981751918792725,2.1052310466766357,0.6847493648529053,0.45599478483200073,11.198957443237305,0.3170699179172516,0.05169606953859329,0.3219872713088989,0.9546750783920288,1.022083044052124,0.9696251749992371
121,train,0,1.0,1.0,10,guijiao_10_0,7,0.22499999403953552,5625.0,81.0,0.29202887415885925,0.28660985827445984,0.28672242164611816,-0.00011257459118496627,0.1683092713356018,0.11841314285993576,0.043263714760541916,0.03129149600863457,0.04385793209075928,0.05855756998062134,0.020455215126276016,0.020455215126276016,1.156392216682434,2.0720677375793457,0.6752586364746094,0.45003658533096313,10.007320404052734,0.28573325276374817,0.026986727491021156,0.28804653882980347,0.9545548558235168,1.022429347038269,0.9676654934883118
122,train,0,1.0,1.0,10,guijiao_10_0,8,0.25,6250.0,100.0,0.29831641912460327,0.33218905329704285,0.33212965726852417,5.9403551858849823e-05,0.20186150074005127,0.1302681416273117,0.04777505248785019,0.03413566201925278,0.04835742339491844,0.0658935159444809,0.023260442540049553,0.023260442540049553,1.1234030723571777,2.0380661487579346,0.6668528318405151,0.4452192783355713,9.043856620788574,0.26148542761802673,0.006104497704654932,0.2619642913341522,0.9544858932495117,1.0226962566375732,0.9661208391189575
123,train,0,1.0,1.0,10,guijiao_10_0,9,0.2750000059604645,6875.0,121.0,0.4310641288757324,0.38125959038734436,0.38097161054611206,0.00028798356652259827,0.2385847121477127,0.14238691329956055,0.05239269509911537,0.03702886030077934,0.05296535789966583,0.07357822358608246,0.026204118505120277,0.026204118505120277,1.0973353385925293,2.0034797191619873,0.6594591736793518,0.4412316679954529,8.246335983276367,0.24239039421081543,-0.011798162013292313,0.24153245985507965,0.9544511437416077,1.0229052305221558,0.9648833274841309
124,val,0,1.0,1.0,10,guijiao_10_0,10,0.30000001192092896,7500.0,144.0,0.40116769075393677,0.4339827001094818,0.4334065020084381,0.000576209684368223,0.2785772383213043,0.1548292636871338,0.05713649466633797,0.03999138996005058,0.05770137533545494,0.08160223811864853,0.02927783876657486,0.02927783876657486,1.0766268968582153,1.9688256978988647,0.652972936630249,0.43786895275115967,7.573787689208984,0.22709237039089203,-0.02735264226794243,0.2252289056777954,0.954439640045166,1.0230720043182373,0.9638755321502686
125,train,0,1.0,1.0,10,guijiao_10_0,11,0.32499998807907104,8125.0,169.0,0.506271243095398,0.49047043919563293,0.4895443320274353,0.0009261021041311324,0.3219086527824402,0.16763567924499512,0.06202011555433273,0.043036721646785736,0.06257884204387665,0.08995193988084793,0.032473374158144,0.032473374158144,1.0600541830062866,1.934621810913086,0.6472815275192261,0.43499016761779785,6.998030662536621,0.21463818848133087,-0.04102977737784386,0.21199621260166168,0.9544440507888794,1.0232077836990356,0.9630422592163086
126,train,0,1.0,1.0,10,guijiao_10_0,12,0.3499999940395355,8750.0,196.0,0.5606998205184937,0.5508032441139221,0.549464225769043,0.0013389892410486937,0.36862871050834656,0.1808355152606964,0.06705371290445328,0.04617420956492424,0.06760760396718979,0.09861201047897339,0.03578303009271622,0.03578303009271622,1.0466830730438232,1.901283860206604,0.6422771215438843,0.4324948787689209,6.498973846435547,0.20435063540935516,-0.053183022886514664,0.2010902613401413,0.9544596672058105,1.0233207941055298,0.9623437523841858
127,train,0,1.0,1.0,10,guijiao_10_0,13,0.375,9375.0,225.0,0.5885866284370422,0.6150404214859009,0.6132246255874634,0.00181579717900604,0.41877374053001404,0.19445085525512695,0.07224508374929428,0.04941057041287422,0.07279518991708755,0.10756683349609375,0.03919977322220802,0.03919977322220802,1.035807490348816,1.869109869003296,0.6378629207611084,0.43030932545661926,6.06186580657959,0.19574102759361267,-0.06408169865608215,0.19197799265384674,0.954483151435852,1.0234166383743286,0.9617509841918945
128,val,0,1.0,1.0,10,guijiao_10_0,14,0.4000000059604645,10000.0,256.0,0.6958703994750977,0.6832273602485657,0.6808701753616333,0.0023572121281176805,0.4723716080188751,0.20849859714508057,0.07760036736726761,0.052750710397958755,0.0781475231051445,0.11680116504430771,0.04271727055311203,0.04271727055311203,1.0268946886062622,1.83828866481781,0.6339550018310547,0.42837801575660706,5.675602912902832,0.18845082819461823,-0.0739312469959259,0.18427111208438873,0.9545122385025024,1.0234994888305664,0.9612424969673157
129,val,0,1.0,1.0,10,guijiao_10_0,15,0.42500001192092896,10625.0,289.0,0.6730650663375854,0.7554007172584534,0.7524369955062866,0.002963742706924677,0.5294438004493713,0.22299322485923767,0.08312487602233887,0.056198593229055405,0.0836697444319725,0.12630051374435425,0.046329837292432785,0.046329837292432785,1.019539713859558,1.8089262247085571,0.6304816007614136,0.4266582429409027,5.331648349761963,0.182213693857193,-0.08289305120706558,0.17768244445323944,0.954545259475708,1.023572325706482,0.9608020782470703
130,val,0,1.0,1.0,10,guijiao_10_0,16,0.44999998807907104,11250.0,324.0,0.6925672888755798,0.8315902352333069,0.8279544711112976,0.0036357808858156204,0.5900084972381592,0.23794598877429962,0.0888228639960289,0.05975719541311264,0.08936592936515808,0.13605135679244995,0.05003241449594498,0.05003241449594498,1.013433814048767,1.7810652256011963,0.6273821592330933,0.4251165986061096,5.02332067489624,0.17682746052742004,-0.09109491854906082,0.17199502885341644,0.954581081867218,1.023637294769287,0.9604173302650452
131,val,0,1.0,1.0,10,guijiao_10_0,17,0.4749999940395355,11875.0,361.0,0.7913765907287598,0.9118210673332214,0.907447338104248,0.004373729228973389,0.6540806889533997,0.2533666491508484,0.09469800442457199,0.06342899054288864,0.09523964673280716,0.1460411250591278,0.05382047966122627,0.05382047966122627,1.008338212966919,1.7547011375427246,0.624605655670166,0.42372652888298035,4.74530553817749,0.17213714122772217,-0.09863808006048203,0.16704337298870087,0.9546188116073608,1.0236960649490356,0.9600787162780762
132,train,0,1.0,1.0,10,guijiao_10_0,18,0.5,12500.0,400.0,0.9285801649093628,0.9961144328117371,0.9909365177154541,0.005177916493266821,0.7216739654541016,0.26926252245903015,0.10075315833091736,0.06721577793359756,0.10129360109567642,0.15625827014446259,0.05769001320004463,0.05769001320004463,1.00406813621521,1.7297980785369873,0.6221089959144592,0.42246657609939575,4.493317604064941,0.1680220514535904,-0.10560682415962219,0.16269876062870026,0.9546579122543335,1.023749828338623,0.9597786068916321
133,train,0,1.0,1.0,11,guijiao_10_180,0,0.05000000074505806,1250.0,4.0,0.06980589777231216,0.04879438877105713,0.048274606466293335,0.0005197838181629777,0.010965869762003422,0.03730873763561249,0.018830297514796257,1.6750242082252953e-08,0.018478423357009888,0.009522550739347935,1.557760600314056e-22,0.009522550739347935,1.5256861448287964,3.40970516204834,0.7034634351730347,0.838975191116333,87.79503631591797,1.244452953338623,0.536731481552124,1.4448341131210327,1.019274353981018,0.9666622281074524,1.000227451324463
134,train,0,1.0,1.0,11,guijiao_10_180,1,0.07500000298023224,1875.0,9.0,0.03306988999247551,0.09388603270053864,0.09258271008729935,0.0013033247087150812,0.022629834711551666,0.06995287537574768,0.03538874164223671,3.005926174637352e-08,0.03456410393118858,0.018689146265387535,1.9663044687165624e-22,0.018689146265387535,1.3993327617645264,3.2356841564178467,0.6706399917602539,0.7209258079528809,64.1851577758789,1.133522868156433,0.4123653471469879,1.2737504243850708,1.0176557302474976,0.966687023639679,0.9939418435096741
135,train,0,1.0,1.0,11,guijiao_10_180,2,0.10000000149011612,2500.0,16.0,0.15503378212451935,0.13911421597003937,0.13690900802612305,0.00220520980656147,0.03808745741844177,0.09882155060768127,0.05003738030791283,4.148754584321068e-08,0.048784125596284866,0.025918809697031975,3.962648760703941e-22,0.025918809697031975,1.3247809410095215,3.047776699066162,0.6509504318237305,0.6509374380111694,50.1874885559082,0.993282675743103,0.29290392994880676,1.0805636644363403,1.0129075050354004,0.9676234126091003,0.9875378608703613
136,train,0,1.0,1.0,11,guijiao_10_180,3,0.125,3125.0,25.0,0.1742364466190338,0.18027189373970032,0.17720027267932892,0.003071627812460065,0.057755861431360245,0.11944441497325897,0.06047552451491356,4.9742769903105e-08,0.058968838304281235,0.03230711445212364,3.1570147162628854e-23,0.03230711445212364,1.2856956720352173,2.860495090484619,0.6408389806747437,0.6060657501220703,41.2131462097168,0.8479396104812622,0.18926620483398438,0.8960855007171631,1.0066481828689575,0.9690371155738831,0.9815685749053955
137,train,0,1.0,1.0,11,guijiao_10_180,4,0.15000000596046448,3750.0,36.0,0.2257920205593109,0.21844345331192017,0.21457108855247498,0.003872361034154892,0.08202121406793594,0.13254988193511963,0.06706953793764114,5.526555213464235e-08,0.0654802918434143,0.038538794964551926,5.617418552650028e-23,0.038538794964551926,1.2679606676101685,2.685990810394287,0.6368122100830078,0.5746968984603882,34.93937683105469,0.7169956564903259,0.1056247130036354,0.7397153973579407,1.0001896619796753,0.970647394657135,0.9764896631240845
138,train,0,1.0,1.0,11,guijiao_10_180,5,0.17499999701976776,4375.0,49.0,0.24175983667373657,0.25678837299346924,0.25214070081710815,0.004647660534828901,0.11114676296710968,0.14099393784999847,0.07128221541643143,5.911746114861671e-08,0.06971166282892227,0.04491616040468216,6.843195434481853e-23,0.04491616040468216,1.2623589038848877,2.5311923027038574,0.6361266374588013,0.551417887210846,30.2835750579834,0.6091407537460327,0.040413111448287964,0.6165259480476379,0.9943455457687378,0.9722760915756226,0.9724372625350952
139,train,0,1.0,1.0,11,guijiao_10_180,6,0.20000000298023224,5000.0,64.0,0.24040131270885468,0.298071950674057,0.2926248610019684,0.005447088740766048,0.14529044926166534,0.14733441174030304,0.07442357391119003,6.221353032742627e-08,0.07291077822446823,0.05157095938920975,5.755372023400182e-23,0.05157095938920975,1.263395071029663,2.397756814956665,0.6369948387145996,0.533397376537323,26.679471969604492,0.5244323015213013,-0.010097815655171871,0.522843599319458,0.9894237518310547,0.9738274812698364,0.9693118929862976
140,train,0,1.0,1.0,11,guijiao_10_180,7,0.22499999403953552,5625.0,81.0,0.35061752796173096,0.3439975380897522,0.3376922011375427,0.0063053518533706665,0.18453732132911682,0.1531548798084259,0.0773027092218399,6.512305361638937e-08,0.07585209608078003,0.05855756998062134,5.25454821604688e-22,0.05855756998062134,1.2678892612457275,2.2841527462005615,0.6384118795394897,0.5190048217773438,23.800962448120117,0.45908915996551514,-0.04955197498202324,0.45226454734802246,0.9854186773300171,0.9752616286277771,0.9669268131256104
141,train,0,1.0,1.0,11,guijiao_10_180,8,0.25,6250.0,100.0,0.3476819396018982,0.395429402589798,0.3881876468658447,0.007241757586598396,0.2289281040430069,0.15925955772399902,0.08032890409231186,6.81418370618303e-08,0.07893058657646179,0.0658935159444809,1.220661604799784e-21,0.0658935159444809,1.2740346193313599,2.1876072883605957,0.6398796439170837,0.507230281829834,21.44605827331543,0.4086883068084717,-0.0808194950222969,0.3987793028354645,0.9821970462799072,0.9765704870223999,0.9650995135307312
142,train,0,1.0,1.0,11,guijiao_10_180,9,0.2750000059604645,6875.0,121.0,0.38224053382873535,0.4527415931224823,0.4444758892059326,0.008265690878033638,0.2784777879714966,0.16599808633327484,0.0836789458990097,7.140389612914078e-08,0.08231906592845917,0.07357822358608246,3.733637012555253e-22,0.07357822358608246,1.2808177471160889,2.1052145957946777,0.6411862373352051,0.49741220474243164,19.482440948486328,0.3694435656070709,-0.10599998384714127,0.35769525170326233,0.9796028137207031,0.9777612686157227,0.9636830687522888
143,train,0,1.0,1.0,11,guijiao_10_180,10,0.30000001192092896,7500.0,144.0,0.5158165097236633,0.5160632729530334,0.5066820383071899,0.00938126165419817,0.3331892192363739,0.17349278926849365,0.08741390705108643,7.496039700072288e-08,0.08607881516218185,0.08160223811864853,5.248621737568783e-21,0.08160223811864853,1.2876876592636108,2.0344011783599854,0.6422643065452576,0.48909759521484375,17.819517135620117,0.33846211433410645,-0.1265989989042282,0.32560741901397705,0.9774980545043945,0.9788468480110168,0.9625684022903442
144,val,0,1.0,1.0,11,guijiao_10_180,11,0.32499998807907104,8125.0,169.0,0.47507306933403015,0.58540940284729,0.5748194456100464,0.010589944198727608,0.3930571675300598,0.18176229298114777,0.09154228121042252,7.882342600851189e-08,0.09021992981433868,0.08995193988084793,9.957311831609947e-21,0.08995193988084793,1.2943482398986816,1.9730395078659058,0.6431136727333069,0.48196521401405334,16.393043518066406,0.313629686832428,-0.14369848370552063,0.30010926723480225,0.9757726192474365,0.9798412919044495,0.9616771936416626
145,train,0,1.0,1.0,11,guijiao_10_180,12,0.3499999940395355,8750.0,196.0,0.5916249752044678,0.6607485413551331,0.6488564014434814,0.011892125010490417,0.45807376503944397,0.1907826066017151,0.09605119377374649,8.298815146190464e-08,0.09473132342100143,0.09861201047897339,1.801439107896812e-20,0.09861201047897339,1.3006532192230225,1.9194214344024658,0.6437606811523438,0.4757799208164215,15.155984878540039,0.29342320561408997,-0.1580834984779358,0.2795076072216034,0.9743422269821167,0.9807575345039368,0.9609534740447998
146,train,0,1.0,1.0,11,guijiao_10_180,13,0.375,9375.0,225.0,0.7030403017997742,0.7420333623886108,0.728745698928833,0.013287665322422981,0.5282287001609802,0.2005169838666916,0.10092143714427948,8.744392232529208e-08,0.09959545731544495,0.10756683349609375,3.1284222798348394e-20,0.10756683349609375,1.3065366744995117,1.8721952438354492,0.6442386507987976,0.4703657627105713,14.073150634765625,0.2767459750175476,-0.17033328115940094,0.2626042366027832,0.9731431603431702,0.9816066026687622,0.9603571891784668
147,val,0,1.0,1.0,11,guijiao_10_180,14,0.4000000059604645,10000.0,256.0,0.7948856353759766,0.82921302318573,0.814436674118042,0.014776324853301048,0.6035106778144836,0.21092599630355835,0.1061326339840889,9.217836094421727e-08,0.10479327291250229,0.11680116504430771,5.24270174163406e-20,0.11680116504430771,1.3119795322418213,1.8302875757217407,0.6445803046226501,0.4655887186527252,13.117743492126465,0.26279982924461365,-0.18087895214557648,0.24853932857513428,0.9721274375915527,0.9823980927467346,0.9598594903945923
148,val,0,1.0,1.0,11,guijiao_10_180,15,0.42500001192092896,10625.0,289.0,0.9257188439369202,0.9222387075424194,0.9058809280395508,0.016357801854610443,0.6839073300361633,0.22197356820106506,0.11166619509458542,9.717959414956567e-08,0.11030728369951248,0.12630051374435425,8.515039230886348e-20,0.12630051374435425,1.316987156867981,1.7928465604782104,0.6448138952255249,0.4613442122936249,12.268844604492188,0.2509976029396057,-0.1900482326745987,0.23668710887432098,0.9712585806846619,0.9831395149230957,0.9594389200210571
149,train,0,1.0,1.0,11,guijiao_10_180,16,0.44999998807907104,11250.0,324.0,1.0905781984329224,1.0210665464401245,1.0030347108840942,0.018031876534223557,0.7694064378738403,0.23362824320793152,0.11750595271587372,1.0243709880342067e-07,0.11612218618392944,0.13605135679244995,1.3451643433080014e-19,0.13605135679244995,1.3215785026550293,1.7591876983642578,0.6449629664421082,0.4575488269329071,11.509765625,0.24090167880058289,-0.1980922967195511,0.22658544778823853,0.9705086946487427,0.983837366104126,0.9590797424316406
150,val,0,1.0,1.0,11,guijiao_10_180,17,0.4749999940395355,11875.0,361.0,1.0394068956375122,1.1256567239761353,1.105858325958252,0.01979837752878666,0.8599949479103088,0.2458634078502655,0.12363829463720322,1.0794177285333717e-07,0.12222501635551453,0.1460411250591278,1.2735383346273343e-18,0.1460411250591278,1.3257780075073242,1.7287572622299194,0.6450462937355042,0.45413661003112793,10.827320098876953,0.23218141496181488,-0.20520587265491486,0.21788792312145233,0.9698562622070312,0.9844968318939209,0.9587700366973877
151,val,0,1.0,1.0,11,guijiao_10_180,18,0.5,12500.0,400.0,1.115393042564392,1.2359747886657715,1.2143175601959229,0.021657202392816544,0.9556609392166138,0.25865665078163147,0.13005171716213226,1.1368594954319633e-07,0.12860481441020966,0.15625827014446259,6.687006137048985e-19,0.15625827014446259,1.3296151161193848,1.701104760169983,0.6450792551040649,0.45105257630348206,10.210517883300781,0.22458329796791077,-0.21154268085956573,0.21033062040805817,0.9692845344543457,0.9851223230361938,0.9585006237030029
152,train,1,0.15000000596046448,0.30000001192092896,12,synthetic_0000,0,0.31939631700515747,7984.90771484375,4.827890396118164,1.9296501874923706,1.750304102897644,1.708483099937439,0.04182101786136627,0.5677114725112915,1.1407716274261475,0.5827189087867737,4.750105802031612e-07,0.5580521821975708,0.7764458656311035,3.489370537278666e-21,0.7764458656311035,1.935664176940918,1.8539608716964722,0.6534423828125,0.8110246062278748,82.20491790771484,1.1004760265350342,-0.3403787314891815,0.9881024360656738,1.0393826961517334,0.9724643230438232,0.9953852295875549
153,train,1,0.15000000596046448,0.30000001192092896,13,synthetic_0001,1,0.05000000074505806,1250.0,0.11831440031528473,0.04815389961004257,0.05879871919751167,0.05771540105342865,0.0010833163978531957,0.008488609455525875,0.0492267906665802,0.024890512228012085,2.0938866640562992e-08,0.024336256086826324,0.7764458656311035,3.489370537278666e-21,0.7764458656311035,1.1810238361358643,2.1289992332458496,0.6757818460464478,0.8110246062278748,82.20491790771484,1.4056884050369263,0.23378001153469086,1.5042749643325806,1.0362625122070312,0.967484176158905,1.0131871700286865
154,train,1,0.15000000596046448,0.30000001192092896,14,synthetic_0002,2,0.20000000298023224,5000.0,1.8930304050445557,0.7651902437210083,0.7105676531791687,0.6939542889595032,0.01661338098347187,0.173474982380867,0.5204793214797974,0.2648388147354126,2.1126784588432201e-07,0.25564029812812805,0.7764458656311035,3.489370537278666e-21,0.7764458656311035,1.508477807044983,1.8390166759490967,0.6407101154327393,0.8110246062278748,82.20491790771484,1.2376844882965088,-0.22512315213680267,1.1540950536727905,1.0398558378219604,0.9710119366645813,1.0037388801574707
155,train,1,0.15000000596046448,0.30000001192092896,15,synthetic_0003,3,0.3499999940395355,8750.0,5.79740571975708,2.30863356590271,2.0914061069488525,2.041334629058838,0.05007142573595047,0.7148338556289673,1.3265008926391602,0.6781519055366516,5.561967668654688e-07,0.6483483910560608,0.7764458656311035,3.489370537278666e-21,0.7764458656311035,2.0296969413757324,1.8616214990615845,0.6571598649024963,0.8110246062278748,82.20491790771484,1.0689347982406616,-0.358828067779541,0.9538657069206238,1.0391807556152344,0.9727088212966919,0.9935107827186584
156,train,1,0.15000000596046448,0.30000001192092896,16,synthetic_0004,4,0.5,12500.0,11.831439971923828,4.60731840133667,4.158107757568359,4.058395862579346,0.09971167892217636,1.7069870233535767,2.3514087200164795,1.2059130668640137,1.0166069159822655e-06,1.1454945802688599,0.7764458656311035,3.489370537278666e-21,0.7764458656311035,2.374938488006592,1.895767092704773,0.6740854978561401,0.8110246062278748,82.20491790771484,0.9349650740623474,-0.4202989637851715,0.8170755505561829,1.0380244255065918,0.9736231565475464,0.9860173463821411
157,train,1,0.15000000596046448,0.30000001192092896,17,synthetic_0005,5,0.43977925181388855,10994.4814453125,266.1661682128906,1.8583924770355225,1.8419110774993896,1.8089170455932617,0.032993972301483154,0.9450188279151917,0.8638982772827148,0.07122643291950226,0.3267018795013428,0.465969979763031,0.7258675694465637,0.10194704681634903,0.10194704681634903,1.6995468139648438,1.8867613077163696,0.6639737486839294,0.5617115497589111,32.34230422973633,0.5341313481330872,-0.6217694878578186,0.4344993829727173,0.9600687026977539,1.034436583518982,0.979627788066864
158,train,1,0.15000000596046448,0.30000001192092896,18,synthetic_0006,6,0.05000000074505806,1250.0,3.440514326095581,0.031259097158908844,0.036053963005542755,0.03596813976764679,8.58223284012638e-05,0.008367001079022884,0.02760113775730133,0.002163861645385623,0.01086900569498539,0.0145682692527771,0.7258675694465637,0.10194704681634903,0.10194704681634903,1.1641043424606323,2.0301332473754883,0.7328927516937256,0.5617115497589111,32.34230422973633,1.00974440574646,-0.21340884268283844,0.9450978636741638,0.964106023311615,1.0305919647216797,1.012384057044983
159,train,1,0.15000000596046448,0.30000001192092896,19,synthetic_0007,7,0.20000000298023224,5000.0,55.0482292175293,0.41694679856300354,0.46658170223236084,0.460166335105896,0.006415369920432568,0.17272256314754486,0.28744375705718994,0.023289190605282784,0.10967697948217392,0.1544775664806366,0.7258675694465637,0.10194704681634903,0.10194704681634903,1.5019350051879883,1.9740396738052368,0.6844115257263184,0.5617115497589111,32.34230422973633,0.7701970338821411,-0.49593499302864075,0.6556066870689392,0.9614613056182861,1.0318526029586792,0.9946834444999695
160,train,1,0.15000000596046448,0.30000001192092896,20,synthetic_0008,8,0.3499999940395355,8750.0,168.585205078125,1.0369603633880615,1.252483606338501,1.2312666177749634,0.021217020228505135,0.5843920111656189,0.6468746066093445,0.05308054760098457,0.24503612518310547,0.34875792264938354,0.7258675694465637,0.10194704681634903,0.10194704681634903,1.6593208312988281,1.9208265542984009,0.6690680384635925,0.5617115497589111,32.34230422973633,0.6095346212387085,-0.5881963968276978,0.5019767880439758,0.9604268074035645,1.033548355102539,0.9842263460159302
161,train,1,0.15000000596046448,0.30000001192092896,21,synthetic_0009,9,0.5,12500.0,344.05145263671875,2.2895171642303467,2.2795090675354004,2.2375972270965576,0.041911881417036057,1.2319813966751099,1.0056158304214478,0.08311697840690613,0.3800595700740814,0.5424392819404602,0.7258675694465637,0.10194704681634903,0.10194704681634903,1.71406090259552,1.8630809783935547,0.6614657640457153,0.5617115497589111,32.34230422973633,0.4914990961551666,-0.6387767791748047,0.39731159806251526,0.9598942995071411,1.0349515676498413,0.977072536945343
162,train,1,0.15000000596046448,0.30000001192092896,22,synthetic_0010,10,0.4864594340324402,12161.4853515625,31.33639144897461,1.882183313369751,1.8891924619674683,1.8590604066848755,0.030132031068205833,1.1374543905258179,0.7216060161590576,0.05868302285671234,0.2788488566875458,0.3840741217136383,0.5892670750617981,0.14530391991138458,0.14530391991138458,1.6718714237213135,1.9121570587158203,0.6916343569755554,0.5480977892875671,29.61956024169922,0.6772211790084839,-0.49233824014663696,0.5771945714950562,0.9603734016418457,1.0291105508804321,0.9803581237792969
163,train,1,0.15000000596046448,0.30000001192092896,23,synthetic_0011,11,0.05000000074505806,1250.0,0.33105161786079407,0.022513894364237785,0.022720498964190483,0.022776059806346893,-5.556042742682621e-05,0.007453432772308588,0.015322626568377018,0.0012285925913602114,0.005861334968358278,0.008232698775827885,0.5892670750617981,0.14530391991138458,0.14530391991138458,1.036999225616455,2.021465539932251,0.7018296718597412,0.5480977892875671,29.61956024169922,1.0903193950653076,-0.054665885865688324,1.0724384784698486,0.9689377546310425,1.0272942781448364,1.012679934501648
164,train,1,0.15000000596046448,0.30000001192092896,24,synthetic_0012,12,0.20000000298023224,5000.0,5.296825885772705,0.3523383140563965,0.33903375267982483,0.3360752463340759,0.0029585070442408323,0.14940986037254333,0.1866653859615326,0.015144807286560535,0.07110786437988281,0.10041271895170212,0.5892670750617981,0.14530391991138458,0.14530391991138458,1.2992160320281982,2.01871395111084,0.6880652904510498,0.5480977892875671,29.61956024169922,0.9241524934768677,-0.33560454845428467,0.8311075568199158,0.9645803570747375,1.0266079902648926,0.9974827170372009
165,train,1,0.15000000596046448,0.30000001192092896,25,synthetic_0013,13,0.3499999940395355,8750.0,16.221529006958008,1.0305951833724976,1.0091503858566284,0.9954564571380615,0.013693923130631447,0.5391004085540771,0.4563560485839844,0.03705865144729614,0.1754286140203476,0.24386878311634064,0.5892670750617981,0.14530391991138458,0.14530391991138458,1.5307198762893677,1.9652773141860962,0.691068172454834,0.5480977892875671,29.61956024169922,0.7865113019943237,-0.4344543516635895,0.6840003132820129,0.9619226455688477,1.027713656425476,0.9872990846633911
166,train,1,0.15000000596046448,0.30000001192092896,26,synthetic_0014,14,0.5,12500.0,33.10516357421875,1.9765236377716064,1.9891430139541626,1.9570660591125488,0.03207700699567795,1.209445595741272,0.7476204633712769,0.06080974265933037,0.28900787234306335,0.39780282974243164,0.5892670750617981,0.14530391991138458,0.14530391991138458,1.6827069520950317,1.9070149660110474,0.691581666469574,0.5480977892875671,29.61956024169922,0.667283296585083,-0.49718278646469116,0.5677547454833984,0.9602513909339905,1.0292479991912842,0.979764461517334
167,train,1,0.15000000596046448,0.30000001192092896,27,synthetic_0015,15,0.1325320303440094,3313.30078125,19.03525733947754,0.2495458871126175,0.22280925512313843,0.22036942839622498,0.002439824864268303,0.0690380409359932,0.15133139491081238,0.012139552272856236,0.05818380415439606,0.08100804686546326,0.10876335948705673,0.02761797234416008,0.02761797234416008,1.3671272993087769,1.9946969747543335,0.6982548236846924,0.5917947292327881,38.358951568603516,0.8805046677589417,-0.42191457748413086,0.7690553069114685,0.962860107421875,1.0308388471603394,1.0021454095840454
168,train,1,0.15000000596046448,0.30000001192092896,28,synthetic_0016,16,0.05000000074505806,1250.0,2.7092998027801514,0.03803635016083717,0.03632490336894989,0.03623019903898239,9.470517397858202e-05,0.008308867923915386,0.02792133018374443,0.0021903577726334333,0.010985655710101128,0.014745315536856651,0.10876335948705673,0.02761797234416008,0.02761797234416008,1.156016230583191,2.0296642780303955,0.7323744297027588,0.5917947292327881,38.358951568603516,1.0211036205291748,-0.21134398877620697,0.9563624262809753,0.96463942527771,1.0303500890731812,1.0128521919250488
169,train,1,0.15000000596046448,0.30000001192092896,29,synthetic_0017,17,0.20000000298023224,5000.0,43.34879684448242,0.5227072834968567,0.476459801197052,0.46975746750831604,0.006702343001961708,0.17324522137641907,0.296512246131897,0.02401273511350155,0.11313778162002563,0.15936173498630524,0.10876335948705673,0.02761797234416008,0.02761797234416008,1.506480097770691,1.967665433883667,0.6854647397994995,0.5917947292327881,38.358951568603516,0.7965043187141418,-0.49708792567253113,0.6777245402336121,0.9620858430862427,1.0314229726791382,0.9958599805831909
170,train,1,0.15000000596046448,0.30000001192092896,30,synthetic_0018,18,0.3499999940395355,8750.0,132.7556915283203,1.3334603309631348,1.2938344478607178,1.2714180946350098,0.02241634391248226,0.5936088562011719,0.6778092980384827,0.055570337921381,0.2568433880805969,0.36539557576179504,0.10876335948705673,0.02761797234416008,0.02761797234416008,1.6854910850524902,1.910428762435913,0.6706584692001343,0.5917947292327881,38.358951568603516,0.6418523788452148,-0.5910055637359619,0.5280508995056152,0.9610301852226257,1.0330064296722412,0.9855968356132507
171,train,1,0.15000000596046448,0.30000001192092896,31,synthetic_0019,0,0.5,12500.0,270.92999267578125,2.9190194606781006,2.37205171585083,2.3274645805358887,0.04458708316087723,1.2628740072250366,1.064590573310852,0.08790053427219391,0.4026277959346771,0.5740622282028198,0.10876335948705673,0.02761797234416008,0.02761797234416008,1.7570420503616333,1.8532235622406006,0.6633549928665161,0.5917947292327881,38.358951568603516,0.5231254696846008,-0.6433117985725403,0.4221656322479248,0.960456132888794,1.0343936681747437,0.9783337116241455
172,train,1,0.15000000596046448,0.30000001192092896,32,synthetic_0020,1,0.18105311691761017,4526.32763671875,9.444295883178711,0.3161894381046295,0.2725223898887634,0.27049532532691956,0.002027059206739068,0.12173613160848618,0.14875918626785278,0.012029115110635757,0.056958455592393875,0.07977160811424255,0.10354305058717728,0.036656640470027924,0.036656640470027924,1.2917237281799316,2.035820722579956,0.6915334463119507,0.7027266025543213,60.545318603515625,0.8797669410705566,-0.3005950152873993,0.800430953502655,0.9625536799430847,1.0279651880264282,0.9955926537513733
173,train,1,0.15000000596046448,0.30000001192092896,33,synthetic_0021,2,0.05000000074505806,1250.0,0.7202737927436829,0.025055816397070885,0.02281160280108452,0.022875994443893433,-6.439172284444794e-05,0.007712849415838718,0.01516314409673214,0.0012109840754419565,0.005836183205246925,0.008115977048873901,0.10354305058717728,0.036656640470027924,0.036656640470027924,1.073091983795166,2.0479655265808105,0.7068324089050293,0.7027266025543213,60.545318603515625,1.0598863363265991,-0.0446246974170208,1.0456972122192383,0.9667995572090149,1.0281407833099365,1.010603666305542
174,train,1,0.15000000596046448,0.30000001192092896,34,synthetic_0022,3,0.20000000298023224,5000.0,11.524380683898926,0.3824593424797058,0.32994556427001953,0.32720357179641724,0.0027419819962233305,0.151969775557518,0.17523378133773804,0.014176729135215282,0.06715968251228333,0.09389736503362656,0.10354305058717728,0.036656640470027924,0.036656640470027924,1.3214761018753052,2.0308923721313477,0.6914559602737427,0.7027266025543213,60.545318603515625,0.8571835160255432,-0.31844308972358704,0.7752942442893982,0.9621200561523438,1.0281094312667847,0.9939135909080505
175,train,1,0.15000000596046448,0.30000001192092896,35,synthetic_0023,4,0.3499999940395355,8750.0,35.29341506958008,1.0719209909439087,0.9501168727874756,0.9379003047943115,0.012216558679938316,0.5286861062049866,0.40921419858932495,0.033214665949344635,0.15782929956912994,0.21817024052143097,0.10354305058717728,0.036656640470027924,0.036656640470027924,1.5011496543884277,1.9814432859420776,0.6906328201293945,0.7027266025543213,60.545318603515625,0.6965634822845459,-0.41673433780670166,0.6094788908958435,0.9596661925315857,1.029847264289856,0.9831683039665222
176,train,1,0.15000000596046448,0.30000001192092896,36,synthetic_0024,5,0.5,12500.0,72.02738189697266,1.9795595407485962,1.8199115991592407,1.7923113107681274,0.027600238099694252,1.1465147733688354,0.645796537399292,0.05261482670903206,0.24969899654388428,0.34348270297050476,0.10354305058717728,0.036656640470027924,0.036656640470027924,1.5951508283615112,1.927484154701233,0.6875748634338379,0.7027266025543213,60.545318603515625,0.5689293742179871,-0.4799647927284241,0.48700955510139465,0.9583110809326172,1.0316615104675293,0.97576504945755
177,train,1,0.15000000596046448,0.30000001192092896,37,synthetic_0025,6,0.21486282348632812,5371.57080078125,68.13875579833984,0.3218056857585907,0.3387811779975891,0.3364221453666687,0.0023590426426380873,0.17638392746448517,0.16003820300102234,0.01294804085046053,0.061832476407289505,0.08525767922401428,0.08663242310285568,0.02001045271754265,0.02001045271754265,1.3289194107055664,2.0566749572753906,0.6913827657699585,0.5230057835578918,24.601152420043945,0.6702921390533447,-0.3074371814727783,0.6084703207015991,0.9579507112503052,1.0319989919662476,0.9838177561759949
178,train,1,0.15000000596046448,0.30000001192092896,38,synthetic_0026,7,0.05000000074505806,1250.0,3.6898746490478516,0.021572964265942574,0.022691214457154274,0.022785434499382973,-9.422031143913046e-05,0.008259359747171402,0.01452607475221157,0.0011526317102834582,0.005652314983308315,0.007721127942204475,0.08663242310285568,0.02001045271754265,0.02001045271754265,1.1491281986236572,2.0831024646759033,0.7153353691101074,0.5230057835578918,24.601152420043945,0.9925456047058105,-0.03434872254729271,0.9823177456855774,0.9630627632141113,1.029728651046753,1.0062057971954346
179,train,1,0.15000000596046448,0.30000001192092896,39,synthetic_0027,8,0.20000000298023224,5000.0,59.037994384765625,0.2850891053676605,0.29803115129470825,0.29611778259277344,0.0019133754540234804,0.15172512829303741,0.14439263939857483,0.011670185253024101,0.05578801780939102,0.07693443447351456,0.08663242310285568,0.02001045271754265,0.02001045271754265,1.3193488121032715,2.0587337017059326,0.692467212677002,0.5230057835578918,24.601152420043945,0.6935323476791382,-0.2949585020542145,0.6321633458137512,0.958197295665741,1.0317178964614868,0.9852353930473328
180,train,1,0.15000000596046448,0.30000001192092896,40,synthetic_0028,9,0.3499999940395355,8750.0,180.80386352539062,0.6966084241867065,0.7914794683456421,0.7833383083343506,0.008141135796904564,0.48211148381233215,0.3012268543243408,0.024575097486376762,0.11615096777677536,0.16050077974796295,0.08663242310285568,0.02001045271754265,0.02001045271754265,1.3689056634902954,2.0243258476257324,0.68174147605896,0.5230057835578918,24.601152420043945,0.5018268823623657,-0.3918326199054718,0.4428372383117676,0.956536054611206,1.034311294555664,0.9743729829788208
181,train,1,0.15000000596046448,0.30000001192092896,41,synthetic_0029,10,0.5,12500.0,368.9874572753906,1.5454427003860474,1.4428459405899048,1.4250801801681519,0.017765803262591362,0.9795775413513184,0.4455026388168335,0.03661354258656502,0.17105376720428467,0.2378353327512741,0.08663242310285568,0.02001045271754265,0.02001045271754265,1.3628904819488525,1.9661102294921875,0.6722587943077087,0.5230057835578918,24.601152420043945,0.3849198520183563,-0.4488215446472168,0.33309173583984375,0.9558653235435486,1.0360796451568604,0.9684414267539978
182,train,1,0.15000000596046448,0.30000001192092896,42,synthetic_0030,11,0.281405508518219,7035.13720703125,7.56178617477417,1.2167948484420776,1.068151831626892,1.0482741594314575,0.01987762562930584,0.37717512249946594,0.671099066734314,0.054717227816581726,0.25450456142425537,0.3618772625923157,0.37497296929359436,0.19686828553676605,0.19686828553676605,1.6566851139068604,1.878977656364441,0.6848273873329163,0.7759909629821777,75.19819641113281,0.9753054976463318,-0.5649399161338806,0.8100087642669678,0.9702513813972473,1.0278191566467285,1.0008373260498047
183,train,1,0.15000000596046448,0.30000001192092896,43,synthetic_0031,12,0.05000000074505806,1250.0,0.23872573673725128,0.03967947140336037,0.03808191046118736,0.03792232275009155,0.0001595861540408805,0.007598027586936951,0.030324293300509453,0.0024059510324150324,0.01177564449608326,0.016142698004841805,0.37497296929359436,0.19686828553676605,0.19686828553676605,1.0571167469024658,1.9984259605407715,0.7216211557388306,0.7759909629821777,75.19819641113281,1.1253087520599365,-0.19534969329833984,1.059360146522522,0.9715200066566467,1.027738094329834,1.0166772603988647
184,train,1,0.15000000596046448,0.30000001192092896,44,synthetic_0032,13,0.20000000298023224,5000.0,3.8196117877960205,0.6247738599777222,0.5499443411827087,0.5410822033882141,0.00886210985481739,0.16696758568286896,0.37411463260650635,0.030363811179995537,0.1421179622411728,0.20163285732269287,0.37497296929359436,0.19686828553676605,0.19686828553676605,1.4518918991088867,1.9325697422027588,0.689384937286377,0.7759909629821777,75.19819641113281,1.0173709392547607,-0.49936673045158386,0.8649585843086243,0.9705153703689575,1.0277214050292969,1.0051931142807007
185,train,1,0.15000000596046448,0.30000001192092896,45,synthetic_0033,14,0.3499999940395355,8750.0,11.697561264038086,1.849524974822998,1.6291959285736084,1.596632480621338,0.03256349265575409,0.6357126235961914,0.9609199166297913,0.07856746017932892,0.3642942011356354,0.5180582404136658,0.37497296929359436,0.19686828553676605,0.19686828553676605,1.8050402402877808,1.8363239765167236,0.6824094653129578,0.7759909629821777,75.19819641113281,0.9402143955230713,-0.6052303910255432,0.7695004940032959,0.9700300693511963,1.0279967784881592,0.9976151585578918
186,train,1,0.15000000596046448,0.30000001192092896,46,synthetic_0034,15,0.5,12500.0,23.872573852539062,3.5975351333618164,3.2176551818847656,3.1474177837371826,0.07023738324642181,1.4757920503616333,1.6716257333755493,0.13727198541164398,0.6345120668411255,0.8998416662216187,0.37497296929359436,0.19686828553676605,0.19686828553676605,2.0532758235931396,1.755927562713623,0.679581344127655,0.7759909629821777,75.19819641113281,0.8619927763938904,-0.6678606867790222,0.6892854571342468,0.9695558547973633,1.028564214706421,0.9912861585617065
187,train,1,0.15000000596046448,0.30000001192092896,47,synthetic_0035,16,0.1267358511686325,3168.396484375,35.174095153808594,0.12597081065177917,0.17113004624843597,0.16834469139575958,0.002785359974950552,0.05885444954037666,0.10949024558067322,0.05530781298875809,4.6187761171267994e-08,0.05418238788843155,0.027840513736009598,3.740899266048718e-23,0.027840513736009598,1.2745076417922974,2.852850914001465,0.6442794799804688,0.576564610004425,35.31292724609375,0.7633938193321228,0.18430639803409576,0.8056033253669739,0.9988400340080261,0.9710092544555664,0.9785152077674866
188,train,1,0.15000000596046448,0.30000001192092896,48,synthetic_0036,17,0.05000000074505806,1250.0,5.474745273590088,0.021613724529743195,0.04934481158852577,0.04886646941304207,0.00047834261204116046,0.011272575706243515,0.03759389370679855,0.01895362325012684,1.7075821645562428e-08,0.018640251830220222,0.027840513736009598,3.740899266048718e-23,0.027840513736009598,1.5683581829071045,3.506258010864258,0.7092726230621338,0.576564610004425,35.31292724609375,1.218807339668274,0.5487635135650635,1.4194585084915161,1.015533685684204,0.9674572348594666,0.9987431764602661
189,train,1,0.15000000596046448,0.30000001192092896,49,synthetic_0037,18,0.20000000298023224,5000.0,87.5959243774414,0.28267902135849,0.270992636680603,0.2662825286388397,0.004710099659860134,0.14095285534858704,0.12532967329025269,0.06314431130886078,5.351063592229366e-08,0.06218530982732773,0.027840513736009598,3.740899266048718e-23,0.027840513736009598,1.2256768941879272,2.3379406929016113,0.63924241065979,0.576564610004425,35.31292724609375,0.4596027135848999,-0.009699993766844273,0.4582652747631073,0.982273519039154,0.9766389727592468,0.9673553109169006
190,train,1,0.15000000596046448,0.30000001192092896,50,synthetic_0038,0,0.3499999940395355,8750.0,268.26251220703125,0.6307315230369568,0.6111755967140198,0.6007521152496338,0.010423495434224606,0.43697115778923035,0.16378092765808105,0.08230803906917572,7.151906800118013e-08,0.08147282153367996,0.027840513736009598,3.740899266048718e-23,0.027840513736009598,1.2407344579696655,1.8475747108459473,0.6423617601394653,0.576564610004425,35.31292724609375,0.2619403600692749,-0.15259699523448944,0.24994896352291107,0.9699774980545044,0.9840627312660217,0.9601345658302307
191,train,1,0.15000000596046448,0.30000001192092896,51,synthetic_0039,1,0.5,12500.0,547.4745483398438,1.3823848962783813,1.1544914245605469,1.135291576385498,0.019199879840016365,0.9064387679100037,0.228852778673172,0.11491398513317108,1.0059063981771033e-07,0.11393869668245316,0.027840513736009598,3.740899266048718e-23,0.027840513736009598,1.2611322402954102,1.6408004760742188,0.6418192386627197,0.576564610004425,35.31292724609375,0.2058374434709549,-0.20333509147167206,0.19328124821186066,0.9662648439407349,0.9883923530578613,0.9580639004707336
192,train,1,0.15000000596046448,0.30000001192092896,52,synthetic_0040,2,0.41377881169319153,10344.4697265625,8.165862083435059,3.0621743202209473,2.8918349742889404,2.8224711418151855,0.06936372071504593,1.0824240446090698,1.7400472164154053,0.8909251689910889,7.39759229873016e-07,0.8491212725639343,1.1756547689437866,1.5397923683770387e-22,1.1756547689437866,2.198989152908325,1.877787470817566,0.6646885871887207,0.7341731190681458,66.83463287353516,1.0070933103561401,-0.38985148072242737,0.8893082737922668,1.0386871099472046,0.9731436371803284,0.9899498224258423
193,train,1,0.15000000596046448,0.30000001192092896,53,synthetic_0041,3,0.05000000074505806,1250.0,0.11923549324274063,0.046107422560453415,0.058834340423345566,0.057750701904296875,0.0010836399160325527,0.008490407839417458,0.04926029592752457,0.024907361716032028,2.0955024382374177e-08,0.024352915585041046,1.1756547689437866,1.5397923683770387e-22,1.1756547689437866,1.1812740564346313,2.1304118633270264,0.6758340001106262,0.7341731190681458,66.83463287353516,1.4056260585784912,0.23404186964035034,1.5043187141418457,1.0362462997436523,0.9674860239028931,1.0131791830062866
194,train,1,0.15000000596046448,0.30000001192092896,54,synthetic_0042,4,0.20000000298023224,5000.0,1.90776789188385,0.7326316237449646,0.7105655670166016,0.6939533352851868,0.016612207517027855,0.1734737902879715,0.5204795598983765,0.26483988761901855,2.11260811511238e-07,0.2556394636631012,1.1756547689437866,1.5397923683770387e-22,1.1756547689437866,1.5084675550460815,1.8396462202072144,0.6406753063201904,0.7341731190681458,66.83463287353516,1.2373204231262207,-0.2252132147550583,1.1537221670150757,1.0398401021957397,0.9710138440132141,1.0037164688110352
195,train,1,0.15000000596046448,0.30000001192092896,55,synthetic_0043,5,0.3499999940395355,8750.0,5.842538833618164,2.2101497650146484,2.090669631958008,2.0406200885772705,0.05004962906241417,0.714906632900238,1.3257133960723877,0.6777560710906982,5.55863437057269e-07,0.6479567289352417,1.1756547689437866,1.5397923683770387e-22,1.1756547689437866,2.0299036502838135,1.8620069026947021,0.6571322083473206,0.7341731190681458,66.83463287353516,1.068194031715393,-0.35905373096466064,0.9531323313713074,1.0391582250595093,0.9727134108543396,0.9934687614440918
196,train,1,0.15000000596046448,0.30000001192092896,56,synthetic_0044,6,0.5,12500.0,11.923548698425293,4.410062313079834,4.155539035797119,4.055900573730469,0.09963832795619965,1.7071173191070557,2.348783254623413,1.2045814990997314,1.0154982419408043e-06,1.1442006826400757,1.1756547689437866,1.5397923683770387e-22,1.1756547689437866,2.375119686126709,1.8959935903549194,0.6740702390670776,0.7341731190681458,66.83463287353516,0.9339374899864197,-0.4205779433250427,0.8160994648933411,1.037994384765625,0.9736303687095642,0.9859638810157776
197,train,1,0.15000000596046448,0.30000001192092896,57,synthetic_0045,7,0.24806861579418182,6201.71533203125,108.45155334472656,0.38449859619140625,0.38029494881629944,0.3734355568885803,0.006859397049993277,0.2227133810520172,0.1507221758365631,0.07596822082996368,6.463545787482872e-08,0.07475389540195465,0.06267372518777847,1.5330850564422917e-21,0.06267372518777847,1.2588233947753906,2.1733169555664062,0.6400931477546692,0.5029579401016235,20.591585159301758,0.3954922556877136,-0.0779336541891098,0.38624560832977295,0.9804162383079529,0.9773889183998108,0.9647445678710938
198,train,1,0.15000000596046448,0.30000001192092896,58,synthetic_0046,8,0.05000000074505806,1250.0,4.405874252319336,0.019723309203982353,0.04899406060576439,0.048486605286598206,0.0005074557266198099,0.011060523800551891,0.03742608055472374,0.018883630633354187,1.686238348952429e-08,0.01854243315756321,0.06267372518777847,1.5330850564422917e-21,0.06267372518777847,1.5388553142547607,3.4405014514923096,0.7052484154701233,0.5029579401016235,20.591585159301758,1.2369012832641602,0.5406080484390259,1.4375051259994507,1.018176555633545,0.9668868780136108,0.9997796416282654
199,train,1,0.15000000596046448,0.30000001192092896,59,synthetic_0047,9,0.20000000298023224,5000.0,70.49398803710938,0.26399973034858704,0.28950873017311096,0.28429532051086426,0.005213406402617693,0.1439891904592514,0.14030614495277405,0.07081512361764908,5.945094372350468e-08,0.0694909617304802,0.06267372518777847,1.5330850564422917e-21,0.06267372518777847,1.252079725265503,2.3811256885528564,0.6377115249633789,0.5029579401016235,20.591585159301758,0.5036200284957886,-0.009855733253061771,0.502130925655365,0.9871326088905334,0.9746422171592712,0.9686742424964905
200,train,1,0.15000000596046448,0.30000001192092896,60,synthetic_0048,10,0.3499999940395355,8750.0,215.88784790039062,0.6295391321182251,0.6446149945259094,0.6331987380981445,0.011416252702474594,0.45141756534576416,0.18178117275238037,0.09146396815776825,7.917503097587542e-08,0.09031712263822556,0.06267372518777847,1.5330850564422917e-21,0.06267372518777847,1.2817535400390625,1.8972340822219849,0.6433606743812561,0.5029579401016235,20.591585159301758,0.28295043110847473,-0.15636740624904633,0.26967716217041016,0.9728763103485107,0.9817538261413574,0.9606775045394897
201,train,1,0.15000000596046448,0.30000001192092896,61,synthetic_0049,11,0.5,12500.0,440.5874328613281,1.3056482076644897,1.2094507217407227,1.1885919570922852,0.020858824253082275,0.9399383664131165,0.24865365028381348,0.12496624141931534,1.092970762783807e-07,0.12368730455636978,0.06267372518777847,1.5330850564422917e-21,0.06267372518777847,1.3077402114868164,1.6820014715194702,0.6440762281417847,0.5029579401016235,20.591585159301758,0.21830381453037262,-0.2089798003435135,0.2046174854040146,0.9682608246803284,0.9861254096031189,0.9583512544631958
202,train,1,0.15000000596046448,0.30000001192092896,62,synthetic_0050,12,0.4591941833496094,11479.8544921875,68.86920928955078,2.210259199142456,2.428061008453369,2.378941297531128,0.04911978170275688,1.1554758548736572,1.2234654426574707,0.1004498153924942,0.46394479274749756,0.6590707898139954,0.7913719415664673,0.18198835849761963,0.18198835849761963,1.9060323238372803,1.814841389656067,0.6736199855804443,0.5233942866325378,24.678852081298828,0.7216389179229736,-0.6460809111595154,0.581767737865448,0.9642837047576904,1.0312144756317139,0.9868013262748718
203,train,1,0.15000000596046448,0.30000001192092896,63,synthetic_0051,13,0.05000000074505806,1250.0,0.8165304064750671,0.03291606530547142,0.037399135529994965,0.037264369428157806,0.00013476720778271556,0.007977383211255074,0.029286984354257584,0.002307966584339738,0.011459353379905224,0.015519664622843266,0.7913719415664673,0.18198835849761963,0.18198835849761963,1.1098966598510742,2.021136522293091,0.728123664855957,0.5233942866325378,24.678852081298828,1.0740667581558228,-0.2025388777256012,1.0088046789169312,0.967661440372467,1.0291790962219238,1.0148884057998657
204,train,1,0.15000000596046448,0.30000001192092896,64,synthetic_0052,14,0.20000000298023224,5000.0,13.064486503601074,0.49945396184921265,0.5185357332229614,0.5105798840522766,0.007955864071846008,0.17249618470668793,0.3380836844444275,0.02736116386950016,0.12888839840888977,0.1818341165781021,0.7913719415664673,0.18198835849761963,0.18198835849761963,1.4999666213989258,1.9451900720596313,0.6892006993293762,0.5233942866325378,24.678852081298828,0.9155673384666443,-0.5001627802848816,0.7781875133514404,0.9657505750656128,1.0295337438583374,1.0010316371917725
205,train,1,0.15000000596046448,0.30000001192092896,65,synthetic_0053,15,0.3499999940395355,8750.0,40.00999069213867,1.3877065181732178,1.4817445278167725,1.4536890983581543,0.028055427595973015,0.6264937520027161,0.827195405960083,0.06760840117931366,0.31383082270622253,0.445756196975708,0.7913719415664673,0.18198835849761963,0.18198835849761963,1.7788642644882202,1.863730549812317,0.677878737449646,0.5233942866325378,24.678852081298828,0.8001591563224792,-0.600671112537384,0.6559693813323975,0.9647940397262573,1.0304327011108398,0.99214106798172
206,train,1,0.15000000596046448,0.30000001192092896,66,synthetic_0054,16,0.5,12500.0,81.65304565429688,2.5482606887817383,2.8268017768859863,2.76863431930542,0.05816735327243805,1.3955137729644775,1.3731205463409424,0.11289014667272568,0.5207710266113281,0.7394594550132751,0.7913719415664673,0.18198835849761963,0.18198835849761963,1.9415842294692993,1.7982964515686035,0.6725029945373535,0.5233942866325378,24.678852081298828,0.6939152479171753,-0.659521222114563,0.5566197037696838,0.9641237854957581,1.0315051078796387,0.984993040561676
207,train,1,0.15000000596046448,0.30000001192092896,67,synthetic_0055,17,0.28403061628341675,7100.76513671875,12.959049224853516,0.759762167930603,0.6665886044502258,0.6587690114974976,0.007819609716534615,0.3338548541069031,0.32491418719291687,0.02635979652404785,0.12460935860872269,0.17394503951072693,0.27270570397377014,0.07708706706762314,0.07708706706762314,1.4394267797470093,1.993857502937317,0.6904751062393188,0.640916109085083,48.183223724365234,0.8252739906311035,-0.39329248666763306,0.7279017567634583,0.9623023867607117,1.0275765657424927,0.9904295206069946
208,train,1,0.15000000596046448,0.30000001192092896,68,synthetic_0056,18,0.05000000074505806,1250.0,0.401589959859848,0.02486245706677437,0.022748930379748344,0.022806357592344284,-5.7427991123404354e-05,0.007516692392528057,0.015289665199816227,0.0012246753321960568,0.005858004093170166,0.008206985890865326,0.27270570397377014,0.07708706706762314,0.07708706706762314,1.0458005666732788,2.0286107063293457,0.7031151056289673,0.640916109085083,48.183223724365234,1.0827646255493164,-0.052016548812389374,1.0658681392669678,0.9683791399002075,1.0275187492370605,1.0121623277664185
209,train,1,0.15000000596046448,0.30000001192092896,69,synthetic_0057,0,0.20000000298023224,5000.0,6.425439357757568,0.3873017430305481,0.3370843231678009,0.33416855335235596,0.0029157749377191067,0.15015749633312225,0.1840110421180725,0.014916973188519478,0.07021015137434006,0.09888392686843872,0.27270570397377014,0.07708706706762314,0.07708706706762314,1.30571711063385,2.021866798400879,0.6890461444854736,0.640916109085083,48.183223724365234,0.9081019163131714,-0.3311813175678253,0.817878007888794,0.9639318585395813,1.0269736051559448,0.9966285824775696
210,train,1,0.15000000596046448,0.30000001192092896,70,synthetic_0058,1,0.3499999940395355,8750.0,19.677907943725586,1.1230677366256714,0.9957199096679688,0.9823511838912964,0.01336871087551117,0.537273108959198,0.4450780749320984,0.03613150492310524,0.17126818001270294,0.2376783937215805,0.27270570397377014,0.07708706706762314,0.07708706706762314,1.525531530380249,1.9688136577606201,0.6911963224411011,0.640916109085083,48.183223724365234,0.764702320098877,-0.42974579334259033,0.6661140322685242,0.961310088634491,1.02824068069458,0.9863003492355347
211,train,1,0.15000000596046448,0.30000001192092896,71,synthetic_0059,2,0.5,12500.0,40.15899658203125,2.1341400146484375,1.9489816427230835,1.9179550409317017,0.031026607379317284,1.195457100868225,0.7224979400634766,0.058778613805770874,0.27937889099121094,0.38434040546417236,0.27270570397377014,0.07708706706762314,0.07708706706762314,1.663244605064392,1.911597728729248,0.6908427476882935,0.640916109085083,48.183223724365234,0.6427837014198303,-0.49265286326408386,0.5477829575538635,0.9597120881080627,1.0298596620559692,0.9787678122520447
212,train,1,0.15000000596046448,0.30000001192092896,72,synthetic_0060,3,0.3988097608089447,9970.244140625,193.67137145996094,0.9059556722640991,0.8842182755470276,0.8677576780319214,0.01646059937775135,0.6269534230232239,0.2408042550086975,0.1213829293847084,1.0494118640735906e-07,0.11942122131586075,0.12860916554927826,2.2565403099915633e-20,0.12860916554927826,1.3710896968841553,1.8930290937423706,0.6462746858596802,0.47626402974128723,15.252806663513184,0.2915659546852112,-0.18635644018650055,0.2752653956413269,0.9763957858085632,0.9796217083930969,0.9606159329414368
213,train,1,0.15000000596046448,0.30000001192092896,73,synthetic_0061,4,0.05000000074505806,1250.0,3.0442047119140625,0.021014820784330368,0.04810299724340439,0.04755080118775368,0.0005521977436728776,0.01070061419159174,0.03685018792748451,0.018613310530781746,1.638484548038832e-08,0.018236860632896423,0.12860916554927826,2.2565403099915633e-20,0.12860916554927826,1.4887809753417969,3.318510055541992,0.6984779834747314,0.47626402974128723,15.252806663513184,1.2642077207565308,0.5250692367553711,1.4633468389511108,1.0221201181411743,0.9661158919334412,1.0014479160308838
214,train,1,0.15000000596046448,0.30000001192092896,74,synthetic_0062,5,0.20000000298023224,5000.0,48.707275390625,0.2922133207321167,0.3229385018348694,0.31680887937545776,0.006129633169621229,0.14874796569347382,0.16806091368198395,0.08509315550327301,7.027274051552013e-08,0.08296769112348557,0.12860916554927826,2.2565403099915633e-20,0.12860916554927826,1.2934603691101074,2.435161828994751,0.6349145174026489,0.47626402974128723,15.252806663513184,0.5866314172744751,-0.011329351924359798,0.5846375823020935,0.9961593151092529,0.9717779755592346,0.9712770581245422
215,train,1,0.15000000596046448,0.30000001192092896,75,synthetic_0063,6,0.3499999940395355,8750.0,149.16603088378906,0.7729064226150513,0.7106688022613525,0.6973164081573486,0.013352406211197376,0.4774748980998993,0.21984151005744934,0.11089692264795303,9.52320533542661e-08,0.10894448310136795,0.12860916554927826,2.2565403099915633e-20,0.12860916554927826,1.3557406663894653,1.981338620185852,0.6447301506996155,0.47626402974128723,15.252806663513184,0.3271046578884125,-0.16304633021354675,0.3111046850681305,0.9790997505187988,0.9780789017677307,0.961861789226532
216,train,1,0.15000000596046448,0.30000001192092896,76,synthetic_0064,7,0.5,12500.0,304.42047119140625,1.1684458255767822,1.3183114528656006,1.2941874265670776,0.02412407100200653,1.0026525259017944,0.2915348708629608,0.14680016040802002,1.2806911797724752e-07,0.14473457634449005,0.12860916554927826,2.2565403099915633e-20,0.12860916554927826,1.3949947357177734,1.757206678390503,0.6478796601295471,0.47626402974128723,15.252806663513184,0.24513179063796997,-0.21892234683036804,0.22903235256671906,0.9726926684379578,0.9823369383811951,0.9590060114860535
217,train,1,0.15000000596046448,0.30000001192092896,77,synthetic_0065,8,0.46484339237213135,11621.0849609375,12.9608793258667,2.1210227012634277,2.3186981678009033,2.264962673187256,0.053735554218292236,1.238731026649475,1.0262317657470703,0.526745080947876,4.3511681724339724e-07,0.4994862675666809,0.6185199022293091,1.6847047282709454e-22,0.6185199022293091,1.9940029382705688,2.162788152694702,0.6608371734619141,0.674895703792572,54.9791374206543,0.7934697270393372,-0.2727607190608978,0.7285415530204773,1.0314011573791504,0.9669405817985535,0.9780265092849731
218,train,1,0.15000000596046448,0.30000001192092896,78,synthetic_0066,9,0.05000000074505806,1250.0,0.14995506405830383,0.025749212130904198,0.037088897079229355,0.036423977464437485,0.0006649178103543818,0.0088200019672513,0.02760397456586361,0.01397817861288786,1.149385919774204e-08,0.013625784777104855,0.6185199022293091,1.6847047282709454e-22,0.6185199022293091,1.2271305322647095,2.348548412322998,0.6621674299240112,0.674895703792572,54.9791374206543,1.3742872476577759,0.3802155554294586,1.5310449600219727,1.0366491079330444,0.9654740691184998,1.0105149745941162
219,train,1,0.15000000596046448,0.30000001192092896,79,synthetic_0067,10,0.20000000298023224,5000.0,2.3992810249328613,0.40842026472091675,0.47503575682640076,0.4644201695919037,0.010615595616400242,0.16592326760292053,0.29849690198898315,0.15227603912353516,1.1938270461087086e-07,0.14622072875499725,0.6185199022293091,1.6847047282709454e-22,0.6185199022293091,1.4428108930587769,2.177309989929199,0.6311318874359131,0.674895703792572,54.9791374206543,1.140498399734497,-0.04882057383656502,1.123794436454773,1.037225365638733,0.9663269519805908,0.9959797263145447
220,train,1,0.15000000596046448,0.30000001192092896,80,synthetic_0068,11,0.3499999940395355,8750.0,7.347797870635986,1.227446436882019,1.3599259853363037,1.328608751296997,0.03131720796227455,0.6322844624519348,0.6963242888450623,0.3567914366722107,2.8828662834712304e-07,0.3395325541496277,0.6185199022293091,1.6847047282709454e-22,0.6185199022293091,1.7953064441680908,2.1808314323425293,0.6482158899307251,0.674895703792572,54.9791374206543,0.9188244938850403,-0.2095208764076233,0.8610706329345703,1.0340137481689453,0.9666693806648254,0.9839957356452942
221,train,1,0.15000000596046448,0.30000001192092896,81,synthetic_0069,12,0.5,12500.0,14.995506286621094,2.4363958835601807,2.6584231853485107,2.5967695713043213,0.06165354326367378,1.4681096076965332,1.128659963607788,0.5795131921768188,4.815534566660062e-07,0.5491463541984558,0.6185199022293091,1.6847047282709454e-22,0.6185199022293091,2.0425872802734375,2.1546390056610107,0.6641905307769775,0.674895703792572,54.9791374206543,0.7614727020263672,-0.28693193197250366,0.6959254145622253,1.030611276626587,0.967040479183197,0.976606547832489
222,train,1,0.15000000596046448,0.30000001192092896,82,synthetic_0070,13,0.19639864563941956,4909.96630859375,44.803951263427734,0.4347597360610962,0.45819002389907837,0.45184338092803955,0.006346637848764658,0.16624876856803894,0.2855946123600006,0.02312181517481804,0.10900510102510452,0.15346769988536835,0.15982189774513245,0.040087632834911346,0.040087632834911346,1.4991449117660522,1.9708307981491089,0.6857094764709473,0.5246534943580627,24.93070411682129,0.7932072877883911,-0.49359554052352905,0.675750195980072,0.9619359374046326,1.0315088033676147,0.9958255290985107
223,train,1,0.15000000596046448,0.30000001192092896,83,synthetic_0071,14,0.05000000074505806,1250.0,2.9038846492767334,0.03292165324091911,0.03624835982918739,0.03615622594952583,9.21346218092367e-05,0.008326060138642788,0.02783016487956047,0.00218278169631958,0.010952608659863472,0.014694773592054844,0.15982189774513245,0.040087632834911346,0.040087632834911346,1.1584081649780273,2.029836893081665,0.7325371503829956,0.5246534943580627,24.93070411682129,1.0178428888320923,-0.21193306148052216,0.9531285166740417,0.9644824862480164,1.0304194688796997,1.0127190351486206
224,train,1,0.15000000596046448,0.30000001192092896,84,synthetic_0072,15,0.20000000298023224,5000.0,46.462154388427734,0.4486616551876068,0.473643958568573,0.46702390909194946,0.006620035506784916,0.17311783134937286,0.2939060628414154,0.023804670199751854,0.11214358359575272,0.15795780718326569,0.15982189774513245,0.040087632834911346,0.040087632834911346,1.505372166633606,1.9694578647613525,0.6851668357849121,0.5246534943580627,24.93070411682129,0.7889488935470581,-0.49677562713623047,0.671369731426239,0.9619009494781494,1.0315455198287964,0.9955230951309204
225,train,1,0.15000000596046448,0.30000001192092896,85,synthetic_0073,16,0.3499999940395355,8750.0,142.29034423828125,1.1398017406463623,1.2819236516952515,1.259854793548584,0.022068899124860764,0.5910154581069946,0.6688393354415894,0.054848525673151016,0.2534193992614746,0.36057141423225403,0.15982189774513245,0.040087632834911346,0.040087632834911346,1.678127408027649,1.9134565591812134,0.6701990365982056,0.5246534943580627,24.93070411682129,0.6324517130851746,-0.5902272462844849,0.5204646587371826,0.9608502984046936,1.033163070678711,0.9851993322372437
226,train,1,0.15000000596046448,0.30000001192092896,86,synthetic_0074,17,0.5,12500.0,290.3884582519531,2.5109009742736816,2.3451154232025146,2.3013107776641846,0.04380473867058754,1.254010796546936,1.0472999811172485,0.08649856597185135,0.39601007103919983,0.5647913217544556,0.15982189774513245,0.040087632834911346,0.040087632834911346,1.7447106838226318,1.8561794757843018,0.6628059148788452,0.5246534943580627,24.93070411682129,0.513810396194458,-0.6420457363128662,0.41484346985816956,0.9602877497673035,1.0345568656921387,0.9779632687568665
227,train,1,0.15000000596046448,0.30000001192092896,87,synthetic_0075,18,0.21053899824619293,5263.47509765625,37.403072357177734,0.5328525304794312,0.6540390253067017,0.6405152678489685,0.013523761183023453,0.19545358419418335,0.44506168365478516,0.22627520561218262,1.8178779725985805e-07,0.2187863141298294,0.1489114612340927,2.007589661963485e-22,0.1489114612340927,1.533700942993164,2.249199628829956,0.6271365880966187,0.5716564059257507,34.331275939941406,0.8111578822135925,-0.2773312032222748,0.7436700463294983,1.0172842741012573,0.9773929119110107,0.9836156964302063
228,train,1,0.15000000596046448,0.30000001192092896,88,synthetic_0076,0,0.05000000074505806,1250.0,2.1095128059387207,0.03375861793756485,0.07649757713079453,0.07535593211650848,0.0011416436173021793,0.009751197881996632,0.06560473144054413,0.03305443376302719,2.9410994528689116e-08,0.03255026787519455,0.1489114612340927,2.007589661963485e-22,0.1489114612340927,1.356688141822815,2.8784379959106445,0.7043354511260986,0.5716564059257507,34.331275939941406,1.3504223823547363,0.35417643189430237,1.4939085245132446,1.0249141454696655,0.9710670113563538,1.0092815160751343
229,train,1,0.15000000596046448,0.30000001192092896,89,synthetic_0077,1,0.20000000298023224,5000.0,33.75220489501953,0.48560285568237305,0.6132950782775879,0.6006081700325012,0.012686897069215775,0.17331001162528992,0.4272981584072113,0.21718034148216248,1.7417244180251146e-07,0.2101176381111145,0.1489114612340927,2.007589661963485e-22,0.1489114612340927,1.5070433616638184,2.274878740310669,0.6269941329956055,0.5716564059257507,34.331275939941406,0.8466677665710449,-0.25767338275909424,0.7812187075614929,1.0183765888214111,0.9769337773323059,0.9852589964866638
230,train,1,0.15000000596046448,0.30000001192092896,90,synthetic_0078,2,0.3499999940395355,8750.0,103.36613464355469,1.3066956996917725,1.2814123630523682,1.2559845447540283,0.02542785368859768,0.6315637826919556,0.6244207620620728,0.3177306652069092,2.6569293254397053e-07,0.3066898286342621,0.1489114612340927,2.007589661963485e-22,0.1489114612340927,1.7932602167129517,2.012746572494507,0.640939474105835,0.5716564059257507,34.331275939941406,0.49001893401145935,-0.42359551787376404,0.4277479946613312,1.0042104721069336,0.982629656791687,0.9693151116371155
231,train,1,0.15000000596046448,0.30000001192092896,91,synthetic_0079,3,0.5,12500.0,210.9512939453125,2.200809955596924,2.2169299125671387,2.174933910369873,0.04199599847197533,1.3749008178710938,0.8000329732894897,0.4064888060092926,3.527460989971587e-07,0.3935437798500061,0.1489114612340927,2.007589661963485e-22,0.1489114612340927,1.9129053354263306,1.86209237575531,0.6561642289161682,0.5716564059257507,34.331275939941406,0.3415161371231079,-0.4780932366847992,0.29253315925598145,0.9949724078178406,0.9869003891944885,0.9632864594459534
232,train,1,0.15000000596046448,0.30000001192092896,92,synthetic_0080,4,0.41098862886428833,10274.7158203125,45.10024642944336,1.2415413856506348,1.2867341041564941,1.2686409950256348,0.018093140795826912,0.7546694874763489,0.5139715671539307,0.041773587465286255,0.19849492609500885,0.27370303869247437,0.3487221896648407,0.08751271665096283,0.08751271665096283,1.5540295839309692,1.9576164484024048,0.689918041229248,0.5242657661437988,24.853153228759766,0.6500835418701172,-0.44678008556365967,0.5629501938819885,0.9592046737670898,1.030394434928894,0.9802371859550476
233,train,1,0.15000000596046448,0.30000001192092896,93,synthetic_0081,5,0.05000000074505806,1250.0,0.6675122976303101,0.02170432358980179,0.022805729880928993,0.022869093343615532,-6.336335354717448e-05,0.007686996832489967,0.015182096511125565,0.0012129389215260744,0.005840107798576355,0.008129050023853779,0.3487221896648407,0.08751271665096283,0.08751271665096283,1.0694950819015503,2.0456416606903076,0.7063645124435425,0.5242657661437988,24.853153228759766,1.0628752708435059,-0.04551709070801735,1.0483615398406982,0.9669965505599976,1.0280637741088867,1.0108060836791992
234,train,1,0.15000000596046448,0.30000001192092896,94,synthetic_0082,6,0.20000000298023224,5000.0,10.680196762084961,0.3323976397514343,0.3309893310070038,0.3282207250595093,0.0027686087414622307,0.1517782360315323,0.17644250392913818,0.014277626760303974,0.06758642941713333,0.09457845240831375,0.3487221896648407,0.08751271665096283,0.08751271665096283,1.3198105096817017,2.029728412628174,0.6911945343017578,0.5242657661437988,24.853153228759766,0.8640307784080505,-0.32002097368240356,0.7810783982276917,0.9623435735702515,1.0279580354690552,0.994279146194458
235,train,1,0.15000000596046448,0.30000001192092896,95,synthetic_0083,7,0.3499999940395355,8750.0,32.70810317993164,0.9363415241241455,0.9564710855484009,0.9440906643867493,0.012380423955619335,0.5300698280334473,0.414020836353302,0.03360328823328018,0.1596466302871704,0.220770925283432,0.3487221896648407,0.08751271665096283,0.08751271665096283,1.5050784349441528,1.979625940322876,0.6907885074615479,0.5242657661437988,24.853153228759766,0.7055962681770325,-0.41830727458000183,0.6170494556427002,0.9598630666732788,1.029637098312378,0.9835838675498962
236,train,1,0.15000000596046448,0.30000001192092896,96,synthetic_0084,8,0.5,12500.0,66.75122833251953,1.7353687286376953,1.837253212928772,1.809189796447754,0.02806336060166359,1.153401494026184,0.6557883024215698,0.05341533198952675,0.2535858452320099,0.3487871587276459,0.3487221896648407,0.08751271665096283,0.08751271665096283,1.6047323942184448,1.9252849817276,0.6880841255187988,0.5242657661437988,24.853153228759766,0.5784642100334167,-0.4815336763858795,0.494899183511734,0.9584751129150391,1.0314315557479858,0.9761519432067871
237,train,1,0.15000000596046448,0.30000001192092896,97,synthetic_0085,9,0.13942205905914307,3485.551513671875,0.7891212105751038,0.31864839792251587,0.36229750514030457,0.35408422350883484,0.008213287219405174,0.07277866452932358,0.28130555152893066,0.1428118646144867,1.1367504271220241e-07,0.1384935826063156,0.11316884309053421,9.080680116372384e-22,0.11316884309053421,1.3022764921188354,1.8508055210113525,0.6401729583740234,0.9726255536079407,114.52510833740234,1.3171570301055908,-0.11317820101976395,1.272434949874878,1.0398811101913452,0.969724714756012,1.0084376335144043
238,train,1,0.15000000596046448,0.30000001192092896,98,synthetic_0086,10,0.05000000074505806,1250.0,0.10148940980434418,0.04109090939164162,0.05811002105474472,0.05703309178352356,0.0010769274085760117,0.008454544469714165,0.048578549176454544,0.024564534425735474,2.0626885088859126e-08,0.02401399426162243,0.11316884309053421,9.080680116372384e-22,0.11316884309053421,1.1762843132019043,2.1017091274261475,0.6747734546661377,0.9726255536079407,114.52510833740234,1.4068773984909058,0.22868621349334717,1.5033974647521973,1.0365753173828125,0.9674515128135681,1.0133435726165771
239,train,1,0.15000000596046448,0.30000001192092896,99,synthetic_0087,11,0.20000000298023224,5000.0,1.6238305568695068,0.6535921096801758,0.7106100916862488,0.6939754486083984,0.016634639352560043,0.17352114617824554,0.5204542875289917,0.26480793952941895,2.1140058947821672e-07,0.2556461691856384,0.11316884309053421,9.080680116372384e-22,0.11316884309053421,1.50887930393219,1.8271076679229736,0.6413915157318115,0.9726255536079407,114.52510833740234,1.2445443868637085,-0.22335651516914368,1.1611512899398804,1.0401519536972046,0.9709794521331787,1.0041649341583252
240,train,1,0.15000000596046448,0.30000001192092896,100,synthetic_0088,12,0.3499999940395355,8750.0,4.9729814529418945,1.9760632514953613,2.105255365371704,2.054777145385742,0.050478219985961914,0.7133786082267761,1.3413985967636108,0.6856319904327393,5.625052494906413e-07,0.6557660698890686,0.11316884309053421,9.080680116372384e-22,0.11316884309053421,2.0255649089813232,1.8543572425842285,0.6576840877532959,0.9726255536079407,114.52510833740234,1.0829182863235474,-0.3544234335422516,0.9677746891975403,1.0395995378494263,0.972625195980072,0.9943148493766785
241,train,1,0.15000000596046448,0.30000001192092896,101,synthetic_0089,13,0.5,12500.0,10.148941040039062,3.955430746078491,4.206525802612305,4.105439186096191,0.10108646750450134,1.7041103839874268,2.4013290405273438,1.2312097549438477,1.0376522823207779e-06,1.1701182126998901,0.11316884309053421,9.080680116372384e-22,0.11316884309053421,2.370936155319214,1.8914594650268555,0.6743552684783936,0.9726255536079407,114.52510833740234,0.9544483423233032,-0.41483238339424133,0.8356674313545227,1.0385807752609253,0.973492443561554,0.9870471954345703
242,train,1,0.15000000596046448,0.30000001192092896,102,synthetic_0090,14,0.378053218126297,9451.3310546875,12.003012657165527,2.356846332550049,2.3400630950927734,2.2845005989074707,0.055562570691108704,0.8716740012168884,1.4128265380859375,0.7233531475067139,5.961556439615379e-07,0.6894727945327759,0.8466885685920715,1.6823515751233328e-21,0.8466885685920715,2.121340274810791,1.8991016149520874,0.6583241820335388,0.6841011643409729,56.820228576660156,0.9709877371788025,-0.3918096423149109,0.8568549752235413,1.036734938621521,0.9734159708023071,0.9881764054298401
243,train,1,0.15000000596046448,0.30000001192092896,103,synthetic_0091,15,0.05000000074505806,1250.0,0.20995411276817322,0.043098606169223785,0.06165260449051857,0.06054548919200897,0.0011071162298321724,0.00864340364933014,0.05190208554267883,0.02623467706143856,2.2241581021376078e-08,0.02566738799214363,0.8466885685920715,1.6823515751233328e-21,0.8466885685920715,1.2025604248046875,2.242335081100464,0.680030345916748,0.6841011643409729,56.820228576660156,1.4004356861114502,0.2543551027774811,1.5072981119155884,1.0349390506744385,0.9676932096481323,1.0125598907470703
244,train,1,0.15000000596046448,0.30000001192092896,104,synthetic_0092,16,0.20000000298023224,5000.0,3.3592658042907715,0.6812463998794556,0.7101134657859802,0.6936244964599609,0.016488980501890182,0.17369294166564941,0.5199315547943115,0.2646329998970032,2.1054590604308032e-07,0.25529834628105164,0.8466885685920715,1.6823515751233328e-21,0.8466885685920715,1.5103731155395508,1.8935835361480713,0.638013482093811,0.6841011643409729,56.820228576660156,1.2053568363189697,-0.2319592386484146,1.121478796005249,1.0384538173675537,0.9712285399436951,1.0018233060836792
245,train,1,0.15000000596046448,0.30000001192092896,105,synthetic_0093,17,0.3499999940395355,8750.0,10.287751197814941,2.032680034637451,2.0244901180267334,1.9764468669891357,0.048043202608823776,0.719463586807251,1.2569832801818848,0.6430884599685669,5.268535687719123e-07,0.6138943433761597,0.8466885685920715,1.6823515751233328e-21,0.8466885685920715,2.0428426265716553,1.8949098587036133,0.654790461063385,0.6841011643409729,56.820228576660156,1.0037325620651245,-0.3761727809906006,0.8904594779014587,1.0370762348175049,0.973170280456543,0.9899963140487671
246,train,1,0.15000000596046448,0.30000001192092896,106,synthetic_0094,18,0.5,12500.0,20.995410919189453,3.9970004558563232,3.9305636882781982,3.8374576568603516,0.09310607612133026,1.710595965385437,2.126861572265625,1.091618537902832,9.213086968884454e-07,1.0352420806884766,0.8466885685920715,1.6823515751233328e-21,0.8466885685920715,2.3799595832824707,1.9141383171081543,0.6724948287010193,0.6841011643409729,56.820228576660156,0.8466469049453735,-0.44127514958381653,0.7345655560493469,1.0351558923721313,0.97434401512146,0.981695294380188
247,train,1,0.15000000596046448,0.30000001192092896,107,synthetic_0095,0,0.10214107483625412,2553.52685546875,20.32386016845703,0.14585594832897186,0.1327756643295288,0.13169589638710022,0.0010797724826261401,0.03915739431977272,0.0925384983420372,0.007377335336059332,0.035814836621284485,0.049346327781677246,0.06306549906730652,0.015869762748479843,0.015869762748479843,1.3054945468902588,2.010305881500244,0.7061667442321777,0.5850543975830078,37.01087951660156,0.8796203136444092,-0.3718113899230957,0.7815044522285461,0.961926281452179,1.031430721282959,1.0035501718521118
248,train,1,0.15000000596046448,0.30000001192092896,108,synthetic_0096,1,0.05000000074505806,1250.0,4.87018346786499,0.03725823760032654,0.03562236949801445,0.035549454391002655,7.291571091627702e-05,0.008445724844932556,0.0271037295460701,0.002123259473592043,0.010684904642403126,0.014295564033091068,0.06306549906730652,0.015869762748479843,0.015869762748479843,1.1750571727752686,2.030214786529541,0.733428418636322,0.5850543975830078,37.01087951660156,0.9925269484519958,-0.21657583117485046,0.9280397295951843,0.9633654952049255,1.0309629440307617,1.0116525888442993
249,train,1,0.15000000596046448,0.30000001192092896,109,synthetic_0097,2,0.20000000298023224,5000.0,77.92293548583984,0.4736132323741913,0.4513417184352875,0.4453583359718323,0.005983383394777775,0.17153793573379517,0.2738204002380371,0.022203870117664337,0.10447284579277039,0.14714369177818298,0.06306549906730652,0.015869762748479843,0.015869762748479843,1.4916341304779053,1.9841468334197998,0.6827632188796997,0.5850543975830078,37.01087951660156,0.730666995048523,-0.49383577704429626,0.6224181652069092,0.9606147408485413,1.032513976097107,0.9928971529006958
250,train,1,0.15000000596046448,0.30000001192092896,110,synthetic_0098,3,0.3499999940395355,8750.0,238.6389923095703,1.215343952178955,1.191118836402893,1.1716432571411133,0.019475556910037994,0.569661557674408,0.6019816398620605,0.04946395009756088,0.2279074788093567,0.32461017370224,0.06306549906730652,0.015869762748479843,0.015869762748479843,1.6174951791763306,1.9353657960891724,0.6667313575744629,0.5850543975830078,37.01087951660156,0.5632264614105225,-0.5834241509437561,0.46464648842811584,0.9596298933029175,1.0343432426452637,0.9822434186935425
251,train,1,0.15000000596046448,0.30000001192092896,111,synthetic_0099,4,0.5,12500.0,487.01837158203125,2.4154133796691895,2.1471340656280518,2.1089835166931152,0.03815046325325966,1.1856296062469482,0.9233537912368774,0.07643523067235947,0.3485996127128601,0.49831894040107727,0.06306549906730652,0.015869762748479843,0.015869762748479843,1.6495715379714966,1.8754041194915771,0.658747673034668,0.5850543975830078,37.01087951660156,0.44811272621154785,-0.6312831044197083,0.3632469177246094,0.9591652154922485,1.0357376337051392,0.9753248691558838
252,train,1,0.15000000596046448,0.30000001192092896,112,synthetic_0100,5,0.07860125601291656,1965.031494140625,1.1720293760299683,0.05651896446943283,0.05455749109387398,0.054523490369319916,3.40001133736223e-05,0.019482357427477837,0.03504113107919693,0.002820874797180295,0.013364766724407673,0.018855491653084755,0.001134017831645906,0.013660281896591187,0.013660281896591187,1.0968434810638428,2.037806749343872,0.6953040957450867,0.9257025718688965,105.14051055908203,1.0354149341583252,-0.14431039988994598,0.9905886054039001,0.966796875,1.0274958610534668,1.007932186126709
253,train,1,0.15000000596046448,0.30000001192092896,113,synthetic_0101,6,0.05000000074505806,1250.0,0.4742633104324341,0.022942520678043365,0.022770613431930542,0.0228298120200634,-5.919878458371386e-05,0.00757188955321908,0.015257922932505608,0.0012210732093080878,0.005853664129972458,0.008183185942471027,0.001134017831645906,0.013660281896591187,0.013660281896591187,1.0534801483154297,2.0344717502593994,0.7042009830474854,0.9257025718688965,105.14051055908203,1.0762611627578735,-0.049801018089056015,1.0601814985275269,0.9679132103919983,1.0277037620544434,1.011717438697815
254,train,1,0.15000000596046448,0.30000001192092896,114,synthetic_0102,7,0.20000000298023224,5000.0,7.588212966918945,0.35571327805519104,0.33524996042251587,0.332376629114151,0.0028733378276228905,0.15074796974658966,0.18162865936756134,0.014714191667735577,0.06939391046762466,0.09752056002616882,0.001134017831645906,0.013660281896591187,0.013660281896591187,1.310851812362671,2.024484872817993,0.6898220181465149,0.9257025718688965,105.14051055908203,0.8939822912216187,-0.3274325728416443,0.8061666488647461,0.9633934497833252,1.0272915363311768,0.9958765506744385
255,train,1,0.15000000596046448,0.30000001192092896,115,synthetic_0103,8,0.3499999940395355,8750.0,23.238903045654297,1.022734522819519,0.9834941029548645,0.9704278707504272,0.01306622289121151,0.5353034138679504,0.4351244568824768,0.035317592322826385,0.167568176984787,0.23223866522312164,0.001134017831645906,0.013660281896591187,0.013660281896591187,1.5199388265609741,1.9720994234085083,0.6911832094192505,0.9257025718688965,105.14051055908203,0.7456148862838745,-0.4258362054824829,0.650361955165863,0.9608106017112732,1.0286961793899536,0.985424280166626
256,train,1,0.15000000596046448,0.30000001192092896,116,synthetic_0104,9,0.5,12500.0,47.42633056640625,1.9275821447372437,1.9132999181747437,1.8832142353057861,0.030085688456892967,1.1824958324432373,0.700718343257904,0.05702337250113487,0.2709909975528717,0.3727039694786072,0.001134017831645906,0.013660281896591187,0.013660281896591187,1.6452114582061768,1.9158426523208618,0.6900671124458313,0.9257025718688965,105.14051055908203,0.6216638684272766,-0.4888860583305359,0.530487060546875,0.9592790603637695,1.0303806066513062,0.9779082536697388
257,train,1,0.15000000596046448,0.30000001192092896,117,synthetic_0105,10,0.33690086007118225,8422.521484375,76.22600555419922,0.7565515041351318,0.7915460467338562,0.7754342555999756,0.016111815348267555,0.4796622693538666,0.2957720160484314,0.15002143383026123,1.2633135781925375e-07,0.1457504779100418,0.13494674861431122,9.818136068218808e-22,0.13494674861431122,1.469919204711914,2.126750946044922,0.6449668407440186,0.5225882530212402,24.51764678955078,0.4389287233352661,-0.16610346734523773,0.41705644130706787,0.9934508800506592,0.9728102087974548,0.965168297290802
258,train,1,0.15000000596046448,0.30000001192092896,118,synthetic_0106,11,0.05000000074505806,1250.0,1.6789546012878418,0.02032482996582985,0.046103306114673615,0.04549466073513031,0.0006086452631279826,0.010155406780540943,0.03533925488591194,0.017871752381324768,1.541266314575296e-08,0.01746748760342598,0.13494674861431122,9.818136068218808e-22,0.13494674861431122,1.4129259586334229,3.1064093112945557,0.6882050633430481,0.5225882530212402,24.51764678955078,1.2998868227005005,0.49698173999786377,1.4936928749084473,1.0271073579788208,0.9653167128562927,1.0038738250732422
259,train,1,0.15000000596046448,0.30000001192092896,119,synthetic_0107,12,0.20000000298023224,5000.0,26.86327362060547,0.2977604269981384,0.3762781620025635,0.3686578869819641,0.007620284799486399,0.1548580676317215,0.2137998342514038,0.10874307155609131,8.76427748153219e-08,0.10505667328834534,0.13494674861431122,9.818136068218808e-22,0.13494674861431122,1.346591591835022,2.4646472930908203,0.6306589841842651,0.5225882530212402,24.51764678955078,0.7312950491905212,-0.01640598103404045,0.7276957631111145,1.0105218887329102,0.9685608148574829,0.9762649536132812
260,train,1,0.15000000596046448,0.30000001192092896,120,synthetic_0108,13,0.3499999940395355,8750.0,82.2687759399414,0.8087393045425415,0.8409063220024109,0.8238166570663452,0.01708965003490448,0.5208059549331665,0.3030107319355011,0.15365035831928253,1.2979099039966968e-07,0.14936023950576782,0.13494674861431122,9.818136068218808e-22,0.13494674861431122,1.4787747859954834,2.1022279262542725,0.6459993124008179,0.5225882530212402,24.51764678955078,0.4229559302330017,-0.17423805594444275,0.4008474349975586,0.9923099279403687,0.973167359828949,0.9646032452583313
261,train,1,0.15000000596046448,0.30000001192092896,121,synthetic_0109,14,0.5,12500.0,167.89544677734375,1.450225830078125,1.5381114482879639,1.5074994564056396,0.03061199001967907,1.1151762008666992,0.39232319593429565,0.19842830300331116,1.7179731059968617e-07,0.19389469921588898,0.13494674861431122,9.818136068218808e-22,0.13494674861431122,1.5515495538711548,1.8845226764678955,0.6535429954528809,0.5225882530212402,24.51764678955078,0.30730926990509033,-0.2353799194097519,0.2856089472770691,0.9831033945083618,0.9767851829528809,0.9606418609619141
262,train,1,0.15000000596046448,0.30000001192092896,122,synthetic_0110,15,0.37096014618873596,9274.00390625,49.5421142578125,0.9914396405220032,1.0350393056869507,1.0215970277786255,0.013442288152873516,0.5947793126106262,0.42681771516799927,0.03467264771461487,0.1647769659757614,0.22736810147762299,0.2703371047973633,0.06836585700511932,0.06836585700511932,1.5033615827560425,1.9798446893692017,0.6895585656166077,0.518890380859375,23.778076171875,0.6496601700782776,-0.4226818382740021,0.5672802925109863,0.958893358707428,1.0307437181472778,0.9807421565055847
263,train,1,0.15000000596046448,0.30000001192092896,123,synthetic_0111,16,0.05000000074505806,1250.0,0.9000362753868103,0.02152593433856964,0.02282422035932541,0.02289184182882309,-6.762120756320655e-05,0.00778887327760458,0.015102969482541084,0.001204930478706956,0.005822656210511923,0.008075382560491562,0.2703371047973633,0.06836585700511932,0.06836585700511932,1.0836691856384277,2.0544281005859375,0.7081719636917114,0.518890380859375,23.778076171875,1.0510982275009155,-0.04216702654957771,1.037801742553711,0.9662361145019531,1.028361439704895,1.0100116729736328
264,train,1,0.15000000596046448,0.30000001192092896,124,synthetic_0112,17,0.20000000298023224,5000.0,14.400580406188965,0.3249629735946655,0.32667624950408936,0.32401925325393677,0.002656991593539715,0.15244236588478088,0.17157688736915588,0.013873192481696606,0.06585729867219925,0.09184640645980835,0.2703371047973633,0.06836585700511932,0.06836585700511932,1.3255856037139893,2.034334182739258,0.6921228170394897,0.518890380859375,23.778076171875,0.8367322683334351,-0.314008891582489,0.7579098343849182,0.9614866375923157,1.0285600423812866,0.9928211569786072
265,train,1,0.15000000596046448,0.30000001192092896,125,synthetic_0113,18,0.3499999940395355,8750.0,44.10177993774414,0.896592915058136,0.9308280348777771,0.9191129207611084,0.011715110391378403,0.5241780877113342,0.39493486285209656,0.03206346184015274,0.15240517258644104,0.21046623587608337,0.2703371047973633,0.06836585700511932,0.06836585700511932,1.488349437713623,1.9870479106903076,0.6900340914726257,0.518890380859375,23.778076171875,0.6699022054672241,-0.41235795617103577,0.5870303511619568,0.959118127822876,1.0304641723632812,0.9819427728652954
266,train,1,0.15000000596046448,0.30000001192092896,126,synthetic_0114,0,0.5,12500.0,90.00363159179688,1.639575481414795,1.7684671878814697,1.7422419786453247,0.026225173845887184,1.1255934238433838,0.6166485548019409,0.05028247833251953,0.23833182454109192,0.32803428173065186,0.2703371047973633,0.06836585700511932,0.06836585700511932,1.5660429000854492,1.9340263605117798,0.685950756072998,0.518890380859375,23.778076171875,0.5412771701812744,-0.4754936397075653,0.46406498551368713,0.9578601717948914,1.0323253870010376,0.9746455550193787
267,train,1,0.15000000596046448,0.30000001192092896,127,synthetic_0115,1,0.27220800518989563,6805.20068359375,18.2852725982666,1.094096302986145,1.1697909832000732,1.1431065797805786,0.02668442763388157,0.3814105987548828,0.7616959810256958,0.3890145421028137,3.127799743651849e-07,0.3726811408996582,0.3595525920391083,1.3291665066830285e-22,0.3595525920391083,1.7904125452041626,2.0029995441436768,0.6385340690612793,0.6367055773735046,47.34111404418945,0.9449343681335449,-0.3448215425014496,0.8471842408180237,1.0312979221343994,0.9739450812339783,0.9879971146583557
268,train,1,0.15000000596046448,0.30000001192092896,128,synthetic_0116,2,0.05000000074505806,1250.0,0.6169352531433105,0.03938513994216919,0.06816841661930084,0.06702503561973572,0.0011433803010731936,0.009064371697604656,0.057960666716098785,0.029268378391861916,2.5289288885232963e-08,0.02869226038455963,0.3595525920391083,1.3291665066830285e-22,0.3595525920391083,1.2611298561096191,2.5066096782684326,0.6901189088821411,0.6367055773735046,47.34111404418945,1.3850963115692139,0.2989349961280823,1.5093125104904175,1.0315053462982178,0.968605101108551,1.0112011432647705
269,train,1,0.15000000596046448,0.30000001192092896,129,synthetic_0117,3,0.20000000298023224,5000.0,9.870964050292969,0.6084306836128235,0.6986722946166992,0.6829094886779785,0.015762828290462494,0.17541936039924622,0.5074900984764099,0.2584083378314972,2.049938245818339e-07,0.2490815669298172,0.3595525920391083,1.3291665066830285e-22,0.3595525920391083,1.5253854990005493,2.049583673477173,0.6323494911193848,0.6367055773735046,47.34111404418945,1.097610354423523,-0.24594518542289734,1.0166246891021729,1.0334726572036743,0.9723829030990601,0.9961711764335632
270,train,1,0.15000000596046448,0.30000001192092896,130,synthetic_0118,4,0.3499999940395355,8750.0,30.229827880859375,1.7423322200775146,1.78469979763031,1.7440751791000366,0.04062456637620926,0.7122743129730225,1.0318008661270142,0.5281409025192261,4.329928344759537e-07,0.5036595463752747,0.3595525920391083,1.3291665066830285e-22,0.3595525920391083,2.0224294662475586,1.9770379066467285,0.6484800577163696,0.6367055773735046,47.34111404418945,0.8054296970367432,-0.4086495339870453,0.7066881656646729,1.0286076068878174,0.9753158688545227,0.980927586555481
271,train,1,0.15000000596046448,0.30000001192092896,131,synthetic_0119,5,0.5,12500.0,61.69352722167969,3.2999982833862305,3.2436788082122803,3.1710567474365234,0.07262198626995087,1.6490358114242554,1.5220210552215576,0.7805474400520325,6.626791559938283e-07,0.7414729595184326,0.3595525920391083,1.3291665066830285e-22,0.3595525920391083,2.2943105697631836,1.9381330013275146,0.6665642261505127,0.6367055773735046,47.34111404418945,0.6119713187217712,-0.47534286975860596,0.5247024297714233,1.023390531539917,0.977607786655426,0.972159206867218
272,train,1,0.15000000596046448,0.30000001192092896,132,synthetic_0120,6,0.09855113923549652,2463.778564453125,4.2258734703063965,0.08139587938785553,0.08375047892332077,0.08358731865882874,0.0001631596387596801,0.03265925124287605,0.050928063690662384,0.004094106610864401,0.019526153802871704,0.027307802811264992,0.003133670426905155,0.015435488894581795,0.015435488894581795,1.1696207523345947,2.054800271987915,0.697157084941864,0.94815593957901,109.63118743896484,0.9612706899642944,-0.17840921878814697,0.9098207950592041,0.9637781381607056,1.0283620357513428,1.0026439428329468
273,train,1,0.15000000596046448,0.30000001192092896,133,synthetic_0121,7,0.05000000074505806,1250.0,1.0877602100372314,0.02124709263443947,0.022829070687294006,0.02289968729019165,-7.061741780489683e-05,0.007853688672184944,0.01504599954932928,0.0011993733933195472,0.005808631423860788,0.008037994615733624,0.003133670426905155,0.015435488894581795,0.015435488894581795,1.0926870107650757,2.0595133304595947,0.7092723846435547,0.94815593957901,109.63118743896484,1.0435714721679688,-0.04028364643454552,1.0309598445892334,0.9657721519470215,1.028544545173645,1.0095086097717285
274,train,1,0.15000000596046448,0.30000001192092896,134,synthetic_0122,8,0.20000000298023224,5000.0,17.404163360595703,0.3171736001968384,0.3236387073993683,0.3210620880126953,0.0025766303297132254,0.152732715010643,0.1683293581008911,0.013605568557977676,0.06468764692544937,0.09003614634275436,0.003133670426905155,0.015435488894581795,0.015435488894581795,1.3281103372573853,2.037334680557251,0.6925678253173828,0.94815593957901,109.63118743896484,0.8188667893409729,-0.31049174070358276,0.742591381072998,0.9609727263450623,1.0289528369903564,0.9918667078018188
275,train,1,0.15000000596046448,0.30000001192092896,135,synthetic_0123,9,0.3499999940395355,8750.0,53.30025100708008,0.8628730177879333,0.9136731624603271,0.9024070501327515,0.011266084387898445,0.5198225975036621,0.38258445262908936,0.031071143224835396,0.147686168551445,0.2038271427154541,0.003133670426905155,0.015435488894581795,0.015435488894581795,1.475982666015625,1.992095708847046,0.6893601417541504,0.94815593957901,109.63118743896484,0.6470544338226318,-0.40891233086586,0.5676778554916382,0.9586846232414246,1.030989408493042,0.9808950424194336
276,train,1,0.15000000596046448,0.30000001192092896,136,synthetic_0124,10,0.5,12500.0,108.7760238647461,1.5661462545394897,1.7241699695587158,1.699127197265625,0.02504274994134903,1.1070350408554077,0.5920921564102173,0.04832005500793457,0.2287263125181198,0.3150457739830017,0.003133670426905155,0.015435488894581795,0.015435488894581795,1.5402226448059082,1.93959379196167,0.6844238638877869,0.94815593957901,109.63118743896484,0.5181823372840881,-0.4718169569969177,0.44483622908592224,0.9575097560882568,1.0328775644302368,0.9737141728401184
277,train,1,0.15000000596046448,0.30000001192092896,137,synthetic_0125,11,0.2788568139076233,6971.42041015625,13.95384693145752,1.1812527179718018,1.0126795768737793,0.9943141937255859,0.018365351483225822,0.3720627725124359,0.6222513914108276,0.05066605657339096,0.2362973392009735,0.33528798818588257,0.5218186378479004,0.1431504189968109,0.1431504189968109,1.6642394065856934,1.888938307762146,0.6840002536773682,0.6298851370811462,45.977027893066406,0.9166236519813538,-0.5625151991844177,0.7619392275810242,0.9675049781799316,1.0289177894592285,0.9986104369163513
278,train,1,0.15000000596046448,0.30000001192092896,138,synthetic_0126,12,0.05000000074505806,1250.0,0.44861260056495667,0.04025876522064209,0.03777850791811943,0.03762930631637573,0.00014920278044883162,0.007794857490807772,0.0298344474285841,0.002358296187594533,0.011633033864200115,0.015843117609620094,0.5218186378479004,0.1431504189968109,0.1431504189968109,1.0845017433166504,2.012075662612915,0.7251613140106201,0.6298851370811462,45.977027893066406,1.0991528034210205,-0.19892609119415283,1.0335577726364136,0.9694288372993469,1.0285325050354004,1.0157814025878906
279,train,1,0.15000000596046448,0.30000001192092896,139,synthetic_0127,13,0.20000000298023224,5000.0,7.177801609039307,0.6252297163009644,0.5351635813713074,0.5267205238342285,0.008443037047982216,0.17029091715812683,0.3564295768737793,0.028872333467006683,0.13570187985897064,0.19185538589954376,0.5218186378479004,0.1431504189968109,0.1431504189968109,1.4807902574539185,1.9386894702911377,0.6897841691970825,0.6298851370811462,45.977027893066406,0.9672379493713379,-0.5002995729446411,0.8220653533935547,0.9679300785064697,1.0286717414855957,1.0031782388687134
280,train,1,0.15000000596046448,0.30000001192092896,140,synthetic_0128,14,0.3499999940395355,8750.0,21.982017517089844,1.8029507398605347,1.5595664978027344,1.5291342735290527,0.030432257801294327,0.6339728236198425,0.895161509513855,0.07313747704029083,0.3396140933036804,0.48240992426872253,0.5218186378479004,0.1431504189968109,0.1431504189968109,1.8001002073287964,1.847857117652893,0.6805648803710938,0.6298851370811462,45.977027893066406,0.8717940449714661,-0.6034876108169556,0.7139589786529541,0.9671614170074463,1.0292413234710693,0.9949865937232971
281,train,1,0.15000000596046448,0.30000001192092896,141,synthetic_0129,15,0.5,12500.0,44.86125946044922,3.407480478286743,3.0301058292388916,2.9656996726989746,0.06440611183643341,1.442403793334961,1.5232958793640137,0.12509825825691223,0.5781596302986145,0.8200379014015198,0.5218186378479004,0.1431504189968109,0.1431504189968109,2.0068225860595703,1.7747331857681274,0.6763848662376404,0.6298851370811462,45.977027893066406,0.7786453366279602,-0.664435863494873,0.6234374046325684,0.9665449857711792,1.0300699472427368,0.9882042407989502
282,train,1,0.15000000596046448,0.30000001192092896,142,synthetic_0130,16,0.38999801874160767,9749.9501953125,140.9248504638672,1.0197232961654663,1.0124441385269165,1.0005067586898804,0.011937348172068596,0.6223517656326294,0.37815502285957336,0.030842412263154984,0.14589671790599823,0.20141589641571045,0.28541886806488037,0.04986286163330078,0.04986286163330078,1.4232239723205566,2.000037670135498,0.6830533742904663,0.546271800994873,29.25436019897461,0.5174981355667114,-0.4163208603858948,0.45286452770233154,0.9569377899169922,1.0336376428604126,0.9747004508972168
283,train,1,0.15000000596046448,0.30000001192092896,143,synthetic_0131,17,0.05000000074505806,1250.0,2.316342830657959,0.02373938448727131,0.022783242166042328,0.022867802530527115,-8.456103387288749e-05,0.008109304122626781,0.014758498407900333,0.0011729078833013773,0.005726632196456194,0.007858958095312119,0.28541886806488037,0.04986286163330078,0.04986286163330078,1.1282508373260498,2.0760180950164795,0.7132583260536194,0.546271800994873,29.25436019897461,1.012671709060669,-0.035162851214408875,1.0019892454147339,0.9640427827835083,1.0292643308639526,1.0074869394302368
284,train,1,0.15000000596046448,0.30000001192092896,144,synthetic_0132,18,0.20000000298023224,5000.0,37.061485290527344,0.3320966064929962,0.3090246915817261,0.3068346679210663,0.002190031809732318,0.1527312994003296,0.1541033685207367,0.012449339963495731,0.05944743752479553,0.082206591963768,0.28541886806488037,0.04986286163330078,0.04986286163330078,1.328097939491272,2.0502912998199463,0.6931321620941162,0.546271800994873,29.25436019897461,0.7432148456573486,-0.29932308197021484,0.6764764785766602,0.9591459035873413,1.0306174755096436,0.9878409504890442
285,train,1,0.15000000596046448,0.30000001192092896,145,synthetic_0133,0,0.3499999940395355,8750.0,113.50079345703125,0.8555012941360474,0.8396845459938049,0.8303413391113281,0.00934319756925106,0.4981526732444763,0.3321886658668518,0.027042638510465622,0.12822428345680237,0.17692174017429352,0.28541886806488037,0.04986286163330078,0.04986286163330078,1.4144530296325684,2.0130984783172607,0.6852525472640991,0.546271800994873,29.25436019897461,0.5559617877006531,-0.397500216960907,0.4896632730960846,0.9572318196296692,1.0330699682235718,0.9767677187919617
286,train,1,0.15000000596046448,0.30000001192092896,146,synthetic_0134,1,0.5,12500.0,231.63427734375,1.4226422309875488,1.5472800731658936,1.5268816947937012,0.020398389548063278,1.0286545753479004,0.4982270896434784,0.0408264584839344,0.1918395310640335,0.2655611038208008,0.28541886806488037,0.04986286163330078,0.04986286163330078,1.4311715364456177,1.9590387344360352,0.6772558689117432,0.546271800994873,29.25436019897461,0.4318568706512451,-0.4576961398124695,0.3725591003894806,0.9563792943954468,1.0349416732788086,0.9702752232551575
287,train,1,0.15000000596046448,0.30000001192092896,147,synthetic_0135,2,0.12254957854747772,3063.739501953125,28.895038604736328,0.12157099694013596,0.12008338421583176,0.11982116103172302,0.00026222277665510774,0.053972166031599045,0.06584899127483368,0.0052876840345561504,0.025473149493336678,0.03508815914392471,0.03890944644808769,0.009590823203325272,0.009590823203325272,1.2499951124191284,2.06794810295105,0.69931960105896,0.5541852712631226,30.837053298950195,0.8087311387062073,-0.20711766183376312,0.7584803700447083,0.9594548344612122,1.0308798551559448,0.9930284023284912
288,train,1,0.15000000596046448,0.30000001192092896,148,synthetic_0136,3,0.05000000074505806,1250.0,4.809939861297607,0.02227030321955681,0.022612638771533966,0.022712498903274536,-9.986077202484012e-05,0.008340280503034592,0.01437221746891737,0.0011395354522392154,0.0056007723324000835,0.007631909567862749,0.03890944644808769,0.009590823203325272,0.009590823203325272,1.1603866815567017,2.0860493183135986,0.7163668274879456,0.5541852712631226,30.837053298950195,0.9805588722229004,-0.034805044531822205,0.9703204035758972,0.9625311493873596,1.0300101041793823,1.0054539442062378
289,train,1,0.15000000596046448,0.30000001192092896,149,synthetic_0137,4,0.20000000298023224,5000.0,76.95903778076172,0.2836022675037384,0.2911488711833954,0.28939947485923767,0.0017493825871497393,0.15080392360687256,0.1385955512523651,0.01120737288147211,0.05358007550239563,0.07380811125040054,0.03890944644808769,0.009590823203325272,0.009590823203325272,1.3113383054733276,2.063328266143799,0.6917437314987183,0.5541852712631226,30.837053298950195,0.6645132303237915,-0.29328498244285583,0.606045663356781,0.9577161073684692,1.0323646068572998,0.9837372303009033
290,train,1,0.15000000596046448,0.30000001192092896,150,synthetic_0138,5,0.3499999940395355,8750.0,235.6870574951172,0.6948325037956238,0.76389080286026,0.7564090490341187,0.00748174823820591,0.47238197922706604,0.2840270400047302,0.023204443976283073,0.1094193160533905,0.1514032930135727,0.03890944644808769,0.009590823203325272,0.009590823203325272,1.3412797451019287,2.02915620803833,0.6794791221618652,0.5541852712631226,30.837053298950195,0.4723907709121704,-0.3888098895549774,0.41728970408439636,0.9561998248100281,1.034993052482605,0.97309410572052
291,train,1,0.15000000596046448,0.30000001192092896,151,synthetic_0139,6,0.5,12500.0,480.9939880371094,1.4506583213806152,1.3863612413406372,1.3699709177017212,0.01639035902917385,0.9522257447242737,0.4177451729774475,0.03439231961965561,0.1601054072380066,0.22324742376804352,0.03890944644808769,0.009590823203325272,0.009590823203325272,1.3248357772827148,1.9676703214645386,0.6693155169487,0.5541852712631226,30.837053298950195,0.3607088625431061,-0.4435153901576996,0.3127148747444153,0.955624520778656,1.0366759300231934,0.9675074219703674
292,train,1,0.15000000596046448,0.30000001192092896,152,synthetic_0140,7,0.4421572685241699,11053.931640625,16.93781852722168,1.8114657402038574,2.007061004638672,1.9608988761901855,0.046162087470293045,1.0813615322113037,0.8795373439788818,0.451233446598053,3.7229918348202773e-07,0.4283035695552826,0.4927573502063751,1.8818018147670324e-22,0.4927573502063751,1.9238868951797485,2.172110080718994,0.6578657627105713,0.6447774767875671,48.95549392700195,0.7469356656074524,-0.2585606873035431,0.688997209072113,1.0281516313552856,0.9671012759208679,0.9759049415588379
293,train,1,0.15000000596046448,0.30000001192092896,153,synthetic_0141,8,0.05000000074505806,1250.0,0.21659275889396667,0.024639980867505074,0.0382394902408123,0.03757188096642494,0.0006676104967482388,0.008930269628763199,0.028641611337661743,0.01450301706790924,1.1971620139661354e-08,0.014138583093881607,0.4927573502063751,1.8818018147670324e-22,0.4927573502063751,1.2424721717834473,2.4395272731781006,0.6643835306167603,0.6447774767875671,48.95549392700195,1.367828607559204,0.3963713049888611,1.5304789543151855,1.0358431339263916,0.9652303457260132,1.0098142623901367
294,train,1,0.15000000596046448,0.30000001192092896,154,synthetic_0142,9,0.20000000298023224,5000.0,3.465484142303467,0.38932791352272034,0.4706800580024719,0.4602167308330536,0.010463329032063484,0.16452625393867493,0.29569047689437866,0.1508985310792923,1.1810674749312966e-07,0.144791841506958,0.4927573502063751,1.8818018147670324e-22,0.4927573502063751,1.430662989616394,2.229151725769043,0.6292622089385986,0.6447774767875671,48.95549392700195,1.103956699371338,-0.043875060975551605,1.0894259214401245,1.0356104373931885,0.9660858511924744,0.993700385093689
295,train,1,0.15000000596046448,0.30000001192092896,155,synthetic_0143,10,0.3499999940395355,8750.0,10.613045692443848,1.1607550382614136,1.3078761100769043,1.2779245376586914,0.029951605945825577,0.6231955289840698,0.6547290086746216,0.33551859855651855,2.715155744681397e-07,0.31921014189720154,0.4927573502063751,1.8818018147670324e-22,0.4927573502063751,1.76949942111969,2.2024946212768555,0.6473073363304138,0.6447774767875671,48.95549392700195,0.8571502566337585,-0.20632141828536987,0.8040956854820251,1.0310190916061401,0.9667086005210876,0.9809045791625977
296,train,1,0.15000000596046448,0.30000001192092896,156,synthetic_0144,11,0.5,12500.0,21.659276962280273,2.280264139175415,2.5149502754211426,2.457073211669922,0.05787702277302742,1.4378236532211304,1.019249677658081,0.5230982303619385,4.361487810911058e-07,0.49615105986595154,0.4927573502063751,1.8818018147670324e-22,0.4927573502063751,2.0004501342773438,2.1496634483337402,0.6634969115257263,0.6447774767875671,48.95549392700195,0.6907030940055847,-0.28229138255119324,0.6322092413902283,1.02640962600708,0.9673741459846497,0.9735344648361206
297,train,1,0.15000000596046448,0.30000001192092896,157,synthetic_0145,12,0.2927040159702301,7317.60009765625,103.56944274902344,0.7837321162223816,0.883350670337677,0.8665047883987427,0.016845853999257088,0.3990956246852875,0.4674091339111328,0.23719798028469086,1.9696570063842955e-07,0.23021094501018524,0.17796087265014648,3.71789897243883e-21,0.17796087265014648,1.6202489137649536,2.085212230682373,0.6329976320266724,0.5053662061691284,21.0732364654541,0.4996441900730133,-0.38066914677619934,0.44258442521095276,0.9999677538871765,0.9838406443595886,0.9705121517181396
298,train,1,0.15000000596046448,0.30000001192092896,158,synthetic_0146,13,0.05000000074505806,1250.0,3.0221381187438965,0.028856337070465088,0.0786728486418724,0.07754652202129364,0.0011263239430263638,0.009979858994483948,0.06756666302680969,0.03400881215929985,3.056597108752612e-08,0.033557817339897156,0.17796087265014648,3.71789897243883e-21,0.17796087265014648,1.3885020017623901,2.992739677429199,0.7086776494979858,0.5053662061691284,21.0732364654541,1.3344240188598633,0.3694917857646942,1.4823417663574219,1.0221459865570068,0.9722370505332947,1.0085910558700562
299,train,1,0.15000000596046448,0.30000001192092896,159,synthetic_0147,14,0.20000000298023224,5000.0,48.354209899902344,0.4015386700630188,0.5636831521987915,0.5525277853012085,0.011155344545841217,0.16961145401000977,0.38291630148887634,0.19427888095378876,1.5721801105428312e-07,0.18863725662231445,0.17796087265014648,3.71789897243883e-21,0.17796087265014648,1.4748821258544922,2.317126989364624,0.6263822317123413,0.5053662061691284,21.0732364654541,0.7492002248764038,-0.258120059967041,0.6911851763725281,1.0108811855316162,0.9794870018959045,0.9815264344215393
300,train,1,0.15000000596046448,0.30000001192092896,160,synthetic_0148,15,0.3499999940395355,8750.0,148.08477783203125,1.0641285181045532,1.126050591468811,1.1051437854766846,0.02090676687657833,0.5908749103546143,0.5142688751220703,0.2608349323272705,2.2036694247162814e-07,0.2534337639808655,0.17796087265014648,3.71789897243883e-21,0.17796087265014648,1.677728295326233,1.9876950979232788,0.6393603086471558,0.5053662061691284,21.0732364654541,0.410665899515152,-0.42026692628860474,0.358889102935791,0.9949434399604797,0.9860404133796692,0.9667119383811951
301,train,1,0.15000000596046448,0.30000001192092896,161,synthetic_0149,16,0.5,12500.0,302.2138366699219,1.6101211309432983,1.9537060260772705,1.9192538261413574,0.0344521664083004,1.262758731842041,0.6564950942993164,0.33241555094718933,2.905989902046713e-07,0.3240792751312256,0.17796087265014648,3.71789897243883e-21,0.17796087265014648,1.7568817138671875,1.8124239444732666,0.6529130935668945,0.5053662061691284,21.0732364654541,0.28855180740356445,-0.4695560038089752,0.247904434800148,0.9864519834518433,0.9905915260314941,0.9617139101028442
302,train,1,0.15000000596046448,0.30000001192092896,162,synthetic_0150,17,0.09952336549758911,2488.084228515625,0.5909401178359985,0.1514594703912735,0.14399424195289612,0.1425073742866516,0.0014868683647364378,0.03275584056973457,0.10975153744220734,0.008839880116283894,0.041886042803525925,0.05902561917901039,0.0033862008713185787,0.04735046997666359,0.04735046997666359,1.1502726078033447,1.9805617332458496,0.699989914894104,0.9143104553222656,102.86209106445312,1.1059259176254272,-0.34970858693122864,0.9899003505706787,0.9728659987449646,1.0271321535110474,1.0131862163543701
303,train,1,0.15000000596046448,0.30000001192092896,163,synthetic_0151,18,0.05000000074505806,1250.0,0.14915348589420319,0.03830479457974434,0.038251280784606934,0.0380866676568985,0.00016461452469229698,0.007452046498656273,0.030634623020887375,0.0024380867835134268,0.011856909841299057,0.016339626163244247,0.0033862008713185787,0.04735046997666359,0.04735046997666359,1.036806344985962,1.9854316711425781,0.7187857627868652,0.9143104553222656,102.86209106445312,1.1447755098342896,-0.19264978170394897,1.07861328125,0.9732516407966614,1.0270464420318604,1.0173258781433105
304,train,1,0.15000000596046448,0.30000001192092896,164,synthetic_0152,0,0.20000000298023224,5000.0,2.386455774307251,0.6067418456077576,0.5593510270118713,0.5502268671989441,0.009124166332185268,0.16399800777435303,0.38622885942459106,0.03141256421804428,0.14639535546302795,0.20842093229293823,0.0033862008713185787,0.04735046997666359,0.04735046997666359,1.4260694980621338,1.9271364212036133,0.6884690523147583,0.9143104553222656,102.86209106445312,1.052569031715393,-0.497813880443573,0.8953740000724792,0.9726645946502686,1.026939034461975,1.0065679550170898
305,train,1,0.15000000596046448,0.30000001192092896,165,synthetic_0153,1,0.3499999940395355,8750.0,7.308520317077637,1.818339228630066,1.6733033657073975,1.6393752098083496,0.03392810374498367,0.6333670020103455,1.0060081481933594,0.0823635533452034,0.3809541165828705,0.5426905155181885,0.0033862008713185787,0.04735046997666359,0.04735046997666359,1.7983800172805786,1.8298828601837158,0.6830558776855469,0.9143104553222656,102.86209106445312,0.9868018627166748,-0.6056037545204163,0.8075185418128967,0.9724334478378296,1.02703058719635,0.9993534088134766
306,train,1,0.15000000596046448,0.30000001192092896,166,synthetic_0154,2,0.5,12500.0,14.915348052978516,3.5943806171417236,3.3384857177734375,3.2644293308258057,0.07405634224414825,1.4902474880218506,1.774181842803955,0.14581136405467987,0.6730909943580627,0.9552794694900513,0.0033862008713185787,0.04735046997666359,0.04735046997666359,2.073387622833252,1.745668649673462,0.681233286857605,0.9143104553222656,102.86209106445312,0.9190531373023987,-0.6692625880241394,0.7345268130302429,0.9721171855926514,1.0274181365966797,0.9933441281318665
307,train,1,0.15000000596046448,0.30000001192092896,167,synthetic_0155,3,0.4373287558555603,10933.21875,83.36947631835938,1.2532860040664673,1.372812271118164,1.343916654586792,0.02889559417963028,0.8977025747299194,0.44621407985687256,0.22682249546051025,1.9278981255865801e-07,0.21939139068126678,0.21838317811489105,2.164475188593768e-21,0.21838317811489105,1.6325953006744385,2.0454282760620117,0.6534203290939331,0.5173342823982239,23.466854095458984,0.41602686047554016,-0.22576192021369934,0.38784995675086975,0.9966227412223816,0.972293496131897,0.9639716148376465
308,train,1,0.15000000596046448,0.30000001192092896,168,synthetic_0156,4,0.05000000074505806,1250.0,1.089760422706604,0.020253868773579597,0.044406238943338394,0.043769460171461105,0.000636777316685766,0.00980562437325716,0.03396383672952652,0.017185557633638382,1.4633601885805092e-08,0.016778266057372093,0.21838317811489105,2.164475188593768e-21,0.21838317811489105,1.3642606735229492,2.9497861862182617,0.6815325021743774,0.5173342823982239,23.466854095458984,1.3203215599060059,0.47531256079673767,1.5085911750793457,1.0298411846160889,0.9650116562843323,1.005434274673462
309,train,1,0.15000000596046448,0.30000001192092896,169,synthetic_0157,5,0.20000000298023224,5000.0,17.436166763305664,0.30516424775123596,0.4094608724117279,0.40088626742362976,0.008574591018259525,0.15798605978488922,0.24290020763874054,0.12381301075220108,9.844533366276664e-08,0.1190871000289917,0.21838317811489105,2.164475188593768e-21,0.21838317811489105,1.3737916946411133,2.4450278282165527,0.6283913850784302,0.5173342823982239,23.466854095458984,0.8335043787956238,-0.021523820236325264,0.8281223177909851,1.0191465616226196,0.9671560525894165,0.9802460074424744
310,train,1,0.15000000596046448,0.30000001192092896,170,synthetic_0158,6,0.3499999940395355,8750.0,53.398258209228516,0.8472239971160889,0.9491576552391052,0.929020881652832,0.020136751234531403,0.5504499673843384,0.37857091426849365,0.19272276759147644,1.6068803176949586e-07,0.18584798276424408,0.21838317811489105,2.164475188593768e-21,0.21838317811489105,1.5629457235336304,2.167224168777466,0.646308422088623,0.5173342823982239,23.466854095458984,0.5103804469108582,-0.1823645383119583,0.48245784640312195,1.0030958652496338,0.9705421924591064,0.9673134684562683
311,train,1,0.15000000596046448,0.30000001192092896,171,synthetic_0159,7,0.5,12500.0,108.97603607177734,1.5827299356460571,1.7311497926712036,1.694956660270691,0.03619314730167389,1.1996673345565796,0.49528932571411133,0.2515180706977844,2.1598796706712164e-07,0.243771031498909,0.21838317811489105,2.164475188593768e-21,0.21838317811489105,1.6691023111343384,1.9722174406051636,0.6569710969924927,0.5173342823982239,23.466854095458984,0.36991187930107117,-0.24718552827835083,0.3424808084964752,0.9929947853088379,0.9734694361686707,0.962409257888794
312,train,1,0.15000000596046448,0.30000001192092896,172,synthetic_0160,8,0.14994850754737854,3748.712890625,6.874508857727051,0.3294670581817627,0.300708144903183,0.2967597544193268,0.003948403522372246,0.08871769160032272,0.20804207026958466,0.016750629991292953,0.07960536330938339,0.11168608069419861,0.07582564651966095,0.058391980826854706,0.058391980826854706,1.3724231719970703,1.9745244979858398,0.6959363222122192,0.8283227682113647,85.66455841064453,0.9628655314445496,-0.44476062059402466,0.8343921303749084,0.9663863778114319,1.029282569885254,1.0049877166748047
313,train,1,0.15000000596046448,0.30000001192092896,173,synthetic_0161,9,0.05000000074505806,1250.0,0.7643589377403259,0.037637338042259216,0.03744567185640335,0.03730909153819084,0.00013657887757290155,0.007957643829286098,0.029351448640227318,0.0023137694224715233,0.011480423621833324,0.01555725559592247,0.07582564651966095,0.058391980826854706,0.058391980826854706,1.1071503162384033,2.020312547683716,0.7278202176094055,0.8283227682113647,85.66455841064453,1.0768563747406006,-0.20212168991565704,1.0115596055984497,0.9678468704223633,1.029111623764038,1.0149896144866943
314,train,1,0.15000000596046448,0.30000001192092896,174,synthetic_0162,10,0.20000000298023224,5000.0,12.229743003845215,0.5729346871376038,0.5205028057098389,0.512488603591919,0.008014215156435966,0.17230606079101562,0.3401825428009033,0.027532605454325676,0.12967412173748016,0.18297582864761353,0.07582564651966095,0.058391980826854706,0.058391980826854706,1.4983134269714355,1.9443727731704712,0.6893112063407898,0.8283227682113647,85.66455841064453,0.9214929342269897,-0.5002221465110779,0.7832075953483582,0.965978741645813,1.0294382572174072,1.0012811422348022
315,train,1,0.15000000596046448,0.30000001192092896,175,synthetic_0163,11,0.3499999940395355,8750.0,37.45358657836914,1.599250316619873,1.4908872842788696,1.4625529050827026,0.028334373608231544,0.6276105642318726,0.8349423408508301,0.06823577731847763,0.31677812337875366,0.4499284029006958,0.07582564651966095,0.058391980826854706,0.058391980826854706,1.78203547000885,1.8617076873779297,0.6782135963439941,0.8283227682113647,85.66455841064453,0.8083651661872864,-0.6010371446609497,0.6626079082489014,0.9650385975837708,1.0302990674972534,0.9924713373184204
316,train,1,0.15000000596046448,0.30000001192092896,176,synthetic_0164,12,0.5,12500.0,76.43589782714844,2.945375442504883,2.850282669067383,2.7913990020751953,0.05888376012444496,1.4013904333114624,1.3900086879730225,0.11425971984863281,0.5272335410118103,0.7485154867172241,0.07582564651966095,0.058391980826854706,0.058391980826854706,1.9497604370117188,1.7954580783843994,0.6729633808135986,0.8283227682113647,85.66455841064453,0.7034295797348022,-0.6601497530937195,0.5641189217567444,0.9643704295158386,1.0313459634780884,0.9853569269180298
317,train,1,0.15000000596046448,0.30000001192092896,177,synthetic_0165,13,0.1954413205385208,4886.033203125,24.335302352905273,0.5199732780456543,0.624242901802063,0.6109752655029297,0.013267644681036472,0.16558757424354553,0.44538772106170654,0.22654028236865997,1.806832869988284e-07,0.21884725987911224,0.1601741462945938,3.623069005902028e-23,0.1601741462945938,1.507846474647522,2.2382447719573975,0.6278488636016846,0.6085634231567383,41.71268844604492,0.9320181012153625,-0.24717514216899872,0.8629066348075867,1.023576021194458,0.9752114415168762,0.9888165593147278
318,train,1,0.15000000596046448,0.30000001192092896,178,synthetic_0166,14,0.05000000074505806,1250.0,1.5927367210388184,0.03689190372824669,0.07464306801557541,0.07349474728107452,0.001148320734500885,0.009578299708664417,0.06391644477844238,0.03222504258155823,2.8461046852612526e-08,0.03169136866927147,0.1601741462945938,3.623069005902028e-23,0.1601741462945938,1.3326328992843628,2.7893099784851074,0.7009392380714417,0.6085634231567383,41.71268844604492,1.360749363899231,0.34169602394104004,1.500238060951233,1.0267748832702637,0.9703167080879211,1.0097705125808716
319,train,1,0.15000000596046448,0.30000001192092896,179,synthetic_0167,15,0.20000000298023224,5000.0,25.483787536621094,0.5425729751586914,0.6442174315452576,0.6305169463157654,0.013700501061975956,0.17496800422668457,0.4555489420890808,0.2317497283220291,1.8493675213449023e-07,0.22379902005195618,0.1601741462945938,3.623069005902028e-23,0.1601741462945938,1.5214606523513794,2.228843927383423,0.6278506517410278,0.6085634231567383,41.71268844604492,0.9173266291618347,-0.25620022416114807,0.8468208312988281,1.0232146978378296,0.9753841757774353,0.9881108999252319
320,train,1,0.15000000596046448,0.30000001192092896,180,synthetic_0168,16,0.3499999940395355,8750.0,78.04409790039062,1.477235198020935,1.4077621698379517,1.3785861730575562,0.029176054522395134,0.6588974595069885,0.7196887135505676,0.36701950430870056,3.0476513757093926e-07,0.3526689112186432,0.1601741462945938,3.623069005902028e-23,0.1601741462945938,1.8708713054656982,2.019380569458008,0.6424176692962646,0.6085634231567383,41.71268844604492,0.5602794885635376,-0.42374131083488464,0.48905542492866516,1.0112431049346924,0.980337381362915,0.971703052520752
321,train,1,0.15000000596046448,0.30000001192092896,181,synthetic_0169,17,0.5,12500.0,159.27366638183594,2.6857690811157227,2.4436113834381104,2.3949570655822754,0.04865426942706108,1.456803798675537,0.9381533861160278,0.47798237204551697,4.122763357372605e-07,0.4601706266403198,0.1601741462945938,3.623069005902028e-23,0.1601741462945938,2.026857376098633,1.8933134078979492,0.6587070822715759,0.6085634231567383,41.71268844604492,0.39266064763069153,-0.4820655882358551,0.33587417006492615,1.0021934509277344,0.9842308759689331,0.9648472666740417
322,train,1,0.15000000596046448,0.30000001192092896,182,synthetic_0170,18,0.48730194568634033,12182.548828125,32.12616729736328,1.8785157203674316,1.891282320022583,1.8611361980438232,0.030146120116114616,1.1405378580093384,0.7205983400344849,0.05860242620110512,0.2784792184829712,0.38351672887802124,0.5840396285057068,0.14407537877559662,0.14407537877559662,1.6706116199493408,1.9123172760009766,0.6915656328201294,0.5462936162948608,29.258718490600586,0.6738983392715454,-0.49213191866874695,0.5744042992591858,0.9603031277656555,1.029186725616455,0.9802099466323853
323,train,1,0.15000000596046448,0.30000001192092896,183,synthetic_0171,0,0.05000000074505806,1250.0,0.3382226228713989,0.02245207689702511,0.022723814472556114,0.022779572755098343,-5.575822797254659e-05,0.007460402324795723,0.015319171361625195,0.0012281716335564852,0.005861053708940744,0.008229945786297321,0.5840396285057068,0.14407537877559662,0.14407537877559662,1.0379688739776611,2.022275924682617,0.7019734978675842,0.5462936162948608,29.258718490600586,1.089480996131897,-0.0543682835996151,1.0717109441757202,0.9688748121261597,1.0273197889328003,1.0126224756240845
324,train,1,0.15000000596046448,0.30000001192092896,184,synthetic_0172,1,0.20000000298023224,5000.0,5.411561965942383,0.3512055277824402,0.33882656693458557,0.33587247133255005,0.0029540981631726027,0.14949579536914825,0.1863766759634018,0.015119923278689384,0.07101084291934967,0.10024590790271759,0.5840396285057068,0.14407537877559662,0.14407537877559662,1.2999632358551025,2.0190703868865967,0.6881781220436096,0.5462936162948608,29.258718490600586,0.9223893284797668,-0.3351112902164459,0.8296584486961365,0.9645071625709534,1.0266484022140503,0.9973889589309692
325,train,1,0.15000000596046448,0.30000001192092896,185,synthetic_0173,2,0.3499999940395355,8750.0,16.572908401489258,1.0263553857803345,1.007700800895691,0.9940415620803833,0.013659208081662655,0.5389214158058167,0.45512017607688904,0.0369567796587944,0.1749744415283203,0.24318894743919373,0.5840396285057068,0.14407537877559662,0.14407537877559662,1.5302115678787231,1.965656042098999,0.6910898089408875,0.5462936162948608,29.258718490600586,0.7841114401817322,-0.4339241683483124,0.6820380091667175,0.9618529677391052,1.0277719497680664,0.9871892929077148
326,train,1,0.15000000596046448,0.30000001192092896,186,synthetic_0174,3,0.5,12500.0,33.822261810302734,1.966434121131897,1.9847588539123535,1.9527959823608398,0.03196284547448158,1.2079516649246216,0.7448443174362183,0.06058491766452789,0.2879464328289032,0.396312952041626,0.5840396285057068,0.14407537877559662,0.14407537877559662,1.6806282997131348,1.9075042009353638,0.6915083527565002,0.5462936162948608,29.258718490600586,0.6645689606666565,-0.49667230248451233,0.5655470490455627,0.9601895809173584,1.0293161869049072,0.97965407371521
327,train,1,0.15000000596046448,0.30000001192092896,187,synthetic_0175,4,0.1853952407836914,4634.880859375,31.511869430541992,0.27304786443710327,0.26900482177734375,0.26725926995277405,0.0017455666093155742,0.1297929883003235,0.13746628165245056,0.011096104048192501,0.05301214009523392,0.07335803657770157,0.08535207808017731,0.021048203110694885,0.021048203110694885,1.3134580850601196,2.0526278018951416,0.6938832402229309,0.5476905107498169,29.538101196289062,0.7664392590522766,-0.28612205386161804,0.700650691986084,0.9594631195068359,1.0303595066070557,0.9893444180488586
328,train,1,0.15000000596046448,0.30000001192092896,188,synthetic_0176,5,0.05000000074505806,1250.0,2.2920126914978027,0.022302614524960518,0.022784709930419922,0.022869057953357697,-8.434872142970562e-05,0.008105810731649399,0.014763246290385723,0.0011733301216736436,0.005728092510253191,0.00786182377487421,0.08535207808017731,0.021048203110694885,0.021048203110694885,1.1277648210525513,2.0758304595947266,0.713207483291626,0.5476905107498169,29.538101196289062,1.0131165981292725,-0.03520384430885315,1.0024168491363525,0.9640657305717468,1.0292540788650513,1.007515549659729
329,train,1,0.15000000596046448,0.30000001192092896,189,synthetic_0177,6,0.20000000298023224,5000.0,36.672203063964844,0.3123553693294525,0.3092567026615143,0.3070606589317322,0.0021960425656288862,0.15274500846862793,0.15431566536426544,0.01246644463390112,0.059526801109313965,0.08232241868972778,0.08535207808017731,0.021048203110694885,0.021048203110694885,1.3282172679901123,2.050100803375244,0.6931382417678833,0.5476905107498169,29.538101196289062,0.7443171739578247,-0.29944461584091187,0.6774526238441467,0.9591689705848694,1.0305931568145752,0.9878992438316345
330,train,1,0.15000000596046448,0.30000001192092896,190,synthetic_0178,7,0.3499999940395355,8750.0,112.30862426757812,0.8051934242248535,0.8407638669013977,0.8313931226730347,0.009370720945298672,0.4984966218471527,0.33289647102355957,0.02709907852113247,0.12849946320056915,0.1772979348897934,0.08535207808017731,0.021048203110694885,0.021048203110694885,1.4154295921325684,2.0128161907196045,0.6853243708610535,0.5476905107498169,29.538101196289062,0.557216227054596,-0.39763787388801575,0.4907451570034027,0.9572492241859436,1.0330413579940796,0.9768237471580505
331,train,1,0.15000000596046448,0.30000001192092896,191,synthetic_0179,8,0.5,12500.0,229.20126342773438,1.3152976036071777,1.5497089624404907,1.5292481184005737,0.02046080492436886,1.0297725200653076,0.4994755983352661,0.04092614725232124,0.19233137369155884,0.26621806621551514,0.08535207808017731,0.021048203110694885,0.021048203110694885,1.4327268600463867,1.9588227272033691,0.6773653030395508,0.5476905107498169,29.538101196289062,0.432982861995697,-0.4578929841518402,0.3735049068927765,0.9563924074172974,1.0349146127700806,0.9703195691108704
332,train,1,0.15000000596046448,0.30000001192092896,192,synthetic_0180,9,0.27620556950569153,6905.13916015625,173.98074340820312,0.44149747490882874,0.41320034861564636,0.4060983955860138,0.007101955823600292,0.2681449353694916,0.13795346021652222,0.06937090307474136,5.982363404655189e-08,0.06858250498771667,0.0642484575510025,7.846638521852288e-21,0.0642484575510025,1.222550630569458,2.0177509784698486,0.6414245963096619,0.480722039937973,16.144407272338867,0.31856855750083923,-0.10356389731168747,0.30867090821266174,0.9733250737190247,0.9814519882202148,0.962263286113739
333,train,1,0.15000000596046448,0.30000001192092896,193,synthetic_0181,10,0.05000000074505806,1250.0,5.701332092285156,0.020247554406523705,0.04939422011375427,0.048921503126621246,0.0004727168707177043,0.011311842128634453,0.037609659135341644,0.018958620727062225,1.7109234917711547e-08,0.018651023507118225,0.0642484575510025,7.846638521852288e-21,0.0642484575510025,1.5738213062286377,3.5179481506347656,0.7100232839584351,0.480722039937973,16.144407272338867,1.2152527570724487,0.5501934885978699,1.4158397912979126,1.0150134563446045,0.9675742983818054,0.998545229434967
334,train,1,0.15000000596046448,0.30000001192092896,194,synthetic_0182,11,0.20000000298023224,5000.0,91.2213134765625,0.2636685371398926,0.2676675021648407,0.2630475163459778,0.004619973711669445,0.14037247002124786,0.12267503142356873,0.06178738921880722,5.244979561780383e-08,0.06088758632540703,0.0642484575510025,7.846638521852288e-21,0.0642484575510025,1.2206300497055054,2.3290672302246094,0.6395124197006226,0.480722039937973,16.144407272338867,0.4518369734287262,-0.009730687364935875,0.4505179822444916,0.9814189076423645,0.9770362377166748,0.9671266078948975
335,train,1,0.15000000596046448,0.30000001192092896,195,synthetic_0183,12,0.3499999940395355,8750.0,279.36529541015625,0.5805727243423462,0.6053495407104492,0.595099925994873,0.010249637998640537,0.43436017632484436,0.16073976457118988,0.08076345175504684,7.02213469594426e-08,0.07997624576091766,0.0642484575510025,7.846638521852288e-21,0.0642484575510025,1.233320951461792,1.8383945226669312,0.642160952091217,0.480722039937973,16.144407272338867,0.25838103890419006,-0.15190686285495758,0.24660606682300568,0.9694938063621521,0.9845022559165955,0.9600441455841064
336,train,1,0.15000000596046448,0.30000001192092896,196,synthetic_0184,13,0.5,12500.0,570.1332397460938,1.2778398990631104,1.144907832145691,1.12599778175354,0.018910106271505356,0.9004688262939453,0.2255290150642395,0.11322851479053497,9.912664467037757e-08,0.11230039596557617,0.0642484575510025,7.846638521852288e-21,0.0642484575510025,1.25282621383667,1.633392333984375,0.6413989663124084,0.480722039937973,16.144407272338867,0.20374049246311188,-0.20230036973953247,0.19137544929981232,0.9659347534179688,0.9888157844543457,0.9580169916152954
337,train,1,0.15000000596046448,0.30000001192092896,197,synthetic_0185,14,0.15780285000801086,3945.0712890625,20.371952056884766,0.3566870093345642,0.4550684094429016,0.44571614265441895,0.009352271445095539,0.10019098967313766,0.3455251455307007,0.17535020411014557,1.4040821838534612e-07,0.17017479240894318,0.11440745741128922,9.545683958830134e-23,0.11440745741128922,1.3994618654251099,2.3869988918304443,0.6301791667938232,0.625702977180481,45.14059829711914,1.0085197687149048,-0.1562121957540512,0.9612568020820618,1.0229718685150146,0.9748709201812744,0.9927791357040405
338,train,1,0.15000000596046448,0.30000001192092896,198,synthetic_0186,15,0.05000000074505806,1250.0,2.045233726501465,0.03826102614402771,0.07629843056201935,0.0751558318734169,0.001142597640864551,0.009731837548315525,0.06542399525642395,0.03296593204140663,2.9307717142046386e-08,0.03245802968740463,0.11440745741128922,9.545683958830134e-23,0.11440745741128922,1.353994607925415,2.8685789108276367,0.7039602994918823,0.625702977180481,45.14059829711914,1.351646900177002,0.35281866788864136,1.4947127103805542,1.0251314640045166,0.970977783203125,1.009337306022644
339,train,1,0.15000000596046448,0.30000001192092896,199,synthetic_0187,16,0.20000000298023224,5000.0,32.72373962402344,0.551809549331665,0.6170618534088135,0.604254424571991,0.012807406485080719,0.17354260385036469,0.4307118058204651,0.21894162893295288,1.754733602865599e-07,0.21177001297473907,0.11440745741128922,9.545683958830134e-23,0.11440745741128922,1.5090659856796265,2.2702667713165283,0.6270730495452881,0.625702977180481,45.14059829711914,0.8547506928443909,-0.25755923986434937,0.7887060046195984,1.018955111503601,0.9767445921897888,0.9855783581733704
340,train,1,0.15000000596046448,0.30000001192092896,200,synthetic_0188,17,0.3499999940395355,8750.0,100.2164535522461,1.486552357673645,1.295245885848999,1.2694103717803955,0.025835467502474785,0.6347991228103638,0.634611189365387,0.3230009078979492,2.698761534247751e-07,0.31161001324653625,0.11440745741128922,9.545683958830134e-23,0.11440745741128922,1.8024464845657349,2.014031171798706,0.6410918831825256,0.625702977180481,45.14059829711914,0.4974566698074341,-0.4237219989299774,0.43422165513038635,1.005006194114685,0.9823597073554993,0.9695638418197632
341,train,1,0.15000000596046448,0.30000001192092896,201,synthetic_0189,18,0.5,12500.0,204.52337646484375,2.5258026123046875,2.241107225418091,2.198406934738159,0.042700305581092834,1.3842750787734985,0.8141317963600159,0.4137789309024811,3.588330628190306e-07,0.40035250782966614,0.11440745741128922,9.545683958830134e-23,0.11440745741128922,1.925947904586792,1.8658970594406128,0.6564453840255737,0.625702977180481,45.14059829711914,0.3467281460762024,-0.4786562919616699,0.29693907499313354,0.9957541823387146,0.9865948557853699,0.9634435176849365
342,train,1,0.15000000596046448,0.30000001192092896,202,synthetic_0190,0,0.1589248776435852,3973.121826171875,8.451969146728516,0.4489608705043793,0.4781944453716278,0.4677530527114868,0.010441401042044163,0.10068367421627045,0.3670693635940552,0.1865183264017105,1.4795817548929335e-07,0.18055090308189392,0.17149753868579865,3.295786645979424e-22,0.17149753868579865,1.3865561485290527,2.167839288711548,0.6320053339004517,0.7294378280639648,65.88756561279297,1.1549019813537598,-0.15879692137241364,1.0998835563659668,1.0323874950408936,0.9718532562255859,0.9993574023246765
343,train,1,0.15000000596046448,0.30000001192092896,203,synthetic_0191,1,0.05000000074505806,1250.0,0.8365929126739502,0.04574650526046753,0.07022330164909363,0.06907446682453156,0.0011488358722999692,0.009215674363076687,0.059858791530132294,0.03021441213786602,2.6276932629798466e-08,0.029644355177879333,0.17149753868579865,3.295786645979424e-22,0.17149753868579865,1.282180666923523,2.5931262969970703,0.6934354305267334,0.7294378280639648,65.88756561279297,1.378735065460205,0.31254562735557556,1.5080103874206543,1.0302079916000366,0.9690377116203308,1.0107709169387817
344,train,1,0.15000000596046448,0.30000001192092896,204,synthetic_0192,2,0.20000000298023224,5000.0,13.385486602783203,0.6983670592308044,0.6882220506668091,0.6729151010513306,0.01530695240944624,0.17581409215927124,0.4971010088920593,0.25310689210891724,2.0088843655230448e-07,0.24399390816688538,0.17149753868579865,3.295786645979424e-22,0.17149753868579865,1.5288180112838745,2.106126546859741,0.6307382583618164,0.7294378280639648,65.88756561279297,1.0500211715698242,-0.2498115450143814,0.9713289141654968,1.0310314893722534,0.9730497002601624,0.9939097166061401
345,train,1,0.15000000596046448,0.30000001192092896,205,synthetic_0193,3,0.3499999940395355,8750.0,40.9930534362793,1.967460036277771,1.6787189245224,1.6413476467132568,0.037371233105659485,0.7015745639801025,0.9397730827331543,0.48076680302619934,3.950536040520092e-07,0.45900586247444153,0.17149753868579865,3.295786645979424e-22,0.17149753868579865,1.9920486211776733,1.9982751607894897,0.6464419364929199,0.7294378280639648,65.88756561279297,0.730230450630188,-0.41576138138771057,0.6391499638557434,1.0242810249328613,0.976500391960144,0.9779188632965088
346,train,1,0.15000000596046448,0.30000001192092896,206,synthetic_0194,4,0.5,12500.0,83.65929412841797,3.6949424743652344,2.993079900741577,2.927992105484009,0.06508773565292358,1.6035947799682617,1.324397325515747,0.6782338619232178,5.780328820037539e-07,0.6461628079414368,0.17149753868579865,3.295786645979424e-22,0.17149753868579865,2.231088399887085,1.9335368871688843,0.6642342805862427,0.7294378280639648,65.88756561279297,0.5370455980300903,-0.48077091574668884,0.45958682894706726,1.0176494121551514,0.9792897701263428,0.9695287346839905
347,train,1,0.15000000596046448,0.30000001192092896,207,synthetic_0195,5,0.3776973485946655,9442.43359375,15.053218841552734,2.1356945037841797,1.8736991882324219,1.8355624675750732,0.038136743009090424,0.7618843913078308,1.0736781358718872,0.08785592764616013,0.4071243703365326,0.5786978602409363,0.9447265267372131,0.2526983618736267,0.2526983618736267,1.8576476573944092,1.8218458890914917,0.6814088821411133,0.619475245475769,43.89504623413086,0.9150773882865906,-0.6187558770179749,0.7452145218849182,0.9694533944129944,1.0282937288284302,0.995978057384491
348,train,1,0.15000000596046448,0.30000001192092896,208,synthetic_0196,6,0.05000000074505806,1250.0,0.2638040781021118,0.03988759592175484,0.038039933890104294,0.03788168728351593,0.00015824685397092253,0.007629246450960636,0.03025244176387787,0.0023987579625099897,0.011755689978599548,0.01609799452126026,0.9447265267372131,0.2526983618736267,0.2526983618736267,1.061460256576538,2.0008771419525146,0.7222045660018921,0.619475245475769,43.89504623413086,1.1211730241775513,-0.19591332972049713,1.0552772283554077,0.9711718559265137,1.0278733968734741,1.0165376663208008
349,train,1,0.15000000596046448,0.30000001192092896,209,synthetic_0197,7,0.20000000298023224,5000.0,4.220865249633789,0.627007782459259,0.5477761626243591,0.5389747619628906,0.0088014155626297,0.16755041480064392,0.3714243471622467,0.030134182423353195,0.14115393161773682,0.2001362293958664,0.9447265267372131,0.2526983618736267,0.2526983618736267,1.4569599628448486,1.9335860013961792,0.6895146369934082,0.619475245475769,43.89504623413086,1.0096769332885742,-0.4995969533920288,0.858347475528717,0.9700843691825867,1.0278780460357666,1.0048882961273193
350,train,1,0.15000000596046448,0.30000001192092896,210,synthetic_0198,8,0.3499999940395355,8750.0,12.926399230957031,1.8499733209609985,1.618991732597351,1.5867414474487305,0.03225027397274971,0.635828971862793,0.9509124755859375,0.07773404568433762,0.3605630695819855,0.5126153826713562,0.9447265267372131,0.2526983618736267,0.2526983618736267,1.8053706884384155,1.8378773927688599,0.6821909546852112,0.619475245475769,43.89504623413086,0.9298516511917114,-0.6050432920455933,0.761071503162384,0.969549298286438,1.028196096420288,0.9972230195999146
351,train,1,0.15000000596046448,0.30000001192092896,211,synthetic_0199,9,0.5,12500.0,26.380407333374023,3.583754777908325,3.189896583557129,3.120528221130371,0.06936847418546677,1.471595287322998,1.6489328145980835,0.1353982537984848,0.6259248852729797,0.8876096606254578,0.9447265267372131,0.2526983618736267,0.2526983618736267,2.0474367141723633,1.758492350578308,0.6791465282440186,0.619475245475769,43.89504623413086,0.8492966890335083,-0.6674337983131409,0.6792418956756592,0.969046950340271,1.028803825378418,0.9908223748207092
352,train,1,0.15000000596046448,0.30000001192092896,212,synthetic_0200,10,0.29109859466552734,7277.46533203125,15.472868919372559,1.3096569776535034,1.3555399179458618,1.3241713047027588,0.031368620693683624,0.45293495059013367,0.8712363243103027,0.44523143768310547,3.5952027133134834e-07,0.4260044991970062,0.44645801186561584,1.8542678870477413e-23,0.44645801186561584,1.8591643571853638,1.9618792533874512,0.642799437046051,0.6546227931976318,50.924556732177734,0.9670634269714355,-0.35565346479415894,0.8638815879821777,1.0333749055862427,0.9736014008522034,0.9887493848800659
353,train,1,0.15000000596046448,0.30000001192092896,213,synthetic_0201,11,0.05000000074505806,1250.0,0.45648929476737976,0.040854595601558685,0.06621167063713074,0.0650763139128685,0.0011353575391694903,0.008928756229579449,0.056147560477256775,0.028362438082695007,2.436174284525805e-08,0.027785098180174828,0.44645801186561584,1.8542678870477413e-23,0.44645801186561584,1.2422616481781006,2.4259705543518066,0.6870289444923401,0.6546227931976318,50.924556732177734,1.3903554677963257,0.2858196198940277,1.5095726251602173,1.0326251983642578,0.9682638049125671,1.011605143547058
354,train,1,0.15000000596046448,0.30000001192092896,214,synthetic_0202,12,0.20000000298023224,5000.0,7.303828716278076,0.6367822289466858,0.7047568559646606,0.688681960105896,0.01607486605644226,0.17487046122550964,0.513811469078064,0.26161009073257446,2.0759458152497245e-07,0.2522011995315552,0.44645801186561584,1.8542678870477413e-23,0.44645801186561584,1.5206125974655151,1.9984514713287354,0.6339796781539917,0.6546227931976318,50.924556732177734,1.1361311674118042,-0.24196046590805054,1.0536614656448364,1.0353293418884277,0.9719098806381226,0.9980933666229248
355,train,1,0.15000000596046448,0.30000001192092896,215,synthetic_0203,13,0.3499999940395355,8750.0,22.36797523498535,1.8500919342041016,1.871788740158081,1.8284739255905151,0.043314848095178604,0.7181040048599243,1.1103699207305908,0.5684347748756409,4.6554893629036087e-07,0.541934609413147,0.44645801186561584,1.8542678870477413e-23,0.44645801186561584,2.0389821529388428,1.9533427953720093,0.6504451632499695,0.6546227931976318,50.924556732177734,0.8721166253089905,-0.40026018023490906,0.7673945426940918,1.0318727493286133,0.9744542837142944,0.9837672710418701
356,train,1,0.15000000596046448,0.30000001192092896,216,synthetic_0204,14,0.5,12500.0,45.648929595947266,3.5402238368988037,3.4711742401123047,3.391726016998291,0.07944830507040024,1.6797763109207153,1.7119498252868652,0.8786277770996094,7.439931550834444e-07,0.8333213925361633,0.44645801186561584,1.8542678870477413e-23,0.44645801186561584,2.3370800018310547,1.9358935356140137,0.6686115264892578,0.6546227931976318,50.924556732177734,0.6847923994064331,-0.4675873816013336,0.5887323021888733,1.027884602546692,0.9763281941413879,0.9748817682266235
357,train,1,0.15000000596046448,0.30000001192092896,217,synthetic_0205,15,0.13393333554267883,3348.333251953125,1.3849103450775146,0.26360249519348145,0.254228413105011,0.2509562373161316,0.0032721878960728645,0.0648636594414711,0.1860925853252411,0.015033534727990627,0.07086285948753357,0.10019619017839432,0.006771755870431662,0.07718519121408463,0.07718519121408463,1.2577263116836548,1.9703912734985352,0.6952584385871887,0.9292618632316589,105.85237121582031,1.0690518617630005,-0.4163118600845337,0.9355341792106628,0.9716465473175049,1.0274522304534912,1.0100443363189697
358,train,1,0.15000000596046448,0.30000001192092896,218,synthetic_0206,16,0.05000000074505806,1250.0,0.19301201403141022,0.03693564981222153,0.03816407918930054,0.038001976907253265,0.00016210194735322148,0.007531777489930391,0.03047019988298416,0.002420825185254216,0.011814925819635391,0.016234448179602623,0.006771755870431662,0.07718519121408463,0.07718519121408463,1.0478993654251099,1.9928479194641113,0.7203563451766968,0.9292618632316589,105.85237121582031,1.134107232093811,-0.19414280354976654,1.0680536031723022,0.9722834825515747,1.0274369716644287,1.0169721841812134
359,train,1,0.15000000596046448,0.30000001192092896,219,synthetic_0207,17,0.20000000298023224,5000.0,3.0881922245025635,0.5833423733711243,0.5543556809425354,0.5453705787658691,0.008985103107988834,0.16566810011863708,0.37970244884490967,0.030844390392303467,0.1441044956445694,0.2047535628080368,0.006771755870431662,0.07718519121408463,0.07718519121408463,1.4405919313430786,1.9302679300308228,0.689031183719635,0.9292618632316589,105.85237121582031,1.0334781408309937,-0.4987640082836151,0.8788396716117859,0.9714615941047668,1.027377724647522,1.0058262348175049
360,train,1,0.15000000596046448,0.30000001192092896,220,synthetic_0208,18,0.3499999940395355,8750.0,9.457588195800781,1.7376008033752441,1.649920105934143,1.6167181730270386,0.03320189192891121,0.6350085735321045,0.9817095994949341,0.08030884712934494,0.3720090389251709,0.5293917059898376,0.006771755870431662,0.07718519121408463,0.07718519121408463,1.8030411005020142,1.8332642316818237,0.6827796101570129,0.9292618632316589,105.85237121582031,0.9617066383361816,-0.6055063605308533,0.7870107293128967,0.9710873961448669,1.0275665521621704,0.9984219670295715
361,train,1,0.15000000596046448,0.30000001192092896,221,synthetic_0209,0,0.5,12500.0,19.30120086669922,3.4067249298095703,3.27426815032959,3.2022500038146973,0.07201822102069855,1.4833910465240479,1.7188589572906494,0.14118905365467072,0.6523314714431763,0.9253383874893188,0.006771755870431662,0.07718519121408463,0.07718519121408463,2.0638484954833984,1.750941514968872,0.6804101467132568,0.9292618632316589,105.85237121582031,0.8883387446403503,-0.6686209440231323,0.7101500630378723,0.9706796407699585,1.0280506610870361,0.9922417402267456
362,train,1,0.15000000596046448,0.30000001192092896,222,synthetic_0210,1,0.05746452137827873,1436.613037109375,0.7187166810035706,0.053847186267375946,0.08585090190172195,0.08432214707136154,0.001528751221485436,0.011725774966180325,0.07259637117385864,0.03668702766299248,3.116531033242609e-08,0.03590930998325348,0.019032662734389305,6.146999810986619e-23,0.019032662734389305,1.2351056337356567,2.417468547821045,0.6794246435165405,0.9752650260925293,115.0530014038086,1.3806103467941284,0.24782969057559967,1.4832572937011719,1.0327956676483154,0.9684858322143555,1.0109015703201294
363,train,1,0.15000000596046448,0.30000001192092896,223,synthetic_0211,2,0.05000000074505806,1250.0,0.5441243052482605,0.040794070810079575,0.06734185665845871,0.06620154529809952,0.001140313339419663,0.00900611374527216,0.05719543248414993,0.02888626419007778,2.4896039008126536e-08,0.02830914407968521,0.019032662734389305,6.146999810986619e-23,0.019032662734389305,1.2530242204666138,2.4723687171936035,0.688806414604187,0.9752650260925293,115.0530014038086,1.387402057647705,0.2934166193008423,1.5095280408859253,1.0319904088974,0.9684531688690186,1.0113720893859863
364,train,1,0.15000000596046448,0.30000001192092896,224,synthetic_0212,3,0.20000000298023224,5000.0,8.705988883972168,0.632735550403595,0.7016323208808899,0.6857249140739441,0.01590738631784916,0.17519880831241608,0.5105261206626892,0.2599497139453888,2.0622593410735135e-07,0.2505761981010437,0.019032662734389305,6.146999810986619e-23,0.019032662734389305,1.5234676599502563,2.027599573135376,0.6330287456512451,0.9752650260925293,115.0530014038086,1.1146332025527954,-0.24429082870483398,1.0329447984695435,1.034305453300476,0.9721663594245911,0.9970094561576843
365,train,1,0.15000000596046448,0.30000001192092896,225,synthetic_0213,4,0.3499999940395355,8750.0,26.662092208862305,1.8233575820922852,1.8231574296951294,1.7813465595245361,0.04181089624762535,0.7152112722396851,1.066135287284851,0.5457689762115479,4.4719811853610736e-07,0.520365834236145,0.019032662734389305,6.146999810986619e-23,0.019032662734389305,2.030768394470215,1.9673234224319458,0.6493108868598938,0.9752650260925293,115.0530014038086,0.8342666029930115,-0.4052809774875641,0.7328329086303711,1.03007972240448,0.9749234914779663,0.9821338653564453
366,train,1,0.15000000596046448,0.30000001192092896,226,synthetic_0214,5,0.5,12500.0,54.41242980957031,3.4676761627197266,3.341458797454834,3.265900135040283,0.07555864751338959,1.663453459739685,1.6024466753005981,0.822114884853363,6.971157517909887e-07,0.7803310751914978,0.019032662734389305,6.146999810986619e-23,0.019032662734389305,2.3143699169158936,1.9378914833068848,0.6674515008926392,0.9752650260925293,115.0530014038086,0.6427061557769775,-0.4723605811595917,0.5516294240951538,1.025402545928955,0.9770309925079346,0.9732866287231445
367,train,1,0.15000000596046448,0.30000001192092896,227,synthetic_0215,6,0.12846489250659943,3211.622314453125,16.842809677124023,0.15310516953468323,0.19981986284255981,0.19618260860443115,0.003637260990217328,0.06109592318534851,0.13508668541908264,0.06857035309076309,5.5316892400014694e-08,0.06651628017425537,0.04171134531497955,6.469579297736657e-22,0.04171134531497955,1.287672758102417,2.790839433670044,0.6349692344665527,0.6453798413276672,49.075965881347656,0.9300402998924255,0.1708165556192398,0.9777001738548279,1.0151628255844116,0.9673100113868713,0.9847529530525208
368,train,1,0.15000000596046448,0.30000001192092896,228,synthetic_0216,7,0.05000000074505806,1250.0,2.5514416694641113,0.024441303685307503,0.04756949469447136,0.04699843004345894,0.0005710654077120125,0.010532841086387634,0.036465588957071304,0.01842685602605343,1.611673994261764e-08,0.018038716167211533,0.04171134531497955,6.469579297736657e-22,0.04171134531497955,1.4654384851455688,3.2569479942321777,0.6953263282775879,0.6453798413276672,49.075965881347656,1.2758004665374756,0.5170542597770691,1.4736980199813843,1.0237659215927124,0.9658266305923462,1.0022013187408447
369,train,1,0.15000000596046448,0.30000001192092896,229,synthetic_0217,8,0.20000000298023224,5000.0,40.82306671142578,0.34566691517829895,0.3391886353492737,0.33260923624038696,0.006579412147402763,0.1507796198129654,0.18182960152626038,0.09220060706138611,7.555842529427537e-08,0.0896289125084877,0.04171134531497955,6.469579297736657e-22,0.04171134531497955,1.311126947402954,2.4513816833496094,0.6335747241973877,0.6453798413276672,49.075965881347656,0.6288637518882751,-0.012526743113994598,0.6265004873275757,1.000576138496399,0.9706501364707947,0.9726676344871521
370,train,1,0.15000000596046448,0.30000001192092896,230,synthetic_0218,9,0.3499999940395355,8750.0,125.02063751220703,0.924424409866333,0.7463758587837219,0.7319892644882202,0.014386573806405067,0.49033114314079285,0.24165815114974976,0.12207718193531036,1.043628614638692e-07,0.11958085745573044,0.04171134531497955,6.469579297736657e-22,0.04171134531497955,1.392244577407837,2.019901990890503,0.645226001739502,0.6453798413276672,49.075965881347656,0.3522947132587433,-0.16632862389087677,0.33471572399139404,0.982654333114624,0.9764761924743652,0.9625601768493652
371,train,1,0.15000000596046448,0.30000001192092896,231,synthetic_0219,10,0.5,12500.0,255.14414978027344,1.471835732460022,1.3776670694351196,1.3517765998840332,0.025890430435538292,1.0348570346832275,0.31691956520080566,0.15976478159427643,1.3913216889704927e-07,0.1571546494960785,0.04171134531497955,6.469579297736657e-22,0.04171134531497955,1.4398009777069092,1.794718861579895,0.649641752243042,0.6453798413276672,49.075965881347656,0.2609016001224518,-0.22377720475196838,0.24338644742965698,0.9753422141075134,0.9805976748466492,0.9594076871871948
372,train,1,0.15000000596046448,0.30000001192092896,232,synthetic_0220,11,0.11188442260026932,2797.110595703125,6.475625038146973,0.23165810108184814,0.27892425656318665,0.2732817232608795,0.005642537958920002,0.04626202583312988,0.22701969742774963,0.11501464247703552,9.307795778568106e-08,0.11200497299432755,0.09149529039859772,1.6890256665476391e-22,0.09149529039859772,1.2854273319244385,2.4082589149475098,0.6437634229660034,0.7672281265258789,73.44562530517578,1.2331807613372803,0.0032748538069427013,1.2343922853469849,1.030234932899475,0.9713258743286133,1.003275990486145
373,train,1,0.15000000596046448,0.30000001192092896,233,synthetic_0221,12,0.05000000074505806,1250.0,1.2932498455047607,0.04719093441963196,0.0732220783829689,0.07207151502370834,0.0011505621951073408,0.0094552431255579,0.0626162737607956,0.031582966446876526,2.774833340879468e-08,0.031033281236886978,0.09149529039859772,1.6890256665476391e-22,0.09149529039859772,1.3155118227005005,2.72426176071167,0.6984550952911377,0.7672281265258789,73.44562530517578,1.3673505783081055,0.33228927850723267,1.503657341003418,1.0280020236968994,0.9698413610458374,1.0101100206375122
374,train,1,0.15000000596046448,0.30000001192092896,234,synthetic_0222,13,0.20000000298023224,5000.0,20.691997528076172,0.7038853168487549,0.6623339653015137,0.6480059027671814,0.014328081160783768,0.17561130225658417,0.47239458560943604,0.24042446911334991,1.913675049536323e-07,0.2319699078798294,0.09149529039859772,1.6890256665476391e-22,0.09149529039859772,1.5270546674728394,2.1903319358825684,0.6286681890487671,0.7672281265258789,73.44562530517578,0.9650448560714722,-0.25452274084091187,0.8913571238517761,1.026208758354187,0.9744622707366943,0.9901219010353088
375,train,1,0.15000000596046448,0.30000001192092896,235,synthetic_0223,14,0.3499999940395355,8750.0,63.369239807128906,1.936339259147644,1.5002425909042358,1.468291163444519,0.03195144981145859,0.6758614778518677,0.7924296855926514,0.40465521812438965,3.345755317241128e-07,0.38777416944503784,0.09149529039859772,1.6890256665476391e-22,0.09149529039859772,1.9190388917922974,2.0174145698547363,0.6436396837234497,0.7672281265258789,73.44562530517578,0.6151405572891235,-0.42238131165504456,0.5371933579444885,1.016019582748413,0.9788802862167358,0.9736341238021851
376,train,1,0.15000000596046448,0.30000001192092896,236,synthetic_0224,15,0.5,12500.0,129.32498168945312,3.608879804611206,2.6195902824401855,2.565702438354492,0.053887758404016495,1.5114307403564453,1.0542716979980469,0.538173258304596,4.621875291377364e-07,0.516097903251648,0.09149529039859772,1.6890256665476391e-22,0.09149529039859772,2.10286021232605,1.911218523979187,0.6605587601661682,0.7672281265258789,73.44562530517578,0.43582847714424133,-0.48325857520103455,0.3726431131362915,1.0075287818908691,0.9824339747428894,0.9662008285522461
377,train,1,0.15000000596046448,0.30000001192092896,237,synthetic_0225,16,0.4448027014732361,11120.0673828125,326.0817565917969,1.4193170070648193,1.4489601850509644,1.4246962070465088,0.02426401898264885,0.9153229594230652,0.5093731880187988,0.2573772966861725,2.2411813915823586e-07,0.25199568271636963,0.2652638554573059,2.6795357890797757e-19,0.2652638554573059,1.6091690063476562,1.8215997219085693,0.6464717388153076,0.4573419690132141,11.468393325805664,0.28004857897758484,-0.4489715099334717,0.24232842028141022,0.9823287725448608,0.9923740029335022,0.9617887735366821
378,train,1,0.15000000596046448,0.30000001192092896,238,synthetic_0226,17,0.05000000074505806,1250.0,4.120326519012451,0.033322788774967194,0.08026374876499176,0.0791572630405426,0.001106483512558043,0.010178357362747192,0.06897890567779541,0.034684211015701294,3.1458625926461536e-08,0.03429466485977173,0.2652638554573059,2.6795357890797757e-19,0.2652638554573059,1.41611909866333,3.0891294479370117,0.7123285531997681,0.4573419690132141,11.468393325805664,1.317676067352295,0.38178926706314087,1.4685983657836914,1.0193690061569214,0.9734647274017334,1.0079201459884644
379,train,1,0.15000000596046448,0.30000001192092896,239,synthetic_0227,18,0.20000000298023224,5000.0,65.92522430419922,0.4492025077342987,0.5144602656364441,0.5047462582588196,0.009714018553495407,0.1649300903081894,0.3398161828517914,0.17206235229969025,1.406345262466857e-07,0.1677536964416504,0.2652638554573059,2.6795357890797757e-19,0.2652638554573059,1.4341745376586914,2.3329529762268066,0.6263105869293213,0.4573419690132141,11.468393325805664,0.6636861562728882,-0.2573486864566803,0.6124465465545654,1.0035300254821777,0.9822181463241577,0.9784002304077148
380,train,1,0.15000000596046448,0.30000001192092896,240,synthetic_0228,0,0.3499999940395355,8750.0,201.89601135253906,1.0923196077346802,1.0047166347503662,0.9872495532035828,0.017467115074396133,0.5531588196754456,0.4340907335281372,0.2195563018321991,1.871874388825745e-07,0.21453425288200378,0.2652638554573059,2.6795357890797757e-19,0.2652638554573059,1.5706373453140259,1.952236294746399,0.6382628679275513,0.4573419690132141,11.468393325805664,0.3539726138114929,-0.4150070250034332,0.30990228056907654,0.9874871969223022,0.989290714263916,0.9648997187614441
381,train,1,0.15000000596046448,0.30000001192092896,241,synthetic_0229,1,0.5,12500.0,412.03265380859375,2.2214176654815674,1.7560144662857056,1.7270315885543823,0.028982918709516525,1.1664392948150635,0.5605922937393188,0.2831219732761383,2.4884866434149444e-07,0.27747005224227905,0.2652638554573059,2.6795357890797757e-19,0.2652638554573059,1.622871994972229,1.763817548751831,0.650179922580719,0.4573419690132141,11.468393325805664,0.2532661259174347,-0.45978036522865295,0.21833209693431854,0.9802597165107727,0.9938722252845764,0.9606908559799194
382,train,1,0.15000000596046448,0.30000001192092896,242,synthetic_0230,2,0.29984036087989807,7496.00927734375,14.598140716552734,0.860627293586731,0.9123514294624329,0.8918894529342651,0.020461997017264366,0.41927361488342285,0.4726158082485199,0.2418641746044159,1.9445688792529836e-07,0.23075143992900848,0.24352537095546722,3.771556609636141e-23,0.24352537095546722,1.622106909751892,2.2573695182800293,0.639910101890564,0.6611355543136597,52.227108001708984,0.8132808208465576,-0.1596684753894806,0.7743242383003235,1.0260642766952515,0.9668713212013245,0.9789204597473145
383,train,1,0.15000000596046448,0.30000001192092896,243,synthetic_0231,3,0.05000000074505806,1250.0,0.4059358239173889,0.025232205167412758,0.040467094630002975,0.039800889790058136,0.0006662041996605694,0.009190221317112446,0.030610669404268265,0.015498049557209015,1.2910512658947937e-08,0.015112606808543205,0.24352537095546722,3.771556609636141e-23,0.24352537095546722,1.278639316558838,2.617899179458618,0.6695504188537598,0.6611355543136597,52.227108001708984,1.3536906242370605,0.4258429706096649,1.5266284942626953,1.034092664718628,0.9649479985237122,1.0083743333816528
384,train,1,0.15000000596046448,0.30000001192092896,244,synthetic_0232,4,0.20000000298023224,5000.0,6.494973182678223,0.39440423250198364,0.4571640193462372,0.4471459984779358,0.010018032975494862,0.16235072910785675,0.28479525446891785,0.14539049565792084,1.1386875087282533e-07,0.13940463960170746,0.24352537095546722,3.771556609636141e-23,0.24352537095546722,1.4117451906204224,2.322995901107788,0.6272555589675903,0.6611355543136597,52.227108001708984,1.022010087966919,-0.035084061324596405,1.0112532377243042,1.0315169095993042,0.9659656286239624,0.9890483617782593
385,train,1,0.15000000596046448,0.30000001192092896,245,synthetic_0233,5,0.3499999940395355,8750.0,19.890853881835938,1.1516714096069336,1.190678358078003,1.1638789176940918,0.026799391955137253,0.6023691892623901,0.5615096688270569,0.2875014543533325,2.3425016593137116e-07,0.27400797605514526,0.24352537095546722,3.771556609636141e-23,0.24352537095546722,1.7103651762008667,2.2219409942626953,0.6464958190917969,0.6611355543136597,52.227108001708984,0.7317297458648682,-0.19878292083740234,0.6880931258201599,1.0233708620071411,0.9673161506652832,0.9753403663635254
386,train,1,0.15000000596046448,0.30000001192092896,246,synthetic_0234,6,0.5,12500.0,40.59358215332031,2.2131941318511963,2.2252469062805176,2.175203800201416,0.05004311725497246,1.3659759759902954,0.8092279434204102,0.4143133759498596,3.486024979793001e-07,0.3949142396450043,0.24352537095546722,3.771556609636141e-23,0.24352537095546722,1.900488257408142,2.1138365268707275,0.661933183670044,0.6611355543136597,52.227108001708984,0.5599346160888672,-0.27112388610839844,0.5143911242485046,1.0160915851593018,0.9686827063560486,0.9685156941413879
387,train,1,0.15000000596046448,0.30000001192092896,247,synthetic_0235,7,0.45374709367752075,11343.677734375,196.875732421875,1.3602522611618042,1.3060452938079834,1.289588212966919,0.016457125544548035,0.8439888954162598,0.4455993175506592,0.03645186498761177,0.17170801758766174,0.23743943870067596,0.3863541781902313,0.06004916876554489,0.06004916876554489,1.4258410930633545,1.977766990661621,0.6793202757835388,0.5549184083938599,30.983686447143555,0.4610835313796997,-0.44144362211227417,0.4000208377838135,0.9565353393554688,1.0345209836959839,0.9717982411384583
388,train,1,0.15000000596046448,0.30000001192092896,248,synthetic_0236,8,0.05000000074505806,1250.0,2.3905866146087646,0.026168018579483032,0.0227787084877491,0.022863905876874924,-8.519776747561991e-05,0.00811972189694643,0.014744183048605919,0.0011716372100636363,0.0057222116738557816,0.00785033404827118,0.3863541781902313,0.06004916876554489,0.06004916876554489,1.1297003030776978,2.076573371887207,0.7134089469909668,0.5549184083938599,30.983686447143555,1.0113401412963867,-0.03504628688097,1.0007070302963257,0.9639744758605957,1.0292949676513672,1.0074013471603394
389,train,1,0.15000000596046448,0.30000001192092896,249,synthetic_0237,9,0.20000000298023224,5000.0,38.249385833740234,0.3648041784763336,0.3083266019821167,0.30615460872650146,0.0021719844080507755,0.1526879519224167,0.15346664190292358,0.01239805854856968,0.05920923501253128,0.08185935765504837,0.3863541781902313,0.06004916876554489,0.06004916876554489,1.327721118927002,2.0508618354797363,0.693111777305603,0.5549184083938599,30.983686447143555,0.7399134635925293,-0.29896655678749084,0.6735506653785706,0.9590774178504944,1.0306904315948486,0.9876665472984314
390,train,1,0.15000000596046448,0.30000001192092896,250,synthetic_0238,10,0.3499999940395355,8750.0,117.13874816894531,0.9378693699836731,0.8364545702934265,0.8271936178207397,0.009260956197977066,0.497119277715683,0.33007434010505676,0.026874056085944176,0.12740206718444824,0.1757982224225998,0.3863541781902313,0.06004916876554489,0.06004916876554489,1.4115188121795654,2.013937473297119,0.6850358843803406,0.5549184083938599,30.983686447143555,0.5522189140319824,-0.39709246158599854,0.48643431067466736,0.9571801424026489,1.0331554412841797,0.9766004681587219
391,train,1,0.15000000596046448,0.30000001192092896,251,synthetic_0239,11,0.5,12500.0,239.0586700439453,1.7335869073867798,1.540035367012024,1.5198228359222412,0.020212503150105476,1.0253136157989502,0.494509220123291,0.04052957892417908,0.19037474691867828,0.26360490918159485,0.3863541781902313,0.06004916876554489,0.06004916876554489,1.426523208618164,1.9596688747406006,0.6769274473190308,0.5549184083938599,30.983686447143555,0.42850834131240845,-0.4571068584918976,0.3697461187839508,0.9563404321670532,1.035022258758545,0.9701434373855591
392,train,1,0.15000000596046448,0.30000001192092896,252,synthetic_0240,12,0.20714430510997772,5178.60791015625,7.808567047119141,0.4068351686000824,0.3594343960285187,0.3562335968017578,0.003200804814696312,0.16304060816764832,0.1931929886341095,0.01565510593354702,0.0738196149468422,0.10371825844049454,0.10894143581390381,0.052544791251420975,0.052544791251420975,1.3216363191604614,2.0217931270599365,0.6897217035293579,0.7623324990272522,72.46649932861328,0.8900189399719238,-0.33467623591423035,0.8006584644317627,0.9633691310882568,1.027251124382019,0.9954833388328552
393,train,1,0.15000000596046448,0.30000001192092896,253,synthetic_0241,13,0.05000000074505806,1250.0,0.45495176315307617,0.024486353620886803,0.022765453904867172,0.02282419614493847,-5.874151975149289e-05,0.007558034732937813,0.015266161412000656,0.0012219942873343825,0.005854882299900055,0.008189285174012184,0.10894143581390381,0.052544791251420975,0.052544791251420975,1.0515525341033936,2.0330326557159424,0.7039315700531006,0.7623324990272522,72.46649932861328,1.0778868198394775,-0.05034763365983963,1.0616060495376587,0.9680283665657043,1.027658224105835,1.0118285417556763
394,train,1,0.15000000596046448,0.30000001192092896,254,synthetic_0242,14,0.20000000298023224,5000.0,7.279228210449219,0.3801237642765045,0.33572250604629517,0.3328380584716797,0.0028844510670751333,0.15060539543628693,0.18223264813423157,0.01476545725017786,0.06960175186395645,0.09786544740200043,0.10894143581390381,0.052544791251420975,0.052544791251420975,1.3096120357513428,2.023837089538574,0.689634382724762,0.7623324990272522,72.46649932861328,0.8975381255149841,-0.32836249470710754,0.8091227412223816,0.9635263085365295,1.0272117853164673,0.9960659742355347
395,train,1,0.15000000596046448,0.30000001192092896,255,synthetic_0243,15,0.3499999940395355,8750.0,22.29263687133789,1.0953434705734253,0.9866069555282593,0.9734631776809692,0.013143759220838547,0.5358306169509888,0.43763256072998047,0.03552232310175896,0.16850285232067108,0.23360736668109894,0.10894143581390381,0.052544791251420975,0.052544791251420975,1.5214357376098633,1.9712560176849365,0.691197395324707,0.7623324990272522,72.46649932861328,0.7504109740257263,-0.4267994463443756,0.654328465461731,0.9609330296516418,1.028582215309143,0.9856445789337158
396,train,1,0.15000000596046448,0.30000001192092896,256,synthetic_0244,16,0.5,12500.0,45.495174407958984,2.0687003135681152,1.9223072528839111,1.8919835090637207,0.030323799699544907,1.1858125925064087,0.706170916557312,0.05746236816048622,0.27309420704841614,0.37561431527137756,0.10894143581390381,0.052544791251420975,0.052544791251420975,1.649826169013977,1.914757251739502,0.6902728080749512,0.7623324990272522,72.46649932861328,0.6269408464431763,-0.489815890789032,0.5348151922225952,0.9593846797943115,1.030250906944275,0.9781230092048645
397,train,1,0.15000000596046448,0.30000001192092896,257,synthetic_0245,17,0.4009439945220947,10023.599609375,9.549579620361328,2.790534019470215,2.683814287185669,2.6196517944335938,0.06416260451078415,1.0045877695083618,1.6150639057159424,0.8269624710083008,6.848985663054918e-07,0.7881007194519043,1.0453695058822632,1.066635743127138e-22,1.0453695058822632,2.173614740371704,1.8846276998519897,0.6624969244003296,0.7130492329597473,62.60984420776367,0.9931859970092773,-0.39149409532546997,0.876538097858429,1.038008213043213,0.9732370972633362,0.9892286658287048
398,train,1,0.15000000596046448,0.30000001192092896,258,synthetic_0246,18,0.05000000074505806,1250.0,0.1485103964805603,0.044975463300943375,0.059876684099435806,0.05878385901451111,0.0010928235715255141,0.008544639684259892,0.05023922026157379,0.025399427860975266,2.1428972374337718e-08,0.024839770048856735,1.0453695058822632,1.066635743127138e-22,1.0453695058822632,1.1888192892074585,2.1717395782470703,0.6773738265037537,0.7130492329597473,62.60984420776367,1.403773307800293,0.24164722859859467,1.5055385828018188,1.0357691049575806,0.9675495624542236,1.012946605682373
399,train,1,0.15000000596046448,0.30000001192092896,259,synthetic_0247,0,0.20000000298023224,5000.0,2.376166343688965,0.7134363055229187,0.7104898691177368,0.693915605545044,0.01657426729798317,0.17348644137382507,0.5204291343688965,0.2648414075374603,2.1104162328811071e-07,0.25558754801750183,1.0453695058822632,1.066635743127138e-22,1.0453695058822632,1.5085774660110474,1.8586307764053345,0.6396706700325012,0.7130492329597473,62.60984420776367,1.226265549659729,-0.22778235375881195,1.142469048500061,1.0393624305725098,0.9710779786109924,1.0030457973480225
400,train,1,0.15000000596046448,0.30000001192092896,260,synthetic_0248,1,0.3499999940395355,8750.0,7.277009010314941,2.144505262374878,2.068129062652588,2.018754005432129,0.04937494546175003,0.716894268989563,1.3018596172332764,0.6657525300979614,5.457771976580261e-07,0.636106550693512,1.0453695058822632,1.066635743127138e-22,1.0453695058822632,2.0355472564697266,1.873644232749939,0.6563024520874023,0.7130492329597473,62.60984420776367,1.0457416772842407,-0.36555016040802,0.9310603737831116,1.0384619235992432,0.9728600382804871,0.992219090461731
401,train,1,0.15000000596046448,0.30000001192092896,261,synthetic_0249,2,0.5,12500.0,14.851038932800293,4.257716655731201,4.077479362487793,3.980085849761963,0.09739349782466888,1.7100309133529663,2.270054817199707,1.1645970344543457,9.821825415201602e-07,1.1054569482803345,1.0453695058822632,1.066635743127138e-22,1.0453695058822632,2.3791732788085938,1.9027175903320312,0.6735720634460449,0.7130492329597473,62.60984420776367,0.9030320048332214,-0.4285528063774109,0.7869329452514648,1.037056565284729,0.9738591313362122,0.9843931198120117
402,train,1,0.15000000596046448,0.30000001192092896,262,synthetic_0250,3,0.4543493986129761,11358.734375,385.2949523925781,1.330622673034668,1.1870955228805542,1.1736135482788086,0.013482017442584038,0.7927200198173523,0.3808935880661011,0.03128703683614731,0.14623643457889557,0.2033701241016388,0.3873805105686188,0.048215821385383606,0.048215821385383606,1.3356789350509644,1.9878857135772705,0.6724399328231812,0.5688545107841492,33.77090072631836,0.3915068507194519,-0.4303600490093231,0.34096017479896545,0.9557760953903198,1.0361816883087158,0.968993604183197
403,train,1,0.15000000596046448,0.30000001192092896,263,synthetic_0251,4,0.05000000074505806,1250.0,4.666093349456787,0.022740446031093597,0.02262268029153347,0.022721894085407257,-9.921360469888896e-05,0.00833121594041586,0.014390677213668823,0.0011410959996283054,0.005607035011053085,0.00764254666864872,0.3873805105686188,0.048215821385383606,0.048215821385383606,1.159125566482544,2.0857529640197754,0.7162546515464783,0.5688545107841492,33.77090072631836,0.9819539189338684,-0.03471766412258148,0.9717265963554382,0.9625911116600037,1.0299770832061768,1.0055410861968994
404,train,1,0.15000000596046448,0.30000001192092896,264,synthetic_0252,5,0.20000000298023224,5000.0,74.6574935913086,0.2908582091331482,0.29195812344551086,0.29018986225128174,0.0017682742327451706,0.15092197060585022,0.1392679065465927,0.01126098446547985,0.053836923092603683,0.07417000085115433,0.3873805105686188,0.048215821385383606,0.048215821385383606,1.3123648166656494,2.062819719314575,0.6918390393257141,0.5688545107841492,33.77090072631836,0.6678557991981506,-0.29344961047172546,0.6090611815452576,0.9577690958976746,1.032289981842041,0.9839087128639221
405,train,1,0.15000000596046448,0.30000001192092896,265,synthetic_0253,6,0.3499999940395355,8750.0,228.63858032226562,0.6627110838890076,0.7670422196388245,0.7594863176345825,0.007555877789855003,0.473512202501297,0.2859741449356079,0.0233596321195364,0.11018206924200058,0.1524324268102646,0.3873805105686188,0.048215821385383606,0.048215821385383606,1.3444889783859253,2.0286765098571777,0.6797465085983276,0.5688545107841492,33.77090072631836,0.47569987177848816,-0.3891535699367523,0.4201637804508209,0.9562362432479858,1.0349161624908447,0.9732369780540466
406,train,1,0.15000000596046448,0.30000001192092896,266,synthetic_0254,7,0.5,12500.0,466.6093444824219,1.4984675645828247,1.3927019834518433,1.3761590719223022,0.016542859375476837,0.9553242325782776,0.42083483934402466,0.03463970124721527,0.16132406890392303,0.22487106919288635,0.3873805105686188,0.048215821385383606,0.048215821385383606,1.3291467428207397,1.967592477798462,0.6696546673774719,0.5688545107841492,33.77090072631836,0.3633858859539032,-0.4441348910331726,0.31496816873550415,0.9556503295898438,1.0366095304489136,0.9676102995872498
407,train,1,0.15000000596046448,0.30000001192092896,267,synthetic_0255,8,0.34857580065727234,8714.39453125,311.62017822265625,0.7888527512550354,0.7293249368667603,0.7225874066352844,0.0067375157959759235,0.45784735679626465,0.2647400498390198,0.021662086248397827,0.10187148302793503,0.14120647311210632,0.2280091941356659,0.030405091121792793,0.030405091121792793,1.3106549978256226,2.033118724822998,0.6769751310348511,0.5649094581604004,32.98188781738281,0.4432911276817322,-0.3848894238471985,0.39210569858551025,0.9558870792388916,1.0356863737106323,0.9718582630157471
408,train,1,0.15000000596046448,0.30000001192092896,268,synthetic_0256,9,0.05000000074505806,1250.0,6.4116692543029785,0.021293550729751587,0.022503523156046867,0.022609489038586617,-0.00010596518404781818,0.008423136547207832,0.014186352491378784,0.0011239616433158517,0.005536727141588926,0.007525663357228041,0.2280091941356659,0.030405091121792793,0.030405091121792793,1.1719144582748413,2.088324546813965,0.7173477411270142,0.5649094581604004,32.98188781738281,0.967039942741394,-0.03609438240528107,0.9565685391426086,0.9619755744934082,1.0303338766098022,1.004614233970642
409,train,1,0.15000000596046448,0.30000001192092896,269,synthetic_0257,10,0.20000000298023224,5000.0,102.58670806884766,0.25985729694366455,0.28324466943740845,0.28167420625686646,0.0015704642282798886,0.14953117072582245,0.1321430206298828,0.010693549178540707,0.05110601335763931,0.07034346461296082,0.2280091941356659,0.030405091121792793,0.030405091121792793,1.300270915031433,2.06778883934021,0.6906864643096924,0.5649094581604004,32.98188781738281,0.6327323913574219,-0.2920312285423279,0.5772991180419922,0.9572413563728333,1.0330770015716553,0.9821217656135559
410,train,1,0.15000000596046448,0.30000001192092896,270,synthetic_0258,11,0.3499999940395355,8750.0,314.1717834472656,0.7938374280929565,0.7342976927757263,0.7274961471557617,0.006801517680287361,0.461538165807724,0.2659580111503601,0.02176370471715927,0.1023341491818428,0.14186017215251923,0.2280091941356659,0.030405091121792793,0.030405091121792793,1.3104898929595947,2.0326006412506104,0.676856517791748,0.5649094581604004,32.98188781738281,0.4419664740562439,-0.38553673028945923,0.39084818959236145,0.955879807472229,1.0357059240341187,0.9717912673950195
411,train,1,0.15000000596046448,0.30000001192092896,271,synthetic_0259,12,0.5,12500.0,641.1669311523438,1.2368444204330444,1.3281326293945312,1.3131184577941895,0.015014140866696835,0.923433780670166,0.38968461751937866,0.03214374557137489,0.149039164185524,0.20850172638893127,0.2280091941356659,0.030405091121792793,0.030405091121792793,1.2847774028778076,1.9670684337615967,0.6660952568054199,0.5649094581604004,32.98188781738281,0.3366049826145172,-0.4374813139438629,0.2924274504184723,0.9554006457328796,1.037278175354004,0.9665865898132324
412,train,1,0.15000000596046448,0.30000001192092896,272,synthetic_0260,13,0.3613528311252594,9033.8212890625,176.06845092773438,1.0581281185150146,1.132541298866272,1.1120853424072266,0.020455945283174515,0.6187599897384644,0.493325412273407,0.24992921948432922,2.1249272208478942e-07,0.24339599907398224,0.21893168985843658,2.783894769240541e-20,0.21893168985843658,1.64824378490448,1.9591761827468872,0.6401314735412598,0.48021572828292847,16.043148040771484,0.37641239166259766,-0.4244454503059387,0.32848241925239563,0.9913962483406067,0.9875665307044983,0.9654807448387146
413,train,1,0.15000000596046448,0.30000001192092896,273,synthetic_0261,14,0.05000000074505806,1250.0,3.3709988594055176,0.02874040976166725,0.07926954329013824,0.07814949005842209,0.0011200535809621215,0.01004999689757824,0.0680994912981987,0.03426526114344597,3.089424183144729e-08,0.033834200352430344,0.21893168985843658,2.783894769240541e-20,0.21893168985843658,1.398260235786438,3.027076244354248,0.7099792957305908,0.48021572828292847,16.043148040771484,1.3288575410842896,0.37393873929977417,1.477931022644043,1.0212104320526123,0.9726449847221375,1.0083634853363037
414,train,1,0.15000000596046448,0.30000001192092896,274,synthetic_0262,15,0.20000000298023224,5000.0,53.93598175048828,0.39557474851608276,0.546828031539917,0.5361738204956055,0.010654231533408165,0.16811539232730865,0.368058443069458,0.18661582469940186,1.5151707088989497e-07,0.1814424842596054,0.21893168985843658,2.783894769240541e-20,0.21893168985843658,1.4618728160858154,2.325101375579834,0.6263095736503601,0.48021572828292847,16.043148040771484,0.7189351320266724,-0.2579539716243744,0.6632995009422302,1.0083600282669067,0.9803946614265442,0.9804063439369202
415,train,1,0.15000000596046448,0.30000001192092896,275,synthetic_0263,16,0.3499999940395355,8750.0,165.17893981933594,1.0178594589233398,1.081689476966858,1.0620510578155518,0.019638361409306526,0.5777156352996826,0.48433539271354675,0.24540698528289795,2.0800295885692321e-07,0.2389281988143921,0.21893168985843658,2.783894769240541e-20,0.21893168985843658,1.6403638124465942,1.9765427112579346,0.6389477252960205,0.48021572828292847,16.043148040771484,0.3894031047821045,-0.41863641142845154,0.34049761295318604,0.9922232031822205,0.9871608018875122,0.9660282135009766
416,train,1,0.15000000596046448,0.30000001192092896,276,synthetic_0264,17,0.5,12500.0,337.0998840332031,1.5107920169830322,1.880797028541565,1.8483850955963135,0.03241196647286415,1.2284281253814697,0.619956910610199,0.3136129677295685,2.7471742214402184e-07,0.306343674659729,0.21893168985843658,2.783894769240541e-20,0.21893168985843658,1.7091172933578491,1.7957364320755005,0.6519392728805542,0.48021572828292847,16.043148040771484,0.27509742975234985,-0.46632692217826843,0.23661182820796967,0.984132707118988,0.9917449951171875,0.9613213539123535
417,train,1,0.15000000596046448,0.30000001192092896,277,synthetic_0265,18,0.15676209330558777,3919.05224609375,25.317920684814453,0.20775215327739716,0.25354862213134766,0.24875891208648682,0.0047896988689899445,0.09112139791250229,0.15763750672340393,0.08000342547893524,6.472070168683786e-08,0.07763400673866272,0.050480153411626816,6.209985621103085e-23,0.050480153411626816,1.2897347211837769,2.6453678607940674,0.6319974660873413,0.6049033403396606,40.98067092895508,0.7932636737823486,0.08349918574094772,0.8131348490715027,1.0089894533157349,0.9686506986618042,0.9791066646575928
418,train,1,0.15000000596046448,0.30000001192092896,278,synthetic_0266,0,0.05000000074505806,1250.0,2.5756447315216064,0.022894302383065224,0.04759952798485756,0.04702942818403244,0.0005701009067706764,0.01054170448333025,0.036487724632024765,0.01843765191733837,1.61316116020771e-08,0.01805005595088005,0.050480153411626816,6.209985621103085e-23,0.050480153411626816,1.4666718244552612,3.2602803707122803,0.6954929828643799,0.6049033403396606,40.98067092895508,1.2752034664154053,0.5174908638000488,1.4731754064559937,1.023681640625,0.9658408761024475,1.0021617412567139
419,train,1,0.15000000596046448,0.30000001192092896,279,synthetic_0267,1,0.20000000298023224,5000.0,41.2103157043457,0.323503702878952,0.33832263946533203,0.3317672908306122,0.006555356550961733,0.1506754606962204,0.18109183013439178,0.09181943535804749,7.527651035843519e-08,0.08927232027053833,0.050480153411626816,6.209985621103085e-23,0.050480153411626816,1.3102211952209473,2.450676441192627,0.6336452960968018,0.6049033403396606,40.98067092895508,0.6265779137611389,-0.012455228716135025,0.6242366433143616,1.0003410577774048,0.970706582069397,0.9725911021232605
420,train,1,0.15000000596046448,0.30000001192092896,280,synthetic_0268,2,0.3499999940395355,8750.0,126.20659637451172,0.8649225234985352,0.7443996667861938,0.7300701141357422,0.014329547062516212,0.48964032530784607,0.24042978882789612,0.12144695967435837,1.0385007698232585e-07,0.1189827173948288,0.050480153411626816,6.209985621103085e-23,0.050480153411626816,1.3902831077575684,2.0178840160369873,0.6452020406723022,0.6049033403396606,40.98067092895508,0.3508780002593994,-0.1661517322063446,0.3333882987499237,0.982455313205719,0.9765589833259583,0.9625204801559448
421,train,1,0.15000000596046448,0.30000001192092896,281,synthetic_0269,3,0.5,12500.0,257.5644836425781,1.3730847835540771,1.3743690252304077,1.3485764265060425,0.025792548432946205,1.0331039428710938,0.3154725134372711,0.15902498364448547,1.3850245750290924e-07,0.1564473956823349,0.050480153411626816,6.209985621103085e-23,0.050480153411626816,1.4373618364334106,1.7926974296569824,0.6495489478111267,0.6049033403396606,40.98067092895508,0.2600047290325165,-0.22351647913455963,0.24257011711597443,0.9751912355422974,0.9806890487670898,0.959384560585022
422,train,1,0.15000000596046448,0.30000001192092896,282,synthetic_0270,4,0.43215054273605347,10803.763671875,21.012235641479492,1.6479536294937134,1.844781517982483,1.8026551008224487,0.0421263761818409,1.0087403059005737,0.793914794921875,0.4070826470851898,3.3619502914916666e-07,0.3868318200111389,0.42228370904922485,2.0654568376558983e-22,0.42228370904922485,1.878760576248169,2.1746253967285156,0.6563835144042969,0.6226348876953125,44.5269775390625,0.7048084139823914,-0.2503527104854584,0.6518732309341431,1.0251175165176392,0.9673551321029663,0.9741217494010925
423,train,1,0.15000000596046448,0.30000001192092896,283,synthetic_0271,5,0.05000000074505806,1250.0,0.2812821567058563,0.02378196455538273,0.039128173142671585,0.03846002370119095,0.0006681481027044356,0.009026855230331421,0.02943316660821438,0.014903206378221512,1.2343753574839411e-08,0.014529948122799397,0.42228370904922485,2.0654568376558983e-22,0.42228370904922485,1.2559101581573486,2.5102288722991943,0.6663113832473755,0.6226348876953125,44.5269775390625,1.3624768257141113,0.40836402773857117,1.5293928384780884,1.0351804494857788,0.9650895595550537,1.009253740310669
424,train,1,0.15000000596046448,0.30000001192092896,284,synthetic_0272,6,0.20000000298023224,5000.0,4.500514507293701,0.37437909841537476,0.4661940336227417,0.45588219165802,0.010311834514141083,0.1636064499616623,0.29227572679519653,0.149186909198761,1.1672505451088e-07,0.1430887132883072,0.42228370904922485,2.0654568376558983e-22,0.42228370904922485,1.4226646423339844,2.2678606510162354,0.628217339515686,0.6226348876953125,44.5269775390625,1.0731374025344849,-0.04025297239422798,1.060178279876709,1.0341514348983765,0.965981662273407,0.9918792843818665
425,train,1,0.15000000596046448,0.30000001192092896,285,synthetic_0273,7,0.3499999940395355,8750.0,13.782825469970703,1.1079061031341553,1.263558030128479,1.2347888946533203,0.02876913920044899,0.6154842972755432,0.6193046569824219,0.3173165023326874,2.5733254460647004e-07,0.3019878566265106,0.42228370904922485,2.0654568376558983e-22,0.42228370904922485,1.7476041316986084,2.214077949523926,0.6468605995178223,0.6226348876953125,44.5269775390625,0.8078269362449646,-0.20350567996501923,0.7585077285766602,1.0282825231552124,0.9668633341789246,0.9786090850830078
426,train,1,0.15000000596046448,0.30000001192092896,286,synthetic_0274,8,0.5,12500.0,28.12821388244629,2.1575863361358643,2.400388240814209,2.3455801010131836,0.05480802059173584,1.4112640619277954,0.9343159198760986,0.47916457056999207,4.008246037301433e-07,0.4551509916782379,0.42228370904922485,2.0654568376558983e-22,0.42228370904922485,1.9634977579116821,2.139509677886963,0.6629350781440735,0.6226348876953125,44.5269775390625,0.637171745300293,-0.2781241536140442,0.5840078592300415,1.0226346254348755,0.9677883982658386,0.9713847041130066
427,train,1,0.15000000596046448,0.30000001192092896,287,synthetic_0275,9,0.21547211706638336,5386.802734375,11.120707511901855,0.4446007013320923,0.3837575912475586,0.38026878237724304,0.0034887944348156452,0.17907071113586426,0.20119807124137878,0.016291046515107155,0.0770738497376442,0.10783318430185318,0.15580061078071594,0.047903675585985184,0.047903675585985184,1.3415428400039673,2.02357816696167,0.6908625960350037,0.6672080755233765,53.44161605834961,0.8563878536224365,-0.3355873227119446,0.7701699733734131,0.9623364210128784,1.0278633832931519,0.9935104250907898
428,train,1,0.15000000596046448,0.30000001192092896,288,synthetic_0276,10,0.05000000074505806,1250.0,0.5988117456436157,0.02506542205810547,0.022796064615249634,0.022858023643493652,-6.19599231868051e-05,0.007650213781744242,0.015207810327410698,0.0012156361481174827,0.005845122039318085,0.008147051557898521,0.15580061078071594,0.047903675585985184,0.047903675585985184,1.0643774271011353,2.0422208309173584,0.7056875228881836,0.6672080755233765,53.44161605834961,1.0671350955963135,-0.04683269187808037,1.0521420240402222,0.9672821760177612,1.027951955795288,1.0110952854156494
429,train,1,0.15000000596046448,0.30000001192092896,289,synthetic_0277,11,0.20000000298023224,5000.0,9.580987930297852,0.38554179668426514,0.33241790533065796,0.3296133875846863,0.0028045112267136574,0.1514798253774643,0.17813356220722198,0.01441930141299963,0.06818012148141861,0.09553413838148117,0.15580061078071594,0.047903675585985184,0.047903675585985184,1.3172155618667603,2.0280704498291016,0.6907926201820374,0.6672080755233765,53.44161605834961,0.8736901879310608,-0.3223237991333008,0.7892068028450012,0.9626690149307251,1.0277440547943115,0.9947946071624756
430,train,1,0.15000000596046448,0.30000001192092896,290,synthetic_0278,12,0.3499999940395355,8750.0,29.341773986816406,1.0935893058776855,0.9653313159942627,0.9527238607406616,0.012607469223439693,0.5319073796272278,0.42081648111343384,0.034153807908296585,0.16220806539058685,0.2244546115398407,0.15580061078071594,0.047903675585985184,0.047903675585985184,1.5102959871292114,1.9771188497543335,0.6909681558609009,0.6672080755233765,53.44161605834961,0.7184186577796936,-0.4206198751926422,0.6277642846107483,0.9601528644561768,1.0293374061584473,0.9841737747192383
431,train,1,0.15000000596046448,0.30000001192092896,291,synthetic_0279,13,0.5,12500.0,59.88117218017578,2.037454843521118,1.8617711067199707,1.8330538272857666,0.02871725521981716,1.16298508644104,0.6700688004493713,0.05456048995256424,0.2591313421726227,0.356376975774765,0.15580061078071594,0.047903675585985184,0.047903675585985184,1.6180663108825684,1.9221956729888916,0.6887692213058472,0.6672080755233765,53.44161605834961,0.592138946056366,-0.4838152825832367,0.5061931610107422,0.958718478679657,1.0311006307601929,0.976707398891449
432,train,1,0.15000000596046448,0.30000001192092896,292,synthetic_0280,14,0.22689397633075714,5672.349609375,48.78363800048828,0.37575605511665344,0.40576058626174927,0.3977794647216797,0.007981126196682453,0.1977861374616623,0.1999933421611786,0.10139936953783035,8.363927861410048e-08,0.09859389066696167,0.07566949725151062,1.4373112588531598e-22,0.07566949725151062,1.3363248109817505,2.357874631881714,0.6355156898498535,0.5517326593399048,30.346529006958008,0.5676292181015015,-0.05605064332485199,0.5580844283103943,0.9978780150413513,0.9713761806488037,0.970268964767456
433,train,1,0.15000000596046448,0.30000001192092896,293,synthetic_0281,15,0.05000000074505806,1250.0,2.3690173625946045,0.021054714918136597,0.04732826352119446,0.046749792993068695,0.0005784702370874584,0.010463649407029152,0.03628614544868469,0.018339132890105247,1.5998084634816223e-08,0.01794699765741825,0.07566949725151062,1.4373112588531598e-22,0.07566949725151062,1.4558119773864746,3.2306368350982666,0.6940250992774963,0.5517326593399048,30.346529006958008,1.280408501625061,0.5135950446128845,1.4776920080184937,1.0244139432907104,0.9657188653945923,1.002509355545044
434,train,1,0.15000000596046448,0.30000001192092896,294,synthetic_0282,16,0.20000000298023224,5000.0,37.90427780151367,0.29979875683784485,0.3459673523902893,0.3391993045806885,0.0067680515348911285,0.1515798419713974,0.18761944770812988,0.09519309550523758,7.776586130603391e-08,0.09242628514766693,0.07566949725151062,1.4373112588531598e-22,0.07566949725151062,1.3180853128433228,2.4562900066375732,0.633024275302887,0.5517326593399048,30.346529006958008,0.6469045281410217,-0.013114743866026402,0.644359290599823,1.0024123191833496,0.9702214002609253,0.9732769727706909
435,train,1,0.15000000596046448,0.30000001192092896,295,synthetic_0283,17,0.3499999940395355,8750.0,116.08185577392578,0.8035439252853394,0.7621580362319946,0.747316837310791,0.014841176569461823,0.4957635700702667,0.2515532374382019,0.12715697288513184,1.0848794573803389e-07,0.12439615279436111,0.07566949725151062,1.4373112588531598e-22,0.07566949725151062,1.4076694250106812,2.035554885864258,0.6454033255577087,0.5517326593399048,30.346529006958008,0.36370134353637695,-0.16772067546844482,0.34540125727653503,0.9842516779899597,0.9758374094963074,0.9628815650939941
436,train,1,0.15000000596046448,0.30000001192092896,296,synthetic_0284,18,0.5,12500.0,236.90174865722656,1.30843186378479,1.4040789604187012,1.3774060010910034,0.02667301520705223,1.0487464666366577,0.3286595344543457,0.16576999425888062,1.4423683580844227e-07,0.16288939118385315,0.07566949725151062,1.4373112588531598e-22,0.07566949725151062,1.4591255187988281,1.810644268989563,0.6503651142120361,0.5517326593399048,30.346529006958008,0.26816800236701965,-0.22582922875881195,0.24999994039535522,0.9765660166740417,0.9798868298530579,0.9595960974693298
437,train,1,0.15000000596046448,0.30000001192092896,297,synthetic_0285,0,0.2761867046356201,6904.66748046875,13.997344970703125,0.7367858290672302,0.7789881229400635,0.7616421580314636,0.01734595187008381,0.34361928701400757,0.41802287101745605,0.2138044387102127,1.7104325422678812e-07,0.20421825349330902,0.21074740588665009,2.9414360702615356e-23,0.21074740588665009,1.5668741464614868,2.2815089225769043,0.6366242170333862,0.6659277081489563,53.185543060302734,0.8322328329086304,-0.13543401658535004,0.7984190583229065,1.02580988407135,0.9667945504188538,0.9798162579536438
438,train,1,0.15000000596046448,0.30000001192092896,298,synthetic_0286,1,0.05000000074505806,1250.0,0.4587543308734894,0.025400817394256592,0.04093451797962189,0.04026983305811882,0.0006646857946179807,0.009252297692000866,0.03101753443479538,0.015703406184911728,1.3110301289032122e-08,0.015314114280045033,0.21074740588665009,2.9414360702615356e-23,0.21074740588665009,1.287276029586792,2.655916452407837,0.6707745790481567,0.6659277081489563,53.185543060302734,1.3503854274749756,0.43181756138801575,1.525321364402771,1.0336815118789673,0.9649176001548767,1.0080561637878418
439,train,1,0.15000000596046448,0.30000001192092896,299,synthetic_0287,2,0.20000000298023224,5000.0,7.34006929397583,0.39586079120635986,0.4532741904258728,0.4433794617652893,0.0098947174847126,0.16192135214805603,0.2814581096172333,0.1436859518289566,1.1262415711144058e-07,0.13777203857898712,0.21074740588665009,2.9414360702615356e-23,0.21074740588665009,1.408011555671692,2.3410754203796387,0.6270860433578491,0.6659277081489563,53.185543060302734,1.0027395486831665,-0.033353470265865326,0.9927060604095459,1.0304499864578247,0.9660026431083679,0.9880380630493164
440,train,1,0.15000000596046448,0.30000001192092896,300,synthetic_0288,3,0.3499999940395355,8750.0,22.478961944580078,1.149871587753296,1.163742184638977,1.13767671585083,0.026065504178404808,0.5973033308982849,0.5403733849525452,0.2765710651874542,2.2580560710139252e-07,0.26380208134651184,0.21074740588665009,2.9414360702615356e-23,0.21074740588665009,1.6959811449050903,2.221754550933838,0.6464323401451111,0.6659277081489563,53.185543060302734,0.7049182653427124,-0.19701556861400604,0.6632543206214905,1.021417498588562,0.9675411581993103,0.974259614944458
441,train,1,0.15000000596046448,0.30000001192092896,301,synthetic_0289,4,0.5,12500.0,45.875431060791016,2.1999330520629883,2.1641898155212402,2.115826368331909,0.04836354777216911,1.3487114906311035,0.7671148777008057,0.3924570083618164,3.3095591334131313e-07,0.3746575713157654,0.21074740588665009,2.9414360702615356e-23,0.21074740588665009,1.8764680624008179,2.1020123958587646,0.6615195274353027,0.6659277081489563,53.185543060302734,0.5342432856559753,-0.26851728558540344,0.49120721220970154,1.0135865211486816,0.9690752029418945,0.9676163196563721
442,train,1,0.15000000596046448,0.30000001192092896,302,synthetic_0290,5,0.3751034438610077,9377.5859375,46.47632598876953,1.0275728702545166,1.0653990507125854,1.051360845565796,0.014038166962563992,0.611818790435791,0.4395419955253601,0.035704877227544785,0.16968092322349548,0.23415619134902954,0.28591156005859375,0.07191911339759827,0.07191911339759827,1.5124564170837402,1.9760875701904297,0.6897923946380615,0.522515594959259,24.503116607666016,0.6562541127204895,-0.4262951910495758,0.5723267197608948,0.9590513706207275,1.0305546522140503,0.9809842705726624
443,train,1,0.15000000596046448,0.30000001192092896,303,synthetic_0291,6,0.05000000074505806,1250.0,0.8257901072502136,0.021636955440044403,0.022820187732577324,0.022886522114276886,-6.633484008489177e-05,0.007759454660117626,0.015127066522836685,0.0012073289835825562,0.0058282520622015,0.008091485127806664,0.28591156005859375,0.07191911339759827,0.07191911339759827,1.0795761346817017,2.0519917011260986,0.7076599597930908,0.522515594959259,24.503116607666016,1.0545010566711426,-0.043087515980005264,1.0408703088760376,0.9664514660835266,1.028277039527893,1.0102403163909912
444,train,1,0.15000000596046448,0.30000001192092896,304,synthetic_0292,7,0.20000000298023224,5000.0,13.212641716003418,0.32812291383743286,0.3279776871204376,0.3252866268157959,0.0026910670567303896,0.15227587521076202,0.17301076650619507,0.013991919346153736,0.0663699209690094,0.0926489308476448,0.28591156005859375,0.07191911339759827,0.07191911339759827,1.324137806892395,2.0329957008361816,0.6918830275535583,0.522515594959259,24.503116607666016,0.8447060585021973,-0.3156864047050476,0.7647073864936829,0.9617277383804321,1.0283845663070679,0.9932471513748169
445,train,1,0.15000000596046448,0.30000001192092896,305,synthetic_0293,8,0.3499999940395355,8750.0,40.463714599609375,0.910942792892456,0.9383991360664368,0.926486611366272,0.011912520974874496,0.5259999632835388,0.40048664808273315,0.03251049667596817,0.15451838076114655,0.21345776319503784,0.28591156005859375,0.07191911339759827,0.07191911339759827,1.4935225248336792,1.9848352670669556,0.6902905702590942,0.522515594959259,24.503116607666016,0.6802371144294739,-0.41400811076164246,0.5957500338554382,0.9593248963356018,1.0302256345748901,0.9824175834655762
446,train,1,0.15000000596046448,0.30000001192092896,306,synthetic_0294,9,0.5,12500.0,82.57901000976562,1.671949028968811,1.7884480953216553,1.7616888284683228,0.02675926685333252,1.1338034868240356,0.6278853416442871,0.051181159913539886,0.24271869659423828,0.33398544788360596,0.28591156005859375,0.07191911339759827,0.07191911339759827,1.577465534210205,1.9314879179000854,0.6866011023521423,0.522515594959259,24.503116607666016,0.5519077181816101,-0.47720080614089966,0.4728964865207672,0.9580292701721191,1.0320706367492676,0.9750754237174988
447,train,1,0.15000000596046448,0.30000001192092896,307,synthetic_0295,10,0.12969981133937836,3242.4951171875,40.4637565612793,0.12787452340126038,0.1709311604499817,0.16817675530910492,0.0027544009499251842,0.06120828166604042,0.1069684699177742,0.05398876965045929,4.529904629180237e-08,0.05297965556383133,0.027149349451065063,3.433766685564866e-23,0.027149349451065063,1.2655916213989258,2.822601318359375,0.6446990966796875,0.5655414462089539,33.1082878112793,0.7236924767494202,0.17314061522483826,0.7612826824188232,0.9957218170166016,0.9719139337539673,0.9771103858947754
448,train,1,0.15000000596046448,0.30000001192092896,308,synthetic_0296,11,0.05000000074505806,1250.0,6.013503074645996,0.021198002621531487,0.049451034516096115,0.0489857941865921,0.0004652411735150963,0.011363202705979347,0.037622593343257904,0.01896115392446518,1.714985842227179e-08,0.01866142265498638,0.027149349451065063,3.433766685564866e-23,0.027149349451065063,1.5809670686721802,3.5330100059509277,0.7110086679458618,0.5655414462089539,33.1082878112793,1.2104939222335815,0.5520246028900146,1.4109607934951782,1.0143169164657593,0.9677335023880005,0.9982828497886658
449,train,1,0.15000000596046448,0.30000001192092896,309,synthetic_0297,12,0.20000000298023224,5000.0,96.21604919433594,0.2744848132133484,0.2633666694164276,0.2588631510734558,0.004503507167100906,0.1396046280860901,0.11925850808620453,0.06004231050610542,5.108088529937049e-08,0.059216149151325226,0.027149349451065063,3.433766685564866e-23,0.027149349451065063,1.2139531373977661,2.3170504570007324,0.6398584842681885,0.5655414462089539,33.1082878112793,0.4418550729751587,-0.009798846207559109,0.4405561685562134,0.9803233742713928,0.977569580078125,0.966834306716919
450,train,1,0.15000000596046448,0.30000001192092896,310,synthetic_0298,13,0.3499999940395355,8750.0,294.6616516113281,0.593502938747406,0.5978838205337524,0.5878573656082153,0.01002645492553711,0.4309723675251007,0.15688499808311462,0.07880660146474838,6.857462153675442e-08,0.07807832956314087,0.027149349451065063,3.433766685564866e-23,0.027149349451065063,1.2237014770507812,1.8263932466506958,0.6418905258178711,0.5655414462089539,33.1082878112793,0.2538653016090393,-0.15100720524787903,0.24236465990543365,0.9688839316368103,0.9850831627845764,0.9599301815032959
451,train,1,0.15000000596046448,0.30000001192092896,311,synthetic_0299,14,0.5,12500.0,601.350341796875,1.3134628534317017,1.132619857788086,1.1140815019607544,0.018538398668169975,0.8927578926086426,0.22132360935211182,0.11109676957130432,9.727327210384829e-08,0.11022675037384033,0.027149349451065063,3.433766685564866e-23,0.027149349451065063,1.2420978546142578,1.6237962245941162,0.6408478021621704,0.5655414462089539,33.1082878112793,0.20108577609062195,-0.20094944536685944,0.18896335363388062,0.9655195474624634,0.989371657371521,0.9579582810401917
452,train,1,0.15000000596046448,0.30000001192092896,312,synthetic_0300,15,0.21657142043113708,5414.28515625,2.189678430557251,0.5026059150695801,0.5550051331520081,0.5425008535385132,0.012504257261753082,0.20148620009422302,0.34101468324661255,0.17402729392051697,1.3701041723379603e-07,0.16698727011680603,0.16260603070259094,3.0643630786753245e-21,0.16260603070259094,1.494187593460083,2.1474928855895996,0.6340190172195435,0.9139779210090637,102.79558563232422,1.1360174417495728,-0.07687659561634064,1.1098175048828125,1.0378642082214355,0.9665753245353699,0.9958788156509399
453,train,1,0.15000000596046448,0.30000001192092896,313,synthetic_0301,16,0.05000000074505806,1250.0,0.11671269685029984,0.027005180716514587,0.03637271374464035,0.03571055084466934,0.0006621635984629393,0.00876057893037796,0.026949971914291382,0.013647307641804218,1.1198419969105089e-08,0.013302653096616268,0.16260603070259094,3.0643630786753245e-21,0.16260603070259094,1.2188630104064941,2.292078971862793,0.6609631776809692,0.9139779210090637,102.79558563232422,1.3780786991119385,0.369703471660614,1.530922770500183,1.0371290445327759,0.9656652212142944,1.010936975479126
454,train,1,0.15000000596046448,0.30000001192092896,314,synthetic_0302,17,0.20000000298023224,5000.0,1.8674031496047974,0.4291659891605377,0.4770774245262146,0.4663885235786438,0.010688909329473972,0.16696426272392273,0.29942426085472107,0.1527094841003418,1.1992861459475535e-07,0.14671465754508972,0.16260603070259094,3.0643630786753245e-21,0.16260603070259094,1.4518629312515259,2.1443495750427246,0.6326141953468323,0.9139779210090637,102.79558563232422,1.1614902019500732,-0.05205874145030975,1.1433504819869995,1.0381014347076416,0.9665379524230957,0.997349202632904
455,train,1,0.15000000596046448,0.30000001192092896,315,synthetic_0303,18,0.3499999940395355,8750.0,5.718922138214111,1.2950814962387085,1.3892213106155396,1.3571521043777466,0.03206919878721237,0.6375986933708191,0.7195534110069275,0.3686095178127289,2.9776495580335904e-07,0.35094359517097473,0.16260603070259094,3.0643630786753245e-21,0.16260603070259094,1.81039559841156,2.164010763168335,0.6490147113800049,0.9139779210090637,102.79558563232422,0.9556896686553955,-0.21122105419635773,0.8951311707496643,1.0356025695800781,0.9667336940765381,0.9859703779220581
456,train,1,0.15000000596046448,0.30000001192092896,316,synthetic_0304,0,0.5,12500.0,11.671269416809082,2.5853097438812256,2.7437527179718018,2.679898738861084,0.06385404616594315,1.4847413301467896,1.1951574087142944,0.6136734485626221,5.091375214760774e-07,0.5814834237098694,0.16260603070259094,3.0643630786753245e-21,0.16260603070259094,2.0657269954681396,2.153229236602783,0.6646544933319092,0.9139779210090637,102.79558563232422,0.8057569861412048,-0.28928378224372864,0.7358291745185852,1.032853603363037,0.9669451713562012,0.9786755442619324
457,train,1,0.15000000596046448,0.30000001192092896,317,synthetic_0305,1,0.48499467968940735,12124.8671875,12.240984916687012,3.650383234024048,3.1783902645111084,3.108043670654297,0.07034662365913391,1.3884024620056152,1.7196412086486816,0.14133985340595245,0.6520556211471558,0.9262456893920898,1.592376470565796,0.46262457966804504,0.46262457966804504,2.0530691146850586,1.750925064086914,0.6816542148590088,0.6501062512397766,50.02125549316406,0.9414234757423401,-0.6642234921455383,0.7538288235664368,0.9729424118995667,1.0270345211029053,0.9944677352905273
458,train,1,0.15000000596046448,0.30000001192092896,318,synthetic_0306,2,0.05000000074505806,1250.0,0.1301015466451645,0.04089804366230965,0.03829225152730942,0.03812650963664055,0.00016574373876210302,0.007410178892314434,0.03071633167564869,0.0024468989577144384,0.011876722797751427,0.01639270968735218,1.592376470565796,0.46262457966804504,0.46262457966804504,1.0309813022613525,1.9812180995941162,0.7179394960403442,0.6501062512397766,50.02125549316406,1.1504298448562622,-0.1918393075466156,1.0842205286026,0.9737842082977295,1.0268275737762451,1.0175118446350098
459,train,1,0.15000000596046448,0.30000001192092896,319,synthetic_0307,3,0.20000000298023224,5000.0,2.081624746322632,0.6486465930938721,0.5618489384651184,0.5526549816131592,0.009193973615765572,0.16307738423347473,0.38957759737968445,0.0317072719335556,0.14755746722221375,0.2103128582239151,1.592376470565796,0.46262457966804504,0.46262457966804504,1.4180641174316406,1.9252915382385254,0.6881164312362671,0.6501062512397766,50.02125549316406,1.0625098943710327,-0.4972067177295685,0.9040237069129944,0.9733281135559082,1.0266956090927124,1.0069507360458374
460,train,1,0.15000000596046448,0.30000001192092896,320,synthetic_0308,4,0.3499999940395355,8750.0,6.374975681304932,1.949155569076538,1.6849522590637207,1.6506588459014893,0.03429344668984413,0.6321696043014526,1.0184892416000366,0.08342819660902023,0.3855140507221222,0.5495469570159912,1.592376470565796,0.46262457966804504,0.46262457966804504,1.7949804067611694,1.8281821012496948,0.6831262707710266,0.6501062512397766,50.02125549316406,0.9997010827064514,-0.6055418848991394,0.8180928230285645,0.973176121711731,1.0267385244369507,0.9998282790184021
461,train,1,0.15000000596046448,0.30000001192092896,321,synthetic_0309,5,0.5,12500.0,13.010154724121094,3.867419719696045,3.3705921173095703,3.2955074310302734,0.07508468627929688,1.4928723573684692,1.8026351928710938,0.14820554852485657,0.6837113499641418,0.9707182049751282,1.592376470565796,0.46262457966804504,0.46262457966804504,2.0770397186279297,1.7431719303131104,0.6815870404243469,0.6501062512397766,50.02125549316406,0.9347905516624451,-0.6694725751876831,0.7470455765724182,0.9729126691818237,1.0270768404006958,0.9939043521881104
462,train,1,0.15000000596046448,0.30000001192092896,322,synthetic_0310,6,0.2232939749956131,5582.349609375,3.5709893703460693,0.423092782497406,0.428404837846756,0.42416536808013916,0.004239473957568407,0.18919140100479126,0.2349739670753479,0.01912500523030758,0.08916439116001129,0.12668457627296448,0.013671224005520344,0.08417809754610062,0.08417809754610062,1.3198041915893555,2.0012459754943848,0.6852359771728516,0.9487646222114563,109.75292205810547,0.9536982774734497,-0.37016913294792175,0.847789466381073,0.9663307666778564,1.025457501411438,0.9983665347099304
463,train,1,0.15000000596046448,0.30000001192092896,323,synthetic_0311,7,0.05000000074505806,1250.0,0.17905008792877197,0.021538877859711647,0.02261177822947502,0.02266242355108261,-5.064542710897513e-05,0.007259582635015249,0.015402840450406075,0.0012394116492941976,0.005861135199666023,0.008302293717861176,0.013671224005520344,0.08417809754610062,0.08417809754610062,1.0100287199020386,1.9964240789413452,0.6975955963134766,0.9487646222114563,109.75292205810547,1.1144644021987915,-0.06333233416080475,1.0932899713516235,0.9708544611930847,1.0264991521835327,1.0143284797668457
464,train,1,0.15000000596046448,0.30000001192092896,324,synthetic_0312,8,0.20000000298023224,5000.0,2.8648014068603516,0.3404908776283264,0.34409967064857483,0.3410447835922241,0.0030548889189958572,0.14669759571552277,0.19434720277786255,0.015817780047655106,0.07362488657236099,0.10490452498197556,0.013671224005520344,0.08417809754610062,0.08417809754610062,1.2756311893463135,2.0073137283325195,0.6844653487205505,0.9487646222114563,109.75292205810547,0.9730371832847595,-0.3497300148010254,0.8709470629692078,0.9668189883232117,1.0254509449005127,1.0000827312469482
465,train,1,0.15000000596046448,0.30000001192092896,325,synthetic_0313,9,0.3499999940395355,8750.0,8.773454666137695,1.0161716938018799,1.0465190410614014,1.0319669246673584,0.01455208845436573,0.5418791174888611,0.4900878071784973,0.039871010929346085,0.18763363361358643,0.2625831663608551,0.013671224005520344,0.08417809754610062,0.08417809754610062,1.5386098623275757,1.9554297924041748,0.6896970272064209,0.9487646222114563,109.75292205810547,0.8531626462936401,-0.450206995010376,0.7379326820373535,0.9641151428222656,1.026044249534607,0.9903314709663391
466,train,1,0.15000000596046448,0.30000001192092896,326,synthetic_0314,10,0.5,12500.0,17.90500831604004,1.9973794221878052,2.1065354347229004,2.0714550018310547,0.03508033603429794,1.2459796667099,0.8254752159118652,0.06716319173574448,0.31846287846565247,0.4398491084575653,0.013671224005520344,0.08417809754610062,0.08417809754610062,1.7335368394851685,1.8949719667434692,0.6927504539489746,0.9487646222114563,109.75292205810547,0.7441808581352234,-0.5125586986541748,0.6297499537467957,0.9622482657432556,1.0272586345672607,0.9828822612762451
467,train,1,0.15000000596046448,0.30000001192092896,327,synthetic_0315,11,0.3005605638027191,7514.01416015625,62.831478118896484,0.632882297039032,0.6626386046409607,0.6556258201599121,0.0070128003135323524,0.36752742528915405,0.28809839487075806,0.023378441110253334,0.11121169477701187,0.153508260846138,0.16952036321163177,0.040503621101379395,0.040503621101379395,1.4151026010513306,2.0200281143188477,0.6892361640930176,0.5200037956237793,24.000761032104492,0.6437906622886658,-0.3745076060295105,0.5714592933654785,0.9582428932189941,1.031536340713501,0.9813723564147949
468,train,1,0.15000000596046448,0.30000001192092896,328,synthetic_0316,12,0.05000000074505806,1250.0,1.7388145923614502,0.021595073863863945,0.022814175114035606,0.022893119603395462,-7.894459849921986e-05,0.008013407699763775,0.014879712834954262,0.001183818094432354,0.005762978456914425,0.007932916283607483,0.16952036321163177,0.040503621101379395,0.040503621101379395,1.1149086952209473,2.0704758167266846,0.7118281126022339,0.5200037956237793,24.000761032104492,1.0246009826660156,-0.03660387918353081,1.0133496522903442,0.9646775126457214,1.0289899110794067,1.0082590579986572
469,train,1,0.15000000596046448,0.30000001192092896,329,synthetic_0317,13,0.20000000298023224,5000.0,27.821033477783203,0.3108968436717987,0.3150466978549957,0.3126988410949707,0.002347862347960472,0.15296226739883423,0.15973658859729767,0.012904557399451733,0.061542436480522156,0.0852895975112915,0.16952036321163177,0.040503621101379395,0.040503621101379395,1.3301063776016235,2.0451905727386475,0.6931537389755249,0.5200037956237793,24.000761032104492,0.7727195024490356,-0.3029787540435791,0.7024843096733093,0.9597970247268677,1.0299673080444336,0.9894056916236877
470,train,1,0.15000000596046448,0.30000001192092896,330,synthetic_0318,14,0.3499999940395355,8750.0,85.20191955566406,0.8166818618774414,0.8686244487762451,0.8585361838340759,0.010088253766298294,0.5071136951446533,0.3514224886894226,0.02857734076678753,0.13568533957004547,0.18715980648994446,0.16952036321163177,0.040503621101379395,0.040503621101379395,1.4398969411849976,2.0052034854888916,0.687064528465271,0.5200037956237793,24.000761032104492,0.5903080701828003,-0.40143072605133057,0.5192177295684814,0.957733154296875,1.032286286354065,0.9783118963241577
471,train,1,0.15000000596046448,0.30000001192092896,331,synthetic_0319,15,0.5,12500.0,173.8814697265625,1.4333332777023315,1.613890290260315,1.591763973236084,0.022126367315649986,1.058910846710205,0.5328531265258789,0.043590642511844635,0.20547106862068176,0.2837913930416107,0.16952036321163177,0.040503621101379395,0.040503621101379395,1.4732671976089478,1.9524928331375122,0.6801486015319824,0.5200037956237793,24.000761032104492,0.46331483125686646,-0.46301886439323425,0.3989578187465668,0.9567612409591675,1.0341874361038208,0.9715195298194885
472,train,1,0.15000000596046448,0.30000001192092896,332,synthetic_0320,16,0.0937294214963913,2343.235595703125,1.224294900894165,0.0894884467124939,0.12241571396589279,0.11998859792947769,0.002427112776786089,0.03112184815108776,0.08886674791574478,0.04513736069202423,3.5641150475385075e-08,0.043729349970817566,0.027168547734618187,7.603260392307401e-23,0.027168547734618187,1.2321842908859253,2.401852607727051,0.6358344554901123,0.9555113911628723,111.1022720336914,1.287009358406067,0.2316233068704605,1.3764396905899048,1.0360709428787231,0.9649887084960938,1.0037516355514526
473,train,1,0.15000000596046448,0.30000001192092896,333,synthetic_0321,17,0.05000000074505806,1250.0,0.34839680790901184,0.025552166625857353,0.039897046983242035,0.03922959417104721,0.0006674546166323125,0.009118063375353813,0.030111530795693398,0.015245981514453888,1.266825755408263e-08,0.014865536242723465,0.027168547734618187,7.603260392307401e-23,0.027168547734618187,1.2685999870300293,2.5718579292297363,0.6681230068206787,0.9555113911628723,111.1022720336914,1.3575475215911865,0.4184744656085968,1.5279773473739624,1.0345708131790161,0.9649982452392578,1.0087542533874512
474,train,1,0.15000000596046448,0.30000001192092896,334,synthetic_0322,18,0.20000000298023224,5000.0,5.5743489265441895,0.4007095992565155,0.461372435092926,0.45121899247169495,0.010153451934456825,0.162875235080719,0.28834375739097595,0.1471966952085495,1.1520752707383508e-07,0.1411469429731369,0.027168547734618187,7.603260392307401e-23,0.027168547734618187,1.4163062572479248,2.3000710010528564,0.6275774240493774,0.9555113911628723,111.1022720336914,1.0444968938827515,-0.037245191633701324,1.0328261852264404,1.0327098369598389,0.9659510254859924,0.9902656078338623
475,train,1,0.15000000596046448,0.30000001192092896,335,synthetic_0323,0,0.3499999940395355,8750.0,17.071443557739258,1.1771270036697388,1.2225356101989746,1.1948720216751099,0.027663571760058403,0.6081949472427368,0.586677074432373,0.3004996180534363,2.442997981688677e-07,0.2861771881580353,0.027168547734618187,7.603260392307401e-23,0.027168547734618187,1.726906657218933,2.2200746536254883,0.646613359451294,0.9555113911628723,111.1022720336914,0.7643093466758728,-0.20085817575454712,0.718254029750824,1.0255833864212036,0.9670896530151367,0.9767017960548401
476,train,1,0.15000000596046448,0.30000001192092896,336,synthetic_0324,1,0.5,12500.0,34.83967971801758,2.274836540222168,2.2999234199523926,2.2478387355804443,0.05208470672369003,1.3860232830047607,0.8618154525756836,0.4415929913520813,3.705896745032078e-07,0.42022207379341125,0.027168547734618187,7.603260392307401e-23,0.027168547734618187,1.9283801317214966,2.1262731552124023,0.6623892188072205,0.9555113911628723,111.1022720336914,0.59221351146698,-0.27419614791870117,0.5434987545013428,1.0189979076385498,0.9682610630989075,0.9696834087371826
477,train,1,0.15000000596046448,0.30000001192092896,337,synthetic_0325,2,0.28324833512306213,7081.20849609375,3.213536024093628,0.6865761280059814,0.7008985280990601,0.6923497319221497,0.008548787795007229,0.32611018419265747,0.3662395477294922,0.02990027889609337,0.13884441554546356,0.19749486446380615,0.020396659150719643,0.1402955949306488,0.1402955949306488,1.4138123989105225,1.9711475372314453,0.6842281818389893,0.9476897120475769,109.5379409790039,0.9579885601997375,-0.4273545444011688,0.8351683020591736,0.9676406383514404,1.024255633354187,0.9968657493591309
478,train,1,0.15000000596046448,0.30000001192092896,338,synthetic_0326,3,0.05000000074505806,1250.0,0.10013558715581894,0.021695056930184364,0.022492220625281334,0.02253890223801136,-4.6682027459610254e-05,0.007088844198733568,0.01545005850493908,0.0012478056596592069,0.0058484990149736404,0.008353753946721554,0.020396659150719643,0.1402955949306488,0.1402955949306488,0.9862738847732544,1.9698604345321655,0.693455159664154,0.9476897120475769,109.5379409790039,1.1375271081924438,-0.07126861810684204,1.113206148147583,0.9728872776031494,1.0256133079528809,1.015872597694397
479,train,1,0.15000000596046448,0.30000001192092896,339,synthetic_0327,4,0.20000000298023224,5000.0,1.602169394493103,0.3447791337966919,0.3475983440876007,0.34448933601379395,0.0031090176198631525,0.1438673883676529,0.20062196254730225,0.01638701744377613,0.07557042688131332,0.10866451263427734,0.020396659150719643,0.1402955949306488,0.1402955949306488,1.2510205507278442,1.9936726093292236,0.6805694103240967,0.9476897120475769,109.5379409790039,1.0167511701583862,-0.3623526394367218,0.9062244296073914,0.9692080020904541,1.0243268013000488,1.002413272857666
480,train,1,0.15000000596046448,0.30000001192092896,340,synthetic_0328,5,0.3499999940395355,8750.0,4.906643390655518,1.0404884815216064,1.0749080181121826,1.0597474575042725,0.015160584822297096,0.5409488081932068,0.5187985897064209,0.04232669621706009,0.1976691037416458,0.2788027822971344,0.020396659150719643,0.1402955949306488,0.1402955949306488,1.5359681844711304,1.9465388059616089,0.6872252225875854,0.9476897120475769,109.5379409790039,0.9123080968856812,-0.46524131298065186,0.7849751114845276,0.9665538668632507,1.0244563817977905,0.9930036067962646
481,train,1,0.15000000596046448,0.30000001192092896,341,synthetic_0329,6,0.5,12500.0,10.013558387756348,2.0771210193634033,2.2016875743865967,2.164243698120117,0.03744395822286606,1.2695115804672241,0.8947319984436035,0.07292190194129944,0.34403055906295776,0.4777795076370239,0.020396659150719643,0.1402955949306488,0.1402955949306488,1.7662769556045532,1.886276364326477,0.6922394037246704,0.9476897120475769,109.5379409790039,0.8141690492630005,-0.5278403759002686,0.6852436661720276,0.9645713567733765,1.0253193378448486,0.985702633857727
482,train,1,0.15000000596046448,0.30000001192092896,342,synthetic_0330,7,0.36611783504486084,9152.9462890625,15.451948165893555,1.2674291133880615,1.3645946979522705,1.3335156440734863,0.031079012900590897,0.6835346221923828,0.6499810218811035,0.3330901563167572,2.712243087898969e-07,0.31689056754112244,0.35334235429763794,1.4643908973543522e-23,0.35334235429763794,1.77370285987854,2.207350730895996,0.6488285064697266,0.6547725796699524,50.95452117919922,0.7806224822998047,-0.21390260756015778,0.7305293083190918,1.0273531675338745,0.9669809937477112,0.9773886799812317
483,train,1,0.15000000596046448,0.30000001192092896,343,synthetic_0331,8,0.05000000074505806,1250.0,0.28819170594215393,0.025009041652083397,0.03921356052160263,0.038545433431863785,0.0006681254017166793,0.009036638773977757,0.029508795589208603,0.014941430650651455,1.2379669733775245e-08,0.014567351900041103,0.35334235429763794,1.4643908973543522e-23,0.35334235429763794,1.2572712898254395,2.517049551010132,0.6665061712265015,0.6547725796699524,50.95452117919922,1.3619437217712402,0.4094976484775543,1.5292576551437378,1.0351146459579468,0.9650780558586121,1.0091990232467651
484,train,1,0.15000000596046448,0.30000001192092896,344,synthetic_0332,9,0.20000000298023224,5000.0,4.611067295074463,0.3935404121875763,0.46570396423339844,0.4554084241390228,0.010295550338923931,0.16352304816246033,0.2918853759765625,0.14899003505706787,1.1657195386760577e-07,0.14289523661136627,0.35334235429763794,1.4643908973543522e-23,0.35334235429763794,1.4219393730163574,2.2715020179748535,0.6281343698501587,0.6547725796699524,50.95452117919922,1.070049524307251,-0.0399136058986187,1.057236671447754,1.034000039100647,0.9659755229949951,0.9917017817497253
485,train,1,0.15000000596046448,0.30000001192092896,345,synthetic_0333,10,0.3499999940395355,8750.0,14.121393203735352,1.1637076139450073,1.2591204643249512,1.2304704189300537,0.028649991378188133,0.6147052049636841,0.6157652139663696,0.3154943585395813,2.559179677064094e-07,0.30027055740356445,0.35334235429763794,1.4643908973543522e-23,0.35334235429763794,1.7453919649124146,2.2149341106414795,0.6468273401260376,0.6547725796699524,50.95452117919922,0.803026556968689,-0.20322109758853912,0.7540690302848816,1.0279983282089233,0.9668841361999512,0.9783934354782104
486,train,1,0.15000000596046448,0.30000001192092896,346,synthetic_0334,11,0.5,12500.0,28.819169998168945,2.2643258571624756,2.3892712593078613,2.334763288497925,0.05450806766748428,1.4085637331008911,0.9261994957923889,0.47496113181114197,3.9744386981510615e-07,0.4512379765510559,0.35334235429763794,1.4643908973543522e-23,0.35334235429763794,1.9597407579421997,2.138242721557617,0.6628776788711548,0.6547725796699524,50.95452117919922,0.6321083307266235,-0.2777017056941986,0.5794470906257629,1.0222474336624146,0.967835545539856,0.9711885452270508
487,train,1,0.15000000596046448,0.30000001192092896,347,synthetic_0335,12,0.4145510196685791,10363.775390625,131.957763671875,1.4845365285873413,1.7040226459503174,1.6703914403915405,0.03363114967942238,0.9348750114440918,0.7355164289474487,0.37438100576400757,3.179321197421814e-07,0.3611350953578949,0.322755366563797,3.2655494383505247e-20,0.322755366563797,1.8921680450439453,1.9481674432754517,0.6488245725631714,0.4931953251361847,18.639062881469727,0.4307155907154083,-0.4547670781612396,0.37195301055908203,1.002125859260559,0.9837320446968079,0.9666696786880493
488,train,1,0.15000000596046448,0.30000001192092896,348,synthetic_0336,13,0.05000000074505806,1250.0,1.9196364879608154,0.028246134519577026,0.07588615268468857,0.07474177330732346,0.0011443777475506067,0.009692410938441753,0.06504936516284943,0.03278225287795067,2.90949575543209e-08,0.03226708620786667,0.322755366563797,3.2655494383505247e-20,0.322755366563797,1.3485091924667358,2.8484113216400146,0.703192412853241,0.4931953251361847,18.639062881469727,1.3540846109390259,0.35002443194389343,1.496273398399353,1.025566577911377,0.9708002805709839,1.0094499588012695
489,train,1,0.15000000596046448,0.30000001192092896,349,synthetic_0337,14,0.20000000298023224,5000.0,30.714183807373047,0.40950697660446167,0.6245015859603882,0.6114540100097656,0.013047604821622372,0.1739787608385086,0.4374752640724182,0.2224307507276535,1.7805025720463163e-07,0.21504433453083038,0.322755366563797,3.2655494383505247e-20,0.322755366563797,1.5128586292266846,2.260430097579956,0.6272469758987427,0.4931953251361847,18.639062881469727,0.8710912466049194,-0.2572873532772064,0.8038550019264221,1.0201047658920288,0.9763718843460083,0.9862292408943176
490,train,1,0.15000000596046448,0.30000001192092896,350,synthetic_0338,15,0.3499999940395355,8750.0,94.06218719482422,1.1059187650680542,1.3236911296844482,1.2970153093338013,0.026675866916775703,0.6412608623504639,0.6557544469833374,0.33393779397010803,2.785519654935342e-07,0.3218163847923279,0.322755366563797,3.2655494383505247e-20,0.322755366563797,1.8207939863204956,2.0162277221679688,0.6414121985435486,0.4931953251361847,18.639062881469727,0.5129456520080566,-0.4238964319229126,0.4477148950099945,1.0066237449645996,0.9818200469017029,0.9700847864151001
491,train,1,0.15000000596046448,0.30000001192092896,351,synthetic_0339,16,0.5,12500.0,191.96363830566406,1.912611961364746,2.2912790775299072,2.247112274169922,0.04416676238179207,1.4032365083694458,0.8438758254051208,0.4291653335094452,3.716661183261749e-07,0.414710134267807,0.322755366563797,3.2655494383505247e-20,0.322755366563797,1.9523288011550903,1.8734188079833984,0.6570206880569458,0.4931953251361847,18.639062881469727,0.3577297329902649,-0.47971534729003906,0.30624720454216003,0.9973701238632202,0.985977292060852,0.9637765288352966
492,train,1,0.15000000596046448,0.30000001192092896,352,synthetic_0340,17,0.27568233013153076,6892.05810546875,4.21627140045166,0.850829005241394,0.871621310710907,0.8517313599586487,0.019889971241354942,0.35716062784194946,0.4945707321166992,0.25293007493019104,2.0119232146953436e-07,0.24164044857025146,0.2899787127971649,1.3258821695011186e-21,0.2899787127971649,1.6345863342285156,2.1749255657196045,0.6395002603530884,0.8312411904335022,86.24823760986328,1.0299662351608276,-0.14689350128173828,0.9845776557922363,1.0360888242721558,0.9665591716766357,0.989842414855957
493,train,1,0.15000000596046448,0.30000001192092896,353,synthetic_0341,18,0.05000000074505806,1250.0,0.1386917680501938,0.028430797159671783,0.03685985133051872,0.036195725202560425,0.0006641244399361312,0.008800184354186058,0.027395542711019516,0.013872731477022171,1.139923000437193e-08,0.013522799126803875,0.2899787127971649,1.3258821695011186e-21,0.2899787127971649,1.2243733406066895,2.3304836750030518,0.661766767501831,0.8312411904335022,86.24823760986328,1.3755170106887817,0.3768961727619171,1.5310450792312622,1.036803960800171,0.9655316472053528,1.0106511116027832
494,train,1,0.15000000596046448,0.30000001192092896,354,synthetic_0342,0,0.20000000298023224,5000.0,2.2190682888031006,0.45124778151512146,0.4757378101348877,0.4650971293449402,0.010640687309205532,0.16623945534229279,0.2988576889038086,0.15244781970977783,1.195761427652542e-07,0.1464097499847412,0.2899787127971649,1.3258821695011186e-21,0.2899787127971649,1.445560336112976,2.1668155193328857,0.6315780878067017,0.8312411904335022,86.24823760986328,1.1473512649536133,-0.04984240606427193,1.1301952600479126,1.0375152826309204,0.9663892388343811,0.9964219927787781
495,train,1,0.15000000596046448,0.30000001192092896,355,synthetic_0343,1,0.3499999940395355,8750.0,6.795896530151367,1.3580296039581299,1.3695517778396606,1.337985873222351,0.03156592696905136,0.6340047121047974,0.7039811611175537,0.3606926202774048,2.9139866342120513e-07,0.34328827261924744,0.2899787127971649,1.3258821695011186e-21,0.2899787127971649,1.8001909255981445,2.1757097244262695,0.6484497785568237,0.8312411904335022,86.24823760986328,0.9307507276535034,-0.210090771317482,0.8720881342887878,1.0345432758331299,0.9666826128959656,0.9846237897872925
496,train,1,0.15000000596046448,0.30000001192092896,356,synthetic_0344,2,0.5,12500.0,13.869176864624023,2.7006938457489014,2.6860880851745605,2.6237168312072754,0.062371283769607544,1.4736063480377197,1.1501106023788452,0.5905443429946899,4.904500769953302e-07,0.5595657825469971,0.2899787127971649,1.3258821695011186e-21,0.2899787127971649,2.050234794616699,2.1545538902282715,0.6643338203430176,0.8312411904335022,86.24823760986328,0.7756400108337402,-0.28773370385169983,0.7086866497993469,1.0313583612442017,0.9670006632804871,0.977255642414093
497,train,1,0.15000000596046448,0.30000001192092896,357,synthetic_0345,3,0.4081067144870758,10202.66796875,28.217479705810547,2.172137975692749,2.4761135578155518,2.4187698364257812,0.05734379589557648,1.0454485416412354,1.373321294784546,0.7039608955383301,5.843316444043012e-07,0.6693598628044128,0.6468876600265503,9.711635680828392e-23,0.6468876600265503,2.183319568634033,1.943091630935669,0.6583797931671143,0.5951583981513977,39.03168487548828,0.8073131442070007,-0.429883748292923,0.7031978964805603,1.031119465827942,0.9749999642372131,0.9804378747940063
498,train,1,0.15000000596046448,0.30000001192092896,358,synthetic_0346,4,0.05000000074505806,1250.0,0.4235559403896332,0.035928208380937576,0.06573981046676636,0.06460677087306976,0.0011330366833135486,0.008897228166460991,0.05570954084396362,0.028143294155597687,2.4139767518249755e-08,0.027566220611333847,0.6468876600265503,9.711635680828392e-23,0.6468876600265503,1.2378751039505005,2.4067256450653076,0.6862921714782715,0.5951583981513977,39.03168487548828,1.3915268182754517,0.2826268672943115,1.5095115900039673,1.0328816175460815,0.9681907296180725,1.011702537536621
499,train,1,0.15000000596046448,0.30000001192092896,359,synthetic_0347,5,0.20000000298023224,5000.0,6.776895046234131,0.5610352158546448,0.7057889699935913,0.6896533966064453,0.016135571524500847,0.17472973465919495,0.5149236917495728,0.2621694505214691,2.0807168255032593e-07,0.2527540624141693,0.6468876600265503,9.711635680828392e-23,0.6468876600265503,1.5193886756896973,1.9866230487823486,0.6343833208084106,0.5951583981513977,39.03168487548828,1.1445376873016357,-0.24096745252609253,1.0617988109588623,1.0357218980789185,0.9718149304389954,0.9985255599021912
500,train,1,0.15000000596046448,0.30000001192092896,360,synthetic_0348,6,0.3499999940395355,8750.0,20.754241943359375,1.6353265047073364,1.890752911567688,1.8468506336212158,0.04390229284763336,0.7189590334892273,1.1278915405273438,0.5773972272872925,4.7283504045481095e-07,0.5504938960075378,0.6468876600265503,9.711635680828392e-23,0.6468876600265503,2.041409969329834,1.9473406076431274,0.6509158611297607,0.5951583981513977,39.03168487548828,0.8873391151428223,-0.39803338050842285,0.7813819050788879,1.0325524806976318,0.9742792844772339,0.9844415187835693
501,train,1,0.15000000596046448,0.30000001192092896,361,synthetic_0349,7,0.5,12500.0,42.355594635009766,3.1377668380737305,3.523751974105835,3.4427297115325928,0.08102216571569443,1.6854802370071411,1.7572494745254517,0.9019747376441956,7.633811947016511e-07,0.855273962020874,0.6468876600265503,9.711635680828392e-23,0.6468876600265503,2.34501576423645,1.9345507621765137,0.6690759658813477,0.5951583981513977,39.03168487548828,0.702284574508667,-0.46536749601364136,0.6042384505271912,1.0288324356079102,0.976062536239624,0.9755635261535645
502,train,1,0.15000000596046448,0.30000001192092896,362,synthetic_0350,8,0.09229186922311783,2307.296875,5.417901515960693,0.07088303565979004,0.07336768507957458,0.07328589260578156,8.17947875475511e-05,0.028792845085263252,0.04449304938316345,0.003569359192624688,0.017111103981733322,0.023812588304281235,0.004280332010239363,0.012267816811800003,0.012267816811800003,1.1757631301879883,2.060652732849121,0.699870228767395,0.9331978559494019,106.63957214355469,0.9483675360679626,-0.1609361469745636,0.9025795459747314,0.9630298614501953,1.0288500785827637,1.0020701885223389
503,train,1,0.15000000596046448,0.30000001192092896,363,synthetic_0351,9,0.05000000074505806,1250.0,1.590172290802002,0.021160881966352463,0.022820239886641502,0.02289750799536705,-7.726779585937038e-05,0.007983173243701458,0.014914334751665592,0.0011869918089359999,0.005772947333753109,0.00795439537614584,0.004280332010239363,0.012267816811800003,0.012267816811800003,1.1107022762298584,2.068567991256714,0.7113610506057739,0.9331978559494019,106.63957214355469,1.028260350227356,-0.03718520328402519,1.0167895555496216,0.9648804664611816,1.0289052724838257,1.008497953414917
504,train,1,0.15000000596046448,0.30000001192092896,364,synthetic_0352,10,0.20000000298023224,5000.0,25.44275665283203,0.3070632517337799,0.3168034851551056,0.3144090175628662,0.0023944738786667585,0.15297523140907288,0.16143378615379333,0.013042312115430832,0.06216886267066002,0.08622261881828308,0.004280332010239363,0.012267816811800003,0.012267816811800003,1.3302192687988281,2.0436441898345947,0.6931008100509644,0.9331978559494019,106.63957214355469,0.7817180752754211,-0.3042680025100708,0.7103626132011414,0.9600103497505188,1.0297693014144897,0.989884614944458
505,train,1,0.15000000596046448,0.30000001192092896,365,synthetic_0353,11,0.3499999940395355,8750.0,77.91844177246094,0.8118616342544556,0.8774533271789551,0.8671353459358215,0.010317951440811157,0.5097327828407288,0.3574025630950928,0.02905505709350109,0.13799749314785004,0.1903499960899353,0.004280332010239363,0.012267816811800003,0.012267816811800003,1.447333574295044,2.0026862621307373,0.6875680685043335,0.9331978559494019,106.63957214355469,0.6010947227478027,-0.40274739265441895,0.5284678936004639,0.9579014778137207,1.0320402383804321,0.9788001775741577
506,train,1,0.15000000596046448,0.30000001192092896,366,synthetic_0354,12,0.5,12500.0,159.01722717285156,1.4528971910476685,1.6348472833633423,1.6121711730957031,0.022676140069961548,1.0682519674301147,0.5439192056655884,0.04447391256690025,0.20982256531715393,0.2896227240562439,0.004280332010239363,0.012267816811800003,0.012267816811800003,1.4862635135650635,1.9502006769180298,0.6810111999511719,0.9331978559494019,106.63957214355469,0.47346732020378113,-0.4646759033203125,0.4074646532535553,0.9568915367126465,1.033944845199585,0.9719234108924866
507,train,1,0.15000000596046448,0.30000001192092896,367,synthetic_0355,13,0.29419007897377014,7354.751953125,198.16737365722656,0.5716509222984314,0.5569826364517212,0.5523087978363037,0.004673837684094906,0.32953932881355286,0.22276946902275085,0.018151236698031425,0.08593300729990005,0.11868522316217422,0.1624104380607605,0.025186359882354736,0.025186359882354736,1.3243823051452637,2.0489931106567383,0.6825870275497437,0.5550755858421326,31.015113830566406,0.512538731098175,-0.35821422934532166,0.45745912194252014,0.9563657641410828,1.0345746278762817,0.9753409624099731
508,train,1,0.15000000596046448,0.30000001192092896,368,synthetic_0356,14,0.05000000074505806,1250.0,5.724216938018799,0.025858033448457718,0.022549673914909363,0.022653238847851753,-0.00010356451093684882,0.008391113951802254,0.0142621248960495,0.0011302824132144451,0.005563041195273399,0.007568801287561655,0.1624104380607605,0.025186359882354736,0.025186359882354736,1.16745924949646,2.087543249130249,0.7169785499572754,0.5550755858421326,31.015113830566406,0.9724436402320862,-0.03548568859696388,0.9620912671089172,0.962192177772522,1.0302035808563232,1.0049488544464111
509,train,1,0.15000000596046448,0.30000001192092896,369,synthetic_0357,15,0.20000000298023224,5000.0,91.58747100830078,0.32098010182380676,0.28641366958618164,0.28477269411087036,0.0016409695381298661,0.15006642043590546,0.1347062587738037,0.010897531174123287,0.05209070071578026,0.07171802967786789,0.1624104380607605,0.025186359882354736,0.025186359882354736,1.3049250841140747,2.066114902496338,0.6911367177963257,0.5550755858421326,31.015113830566406,0.6452937126159668,-0.2924638092517853,0.5886761546134949,0.9574229717254639,1.0327948331832886,0.9827568531036377
510,train,1,0.15000000596046448,0.30000001192092896,370,synthetic_0358,16,0.3499999940395355,8750.0,280.48663330078125,0.9845208525657654,0.7459119558334351,0.738847017288208,0.007064961362630129,0.46584320068359375,0.27300384640693665,0.02232564426958561,0.10509829223155975,0.14557990431785583,0.1624104380607605,0.025186359882354736,0.025186359882354736,1.3227136135101318,2.0314879417419434,0.6779099106788635,0.5550755858421326,31.015113830566406,0.45376893877983093,-0.3868359923362732,0.4011087119579315,0.956000804901123,1.0354282855987549,0.972294270992279
511,train,1,0.15000000596046448,0.30000001192092896,371,synthetic_0359,17,0.5,12500.0,572.4216918945312,1.5730706453323364,1.3507091999053955,1.3351668119430542,0.015542415902018547,0.9346697330474854,0.40049707889556885,0.0330105796456337,0.15330283343791962,0.21418364346027374,0.1624104380607605,0.025186359882354736,0.025186359882354736,1.3004099130630493,1.9675993919372559,0.6673669815063477,0.5550755858421326,31.015113830566406,0.34584754705429077,-0.43989989161491394,0.3002060651779175,0.9554846286773682,1.0370460748672485,0.9669386148452759
512,train,1,0.15000000596046448,0.30000001192092896,372,synthetic_0360,18,0.06680668145418167,1670.1671142578125,0.9716455936431885,0.041160471737384796,0.03983251750469208,0.03985854238271713,-2.6023388272733428e-05,0.013914572075009346,0.025943968445062637,0.0020830342546105385,0.00992306973785162,0.013937864452600479,0.0007987113785929978,0.010131679475307465,0.010131679475307465,1.0844067335128784,2.0403459072113037,0.6989687085151672,0.9220579862594604,104.4115982055664,1.0452380180358887,-0.10833903402090073,1.0112659931182861,0.9668389558792114,1.0277515649795532,1.009011149406433
513,train,1,0.15000000596046448,0.30000001192092896,373,synthetic_0361,0,0.05000000074505806,1250.0,0.5442620515823364,0.023100288584828377,0.02278638444840908,0.022847171872854233,-6.078803926357068e-05,0.007618015632033348,0.01522915717214346,0.0012179199839010835,0.005848980043083429,0.008162257261574268,0.0007987113785929978,0.010131679475307465,0.010131679475307465,1.0598976612091064,2.0391132831573486,0.705083966255188,0.9220579862594604,104.4115982055664,1.0708755254745483,-0.048026666045188904,1.0554463863372803,0.9675376415252686,1.0278518199920654,1.0113499164581299
514,train,1,0.15000000596046448,0.30000001192092896,374,synthetic_0362,1,0.20000000298023224,5000.0,8.708192825317383,0.3565523028373718,0.3336159884929657,0.3307819366455078,0.002834051614627242,0.15119455754756927,0.17958736419677734,0.014541605487465858,0.06868724524974823,0.09635850787162781,0.0007987113785929978,0.010131679475307465,0.010131679475307465,1.3147350549697876,2.02660870552063,0.6904123425483704,0.9220579862594604,104.4115982055664,0.8820744752883911,-0.32439178228378296,0.7962331771850586,0.9629614949226379,1.027557611465454,0.9952418208122253
515,train,1,0.15000000596046448,0.30000001192092896,375,synthetic_0363,2,0.3499999940395355,8750.0,26.668840408325195,1.0172135829925537,0.9729143381118774,0.9601141214370728,0.012800199910998344,0.5333886742591858,0.42672544717788696,0.03463362157344818,0.16442732512950897,0.227664515376091,0.0007987113785929978,0.010131679475307465,0.010131679475307465,1.514501929283142,1.9750038385391235,0.6910841464996338,0.9220579862594604,104.4115982055664,0.7296167612075806,-0.4227167069911957,0.6370903849601746,0.9604163765907288,1.0290744304656982,0.9846888780593872
516,train,1,0.15000000596046448,0.30000001192092896,376,synthetic_0364,3,0.5,12500.0,54.426204681396484,1.9040957689285278,1.8830739259719849,1.8537898063659668,0.029284106567502022,1.1711584329605103,0.6826313734054565,0.05556906387209892,0.26399970054626465,0.36306264996528625,0.0007987113785929978,0.010131679475307465,0.010131679475307465,1.6294375658035278,1.919542908668518,0.6893298625946045,0.9220579862594604,104.4115982055664,0.6042119860649109,-0.4858633279800415,0.5161426663398743,0.9589416980743408,1.0308072566986084,0.9771982431411743
517,train,1,0.15000000596046448,0.30000001192092896,377,synthetic_0365,4,0.2850094735622406,7125.23681640625,47.026939392089844,0.9032544493675232,0.9630803465843201,0.9465903639793396,0.016489963978528976,0.3875453472137451,0.5590450167655945,0.04556269943714142,0.21235035359859467,0.3011319637298584,0.3280763328075409,0.08260387182235718,0.08260387182235718,1.6594574451446533,1.912626028060913,0.6790997982025146,0.5218376517295837,24.367528915405273,0.7826091051101685,-0.5619275569915771,0.6506782174110413,0.963232696056366,1.031058430671692,0.9929346442222595
518,train,1,0.15000000596046448,0.30000001192092896,378,synthetic_0366,5,0.05000000074505806,1250.0,1.4473319053649902,0.032904546707868576,0.03694278001785278,0.03682572767138481,0.0001170541945612058,0.008142814971506596,0.02868291363120079,0.0022548448760062456,0.011255502700805664,0.015172566287219524,0.3280763328075409,0.08260387182235718,0.08260387182235718,1.1329132318496704,2.026623487472534,0.730471134185791,0.5218376517295837,24.367528915405273,1.0494526624679565,-0.2064249962568283,0.9844626784324646,0.9661421179771423,1.0297415256500244,1.0139707326889038
519,train,1,0.15000000596046448,0.30000001192092896,379,synthetic_0367,6,0.20000000298023224,5000.0,23.157310485839844,0.4812130630016327,0.4999932646751404,0.49259185791015625,0.0074014198035001755,0.17352361977100372,0.3190682530403137,0.0258205346763134,0.12171820551156998,0.17152950167655945,0.3280763328075409,0.08260387182235718,0.08260387182235718,1.508900761604309,1.9539300203323364,0.68779456615448,0.5218376517295837,24.367528915405273,0.8615150451660156,-0.4991927146911621,0.732496440410614,0.9638898968696594,1.030388593673706,0.9987183213233948
520,train,1,0.15000000596046448,0.30000001192092896,380,synthetic_0368,7,0.3499999940395355,8750.0,70.91926574707031,1.2812161445617676,1.3968843221664429,1.3714045286178589,0.0254797525703907,0.6137309670448303,0.7576735615730286,0.0619974248111248,0.28732967376708984,0.4083464741706848,0.3280763328075409,0.08260387182235718,0.08260387182235718,1.7426257133483887,1.8840290307998657,0.6746538877487183,0.5218376517295837,24.367528915405273,0.7263036370277405,-0.5968489050865173,0.5962556004524231,0.9628402590751648,1.031625509262085,0.9891255497932434
521,train,1,0.15000000596046448,0.30000001192092896,381,synthetic_0369,8,0.5,12500.0,144.7332000732422,2.302137613296509,2.6146230697631836,2.5628700256347656,0.05175315961241722,1.3378031253814697,1.2250667810440063,0.10089866071939468,0.46407800912857056,0.6600900888442993,0.3280763328075409,0.08260387182235718,0.08260387182235718,1.8612911701202393,1.8244678974151611,0.6682717800140381,0.5218376517295837,24.367528915405273,0.6110532283782959,-0.6530178189277649,0.4913446009159088,0.9621874094009399,1.0328903198242188,0.9817919731140137
522,train,1,0.15000000596046448,0.30000001192092896,382,synthetic_0370,9,0.08840636163949966,2210.158935546875,8.345870971679688,0.13924625515937805,0.1997431218624115,0.19612915813922882,0.0036139660514891148,0.02939312718808651,0.16673603653907776,0.08422490954399109,7.061670004304688e-08,0.0825110673904419,0.053290560841560364,6.941702325874101e-22,0.053290560841560364,1.3080997467041016,2.7372567653656006,0.6619471311569214,0.7311691641807556,66.23383331298828,1.2321100234985352,0.133148655295372,1.281326174736023,1.024181604385376,0.9729305505752563,1.0033410787582397
523,train,1,0.15000000596046448,0.30000001192092896,383,synthetic_0371,10,0.05000000074505806,1250.0,2.669590473175049,0.04550977423787117,0.07795518636703491,0.0768226683139801,0.001132514444179833,0.009900390170514584,0.06692227721214294,0.033696845173835754,3.017866134769065e-08,0.033225398510694504,0.053290560841560364,6.941702325874101e-22,0.053290560841560364,1.3774454593658447,2.9534425735473633,0.7071864604949951,0.7311691641807556,66.23383331298828,1.3403303623199463,0.36431437730789185,1.4868208169937134,1.02315354347229,0.9718044996261597,1.0088387727737427
524,train,1,0.15000000596046448,0.30000001192092896,384,synthetic_0372,11,0.20000000298023224,5000.0,42.71344757080078,0.6409081220626831,0.5819234251976013,0.5702157020568848,0.011707715690135956,0.17109927535057068,0.3991163969039917,0.2026374787092209,1.6341783748430316e-07,0.19647876918315887,0.053290560841560364,6.941702325874101e-22,0.053290560841560364,1.4878196716308594,2.3051445484161377,0.626528799533844,0.7311691641807556,66.23383331298828,0.7833804488182068,-0.2581453025341034,0.7227126955986023,1.0136189460754395,0.978531002998352,0.9828121662139893
525,train,1,0.15000000596046448,0.30000001192092896,385,synthetic_0373,12,0.3499999940395355,8750.0,130.8099365234375,1.711867332458496,1.1782457828521729,1.1558327674865723,0.022413009777665138,0.6054606437683105,0.5503721237182617,0.2794647812843323,2.35249032698448e-07,0.27090707421302795,0.053290560841560364,6.941702325874101e-22,0.053290560841560364,1.719143033027649,1.9984153509140015,0.6398657560348511,0.7311691641807556,66.23383331298828,0.4364747107028961,-0.4217855632305145,0.38124510645866394,0.9981130361557007,0.9848110675811768,0.9675490856170654
526,train,1,0.15000000596046448,0.30000001192092896,386,synthetic_0374,13,0.5,12500.0,266.95904541015625,2.687286138534546,2.0406291484832764,2.003714084625244,0.0369151309132576,1.301839828491211,0.7018743753433228,0.35580089688301086,3.102853440850595e-07,0.346073180437088,0.053290560841560364,6.941702325874101e-22,0.053290560841560364,1.8112552165985107,1.830580711364746,0.6540290117263794,0.7311691641807556,66.23383331298828,0.30527767539024353,-0.47288942337036133,0.2619689106941223,0.9892523884773254,0.9892945289611816,0.9622058868408203
527,train,1,0.15000000596046448,0.30000001192092896,387,synthetic_0375,14,0.33684346079826355,8421.0859375,31.78793716430664,1.4295263290405273,1.63601553440094,1.599047303199768,0.03696824610233307,0.6454516649246216,0.9535956382751465,0.4878906309604645,3.9893373582344793e-07,0.46570464968681335,0.41436153650283813,1.207891070082185e-22,0.41436153650283813,1.9786529541015625,1.9911085367202759,0.6459014415740967,0.5849093198776245,36.98186492919922,0.7969793081283569,-0.4030185341835022,0.7006199955940247,1.0274661779403687,0.9755304455757141,0.9807438254356384
528,train,1,0.15000000596046448,0.30000001192092896,388,synthetic_0376,15,0.05000000074505806,1250.0,0.7003999948501587,0.03503275290131569,0.06901693344116211,0.06787091493606567,0.0011460192035883665,0.009125704877078533,0.058745212852954865,0.029659725725650787,2.5695316097085197e-08,0.029085461050271988,0.41436153650283813,1.207891070082185e-22,0.41436153650283813,1.2696629762649536,2.5420734882354736,0.6914786100387573,0.5849093198776245,36.98186492919922,1.3825860023498535,0.304571270942688,1.508914828300476,1.0309866666793823,0.9687737822532654,1.011024832725525
529,train,1,0.15000000596046448,0.30000001192092896,389,synthetic_0377,16,0.20000000298023224,5000.0,11.206399917602539,0.538733184337616,0.6949395537376404,0.6793470978736877,0.015592462383210659,0.17561538517475128,0.5037317276000977,0.25649431347846985,2.0349401097519149e-07,0.2472372055053711,0.41436153650283813,1.207891070082185e-22,0.41436153650283813,1.527090072631836,2.0726521015167236,0.6316694617271423,0.5849093198776245,36.98186492919922,1.0789084434509277,-0.2475890815258026,0.9987706542015076,1.032533884048462,0.9726342558860779,0.9952687621116638
530,train,1,0.15000000596046448,0.30000001192092896,390,synthetic_0378,17,0.3499999940395355,8750.0,34.31959915161133,1.5325080156326294,1.7427010536193848,1.7033686637878418,0.03933241218328476,0.7084720730781555,0.9948965311050415,0.5091632604598999,4.177572350272385e-07,0.4857328236103058,0.41436153650283813,1.207891070082185e-22,0.41436153650283813,2.0116331577301025,1.986391544342041,0.6476315855979919,0.5849093198776245,36.98186492919922,0.7749243378639221,-0.4118153750896454,0.6791865825653076,1.0269417762756348,0.9757667183876038,0.9796844124794006
531,train,1,0.15000000596046448,0.30000001192092896,391,synthetic_0379,18,0.5,12500.0,70.04000091552734,2.891535997390747,3.141268491744995,3.0717248916625977,0.06954364478588104,1.6319643259048462,1.439760684967041,0.7379858493804932,6.274508450587746e-07,0.7017741203308105,0.41436153650283813,1.207891070082185e-22,0.41436153650283813,2.270559072494507,1.9371836185455322,0.6656224131584167,0.5849093198776245,36.98186492919922,0.580683708190918,-0.4779355823993683,0.4974248707294464,1.0211474895477295,0.9782581925392151,0.9710414409637451
532,train,1,0.15000000596046448,0.30000001192092896,392,synthetic_0380,0,0.195330411195755,4883.26025390625,1.6230902671813965,0.6634956002235413,0.6794624328613281,0.6635887622833252,0.015873698517680168,0.1636166274547577,0.4999721050262451,0.25434941053390503,2.028874206416731e-07,0.24562247097492218,0.24845391511917114,5.164992485169965e-21,0.24845391511917114,1.4915913343429565,1.8311339616775513,0.640865683555603,0.9387860894203186,107.75720977783203,1.248113751411438,-0.21720755100250244,1.1667838096618652,1.0400621891021729,0.9709076881408691,1.004376769065857
533,train,1,0.15000000596046448,0.30000001192092896,393,synthetic_0381,1,0.05000000074505806,1250.0,0.106351338326931,0.04373083636164665,0.05831684544682503,0.05723797529935837,0.0010788710787892342,0.008464625105261803,0.048773352056741714,0.024662503972649574,2.0720484883440804e-08,0.0241108275949955,0.24845391511917114,5.164992485169965e-21,0.24845391511917114,1.1776868104934692,2.1099047660827637,0.6750754117965698,0.9387860894203186,107.75720977783203,1.4065227508544922,0.23022149503231049,1.5036662817001343,1.036481499671936,0.967460572719574,1.013296365737915
534,train,1,0.15000000596046448,0.30000001192092896,394,synthetic_0382,2,0.20000000298023224,5000.0,1.701621413230896,0.6953870058059692,0.710595965385437,0.6939674615859985,0.016628513112664223,0.17350256443023682,0.5204648971557617,0.26481881737709045,2.113610406695443e-07,0.25564590096473694,0.24845391511917114,5.164992485169965e-21,0.24845391511917114,1.508717656135559,1.830633521080017,0.6411852836608887,0.9387860894203186,107.75720977783203,1.242517352104187,-0.22389359772205353,1.1590598821640015,1.0400644540786743,0.9709884524345398,1.0040382146835327
535,train,1,0.15000000596046448,0.30000001192092896,395,synthetic_0383,3,0.3499999940395355,8750.0,5.211215496063232,2.101151943206787,2.101170778274536,2.050811767578125,0.05035896599292755,0.7138248682022095,1.336987018585205,0.6834182143211365,5.606365220955922e-07,0.6535682678222656,0.24845391511917114,5.164992485169965e-21,0.24845391511917114,2.026832103729248,1.8565024137496948,0.6575285792350769,0.9387860894203186,107.75720977783203,1.0787841081619263,-0.35575544834136963,0.9636490941047668,1.0394768714904785,0.9726492762565613,0.9940750598907471
536,train,1,0.15000000596046448,0.30000001192092896,396,synthetic_0384,4,0.5,12500.0,10.635133743286133,4.202147960662842,4.192224979400635,4.091543197631836,0.10068200528621674,1.7050460577011108,2.3864970207214355,1.2236982583999634,1.0314063274563523e-06,1.1627976894378662,0.24845391511917114,5.164992485169965e-21,0.24845391511917114,2.3722379207611084,1.8927373886108398,0.6742790937423706,0.9387860894203186,107.75720977783203,0.9486717581748962,-0.4164896309375763,0.8301381468772888,1.0384184122085571,0.9735301733016968,0.9867386221885681
537,train,1,0.15000000596046448,0.30000001192092896,397,synthetic_0385,5,0.08530537039041519,2132.63427734375,6.153846263885498,0.09866410493850708,0.09916934370994568,0.09843137860298157,0.0007379644084721804,0.025909513235092163,0.0725218653678894,0.00576067715883255,0.028135374188423157,0.038625817745923996,0.012194276787340641,0.019851811230182648,0.019851811230182648,1.2384220361709595,2.012916326522827,0.7129548788070679,0.8999322056770325,99.98644256591797,0.9677252769470215,-0.33102431893348694,0.8716230988502502,0.9642797708511353,1.0302965641021729,1.0084381103515625
538,train,1,0.15000000596046448,0.30000001192092896,398,synthetic_0386,6,0.05000000074505806,1250.0,2.114140748977661,0.03450661897659302,0.0365850031375885,0.03648121654987335,0.00010378490696894005,0.008245369419455528,0.028235848993062973,0.0022167128045111895,0.011098533868789673,0.014920602552592754,0.012194276787340641,0.019851811230182648,0.019851811230182648,1.147181749343872,2.0287926197052,0.731712281703949,0.8999322056770325,99.98644256591797,1.0325441360473633,-0.2093098908662796,0.967707633972168,0.9652154445648193,1.030106544494629,1.0133121013641357
539,train,1,0.15000000596046448,0.30000001192092896,399,synthetic_0387,7,0.20000000298023224,5000.0,33.82625198364258,0.48742568492889404,0.48618343472480774,0.4791942536830902,0.006989168003201485,0.17354094982147217,0.30565330386161804,0.024743609130382538,0.11662127077579498,0.16428843140602112,0.012194276787340641,0.019851811230182648,0.019851811230182648,1.5090514421463013,1.961686134338379,0.6864702701568604,0.8999322056770325,99.98644256591797,0.8229475617408752,-0.4980672299861908,0.6999826431274414,0.9627708196640015,1.0309984683990479,0.997031569480896
540,train,1,0.15000000596046448,0.30000001192092896,400,synthetic_0388,8,0.3499999940395355,8750.0,103.59290313720703,1.2631685733795166,1.335680603981018,1.3120317459106445,0.023648852482438087,0.6023029088973999,0.7097288370132446,0.058138519525527954,0.2690286338329315,0.38256165385246277,0.012194276787340641,0.019851811230182648,0.019851811230182648,1.710176944732666,1.8996772766113281,0.672278642654419,0.8999322056770325,99.98644256591797,0.6754708290100098,-0.5935607552528381,0.555190920829773,0.961706280708313,1.0324517488479614,0.9870108962059021
541,train,1,0.15000000596046448,0.30000001192092896,401,synthetic_0389,9,0.5,12500.0,211.41407775878906,2.0962796211242676,2.468498706817627,2.4210872650146484,0.04741142690181732,1.2937331199645996,1.1273542642593384,0.09298660606145859,0.4266563653945923,0.6077113151550293,0.012194276787340641,0.019851811230182648,0.019851811230182648,1.7999764680862427,1.8421680927276611,0.6653161644935608,0.8999322056770325,99.98644256591797,0.5572158694267273,-0.6475140452384949,0.4489743411540985,0.9610950350761414,1.0338038206100464,0.9796823859214783
542,train,1,0.15000000596046448,0.30000001192092896,402,synthetic_0390,10,0.36318838596343994,9079.7099609375,5.934487819671631,2.4635112285614014,2.25274658203125,2.198749542236328,0.05399695411324501,0.783570408821106,1.4151791334152222,0.7236803770065308,5.951367825218767e-07,0.6914981603622437,0.9805110096931458,4.446856734012587e-21,0.9805110096931458,2.066218376159668,1.862594485282898,0.6589208841323853,0.7801018357276917,76.02037048339844,1.0607495307922363,-0.36443766951560974,0.9447763562202454,1.039236068725586,0.9727746844291687,0.9930210709571838
543,train,1,0.15000000596046448,0.30000001192092896,403,synthetic_0391,11,0.05000000074505806,1250.0,0.11247585713863373,0.04774616286158562,0.05856805667281151,0.05748685449361801,0.0010812029941007495,0.008477041497826576,0.049009811133146286,0.02478141337633133,2.0834280078929623e-08,0.024228377267718315,0.9805110096931458,4.446856734012587e-21,0.9805110096931458,1.1794143915176392,2.119859457015991,0.6754432320594788,0.7801018357276917,76.02037048339844,1.4060890674591064,0.23207984864711761,1.5039867162704468,1.036367416381836,0.9674724340438843,1.0132392644882202
544,train,1,0.15000000596046448,0.30000001192092896,404,synthetic_0392,12,0.20000000298023224,5000.0,1.7996137142181396,0.7589675784111023,0.7105807662010193,0.6939600110054016,0.016620783135294914,0.17348547279834747,0.5204745531082153,0.2648302912712097,2.1131280902864091e-07,0.2556440234184265,0.9805110096931458,4.446856734012587e-21,0.9805110096931458,1.5085691213607788,1.8349748849868774,0.6409367322921753,0.7801018357276917,76.02037048339844,1.2400174140930176,-0.22453804314136505,1.156488060951233,1.0399564504623413,0.9710002541542053,1.003882884979248
545,train,1,0.15000000596046448,0.30000001192092896,405,synthetic_0393,13,0.3499999940395355,8750.0,5.511317253112793,2.291518211364746,2.0961246490478516,2.0459139347076416,0.05021078139543533,0.7143566012382507,1.331557273864746,0.6806920170783997,5.583371489592537e-07,0.6508646607398987,0.9805110096931458,4.446856734012587e-21,0.9805110096931458,2.028341770172119,1.8591506481170654,0.6573373675346375,0.7801018357276917,76.02037048339844,1.0736874341964722,-0.35736292600631714,0.9585785865783691,1.0393242835998535,0.9726797342300415,0.9937818050384521
546,train,1,0.15000000596046448,0.30000001192092896,406,synthetic_0394,14,0.5,12500.0,11.24758529663086,4.577872276306152,4.174578666687012,4.074397563934326,0.10018102824687958,1.706100344657898,2.3682971000671387,1.2144759893417358,1.023734171212709e-06,1.1538201570510864,0.9805110096931458,4.446856734012587e-21,0.9805110096931458,2.3737049102783203,1.8943085670471191,0.6741809844970703,0.7801018357276917,76.02037048339844,0.941568911075592,-0.4184848368167877,0.8233592510223389,1.0382157564163208,0.9735777378082275,0.9863629341125488
547,train,1,0.15000000596046448,0.30000001192092896,407,synthetic_0395,15,0.1626093089580536,4065.232666015625,33.815372467041016,0.3224865198135376,0.32164064049720764,0.3176637887954712,0.003976861014962196,0.10909216105937958,0.2085716426372528,0.01681406982243061,0.07987894117832184,0.1118786409497261,0.12676192820072174,0.03131064027547836,0.03131064027547836,1.4350429773330688,1.9856213331222534,0.6911894083023071,0.5426682829856873,28.533655166625977,0.8252266049385071,-0.4596998691558838,0.7114196419715881,0.9620475172996521,1.031337857246399,0.9984190464019775
548,train,1,0.15000000596046448,0.30000001192092896,408,synthetic_0396,16,0.05000000074505806,1250.0,3.197153091430664,0.034368474036455154,0.03613932803273201,0.03605077043175697,8.855581836542115e-05,0.008349481038749218,0.02770128846168518,0.0021721161901950836,0.01090566348284483,0.014623509719967842,0.12676192820072174,0.03131064027547836,0.03131064027547836,1.161666750907898,2.03002667427063,0.7327463626861572,0.5426682829856873,28.533655166625977,1.0132704973220825,-0.21276456117630005,0.9485940933227539,0.9642676115036011,1.0305167436599731,1.0125306844711304
549,train,1,0.15000000596046448,0.30000001192092896,409,synthetic_0397,17,0.20000000298023224,5000.0,51.154449462890625,0.4627879858016968,0.4696676731109619,0.46316319704055786,0.006504477933049202,0.17290818691253662,0.29025501012802124,0.023513365536928177,0.1107502207159996,0.15599142014980316,0.12676192820072174,0.03131064027547836,0.03131064027547836,1.5035492181777954,1.9720243215560913,0.6847427487373352,0.5426682829856873,28.533655166625977,0.778356671333313,-0.49631229043006897,0.6624642610549927,0.9616494178771973,1.0317184925079346,0.9950494766235352
550,train,1,0.15000000596046448,0.30000001192092896,410,synthetic_0398,18,0.3499999940395355,8750.0,156.66049194335938,1.1688928604125977,1.265271544456482,1.2436857223510742,0.02158580906689167,0.5873056650161743,0.6563800573348999,0.05384574830532074,0.24866387248039246,0.3538704216480255,0.12676192820072174,0.03131064027547836,0.03131064027547836,1.6675938367843628,1.9176491498947144,0.6695585250854492,0.5426682829856873,28.533655166625977,0.6194331645965576,-0.5890976786613464,0.5099611878395081,0.9606071710586548,1.0333813428878784,0.984647274017334
551,train,1,0.15000000596046448,0.30000001192092896,411,synthetic_0399,0,0.5,12500.0,319.7153015136719,2.5678720474243164,2.30783748626709,2.265110492706299,0.04272697493433952,1.2415704727172852,1.0235400199890137,0.08457137644290924,0.3869176506996155,0.5520509481430054,0.12676192820072174,0.03131064027547836,0.03131064027547836,1.7274023294448853,1.8601561784744263,0.6620450019836426,0.5426682829856873,28.533655166625977,0.5010672807693481,-0.6402216553688049,0.4048290550708771,0.9600613713264465,1.034781575202942,0.9774551391601562
