sample_index,split,source_id,sample_weight,aux_weight,config_index,config_name,velocity_index,U,Re,Ca,F_target,F_pred,F_physics,F_residual,F_stem,F_leaf,Fcol_1_pred,Fcol_2_pred,Fcol_3_pred,Fcol_1_true,Fcol_2_true,Fcol_3_true,Cd_stem_eff,Cd_leaf_eff,shielding_coef,shielding_target,angle_diff_deg,reconfiguration_factor,reconfiguration_correction,reconfiguration_gain,column_correction_1,column_correction_2,column_correction_3
0,train,0,1.0,1.0,0,PVC_20_0,0,0.05000000074505806,1250.0,0.15360000729560852,0.07093784958124161,0.03798140957951546,0.034532301127910614,0.0034491100814193487,0.009094396606087685,0.02543790265917778,0.002267685020342469,0.00862223282456398,0.014547985978424549,0.0008135348907671869,0.012708019465208054,0.012708019465208054,1.2653071880340576,1.990721583366394,0.5884396433830261,0.9039982557296753,100.79964447021484,0.9992749691009521,0.010561391711235046,0.9992749691009521,0.9747007489204407,0.9813998937606812,0.9756041765213013
1,train,0,1.0,1.0,0,PVC_20_0,1,0.07500000298023224,1875.0,0.3456000089645386,0.17443148791790009,0.08536659181118011,0.07764068245887756,0.00772591307759285,0.020462390035390854,0.05717829614877701,0.005096395034343004,0.01940002292394638,0.03268187865614891,0.0018697602208703756,0.027825873345136642,0.027825873345136642,1.2653071880340576,1.990721583366394,0.5884396433830261,0.9087178111076355,101.7435531616211,0.9983704686164856,-0.001223114668391645,0.9983704686164856,0.9747007489204407,0.9813998937606812,0.9756041765213013
2,val,0,1.0,1.0,0,PVC_20_0,2,0.10000000149011612,2500.0,0.6144000291824341,0.14795003831386566,0.15070553123950958,0.13788634538650513,0.012819183059036732,0.03637758642435074,0.10150875151157379,0.009045636281371117,0.03448893129825592,0.057974182069301605,0.003428105963394046,0.0476507768034935,0.0476507768034935,1.2653071880340576,1.990721583366394,0.5884396433830261,0.91482013463974,102.96401977539062,0.9971075057983398,-0.0048431879840791225,0.9971075057983398,0.9747007489204407,0.9813998937606812,0.9756041765213013
3,train,0,1.0,1.0,0,PVC_20_0,3,0.125,3125.0,0.9599999785423279,0.20464740693569183,0.2070063352584839,0.21516378223896027,-0.008157439529895782,0.056839972734451294,0.15832380950450897,0.014104573056101799,0.053888946771621704,0.09033028781414032,0.005584338214248419,0.07105002552270889,0.07105002552270889,1.2653071880340576,1.990721583366394,0.5884396433830261,0.9218372106552124,104.36743927001953,0.9954892992973328,0.006041417829692364,0.9954892992973328,0.9747007489204407,0.9813998937606812,0.9756041765213013
4,val,0,1.0,1.0,0,PVC_20_0,4,0.15000000596046448,3750.0,1.3824000358581543,0.270246684551239,0.2791890501976013,0.30933845043182373,-0.030149390920996666,0.08184956014156342,0.2274889051914215,0.02025945857167244,0.07760009169578552,0.12962935864925385,0.008491037413477898,0.09684506058692932,0.09684506058692932,1.2653071880340576,1.990721583366394,0.5884396433830261,0.9292217493057251,105.84434509277344,0.9935202598571777,0.018514269962906837,0.9935202598571777,0.9747007489204407,0.9813998937606812,0.9756041765213013
5,train,0,1.0,1.0,0,PVC_20_0,5,0.17499999701976776,4375.0,1.881600022315979,0.3938428461551666,0.3785082995891571,0.42024731636047363,-0.04173900559544563,0.1114063411951065,0.3088409900665283,0.02749372087419033,0.10562233626842499,0.17572492361068726,0.012395291589200497,0.12395953387022018,0.12395953387022018,1.2653071880340576,1.990721583366394,0.5884396433830261,0.9363734722137451,107.27469635009766,0.9912057518959045,0.011777319945394993,0.9912057518959045,0.9747007489204407,0.9813998937606812,0.9756041765213013
6,train,0,1.0,1.0,0,PVC_20_0,6,0.20000000298023224,5000.0,2.4576001167297363,0.43085381388664246,0.4936966896057129,0.5477001667022705,-0.05400346964597702,0.14551034569740295,0.40218979120254517,0.035788167268037796,0.13795572519302368,0.228445902466774,0.01771606132388115,0.1515229493379593,0.1515229493379593,1.2653071880340576,1.990721583366394,0.5884396433830261,0.9426351189613342,108.52703094482422,0.9885521531105042,-0.0067202383652329445,0.9885521531105042,0.9747007489204407,0.9813998937606812,0.9756041765213013
7,train,0,1.0,1.0,0,PVC_20_0,7,0.22499999403953552,5625.0,3.1103999614715576,0.6180073022842407,0.6300950646400452,0.691480278968811,-0.06138524040579796,0.18416151404380798,0.5073187351226807,0.045121096074581146,0.17460018396377563,0.2875974178314209,0.025219960138201714,0.178911954164505,0.178911954164505,1.2653071880340576,1.990721583366394,0.5884396433830261,0.9472165703773499,109.44332122802734,0.985567033290863,-0.01137519534677267,0.985567033290863,0.9747007489204407,0.9813998937606812,0.9756041765213013
8,train,0,1.0,1.0,0,PVC_20_0,8,0.25,6250.0,3.8399999141693115,0.8448036313056946,0.8314520716667175,0.8513468503952026,-0.019894801080226898,0.22735989093780518,0.6239869594573975,0.055468518286943436,0.21555578708648682,0.3529626131057739,0.03648537024855614,0.2057376205921173,0.2057376205921173,1.2653071880340576,1.990721583366394,0.5884396433830261,0.9489527344703674,109.79054260253906,0.9822589755058289,0.001376771368086338,0.9822589755058289,0.9747007489204407,0.9813998937606812,0.9756041765213013
9,train,0,1.0,1.0,0,PVC_20_0,9,0.2750000059604645,6875.0,4.646399974822998,1.050018072128296,1.0672240257263184,1.027036190032959,0.040187858045101166,0.27510547637939453,0.7519307136535645,0.06680437177419662,0.2608225345611572,0.4243037700653076,0.055444035679101944,0.2318010926246643,0.2318010926246643,1.2653071880340576,1.990721583366394,0.5884396433830261,0.9455310702323914,109.10620880126953,0.9786377549171448,0.004606417380273342,0.9786377549171448,0.9747007489204407,0.9813998937606812,0.9756041765213013
10,train,0,1.0,1.0,0,PVC_20_0,10,0.30000001192092896,7500.0,5.529600143432617,1.2444380521774292,1.24015474319458,1.218263864517212,0.021890847012400627,0.32739824056625366,0.8908655643463135,0.07910068333148956,0.3104003667831421,0.501364529132843,0.09599050879478455,0.25704047083854675,0.25704047083854675,1.2653071880340576,1.990721583366394,0.5884396433830261,0.9301102161407471,106.02204132080078,0.974714457988739,0.007123806048184633,0.974714457988739,0.9747007489204407,0.9813998937606812,0.9756041765213013
11,train,0,1.0,1.0,0,PVC_20_0,11,0.32499998807907104,8125.0,6.48960018157959,1.354056715965271,1.376849889755249,1.424727439880371,-0.04787760227918625,0.38423818349838257,1.0404891967773438,0.09232786297798157,0.3642893135547638,0.5838720798492432,0.2500753104686737,0.28148239850997925,0.28148239850997925,1.2653071880340576,1.990721583366394,0.5884396433830261,0.8688808679580688,93.77617645263672,0.9705008864402771,0.01003914326429367,0.9705008864402771,0.9747007489204407,0.9813998937606812,0.9756041765213013
12,val,0,1.0,1.0,0,PVC_20_0,12,0.3499999940395355,8750.0,7.526400089263916,1.6986725330352783,1.6524585485458374,1.6461093425750732,0.006349194794893265,0.445625364780426,1.200484037399292,0.10645489394664764,0.42248934507369995,0.671539843082428,0.5733868479728699,0.30520471930503845,0.30520471930503845,1.2653071880340576,1.990721583366394,0.5884396433830261,0.778120756149292,75.62416076660156,0.9660102725028992,-0.029409760609269142,0.9660102725028992,0.9747007489204407,0.9813998937606812,0.9756041765213013
13,train,0,1.0,1.0,0,PVC_20_0,13,0.375,9375.0,8.640000343322754,1.9440239667892456,1.9268990755081177,1.8820796012878418,0.0448194183409214,0.511559784412384,1.370519757270813,0.12144962698221207,0.48500052094459534,0.7640696167945862,0.8262953162193298,0.3283105492591858,0.3283105492591858,1.2653071880340576,1.990721583366394,0.5884396433830261,0.7271667718887329,65.43335723876953,0.9612569808959961,-0.030976638197898865,0.9612569808959961,0.9747007489204407,0.9813998937606812,0.9756041765213013
14,train,0,1.0,1.0,0,PVC_20_0,14,0.4000000059604645,10000.0,9.830400466918945,2.125422716140747,2.1616902351379395,2.1322989463806152,0.02939124032855034,0.5820413827896118,1.5502575635910034,0.13727889955043793,0.5518229007720947,0.8611557483673096,1.0331017971038818,0.3509112596511841,0.3509112596511841,1.2653071880340576,1.990721583366394,0.5884396433830261,0.6930793523788452,58.615875244140625,0.9562561511993408,-0.010740633122622967,0.9562561511993408,0.9747007489204407,0.9813998937606812,0.9756041765213013
15,train,0,1.0,1.0,0,PVC_20_0,15,0.42500001192092896,10625.0,11.097599983215332,2.3944380283355713,2.3851234912872314,2.3964216709136963,-0.011298291385173798,0.6570701003074646,1.739351511001587,0.1539088785648346,0.6229562759399414,0.9624863862991333,1.2118146419525146,0.3731164038181305,0.3731164038181305,1.2653071880340576,1.990721583366394,0.5884396433830261,0.6676045656204224,53.52091598510742,0.9510238170623779,0.016069751232862473,0.9510238170623779,0.9747007489204407,0.9813998937606812,0.9756041765213013
16,train,0,1.0,1.0,0,PVC_20_0,16,0.44999998807907104,11250.0,12.44159984588623,2.6817269325256348,2.6826584339141846,2.674100160598755,0.00855823140591383,0.7366460561752319,1.937454104423523,0.17130526900291443,0.6984007358551025,1.0677480697631836,1.370949149131775,0.395028293132782,0.395028293132782,1.2653071880340576,1.990721583366394,0.5884396433830261,0.6474189162254333,49.48377990722656,0.9455769658088684,0.009063437581062317,0.9455769658088684,0.9747007489204407,0.9813998937606812,0.9756041765213013
17,train,0,1.0,1.0,0,PVC_20_0,17,0.4749999940395355,11875.0,13.86240005493164,2.9678232669830322,2.9469943046569824,2.9649882316589355,-0.01799398474395275,0.820769190788269,2.144218921661377,0.1894335150718689,0.7781563401222229,1.1766289472579956,1.515420913696289,0.4167393147945404,0.4167393147945404,1.2653071880340576,1.990721583366394,0.5884396433830261,0.6308286190032959,46.16572570800781,0.9399331212043762,-0.01971246302127838,0.9399331212043762,0.9747007489204407,0.9813998937606812,0.9756041765213013
18,train,0,1.0,1.0,0,PVC_20_0,18,0.5,12500.0,15.359999656677246,3.0878708362579346,3.0729191303253174,3.2687430381774902,-0.19582396745681763,0.9094395637512207,2.3593034744262695,0.20825901627540588,0.8622231483459473,1.2888213396072388,1.6484487056732178,0.4383312165737152,0.4383312165737152,1.2653071880340576,1.990721583366394,0.5884396433830261,0.6168425679206848,43.36851501464844,0.9341103434562683,0.015312467701733112,0.9341103434562683,0.9747007489204407,0.9813998937606812,0.9756041765213013
19,train,0,1.0,1.0,1,PVC_20_180,0,0.05000000074505806,1250.0,0.15360000729560852,0.30792152881622314,0.04464137926697731,0.04058409854769707,0.004057279787957668,0.00891666579991579,0.03166743367910385,0.015915609896183014,1.3504820373100301e-08,0.015751812607049942,0.013280894607305527,1.3017747316988583e-22,0.013280894607305527,1.2405794858932495,2.1601462364196777,0.6337848901748657,0.9950531721115112,119.01063537597656,0.9995483756065369,0.007207710295915604,0.9995483756065369,0.9837112426757812,0.9864240884780884,0.9722680449485779
20,val,0,1.0,1.0,1,PVC_20_180,1,0.07500000298023224,1875.0,0.3456000089645386,0.17357100546360016,0.10037548840045929,0.09125356376171112,0.009121924638748169,0.02006249688565731,0.07119106501340866,0.035749465227127075,3.03858378458699e-08,0.0354415699839592,0.030723044648766518,2.8289993467871503e-22,0.030723044648766518,1.2405794858932495,2.1601462364196777,0.6337848901748657,0.9886112809181213,117.72225952148438,0.9989845752716064,0.0008658261504024267,0.9989845752716064,0.9837112426757812,0.9864240884780884,0.9722680449485779
21,train,0,1.0,1.0,1,PVC_20_180,2,0.10000000149011612,2500.0,0.6144000291824341,0.34319770336151123,0.17827311158180237,0.16207794845104218,0.016195159405469894,0.03566666319966316,0.1264112889766693,0.06340397894382477,5.4019281492401205e-08,0.06300725042819977,0.05678054317831993,4.807654095618108e-22,0.05678054317831993,1.2405794858932495,2.1601462364196777,0.6337848901748657,0.9791058301925659,115.8211669921875,0.9981968402862549,-0.003734263824298978,0.9981968402862549,0.9837112426757812,0.9864240884780884,0.9722680449485779
22,train,0,1.0,1.0,1,PVC_20_180,3,0.125,3125.0,0.9599999785423279,0.31932196021080017,0.27791091799736023,0.2529449164867401,0.024965990334749222,0.055729154497385025,0.19721576571464539,0.09876687824726105,8.440510157470271e-08,0.09844880551099777,0.09318999201059341,7.104417698677035e-22,0.09318999201059341,1.2405794858932495,2.1601462364196777,0.6337848901748657,0.9660651087760925,113.21302032470703,0.9971868395805359,-0.003606816055253148,0.9971868395805359,0.9837112426757812,0.9864240884780884,0.9722680449485779
23,train,0,1.0,1.0,1,PVC_20_180,4,0.15000000596046448,3750.0,1.3824000358581543,0.31083568930625916,0.3288545608520508,0.3637113869190216,-0.03485683351755142,0.08024998754262924,0.28346139192581177,0.14169497787952423,1.215433513834796e-07,0.1417662799358368,0.14211547374725342,3.0935381589327246e-21,0.14211547374725342,1.2405794858932495,2.1601462364196777,0.6337848901748657,0.9489836692810059,109.7967300415039,0.9959567189216614,-0.013501753099262714,0.9959567189216614,0.9837112426757812,0.9864240884780884,0.9722680449485779
24,train,0,1.0,1.0,1,PVC_20_180,5,0.17499999701976776,4375.0,1.881600022315979,0.5591400265693665,0.5397840738296509,0.4942038655281067,0.045580193400382996,0.10922913998365402,0.38497471809387207,0.1920149028301239,1.654339598644583e-07,0.19295963644981384,0.20557907223701477,4.078542853266631e-21,0.20557907223701477,1.2405794858932495,2.1601462364196777,0.6337848901748657,0.927563488483429,105.51270294189453,0.9945093989372253,-0.01590738259255886,0.9945093989372253,0.9837112426757812,0.9864240884780884,0.9722680449485779
25,train,0,1.0,1.0,1,PVC_20_180,6,0.20000000298023224,5000.0,2.4576001167297363,0.6062102913856506,0.6349632740020752,0.6442203521728516,-0.009257053956389427,0.14266665279865265,0.5015537142753601,0.24952450394630432,2.1607712596960482e-07,0.2520290017127991,0.28418269753456116,5.143182058862414e-21,0.28418269753456116,1.2405794858932495,2.1601462364196777,0.6337848901748657,0.9021280407905579,100.42560577392578,0.9928485751152039,-0.06759750843048096,0.9928485751152039,0.9837112426757812,0.9864240884780884,0.9722680449485779
26,train,0,1.0,1.0,1,PVC_20_180,7,0.22499999403953552,5625.0,3.1103999614715576,0.8631705045700073,0.8428627252578735,0.8135305643081665,0.02933213859796524,0.18056245148181915,0.6329681277275085,0.31399375200271606,2.734724944275513e-07,0.318974107503891,0.3756729066371918,6.2701978720074416e-21,0.3756729066371918,1.2405794858932495,2.1601462364196777,0.6337848901748657,0.8739358186721802,94.78716278076172,0.9909784197807312,0.014739900827407837,0.9909784197807312,0.9837112426757812,0.9864240884780884,0.9722680449485779
27,train,0,1.0,1.0,1,PVC_20_180,8,0.25,6250.0,3.8399999141693115,1.0573121309280396,1.0401201248168945,1.0018799304962158,0.038240138441324234,0.2229166179895401,0.7789632678031921,0.3851677179336548,3.3762040629881085e-07,0.3937952220439911,0.47503334283828735,2.200904255082346e-21,0.47503334283828735,1.2405794858932495,2.1601462364196777,0.6337848901748657,0.8448962569236755,88.97925567626953,0.9889045357704163,0.04600619524717331,0.9889045357704163,0.9837112426757812,0.9864240884780884,0.9722680449485779
28,val,0,1.0,1.0,1,PVC_20_180,9,0.2750000059604645,6875.0,4.646399974822998,1.2427419424057007,1.2467459440231323,1.2089895009994507,0.03775642067193985,0.2697291374206543,0.9392603635787964,0.4627677798271179,4.085206626314175e-07,0.4764921963214874,0.5766147971153259,2.6106018041597455e-21,0.5766147971153259,1.2405794858932495,2.1601462364196777,0.6337848901748657,0.8167735934257507,83.3547134399414,0.9866331219673157,0.04818221554160118,0.9866331219673157,0.9837112426757812,0.9864240884780884,0.9722680449485779
29,train,0,1.0,1.0,1,PVC_20_180,10,0.30000001192092896,7500.0,5.529600143432617,1.5060391426086426,1.470973253250122,1.4345606565475464,0.03641264885663986,0.32099995017051697,1.113560676574707,0.5464950203895569,4.861734055339184e-07,0.5670651197433472,0.6762266159057617,3.0584045913771367e-21,0.6762266159057617,1.2405794858932495,2.1601462364196777,0.6337848901748657,0.7906438708305359,78.12877655029297,0.9841715693473816,0.040509775280952454,0.9841715693473816,0.9837112426757812,0.9864240884780884,0.9722680449485779
30,train,0,1.0,1.0,1,PVC_20_180,11,0.32499998807907104,8125.0,6.48960018157959,1.597334623336792,1.7165428400039673,1.678276538848877,0.03826630115509033,0.3767290711402893,1.3015474081039429,0.6360329389572144,5.705784360543475e-07,0.6655138731002808,0.771656334400177,3.5438832744536875e-21,0.771656334400177,1.2405794858932495,2.1601462364196777,0.6337848901748657,0.766912579536438,73.38251495361328,0.9815282225608826,0.030135737732052803,0.9815282225608826,0.9837112426757812,0.9864240884780884,0.9722680449485779
31,train,0,1.0,1.0,1,PVC_20_180,12,0.3499999940395355,8750.0,7.526400089263916,1.9695085287094116,1.9838906526565552,1.9398066997528076,0.04408394172787666,0.4369165599346161,1.5028901100158691,0.731050968170166,6.617358394578332e-07,0.7718385457992554,0.8621596693992615,1.1680538468040135e-22,0.8621596693992615,1.2405794858932495,2.1601462364196777,0.6337848901748657,0.7455744743347168,69.1148910522461,0.9787123799324036,0.019752610474824905,0.9787123799324036,0.9837112426757812,0.9864240884780884,0.9722680449485779
32,train,0,1.0,1.0,1,PVC_20_180,13,0.375,9375.0,8.640000343322754,2.2906291484832764,2.2708163261413574,2.218811511993408,0.052004702389240265,0.5015624761581421,1.7172489166259766,0.8312087655067444,7.596460136483074e-07,0.8860393762588501,0.9478147625923157,1.0756810115930194e-22,0.9478147625923157,1.2405794858932495,2.1601462364196777,0.6337848901748657,0.7264378666877747,65.2875747680664,0.9757347702980042,0.010030613280832767,0.9757347702980042,0.9837112426757812,0.9864240884780884,0.9722680449485779
33,train,0,1.0,1.0,1,PVC_20_180,14,0.4000000059604645,10000.0,9.830400466918945,2.650298833847046,2.5743815898895264,2.514942169189453,0.05943933501839638,0.5706666111946106,1.9442756175994873,0.9361587762832642,8.643085038784193e-07,1.0081160068511963,1.0290770530700684,9.475226058219414e-23,1.0290770530700684,1.2405794858932495,2.1601462364196777,0.6337848901748657,0.7092531323432922,61.850624084472656,0.9726065993309021,0.0010022163623943925,0.9726065993309021,0.9837112426757812,0.9864240884780884,0.9722680449485779
34,train,0,1.0,1.0,1,PVC_20_180,15,0.42500001192092896,10625.0,11.097599983215332,2.8269872665405273,2.8940043449401855,2.827849864959717,0.06615449488162994,0.6442290544509888,2.1836206912994385,1.0455514192581177,9.757229690876557e-07,1.1380683183670044,1.1065337657928467,8.751692933370289e-23,1.1065337657928467,1.2405794858932495,2.1601462364196777,0.6337848901748657,0.6937710642814636,58.754215240478516,0.9693400263786316,-0.006756357382982969,0.9693400263786316,0.9837112426757812,0.9864240884780884,0.9722680449485779
35,train,0,1.0,1.0,1,PVC_20_180,16,0.44999998807907104,11250.0,12.44159984588623,3.2195968627929688,3.2356412410736084,3.157186269760132,0.07845508307218552,0.7222498059272766,2.4349365234375,1.1590389013290405,1.0938899777102051e-06,1.275896430015564,1.1807831525802612,1.4413170314209997e-23,1.1807831525802612,1.2405794858932495,2.1601462364196777,0.6337848901748657,0.6797662973403931,55.95326232910156,0.9659480452537537,-0.011309891939163208,0.9659480452537537,0.9837112426757812,0.9864240884780884,0.9722680449485779
36,val,0,1.0,1.0,1,PVC_20_180,17,0.4749999940395355,11875.0,13.86240005493164,3.643343448638916,3.6149165630340576,3.5026097297668457,0.11230678856372833,0.8047290444374084,2.697880744934082,1.2762788534164429,1.2188096434329054e-06,1.4216008186340332,1.2523813247680664,2.179188649855603e-23,1.2523813247680664,1.2405794858932495,2.1601462364196777,0.6337848901748657,0.6670430302619934,53.408607482910156,0.9624441266059875,-0.010194013826549053,0.9624441266059875,0.9837112426757812,0.9864240884780884,0.9722680449485779
37,train,0,1.0,1.0,1,PVC_20_180,18,0.5,12500.0,15.359999656677246,4.037886619567871,4.047544479370117,3.863786220550537,0.18375810980796814,0.8916664719581604,2.9721198081970215,1.396937608718872,1.3504816251952434e-06,1.5751808881759644,1.3218237161636353,7.380154498657305e-22,1.3218237161636353,1.2405794858932495,2.1601462364196777,0.6337848901748657,0.6554343104362488,51.08686828613281,0.9588420987129211,-0.005172390956431627,0.9588420987129211,0.9837112426757812,0.9864240884780884,0.9722680449485779
38,train,0,1.0,1.0,2,PVC_10_0,0,0.05000000074505806,1250.0,0.15360000729560852,0.004296653904020786,0.020398259162902832,0.022651679813861847,-0.002253419952467084,0.009693427942693233,0.012958252802491188,0.0011525220470502973,0.004421822726726532,0.007383908610790968,0.00040676744538359344,0.006354009732604027,0.006354009732604027,1.3486506938934326,2.0169923305511475,0.5956622362136841,0.9039982557296753,100.79964447021484,0.9992654919624329,-0.01584278605878353,0.9992654919624329,0.9778660535812378,0.9814444184303284,0.9774634838104248
39,train,0,1.0,1.0,2,PVC_10_0,1,0.07500000298023224,1875.0,0.3456000089645386,0.0044425735250115395,0.045843809843063354,0.05093696713447571,-0.005093157757073641,0.02181021124124527,0.029126755893230438,0.0025901382323354483,0.009949100203812122,0.0165875181555748,0.0009348801104351878,0.013912936672568321,0.013912936672568321,1.3486506938934326,2.0169923305511475,0.5956622362136841,0.9087178111076355,101.7435531616211,0.9983490109443665,0.010247551836073399,0.9983490109443665,0.9778660535812378,0.9814444184303284,0.9774634838104248
40,val,0,1.0,1.0,2,PVC_10_0,2,0.10000000149011612,2500.0,0.6144000291824341,0.11792551726102829,0.08143409341573715,0.09048181772232056,-0.009047727100551128,0.038773711770772934,0.051708102226257324,0.0045971618965268135,0.017687290906906128,0.029423652216792107,0.001714052981697023,0.02382538840174675,0.02382538840174675,1.3486506938934326,2.0169923305511475,0.5956622362136841,0.91482013463974,102.96401977539062,0.9970694184303284,0.02696865238249302,0.9970694184303284,0.9778660535812378,0.9814444184303284,0.9774634838104248
41,val,0,1.0,1.0,2,PVC_10_0,3,0.125,3125.0,0.9599999785423279,0.3397746682167053,0.12710988521575928,0.141231968998909,-0.01412208192050457,0.060583919286727905,0.08064804971218109,0.007168014533817768,0.027636386454105377,0.04584365338087082,0.0027921691071242094,0.035525012761354446,0.035525012761354446,1.3486506938934326,2.0169923305511475,0.5956622362136841,0.9218372106552124,104.36743927001953,0.9954301714897156,0.028665445744991302,0.9954301714897156,0.9778660535812378,0.9814444184303284,0.9774634838104248
42,train,0,1.0,1.0,2,PVC_10_0,4,0.15000000596046448,3750.0,1.3824000358581543,0.16250543296337128,0.1828131228685379,0.2031182497739792,-0.020305123180150986,0.08724084496498108,0.11587740480899811,0.010295617394149303,0.03979640081524849,0.06578538566827774,0.004245518706738949,0.04842253029346466,0.04842253029346466,1.3486506938934326,2.0169923305511475,0.5956622362136841,0.9292217493057251,105.84434509277344,0.9934354424476624,0.016879945993423462,0.9934354424476624,0.9778660535812378,0.9814444184303284,0.9774634838104248
43,train,0,1.0,1.0,2,PVC_10_0,5,0.17499999701976776,4375.0,1.881600022315979,0.17313167452812195,0.24855954945087433,0.27605685591697693,-0.02749730832874775,0.11874448508024216,0.15731236338615417,0.013971448875963688,0.05416731908917427,0.08917359262704849,0.006197645794600248,0.06197976693511009,0.06197976693511009,1.3486506938934326,2.0169923305511475,0.5956622362136841,0.9363734722137451,107.27469635009766,0.9910910129547119,0.006042192690074444,0.9910910129547119,0.9778660535812378,0.9814444184303284,0.9774634838104248
44,train,0,1.0,1.0,2,PVC_10_0,6,0.20000000298023224,5000.0,2.4576001167297363,0.32816481590270996,0.32570207118988037,0.3599499464035034,-0.03424786403775215,0.15509484708309174,0.20485509932041168,0.018185626715421677,0.07074916362762451,0.1159203052520752,0.008858030661940575,0.07576147466897964,0.07576147466897964,1.3486506938934326,2.0169923305511475,0.5956622362136841,0.9426351189613342,108.52703094482422,0.9884033203125,0.009950392879545689,0.9884033203125,0.9778660535812378,0.9814444184303284,0.9774634838104248
45,val,0,1.0,1.0,2,PVC_10_0,7,0.22499999403953552,5625.0,3.1103999614715576,0.4748879671096802,0.41876137256622314,0.45468616485595703,-0.03592480346560478,0.19629187881946564,0.2583942711353302,0.022926993668079376,0.08954189717769623,0.1459253877401352,0.012609980069100857,0.0894559770822525,0.0894559770822525,1.3486506938934326,2.0169923305511475,0.5956622362136841,0.9472165703773499,109.44332122802734,0.9853801727294922,0.017835896462202072,0.9853801727294922,0.9778660535812378,0.9814444184303284,0.9774634838104248
46,train,0,1.0,1.0,2,PVC_10_0,8,0.25,6250.0,3.8399999141693115,0.5574852824211121,0.5274618864059448,0.5601418614387512,-0.0326799713075161,0.24233567714691162,0.3178061842918396,0.028183212503790855,0.11054554581642151,0.17907743155956268,0.01824268512427807,0.10286881029605865,0.10286881029605865,1.3486506938934326,2.0169923305511475,0.5956622362136841,0.9489527344703674,109.79054260253906,0.9820303916931152,0.01620287448167801,0.9820303916931152,0.9778660535812378,0.9814444184303284,0.9774634838104248
47,train,0,1.0,1.0,2,PVC_10_0,9,0.2750000059604645,6875.0,4.646399974822998,0.5972995758056641,0.6504518985748291,0.6761815547943115,-0.025729669257998466,0.2932261824607849,0.3829553723335266,0.0339408814907074,0.13376012444496155,0.21525436639785767,0.027722017839550972,0.11590054631233215,0.11590054631233215,1.3486506938934326,2.0169923305511475,0.5956622362136841,0.9455310702323914,109.10620880126953,0.9783639907836914,0.00917950738221407,0.9783639907836914,0.9778660535812378,0.9814444184303284,0.9774634838104248
48,train,0,1.0,1.0,2,PVC_10_0,10,0.30000001192092896,7500.0,5.529600143432617,0.7768981456756592,0.7876361012458801,0.8026592135429382,-0.01502308715134859,0.3489633798599243,0.4536958336830139,0.04018564522266388,0.15918560326099396,0.2543245851993561,0.04799525439739227,0.12852023541927338,0.12852023541927338,1.3486506938934326,2.0169923305511475,0.5956622362136841,0.9301102161407471,106.02204132080078,0.9743922352790833,0.00519765168428421,0.9743922352790833,0.9778660535812378,0.9814444184303284,0.9774634838104248
49,train,0,1.0,1.0,2,PVC_10_0,11,0.32499998807907104,8125.0,6.48960018157959,0.982464611530304,0.9365819692611694,0.939419686794281,-0.0028377037961035967,0.40954726934432983,0.5298724174499512,0.04690229147672653,0.18682198226451874,0.2961481809616089,0.12503765523433685,0.14074119925498962,0.14074119925498962,1.3486506938934326,2.0169923305511475,0.5956622362136841,0.8688808679580688,93.77617645263672,0.9701275825500488,0.005007398314774036,0.9701275825500488,0.9778660535812378,0.9814444184303284,0.9774634838104248
50,train,0,1.0,1.0,2,PVC_10_0,12,0.3499999940395355,8750.0,7.526400089263916,1.096636176109314,1.0939751863479614,1.086300253868103,0.007674905005842447,0.47497794032096863,0.6113223433494568,0.054074905812740326,0.21666927635669708,0.3405781686306,0.28669342398643494,0.15260235965251923,0.15260235965251923,1.3486506938934326,2.0169923305511475,0.5956622362136841,0.778120756149292,75.62416076660156,0.9655833840370178,0.005466132890433073,0.9655833840370178,0.9778660535812378,0.9814444184303284,0.9774634838104248
51,train,0,1.0,1.0,2,PVC_10_0,13,0.375,9375.0,8.640000343322754,1.2108826637268066,1.2568333148956299,1.2431317567825317,0.013701584190130234,0.5452553033828735,0.6978764533996582,0.06168700009584427,0.24872751533985138,0.38746193051338196,0.4131476581096649,0.1641552746295929,0.1641552746295929,1.3486506938934326,2.0169923305511475,0.5956622362136841,0.7271667718887329,65.43335723876953,0.9607744216918945,0.004906668793410063,0.9607744216918945,0.9778660535812378,0.9814444184303284,0.9774634838104248
52,train,0,1.0,1.0,2,PVC_10_0,14,0.4000000059604645,10000.0,9.830400466918945,1.3690028190612793,1.4224121570587158,1.4097402095794678,0.012671908363699913,0.6203793883323669,0.789360761642456,0.06972154229879379,0.28299665451049805,0.4366425573825836,0.5165508985519409,0.17545562982559204,0.17545562982559204,1.3486506938934326,2.0169923305511475,0.5956622362136841,0.6930793523788452,58.615875244140625,0.9557161927223206,0.003704972332343459,0.9557161927223206,0.9778660535812378,0.9814444184303284,0.9774634838104248
53,train,0,1.0,1.0,2,PVC_10_0,15,0.42500001192092896,10625.0,11.097599983215332,1.6664570569992065,1.5887185335159302,1.5859489440917969,0.002769532846286893,0.7003501653671265,0.8855987787246704,0.07816122472286224,0.3194766640663147,0.4879608750343323,0.6059073209762573,0.18655820190906525,0.18655820190906525,1.3486506938934326,2.0169923305511475,0.5956622362136841,0.6676045656204224,53.52091598510742,0.9504252076148987,0.002296989317983389,0.9504252076148987,0.9778660535812378,0.9814444184303284,0.9774634838104248
54,train,0,1.0,1.0,2,PVC_10_0,16,0.44999998807907104,11250.0,12.44159984588623,1.7020379304885864,1.755300521850586,1.7715803384780884,-0.016279788687825203,0.7851675152778625,0.9864128232002258,0.08698845654726028,0.3581675887107849,0.5412567853927612,0.6854745745658875,0.197514146566391,0.197514146566391,1.3486506938934326,2.0169923305511475,0.5956622362136841,0.6474189162254333,49.48377990722656,0.9449188113212585,0.0007706227479502559,0.9449188113212585,0.9778660535812378,0.9814444184303284,0.9774634838104248
55,val,0,1.0,1.0,2,PVC_10_0,17,0.4749999940395355,11875.0,13.86240005493164,1.914313793182373,1.9235138893127441,1.9664580821990967,-0.04294413700699806,0.8748317360877991,1.0916262865066528,0.0961855873465538,0.3990694582462311,0.5963712334632874,0.7577104568481445,0.2083696573972702,0.2083696573972702,1.3486506938934326,2.0169923305511475,0.5956622362136841,0.6308286190032959,46.16572570800781,0.9392149448394775,-0.0005836840718984604,0.9392149448394775,0.9778660535812378,0.9814444184303284,0.9774634838104248
56,train,0,1.0,1.0,2,PVC_10_0,18,0.5,12500.0,15.359999656677246,2.087332010269165,2.0958385467529297,2.1704065799713135,-0.07456808537244797,0.9693427085876465,1.201063871383667,0.10573489964008331,0.44218218326568604,0.6531468033790588,0.8242243528366089,0.2191656082868576,0.2191656082868576,1.3486506938934326,2.0169923305511475,0.5956622362136841,0.6168425679206848,43.36851501464844,0.9333321452140808,-0.001334254746325314,0.9333321452140808,0.9778660535812378,0.9814444184303284,0.9774634838104248
57,val,0,1.0,1.0,3,PVC_10_180,0,0.05000000074505806,1250.0,0.15360000729560852,0.1761522889137268,0.028011715039610863,0.025546828284859657,0.0024648860562592745,0.009480282664299011,0.016066545620560646,0.008083603344857693,6.9201213648284465e-09,0.007982935756444931,0.006640447303652763,6.508873658494291e-23,0.006640447303652763,1.3189955949783325,2.184990406036377,0.6419265270233154,0.9950531721115112,119.01063537597656,0.9995431303977966,0.024022599682211876,0.9995431303977966,0.9879154562950134,0.9867537617683411,0.9742754697799683
58,val,0,1.0,1.0,3,PVC_10_180,1,0.07500000298023224,1875.0,0.3456000089645386,0.1749381422996521,0.058903664350509644,0.05744920298457146,0.001454460434615612,0.021330632269382477,0.03611857071518898,0.018156951293349266,1.5570270406328746e-08,0.01796160452067852,0.015361522324383259,1.4144996733935752e-22,0.015361522324383259,1.3189955949783325,2.184990406036377,0.6419265270233154,0.9886112809181213,117.72225952148438,0.9989728927612305,0.038470204919576645,0.9989728927612305,0.9879154562950134,0.9867537617683411,0.9742754697799683
59,train,0,1.0,1.0,3,PVC_10_180,2,0.10000000149011612,2500.0,0.6144000291824341,0.10751472413539886,0.10695040971040726,0.10205453634262085,0.0048958733677864075,0.037921130657196045,0.0641334056854248,0.03220163658261299,2.7680485459313786e-08,0.031931743025779724,0.028390271589159966,2.403827047809054e-22,0.028390271589159966,1.3189955949783325,2.184990406036377,0.6419265270233154,0.9791058301925659,115.8211669921875,0.9981762766838074,0.016149530187249184,0.9981762766838074,0.9879154562950134,0.9867537617683411,0.9742754697799683
60,train,0,1.0,1.0,3,PVC_10_180,3,0.125,3125.0,0.9599999785423279,0.198393777012825,0.17497886717319489,0.1593051552772522,0.015673713758587837,0.05925175920128822,0.10005339235067368,0.050160001963377,4.3250746983858335e-08,0.049893345683813095,0.04659499600529671,3.5522088493385176e-22,0.04659499600529671,1.3189955949783325,2.184990406036377,0.6419265270233154,0.9660651087760925,113.21302032470703,0.9971546530723572,-0.01666727289557457,0.9971546530723572,0.9879154562950134,0.9867537617683411,0.9742754697799683
61,train,0,1.0,1.0,3,PVC_10_180,4,0.15000000596046448,3750.0,1.3824000358581543,0.27636855840682983,0.25201869010925293,0.22912751138210297,0.022891182452440262,0.08532252907752991,0.14380498230457306,0.0719585046172142,6.228108162531498e-08,0.07184641808271408,0.07105773687362671,1.5467690794663623e-21,0.07105773687362671,1.3189955949783325,2.184990406036377,0.6419265270233154,0.9489836692810059,109.7967300415039,0.9959105849266052,-0.017313305288553238,0.9959105849266052,0.9879154562950134,0.9867537617683411,0.9742754697799683
62,train,0,1.0,1.0,3,PVC_10_180,5,0.17499999701976776,4375.0,1.881600022315979,0.3855060040950775,0.3425651788711548,0.3114325702190399,0.031132597476243973,0.1161334440112114,0.19529911875724792,0.09750808775424957,8.477147162011534e-08,0.09779094904661179,0.10278953611850739,2.0392714266333154e-21,0.10278953611850739,1.3189955949783325,2.184990406036377,0.6419265270233154,0.927563488483429,105.51270294189453,0.9944468140602112,0.0001221243292093277,0.9944468140602112,0.9879154562950134,0.9867537617683411,0.9742754697799683
63,train,0,1.0,1.0,3,PVC_10_180,6,0.20000000298023224,5000.0,2.4576001167297363,0.4729076027870178,0.44671401381492615,0.4061165153980255,0.040597498416900635,0.15168452262878418,0.25443199276924133,0.12670491635799408,1.1072194183725514e-07,0.1277269721031189,0.14209134876728058,2.571591029431207e-21,0.14209134876728058,1.3189955949783325,2.184990406036377,0.6419265270233154,0.9021280407905579,100.42560577392578,0.9927672743797302,0.019582951441407204,0.9927672743797302,0.9879154562950134,0.9867537617683411,0.9742754697799683
64,val,0,1.0,1.0,3,PVC_10_180,7,0.22499999403953552,5625.0,3.1103999614715576,0.585237979888916,0.5643323659896851,0.5130611658096313,0.05127120763063431,0.1919756829738617,0.32108551263809204,0.15943099558353424,1.4013241411703348e-07,0.16165439784526825,0.1878364533185959,3.1350989360037208e-21,0.1878364533185959,1.3189955949783325,2.184990406036377,0.6419265270233154,0.8739358186721802,94.78716278076172,0.9908763766288757,0.034998293966054916,0.9908763766288757,0.9879154562950134,0.9867537617683411,0.9742754697799683
65,val,0,1.0,1.0,3,PVC_10_180,8,0.25,6250.0,3.8399999141693115,0.6845232844352722,0.6951795816421509,0.6321361064910889,0.0630434975028038,0.2370070368051529,0.3951290547847748,0.19555549323558807,1.7300298793543334e-07,0.19957338273525238,0.23751667141914368,1.100452127541173e-21,0.23751667141914368,1.3189955949783325,2.184990406036377,0.6419265270233154,0.8448962569236755,88.97925567626953,0.9887795448303223,0.038632698357105255,0.9887795448303223,0.9879154562950134,0.9867537617683411,0.9742754697799683
66,train,0,1.0,1.0,3,PVC_10_180,9,0.2750000059604645,6875.0,4.646399974822998,0.8764917254447937,0.8370410799980164,0.7631978988647461,0.07384318858385086,0.2867785096168518,0.4764193594455719,0.23493537306785583,2.0933362065989058e-07,0.24148377776145935,0.28830739855766296,1.3053009020798728e-21,0.28830739855766296,1.3189955949783325,2.184990406036377,0.6419265270233154,0.8167735934257507,83.3547134399414,0.9864833950996399,0.02403162606060505,0.9864833950996399,0.9879154562950134,0.9867537617683411,0.9742754697799683
67,train,0,1.0,1.0,3,PVC_10_180,10,0.30000001192092896,7500.0,5.529600143432617,0.9029657244682312,0.9259823560714722,0.9060934782028198,0.019888905808329582,0.34129011631011963,0.5648033618927002,0.2774174213409424,2.4912432650125993e-07,0.2873856723308563,0.33811330795288086,1.5292022956885683e-21,0.33811330795288086,1.3189955949783325,2.184990406036377,0.6419265270233154,0.7906438708305359,78.12877655029297,0.9839953780174255,0.010969357565045357,0.9839953780174255,0.9879154562950134,0.9867537617683411,0.9742754697799683
68,val,0,1.0,1.0,3,PVC_10_180,11,0.32499998807907104,8125.0,6.48960018157959,1.0138746500015259,1.0127639770507812,1.060660481452942,-0.04789652302861214,0.40054184198379517,0.6601186394691467,0.3228394091129303,2.923750344052678e-07,0.33727893233299255,0.3858281672000885,1.7719416372268438e-21,0.3858281672000885,1.3189955949783325,2.184990406036377,0.6419265270233154,0.766912579536438,73.38251495361328,0.9813241362571716,0.041894569993019104,0.9813241362571716,0.9879154562950134,0.9867537617683411,0.9742754697799683
69,train,0,1.0,1.0,3,PVC_10_180,12,0.3499999940395355,8750.0,7.526400089263916,1.313947081565857,1.320993423461914,1.2267301082611084,0.09426335990428925,0.4645337760448456,0.7621963024139404,0.371032178401947,3.3908588648046134e-07,0.39116379618644714,0.43107983469963074,5.840269234020067e-23,0.43107983469963074,1.3189955949783325,2.184990406036377,0.6419265270233154,0.7455744743347168,69.1148910522461,0.9784792065620422,0.034109413623809814,0.9784792065620422,0.9879154562950134,0.9867537617683411,0.9742754697799683
70,train,0,1.0,1.0,3,PVC_10_180,13,0.375,9375.0,8.640000343322754,1.5928974151611328,1.5385327339172363,1.404127597808838,0.13440515100955963,0.5332658290863037,0.8708617687225342,0.4218212962150574,3.89256712196584e-07,0.44904008507728577,0.47390738129615784,5.378405057965097e-23,0.47390738129615784,1.3189955949783325,2.184990406036377,0.6419265270233154,0.7264378666877747,65.2875747680664,0.9754714965820312,0.010780306532979012,0.9754714965820312,0.9879154562950134,0.9867537617683411,0.9742754697799683
71,train,0,1.0,1.0,3,PVC_10_180,14,0.4000000059604645,10000.0,9.830400466918945,1.7449835538864136,1.744059443473816,1.5926756858825684,0.15138377249240875,0.6067380905151367,0.9859375357627869,0.47502920031547546,4.428877673490206e-07,0.5109078884124756,0.5145385265350342,4.737613029109707e-23,0.5145385265350342,1.3189955949783325,2.184990406036377,0.6419265270233154,0.7092531323432922,61.850624084472656,0.9723124504089355,0.005878725554794073,0.9723124504089355,0.9879154562950134,0.9867537617683411,0.9742754697799683
72,train,0,1.0,1.0,3,PVC_10_180,15,0.42500001192092896,10625.0,11.097599983215332,1.9275760650634766,1.9547772407531738,1.7921950817108154,0.1625821441411972,0.6849502921104431,1.107244849205017,0.5304773449897766,4.999786824555486e-07,0.5767670273780823,0.5532668828964233,4.3758464666851443e-23,0.5532668828964233,1.3189955949783325,2.184990406036377,0.6419265270233154,0.6937710642814636,58.754215240478516,0.9690146446228027,0.006401319056749344,0.9690146446228027,0.9879154562950134,0.9867537617683411,0.9742754697799683
73,train,0,1.0,1.0,3,PVC_10_180,16,0.44999998807907104,11250.0,12.44159984588623,2.2017436027526855,2.1679506301879883,2.002509117126465,0.16544146835803986,0.7679027318954468,1.2346062660217285,0.5879881381988525,5.605296564681339e-07,0.646617591381073,0.5903915762901306,7.206585157104998e-24,0.5903915762901306,1.3189955949783325,2.184990406036377,0.6419265270233154,0.6797662973403931,55.95326232910156,0.9655913710594177,0.009163757786154747,0.9655913710594177,0.9879154562950134,0.9867537617683411,0.9742754697799683
74,val,0,1.0,1.0,3,PVC_10_180,17,0.4749999940395355,11875.0,13.86240005493164,2.481191635131836,2.3808529376983643,2.223443031311035,0.1574098914861679,0.8555954098701477,1.3678476810455322,0.6473872661590576,6.245407462301955e-07,0.7204598188400269,0.6261906623840332,1.0895943249278015e-23,0.6261906623840332,1.3189955949783325,2.184990406036377,0.6419265270233154,0.6670430302619934,53.408607482910156,0.9620561599731445,0.013281549327075481,0.9620561599731445,0.9879154562950134,0.9867537617683411,0.9742754697799683
75,train,0,1.0,1.0,3,PVC_10_180,18,0.5,12500.0,15.359999656677246,2.5872838497161865,2.592752456665039,2.454827070236206,0.1379254013299942,0.9480281472206116,1.5067989826202393,0.7085047960281372,6.920119517417334e-07,0.7982935309410095,0.6609118580818176,3.6900772493286525e-22,0.6609118580818176,1.3189955949783325,2.184990406036377,0.6419265270233154,0.6554343104362488,51.08686828613281,0.958423376083374,0.01807011105120182,0.958423376083374,0.9879154562950134,0.9867537617683411,0.9742754697799683
76,val,0,1.0,1.0,8,guijiao_20_0,0,0.05000000074505806,1250.0,4.0,0.03274283930659294,0.027747055515646935,0.02522522211074829,0.0025218327064067125,0.005864936858415604,0.019360285252332687,0.008174704387784004,0.0029992887284606695,0.00818629190325737,0.01904510147869587,0.008109244517982006,0.008109244517982006,0.8159911036491394,1.1644203662872314,0.35850462317466736,0.6207086443901062,44.14173126220703,0.9874321818351746,-0.029089078307151794,0.9874321818351746,0.9540386199951172,0.9579711556434631,0.9553927183151245
77,train,0,1.0,1.0,8,guijiao_20_0,1,0.07500000298023224,1875.0,9.0,0.1314956545829773,0.06148076429963112,0.055894482880830765,0.005586281884461641,0.013196107000112534,0.04269837588071823,0.017962448298931122,0.006748398300260305,0.017987530678510666,0.03737829253077507,0.012877439148724079,0.012877439148724079,0.8159911036491394,1.1644203662872314,0.35850462317466736,0.5476172566413879,29.523452758789062,0.9721110463142395,-0.028126096352934837,0.9721110463142395,0.9540386199951172,0.9579711556434631,0.9553927183151245
78,train,0,1.0,1.0,8,guijiao_20_0,2,0.10000000149011612,2500.0,16.0,0.1263606995344162,0.10691952705383301,0.09730719774961472,0.009612326510250568,0.023459747433662415,0.0738474503159523,0.030905039981007576,0.011997154913842678,0.030945254489779472,0.05183761939406395,0.01717318408191204,0.01717318408191204,0.8159911036491394,1.1644203662872314,0.35850462317466736,0.5097271203994751,21.9454288482666,0.9515140056610107,0.009525408037006855,0.9515140056610107,0.9540386199951172,0.9579711556434631,0.9553927183151245
79,train,0,1.0,1.0,8,guijiao_20_0,3,0.125,3125.0,25.0,0.10596927255392075,0.13340646028518677,0.14815711975097656,-0.01475066039711237,0.03665585070848465,0.11150126159191132,0.0463540256023407,0.018745552748441696,0.04640168324112892,0.06461422890424728,0.02142789214849472,0.02142789214849472,0.8159911036491394,1.1644203662872314,0.35850462317466736,0.48791635036468506,17.583267211914062,0.9266605377197266,-0.009931563399732113,0.9266605377197266,0.9540386199951172,0.9579711556434631,0.9553927183151245
80,val,0,1.0,1.0,8,guijiao_20_0,4,0.15000000596046448,3750.0,36.0,0.2565729320049286,0.21882788836956024,0.20709197223186493,0.011735913343727589,0.052784428000450134,0.1543075442314148,0.06364263594150543,0.02699359320104122,0.06367132067680359,0.07707758992910385,0.02586590126156807,0.02586590126156807,0.8159911036491394,1.1644203662872314,0.35850462317466736,0.47369226813316345,14.738452911376953,0.8988785147666931,-0.04524112492799759,0.8988785147666931,0.9540386199951172,0.9579711556434631,0.9553927183151245
81,train,0,1.0,1.0,8,guijiao_20_0,5,0.17499999701976776,4375.0,49.0,0.34047091007232666,0.2987414002418518,0.2729051113128662,0.02583627589046955,0.07184546440839767,0.20105963945388794,0.08218050748109818,0.03674127906560898,0.08213784545660019,0.08983232080936432,0.030577916651964188,0.030577916651964188,0.8159911036491394,1.1644203662872314,0.35850462317466736,0.4635932743549347,12.71865463256836,0.8696038722991943,0.012816883623600006,0.8696038722991943,0.9540386199951172,0.9579711556434631,0.9553927183151245
82,train,0,1.0,1.0,8,guijiao_20_0,6,0.20000000298023224,5000.0,64.0,0.37226971983909607,0.37383902072906494,0.3446557819843292,0.02918323315680027,0.09383898973464966,0.25081679224967957,0.10150965303182602,0.04798861965537071,0.10131853073835373,0.1031419187784195,0.0355924554169178,0.0355924554169178,0.8159911036491394,1.1644203662872314,0.35850462317466736,0.45599478483200073,11.198957443237305,0.840140163898468,0.0064054690301418304,0.840140163898468,0.9540386199951172,0.9579711556434631,0.9553927183151245
83,train,0,1.0,1.0,8,guijiao_20_0,7,0.22499999403953552,5625.0,81.0,0.4480170011520386,0.4464090168476105,0.4216917157173157,0.02471729926764965,0.1187649518251419,0.3029267489910126,0.12131117284297943,0.06073558330535889,0.12087999284267426,0.11711513996124268,0.04091043025255203,0.04091043025255203,0.8159911036491394,1.1644203662872314,0.35850462317466736,0.45003658533096313,10.007320404052734,0.8114872574806213,-0.0004920121282339096,0.8114872574806213,0.9540386199951172,0.9579711556434631,0.9553927183151245
84,train,0,1.0,1.0,8,guijiao_20_0,8,0.25,6250.0,100.0,0.5355852842330933,0.5108644366264343,0.5035997033119202,0.007264729589223862,0.1466234028339386,0.35697630047798157,0.14137916266918182,0.07498221099376678,0.14061492681503296,0.1317870318889618,0.046520885080099106,0.046520885080099106,0.8159911036491394,1.1644203662872314,0.35850462317466736,0.4452192783355713,9.043856620788574,0.7842898368835449,-0.0017986631719395518,0.7842898368835449,0.9540386199951172,0.9579711556434631,0.9553927183151245
85,train,0,1.0,1.0,8,guijiao_20_0,9,0.2750000059604645,6875.0,121.0,0.537065327167511,0.5688179135322571,0.5901303887367249,-0.021312449127435684,0.17741431295871735,0.4127160906791687,0.16158545017242432,0.09072847664356232,0.16040219366550446,0.14715644717216492,0.052408237010240555,0.052408237010240555,0.8159911036491394,1.1644203662872314,0.35850462317466736,0.4412316679954529,8.246335983276367,0.7588815689086914,-0.00014541111886501312,0.7588815689086914,0.9540386199951172,0.9579711556434631,0.9553927183151245
86,train,0,1.0,1.0,8,guijiao_20_0,10,0.30000001192092896,7500.0,144.0,0.6555957198143005,0.6317442059516907,0.6811317801475525,-0.049387555569410324,0.21113771200180054,0.46999406814575195,0.18185029923915863,0.10797437280416489,0.18016941845417023,0.16320447623729706,0.05855567753314972,0.05855567753314972,0.8159911036491394,1.1644203662872314,0.35850462317466736,0.43786895275115967,7.573787689208984,0.7353693842887878,0.0018170102266594768,0.7353693842887878,0.9540386199951172,0.9579711556434631,0.9553927183151245
87,train,0,1.0,1.0,8,guijiao_20_0,11,0.32499998807907104,8125.0,169.0,0.7337173223495483,0.7066598534584045,0.7765005826950073,-0.06984071433544159,0.2477935552597046,0.5287070274353027,0.20212313532829285,0.12671992182731628,0.1998639702796936,0.17990387976169586,0.064946748316288,0.064946748316288,0.8159911036491394,1.1644203662872314,0.35850462317466736,0.43499016761779785,6.998030662536621,0.7137162685394287,0.0028768344782292843,0.7137162685394287,0.9540386199951172,0.9579711556434631,0.9553927183151245
88,train,0,1.0,1.0,8,guijiao_20_0,12,0.3499999940395355,8750.0,196.0,0.7751927375793457,0.7916544079780579,0.8761483430862427,-0.08449393510818481,0.2873818576335907,0.5887664556503296,0.22237126529216766,0.1469651162624359,0.2194300889968872,0.19722402095794678,0.07156606018543243,0.07156606018543243,0.8159911036491394,1.1644203662872314,0.35850462317466736,0.4324948787689209,6.498973846435547,0.6938014626502991,0.0030051025096327066,0.6938014626502991,0.9540386199951172,0.9579711556434631,0.9553927183151245
89,val,0,1.0,1.0,8,guijiao_20_0,13,0.375,9375.0,225.0,0.7986027598381042,0.8833021521568298,0.9799680709838867,-0.09666591137647629,0.32990267872810364,0.6500654220581055,0.24257315695285797,0.16870997846126556,0.23878225684165955,0.2151336669921875,0.07839954644441605,0.07839954644441605,0.8159911036491394,1.1644203662872314,0.35850462317466736,0.43030932545661926,6.06186580657959,0.6754541993141174,0.0026230397634208202,0.6754541993141174,0.9540386199951172,0.9579711556434631,0.9553927183151245
90,val,0,1.0,1.0,8,guijiao_20_0,14,0.4000000059604645,10000.0,256.0,0.884392499923706,0.9796472191810608,1.0877790451049805,-0.10813182592391968,0.37535595893859863,0.7124230861663818,0.26271453499794006,0.19195447862148285,0.2577541172504425,0.23360233008861542,0.08543454110622406,0.08543454110622406,0.8159911036491394,1.1644203662872314,0.35850462317466736,0.42837801575660706,5.675602912902832,0.6584591269493103,0.0020972106140106916,0.6584591269493103,0.9540386199951172,0.9579711556434631,0.9553927183151245
91,val,0,1.0,1.0,8,guijiao_20_0,15,0.42500001192092896,10625.0,289.0,1.0040017366409302,1.0763988494873047,1.195594310760498,-0.11919546872377396,0.4237416684627533,0.7718526124954224,0.28278589248657227,0.21310405433177948,0.27596262097358704,0.2526010274887085,0.09265967458486557,0.09265967458486557,0.8159911036491394,1.1644203662872314,0.35850462317466736,0.4266582429409027,5.331648349761963,0.6369875073432922,0.001616381574422121,0.6369875073432922,0.9540386199951172,0.9579711556434631,0.9553927183151245
92,train,0,1.0,1.0,8,guijiao_20_0,16,0.44999998807907104,11250.0,324.0,1.018639326095581,1.169701099395752,1.2994060516357422,-0.12970499694347382,0.4750598073005676,0.8243462443351746,0.30278027057647705,0.22924242913722992,0.2923235297203064,0.2721027135848999,0.10006482899188995,0.10006482899188995,0.8159911036491394,1.1644203662872314,0.35850462317466736,0.4251165986061096,5.02332067489624,0.608265221118927,0.0012399789411574602,0.608265221118927,0.9540386199951172,0.9579711556434631,0.9553927183151245
93,train,0,1.0,1.0,8,guijiao_20_0,17,0.4749999940395355,11875.0,361.0,1.1686152219772339,1.2599005699157715,1.3996987342834473,-0.13979817926883698,0.5293104648590088,0.8703882694244385,0.32269224524497986,0.24530847370624542,0.302387535572052,0.2920822501182556,0.10764095932245255,0.10764095932245255,0.8159911036491394,1.1644203662872314,0.35850462317466736,0.42372652888298035,4.74530553817749,0.5789885520935059,0.0009654999594204128,0.5789885520935059,0.9540386199951172,0.9579711556434631,0.9553927183151245
94,train,0,1.0,1.0,8,guijiao_20_0,18,0.5,12500.0,400.0,1.143523097038269,1.3204450607299805,1.467011570930481,-0.1465664952993393,0.5864936113357544,0.8805179595947266,0.3425164520740509,0.26132166385650635,0.2766799032688141,0.31251654028892517,0.11538002640008926,0.11538002640008926,0.8159911036491394,1.1644203662872314,0.35850462317466736,0.42246657609939575,4.493317604064941,0.5379945635795593,0.0007718148408457637,0.5379945635795593,0.9540386199951172,0.9579711556434631,0.9553927183151245
95,train,0,1.0,1.0,9,guijiao_20_180,0,0.05000000074505806,1250.0,4.0,0.08496236801147461,0.0303068645298481,0.027551976963877678,0.002754887565970421,0.007015969604253769,0.02053600735962391,0.010155204683542252,5.9982663280777615e-09,0.01038079708814621,0.01904510147869587,3.115521200628112e-22,0.01904510147869587,0.9761347770690918,1.4471707344055176,0.4299626350402832,0.838975191116333,87.79503631591797,0.9922105669975281,-0.013067460618913174,0.9922105669975281,0.9580248594284058,0.9639960527420044,0.9564221501350403
96,val,0,1.0,1.0,9,guijiao_20_180,1,0.07500000298023224,1875.0,9.0,0.20686888694763184,0.06746319681406021,0.06133079528808594,0.00613239873200655,0.015785928815603256,0.04554486647248268,0.022188061848282814,1.3496098461018846e-08,0.023356791585683823,0.03737829253077507,3.9326089374331247e-22,0.03737829253077507,0.9761347770690918,1.4471707344055176,0.4299626350402832,0.7209258079528809,64.1851577758789,0.9827908873558044,-0.010496459901332855,0.9827908873558044,0.9580248594284058,0.9639960527420044,0.9564221501350403
97,train,0,1.0,1.0,9,guijiao_20_180,2,0.10000000149011612,2500.0,16.0,0.23048630356788635,0.11822133511304855,0.10747504979372025,0.010746287181973457,0.028063878417015076,0.07941117137670517,0.03788796067237854,2.3993065312311046e-08,0.04152318835258484,0.05183761939406395,7.925297521407882e-22,0.05183761939406395,0.9761347770690918,1.4471707344055176,0.4299626350402832,0.6509374380111694,50.1874885559082,0.9703088402748108,-0.006252406630665064,0.9703088402748108,0.9580248594284058,0.9639960527420044,0.9564221501350403
98,train,0,1.0,1.0,9,guijiao_20_180,3,0.125,3125.0,25.0,0.37194958329200745,0.18156322836875916,0.16505929827690125,0.016503935679793358,0.04384980723261833,0.12120948731899261,0.05632947012782097,3.748916199697305e-08,0.06487998366355896,0.06461422890424728,6.314029432525771e-23,0.06461422890424728,0.9761347770690918,1.4471707344055176,0.4299626350402832,0.6060657501220703,41.2131462097168,0.9555859565734863,-0.0008002722752280533,0.9555859565734863,0.9580248594284058,0.9639960527420044,0.9564221501350403
99,train,0,1.0,1.0,9,guijiao_20_180,4,0.15000000596046448,3750.0,36.0,0.4915699362754822,0.25651708245277405,0.23320023715496063,0.023316839709877968,0.06314371526241302,0.1700565218925476,0.07662931084632874,5.3984393844075385e-08,0.09342716634273529,0.07707758992910385,1.1234837105300057e-22,0.07707758992910385,0.9761347770690918,1.4471707344055176,0.4299626350402832,0.5746968984603882,34.93937683105469,0.939610481262207,0.0050400011241436005,0.939610481262207,0.9580248594284058,0.9639960527420044,0.9564221501350403
100,val,0,1.0,1.0,9,guijiao_20_180,5,0.17499999701976776,4375.0,49.0,0.4082214832305908,0.34230297803878784,0.3111892640590668,0.031113700941205025,0.08594561368227005,0.22524364292621613,0.09807883203029633,7.347874486640649e-08,0.12716473639011383,0.08983232080936432,1.3686390868963706e-22,0.08983232080936432,0.9761347770690918,1.4471707344055176,0.4299626350402832,0.551417887210846,30.2835750579834,0.9233278632164001,0.008676022291183472,0.9233278632164001,0.9580248594284058,0.9639960527420044,0.9564221501350403
101,train,0,1.0,1.0,9,guijiao_20_180,6,0.20000000298023224,5000.0,64.0,0.6384890079498291,0.43837887048721313,0.39853495359420776,0.039843928068876266,0.1122555136680603,0.28627943992614746,0.12018658965826035,9.597226124924418e-08,0.16609275341033936,0.1031419187784195,1.1510744046800364e-22,0.1031419187784195,0.9761347770690918,1.4471707344055176,0.4299626350402832,0.533397376537323,26.679471969604492,0.9074668884277344,0.007098564878106117,0.9074668884277344,0.9580248594284058,0.9639960527420044,0.9564221501350403
102,val,0,1.0,1.0,9,guijiao_20_180,7,0.22499999403953552,5625.0,81.0,0.6797599196434021,0.5443992614746094,0.494930237531662,0.04946902021765709,0.1420733630657196,0.3528568744659424,0.14264561235904694,1.2146486483288754e-07,0.2102111279964447,0.11711513996124268,1.050909643209376e-21,0.11711513996124268,0.9761347770690918,1.4471707344055176,0.4299626350402832,0.5190048217773438,23.800962448120117,0.8924824595451355,0.0004328731447458267,0.8924824595451355,0.9580248594284058,0.9639960527420044,0.9564221501350403
103,val,0,1.0,1.0,9,guijiao_20_180,8,0.25,6250.0,100.0,0.6456429958343506,0.6600630283355713,0.6001936197280884,0.059869434684515,0.17539922893047333,0.42479437589645386,0.16527427732944489,1.499566479878922e-07,0.25951993465423584,0.1317870318889618,2.441323209599568e-21,0.1317870318889618,0.9761347770690918,1.4471707344055176,0.4299626350402832,0.507230281829834,21.44605827331543,0.8785936236381531,-0.006592936348170042,0.8785936236381531,0.9580248594284058,0.9639960527420044,0.9564221501350403
104,train,0,1.0,1.0,9,guijiao_20_180,9,0.2750000059604645,6875.0,121.0,0.7804605960845947,0.7726122140884399,0.7142177820205688,0.058394428342580795,0.2122330516576767,0.501984715461731,0.1879654824733734,1.8144753255455726e-07,0.3140190839767456,0.14715644717216492,7.467274025110506e-22,0.14715644717216492,0.9761347770690918,1.4471707344055176,0.4299626350402832,0.49741220474243164,19.482440948486328,0.8658595085144043,-0.009396378882229328,0.8658595085144043,0.9580248594284058,0.9639960527420044,0.9564221501350403
105,train,0,1.0,1.0,9,guijiao_20_180,10,0.30000001192092896,7500.0,144.0,0.7066598534584045,0.7538874745368958,0.8369383215904236,-0.08305082470178604,0.2525748610496521,0.5843634605407715,0.210654616355896,2.1593757537630154e-07,0.37370866537094116,0.16320447623729706,1.0497243475137566e-20,0.16320447623729706,0.9761347770690918,1.4471707344055176,0.4299626350402832,0.48909759521484375,17.819517135620117,0.8542478680610657,-0.00792613998055458,0.8542478680610657,0.9580248594284058,0.9639960527420044,0.9564221501350403
106,train,0,1.0,1.0,9,guijiao_20_180,11,0.32499998807907104,8125.0,169.0,0.8475066423416138,0.8714949488639832,0.9683151245117188,-0.09682019054889679,0.29642465710639954,0.6718904972076416,0.23330162465572357,2.5342674803141563e-07,0.43858861923217773,0.17990387976169586,1.9914623663219895e-20,0.17990387976169586,0.9761347770690918,1.4471707344055176,0.4299626350402832,0.48196521401405334,16.393043518066406,0.8436824679374695,-0.005008750595152378,0.8436824679374695,0.9580248594284058,0.9639960527420044,0.9564221501350403
107,train,0,1.0,1.0,9,guijiao_20_180,12,0.3499999940395355,8750.0,196.0,0.8986618518829346,0.9974961280822754,1.108323097229004,-0.11082696914672852,0.3437824547290802,0.7645406126976013,0.2558813691139221,2.9391497946562595e-07,0.5086589455604553,0.19722402095794678,3.602878215793624e-20,0.19722402095794678,0.9761347770690918,1.4471707344055176,0.4299626350402832,0.4757799208164215,15.155984878540039,0.8340697884559631,-0.003542235353961587,0.8340697884559631,0.9580248594284058,0.9639960527420044,0.9564221501350403
108,train,0,1.0,1.0,9,guijiao_20_180,13,0.375,9375.0,225.0,0.9627761244773865,1.111735224723816,1.2352547645568848,-0.12351958453655243,0.3946482539176941,0.8406065702438354,0.27837806940078735,3.374024686308985e-07,0.5622281432151794,0.2151336669921875,6.256844559669679e-20,0.2151336669921875,0.9761347770690918,1.4471707344055176,0.4299626350402832,0.4703657627105713,14.073150634765625,0.8129313588142395,-0.002855864819139242,0.8129313588142395,0.9580248594284058,0.9639960527420044,0.9564221501350403
109,train,0,1.0,1.0,9,guijiao_20_180,14,0.4000000059604645,10000.0,256.0,1.150991439819336,1.2227911949157715,1.3586483001708984,-0.13585704565048218,0.4490220546722412,0.909626305103302,0.3007808029651642,3.8388904499697674e-07,0.6088451147079468,0.23360233008861542,1.048540348326812e-19,0.23360233008861542,0.9761347770690918,1.4471707344055176,0.4299626350402832,0.4655887186527252,13.117743492126465,0.7894654273986816,-0.002353997202590108,0.7894654273986816,0.9580248594284058,0.9639960527420044,0.9564221501350403
110,train,0,1.0,1.0,9,guijiao_20_180,15,0.42500001192092896,10625.0,289.0,1.2544622421264648,1.3367012739181519,1.485211968421936,-0.1485106498003006,0.5069037675857544,0.9783082008361816,0.32308173179626465,4.333746801421512e-07,0.6552259922027588,0.2526010274887085,1.7030078461772696e-19,0.2526010274887085,0.9761347770690918,1.4471707344055176,0.4299626350402832,0.4613442122936249,12.268844604492188,0.7678892612457275,-0.0017483868869021535,0.7678892612457275,0.9580248594284058,0.9639960527420044,0.9564221501350403
111,train,0,1.0,1.0,9,guijiao_20_180,16,0.44999998807907104,11250.0,324.0,1.3411883115768433,1.453485369682312,1.614968180656433,-0.1614828109741211,0.5682934522628784,1.0466747283935547,0.345273494720459,4.858594593315502e-07,0.7014007568359375,0.2721027135848999,2.690328686616003e-19,0.2721027135848999,0.9761347770690918,1.4471707344055176,0.4299626350402832,0.4575488269329071,11.509765625,0.7480340600013733,-0.0009941809112206101,0.7480340600013733,0.9580248594284058,0.9639960527420044,0.9564221501350403
112,train,0,1.0,1.0,9,guijiao_20_180,17,0.4749999940395355,11875.0,361.0,1.5874711275100708,1.5730280876159668,1.747788906097412,-0.17476080358028412,0.6331911683082581,1.1145976781845093,0.36734840273857117,5.41343467830302e-07,0.7472487092018127,0.2920822501182556,2.5470766692546686e-18,0.2920822501182556,0.9761347770690918,1.4471707344055176,0.4299626350402832,0.45413661003112793,10.827320098876953,0.7296836972236633,-0.00015608035027980804,0.7296836972236633,0.9580248594284058,0.9639960527420044,0.9564221501350403
113,train,0,1.0,1.0,9,guijiao_20_180,18,0.5,12500.0,400.0,1.6530265808105469,1.694917917251587,1.8832168579101562,-0.18829889595508575,0.7015969157218933,1.1816200017929077,0.3892977237701416,5.998265919515688e-07,0.7923216819763184,0.31251654028892517,1.337401227409797e-18,0.31251654028892517,0.9761347770690918,1.4471707344055176,0.4299626350402832,0.45105257630348206,10.210517883300781,0.7125489115715027,0.0006824973970651627,0.7125489115715027,0.9580248594284058,0.9639960527420044,0.9564221501350403
114,train,0,1.0,1.0,10,guijiao_10_0,0,0.05000000074505806,1250.0,4.0,0.061789702624082565,0.01757035218179226,0.015973705798387527,0.00159664626698941,0.006174460519105196,0.009799245744943619,0.00413085101172328,0.001532075577415526,0.004136319737881422,0.009522550739347935,0.004054622258991003,0.004054622258991003,0.8590552806854248,1.1763970851898193,0.3624890446662903,0.6207086443901062,44.14173126220703,0.9873042106628418,-0.009696416556835175,0.9873042106628418,0.9545619487762451,0.9580761194229126,0.9558277130126953
115,train,0,1.0,1.0,10,guijiao_10_0,1,0.07500000298023224,1875.0,9.0,0.07487817108631134,0.0390470027923584,0.03550075367093086,0.0035462495870888233,0.01389253418892622,0.021608218550682068,0.009074616245925426,0.0034471696708351374,0.009086433798074722,0.018689146265387535,0.0064387195743620396,0.0064387195743620396,0.8590552806854248,1.1763970851898193,0.3624890446662903,0.5476172566413879,29.523452758789062,0.9718319773674011,0.002486791927367449,0.9718319773674011,0.9545619487762451,0.9580761194229126,0.9558277130126953
116,train,0,1.0,1.0,10,guijiao_10_0,2,0.10000000149011612,2500.0,16.0,0.08106280863285065,0.0682281106710434,0.06206122785806656,0.006166884675621986,0.024697842076420784,0.037363387644290924,0.015608143992722034,0.006128302309662104,0.015626942738890648,0.025918809697031975,0.00858659204095602,0.00858659204095602,0.8590552806854248,1.1763970851898193,0.3624890446662903,0.5097271203994751,21.9454288482666,0.9510427117347717,0.011626034043729305,0.9510427117347717,0.9545619487762451,0.9580761194229126,0.9558277130126953
117,val,0,1.0,1.0,10,guijiao_10_0,3,0.125,3125.0,25.0,0.11539952456951141,0.10405533760786057,0.09499034285545349,0.009064997546374798,0.03859037533402443,0.05639997124671936,0.02340143360197544,0.009575470350682735,0.02342306636273861,0.03230711445212364,0.01071394607424736,0.01071394607424736,0.8590552806854248,1.1763970851898193,0.3624890446662903,0.48791635036468506,17.583267211914062,0.9259784817695618,0.010508256033062935,0.9259784817695618,0.9545619487762451,0.9580761194229126,0.9558277130126953
118,val,0,1.0,1.0,10,guijiao_10_0,4,0.15000000596046448,3750.0,36.0,0.22257539629936218,0.14421840012073517,0.13360202312469482,0.010616382583975792,0.05557013675570488,0.07803188264369965,0.03211624175310135,0.01378867868334055,0.03212696686387062,0.038538794964551926,0.012932950630784035,0.012932950630784035,0.8590552806854248,1.1763970851898193,0.3624890446662903,0.47369226813316345,14.738452911376953,0.8979924321174622,-0.0036065925378352404,0.8979924321174622,0.9545619487762451,0.9580761194229126,0.9558277130126953
119,train,0,1.0,1.0,10,guijiao_10_0,5,0.17499999701976776,4375.0,49.0,0.19035470485687256,0.1860189586877823,0.1772865206003189,0.008732438087463379,0.07563713192939758,0.10164938867092133,0.04145431146025658,0.01876791939139366,0.041427161544561386,0.04491616040468216,0.015288958325982094,0.015288958325982094,0.8590552806854248,1.1763970851898193,0.3624890446662903,0.4635932743549347,12.71865463256836,0.8685421943664551,-0.007523810025304556,0.8685421943664551,0.9545619487762451,0.9580761194229126,0.9558277130126953
120,val,0,1.0,1.0,10,guijiao_10_0,6,0.20000000298023224,5000.0,64.0,0.2699236571788788,0.23070625960826874,0.22557103633880615,0.005135226063430309,0.09879136830568314,0.1267796754837036,0.05118542164564133,0.024513209238648415,0.05108104646205902,0.05157095938920975,0.0177962277084589,0.0177962277084589,0.8590552806854248,1.1763970851898193,0.3624890446662903,0.45599478483200073,11.198957443237305,0.83894282579422,-0.00709026912227273,0.83894282579422,0.9545619487762451,0.9580761194229126,0.9558277130126953
121,train,0,1.0,1.0,10,guijiao_10_0,7,0.22499999403953552,5625.0,81.0,0.29202887415885925,0.2801993489265442,0.27812933921813965,0.002069999696686864,0.12503281235694885,0.1530965119600296,0.06115002930164337,0.031024521216750145,0.060921959578990936,0.05855756998062134,0.020455215126276016,0.020455215126276016,0.8590552806854248,1.1763970851898193,0.3624890446662903,0.45003658533096313,10.007320404052734,0.8101959824562073,-0.0020592983346432447,0.8101959824562073,0.9545619487762451,0.9580761194229126,0.9558277130126953
122,train,0,1.0,1.0,10,guijiao_10_0,8,0.25,6250.0,100.0,0.29831641912460327,0.33451658487319946,0.33475595712661743,-0.000239384185988456,0.15436150133609772,0.1803944706916809,0.07124564051628113,0.03830188140273094,0.07084695249795914,0.0658935159444809,0.023260442540049553,0.023260442540049553,0.8590552806854248,1.1763970851898193,0.3624890446662903,0.4452192783355713,9.043856620788574,0.7829413414001465,0.006540423259139061,0.7829413414001465,0.9545619487762451,0.9580761194229126,0.9558277130126953
123,train,0,1.0,1.0,10,guijiao_10_0,9,0.2750000059604645,6875.0,121.0,0.4310641288757324,0.3923580050468445,0.3953273892402649,-0.0029693872202187777,0.18677742779254913,0.20854994654655457,0.08140857517719269,0.04634527117013931,0.08079608529806137,0.07357822358608246,0.026204118505120277,0.026204118505120277,0.8590552806854248,1.1763970851898193,0.3624890446662903,0.4412316679954529,8.246335983276367,0.7575042247772217,0.013354768976569176,0.7575042247772217,0.9545619487762451,0.9580761194229126,0.9558277130126953
124,val,0,1.0,1.0,10,guijiao_10_0,10,0.30000001192092896,7500.0,144.0,0.40116769075393677,0.45063164830207825,0.459768146276474,-0.009136496111750603,0.22228054702281952,0.23748759925365448,0.09159941226243973,0.0551547147333622,0.09073346853256226,0.08160223811864853,0.02927783876657486,0.02927783876657486,0.8590552806854248,1.1763970851898193,0.3624890446662903,0.43786895275115967,7.573787689208984,0.7339837551116943,0.014243959449231625,0.7339837551116943,0.9545619487762451,0.9580761194229126,0.9558277130126953
125,train,0,1.0,1.0,10,guijiao_10_0,11,0.32499998807907104,8125.0,169.0,0.506271243095398,0.5052551627159119,0.5280267000198364,-0.022771531715989113,0.26087093353271484,0.2671557366847992,0.10179305076599121,0.06473017483949661,0.10063251852989197,0.08995193988084793,0.032473374158144,0.032473374158144,0.8590552806854248,1.1763970851898193,0.3624890446662903,0.43499016761779785,6.998030662536621,0.7123358845710754,0.010435151867568493,0.7123358845710754,0.9545619487762451,0.9580761194229126,0.9558277130126953
126,train,0,1.0,1.0,10,guijiao_10_0,12,0.3499999940395355,8750.0,196.0,0.5606998205184937,0.557450532913208,0.6000579595565796,-0.04260740429162979,0.30254852771759033,0.29750940203666687,0.11197328567504883,0.07507167756557465,0.11046444624662399,0.09861201047897339,0.03578303009271622,0.03578303009271622,0.8590552806854248,1.1763970851898193,0.3624890446662903,0.4324948787689209,6.498973846435547,0.6924338936805725,0.006335585378110409,0.6924338936805725,0.9545619487762451,0.9580761194229126,0.9558277130126953
127,train,0,1.0,1.0,10,guijiao_10_0,13,0.375,9375.0,225.0,0.5885866284370422,0.6157403588294983,0.6758061647415161,-0.06006579473614693,0.34731337428092957,0.32849279046058655,0.12212958186864853,0.0861792340874672,0.12018398195505142,0.10756683349609375,0.03919977322220802,0.03919977322220802,0.8590552806854248,1.1763970851898193,0.3624890446662903,0.43030932545661926,6.06186580657959,0.6741016507148743,0.0036220336332917213,0.6741016507148743,0.9545619487762451,0.9580761194229126,0.9558277130126953
128,val,0,1.0,1.0,10,guijiao_10_0,14,0.4000000059604645,10000.0,256.0,0.6958703994750977,0.6828091740608215,0.7551748752593994,-0.07236571609973907,0.39516547322273254,0.3600093722343445,0.13225485384464264,0.09805283695459366,0.1297016590833664,0.11680116504430771,0.04271727055311203,0.04271727055311203,0.8590552806854248,1.1763970851898193,0.3624890446662903,0.42837801575660706,5.675602912902832,0.6571161150932312,0.0005542729049921036,0.6571161150932312,0.9545619487762451,0.9580761194229126,0.9558277130126953
129,val,0,1.0,1.0,10,guijiao_10_0,15,0.42500001192092896,10625.0,289.0,0.6730650663375854,0.753718912601471,0.835718035697937,-0.08199913799762726,0.4461047053337097,0.3896133303642273,0.14234435558319092,0.10846136510372162,0.13880760967731476,0.12630051374435425,0.046329837292432785,0.046329837292432785,0.8590552806854248,1.1763970851898193,0.3624890446662903,0.4266582429409027,5.331648349761963,0.6344432234764099,-0.004015951417386532,0.6344432234764099,0.9545619487762451,0.9580761194229126,0.9558277130126953
130,val,0,1.0,1.0,10,guijiao_10_0,16,0.44999998807907104,11250.0,324.0,0.6925672888755798,0.825437605381012,0.9160762429237366,-0.0906386449933052,0.5001312494277954,0.41594499349594116,0.15239474177360535,0.11665922403335571,0.1468910425901413,0.13605135679244995,0.05003241449594498,0.05003241449594498,0.8590552806854248,1.1763970851898193,0.3624890446662903,0.4251165986061096,5.02332067489624,0.6056382656097412,-0.009406771510839462,0.6056382656097412,0.9545619487762451,0.9580761194229126,0.9558277130126953
131,val,0,1.0,1.0,10,guijiao_10_0,17,0.4749999940395355,11875.0,361.0,0.7913765907287598,0.8968937993049622,0.9957637786865234,-0.09886997193098068,0.5572450160980225,0.438518762588501,0.1624031811952591,0.12482114881277084,0.15129444003105164,0.1460411250591278,0.05382047966122627,0.05382047966122627,0.8590552806854248,1.1763970851898193,0.3624890446662903,0.42372652888298035,4.74530553817749,0.5758761763572693,-0.014535197988152504,0.5758761763572693,0.9545619487762451,0.9580761194229126,0.9558277130126953
132,train,0,1.0,1.0,10,guijiao_10_0,18,0.5,12500.0,400.0,0.9285801649093628,0.9643278121948242,1.0708346366882324,-0.10650680959224701,0.6174460053443909,0.45338863134384155,0.17236705124378204,0.13295693695545197,0.14806465804576874,0.15625827014446259,0.05769001320004463,0.05769001320004463,0.8590552806854248,1.1763970851898193,0.3624890446662903,0.42246657609939575,4.493317604064941,0.5427631139755249,-0.01878674328327179,0.5427631139755249,0.9545619487762451,0.9580761194229126,0.9558277130126953
133,train,0,1.0,1.0,11,guijiao_10_180,0,0.05000000074505806,1250.0,4.0,0.06980589777231216,0.019605077803134918,0.017823055386543274,0.0017820217180997133,0.007438417989760637,0.010384637862443924,0.005136442836374044,3.068528320326891e-09,0.005248191300779581,0.009522550739347935,1.557760600314056e-22,0.009522550739347935,1.0349102020263672,1.46249520778656,0.43522942066192627,0.838975191116333,87.79503631591797,0.9921291470527649,-0.013220454566180706,0.9921291470527649,0.9592116475105286,0.9641562104225159,0.9569381475448608
134,train,0,1.0,1.0,11,guijiao_10_180,1,0.07500000298023224,1875.0,9.0,0.03306988999247551,0.04373960196971893,0.03976403549313545,0.003975565079599619,0.016736440360546112,0.02302759513258934,0.01121915876865387,6.904187888068236e-09,0.011808429844677448,0.018689146265387535,1.9663044687165624e-22,0.018689146265387535,1.0349102020263672,1.46249520778656,0.43522942066192627,0.7209258079528809,64.1851577758789,0.9826151728630066,-0.013675065711140633,0.9826151728630066,0.9592116475105286,0.9641562104225159,0.9569381475448608
135,train,0,1.0,1.0,11,guijiao_10_180,2,0.10000000149011612,2500.0,16.0,0.15503378212451935,0.07688355445861816,0.06989637017250061,0.006987183820456266,0.02975367195904255,0.04014270007610321,0.01914992183446884,1.2274113281307564e-08,0.020992765203118324,0.025918809697031975,3.962648760703941e-22,0.025918809697031975,1.0349102020263672,1.46249520778656,0.43522942066192627,0.6509374380111694,50.1874885559082,0.9700177311897278,-0.013593936339020729,0.9700177311897278,0.9592116475105286,0.9641562104225159,0.9569381475448608
136,train,0,1.0,1.0,11,guijiao_10_180,3,0.125,3125.0,25.0,0.1742364466190338,0.11851595342159271,0.1077490970492363,0.01076685544103384,0.046490106731653214,0.061258990317583084,0.028457779437303543,1.917830161346501e-08,0.03280119225382805,0.03230711445212364,3.1570147162628854e-23,0.03230711445212364,1.0349102020263672,1.46249520778656,0.43522942066192627,0.6060657501220703,41.2131462097168,0.9551758170127869,-0.010358281433582306,0.9551758170127869,0.9592116475105286,0.9641562104225159,0.9569381475448608
137,train,0,1.0,1.0,11,guijiao_10_180,4,0.15000000596046448,3750.0,36.0,0.2257920205593109,0.16813033819198608,0.15287460386753082,0.015255741775035858,0.06694576144218445,0.08592884242534637,0.038695093244314194,2.7616751552272945e-08,0.04723371937870979,0.038538794964551926,5.617418552650028e-23,0.038538794964551926,1.0349102020263672,1.46249520778656,0.43522942066192627,0.5746968984603882,34.93937683105469,0.9390947818756104,-0.004530676174908876,0.9390947818756104,0.9592116475105286,0.9641562104225159,0.9569381475448608
138,train,0,1.0,1.0,11,guijiao_10_180,5,0.17499999701976776,4375.0,49.0,0.24175983667373657,0.22523784637451172,0.2049155831336975,0.020322255790233612,0.09112060815095901,0.1137949675321579,0.0495045967400074,3.758946220955295e-08,0.06429032981395721,0.04491616040468216,6.843195434481853e-23,0.04491616040468216,1.0349102020263672,1.46249520778656,0.43522942066192627,0.551417887210846,30.2835750579834,0.9227304458618164,0.00023077987134456635,0.9227304458618164,0.9592116475105286,0.9641562104225159,0.9569381475448608
139,train,0,1.0,1.0,11,guijiao_10_180,6,0.20000000298023224,5000.0,64.0,0.24040131270885468,0.28850361704826355,0.26362577080726624,0.024877838790416718,0.1190146878361702,0.14461109042167664,0.06063998118042946,4.9096453125230255e-08,0.0839710608124733,0.05157095938920975,5.755372023400182e-23,0.05157095938920975,1.0349102020263672,1.46249520778656,0.43522942066192627,0.533397376537323,26.679471969604492,0.90681391954422,0.0013281191932037473,0.90681391954422,0.9592116475105286,0.9641562104225159,0.9569381475448608
140,train,0,1.0,1.0,11,guijiao_10_180,7,0.22499999403953552,5625.0,81.0,0.35061752796173096,0.3413340449333191,0.3288520276546478,0.012482012622058392,0.15062794089317322,0.1782240867614746,0.07194817066192627,6.213767989038388e-08,0.10627585649490356,0.05855756998062134,5.25454821604688e-22,0.05855756998062134,1.0349102020263672,1.46249520778656,0.43522942066192627,0.5190048217773438,23.800962448120117,0.8917965888977051,-0.0014033736661076546,0.8917965888977051,0.9592116475105286,0.9641562104225159,0.9569381475448608
141,train,0,1.0,1.0,11,guijiao_10_180,8,0.25,6250.0,100.0,0.3476819396018982,0.3649330735206604,0.4005042314529419,-0.035571157932281494,0.18596042692661285,0.21454378962516785,0.08333894610404968,7.671320645386004e-08,0.1312047690153122,0.0658935159444809,1.220661604799784e-21,0.0658935159444809,1.0349102020263672,1.46249520778656,0.43522942066192627,0.507230281829834,21.44605827331543,0.877892255783081,-0.003499305574223399,0.877892255783081,0.9592116475105286,0.9641562104225159,0.9569381475448608
142,train,0,1.0,1.0,11,guijiao_10_180,9,0.2750000059604645,6875.0,121.0,0.38224053382873535,0.43081197142601013,0.4785292446613312,-0.04771726578474045,0.22501212358474731,0.25351712107658386,0.0947592481970787,9.282296531409884e-08,0.1587577760219574,0.07357822358608246,3.733637012555253e-22,0.07357822358608246,1.0349102020263672,1.46249520778656,0.43522942066192627,0.49741220474243164,19.482440948486328,0.8651549220085144,0.002483044285327196,0.8651549220085144,0.9592116475105286,0.9641562104225159,0.9569381475448608
143,train,0,1.0,1.0,11,guijiao_10_180,10,0.30000001192092896,7500.0,144.0,0.5158165097236633,0.5066254734992981,0.5628950595855713,-0.05626959726214409,0.2677830457687378,0.2951120138168335,0.10617703199386597,1.1046700620909178e-07,0.18893487751483917,0.08160223811864853,5.248621737568783e-21,0.08160223811864853,1.0349102020263672,1.46249520778656,0.43522942066192627,0.48909759521484375,17.819517135620117,0.8535482883453369,0.011385181918740273,0.8535482883453369,0.9592116475105286,0.9641562104225159,0.9569381475448608
144,val,0,1.0,1.0,11,guijiao_10_180,11,0.32499998807907104,8125.0,169.0,0.47507306933403015,0.5882405638694763,0.6535817384719849,-0.06534117460250854,0.3142731189727783,0.33930864930152893,0.11757250130176544,1.2964528650627472e-07,0.22173602879047394,0.08995193988084793,9.957311831609947e-21,0.08995193988084793,1.0349102020263672,1.46249520778656,0.43522942066192627,0.48196521401405334,16.393043518066406,0.8429931998252869,0.012601448222994804,0.8429931998252869,0.9592116475105286,0.9641562104225159,0.9569381475448608
145,train,0,1.0,1.0,11,guijiao_10_180,12,0.3499999940395355,8750.0,196.0,0.5916249752044678,0.6755466461181641,0.7505772113800049,-0.07503055781126022,0.36448243260383606,0.38609474897384644,0.12893329560756683,1.503578488382118e-07,0.25716131925582886,0.09861201047897339,1.801439107896812e-20,0.09861201047897339,1.0349102020263672,1.46249520778656,0.43522942066192627,0.4757799208164215,15.155984878540039,0.8333943486213684,0.008286131545901299,0.8333943486213684,0.9592116475105286,0.9641562104225159,0.9569381475448608
146,train,0,1.0,1.0,11,guijiao_10_180,13,0.375,9375.0,225.0,0.7030403017997742,0.757648229598999,0.8417811393737793,-0.08413293957710266,0.4184109568595886,0.4233701825141907,0.14025159180164337,1.7260470031033037e-07,0.28311842679977417,0.10756683349609375,3.1284222798348394e-20,0.10756683349609375,1.0349102020263672,1.46249520778656,0.43522942066192627,0.4703657627105713,14.073150634765625,0.8110007643699646,0.0034898470621556044,0.8110007643699646,0.9592116475105286,0.9641562104225159,0.9569381475448608
147,val,0,1.0,1.0,11,guijiao_10_180,14,0.4000000059604645,10000.0,256.0,0.7948856353759766,0.8407885432243347,0.9341322779655457,-0.09334372729063034,0.4760587513446808,0.45807352662086487,0.15152202546596527,1.9638581250092102e-07,0.3065513074398041,0.11680116504430771,5.24270174163406e-20,0.11680116504430771,1.0349102020263672,1.46249520778656,0.43522942066192627,0.4655887186527252,13.117743492126465,0.7875714302062988,0.00024343468248844147,0.7875714302062988,0.9592116475105286,0.9641562104225159,0.9569381475448608
148,val,0,1.0,1.0,11,guijiao_10_180,15,0.42500001192092896,10625.0,289.0,0.9257188439369202,0.9271296858787537,1.0300344228744507,-0.10290475934743881,0.5374256372451782,0.4926087558269501,0.16274060308933258,2.2170112856656488e-07,0.3298679292201996,0.12630051374435425,8.515039230886348e-20,0.12630051374435425,1.0349102020263672,1.46249520778656,0.43522942066192627,0.4613442122936249,12.268844604492188,0.7660394310951233,-0.0013142573880031705,0.7660394310951233,0.9592116475105286,0.9641562104225159,0.9569381475448608
149,train,0,1.0,1.0,11,guijiao_10_180,16,0.44999998807907104,11250.0,324.0,1.0905781984329224,1.0166763067245483,1.1294941902160645,-0.11281789094209671,0.6025117635726929,0.5269824266433716,0.17390362918376923,2.485507195615355e-07,0.35307854413986206,0.13605135679244995,1.3451643433080014e-19,0.13605135679244995,1.0349102020263672,1.46249520778656,0.43522942066192627,0.4575488269329071,11.509765625,0.7462289333343506,-0.0016025645891204476,0.7462289333343506,0.9592116475105286,0.9641562104225159,0.9569381475448608
150,val,0,1.0,1.0,11,guijiao_10_180,17,0.4749999940395355,11875.0,361.0,1.0394068956375122,1.1093602180480957,1.2324366569519043,-0.12307646870613098,0.6713171601295471,0.5611194968223572,0.18500715494155884,2.769346565401065e-07,0.37611204385757446,0.1460411250591278,1.2735383346273343e-18,0.1460411250591278,1.0349102020263672,1.46249520778656,0.43522942066192627,0.45413661003112793,10.827320098876953,0.7279155254364014,-0.0010700129205361009,0.7279155254364014,0.9592116475105286,0.9641562104225159,0.9569381475448608
151,val,0,1.0,1.0,11,guijiao_10_180,18,0.5,12500.0,400.0,1.115393042564392,1.204945683479309,1.3386006355285645,-0.13365492224693298,0.7438417077064514,0.5947588682174683,0.1960466355085373,3.0685282581544016e-07,0.3987119197845459,0.15625827014446259,6.687006137048985e-19,0.15625827014446259,1.0349102020263672,1.46249520778656,0.43522942066192627,0.45105257630348206,10.210517883300781,0.7107928395271301,-5.4469332098960876e-05,0.7107928395271301,0.9592116475105286,0.9641562104225159,0.9569381475448608
152,train,1,0.20000000298023224,0.30000001192092896,12,synthetic_0000,0,0.31939631700515747,7984.90771484375,4.827890396118164,1.9296501874923706,1.849151849746704,1.6817641258239746,0.1673877090215683,0.37094646692276,1.3108177185058594,0.6452446579933167,5.878481488252874e-07,0.665572464466095,0.7764458656311035,3.489370537278666e-21,0.7764458656311035,1.2647758722305298,2.23146915435791,0.6528319120407104,0.8110246062278748,82.20491790771484,0.9856796860694885,-0.03507358580827713,0.9856796860694885,0.9872400164604187,0.9889016151428223,0.9745931625366211
153,train,1,0.20000000298023224,0.30000001192092896,13,synthetic_0001,1,0.43977925181388855,10994.4814453125,266.1661682128906,1.8583924770355225,1.380029320716858,1.2546312808990479,0.12539803981781006,0.5586032867431641,0.6960279941558838,0.06555594503879547,0.29524561762809753,0.335226446390152,0.7258675694465637,0.10194704681634903,0.10194704681634903,1.0046069622039795,1.3697364330291748,0.40419620275497437,0.5617115497589111,32.34230422973633,0.649734616279602,-0.0238114632666111,0.649734616279602,0.9559295177459717,0.9618999361991882,0.9576575756072998
154,train,1,0.20000000298023224,0.30000001192092896,14,synthetic_0002,2,0.4864594340324402,12161.4853515625,31.33639144897461,1.882183313369751,1.8916634321212769,1.7995543479919434,0.09210912883281708,0.8673328757286072,0.9322214126586914,0.08434820175170898,0.3420713245868683,0.5058019161224365,0.5892670750617981,0.14530391991138458,0.14530391991138458,1.2748371362686157,1.8284720182418823,0.5405436754226685,0.5480977892875671,29.61956024169922,0.8873942494392395,-0.004642577841877937,0.8873942494392395,0.969744861125946,0.9750190377235413,0.9705348014831543
155,train,1,0.20000000298023224,0.30000001192092896,15,synthetic_0003,3,0.1325320303440094,3313.30078125,19.03525733947754,0.2495458871126175,0.17054925858974457,0.15504604578018188,0.01550320629030466,0.051607295870780945,0.10343874990940094,0.010232721455395222,0.029518671333789825,0.06368736177682877,0.10876335948705673,0.02761797234416008,0.02761797234416008,1.0219545364379883,1.4042993783950806,0.4143208861351013,0.5917947292327881,38.358951568603516,0.9416466355323792,0.0038794775027781725,0.9416466355323792,0.9565436840057373,0.9628028273582458,0.9583480954170227
156,train,1,0.20000000298023224,0.30000001192092896,16,synthetic_0004,4,0.18105311691761017,4526.32763671875,9.444295883178711,0.3161894381046295,0.26127031445503235,0.23752300441265106,0.023747311905026436,0.11327043175697327,0.1242525726556778,0.011706611141562462,0.038718171417713165,0.07382778823375702,0.10354305058717728,0.036656640470027924,0.036656640470027924,1.2018954753875732,1.6580291986465454,0.48980623483657837,0.7027266025543213,60.545318603515625,0.9645533561706543,-0.012063117697834969,0.9645533561706543,0.9636832475662231,0.9696056246757507,0.9651055335998535
157,train,1,0.20000000298023224,0.30000001192092896,17,synthetic_0005,5,0.21486282348632812,5371.57080078125,68.13875579833984,0.3218056857585907,0.2803841531276703,0.25489723682403564,0.0254869032651186,0.1409139186143875,0.11398331820964813,0.011300289072096348,0.037247058004140854,0.0654359757900238,0.08663242310285568,0.02001045271754265,0.02001045271754265,1.061679720878601,1.3764948844909668,0.4062866270542145,0.5230057835578918,24.601152420043945,0.8370397686958313,0.007729482837021351,0.8370397686958313,0.9565495252609253,0.9617696404457092,0.9580836892127991
158,train,1,0.20000000298023224,0.30000001192092896,18,synthetic_0006,6,0.281405508518219,7035.13720703125,7.56178617477417,1.2167948484420776,1.096361756324768,0.9967106580734253,0.09965111315250397,0.27888619899749756,0.7178244590759277,0.06487365812063217,0.24311289191246033,0.40983787178993225,0.37497296929359436,0.19686828553676605,0.19686828553676605,1.2249658107757568,1.881361484527588,0.5564221143722534,0.7759909629821777,75.19819641113281,0.967648983001709,-0.01800379529595375,0.967648983001709,0.9701891541481018,0.9775632619857788,0.9716273546218872
159,train,1,0.20000000298023224,0.30000001192092896,19,synthetic_0007,7,0.1267358511686325,3168.396484375,35.174095153808594,0.12597081065177917,0.11692392826080322,0.10630182921886444,0.010622097179293633,0.046756308525800705,0.05954551696777344,0.026954568922519684,1.8426097980750455e-08,0.03259092941880226,0.027840513736009598,3.740899266048718e-23,0.027840513736009598,1.012519359588623,1.4146026372909546,0.4210987687110901,0.576564610004425,35.31292724609375,0.9418261051177979,-0.01260116882622242,0.9418261051177979,0.9580805897712708,0.9629105925559998,0.9562512636184692
160,train,1,0.20000000298023224,0.30000001192092896,20,synthetic_0008,8,0.41377881169319153,10344.4697265625,8.165862083435059,3.0621743202209473,3.0653634071350098,2.7880821228027344,0.2772812843322754,0.6222143173217773,2.165867805480957,1.0499694347381592,9.847295814324752e-07,1.115897536277771,1.1756547689437866,1.5397923683770387e-22,1.1756547689437866,1.2640540599822998,2.2293338775634766,0.6522663831710815,0.7341731190681458,66.83463287353516,0.9762994647026062,-0.018524380400776863,0.9762994647026062,0.9871329069137573,0.9888271689414978,0.9745215773582458
161,train,1,0.20000000298023224,0.30000001192092896,21,synthetic_0009,9,0.24806861579418182,6201.71533203125,108.45155334472656,0.38449859619140625,0.3567107319831848,0.389037162065506,-0.03232643008232117,0.18185856938362122,0.20717859268188477,0.07936153560876846,7.395075840577192e-08,0.12781699001789093,0.06267372518777847,1.5330850564422917e-21,0.06267372518777847,1.0279033184051514,1.4473414421081543,0.43075495958328247,0.5029579401016235,20.591585159301758,0.8731740117073059,-0.010115046054124832,0.8731740117073059,0.9588427543640137,0.9637575745582581,0.9567152857780457
162,train,1,0.20000000298023224,0.30000001192092896,22,synthetic_0010,10,0.4591941833496094,11479.8544921875,68.86920928955078,2.210259199142456,2.12907075881958,1.9356924295425415,0.19337832927703857,0.6770944595336914,1.25859797000885,0.11748077720403671,0.46985524892807007,0.6712619662284851,0.7913719415664673,0.18198835849761963,0.18198835849761963,1.1169111728668213,1.6112185716629028,0.4758760333061218,0.5233942866325378,24.678852081298828,0.8175148367881775,-0.013932598754763603,0.8175148367881775,0.961242139339447,0.9687279462814331,0.9632546305656433
163,train,1,0.20000000298023224,0.30000001192092896,23,synthetic_0011,11,0.28403061628341675,7100.76513671875,12.959049224853516,0.759762167930603,0.6855517029762268,0.6233274936676025,0.062224190682172775,0.29142212867736816,0.331905335187912,0.030506601557135582,0.11084388941526413,0.19055484235286713,0.27270570397377014,0.07708706706762314,0.07708706706762314,1.2564765214920044,1.7840478420257568,0.5273729562759399,0.640916109085083,48.183223724365234,0.948919951915741,-0.004353158641606569,0.948919951915741,0.9680404663085938,0.9735671281814575,0.9690384864807129
164,train,1,0.20000000298023224,0.30000001192092896,24,synthetic_0012,12,0.3988097608089447,9970.244140625,193.67137145996094,0.9059556722640991,0.8986809253692627,0.9984222650527954,-0.09974133223295212,0.4825259745121002,0.5158963203430176,0.17152978479862213,2.075796743383762e-07,0.34436631202697754,0.12860916554927826,2.2565403099915633e-20,0.12860916554927826,1.0552400350570679,1.5073050260543823,0.44846999645233154,0.47626402974128723,15.252806663513184,0.8322281241416931,0.00577138876542449,0.8322281241416931,0.9603623747825623,0.9653587341308594,0.9576276540756226
165,train,1,0.20000000298023224,0.30000001192092896,25,synthetic_0013,13,0.46484339237213135,11621.0849609375,12.9608793258667,2.1210227012634277,2.3113725185394287,2.139620065689087,0.17175249755382538,0.8208353519439697,1.3187847137451172,0.6265724897384644,6.017016289661115e-07,0.6922116279602051,0.6185199022293091,1.6847047282709454e-22,0.6185199022293091,1.3213104009628296,2.191561460494995,0.6436882019042969,0.674895703792572,54.9791374206543,0.9641920924186707,0.01681273803114891,0.9641920924186707,0.9882521033287048,0.9869806170463562,0.9744971990585327
166,train,1,0.20000000298023224,0.30000001192092896,26,synthetic_0014,14,0.19639864563941956,4909.96630859375,44.803951263427734,0.4347597360610962,0.35093075037002563,0.31903016567230225,0.031900592148303986,0.11276558041572571,0.20626458525657654,0.02043224684894085,0.06386469304561615,0.12196763604879379,0.15982189774513245,0.040087632834911346,0.040087632834911346,1.0168613195419312,1.3940469026565552,0.41131067276000977,0.5246534943580627,24.93070411682129,0.8794178366661072,0.011072535067796707,0.8794178366661072,0.9563566446304321,0.9625322222709656,0.9581394195556641
167,train,1,0.20000000298023224,0.30000001192092896,27,synthetic_0015,15,0.21053899824619293,5263.47509765625,37.403072357177734,0.5328525304794312,0.5362706184387207,0.4875298738479614,0.04874077066779137,0.13005726039409637,0.35747259855270386,0.15935565531253815,1.2310806596360635e-07,0.19811683893203735,0.1489114612340927,2.007589661963485e-22,0.1489114612340927,1.0205436944961548,1.5551072359085083,0.4617260694503784,0.5716564059257507,34.331275939941406,0.9340704083442688,-0.0034017113503068686,0.9340704083442688,0.9605767130851746,0.9669782519340515,0.9580202102661133
168,train,1,0.20000000298023224,0.30000001192092896,28,synthetic_0016,16,0.41098862886428833,10274.7158203125,45.10024642944336,1.2415413856506348,1.268006682395935,1.152942419052124,0.11506427824497223,0.5870698690414429,0.5658725500106812,0.05262240767478943,0.2034204602241516,0.3098297119140625,0.3487221896648407,0.08751271665096283,0.08751271665096283,1.2089054584503174,1.673702359199524,0.4944881796836853,0.5242657661437988,24.853153228759766,0.860612690448761,-0.008605854585766792,0.860612690448761,0.9641859531402588,0.9700847268104553,0.9655689001083374
169,train,1,0.20000000298023224,0.30000001192092896,29,synthetic_0017,17,0.13942205905914307,3485.551513671875,0.7891212105751038,0.31864839792251587,0.32613953948020935,0.3311440646648407,-0.00500453682616353,0.0714823380112648,0.2596617341041565,0.1302361637353897,1.1626853790858149e-07,0.12942546606063843,0.11316884309053421,9.080680116372384e-22,0.11316884309053421,1.2790806293487549,2.2738802433013916,0.6640010476112366,0.9726255536079407,114.52510833740234,0.9975644946098328,-0.03159834071993828,0.9975644946098328,0.9893833994865417,0.9903823137283325,0.9760406017303467
170,train,1,0.20000000298023224,0.30000001192092896,30,synthetic_0018,18,0.378053218126297,9451.3310546875,12.003012657165527,2.356846332550049,2.327164888381958,2.1505074501037598,0.17665734887123108,0.4979889988899231,1.6525185108184814,0.7891319394111633,7.13453744083381e-07,0.863385796546936,0.8466885685920715,1.6823515751233328e-21,0.8466885685920715,1.2119256258010864,2.0765013694763184,0.6110442876815796,0.6841011643409729,56.820228576660156,0.9682196974754333,-0.058930736035108566,0.9682196974754333,0.9797275066375732,0.9835469126701355,0.9697180986404419
171,train,1,0.20000000298023224,0.30000001192092896,31,synthetic_0019,0,0.10214107483625412,2553.52685546875,20.32386016845703,0.14585594832897186,0.09484988451004028,0.0862279161810875,0.008621965534985065,0.029406040906906128,0.056821875274181366,0.005716086830943823,0.015543614514172077,0.035562172532081604,0.06306549906730652,0.015869762748479843,0.015869762748479843,0.9803876280784607,1.3231714963912964,0.39067354798316956,0.5850543975830078,37.01087951660156,0.9413273930549622,0.0006983298808336258,0.9413273930549622,0.9551740288734436,0.9607266187667847,0.9567851424217224
172,train,1,0.20000000298023224,0.30000001192092896,32,synthetic_0020,1,0.07860125601291656,1965.031494140625,1.1720293760299683,0.05651896446943283,0.052864547818899155,0.04812940955162048,0.004735137801617384,0.022038903087377548,0.026090506464242935,0.002425780985504389,0.00812747236341238,0.015537252649664879,0.001134017831645906,0.013660281896591187,0.013660281896591187,1.2407753467559814,1.7468641996383667,0.5163131952285767,0.9257025718688965,105.14051055908203,0.9951695799827576,0.014271298423409462,0.9951695799827576,0.9666804671287537,0.9723730683326721,0.9678293466567993
173,train,1,0.20000000298023224,0.30000001192092896,33,synthetic_0021,2,0.33690086007118225,8422.521484375,76.22600555419922,0.7565515041351318,0.7205624580383301,0.8005143404006958,-0.07995188981294632,0.3596634864807129,0.4408508241176605,0.17696405947208405,1.7059269907804264e-07,0.26388660073280334,0.13494674861431122,9.818136068218808e-22,0.13494674861431122,1.1021844148635864,1.6154135465621948,0.4803846478462219,0.5225882530212402,24.51764678955078,0.8892677426338196,0.044059887528419495,0.8892677426338196,0.9635123014450073,0.9683969020843506,0.9594847559928894
174,train,1,0.20000000298023224,0.30000001192092896,34,synthetic_0022,3,0.37096014618873596,9274.00390625,49.5421142578125,0.9914396405220032,0.9916755557060242,0.9015570878982544,0.09011848270893097,0.4674657881259918,0.43409132957458496,0.0408601239323616,0.1536516696214676,0.23957951366901398,0.2703371047973633,0.06836585700511932,0.06836585700511932,1.1815645694732666,1.61343252658844,0.47648197412490845,0.518890380859375,23.778076171875,0.8545953631401062,0.0019501069327816367,0.8545953631401062,0.9623146057128906,0.9682650566101074,0.9638282656669617
175,train,1,0.20000000298023224,0.30000001192092896,35,synthetic_0023,4,0.27220800518989563,6805.20068359375,18.2852725982666,1.094096302986145,1.0631515979766846,0.966620683670044,0.09653094410896301,0.2380012422800064,0.7286194562911987,0.3414781391620636,2.799207834414119e-07,0.38714104890823364,0.3595525920391083,1.3291665066830285e-22,0.3595525920391083,1.1172223091125488,1.8088090419769287,0.5357014536857605,0.6367055773735046,47.34111404418945,0.9589579105377197,-0.010388780385255814,0.9589579105377197,0.968523383140564,0.9746706485748291,0.9628386497497559
176,train,1,0.20000000298023224,0.30000001192092896,36,synthetic_0024,5,0.09855113923549652,2463.778564453125,4.2258734703063965,0.08139587938785553,0.07454332709312439,0.06776833534240723,0.006774990353733301,0.03251718729734421,0.03525115177035332,0.003376876702532172,0.010346907190978527,0.02152736857533455,0.003133670426905155,0.015435488894581795,0.015435488894581795,1.164533019065857,1.5770602226257324,0.46562105417251587,0.94815593957901,109.63118743896484,0.9844875335693359,-0.015882987529039383,0.9844875335693359,0.9612658023834229,0.9671974778175354,0.9628319144248962
177,train,1,0.20000000298023224,0.30000001192092896,37,synthetic_0025,6,0.2788568139076233,6971.42041015625,13.95384693145752,1.1812527179718018,0.962818443775177,0.8752939701080322,0.08752449601888657,0.2612323462963104,0.6140615940093994,0.05686942860484123,0.2021232545375824,0.3550689220428467,0.5218186378479004,0.1431504189968109,0.1431504189968109,1.1684942245483398,1.7358087301254272,0.5131741762161255,0.6298851370811462,45.977027893066406,0.9466810822486877,0.007168246898800135,0.9466810822486877,0.9649670720100403,0.9726707339286804,0.9668466448783875
178,train,1,0.20000000298023224,0.30000001192092896,38,synthetic_0026,7,0.38999801874160767,9749.9501953125,140.9248504638672,1.0197232961654663,0.9089066982269287,0.8263001441955566,0.08260655403137207,0.4807164967060089,0.3455836772918701,0.03269347548484802,0.13565842807292938,0.17723175883293152,0.28541886806488037,0.04986286163330078,0.04986286163330078,1.0993255376815796,1.4461255073547363,0.42672237753868103,0.546271800994873,29.25436019897461,0.7409971356391907,0.0041613951325416565,0.7409971356391907,0.9579865336418152,0.9635612368583679,0.9595884084701538
179,train,1,0.20000000298023224,0.30000001192092896,39,synthetic_0027,8,0.12254957854747772,3063.739501953125,28.895038604736328,0.12157099694013596,0.09381663799285889,0.08528867363929749,0.008527960628271103,0.0449567511677742,0.040331918746232986,0.004045260604470968,0.011484328657388687,0.024802329018712044,0.03890944644808769,0.009590823203325272,0.009590823203325272,1.0411982536315918,1.3404163122177124,0.39580434560775757,0.5541852712631226,30.837053298950195,0.9188336730003357,0.0016241897828876972,0.9188336730003357,0.9558851718902588,0.9608829021453857,0.9573640823364258
180,train,1,0.20000000298023224,0.30000001192092896,40,synthetic_0028,9,0.4421572685241699,11053.931640625,16.93781852722168,1.8114657402038574,1.850089430809021,1.8431015014648438,0.0069879707880318165,0.7228286862373352,1.1202727556228638,0.5243404507637024,4.962777779837779e-07,0.5959318280220032,0.4927573502063751,1.8818018147670324e-22,0.4927573502063751,1.2860088348388672,2.0922434329986572,0.616767942905426,0.6447774767875671,48.95549392700195,0.956383228302002,-0.013102681376039982,0.956383228302002,0.9832450151443481,0.9835745692253113,0.9712689518928528
181,train,1,0.20000000298023224,0.30000001192092896,41,synthetic_0029,10,0.2927040159702301,7317.60009765625,103.56944274902344,0.7837321162223816,0.7698251008987427,0.8412767052650452,-0.0714515969157219,0.24510210752487183,0.5961745977401733,0.22904644906520844,2.1883958822854765e-07,0.3671279549598694,0.17796087265014648,3.71789897243883e-21,0.17796087265014648,0.9950657486915588,1.492446780204773,0.4432840347290039,0.5053662061691284,21.0732364654541,0.8742008805274963,0.0034890274982899427,0.8742008805274963,0.9590364694595337,0.965222954750061,0.957061767578125
182,train,1,0.20000000298023224,0.30000001192092896,42,synthetic_0030,11,0.09952336549758911,2488.084228515625,0.5909401178359985,0.1514594703912735,0.14956778287887573,0.1371963769197464,0.012371408753097057,0.036108631640672684,0.10108774900436401,0.008997423574328423,0.03442506864666939,0.05766526237130165,0.0033862008713185787,0.04735046997666359,0.04735046997666359,1.2680110931396484,1.9982002973556519,0.5906096696853638,0.9143104553222656,102.86209106445312,0.9972071647644043,-0.006625307723879814,0.9972071647644043,0.9750264286994934,0.9816663265228271,0.9758872985839844
183,train,1,0.20000000298023224,0.30000001192092896,43,synthetic_0031,12,0.4373287558555603,10933.21875,83.36947631835938,1.2532860040664673,1.2593145370483398,1.3975813388824463,-0.13826674222946167,0.6259660720825195,0.7716152667999268,0.3020019233226776,3.2012493988986535e-07,0.4696129858493805,0.21838317811489105,2.164475188593768e-21,0.21838317811489105,1.1384050846099854,1.7030178308486938,0.506104588508606,0.5173342823982239,23.466854095458984,0.8798639178276062,0.011314142495393753,0.8798639178276062,0.9664522409439087,0.9709882736206055,0.9611995220184326
184,train,1,0.20000000298023224,0.30000001192092896,44,synthetic_0032,13,0.14994850754737854,3748.712890625,6.874508857727051,0.3294670581817627,0.2643064260482788,0.24028104543685913,0.02402537502348423,0.07256060838699341,0.16772043704986572,0.015899930149316788,0.0509437695145607,0.10087673366069794,0.07582564651966095,0.058391980826854706,0.058391980826854706,1.1224802732467651,1.6242679357528687,0.47978460788726807,0.8283227682113647,85.66455841064453,0.9743636250495911,-0.01272975280880928,0.9743636250495911,0.9615999460220337,0.9691288471221924,0.9636085629463196
185,train,1,0.20000000298023224,0.30000001192092896,45,synthetic_0033,14,0.1954413205385208,4886.033203125,24.335302352905273,0.5199732780456543,0.4872705340385437,0.4429808259010315,0.0442897193133831,0.11436112225055695,0.32861971855163574,0.15195894241333008,1.1352778273021613e-07,0.1766606718301773,0.1601741462945938,3.623069005902028e-23,0.1601741462945938,1.0413765907287598,1.6077390909194946,0.47719281911849976,0.6085634231567383,41.71268844604492,0.952465832233429,-0.0035732367541640997,0.952465832233429,0.961998701095581,0.9685007929801941,0.9588932991027832
186,train,1,0.20000000298023224,0.30000001192092896,46,synthetic_0034,15,0.48730194568634033,12182.548828125,32.12616729736328,1.8785157203674316,1.8947235345840454,1.7982890605926514,0.09643444418907166,0.8689451813697815,0.9293439388275146,0.08414303511381149,0.34132659435272217,0.5038743019104004,0.5840396285057068,0.14407537877559662,0.14407537877559662,1.272794246673584,1.8234790563583374,0.5390660762786865,0.5462936162948608,29.258718490600586,0.8853810429573059,-0.005422663874924183,0.8853810429573059,0.9695490598678589,0.9748545289039612,0.9703638553619385
187,train,1,0.20000000298023224,0.30000001192092896,47,synthetic_0035,16,0.1853952407836914,4634.880859375,31.511869430541992,0.27304786443710327,0.23014459013938904,0.20922443270683289,0.020920153707265854,0.108719602227211,0.10050482302904129,0.009852634742856026,0.030728723853826523,0.05992346256971359,0.08535207808017731,0.021048203110694885,0.021048203110694885,1.100203037261963,1.4478002786636353,0.42721661925315857,0.5476905107498169,29.538101196289062,0.9066397547721863,0.0006223563104867935,0.9066397547721863,0.9580236673355103,0.9636055827140808,0.9596264958381653
188,train,1,0.20000000298023224,0.30000001192092896,48,synthetic_0036,17,0.27620556950569153,6905.13916015625,173.98074340820312,0.44149747490882874,0.4120579659938812,0.45754021406173706,-0.04548225551843643,0.22146059572696686,0.236079603433609,0.08194264024496078,8.677839957726974e-08,0.15413686633110046,0.0642484575510025,7.846638521852288e-21,0.0642484575510025,1.0097031593322754,1.4086894989013672,0.41935670375823975,0.480722039937973,16.144407272338867,0.8435452580451965,-0.02636440470814705,0.8435452580451965,0.9579479098320007,0.9627596735954285,0.9561699032783508
189,train,1,0.20000000298023224,0.30000001192092896,49,synthetic_0037,18,0.15780285000801086,3945.0712890625,20.371952056884766,0.3566870093345642,0.3119957745075226,0.2836360037326813,0.028359780088067055,0.07322473078966141,0.21041128039360046,0.09869945794343948,6.967106713773319e-08,0.11171175539493561,0.11440745741128922,9.545683958830134e-23,0.11440745741128922,1.0227988958358765,1.5607458353042603,0.4633845090866089,0.625702977180481,45.14059829711914,0.9603721499443054,-0.00554297212511301,0.9603721499443054,0.9607234001159668,0.9671393632888794,0.9581107497215271
190,train,1,0.20000000298023224,0.30000001192092896,50,synthetic_0038,0,0.1589248776435852,3973.121826171875,8.451969146728516,0.4489608705043793,0.35868582129478455,0.3260820508003235,0.03260377049446106,0.07929396629333496,0.24678808450698853,0.12000864744186401,8.822195951552203e-08,0.12677934765815735,0.17149753868579865,3.295786645979424e-22,0.17149753868579865,1.0919896364212036,1.7403900623321533,0.5159298181533813,0.7294378280639648,65.88756561279297,0.9806547164916992,-0.0285225510597229,0.9806547164916992,0.9661096930503845,0.9725136756896973,0.9613838791847229
191,train,1,0.20000000298023224,0.30000001192092896,51,synthetic_0039,1,0.3776973485946655,9442.43359375,15.053218841552734,2.1356945037841797,1.8985345363616943,1.7259619235992432,0.17257265746593475,0.4986860156059265,1.2272759675979614,0.11102178692817688,0.4265226721763611,0.6897314786911011,0.9447265267372131,0.2526983618736267,0.2526983618736267,1.2159099578857422,1.8574090003967285,0.5493468046188354,0.619475245475769,43.89504623413086,0.9392156600952148,0.003113596932962537,0.9392156600952148,0.9692665934562683,0.976739764213562,0.9707990884780884
192,train,1,0.20000000298023224,0.30000001192092896,52,synthetic_0040,2,0.29109859466552734,7277.46533203125,15.472868919372559,1.3096569776535034,1.2675622701644897,1.1525373458862305,0.11502497643232346,0.2784377634525299,0.874099612236023,0.41319403052330017,3.46126313388595e-07,0.46090519428253174,0.44645801186561584,1.8542678870477413e-23,0.44645801186561584,1.1429048776626587,1.8798295259475708,0.5560290813446045,0.6546227931976318,50.924556732177734,0.9634156227111816,-0.03402526304125786,0.9634156227111816,0.9712334275245667,0.9769638776779175,0.9644765853881836
193,train,1,0.20000000298023224,0.30000001192092896,53,synthetic_0041,3,0.13393333554267883,3348.333251953125,1.3849103450775146,0.26360249519348145,0.2595022916793823,0.23826198279857635,0.021240301430225372,0.064173623919487,0.17408835887908936,0.015650982037186623,0.05825576186180115,0.10018160939216614,0.006771755870431662,0.07718519121408463,0.07718519121408463,1.2443464994430542,1.9333699941635132,0.5717117786407471,0.9292618632316589,105.85237121582031,0.9936942458152771,0.017811808735132217,0.9936942458152771,0.9722748398780823,0.979373037815094,0.9734796285629272
194,train,1,0.20000000298023224,0.30000001192092896,54,synthetic_0042,4,0.05746452137827873,1436.613037109375,0.7187166810035706,0.053847186267375946,0.05039187893271446,0.045811377465724945,0.004580500070005655,0.010707486420869827,0.03510389104485512,0.017560100182890892,1.2887183764576093e-08,0.01754377782344818,0.019032662734389305,6.146999810986619e-23,0.019032662734389305,1.1278467178344727,1.838027834892273,0.5440905094146729,0.9752650260925293,115.0530014038086,0.9982052445411682,-0.02188306860625744,0.9982052445411682,0.9696135520935059,0.9756077527999878,0.9634965658187866
195,train,1,0.20000000298023224,0.30000001192092896,55,synthetic_0043,5,0.12846489250659943,3211.622314453125,16.842809677124023,0.15310516953468323,0.13217076659202576,0.1201653927564621,0.012005367316305637,0.050711095333099365,0.06945429742336273,0.03297854959964752,2.2437923519191827e-08,0.03647572174668312,0.04171134531497955,6.469579297736657e-22,0.04171134531497955,1.0687994956970215,1.5378774404525757,0.4575047492980957,0.6453798413276672,49.075965881347656,0.9670770168304443,-0.0027780516538769007,0.9670770168304443,0.9611994028091431,0.9661988019943237,0.9581246376037598
196,train,1,0.20000000298023224,0.30000001192092896,56,synthetic_0044,6,0.11188442260026932,2797.110595703125,6.475625038146973,0.23165810108184814,0.1700301170349121,0.1545744240283966,0.015455693006515503,0.03805263340473175,0.11652179062366486,0.05710144713521004,3.916870383591231e-08,0.059420306235551834,0.09149529039859772,1.6890256665476391e-22,0.09149529039859772,1.0573228597640991,1.6488277912139893,0.4892369508743286,0.7672281265258789,73.44562530517578,0.9858039021492004,-0.023694481700658798,0.9858039021492004,0.9631912708282471,0.9697180390357971,0.9596195220947266
197,train,1,0.20000000298023224,0.30000001192092896,57,synthetic_0045,7,0.4448027014732361,11120.0673828125,326.0817565917969,1.4193170070648193,1.4148831367492676,1.5720781087875366,-0.15719492733478546,0.554131269454956,1.0179468393325806,0.33577844500541687,4.7163979388642474e-07,0.6821678876876831,0.2652638554573059,2.6795357890797757e-19,0.2652638554573059,0.9741817712783813,1.4425642490386963,0.4286082983016968,0.4573419690132141,11.468393325805664,0.7474824786186218,-0.0031179741490632296,0.7474824786186218,0.9579266309738159,0.9638732075691223,0.9563595056533813
198,train,1,0.20000000298023224,0.30000001192092896,58,synthetic_0046,8,0.29984036087989807,7496.00927734375,14.598140716552734,0.860627293586731,0.8592438697814941,0.7956354022026062,0.06360848248004913,0.31709372997283936,0.47854167222976685,0.22690032422542572,1.9410668983255164e-07,0.2516411542892456,0.24352537095546722,3.771556609636141e-23,0.24352537095546722,1.2267882823944092,1.9305001497268677,0.571672797203064,0.6611355543136597,52.227108001708984,0.9644467234611511,7.683411240577698e-06,0.9644467234611511,0.9756118059158325,0.9781669974327087,0.9665856957435608
199,train,1,0.20000000298023224,0.30000001192092896,59,synthetic_0047,9,0.45374709367752075,11343.677734375,196.875732421875,1.3602522611618042,1.1899560689926147,1.0818623304367065,0.10809370130300522,0.6491684913635254,0.43269383907318115,0.039954159408807755,0.18234583735466003,0.21039383113384247,0.3863541781902313,0.06004916876554489,0.06004916876554489,1.0967100858688354,1.441147804260254,0.4252539277076721,0.5549184083938599,30.983686447143555,0.6978535056114197,-0.009287022054195404,0.6978535056114197,0.9578768610954285,0.9634297490119934,0.9594757556915283
200,train,1,0.20000000298023224,0.30000001192092896,60,synthetic_0048,10,0.20714430510997772,5178.60791015625,7.808567047119141,0.4068351686000824,0.36348992586135864,0.3304678201675415,0.03302210569381714,0.1535481959581375,0.176919624209404,0.01637546718120575,0.057062648236751556,0.10348150879144669,0.10894143581390381,0.052544791251420975,0.052544791251420975,1.2446889877319336,1.7560627460479736,0.5190517902374268,0.7623324990272522,72.46649932861328,0.9687674045562744,-0.006623251363635063,0.9687674045562744,0.9670111536979675,0.9726665616035461,0.9681247472763062
201,train,1,0.20000000298023224,0.30000001192092896,61,synthetic_0049,11,0.4009439945220947,10023.599609375,9.549579620361328,2.790534019470215,2.638880968093872,2.539198637008667,0.09968237578868866,0.5748014450073242,1.9643971920013428,0.946927547454834,8.757307909945666e-07,1.017468810081482,1.0453695058822632,1.066635743127138e-22,1.0453695058822632,1.2436912059783936,2.169285774230957,0.6362437605857849,0.7130492329597473,62.60984420776367,0.973233699798584,-0.0035377948079258204,0.973233699798584,0.9841573238372803,0.9867405295372009,0.972558319568634
202,train,1,0.20000000298023224,0.30000001192092896,62,synthetic_0050,12,0.4543493986129761,11358.734375,385.2949523925781,1.330622673034668,1.2791506052017212,1.1629314422607422,0.11621921509504318,0.6193177700042725,0.5436137318611145,0.03027689829468727,0.132716104388237,0.38062071800231934,0.3873805105686188,0.048215821385383606,0.048215821385383606,1.0435079336166382,1.3444217443466187,0.396963894367218,0.5688545107841492,33.77090072631836,0.7594721913337708,-0.008596989326179028,0.7594721913337708,0.9559562802314758,0.9609799385070801,0.9574419856071472
203,train,1,0.20000000298023224,0.30000001192092896,63,synthetic_0051,13,0.34857580065727234,8714.39453125,311.62017822265625,0.7888527512550354,0.6046640872955322,0.5497034788131714,0.05496060103178024,0.3562464714050293,0.1934569925069809,0.018866993486881256,0.08070455491542816,0.09388544410467148,0.2280091941356659,0.030405091121792793,0.030405091121792793,1.0198075771331787,1.3040738105773926,0.38533663749694824,0.5649094581604004,32.98188781738281,0.6211884617805481,0.008185489103198051,0.6211884617805481,0.955269455909729,0.9600195288658142,0.9566805958747864
204,train,1,0.20000000298023224,0.30000001192092896,64,synthetic_0052,14,0.3613528311252594,9033.8212890625,176.06845092773438,1.0581281185150146,1.0898525714874268,1.2109403610229492,-0.12108775973320007,0.3707468807697296,0.840193510055542,0.2875668704509735,3.25395035360998e-07,0.5526263117790222,0.21893168985843658,2.783894769240541e-20,0.21893168985843658,0.9875900149345398,1.4744336605072021,0.4379824995994568,0.48021572828292847,16.043148040771484,0.8397917151451111,0.013673371635377407,0.8397917151451111,0.9586239457130432,0.9647305607795715,0.9568020701408386
205,train,1,0.20000000298023224,0.30000001192092896,65,synthetic_0053,15,0.15676209330558777,3919.05224609375,25.317920684814453,0.20775215327739716,0.194008469581604,0.17641986906528473,0.017588602378964424,0.07546025514602661,0.10095961391925812,0.04670533910393715,3.333776987801684e-08,0.05425424128770828,0.050480153411626816,6.209985621103085e-23,0.050480153411626816,1.0680664777755737,1.5362107753753662,0.4570122957229614,0.6049033403396606,40.98067092895508,0.9527079463005066,0.008582711219787598,0.9527079463005066,0.9611526727676392,0.9661526083946228,0.958096981048584
206,train,1,0.20000000298023224,0.30000001192092896,66,synthetic_0054,16,0.43215054273605347,10803.763671875,21.012235641479492,1.6479536294937134,1.627956509590149,1.6969830989837646,-0.06902655959129333,0.6771422028541565,1.0198408365249634,0.47043323516845703,4.433685774074547e-07,0.5494071841239929,0.42228370904922485,2.0654568376558983e-22,0.42228370904922485,1.2611650228500366,2.0235893726348877,0.597806453704834,0.6226348876953125,44.5269775390625,0.9489633440971375,-0.005853114649653435,0.9489633440971375,0.9799121022224426,0.9812548160552979,0.9691935181617737
207,train,1,0.20000000298023224,0.30000001192092896,67,synthetic_0055,17,0.21547211706638336,5386.802734375,11.120707511901855,0.4446007013320923,0.3770608901977539,0.3427913784980774,0.03426951915025711,0.16270942986011505,0.18008193373680115,0.016836082562804222,0.05749482661485672,0.10575101524591446,0.15580061078071594,0.047903675585985184,0.047903675585985184,1.2189691066741943,1.6964677572250366,0.5012858510017395,0.6672080755233765,53.44161605834961,0.9577324390411377,-0.01943204179406166,0.9577324390411377,0.9649360775947571,0.970787763595581,0.9662551283836365
208,train,1,0.20000000298023224,0.30000001192092896,68,synthetic_0056,18,0.22689397633075714,5672.349609375,48.78363800048828,0.37575605511665344,0.3723735213279724,0.3612334132194519,0.011140112765133381,0.15904752910137177,0.20218589901924133,0.08739712089300156,7.12254148993452e-08,0.1147887110710144,0.07566949725151062,1.4373112588531598e-22,0.07566949725151062,1.074590802192688,1.5510988235473633,0.4614107012748718,0.5517326593399048,30.346529006958008,0.9196059107780457,0.027440877631306648,0.9196059107780457,0.9615744948387146,0.9665669202804565,0.9583463668823242
209,train,1,0.20000000298023224,0.30000001192092896,69,synthetic_0057,0,0.2761867046356201,6904.66748046875,13.997344970703125,0.7367858290672302,0.7308030724525452,0.6669732928276062,0.06382975727319717,0.2665582001209259,0.4004150927066803,0.19041073322296143,1.5953892784636992e-07,0.21000419557094574,0.21074740588665009,2.9414360702615356e-23,0.21074740588665009,1.215482234954834,1.900408148765564,0.5631283521652222,0.6659277081489563,53.185543060302734,0.9662660956382751,0.02294914610683918,0.9662660956382751,0.974283754825592,0.9771852493286133,0.9657934308052063
210,train,1,0.20000000298023224,0.30000001192092896,70,synthetic_0058,1,0.3751034438610077,9377.5859375,46.47632598876953,1.0275728702545166,1.0286024808883667,0.9351363778114319,0.09346615523099899,0.48112961649894714,0.45400676131248474,0.04261412471532822,0.16053488850593567,0.25085774064064026,0.28591156005859375,0.07191911339759827,0.07191911339759827,1.18938410282135,1.6304333209991455,0.4815611243247986,0.522515594959259,24.503116607666016,0.8602115511894226,0.00043764151632785797,0.8602115511894226,0.96282559633255,0.9687720537185669,0.964307963848114
211,train,1,0.20000000298023224,0.30000001192092896,71,synthetic_0059,2,0.12969981133937836,3242.4951171875,40.4637565612793,0.12787452340126038,0.12071574479341507,0.109749935567379,0.010965811088681221,0.04865491762757301,0.061095017939805984,0.02729637548327446,1.892411560788787e-08,0.03379862383008003,0.027149349451065063,3.433766685564866e-23,0.027149349451065063,1.006028175354004,1.4010103940963745,0.4170955717563629,0.5655414462089539,33.1082878112793,0.935391366481781,-0.012782761827111244,0.935391366481781,0.9577779173851013,0.9625647664070129,0.9560654759407043
212,train,1,0.20000000298023224,0.30000001192092896,72,synthetic_0060,3,0.21657142043113708,5414.28515625,2.189678430557251,0.5026059150695801,0.5403490662574768,0.4914100766181946,0.04893900081515312,0.18143822252750397,0.3099718689918518,0.15459389984607697,1.3891023797896196e-07,0.1553778499364853,0.16260603070259094,3.0643630786753245e-21,0.16260603070259094,1.3455151319503784,2.260715961456299,0.662054181098938,0.9139779210090637,102.79558563232422,0.9933261275291443,-0.03452989459037781,0.9933261275291443,0.9918279051780701,0.9893785119056702,0.976898729801178
213,train,1,0.20000000298023224,0.30000001192092896,73,synthetic_0061,4,0.48499467968940735,12124.8671875,12.240984916687012,3.650383234024048,3.498581647872925,3.1851274967193604,0.31345421075820923,0.8660213947296143,2.319106101989746,0.20356452465057373,0.8472405076026917,1.268301010131836,1.592376470565796,0.46262457966804504,0.46262457966804504,1.2806098461151123,2.0332813262939453,0.600751519203186,0.6501062512397766,50.02125549316406,0.945331871509552,0.00576925789937377,0.945331871509552,0.9765816330909729,0.9829223155975342,0.977233350276947
214,train,1,0.20000000298023224,0.30000001192092896,74,synthetic_0062,5,0.2232939749956131,5582.349609375,3.5709893703460693,0.423092782497406,0.4290134012699127,0.4382571578025818,-0.009243745356798172,0.19120611250400543,0.24705106019973755,0.02205216884613037,0.08472757786512375,0.14027130603790283,0.013671224005520344,0.08417809754610062,0.08417809754610062,1.333858847618103,1.9779759645462036,0.5843799114227295,0.9487646222114563,109.75292205810547,0.9835788607597351,0.0561629980802536,0.9835788607597351,0.9760763645172119,0.9800838232040405,0.9759578108787537
215,train,1,0.20000000298023224,0.30000001192092896,75,synthetic_0063,6,0.3005605638027191,7514.01416015625,62.831478118896484,0.632882297039032,0.5952298641204834,0.5411251187324524,0.0541047528386116,0.29179516434669495,0.24932996928691864,0.024048278108239174,0.08601836115121841,0.1392633318901062,0.16952036321163177,0.040503621101379395,0.040503621101379395,1.1235082149505615,1.4931477308273315,0.4406392276287079,0.5200037956237793,24.000761032104492,0.8370108604431152,0.012084932997822762,0.8370108604431152,0.959075927734375,0.964828372001648,0.9606911540031433
216,train,1,0.20000000298023224,0.30000001192092896,76,synthetic_0064,7,0.0937294214963913,2343.235595703125,1.224294900894165,0.0894884467124939,0.08966920524835587,0.08155785501003265,0.008111347444355488,0.031345319002866745,0.05021253228187561,0.025108030065894127,1.9734802236826e-08,0.025104479864239693,0.027168547734618187,7.603260392307401e-23,0.027168547734618187,1.2410320043563843,1.9687881469726562,0.5824779272079468,0.9555113911628723,111.1022720336914,0.9967324137687683,0.03330933675169945,0.9967324137687683,0.9773469567298889,0.9794281721115112,0.9676295518875122
217,train,1,0.20000000298023224,0.30000001192092896,77,synthetic_0065,8,0.28324833512306213,7081.20849609375,3.213536024093628,0.6865761280059814,0.7005107402801514,0.762159526348114,-0.061648786067962646,0.320590615272522,0.44156891107559204,0.038496531546115875,0.1584317833185196,0.24464057385921478,0.020396659150719643,0.1402955949306488,0.1402955949306488,1.389883041381836,2.128845691680908,0.6275572776794434,0.9476897120475769,109.5379409790039,0.9840847849845886,-0.0029585629235953093,0.9840847849845886,0.9832583069801331,0.9854142665863037,0.9819591641426086
218,train,1,0.20000000298023224,0.30000001192092896,78,synthetic_0066,9,0.36611783504486084,9152.9462890625,15.451948165893555,1.2674291133880615,1.2730803489685059,1.229100227355957,0.04398012533783913,0.48513317108154297,0.7439671158790588,0.35092973709106445,3.1624298912902304e-07,0.3930370509624481,0.35334235429763794,1.4643908973543522e-23,0.35334235429763794,1.2588714361190796,2.017307758331299,0.5960578918457031,0.6547725796699524,50.95452117919922,0.9610674381256104,-0.02388741634786129,0.9610674381256104,0.9796134829521179,0.9810442328453064,0.969010055065155
219,train,1,0.20000000298023224,0.30000001192092896,79,synthetic_0067,10,0.4145510196685791,10363.775390625,131.957763671875,1.4845365285873413,1.5512663125991821,1.7235981225967407,-0.1723317950963974,0.5076373815536499,1.2159607410430908,0.439094603061676,4.881665631728538e-07,0.7768657207489014,0.322755366563797,3.2655494383505247e-20,0.322755366563797,1.0274478197097778,1.5724146366119385,0.4668158292770386,0.4931953251361847,18.639062881469727,0.8545355796813965,0.06104530766606331,0.8545355796813965,0.9610313177108765,0.9674742221832275,0.9583003520965576
220,train,1,0.20000000298023224,0.30000001192092896,80,synthetic_0068,11,0.27568233013153076,6892.05810546875,4.21627140045166,0.850829005241394,0.8457562923431396,0.7766669392585754,0.06908932328224182,0.2903550863265991,0.4863118529319763,0.2402770072221756,2.1576735775852285e-07,0.2460346519947052,0.2899787127971649,1.3258821695011186e-21,0.2899787127971649,1.328843116760254,2.2129969596862793,0.649415135383606,0.8312411904335022,86.24823760986328,0.9875514507293701,0.049485962837934494,0.9875514507293701,0.9893544912338257,0.9877219796180725,0.9752283692359924
221,train,1,0.20000000298023224,0.30000001192092896,81,synthetic_0069,12,0.4081067144870758,10202.66796875,28.217479705810547,2.172137975692749,2.1621906757354736,2.216423273086548,-0.054232534021139145,0.5503692626953125,1.6660540103912354,0.7509936094284058,6.936637078069907e-07,0.9150596857070923,0.6468876600265503,9.711635680828392e-23,0.6468876600265503,1.1493936777114868,1.8979771137237549,0.5611876249313354,0.5951583981513977,39.03168487548828,0.938252866268158,0.01681457832455635,0.938252866268158,0.9719582796096802,0.977557897567749,0.964916467666626
222,train,1,0.20000000298023224,0.30000001192092896,82,synthetic_0070,13,0.09229186922311783,2307.296875,5.417901515960693,0.07088303565979004,0.06238332390785217,0.0567130483686924,0.005670276470482349,0.02770126983523369,0.02901177853345871,0.002814942505210638,0.008281966671347618,0.017914868891239166,0.004280332010239363,0.012267816811800003,0.012267816811800003,1.1311883926391602,1.5084593296051025,0.44518613815307617,0.9331978559494019,106.63957214355469,0.981063187122345,-0.015816157683730125,0.981063187122345,0.9594518542289734,0.965250551700592,0.9610652923583984
223,train,1,0.20000000298023224,0.30000001192092896,83,synthetic_0071,14,0.29419007897377014,7354.751953125,198.16737365722656,0.5716509222984314,0.46083468198776245,0.41894564032554626,0.04188903793692589,0.25582799315452576,0.1631176471710205,0.015723587945103645,0.063983254134655,0.08341080695390701,0.1624104380607605,0.025186359882354736,0.025186359882354736,1.0281445980072021,1.3180769681930542,0.3893582224845886,0.5550755858421326,31.015113830566406,0.7086570262908936,0.013271150179207325,0.7086570262908936,0.9555004239082336,0.9603486061096191,0.9569390416145325
224,train,1,0.20000000298023224,0.30000001192092896,84,synthetic_0072,15,0.06680668145418167,1670.1671142578125,0.9716455936431885,0.041160471737384796,0.03758484125137329,0.03418055176734924,0.0034042904153466225,0.015755418688058853,0.01842513307929039,0.001722385874018073,0.005665021948516369,0.011037725955247879,0.0007987113785929978,0.010131679475307465,0.010131679475307465,1.2278697490692139,1.716862440109253,0.5073713660240173,0.9220579862594604,104.4115982055664,0.9960598945617676,-0.004196654539555311,0.9960598945617676,0.9656281471252441,0.9714245796203613,0.96688312292099
225,train,1,0.20000000298023224,0.30000001192092896,85,synthetic_0073,16,0.2850094735622406,7125.23681640625,47.026939392089844,0.9032544493675232,0.7959479689598083,0.7235938906669617,0.07235405594110489,0.24989496171474457,0.4736989438533783,0.045720309019088745,0.15736114978790283,0.2706174850463867,0.3280763328075409,0.08260387182235718,0.08260387182235718,1.0700424909591675,1.5053703784942627,0.4442436099052429,0.5218376517295837,24.367528915405273,0.8671760559082031,0.009722747839987278,0.8671760559082031,0.9586136937141418,0.9655908346176147,0.9605787396430969
226,train,1,0.20000000298023224,0.30000001192092896,86,synthetic_0074,17,0.08840636163949966,2210.158935546875,8.345870971679688,0.13924625515937805,0.09775738418102264,0.08887124806642532,0.00888613611459732,0.022553348913788795,0.06631790101528168,0.032343942672014236,2.0539868472724265e-08,0.03397393226623535,0.053290560841560364,6.941702325874101e-22,0.053290560841560364,1.0037050247192383,1.5134773254394531,0.4494747519493103,0.7311691641807556,66.23383331298828,0.9832926392555237,-0.014033623971045017,0.9832926392555237,0.9595351219177246,0.9658048748970032,0.957373857498169
227,train,1,0.20000000298023224,0.30000001192092896,87,synthetic_0075,18,0.33684346079826355,8421.0859375,31.78793716430664,1.4295263290405273,1.4297430515289307,1.4166609048843384,0.013082175515592098,0.360986590385437,1.0556743144989014,0.4727160334587097,4.148236598666699e-07,0.5829578638076782,0.41436153650283813,1.207891070082185e-22,0.41436153650283813,1.1066160202026367,1.7798781394958496,0.5273618698120117,0.5849093198776245,36.98186492919922,0.9354918003082275,0.05980287119746208,0.9354918003082275,0.9674787521362305,0.973751962184906,0.9622089862823486
228,train,1,0.20000000298023224,0.30000001192092896,88,synthetic_0076,0,0.195330411195755,4883.26025390625,1.6230902671813965,0.6634956002235413,0.7086391448974609,0.6443598866462708,0.0642792358994484,0.1398264616727829,0.5045334100723267,0.2520615756511688,2.2564398705071653e-07,0.25247159600257874,0.24845391511917114,5.164992485169965e-21,0.24845391511917114,1.27471125125885,2.260908603668213,0.6605976819992065,0.9387860894203186,107.75720977783203,0.9950385689735413,0.05240513011813164,0.9950385689735413,0.9887247681617737,0.9899289608001709,0.9755927920341492
229,train,1,0.20000000298023224,0.30000001192092896,89,synthetic_0077,1,0.08530537039041519,2132.63427734375,6.153846263885498,0.09866410493850708,0.07523390650749207,0.06839516758918762,0.0068387361243367195,0.021769661456346512,0.04662550240755081,0.004579530563205481,0.012916645035147667,0.029129324480891228,0.012194276787340641,0.019851811230182648,0.019851811230182648,1.0405454635620117,1.4424594640731812,0.425570547580719,0.8999322056770325,99.98644256591797,0.9794759750366211,-0.013060190714895725,0.9794759750366211,0.9572764039039612,0.9638302326202393,0.9591531157493591
230,train,1,0.20000000298023224,0.30000001192092896,90,synthetic_0078,2,0.36318838596343994,9079.7099609375,5.934487819671631,2.4635112285614014,2.396803140640259,2.1793360710144043,0.21746711432933807,0.48142746090888977,1.697908639907837,0.8315105438232422,7.695515478189918e-07,0.8663973808288574,0.9805110096931458,4.446856734012587e-21,0.9805110096931458,1.2694894075393677,2.2454257011413574,0.6565206050872803,0.7801018357276917,76.02037048339844,0.9824077486991882,-0.023501573130488396,0.9824077486991882,0.987942099571228,0.9893883466720581,0.975064218044281
231,train,1,0.20000000298023224,0.30000001192092896,91,synthetic_0079,3,0.1626093089580536,4065.232666015625,33.815372467041016,0.3224865198135376,0.24359209835529327,0.22144898772239685,0.022143110632896423,0.07677075266838074,0.1446782350540161,0.014385068789124489,0.0428965725004673,0.08739659935235977,0.12676192820072174,0.03131064027547836,0.03131064027547836,1.009873867034912,1.380123257637024,0.40723171830177307,0.5426682829856873,28.533655166625977,0.9048436284065247,0.010971390642225742,0.9048436284065247,0.9561092257499695,0.9621684551239014,0.9578612446784973
