sample_index,split,source_id,sample_weight,aux_weight,config_index,config_name,velocity_index,U,Re,Ca,F_target,F_pred,F_physics,F_residual,F_stem,F_leaf,Fcol_1_pred,Fcol_2_pred,Fcol_3_pred,Fcol_1_true,Fcol_2_true,Fcol_3_true,Cd_stem_eff,Cd_leaf_eff,shielding_coef,shielding_target,angle_diff_deg,reconfiguration_factor,column_correction_1,column_correction_2,column_correction_3
0,val,0,1.0,1.0,0,PVC_20_0,0,0.05000000074505806,1250.0,0.15360000729560852,0.07093784958124161,0.08319376409053802,0.07597669959068298,0.007217065431177616,0.008996997028589249,0.06697970628738403,0.003970564808696508,0.02906418778002262,0.033944956958293915,0.0008135348907671869,0.012708019465208054,0.012708019465208054,1.2517558336257935,3.050978899002075,0.8781665563583374,0.9039982557296753,100.79964447021484,0.9105657935142517,1.2217952013015747,1.588435173034668,1.629158854484558
1,train,0,1.0,1.0,0,PVC_20_0,1,0.07500000298023224,1875.0,0.3456000089645386,0.17443148791790009,0.18644756078720093,0.16797566413879395,0.01847190409898758,0.019281502813100815,0.14869415760040283,0.008940137922763824,0.06562896817922592,0.07412504404783249,0.0018697602208703756,0.027825873345136642,0.027825873345136642,1.1922861337661743,3.0676443576812744,0.8944846391677856,0.9087178111076355,101.7435531616211,0.9435865879058838,1.173469066619873,1.5020768642425537,1.5175199508666992
2,val,0,1.0,1.0,0,PVC_20_0,2,0.10000000149011612,2500.0,0.6144000291824341,0.14795003831386566,0.15930408239364624,0.1488698124885559,0.01043427549302578,0.03394659608602524,0.11492321640253067,0.01327035017311573,0.0514572337269783,0.05019563436508179,0.003428105963394046,0.0476507768034935,0.0476507768034935,1.1807509660720825,2.172727108001709,0.8999021053314209,0.91482013463974,102.96401977539062,0.9131243824958801,1.4294992685317993,0.9607154726982117,0.8433532118797302
3,train,0,1.0,1.0,0,PVC_20_0,3,0.125,3125.0,0.9599999785423279,0.20464740693569183,0.19058041274547577,0.1795807033777237,0.01099971029907465,0.05660737305879593,0.12297333031892776,0.018697287887334824,0.050082989037036896,0.054193057119846344,0.005584338214248419,0.07105002552270889,0.07105002552270889,1.2601292133331299,1.8961875438690186,0.8871965408325195,0.9218372106552124,104.36743927001953,0.8596663475036621,1.5688596963882446,0.7387848496437073,0.7092366218566895
4,val,0,1.0,1.0,0,PVC_20_0,4,0.15000000596046448,3750.0,1.3824000358581543,0.270246684551239,0.27150604128837585,0.2536189556121826,0.01788708008825779,0.08430694043636322,0.1693120300769806,0.02679041028022766,0.06677001714706421,0.07575159519910812,0.008491037413477898,0.09684506058692932,0.09684506058692932,1.303295612335205,1.8872618675231934,0.8785762190818787,0.9292217493057251,105.84434509277344,0.8417455554008484,1.6018452644348145,0.7087373733520508,0.7064395546913147
5,val,0,1.0,1.0,0,PVC_20_0,5,0.17499999701976776,4375.0,1.881600022315979,0.3938428461551666,0.3741578161716461,0.34657031297683716,0.02758750692009926,0.11579114943742752,0.23077917098999023,0.036728255450725555,0.08958761394023895,0.10446330904960632,0.012395291589200497,0.12395953387022018,0.12395953387022018,1.315108060836792,1.8907368183135986,0.8717231750488281,0.9363734722137451,107.27469635009766,0.8406461477279663,1.612562894821167,0.7037651538848877,0.7153558731079102
6,train,0,1.0,1.0,0,PVC_20_0,6,0.20000000298023224,5000.0,2.4576001167297363,0.43085381388664246,0.4955803155899048,0.45553362369537354,0.04004668444395065,0.15099364519119263,0.3045399785041809,0.04843442142009735,0.1169959157705307,0.13910962641239166,0.01771606132388115,0.1515229493379593,0.1515229493379593,1.312988042831421,1.8906495571136475,0.8655053377151489,0.9426351189613342,108.52703094482422,0.846243143081665,1.6174265146255493,0.7040660977363586,0.7245521545410156
7,val,0,1.0,1.0,0,PVC_20_0,7,0.22499999403953552,5625.0,3.1103999614715576,0.6180073022842407,0.6360345482826233,0.5804919004440308,0.055542632937431335,0.18977870047092438,0.3907131850719452,0.06204502657055855,0.14892397820949554,0.1797441840171814,0.025219960138201714,0.178911954164505,0.178911954164505,1.303900957107544,1.8908981084823608,0.859217643737793,0.9472165703773499,109.44332122802734,0.8549943566322327,1.6201205253601074,0.7059010863304138,0.7320440411567688
8,train,0,1.0,1.0,0,PVC_20_0,8,0.25,6250.0,3.8399999141693115,0.8448036313056946,0.7961563467979431,0.7218945026397705,0.0742618665099144,0.23189854621887207,0.48999595642089844,0.07774724811315536,0.18557095527648926,0.22667773067951202,0.03648537024855614,0.2057376205921173,0.2057376205921173,1.290565848350525,1.8940693140029907,0.8523594737052917,0.9489527344703674,109.79054260253906,0.8655052185058594,1.6217210292816162,0.7083051204681396,0.7374659776687622
9,train,0,1.0,1.0,0,PVC_20_0,9,0.2750000059604645,6875.0,4.646399974822998,1.050018072128296,0.9765477776527405,0.8803321123123169,0.09621568769216537,0.2770904004573822,0.6032416820526123,0.09575382620096207,0.22717991471290588,0.28030794858932495,0.055444035679101944,0.2318010926246643,0.2318010926246643,1.274436593055725,1.9013233184814453,0.8445027470588684,0.9455310702323914,109.10620880126953,0.877122700214386,1.6225985288619995,0.7109939455986023,0.7408536076545715
10,train,0,1.0,1.0,0,PVC_20_0,10,0.30000001192092896,7500.0,5.529600143432617,1.2444380521774292,1.1776139736175537,1.0564754009246826,0.1211385428905487,0.3251650929450989,0.731310248374939,0.11630360782146454,0.2739592492580414,0.3410474359989166,0.09599050879478455,0.25704047083854675,0.25704047083854675,1.2566766738891602,1.9132797718048096,0.8352177143096924,0.9301102161407471,106.02204132080078,0.8894539475440979,1.6228764057159424,0.713872492313385,0.7422481179237366
11,train,0,1.0,1.0,0,PVC_20_0,11,0.32499998807907104,8125.0,6.48960018157959,1.354056715965271,1.3992836475372314,1.2509689331054688,0.1483146995306015,0.37608322501182556,0.8748856782913208,0.13966183364391327,0.3260057270526886,0.40921810269355774,0.2500753104686737,0.28148239850997925,0.28148239850997925,1.238452672958374,1.9304282665252686,0.8240453004837036,0.8688808679580688,93.77617645263672,0.9021759629249573,1.622567892074585,0.7168715000152588,0.741518497467041
12,val,0,1.0,1.0,0,PVC_20_0,12,0.3499999940395355,8750.0,7.526400089263916,1.6986725330352783,1.6405589580535889,1.4642490148544312,0.17630992829799652,0.4300198256969452,1.0342291593551636,0.1661120504140854,0.3831898868083954,0.4849272072315216,0.5733868479728699,0.30520471930503845,0.30520471930503845,1.2209969758987427,1.9532161951065063,0.810492217540741,0.778120756149292,75.62416076660156,0.9149553775787354,1.6216291189193726,0.7198759317398071,0.7383612990379333
13,train,0,1.0,1.0,0,PVC_20_0,13,0.375,9375.0,8.640000343322754,1.9440239667892456,1.8988295793533325,1.6962852478027344,0.20254433155059814,0.4874015152454376,1.2088837623596191,0.19592443108558655,0.44497671723365784,0.56798255443573,0.8262953162193298,0.3283105492591858,0.3283105492591858,1.2055535316467285,1.981886625289917,0.7940584421157837,0.7271667718887329,65.43335723876953,0.9274073243141174,1.6199941635131836,0.7226895093917847,0.7324903011322021
14,val,0,1.0,1.0,0,PVC_20_0,14,0.4000000059604645,10000.0,9.830400466918945,2.125422716140747,2.1688477993011475,1.946226716041565,0.2226211130619049,0.5488847494125366,1.3973419666290283,0.22926576435565948,0.5101627111434937,0.6579135060310364,1.0331017971038818,0.3509112596511841,0.3509112596511841,1.1932275295257568,2.0159337520599365,0.7743412256240845,0.6930793523788452,58.615875244140625,0.9390782117843628,1.6176252365112305,0.725031852722168,0.7240182757377625
15,train,0,1.0,1.0,0,PVC_20_0,15,0.42500001192092896,10625.0,11.097599983215332,2.3944380283355713,2.441331148147583,2.2118821144104004,0.2294490784406662,0.6152472496032715,1.596634864807129,0.26600703597068787,0.5765926837921143,0.7540350556373596,1.2118146419525146,0.3731164038181305,0.3731164038181305,1.1847697496414185,2.0531234741210938,0.7512760162353516,0.6676045656204224,53.52091598510742,0.9494553208351135,1.6145902872085571,0.7265757322311401,0.7138431072235107
16,train,0,1.0,1.0,0,PVC_20_0,16,0.44999998807907104,11250.0,12.44159984588623,2.6817269325256348,2.7019388675689697,2.4891505241394043,0.21278823912143707,0.6872410774230957,1.8019094467163086,0.3054639399051666,0.6411442160606384,0.8553012609481812,1.370949149131775,0.395028293132782,0.395028293132782,1.1804463863372803,2.088671922683716,0.7254576086997986,0.6474189162254333,49.48377990722656,0.958016574382782,1.6111218929290771,0.7270330786705017,0.7036060690879822
17,train,0,1.0,1.0,0,PVC_20_0,17,0.4749999940395355,11875.0,13.86240005493164,2.9678232669830322,2.9331085681915283,2.772109270095825,0.16099940240383148,0.7655362486839294,2.006572961807251,0.3462892174720764,0.7003883719444275,0.9598954319953918,1.515420913696289,0.4167393147945404,0.4167393147945404,1.1801594495773315,2.11599063873291,0.6982210874557495,0.6308286190032959,46.16572570800781,0.9643104076385498,1.6075254678726196,0.7262846827507019,0.6950000524520874
18,train,0,1.0,1.0,0,PVC_20_0,18,0.5,12500.0,15.359999656677246,3.0878708362579346,3.121434450149536,3.054518222808838,0.06691630184650421,0.8507799506187439,2.203738212585449,0.38675057888031006,0.7518054842948914,1.0651823282241821,1.6484487056732178,0.4383312165737152,0.4383312165737152,1.1836938858032227,2.129420518875122,0.6711947917938232,0.6168425679206848,43.36851501464844,0.9680333733558655,1.6038949489593506,0.7245092391967773,0.6889868974685669
19,train,0,1.0,1.0,1,PVC_20_180,0,0.05000000074505806,1250.0,0.15360000729560852,0.30792152881622314,0.08915962278842926,0.07642967998981476,0.012729942798614502,0.009999166242778301,0.06643051654100418,0.03308289498090744,3.853831032074595e-08,0.033347584307193756,0.013280894607305527,1.3017747316988583e-22,0.013280894607305527,1.391188144683838,2.8832128047943115,0.9297666549682617,0.9950531721115112,119.01063537597656,0.9371427297592163,1.632524847984314,1.5340385437011719,1.6455861330032349
20,val,0,1.0,1.0,1,PVC_20_180,1,0.07500000298023224,1875.0,0.3456000089645386,0.17357100546360016,0.1672685444355011,0.14373284578323364,0.023535702377557755,0.021280180662870407,0.12245266139507294,0.061274994164705276,5.989341644863089e-08,0.061177611351013184,0.030723044648766518,2.8289993467871503e-22,0.030723044648766518,1.3158758878707886,2.536468267440796,0.9123694896697998,0.9886112809181213,117.72225952148438,0.8808080554008484,1.6252822875976562,1.3059157133102417,1.6226991415023804
21,val,0,1.0,1.0,1,PVC_20_180,2,0.10000000149011612,2500.0,0.6144000291824341,0.34319770336151123,0.21877233684062958,0.19295169413089752,0.025820648297667503,0.03555983304977417,0.15739186108112335,0.08069293946027756,6.251251960520676e-08,0.07669886201620102,0.05678054317831993,4.807654095618108e-22,0.05678054317831993,1.236863613128662,2.0913896560668945,0.8811483383178711,0.9791058301925659,115.8211669921875,0.802697479724884,1.602239727973938,1.0565040111541748,1.5229331254959106
22,train,0,1.0,1.0,1,PVC_20_180,3,0.125,3125.0,0.9599999785423279,0.31932196021080017,0.2902561128139496,0.261008620262146,0.029247505590319633,0.05485516041517258,0.20615345239639282,0.10890837758779526,7.402321244853738e-08,0.097244992852211,0.09318999201059341,7.104417698677035e-22,0.09318999201059341,1.2211235761642456,1.9539365768432617,0.8593294620513916,0.9660651087760925,113.21302032470703,0.7513796091079712,1.5825235843658447,0.938768208026886,1.4130454063415527
23,train,0,1.0,1.0,1,PVC_20_180,4,0.15000000596046448,3750.0,1.3824000358581543,0.31083568930625916,0.3936646282672882,0.3560604453086853,0.03760417178273201,0.07951009273529053,0.2765503525733948,0.14856259524822235,9.471924045101332e-08,0.12798766791820526,0.14211547374725342,3.0935381589327246e-21,0.14211547374725342,1.2291414737701416,1.9370144605636597,0.8469525575637817,0.9489836692810059,109.7967300415039,0.7221863269805908,1.5733437538146973,0.8882894515991211,1.3554459810256958
24,train,0,1.0,1.0,1,PVC_20_180,5,0.17499999701976776,4375.0,1.881600022315979,0.5591400265693665,0.5232638120651245,0.4732772409915924,0.04998655617237091,0.10912420600652695,0.36415302753448486,0.19704726338386536,1.2149870087796444e-07,0.16710564494132996,0.20557907223701477,4.078542853266631e-21,0.20557907223701477,1.2393876314163208,1.9390753507614136,0.8389602899551392,0.927563488483429,105.51270294189453,0.7050092816352844,1.5688577890396118,0.8647780418395996,1.3304674625396729
25,train,0,1.0,1.0,1,PVC_20_180,6,0.20000000298023224,5000.0,2.4576001167297363,0.6062102913856506,0.6749190092086792,0.6092829704284668,0.0656360313296318,0.14352428913116455,0.46575871109962463,0.25268998742103577,1.5291702482045366e-07,0.21306857466697693,0.28418269753456116,5.143182058862414e-21,0.28418269753456116,1.2480370998382568,1.9391283988952637,0.832997739315033,0.9021280407905579,100.42560577392578,0.6936314702033997,1.5655659437179565,0.8530150055885315,1.3200875520706177
26,train,0,1.0,1.0,1,PVC_20_180,7,0.22499999403953552,5625.0,3.1103999614715576,0.8631705045700073,0.8468468189239502,0.7625481486320496,0.08429868519306183,0.18272168934345245,0.5798264741897583,0.31474438309669495,1.8830776582490216e-07,0.26508191227912903,0.3756729066371918,6.2701978720074416e-21,0.3756729066371918,1.2554147243499756,1.9355374574661255,0.8280755281448364,0.8739358186721802,94.78716278076172,0.6852419376373291,1.5625221729278564,0.8466965556144714,1.3159769773483276
27,train,0,1.0,1.0,1,PVC_20_180,8,0.25,6250.0,3.8399999141693115,1.0573121309280396,1.0383416414260864,0.9323810338973999,0.10596062988042831,0.22679324448108673,0.7055878043174744,0.38287511467933655,2.2729524573605886e-07,0.3227124512195587,0.47503334283828735,2.200904255082346e-21,0.47503334283828735,1.2621537446975708,1.9293125867843628,0.8236960768699646,0.8448962569236755,88.97925567626953,0.678656816482544,1.5595636367797852,0.8430057764053345,1.3145031929016113
28,val,0,1.0,1.0,1,PVC_20_180,9,0.2750000059604645,6875.0,4.646399974822998,1.2427419424057007,1.2490993738174438,1.1183992624282837,0.13070012629032135,0.27583521604537964,0.842564046382904,0.45687758922576904,2.6960705667988805e-07,0.3856861889362335,0.5766147971153259,2.6106018041597455e-21,0.5766147971153259,1.2686634063720703,1.9212931394577026,0.8195594549179077,0.8167735934257507,83.3547134399414,0.6733283400535583,1.5566562414169312,0.8406301140785217,1.3140954971313477
29,train,0,1.0,1.0,1,PVC_20_180,10,0.30000001192092896,7500.0,5.529600143432617,1.5060391426086426,1.4789502620697021,1.320319414138794,0.15863080322742462,0.32996007800102234,0.9903593063354492,0.5365648865699768,3.149872327412595e-07,0.45379412174224854,0.6762266159057617,3.0584045913771367e-21,0.6762266159057617,1.2752079963684082,1.9119834899902344,0.8154425621032715,0.7906438708305359,78.12877655029297,0.6689528226852417,1.5537415742874146,0.8389140367507935,1.3140608072280884
30,train,0,1.0,1.0,1,PVC_20_180,11,0.32499998807907104,8125.0,6.48960018157959,1.597334623336792,1.72775399684906,1.5378752946853638,0.18987873196601868,0.3893108367919922,1.1485644578933716,0.6217244267463684,3.6313909390628396e-07,0.5268396735191345,0.771656334400177,3.5438832744536875e-21,0.771656334400177,1.2820115089416504,1.9017049074172974,0.8111382722854614,0.766912579536438,73.38251495361328,0.6653281450271606,1.5507112741470337,0.8374761343002319,1.3140487670898438
31,train,0,1.0,1.0,1,PVC_20_180,12,0.3499999940395355,8750.0,7.526400089263916,1.9695085287094116,1.9953454732894897,1.7707808017730713,0.22456471621990204,0.45408278703689575,1.3166980743408203,0.7120992541313171,4.136752238537156e-07,0.6045984625816345,0.8621596693992615,1.1680538468040135e-22,0.8621596693992615,1.2893211841583252,1.8907197713851929,0.8064212799072266,0.7455744743347168,69.1148910522461,0.662297785282135,1.5474004745483398,0.8360283374786377,1.3137998580932617
32,train,0,1.0,1.0,1,PVC_20_180,13,0.375,9375.0,8.640000343322754,2.2906291484832764,2.281477928161621,2.0186991691589355,0.26277878880500793,0.5245553255081177,1.4941437244415283,0.8073700666427612,4.660591912397649e-07,0.6867731213569641,0.9478147625923157,1.0756810115930194e-22,0.9478147625923157,1.2974507808685303,1.879319667816162,0.8010244369506836,0.7264378666877747,65.2875747680664,0.6597213745117188,1.5435748100280762,0.8342796564102173,1.313010811805725
33,train,0,1.0,1.0,1,PVC_20_180,14,0.4000000059604645,10000.0,9.830400466918945,2.650298833847046,2.5857627391815186,2.281221389770508,0.3045414388179779,0.6011369228363037,1.680084466934204,0.9071462154388428,5.195341827857192e-07,0.7729377150535583,1.0290770530700684,9.475226058219414e-23,1.0290770530700684,1.3068190813064575,1.8679089546203613,0.794613242149353,0.7092531323432922,61.850624084472656,0.6574583649635315,1.5389059782028198,0.8318679332733154,1.3112311363220215
34,train,0,1.0,1.0,1,PVC_20_180,15,0.42500001192092896,10625.0,11.097599983215332,2.8269872665405273,2.9075911045074463,2.557852268218994,0.3497388958930969,0.684425950050354,1.8734261989593506,1.0109641551971436,5.730333327846893e-07,0.862461507320404,1.1065337657928467,8.751692933370289e-23,1.1065337657928467,1.3179858922958374,1.857101321220398,0.7867571115493774,0.6937710642814636,58.754215240478516,0.6553578972816467,1.532930850982666,0.8282992243766785,1.3077552318572998
35,val,0,1.0,1.0,1,PVC_20_180,16,0.44999998807907104,11250.0,12.44159984588623,3.2195968627929688,3.2460529804229736,2.848036527633667,0.39801642298698425,0.775277853012085,2.072758674621582,1.1183264255523682,6.250911610550247e-07,0.9544316530227661,1.1807831525802612,1.4413170314209997e-23,1.1807831525802612,1.3316636085510254,1.8478295803070068,0.7768936157226562,0.6797662973403931,55.95326232910156,0.65326988697052,1.524992823600769,0.8228909373283386,1.3014994859695435
36,train,0,1.0,1.0,1,PVC_20_180,17,0.4749999940395355,11875.0,13.86240005493164,3.643343448638916,3.5998167991638184,3.1512255668640137,0.4485912322998047,0.874832034111023,2.276393413543701,1.2288010120391846,6.738055731148052e-07,1.0475916862487793,1.2523813247680664,2.179188649855603e-23,1.2523813247680664,1.3486510515213013,1.841437578201294,0.7642963528633118,0.6670430302619934,53.408607482910156,0.651094913482666,1.51416015625,0.8147498965263367,1.2908692359924316
37,train,0,1.0,1.0,1,PVC_20_180,18,0.5,12500.0,15.359999656677246,4.037886619567871,3.9669222831726074,3.467010974884033,0.499911367893219,0.9843974113464355,2.4826135635375977,1.3422380685806274,7.16980537163181e-07,1.140374779701233,1.3218237161636353,7.380154498657305e-22,1.3218237161636353,1.3695964813232422,1.8396960496902466,0.7480748891830444,0.6554343104362488,51.08686828613281,0.6489060521125793,1.4991339445114136,0.8028500080108643,1.2736743688583374
38,train,0,1.0,1.0,2,PVC_10_0,0,0.05000000074505806,1250.0,0.15360000729560852,0.004296653904020786,0.01298687793314457,0.01437891274690628,-0.0013920348137617111,0.006971598137170076,0.0074073150753974915,0.00040294494829140604,0.0030748078133910894,0.003929562401026487,0.00040676744538359344,0.006354009732604027,0.006354009732604027,0.969961404800415,2.077718496322632,0.6786336898803711,0.9039982557296753,100.79964447021484,0.5291837453842163,0.6265837550163269,1.0988997220993042,0.953058660030365
39,train,0,1.0,1.0,2,PVC_10_0,1,0.07500000298023224,1875.0,0.3456000089645386,0.0044425735250115395,0.021053768694400787,0.023674897849559784,-0.0026211293879896402,0.015905536711215973,0.007769360207021236,0.000652264105156064,0.003221719292923808,0.0038953768089413643,0.0009348801104351878,0.013912936672568321,0.013912936672568321,0.9835307598114014,1.4924061298370361,0.7235473394393921,0.9087178111076355,101.7435531616211,0.5041069388389587,0.658806562423706,0.7014508843421936,0.6136573553085327
40,train,0,1.0,1.0,2,PVC_10_0,2,0.10000000149011612,2500.0,0.6144000291824341,0.11792551726102829,0.06083719804883003,0.0613105408847332,-0.0004733425739686936,0.03457895293831825,0.026731587946414948,0.004186930600553751,0.010529905557632446,0.012014753185212612,0.001714052981697023,0.02382538840174675,0.02382538840174675,1.202746033668518,1.8395440578460693,0.8107477426528931,0.91482013463974,102.96401977539062,0.7030048370361328,1.383865475654602,0.6695436835289001,0.6193768978118896
41,val,0,1.0,1.0,2,PVC_10_0,3,0.125,3125.0,0.9599999785423279,0.3397746682167053,0.1133182942867279,0.11074601113796234,0.002572282450273633,0.05640845373272896,0.05433756113052368,0.00913984328508377,0.021129973232746124,0.024067744612693787,0.0027921691071242094,0.035525012761354446,0.035525012761354446,1.2557011842727661,2.02487850189209,0.8251992464065552,0.9218372106552124,104.36743927001953,0.7919665575027466,1.5591201782226562,0.6812758445739746,0.6403512358665466
42,train,0,1.0,1.0,2,PVC_10_0,4,0.15000000596046448,3750.0,1.3824000358581543,0.16250543296337128,0.17265349626541138,0.1672402173280716,0.005413283593952656,0.08107039332389832,0.08616982400417328,0.014410726726055145,0.0332241915166378,0.03853490203619003,0.004245518706738949,0.04842253029346466,0.04842253029346466,1.2532620429992676,2.083860397338867,0.8284281492233276,0.9292217493057251,105.84434509277344,0.8262157440185547,1.5900397300720215,0.6901821494102478,0.6631600856781006
43,val,0,1.0,1.0,2,PVC_10_0,5,0.17499999701976776,4375.0,1.881600022315979,0.17313167452812195,0.24135787785053253,0.23258784413337708,0.008770034648478031,0.10897936671972275,0.12360848486423492,0.02040812559425831,0.04720538109540939,0.05599497631192207,0.006197645794600248,0.06197976693511009,0.06197976693511009,1.23774254322052,2.1061370372772217,0.8292639255523682,0.9363734722137451,107.27469635009766,0.8444183468818665,1.6015831232070923,0.6967663168907166,0.685389518737793
44,train,0,1.0,1.0,2,PVC_10_0,6,0.20000000298023224,5000.0,2.4576001167297363,0.32816481590270996,0.3207273781299591,0.3076309561729431,0.01309643592685461,0.14018768072128296,0.16744329035282135,0.02727084793150425,0.0632994994521141,0.07687294483184814,0.008858030661940575,0.07576147466897964,0.07576147466897964,1.2190232276916504,2.1169116497039795,0.8289451003074646,0.9426351189613342,108.52703094482422,0.8562831878662109,1.6076265573501587,0.7021065354347229,0.7068089246749878
45,val,0,1.0,1.0,2,PVC_10_0,7,0.22499999403953552,5625.0,3.1103999614715576,0.4748879671096802,0.4113566279411316,0.39269471168518066,0.01866193115711212,0.17464113235473633,0.21805356442928314,0.03505469113588333,0.08159323036670685,0.10140564292669296,0.012609980069100857,0.0894559770822525,0.0894559770822525,1.1998960971832275,2.1238138675689697,0.8277629613876343,0.9472165703773499,109.44332122802734,0.8649122714996338,1.6112366914749146,0.7066484093666077,0.726971447467804
46,val,0,1.0,1.0,2,PVC_10_0,8,0.25,6250.0,3.8399999141693115,0.5574852824211121,0.5136073231697083,0.4879513382911682,0.025655977427959442,0.21225304901599884,0.27569830417633057,0.04380004107952118,0.10213521122932434,0.12976303696632385,0.01824268512427807,0.10286881029605865,0.10286881029605865,1.181234359741211,2.1297526359558105,0.8258042335510254,0.9489527344703674,109.79054260253906,0.8717098236083984,1.6134669780731201,0.7106013298034668,0.7455531358718872
47,train,0,1.0,1.0,2,PVC_10_0,9,0.2750000059604645,6875.0,4.646399974822998,0.5972995758056641,0.627800464630127,0.5935685634613037,0.03423187881708145,0.2529466450214386,0.3406218886375427,0.053549788892269135,0.12496498972177505,0.16210711002349854,0.027722017839550972,0.11590054631233215,0.11590054631233215,1.1633909940719604,2.1360857486724854,0.8230579495429993,0.9455310702323914,109.10620880126953,0.8774569630622864,1.614784598350525,0.7140963077545166,0.7624315619468689
48,train,0,1.0,1.0,2,PVC_10_0,10,0.30000001192092896,7500.0,5.529600143432617,0.7768981456756592,0.7542470693588257,0.709754228591919,0.04449281841516495,0.2967067360877991,0.4130474925041199,0.06435150653123856,0.15010966360569,0.19858630001544952,0.04799525439739227,0.12852023541927338,0.12852023541927338,1.1466926336288452,2.143531560897827,0.8194460868835449,0.9301102161407471,106.02204132080078,0.8826101422309875,1.6154147386550903,0.7172253727912903,0.7775291204452515
49,val,0,1.0,1.0,2,PVC_10_0,11,0.32499998807907104,8125.0,6.48960018157959,0.982464611530304,0.89317786693573,0.8367531299591064,0.056424710899591446,0.3436567783355713,0.49309635162353516,0.07625341415405273,0.1775636076927185,0.23927931487560272,0.12503765523433685,0.14074119925498962,0.14074119925498962,1.13167142868042,2.152477264404297,0.8148348331451416,0.8688808679580688,93.77617645263672,0.8874127268791199,1.615455985069275,0.7200493216514587,0.7906476855278015
50,train,0,1.0,1.0,2,PVC_10_0,12,0.3499999940395355,8750.0,7.526400089263916,1.096636176109314,1.0445770025253296,0.9748063087463379,0.0697706937789917,0.3941766023635864,0.5806297063827515,0.08929403871297836,0.2072480469942093,0.2840876281261444,0.28669342398643494,0.15260235965251923,0.15260235965251923,1.1192238330841064,2.163041114807129,0.8090327382087708,0.778120756149292,75.62416076660156,0.8919385671615601,1.6149288415908813,0.7225989103317261,0.8013556003570557
51,train,0,1.0,1.0,2,PVC_10_0,13,0.375,9375.0,8.640000343322754,1.2108826637268066,1.2078793048858643,1.124051570892334,0.08382773399353027,0.44907790422439575,0.674973726272583,0.10347875207662582,0.238930344581604,0.3325645923614502,0.4131476581096649,0.1641552746295929,0.1641552746295929,1.1107627153396606,2.174974203109741,0.801781177520752,0.7271667718887329,65.43335723876953,0.8960927128791809,1.6137948036193848,0.7248608469963074,0.8089377880096436
52,train,0,1.0,1.0,2,PVC_10_0,14,0.4000000059604645,10000.0,9.830400466918945,1.3690028190612793,1.3814975023269653,1.2843477725982666,0.09714977443218231,0.5098497271537781,0.7744979858398438,0.11873500794172287,0.2720829248428345,0.3836800754070282,0.5165508985519409,0.17545562982559204,0.17545562982559204,1.1083688735961914,2.1874008178710938,0.7927433848381042,0.6930793523788452,58.615875244140625,0.8995842337608337,1.6119637489318848,0.7267535924911499,0.8124333620071411
53,train,0,1.0,1.0,2,PVC_10_0,15,0.42500001192092896,10625.0,11.097599983215332,1.6664570569992065,1.5621833801269531,1.4550316333770752,0.10715169459581375,0.5789639353752136,0.8760676383972168,0.13483525812625885,0.3056629002094269,0.4355694353580475,0.6059073209762573,0.18655820190906525,0.18655820190906525,1.1148996353149414,2.1983864307403564,0.7814942002296448,0.6676045656204224,53.52091598510742,0.9018887281417847,1.6092935800552368,0.7280997037887573,0.8108327388763428
54,val,0,1.0,1.0,2,PVC_10_0,16,0.44999998807907104,11250.0,12.44159984588623,1.7020379304885864,1.7443805932998657,1.6347191333770752,0.10966145992279053,0.6601395606994629,0.9745795726776123,0.15129153430461884,0.3378475308418274,0.4854404926300049,0.6854745745658875,0.197514146566391,0.197514146566391,1.1338951587677002,2.204470634460449,0.7675176858901978,0.6474189162254333,49.48377990722656,0.9022272825241089,1.6055951118469238,0.7286112308502197,0.8035250902175903
55,train,0,1.0,1.0,2,PVC_10_0,17,0.4749999940395355,11875.0,13.86240005493164,1.914313793182373,1.9199405908584595,1.8213872909545898,0.09855328500270844,0.7582759261131287,1.0631113052368164,0.16727960109710693,0.36587005853652954,0.5299616456031799,0.7577104568481445,0.2083696573972702,0.2083696573972702,1.1689667701721191,2.200699806213379,0.7502044439315796,0.6308286190032959,46.16572570800781,0.8996298313140869,1.600655436515808,0.7278537750244141,0.7909359931945801
56,train,0,1.0,1.0,2,PVC_10_0,18,0.5,12500.0,15.359999656677246,2.087332010269165,2.078726291656494,2.012828826904297,0.06589746475219727,0.8785021305084229,1.1343265771865845,0.1817324161529541,0.3862721920013428,0.5663219690322876,0.8242243528366089,0.2191656082868576,0.2191656082868576,1.2222638130187988,2.182007312774658,0.7288180589675903,0.6168425679206848,43.36851501464844,0.8932056427001953,1.5942317247390747,0.72516268491745,0.7748622298240662
57,val,0,1.0,1.0,3,PVC_10_180,0,0.05000000074505806,1250.0,0.15360000729560852,0.1761522889137268,0.05812402442097664,0.052231304347515106,0.005892719607800245,0.009483185596764088,0.04274811968207359,0.020474636927247047,2.0307119541485008e-08,0.022273462265729904,0.006640447303652763,6.508873658494291e-23,0.006640447303652763,1.3193995952606201,3.4671480655670166,0.840587854385376,0.9950531721115112,119.01063537597656,1.0473759174346924,1.5035227537155151,1.3305164575576782,1.6356163024902344
58,val,0,1.0,1.0,3,PVC_10_180,1,0.07500000298023224,1875.0,0.3456000089645386,0.1749381422996521,0.11562131345272064,0.10918904840946198,0.006432266905903816,0.019597304984927177,0.08959174156188965,0.04487442970275879,2.9600847994970536e-08,0.04471728205680847,0.015361522324383259,1.4144996733935752e-22,0.015361522324383259,1.211814045906067,3.065006971359253,0.8570957183837891,0.9886112809181213,117.72225952148438,1.128054141998291,1.5382388830184937,0.8878936171531677,1.532852053642273
59,train,0,1.0,1.0,3,PVC_10_180,2,0.10000000149011612,2500.0,0.6144000291824341,0.10751472413539886,0.12065844237804413,0.11909875273704529,0.0015596920857205987,0.03272600099444389,0.0863727554678917,0.04976174235343933,2.7678186853563602e-08,0.03661098703742027,0.028390271589159966,2.403827047809054e-22,0.028390271589159966,1.1382955312728882,2.137164354324341,0.8405888676643372,0.9791058301925659,115.8211669921875,1.0014920234680176,1.5499544143676758,0.7691987752914429,1.14034104347229
60,train,0,1.0,1.0,3,PVC_10_180,3,0.125,3125.0,0.9599999785423279,0.198393777012825,0.1765800267457962,0.1699056476354599,0.00667438143864274,0.05266154929995537,0.11724410206079483,0.06894299387931824,3.759928901558851e-08,0.04830107092857361,0.04659499600529671,3.5522088493385176e-22,0.04659499600529671,1.172291874885559,2.0744709968566895,0.8398116827011108,0.9660651087760925,113.21302032470703,0.9007315039634705,1.5742589235305786,0.7667344808578491,1.1029168367385864
61,train,0,1.0,1.0,3,PVC_10_180,4,0.15000000596046448,3750.0,1.3824000358581543,0.27636855840682983,0.2532716393470764,0.23980937898159027,0.01346225943416357,0.07699981331825256,0.1628095656633377,0.09488925337791443,5.1714089011056785e-08,0.0679202601313591,0.07105773687362671,1.5467690794663623e-21,0.07105773687362671,1.1903352737426758,2.0831642150878906,0.8402957916259766,0.9489836692810059,109.7967300415039,0.8505141139030457,1.5868587493896484,0.7718967199325562,1.135848879814148
62,train,0,1.0,1.0,3,PVC_10_180,5,0.17499999701976776,4375.0,1.881600022315979,0.3855060040950775,0.34269988536834717,0.32155412435531616,0.021145764738321304,0.10529487580060959,0.21625924110412598,0.12455905228853226,6.830109811062357e-08,0.09170012921094894,0.10278953611850739,2.0392714266333154e-21,0.10278953611850739,1.195895791053772,2.07710337638855,0.8398222923278809,0.927563488483429,105.51270294189453,0.8204635381698608,1.5910747051239014,0.7791424989700317,1.1713459491729736
63,train,0,1.0,1.0,3,PVC_10_180,6,0.20000000298023224,5000.0,2.4576001167297363,0.4729076027870178,0.4438531696796417,0.4137918949127197,0.030061276629567146,0.1377464383840561,0.27604544162750244,0.15724289417266846,8.697711706417977e-08,0.11880247294902802,0.14209134876728058,2.571591029431207e-21,0.14209134876728058,1.1977949142456055,2.0616543292999268,0.838891327381134,0.9021280407905579,100.42560577392578,0.7986308336257935,1.591687798500061,0.7871317267417908,1.2025753259658813
64,train,0,1.0,1.0,3,PVC_10_180,7,0.22499999403953552,5625.0,3.1103999614715576,0.585237979888916,0.5565659403800964,0.516021728515625,0.04054422304034233,0.1746348887681961,0.3413868546485901,0.19260811805725098,1.075045048537504e-07,0.14877861738204956,0.1878364533185959,3.1350989360037208e-21,0.1878364533185959,1.1998533010482788,2.042088031768799,0.8376086354255676,0.8739358186721802,94.78716278076172,0.7808322906494141,1.590692162513733,0.7949839234352112,1.2287174463272095
65,train,0,1.0,1.0,3,PVC_10_180,8,0.25,6250.0,3.8399999141693115,0.6845232844352722,0.6808648705482483,0.6279831528663635,0.052881691604852676,0.21626979112625122,0.4117133617401123,0.230411097407341,1.296713492138224e-07,0.18130211532115936,0.23751667141914368,1.100452127541173e-21,0.23751667141914368,1.2035883665084839,2.020806312561035,0.8359383344650269,0.8448962569236755,88.97925567626953,0.7654718160629272,1.588832974433899,0.8022429347038269,1.2501946687698364
66,train,0,1.0,1.0,3,PVC_10_180,9,0.2750000059604645,6875.0,4.646399974822998,0.8764917254447937,0.8168731331825256,0.7495299577713013,0.06734317541122437,0.2630296051502228,0.4865003228187561,0.27039605379104614,1.5325419155942654e-07,0.21610410511493683,0.28830739855766296,1.3053009020798728e-21,0.28830739855766296,1.209766149520874,1.9987475872039795,0.8338000774383545,0.8167735934257507,83.3547134399414,0.7517879605293274,1.5863186120986938,0.8087266683578491,1.2678066492080688
67,train,0,1.0,1.0,3,PVC_10_180,10,0.30000001192092896,7500.0,5.529600143432617,0.9029657244682312,0.9648261666297913,0.8806160688400269,0.08421008288860321,0.31543904542922974,0.5651770234107971,0.3122541308403015,1.7798659257550753e-07,0.2529227137565613,0.33811330795288086,1.5292022956885683e-21,0.33811330795288086,1.219088077545166,1.9762678146362305,0.8310654759407043,0.7906438708305359,78.12877655029297,0.7393063902854919,1.5830847024917603,0.8143466114997864,1.2822825908660889
68,train,0,1.0,1.0,3,PVC_10_180,11,0.32499998807907104,8125.0,6.48960018157959,1.0138746500015259,1.1251232624053955,1.0213346481323242,0.10378866642713547,0.3742718994617462,0.6470627784729004,0.355602890253067,2.03524223252316e-07,0.29145970940589905,0.3858281672000885,1.7719416372268438e-21,0.3858281672000885,1.2324879169464111,1.9535667896270752,0.8275322914123535,0.766912579536438,73.38251495361328,0.7276662588119507,1.5788718461990356,0.818981409072876,1.2940768003463745
69,train,0,1.0,1.0,3,PVC_10_180,12,0.3499999940395355,8750.0,7.526400089263916,1.313947081565857,1.298393964767456,1.1719915866851807,0.12640243768692017,0.4406854808330536,0.7313060760498047,0.3999643623828888,2.2939944699373882e-07,0.3313414752483368,0.43107983469963074,5.840269234020067e-23,0.43107983469963074,1.2512809038162231,1.9309154748916626,0.8228837251663208,0.7455744743347168,69.1148910522461,0.7165499925613403,1.5732009410858154,0.8223904371261597,1.3032829761505127
70,train,0,1.0,1.0,3,PVC_10_180,13,0.375,9375.0,8.640000343322754,1.5928974151611328,1.4855459928512573,1.3331928253173828,0.1523532122373581,0.5163936018943787,0.8167992830276489,0.44472619891166687,2.549554949382582e-07,0.3720727860927582,0.47390738129615784,5.378405057965097e-23,0.47390738129615784,1.2772632837295532,1.9088428020477295,0.8166264295578003,0.7264378666877747,65.2875747680664,0.7056400179862976,1.5652567148208618,0.8241287469863892,1.309545874595642
71,val,0,1.0,1.0,3,PVC_10_180,14,0.4000000059604645,10000.0,9.830400466918945,1.7449835538864136,1.6877614259719849,1.5059311389923096,0.1818302571773529,0.6038616299629211,0.9020694494247437,0.4890848994255066,2.7926384404963756e-07,0.4129842519760132,0.5145385265350342,4.737613029109707e-23,0.5145385265350342,1.3127423524856567,1.8883695602416992,0.8079913854598999,0.7092531323432922,61.850624084472656,0.6946023106575012,1.5536377429962158,0.8234452605247498,1.3118946552276611
72,train,0,1.0,1.0,3,PVC_10_180,15,0.42500001192092896,10625.0,11.097599983215332,1.9275760650634766,1.906273365020752,1.6915614604949951,0.21471188962459564,0.7064142227172852,0.9851471781730652,0.5319608449935913,3.0105451287454343e-07,0.45318603515625,0.5532668828964233,4.3758464666851443e-23,0.5532668828964233,1.360328197479248,1.8713085651397705,0.7957962155342102,0.6937710642814636,58.754215240478516,0.6831393241882324,1.5358749628067017,0.8191826939582825,1.308436632156372
73,train,0,1.0,1.0,3,PVC_10_180,16,0.44999998807907104,11250.0,12.44159984588623,2.2017436027526855,2.1415011882781982,1.8913588523864746,0.250142365694046,0.8278687596321106,1.0634900331497192,0.5718889236450195,3.1878164463705616e-07,0.4916008412837982,0.5903915762901306,7.206585157104998e-24,0.5903915762901306,1.421996831893921,1.8604989051818848,0.7783142328262329,0.6797662973403931,55.95326232910156,0.6712380647659302,1.507611632347107,0.8097992539405823,1.2959562540054321
74,train,0,1.0,1.0,3,PVC_10_180,17,0.4749999940395355,11875.0,13.86240005493164,2.481191635131836,2.3905763626098633,2.104963541030884,0.28561291098594666,0.970855176448822,1.134108304977417,0.606900691986084,3.310719876026269e-07,0.5272071957588196,0.6261906623840332,1.0895943249278015e-23,0.6261906623840332,1.4966814517974854,1.8595980405807495,0.7533450126647949,0.6670430302619934,53.408607482910156,0.6597544550895691,1.461631178855896,0.7937978506088257,1.2697010040283203
75,val,0,1.0,1.0,3,PVC_10_180,18,0.5,12500.0,15.359999656677246,2.5872838497161865,2.6424787044525146,2.327359199523926,0.3151194453239441,1.1331950426101685,1.1941640377044678,0.6345800757408142,3.3775191354834533e-07,0.5595836639404297,0.6609118580818176,3.6900772493286525e-22,0.6609118580818176,1.576619029045105,1.872037649154663,0.718926191329956,0.6554343104362488,51.08686828613281,0.6511132121086121,1.3883024454116821,0.7708545327186584,1.2242289781570435
76,train,0,1.0,1.0,4,Rguijiao_20_0,0,0.05000000074505806,1250.0,0.5408450961112976,0.0793856531381607,0.07073191553354263,0.06838935613632202,0.002342556370422244,0.009170904755592346,0.059218451380729675,0.003716454142704606,0.024566451087594032,0.03093554638326168,0.0008497143280692399,0.012034342624247074,0.012034342624247074,1.275951862335205,2.180232048034668,0.8530973792076111,0.9132076501846313,102.64153289794922,1.1773700714111328,1.237683892250061,1.4957770109176636,1.6068700551986694
77,train,0,1.0,1.0,4,Rguijiao_20_0,1,0.07500000298023224,1875.0,1.216901421546936,0.06598012149333954,0.06838978826999664,0.07058951258659363,-0.0021997219882905483,0.018949441611766815,0.05164007097482681,0.005426036659628153,0.02250523306429386,0.023708803579211235,0.002076980657875538,0.024730108678340912,0.024730108678340912,1.1717529296875,1.5772403478622437,0.8288393020629883,0.9264792203903198,105.29583740234375,1.3213306665420532,0.9892077445983887,0.7720759510993958,0.6741498708724976
78,train,0,1.0,1.0,4,Rguijiao_20_0,2,0.10000000149011612,2500.0,2.1633803844451904,0.13217772543430328,0.125406876206398,0.1288892924785614,-0.003482416272163391,0.03373393416404724,0.09515535831451416,0.014826266095042229,0.03893474489450455,0.04139434173703194,0.004223970230668783,0.03916126862168312,0.03916126862168312,1.173354148864746,1.8650143146514893,0.8483169674873352,0.9396970868110657,107.93941497802734,1.1950782537460327,1.4216409921646118,0.6864033341407776,0.6190719604492188
79,train,0,1.0,1.0,4,Rguijiao_20_0,3,0.125,3125.0,3.380281686782837,0.19640156626701355,0.20207257568836212,0.20923064649105072,-0.007158076390624046,0.05405700206756592,0.1551736444234848,0.025285566225647926,0.0636291652917862,0.06625891476869583,0.008221819996833801,0.053746797144412994,0.053746797144412994,1.2033557891845703,2.1169774532318115,0.8459997177124023,0.9483026266098022,109.66053009033203,1.0776633024215698,1.5159679651260376,0.7033077478408813,0.6195889711380005
80,val,0,1.0,1.0,4,Rguijiao_20_0,4,0.15000000596046448,3750.0,4.867605686187744,0.2594616115093231,0.27869725227355957,0.2909799814224243,-0.012282729148864746,0.07825706899166107,0.21272292733192444,0.03491051122546196,0.08714894205331802,0.09066348522901535,0.01782258413732052,0.06770908087491989,0.06770908087491989,1.2097710371017456,2.1610424518585205,0.8263954520225525,0.9432054162025452,108.6410903930664,0.9989336133003235,1.536068081855774,0.7237198948860168,0.6221981048583984
81,train,0,1.0,1.0,4,Rguijiao_20_0,5,0.17499999701976776,4375.0,6.625351905822754,0.35800719261169434,0.3593533933162689,0.3772083520889282,-0.017854971811175346,0.10644080489873886,0.27076753973960876,0.044498879462480545,0.11035821586847305,0.11591044068336487,0.0833248496055603,0.08086365461349487,0.08086365461349487,1.2089107036590576,2.133188247680664,0.8008424043655396,0.8541660308837891,90.83320617675781,0.9457037448883057,1.539307713508606,0.7434914708137512,0.6253756284713745
82,train,0,1.0,1.0,4,Rguijiao_20_0,6,0.20000000298023224,5000.0,8.653521537780762,0.47495365142822266,0.44577038288116455,0.4695863723754883,-0.023815976455807686,0.1388729065656662,0.3307134509086609,0.05447413772344589,0.13342615962028503,0.14281313121318817,0.23541828989982605,0.09331627935171127,0.09331627935171127,1.2075903415679932,2.087482452392578,0.7726485729217529,0.7266942262649536,65.3388442993164,0.9065439105033875,1.5379962921142578,0.7604418396949768,0.6288905739784241
83,train,0,1.0,1.0,4,Rguijiao_20_0,7,0.22499999403953552,5625.0,10.952113151550293,0.5159441232681274,0.5383440852165222,0.5682283639907837,-0.029884271323680878,0.17590421438217163,0.39232414960861206,0.06496090441942215,0.15574364364147186,0.17161957919597626,0.33878958225250244,0.10526465624570847,0.10526465624570847,1.2085742950439453,2.041822910308838,0.7419689893722534,0.6701484322547913,54.029693603515625,0.8745408058166504,1.535767912864685,0.7739985585212708,0.6328231692314148
84,train,0,1.0,1.0,4,Rguijiao_20_0,8,0.25,6250.0,13.521126747131348,0.5834466218948364,0.6383157968521118,0.673983633518219,-0.03566785529255867,0.21800664067268372,0.4559769928455353,0.07612384110689163,0.17705878615379333,0.2027943730354309,0.4210447072982788,0.11690676212310791,0.11690676212310791,1.2132542133331299,2.004088878631592,0.7092908620834351,0.6344692707061768,46.893856048583984,0.8469006419181824,1.5336558818817139,0.7844087481498718,0.6372430920600891
85,train,0,1.0,1.0,4,Rguijiao_20_0,9,0.2750000059604645,6875.0,16.360563278198242,0.8144222497940063,0.7486851215362549,0.7895143032073975,-0.04082915931940079,0.26584842801094055,0.5236659049987793,0.08831815421581268,0.19802434742450714,0.23732338845729828,0.4909791052341461,0.1284092366695404,0.1284092366695404,1.2227307558059692,1.9791808128356934,0.6762768030166626,0.6089425683021545,41.788509368896484,0.8230639696121216,1.5321532487869263,0.7922977209091187,0.6421475410461426
86,train,0,1.0,1.0,4,Rguijiao_20_0,10,0.30000001192092896,7500.0,19.470422744750977,0.9322099089622498,0.8744660019874573,0.9194924235343933,-0.04502641037106514,0.3204740881919861,0.5990183353424072,0.10210580378770828,0.22018477320671082,0.27672773599624634,0.552803099155426,0.13990218937397003,0.13990218937397003,1.2385472059249878,1.9703266620635986,0.6452803611755371,0.5894266963005066,37.88533401489258,0.8033883571624756,1.531725287437439,0.7983831167221069,0.6474782228469849
87,val,0,1.0,1.0,4,Rguijiao_20_0,11,0.32499998807907104,8125.0,22.850704193115234,0.985845148563385,1.0221269130706787,1.0699703693389893,-0.04784350469708443,0.3836122751235962,0.6863580942153931,0.11813664436340332,0.24541914463043213,0.32280233502388,0.6090114116668701,0.15148326754570007,0.15148326754570007,1.2632460594177246,1.979183554649353,0.6182941198348999,0.5738567113876343,34.77134704589844,0.7880879044532776,1.5324769020080566,0.8030908107757568,0.6531124711036682
88,train,0,1.0,1.0,4,Rguijiao_20_0,12,0.3499999940395355,8750.0,26.501407623291016,1.1948415040969849,1.1969023942947388,1.2462438344955444,-0.049341462552547455,0.45781973004341125,0.7884240746498108,0.13681617379188538,0.2747892737388611,0.37681862711906433,0.6612422466278076,0.1632239818572998,0.1632239818572998,1.2999317646026611,2.005171298980713,0.5959808230400085,0.5610531568527222,32.210636138916016,0.7762377262115479,1.5335285663604736,0.8060537576675415,0.6587624549865723
89,train,0,1.0,1.0,4,Rguijiao_20_0,13,0.375,9375.0,30.422534942626953,1.4401521682739258,1.3962665796279907,1.4480191469192505,-0.05175251141190529,0.5460288524627686,0.9019902944564819,0.15760602056980133,0.30666378140449524,0.43772050738334656,0.7106358408927917,0.1751757562160492,0.1751757562160492,1.3505640029907227,2.0431602001190186,0.5772307515144348,0.5502814054489136,30.056276321411133,0.7649223208427429,1.5325944423675537,0.8057671189308167,0.6638857126235962
90,val,0,1.0,1.0,4,Rguijiao_20_0,14,0.4000000059604645,10000.0,34.61408615112305,1.5939713716506958,1.6022932529449463,1.6634485721588135,-0.06115533784031868,0.6508924961090088,1.0125560760498047,0.17802992463111877,0.33500319719314575,0.49952295422554016,0.7580162286758423,0.1873747855424881,0.1873747855424881,1.4149835109710693,2.0797414779663086,0.5596804618835449,0.5410550832748413,28.211017608642578,0.7493475675582886,1.52586829662323,0.8001563549041748,0.6677616834640503
91,train,0,1.0,1.0,4,Rguijiao_20_0,15,0.42500001192092896,10625.0,39.07605743408203,1.847556233406067,1.7852989435195923,1.870693564414978,-0.08539459854364395,0.7743198871612549,1.0963736772537231,0.19361847639083862,0.3513982594013214,0.5513569116592407,0.803994357585907,0.19984598457813263,0.19984598457813263,1.4910928010940552,2.093249797821045,0.5413838624954224,0.5330373644828796,26.607471466064453,0.7255717515945435,1.5083575248718262,0.7886673212051392,0.6699345111846924
92,val,0,1.0,1.0,4,Rguijiao_20_0,16,0.44999998807907104,11250.0,43.80845260620117,1.9395111799240112,1.9265869855880737,2.053068161010742,-0.12648113071918488,0.9154836535453796,1.1375844478607178,0.20049740374088287,0.35238558053970337,0.584701418876648,0.8490321040153503,0.21260574460029602,0.21260574460029602,1.5724893808364868,2.066143274307251,0.5224373936653137,0.5259861946105957,25.19723892211914,0.6943689584732056,1.4749242067337036,0.7739036679267883,0.6708680987358093
93,val,0,1.0,1.0,4,Rguijiao_20_0,17,0.4749999940395355,11875.0,48.8112678527832,2.0250658988952637,2.035534620285034,2.2122883796691895,-0.17675377428531647,1.068809151649475,1.1434792280197144,0.19863136112689972,0.3433719873428345,0.6014758944511414,0.8934834003448486,0.2256641983985901,0.2256641983985901,1.6476882696151733,2.002446174621582,0.5046228170394897,0.519722580909729,23.944515228271484,0.6606470942497253,1.4222205877304077,0.7599047422409058,0.6717061996459961
94,train,0,1.0,1.0,4,Rguijiao_20_0,18,0.5,12500.0,54.08450698852539,2.1159510612487793,2.1353819370269775,2.362617015838623,-0.22723518311977386,1.2269887924194336,1.1356282234191895,0.19136716425418854,0.333006352186203,0.6112546920776367,0.9382701516151428,0.23902688920497894,0.23902688920497894,1.707114815711975,1.924802303314209,0.48956385254859924,0.5142316222190857,22.84632110595703,0.6289005875587463,1.3514375686645508,0.7492276430130005,0.6732755303382874
95,train,0,1.0,1.0,5,Rguijiao_20_180,0,0.05000000074505806,1250.0,0.5408450961112976,0.03256566822528839,0.060180097818374634,0.05229288339614868,0.007887216284871101,0.009165262803435326,0.04312761873006821,0.021534718573093414,2.4773536111410976e-08,0.021592875942587852,0.014045508578419685,4.771743885034999e-23,0.014045508578419685,1.2751668691635132,1.9602110385894775,0.9287142753601074,0.9817633032798767,116.3526611328125,0.8916378617286682,1.6428073644638062,1.5262110233306885,1.647243857383728
96,train,0,1.0,1.0,5,Rguijiao_20_180,1,0.07500000298023224,1875.0,1.216901421546936,0.1428789347410202,0.12431579828262329,0.1070137619972229,0.01730203814804554,0.019220108166337013,0.08779365569353104,0.04396689310669899,3.9500623216781605e-08,0.04382672160863876,0.034756336361169815,9.746242062107351e-23,0.034756336361169815,1.1884896755218506,1.9275686740875244,0.905807375907898,0.955812931060791,111.16258239746094,0.8256955146789551,1.6370131969451904,1.2177433967590332,1.6317942142486572
97,train,0,1.0,1.0,5,Rguijiao_20_180,2,0.10000000149011612,2500.0,2.1633803844451904,0.154811292886734,0.18357843160629272,0.1624363362789154,0.021142102777957916,0.03278495743870735,0.12965138256549835,0.06648653000593185,4.485097804263205e-08,0.06316480785608292,0.06915778666734695,1.5577213465954122e-22,0.06915778666734695,1.1403461694717407,1.8513566255569458,0.8593090772628784,0.9151419997215271,103.02839660644531,0.7450802326202393,1.606642484664917,0.9459525346755981,1.526373267173767
98,train,0,1.0,1.0,5,Rguijiao_20_180,3,0.125,3125.0,3.380281686782837,0.3438483476638794,0.26734623312950134,0.23958247900009155,0.027763761579990387,0.05291903391480446,0.1866634488105774,0.09869703650474548,5.909856426455917e-08,0.08796636015176773,0.11730728298425674,3.3007464984804745e-22,0.11730728298425674,1.1780236959457397,1.909522294998169,0.8285273313522339,0.8628255128860474,92.56509399414062,0.6995296478271484,1.5762748718261719,0.8543959856033325,1.404896855354309
99,train,0,1.0,1.0,5,Rguijiao_20_180,4,0.15000000596046448,3750.0,4.867605686187744,0.366254061460495,0.37783083319664,0.3378964960575104,0.03993432596325874,0.07917461544275284,0.25872188806533813,0.13944639265537262,7.851514283174765e-08,0.11927540600299835,0.17116811871528625,3.0512473384256006e-22,0.17116811871528625,1.2239553928375244,1.9597562551498413,0.803391695022583,0.8097938895225525,81.95877838134766,0.6783378720283508,1.554015874862671,0.8168371319770813,1.3292264938354492
100,val,0,1.0,1.0,5,Rguijiao_20_180,5,0.17499999701976776,4375.0,6.625351905822754,0.5469441413879395,0.5070911049842834,0.45110806822776794,0.05598301813006401,0.11102019995450974,0.3400878608226776,0.18519194424152374,1.0034385411472613e-07,0.1548958122730255,0.22271017730236053,4.1042529535057127e-22,0.22271017730236053,1.2609214782714844,1.9726557731628418,0.7804582118988037,0.7638893723487854,72.77787780761719,0.6666028499603271,1.532873511314392,0.7981537580490112,1.282105803489685
101,val,0,1.0,1.0,5,Rguijiao_20_180,6,0.20000000298023224,5000.0,8.653521537780762,0.6811033487319946,0.6515217423439026,0.5766454339027405,0.0748763233423233,0.14842472970485687,0.4282206892967224,0.2343621551990509,1.236639377566462e-07,0.19385842978954315,0.269457072019577,5.165577832583413e-22,0.269457072019577,1.290649652481079,1.9668277502059937,0.7587085962295532,0.7262254357337952,65.24508666992188,0.6580760478973389,1.508911371231079,0.7870559096336365,1.2481331825256348
102,train,0,1.0,1.0,5,Rguijiao_20_180,7,0.22499999403953552,5625.0,10.952113151550293,0.8595311641693115,0.8088625073432922,0.7127130627632141,0.09614946693181992,0.19159431755542755,0.5211187601089478,0.28580304980278015,1.4780870571939886e-07,0.23531554639339447,0.31184452772140503,6.088031133035027e-22,0.31184452772140503,1.316375494003296,1.9532610177993774,0.736914336681366,0.6954247355461121,59.08494186401367,0.6510123014450073,1.479895830154419,0.7789481282234192,1.2184702157974243
103,val,0,1.0,1.0,5,Rguijiao_20_180,8,0.25,6250.0,13.521126747131348,0.9238037467002869,0.9761028289794922,0.8568059206008911,0.11929689347743988,0.24068871140480042,0.6161172389984131,0.33791184425354004,1.720521680681486e-07,0.2782052457332611,0.35095101594924927,4.4343872033728714e-23,0.35095101594924927,1.3394849300384521,1.9365030527114868,0.7140183448791504,0.6699312329292297,53.986244201660156,0.6448157429695129,1.443272352218628,0.771892786026001,1.1882563829421997
104,train,0,1.0,1.0,5,Rguijiao_20_180,9,0.2750000059604645,6875.0,16.360563278198242,1.1566203832626343,1.148626685142517,1.0051841735839844,0.1434425413608551,0.29565033316612244,0.7095338702201843,0.38832083344459534,1.9561771580356435e-07,0.3212128281593323,0.3877774477005005,1.5124849068464185e-22,0.3877774477005005,1.3598002195358276,1.919236421585083,0.6892489194869995,0.6485117077827454,49.702335357666016,0.6390687823295593,1.395493984222412,0.7649458050727844,1.1543303728103638
105,train,0,1.0,1.0,5,Rguijiao_20_180,10,0.30000001192092896,7500.0,19.470422744750977,1.4060606956481934,1.3198511600494385,1.1527448892593384,0.1671062856912613,0.35598430037498474,0.7967605590820312,0.4338915944099426,2.1779727887860645e-07,0.3628687560558319,0.42311134934425354,2.1849816341358754e-22,0.42311134934425354,1.3757847547531128,1.9042775630950928,0.6622648239135742,0.6302563548088074,46.05126953125,0.6333218216896057,1.3324863910675049,0.757466733455658,1.1143742799758911
106,train,0,1.0,1.0,5,Rguijiao_20_180,11,0.32499998807907104,8125.0,22.850704193115234,1.4605861902236938,1.4818909168243408,1.2938342094421387,0.18805670738220215,0.4204288125038147,0.8734054565429688,0.4713927209377289,2.381600126000194e-07,0.40201252698898315,0.4575432538986206,2.0516508882903167e-22,0.4575432538986206,1.384483814239502,1.8952887058258057,0.6334666609764099,0.6144993305206299,42.899864196777344,0.6269434094429016,1.2519620656967163,0.7488841414451599,1.0676966905593872
107,train,0,1.0,1.0,5,Rguijiao_20_180,12,0.3499999940395355,8750.0,26.501407623291016,1.5938189029693604,1.6285912990570068,1.4251042604446411,0.20348697900772095,0.4867629110813141,0.9383413791656494,0.4995906949043274,2.5671809567029413e-07,0.43875038623809814,0.49150949716567993,1.0935382981323264e-22,0.49150949716567993,1.382112979888916,1.8963335752487183,0.6042598485946655,0.60074782371521,40.14957046508789,0.6189478635787964,1.1582125425338745,0.7386996746063232,1.017164945602417
108,train,0,1.0,1.0,5,Rguijiao_20_180,13,0.375,9375.0,30.422534942626953,1.7949695587158203,1.759496808052063,1.54897940158844,0.21051739156246185,0.5524505376815796,0.9965288639068604,0.5215502977371216,2.738286468684237e-07,0.4749782383441925,0.5253316760063171,1.495270447281558e-22,0.5253316760063171,1.3664476871490479,1.9099581241607666,0.5767399668693542,0.588631272315979,37.72625732421875,0.6080719232559204,1.0644705295562744,0.7267709970474243,0.9694181680679321
109,train,0,1.0,1.0,5,Rguijiao_20_180,14,0.4000000059604645,10000.0,34.61408615112305,1.8172143697738647,1.8781486749649048,1.6717236042022705,0.20642508566379547,0.616549015045166,1.0551745891571045,0.5424771308898926,2.9012755931034917e-07,0.512697160243988,0.5592469573020935,1.9560245382707015e-22,0.5592469573020935,1.340323805809021,1.9351485967636108,0.5526779294013977,0.5778660178184509,35.57320785522461,0.593694806098938,0.9836998581886292,0.7139359712600708,0.9296982288360596
110,train,0,1.0,1.0,5,Rguijiao_20_180,15,0.42500001192092896,10625.0,39.07605743408203,1.9982558488845825,1.9871560335159302,1.7980244159698486,0.18913163244724274,0.6813232898712158,1.1167011260986328,0.5648337602615356,3.0683159479849564e-07,0.5518670082092285,0.593430757522583,4.209740443493825e-22,0.593430757522583,1.3120110034942627,1.9676352739334106,0.5328696370124817,0.5682315826416016,33.64631271362305,0.576939046382904,0.9182206988334656,0.7020479440689087,0.8971412181854248
111,train,0,1.0,1.0,5,Rguijiao_20_180,16,0.44999998807907104,11250.0,43.80845260620117,2.1439406871795654,2.090315818786621,1.9317065477371216,0.15860936045646667,0.7512520551681519,1.1804544925689697,0.5889904499053955,3.252941382925201e-07,0.5914637446403503,0.6280124187469482,7.673410321620723e-23,0.6280124187469482,1.2903953790664673,2.0018575191497803,0.5172755718231201,0.5595534443855286,31.910694122314453,0.5599755644798279,0.8648877739906311,0.6925753951072693,0.8685195446014404
112,train,0,1.0,1.0,5,Rguijiao_20_180,17,0.4749999940395355,11875.0,48.8112678527832,2.1708872318267822,2.1945390701293945,2.077688217163086,0.11685089766979218,0.8303131461143494,1.2473750114440918,0.6159019470214844,3.462086510808149e-07,0.631472647190094,0.6630873680114746,1.0249265592317644e-21,0.6630873680114746,1.2800202369689941,2.032787799835205,0.5053045153617859,0.5516924262046814,30.33848762512207,0.5446004271507263,0.8219267129898071,0.6857527494430542,0.8427059054374695
113,train,0,1.0,1.0,5,Rguijiao_20_180,18,0.5,12500.0,54.08450698852539,2.288050651550293,2.3067307472229004,2.240236759185791,0.06649388372898102,0.9202345013618469,1.3200023174285889,0.6469740271568298,3.697162753724115e-07,0.6730279326438904,0.6987252831459045,1.5449125679011279e-21,0.6987252831459045,1.2803261280059814,2.057551860809326,0.49612846970558167,0.544535219669342,28.90704917907715,0.5317463278770447,0.7884429693222046,0.6811129450798035,0.820193886756897
114,train,0,1.0,1.0,6,Rguijiao_10_0,0,0.05000000074505806,1250.0,0.5408450961112976,0.032475970685482025,0.0364634171128273,0.0363629013299942,0.0001005172889563255,0.009108321741223335,0.027254581451416016,0.006703557912260294,0.008156473748385906,0.012394548393785954,0.007022754289209843,0.006017171312123537,0.006017171312123537,1.267244577407837,2.2408764362335205,0.7282599210739136,0.6977755427360535,59.55510711669922,0.9190276861190796,0.8680157661437988,1.4502346515655518,1.604918122291565
115,train,0,1.0,1.0,6,Rguijiao_10_0,1,0.07500000298023224,1875.0,1.216901421546936,0.01790078543126583,0.030179064720869064,0.035754937678575516,-0.005575872492045164,0.01563415490090847,0.020120782777667046,0.006757933180779219,0.005328403320163488,0.008034446276724339,0.017378168180584908,0.012365054339170456,0.012365054339170456,0.9667496085166931,1.4660612344741821,0.5938379168510437,0.6890503168106079,57.810062408447266,0.8914018869400024,0.612878680229187,0.813747763633728,0.728645920753479
116,train,0,1.0,1.0,6,Rguijiao_10_0,2,0.10000000149011612,2500.0,2.1633803844451904,0.07656078040599823,0.062362946569919586,0.07288026809692383,-0.010517321527004242,0.031229060143232346,0.041651204228401184,0.015572207048535347,0.010680516250431538,0.015398479998111725,0.03457889333367348,0.01958063431084156,0.01958063431084156,1.0862280130386353,1.6665825843811035,0.6646592617034912,0.6682419776916504,53.64839553833008,1.011461615562439,0.6158608794212341,0.6355147361755371,0.6089901328086853
117,train,0,1.0,1.0,6,Rguijiao_10_0,3,0.125,3125.0,3.380281686782837,0.23806096613407135,0.1525936722755432,0.16047829389572144,-0.00788462720811367,0.05729757994413376,0.10318070650100708,0.0499051958322525,0.020965853706002235,0.03230966255068779,0.05865364149212837,0.026873398572206497,0.026873398572206497,1.275493860244751,2.4400017261505127,0.6005128026008606,0.6360481977462769,47.20964050292969,0.8918347954750061,0.9784979820251465,0.6845487952232361,0.6334999203681946
118,train,0,1.0,1.0,6,Rguijiao_10_0,4,0.15000000596046448,3750.0,4.867605686187744,0.1772611141204834,0.1801263689994812,0.18817293643951416,-0.00804656371474266,0.07573636621236801,0.11243656277656555,0.0530986413359642,0.021697474643588066,0.037640441209077835,0.08558405935764313,0.033854540437459946,0.033854540437459946,1.1708036661148071,2.15610408782959,0.5423332452774048,0.6019469499588013,40.38938522338867,0.749532163143158,0.9735307693481445,0.7335154414176941,0.6901141405105591
119,val,0,1.0,1.0,6,Rguijiao_10_0,5,0.17499999701976776,4375.0,6.625351905822754,0.18364696204662323,0.2249770164489746,0.2350253462791443,-0.010048329830169678,0.10021943598985672,0.13480591773986816,0.061139337718486786,0.02581416256725788,0.04785241186618805,0.11135508865118027,0.040431827306747437,0.040431827306747437,1.1382509469985962,2.0592968463897705,0.5240607261657715,0.5731584429740906,34.63169479370117,0.7018916606903076,0.9207980632781982,0.7418568134307861,0.7206882834434509
120,train,0,1.0,1.0,6,Rguijiao_10_0,6,0.20000000298023224,5000.0,8.653521537780762,0.3012953996658325,0.2848677635192871,0.2962695360183716,-0.011401764117181301,0.1300521194934845,0.16621741652488708,0.07356183230876923,0.03174440562725067,0.06091117113828659,0.1347285360097885,0.04665813967585564,0.04665813967585564,1.1308878660202026,2.0227136611938477,0.516610860824585,0.5506797432899475,30.13594627380371,0.6818909645080566,0.8888979554176331,0.7425112724304199,0.7360313534736633
121,val,0,1.0,1.0,6,Rguijiao_10_0,7,0.22499999403953552,5625.0,10.952113151550293,0.3997516632080078,0.3554950952529907,0.3675802946090698,-0.012085193768143654,0.16444730758666992,0.2031329870223999,0.08836594223976135,0.03883420303463936,0.07593283802270889,0.15592226386070251,0.05263232812285423,0.05263232812285423,1.129858136177063,2.0052051544189453,0.5125058889389038,0.5332548022270203,26.650957107543945,0.6700605154037476,0.8660756945610046,0.7426539659500122,0.7442185878753662
122,train,0,1.0,1.0,6,Rguijiao_10_0,8,0.25,6250.0,13.521126747131348,0.3755049407482147,0.43376895785331726,0.44641774892807007,-0.012648796662688255,0.2028878778219223,0.24352987110614777,0.10434462130069733,0.04674786701798439,0.09243738651275635,0.17547550797462463,0.058453381061553955,0.058453381061553955,1.129115104675293,1.997818112373352,0.5091244578361511,0.5195333957672119,23.90667724609375,0.6594780087471008,0.8447779417037964,0.7433791160583496,0.7483764886856079
123,train,0,1.0,1.0,6,Rguijiao_10_0,9,0.2750000059604645,6875.0,16.360563278198242,0.5174230337142944,0.5163248181343079,0.5305992364883423,-0.01427440345287323,0.24507567286491394,0.28552353382110596,0.120404914021492,0.05516960844397545,0.1099490150809288,0.19388872385025024,0.0642046183347702,0.0642046183347702,1.1271895170211792,1.9992740154266357,0.5053375363349915,0.5085000395774841,21.700002670288086,0.6464745998382568,0.8212280869483948,0.7446255683898926,0.7499129772186279
124,train,0,1.0,1.0,6,Rguijiao_10_0,10,0.30000001192092896,7500.0,19.470422744750977,0.7263884544372559,0.5993507504463196,0.6182184815406799,-0.018867727369070053,0.2911219000816345,0.3270965814590454,0.13549593091011047,0.06372421234846115,0.1278764307498932,0.21155567467212677,0.06995109468698502,0.06995109468698502,1.1251087188720703,2.0092906951904297,0.5007243156433105,0.49944519996643066,19.889041900634766,0.6288551688194275,0.7943266034126282,0.7460684180259705,0.7496582269668579
125,train,0,1.0,1.0,6,Rguijiao_10_0,11,0.32499998807907104,8125.0,22.850704193115234,0.856721043586731,0.679429292678833,0.7081018686294556,-0.028672605752944946,0.3416636884212494,0.3664381504058838,0.14889401197433472,0.0720091164112091,0.14553503692150116,0.2287716269493103,0.07574163377285004,0.07574163377285004,1.1251081228256226,2.0258800983428955,0.4953089952468872,0.491877019405365,18.37540626525879,0.6060052514076233,0.7654716968536377,0.7474173307418823,0.7482030391693115
126,train,0,1.0,1.0,6,Rguijiao_10_0,12,0.3499999940395355,8750.0,26.501407623291016,0.7031731605529785,0.7547715902328491,0.8000924587249756,-0.04532084986567497,0.3974970877170563,0.4025953412055969,0.16053161025047302,0.07971508055925369,0.162348672747612,0.24575474858283997,0.0816119909286499,0.0816119909286499,1.1286519765853882,2.045106887817383,0.4893374443054199,0.4854499101638794,17.08997917175293,0.5790853500366211,0.7376914024353027,0.7485937476158142,0.7460411190986633
127,train,0,1.0,1.0,6,Rguijiao_10_0,13,0.375,9375.0,30.422534942626953,0.7567718625068665,0.825930655002594,0.8947950601577759,-0.06886439770460129,0.4587615728378296,0.4360334575176239,0.17105546593666077,0.0867767184972763,0.17820128798484802,0.26266583800315857,0.0875878781080246,0.0875878781080246,1.1347146034240723,2.0631587505340576,0.483090877532959,0.4799163043498993,15.983262062072754,0.5505715012550354,0.7138990163803101,0.7496770620346069,0.7437220811843872
128,train,0,1.0,1.0,6,Rguijiao_10_0,14,0.4000000059604645,10000.0,34.61408615112305,0.926590085029602,0.8952537775039673,0.9929217100143433,-0.09766794741153717,0.5244327783584595,0.4684889018535614,0.18149398267269135,0.09340961277484894,0.19358530640602112,0.27962347865104675,0.09368739277124405,0.09368739277124405,1.140071153640747,2.0781748294830322,0.47681868076324463,0.475095272064209,15.019055366516113,0.5231803059577942,0.6955326795578003,0.75074702501297,0.7418697476387024
129,train,0,1.0,1.0,6,Rguijiao_10_0,15,0.42500001192092896,10625.0,39.07605743408203,0.9616321325302124,0.9654042720794678,1.094765543937683,-0.12936130166053772,0.5927749276161194,0.5019906163215637,0.1927470564842224,0.09996414184570312,0.20927941799163818,0.2967153787612915,0.09992299228906631,0.09992299228906631,1.1414952278137207,2.0896694660186768,0.4707559049129486,0.4708518087863922,14.17035961151123,0.4988380968570709,0.6824666857719421,0.7518689632415771,0.7410033345222473
130,train,0,1.0,1.0,6,Rguijiao_10_0,16,0.44999998807907104,11250.0,43.80845260620117,1.140575885772705,1.0382928848266602,1.2002208232879639,-0.16192792356014252,0.6622821092605591,0.5379387140274048,0.20529095828533173,0.10674352943897247,0.22590424120426178,0.3140062093734741,0.10630287230014801,0.10630287230014801,1.1375752687454224,2.097311019897461,0.4651257395744324,0.46708327531814575,13.416654586791992,0.4783065617084503,0.6737276911735535,0.7531574368476868,0.7413766980171204
131,train,0,1.0,1.0,6,Rguijiao_10_0,17,0.4749999940395355,11875.0,48.8112678527832,1.0781452655792236,1.1149753332138062,1.309133768081665,-0.19415846467018127,0.7321933507919312,0.5769403576850891,0.21923136711120605,0.11393687129020691,0.24377210438251495,0.3315436840057373,0.11283209919929504,0.11283209919929504,1.1287575960159302,2.100790023803711,0.46009981632232666,0.46371036767959595,12.742074966430664,0.4614683985710144,0.6681894659996033,0.7547604441642761,0.7429865002632141
132,train,0,1.0,1.0,6,Rguijiao_10_0,18,0.5,12500.0,54.08450698852539,1.1654129028320312,1.1959723234176636,1.421541452407837,-0.22556908428668976,0.8024175763130188,0.6191239356994629,0.23449739813804626,0.12164363265037537,0.26298293471336365,0.34936264157295227,0.11951344460248947,0.11951344460248947,1.116407036781311,2.1001691818237305,0.45576348900794983,0.4606708288192749,12.13416576385498,0.4478045105934143,0.6649117469787598,0.756790816783905,0.7456817626953125
133,train,0,1.0,1.0,7,Rguijiao_10_180,0,0.05000000074505806,1250.0,0.5408450961112976,0.07105152308940887,0.06321809440851212,0.0551859550178051,0.008032137528061867,0.010376115329563618,0.044809840619564056,0.022021112963557243,2.104345675491004e-08,0.02278870902955532,0.007022754289209843,2.3858719425174996e-23,0.007022754289209843,1.4436331987380981,3.374606132507324,0.8438272476196289,0.9817633032798767,116.3526611328125,1.0967108011245728,1.586692452430725,1.3476537466049194,1.6420000791549683
134,train,0,1.0,1.0,7,Rguijiao_10_180,1,0.07500000298023224,1875.0,1.216901421546936,0.12306200712919235,0.15138760209083557,0.13304775953292847,0.018339846283197403,0.022003337740898132,0.11104442924261093,0.055643804371356964,3.202088549869586e-08,0.05540059134364128,0.017378168180584908,4.8731210310536756e-23,0.017378168180584908,1.3605928421020508,3.256105422973633,0.8705257177352905,0.955812931060791,111.16258239746094,1.2847633361816406,1.576454520225525,0.781587541103363,1.5695637464523315
135,train,0,1.0,1.0,7,Rguijiao_10_180,2,0.10000000149011612,2500.0,2.1633803844451904,0.1277802288532257,0.13022905588150024,0.12066346406936646,0.009565587155520916,0.03213592618703842,0.08852753788232803,0.05299651622772217,2.7776604127893734e-08,0.035530995577573776,0.03457889333367348,7.788606732977061e-23,0.03457889333367348,1.1177712678909302,2.0385353565216064,0.8395413160324097,0.9151419997215271,103.02839660644531,1.1205766201019287,1.546664834022522,0.7241812944412231,1.0369462966918945
136,train,0,1.0,1.0,7,Rguijiao_10_180,3,0.125,3125.0,3.380281686782837,0.20696482062339783,0.1990339159965515,0.17989453673362732,0.019139381125569344,0.053119003772735596,0.12677553296089172,0.0759647786617279,3.8711473138164365e-08,0.05081072077155113,0.05865364149212837,1.6503732492402373e-22,0.05865364149212837,1.182475209236145,2.1314034461975098,0.8235565423965454,0.8628255128860474,92.56509399414062,0.9606183767318726,1.5830128192901611,0.7346487045288086,1.0588330030441284
137,train,0,1.0,1.0,7,Rguijiao_10_180,4,0.15000000596046448,3750.0,4.867605686187744,0.25759854912757874,0.28093841671943665,0.2509443759918213,0.02999402955174446,0.07987576723098755,0.17106860876083374,0.10247541964054108,5.080142528868237e-08,0.06859314441680908,0.08558405935764313,1.5256236692128003e-22,0.08558405935764313,1.2347943782806396,2.1475181579589844,0.8036767244338989,0.8097938895225525,81.95877838134766,0.8928455710411072,1.5835535526275635,0.7326031923294067,1.0599702596664429
138,train,0,1.0,1.0,7,Rguijiao_10_180,5,0.17499999701976776,4375.0,6.625351905822754,0.36598169803619385,0.3721459209918976,0.32947325706481934,0.04267267510294914,0.1125275045633316,0.21694576740264893,0.12989744544029236,6.290459708679919e-08,0.0870482549071312,0.11135508865118027,2.0521264767528563e-22,0.11135508865118027,1.278040885925293,2.127115249633789,0.7774598598480225,0.7638893723487854,72.77787780761719,0.8490635752677917,1.5656764507293701,0.7314204573631287,1.0492076873779297
139,train,0,1.0,1.0,7,Rguijiao_10_180,6,0.20000000298023224,5000.0,8.653521537780762,0.4905824661254883,0.4688219428062439,0.4120374321937561,0.0567844994366169,0.15176908671855927,0.26026836037635803,0.1555662900209427,7.355778564033244e-08,0.10470198839902878,0.1347285360097885,2.5827889162917066e-22,0.1347285360097885,1.3197308778762817,2.092352867126465,0.7430884838104248,0.7262254357337952,65.24508666992188,0.8106027841567993,1.5286962985992432,0.7295500636100769,1.0288702249526978
140,val,0,1.0,1.0,7,Rguijiao_10_180,7,0.22499999403953552,5625.0,10.952113151550293,0.5705785155296326,0.5647187232971191,0.4937487840652466,0.07096993178129196,0.1974843144416809,0.2962644696235657,0.17602713406085968,8.170256649009389e-08,0.12023724615573883,0.15592226386070251,3.0440155665175137e-22,0.15592226386070251,1.3568434715270996,2.0510823726654053,0.700853168964386,0.6954247355461121,59.08494186401367,0.7726880311965942,1.4626355171203613,0.7264845967292786,0.9990689158439636
141,train,0,1.0,1.0,7,Rguijiao_10_180,8,0.25,6250.0,13.521126747131348,0.6228553056716919,0.6524008512496948,0.5693437457084656,0.08305710554122925,0.24788236618041992,0.32146137952804565,0.18799437582492828,8.726924960456017e-08,0.1334669142961502,0.17547550797462463,2.2171936016864357e-23,0.17547550797462463,1.3795191049575806,2.0119330883026123,0.6545840501785278,0.6699312329292297,53.986244201660156,0.7339527606964111,1.3579756021499634,0.7222776412963867,0.9640968441963196
142,train,0,1.0,1.0,7,Rguijiao_10_180,9,0.2750000059604645,6875.0,16.360563278198242,0.7124390006065369,0.7273144721984863,0.6365092396736145,0.09080522507429123,0.29952216148376465,0.33698707818984985,0.19140858948230743,9.11797854996621e-08,0.14557838439941406,0.19388872385025024,7.562424534232092e-23,0.19388872385025024,1.377608299255371,1.985508680343628,0.6105610728263855,0.6485117077827454,49.702335357666016,0.6940569877624512,1.2244410514831543,0.7164851427078247,0.931265115737915
143,train,0,1.0,1.0,7,Rguijiao_10_180,10,0.30000001192092896,7500.0,19.470422744750977,0.8545188307762146,0.7909022569656372,0.6981505155563354,0.09275174885988235,0.349295973777771,0.34885457158088684,0.1907893419265747,9.473229312106923e-08,0.15806514024734497,0.21155567467212677,1.0924908170679377e-22,0.21155567467212677,1.3499360084533691,1.9766501188278198,0.5736984014511108,0.6302563548088074,46.05126953125,0.6543344259262085,1.0926743745803833,0.7092711329460144,0.9052586555480957
144,train,0,1.0,1.0,7,Rguijiao_10_180,11,0.32499998807907104,8125.0,22.850704193115234,0.8390063047409058,0.848403811454773,0.7597081661224365,0.08869563043117523,0.3976134955883026,0.3620947003364563,0.19060906767845154,9.916301024759377e-08,0.1714855432510376,0.2287716269493103,1.0258254441451584e-22,0.2287716269493103,1.3093523979187012,1.9803297519683838,0.5453850626945496,0.6144993305206299,42.899864196777344,0.6185583472251892,0.9821265339851379,0.7026379704475403,0.8835911154747009
145,val,0,1.0,1.0,7,Rguijiao_10_180,12,0.3499999940395355,8750.0,26.501407623291016,0.9622376561164856,0.9079880714416504,0.8277414441108704,0.08024662733078003,0.44839781522750854,0.3793436288833618,0.19329094886779785,1.0538127526160679e-07,0.1860525906085968,0.24575474858283997,5.467691490661632e-23,0.24575474858283997,1.273179292678833,1.9894201755523682,0.524886965751648,0.60074782371521,40.14957046508789,0.5899826288223267,0.8962280750274658,0.6981775760650635,0.8626660108566284
146,train,0,1.0,1.0,7,Rguijiao_10_180,13,0.375,9375.0,30.422534942626953,0.9720920324325562,0.9776412844657898,0.90806645154953,0.06957485526800156,0.5055534839630127,0.40251296758651733,0.20023620128631592,1.136564264925255e-07,0.20227664709091187,0.26266583800315857,7.47635223640779e-23,0.26266583800315857,1.2504510879516602,2.0010712146759033,0.5106136798858643,0.588631272315979,37.72625732421875,0.568647563457489,0.8342248201370239,0.6955099105834961,0.8427256345748901
147,val,0,1.0,1.0,7,Rguijiao_10_180,14,0.4000000059604645,10000.0,34.61408615112305,1.132528305053711,1.0603899955749512,1.0031468868255615,0.05724313482642174,0.5710591673851013,0.43208765983581543,0.21156811714172363,1.2375458879887447e-07,0.22051940858364105,0.27962347865104675,9.780122691353507e-23,0.27962347865104675,1.241432785987854,2.0144736766815186,0.5006674528121948,0.5778660178184509,35.57320785522461,0.5528583526611328,0.7915228605270386,0.6935639381408691,0.8250116109848022
148,train,0,1.0,1.0,7,Rguijiao_10_180,15,0.42500001192092896,10625.0,39.07605743408203,1.1095962524414062,1.1548935174942017,1.11283540725708,0.04205816611647606,0.6453946232795715,0.46744072437286377,0.22661635279655457,1.3529438547266182e-07,0.24082425236701965,0.2967153787612915,2.1048702217469125e-22,0.2967153787612915,1.2428240776062012,2.0288257598876953,0.4933774769306183,0.5682315826416016,33.64631271362305,0.5409672260284424,0.762090265750885,0.6916348934173584,0.8098701238632202
149,train,0,1.0,1.0,7,Rguijiao_10_180,16,0.44999998807907104,11250.0,43.80845260620117,1.2849382162094116,1.2584023475646973,1.2359864711761475,0.022415917366743088,0.7281190752983093,0.5078673362731934,0.24471387267112732,1.4798565928231255e-07,0.2631533443927765,0.3140062093734741,3.8367051608103614e-23,0.3140062093734741,1.25066077709198,2.043708324432373,0.4875807762145996,0.5595534443855286,31.910694122314453,0.531798779964447,0.7412694692611694,0.6895278692245483,0.7971249222755432
150,train,0,1.0,1.0,7,Rguijiao_10_180,17,0.4749999940395355,11875.0,48.8112678527832,1.3797824382781982,1.3684841394424438,1.3710963726043701,-0.002612211275845766,0.8181222677230835,0.5529741048812866,0.2654489278793335,1.6168105787528475e-07,0.2875250279903412,0.3315436840057373,5.124632796158822e-22,0.3315436840057373,1.2612266540527344,2.0591108798980713,0.4825981557369232,0.5516924262046814,30.33848762512207,0.5245603919029236,0.7261515855789185,0.6873549222946167,0.7865419387817383
151,train,0,1.0,1.0,7,Rguijiao_10_180,18,0.5,12500.0,54.08450698852539,1.528909683227539,1.4834319353103638,1.516474962234497,-0.03304304927587509,0.9139235615730286,0.6025514006614685,0.28857719898223877,1.763172861046769e-07,0.3139740228652954,0.34936264157295227,7.7245628395056395e-22,0.34936264157295227,1.2715457677841187,2.07491135597229,0.47808772325515747,0.544535219669342,28.90704917907715,0.5187144875526428,0.7149946093559265,0.6853136420249939,0.7779191732406616
152,train,0,1.0,1.0,8,guijiao_20_0,0,0.05000000074505806,1250.0,4.0,0.03274283930659294,0.03312503173947334,0.034542351961135864,-0.001417321152985096,0.009116065688431263,0.025426287204027176,0.009329462423920631,0.006669702939689159,0.009427123703062534,0.01904510147869587,0.008109244517982006,0.008109244517982006,1.2683219909667969,1.4777300357818604,0.6567129492759705,0.6207086443901062,44.14173126220703,1.2077326774597168,0.6969946026802063,0.7587587833404541,0.7042907476425171
153,train,0,1.0,1.0,8,guijiao_20_0,1,0.07500000298023224,1875.0,9.0,0.1314956545829773,0.11630990356206894,0.10784555971622467,0.008464342914521694,0.020238449797034264,0.08760710805654526,0.03312355652451515,0.021612145006656647,0.03287140652537346,0.03737829253077507,0.012877439148724079,0.012877439148724079,1.2514595985412598,2.617887020111084,0.6253069639205933,0.5476172566413879,29.523452758789062,1.2165553569793701,0.6163259744644165,0.6430993676185608,0.6116341948509216
154,val,0,1.0,1.0,8,guijiao_20_0,2,0.10000000149011612,2500.0,16.0,0.1263606995344162,0.1897030621767044,0.17532022297382355,0.01438283920288086,0.03129302337765694,0.1440272033214569,0.05548151582479477,0.033143628388643265,0.055402059108018875,0.05183761939406395,0.01717318408191204,0.01717318408191204,1.0884528160095215,3.3023180961608887,0.5742343664169312,0.5097271203994751,21.9454288482666,0.9178372025489807,0.6101582050323486,0.634753406047821,0.6092843413352966
155,train,0,1.0,1.0,8,guijiao_20_0,3,0.125,3125.0,25.0,0.10596927255392075,0.10294748842716217,0.10698162019252777,-0.004034129437059164,0.04803018271923065,0.05895143747329712,0.024028444662690163,0.013274697586894035,0.02164829522371292,0.06461422890424728,0.02142789214849472,0.02142789214849472,1.0691936016082764,2.236801862716675,0.4729038178920746,0.48791635036468506,17.583267211914062,0.32760387659072876,0.6995324492454529,0.8172106742858887,0.6302399039268494
156,train,0,1.0,1.0,8,guijiao_20_0,4,0.15000000596046448,3750.0,36.0,0.2565729320049286,0.23092183470726013,0.21341565251350403,0.017506174743175507,0.08143415302038193,0.1319815069437027,0.06019508093595505,0.027968091890215874,0.04381833225488663,0.07707758992910385,0.02586590126156807,0.02586590126156807,1.258885383605957,1.8922979831695557,0.5147587656974792,0.47369226813316345,14.738452911376953,0.49387189745903015,0.954230546951294,0.8612939715385437,0.6946213841438293
157,train,0,1.0,1.0,8,guijiao_20_0,5,0.17499999701976776,4375.0,49.0,0.34047091007232666,0.32281479239463806,0.2928245961666107,0.029990186914801598,0.11225758492946625,0.18056701123714447,0.08065105229616165,0.03849249333143234,0.061423465609550476,0.08983232080936432,0.030577916651964188,0.030577916651964188,1.274975299835205,1.8773146867752075,0.5138782858848572,0.4635932743549347,12.71865463256836,0.4999820590019226,0.9352360963821411,0.8686143755912781,0.7122713923454285
158,train,0,1.0,1.0,8,guijiao_20_0,6,0.20000000298023224,5000.0,64.0,0.37226971983909607,0.39141902327537537,0.3538612723350525,0.03755774721503258,0.14468534290790558,0.2091759294271469,0.08904238790273666,0.046093374490737915,0.07404015958309174,0.1031419187784195,0.0355924554169178,0.0355924554169178,1.2581332921981812,1.9031312465667725,0.500786542892456,0.45599478483200073,11.198957443237305,0.4530932605266571,0.8605164885520935,0.8895047307014465,0.7155330181121826
159,train,0,1.0,1.0,8,guijiao_20_0,7,0.22499999403953552,5625.0,81.0,0.4480170011520386,0.4475025534629822,0.40535813570022583,0.04214443266391754,0.18069951236248016,0.22465860843658447,0.09076430648565292,0.0515514612197876,0.08234282582998276,0.11711513996124268,0.04091043025255203,0.04091043025255203,1.2415211200714111,1.9393017292022705,0.48663127422332764,0.45003658533096313,10.007320404052734,0.3908642828464508,0.7884198427200317,0.9202024936676025,0.7152669429779053
160,val,0,1.0,1.0,8,guijiao_20_0,8,0.25,6250.0,100.0,0.5355852842330933,0.5012459754943848,0.45689767599105835,0.04434831812977791,0.2218555361032486,0.23504215478897095,0.09093108028173447,0.05585930123925209,0.08825176954269409,0.1317870318889618,0.046520885080099106,0.046520885080099106,1.2346742153167725,1.975106954574585,0.4753234386444092,0.4452192783355713,9.043856620788574,0.33340808749198914,0.7364519238471985,0.9517837762832642,0.7147520780563354
161,train,0,1.0,1.0,8,guijiao_20_0,9,0.2750000059604645,6875.0,121.0,0.537065327167511,0.5592795014381409,0.5154785513877869,0.04380093142390251,0.2688522934913635,0.24662627279758453,0.09262965619564056,0.05996684357523918,0.09402976930141449,0.14715644717216492,0.052408237010240555,0.052408237010240555,1.2365466356277466,2.0029969215393066,0.46717289090156555,0.4412316679954529,8.246335983276367,0.28949353098869324,0.70411616563797,0.9757258296012878,0.7147589921951294
162,train,0,1.0,1.0,8,guijiao_20_0,10,0.30000001192092896,7500.0,144.0,0.6555957198143005,0.6227062344551086,0.5834945440292358,0.03921167552471161,0.3212284445762634,0.26226606965065,0.09677373617887497,0.0644359141588211,0.10105642676353455,0.16320447623729706,0.05855567753314972,0.05855567753314972,1.2414625883102417,2.0184412002563477,0.4611798822879791,0.43786895275115967,7.573787689208984,0.2591809034347534,0.6851326823234558,0.9891787171363831,0.7154529094696045
163,train,0,1.0,1.0,8,guijiao_20_0,11,0.32499998807907104,8125.0,169.0,0.7337173223495483,0.6897633671760559,0.6606395244598389,0.02912386693060398,0.37772801518440247,0.282911479473114,0.10337704420089722,0.06957671046257019,0.1099577322602272,0.17990387976169586,0.064946748316288,0.064946748316288,1.2438689470291138,2.0220282077789307,0.45646342635154724,0.43499016761779785,6.998030662536621,0.2393394410610199,0.6741160750389099,0.9939590692520142,0.7170283198356628
164,train,0,1.0,1.0,8,guijiao_20_0,12,0.3499999940395355,8750.0,196.0,0.7751927375793457,0.7586813569068909,0.7458794713020325,0.012801872566342354,0.436992883682251,0.3088865876197815,0.11228705197572708,0.07558577507734299,0.12101375311613083,0.19722402095794678,0.07156606018543243,0.07156606018543243,1.2407960891723633,2.0174598693847656,0.4525620937347412,0.4324948787689209,6.498973846435547,0.22680553793907166,0.6677498817443848,0.9932213425636292,0.7196458578109741
165,val,0,1.0,1.0,8,guijiao_20_0,13,0.375,9375.0,225.0,0.7986027598381042,0.8290011882781982,0.8383644223213196,-0.009363236837089062,0.4980883002281189,0.3402761220932007,0.12335614114999771,0.0825800970196724,0.13433986902236938,0.2151336669921875,0.07839954644441605,0.07839954644441605,1.231986403465271,2.0084569454193115,0.44928479194641113,0.43030932545661926,6.06186580657959,0.21920053660869598,0.6641601920127869,0.9896137714385986,0.7232974767684937
166,val,0,1.0,1.0,8,guijiao_20_0,14,0.4000000059604645,10000.0,256.0,0.884392499923706,0.9015479683876038,0.937654435634613,-0.03610648587346077,0.5606261491775513,0.37702828645706177,0.1364559829235077,0.09061327576637268,0.1499590128660202,0.23360233008861542,0.08543454110622406,0.08543454110622406,1.218752384185791,1.9974976778030396,0.4465460777282715,0.42837801575660706,5.675602912902832,0.21489179134368896,0.6622853875160217,0.9848682880401611,0.727821946144104
167,train,0,1.0,1.0,8,guijiao_20_0,15,0.42500001192092896,10625.0,289.0,1.0040017366409302,0.9777460098266602,1.0436441898345947,-0.06589820981025696,0.6246188879013062,0.4190252423286438,0.15147879719734192,0.09969788044691086,0.16784855723381042,0.2526010274887085,0.09265967458486557,0.09265967458486557,1.2028164863586426,1.9859496355056763,0.4442834258079529,0.4266582429409027,5.331648349761963,0.21279004216194153,0.6615051627159119,0.9799574017524719,0.7329915165901184
168,val,0,1.0,1.0,8,guijiao_20_0,16,0.44999998807907104,11250.0,324.0,1.018639326095581,1.0589609146118164,1.1564161777496338,-0.09745524078607559,0.6902815103530884,0.46613460779190063,0.16833874583244324,0.10982527583837509,0.18797056376934052,0.2721027135848999,0.10006482899188995,0.10006482899188995,1.185668706893921,1.9745104312896729,0.4424331784248352,0.4251165986061096,5.02332067489624,0.21217098832130432,0.6614429950714111,0.9753555059432983,0.7385810017585754
169,train,0,1.0,1.0,8,guijiao_20_0,17,0.4749999940395355,11875.0,361.0,1.1686152219772339,1.1461833715438843,1.2761262655258179,-0.1299428790807724,0.7578909397125244,0.5182353258132935,0.18697023391723633,0.1209782138466835,0.21028687059879303,0.2920822501182556,0.10764095932245255,0.10764095932245255,1.1683733463287354,1.9635227918624878,0.4409305155277252,0.42372652888298035,4.74530553817749,0.21254990994930267,0.6618615984916687,0.9712515473365784,0.7444007396697998
170,val,0,1.0,1.0,8,guijiao_20_0,18,0.5,12500.0,400.0,1.143523097038269,1.2399989366531372,1.4029381275177002,-0.1629391461610794,0.8277125954627991,0.5752255916595459,0.20732414722442627,0.1331372857093811,0.2347641885280609,0.31251654028892517,0.11538002640008926,0.11538002640008926,1.1516001224517822,1.9531469345092773,0.4397146999835968,0.42246657609939575,4.493317604064941,0.2135985642671585,0.6626060605049133,0.9676854014396667,0.750304102897644
171,train,0,1.0,1.0,9,guijiao_20_180,0,0.05000000074505806,1250.0,4.0,0.08496236801147461,0.06927032768726349,0.0629987046122551,0.006271619815379381,0.008203170262277126,0.054795533418655396,0.02730013243854046,1.4760289879234278e-08,0.027495386078953743,0.01904510147869587,3.115521200628112e-22,0.01904510147869587,1.141310453414917,1.84837007522583,0.7819375991821289,0.838975191116333,87.79503631591797,1.2169957160949707,1.6181750297546387,0.8391600847244263,1.6297483444213867
172,train,0,1.0,1.0,9,guijiao_20_180,1,0.07500000298023224,1875.0,9.0,0.20686888694763184,0.19877387583255768,0.17195770144462585,0.026816174387931824,0.018666423857212067,0.15329128503799438,0.08115250617265701,3.29938423249132e-08,0.07213874161243439,0.03737829253077507,3.9326089374331247e-22,0.03737829253077507,1.1542521715164185,2.3935046195983887,0.767509937286377,0.7209258079528809,64.1851577758789,1.2653244733810425,1.5878959894180298,0.6308559775352478,1.4115252494812012
173,train,0,1.0,1.0,9,guijiao_20_180,2,0.10000000149011612,2500.0,16.0,0.23048630356788635,0.23750142753124237,0.21088944375514984,0.026611989364027977,0.034270305186510086,0.17661914229393005,0.11240588873624802,4.6536424491705475e-08,0.06421320140361786,0.05183761939406395,7.925297521407882e-22,0.05183761939406395,1.192010521888733,2.134079694747925,0.7489731907844543,0.6509374380111694,50.1874885559082,1.1293377876281738,1.554652452468872,0.644513726234436,0.8881135582923889
174,train,0,1.0,1.0,9,guijiao_20_180,3,0.125,3125.0,25.0,0.37194958329200745,0.32494157552719116,0.28527143597602844,0.03967013582587242,0.05830944702029228,0.22696200013160706,0.14921806752681732,6.142271757880735e-08,0.07774387300014496,0.06461422890424728,6.314029432525771e-23,0.06461422890424728,1.2980189323425293,2.2542848587036133,0.6878714561462402,0.6060657501220703,41.2131462097168,0.9415868520736694,1.4997227191925049,0.6730890870094299,0.7813681364059448
175,val,0,1.0,1.0,9,guijiao_20_180,4,0.15000000596046448,3750.0,36.0,0.4915699362754822,0.3892504870891571,0.3384034037590027,0.050847090780735016,0.0891335979104042,0.24926981329917908,0.16015075147151947,6.825243303865136e-08,0.08911898732185364,0.07707758992910385,1.1234837105300057e-22,0.07707758992910385,1.3779106140136719,2.196054458618164,0.6274756789207458,0.5746968984603882,34.93937683105469,0.7863507270812988,1.3739339113235474,0.699873149394989,0.7645520567893982
176,train,0,1.0,1.0,9,guijiao_20_180,5,0.17499999701976776,4375.0,49.0,0.4082214832305908,0.46077263355255127,0.39939141273498535,0.061381228268146515,0.12276654690504074,0.276624858379364,0.17242465913295746,7.730933759830805e-08,0.10420010983943939,0.08983232080936432,1.3686390868963706e-22,0.08983232080936432,1.394331693649292,2.1126694679260254,0.5921123027801514,0.551417887210846,30.2835750579834,0.703395426273346,1.2629058361053467,0.7172337770462036,0.763202428817749
177,train,0,1.0,1.0,9,guijiao_20_180,6,0.20000000298023224,5000.0,64.0,0.6384890079498291,0.5377131104469299,0.465471476316452,0.0722416415810585,0.15949425101280212,0.3059772253036499,0.1849561333656311,8.73513954502414e-08,0.12102098762989044,0.1031419187784195,1.1510744046800364e-22,0.1031419187784195,1.3869062662124634,2.067594051361084,0.566665530204773,0.533397376537323,26.679471969604492,0.6405495405197144,1.1637762784957886,0.7274531722068787,0.7614850997924805
178,val,0,1.0,1.0,9,guijiao_20_180,7,0.22499999403953552,5625.0,81.0,0.6797599196434021,0.6057925224304199,0.523978590965271,0.08181395381689072,0.1989372968673706,0.3250412940979004,0.18959780037403107,9.544961443452848e-08,0.13544338941574097,0.11711513996124268,1.050909643209376e-21,0.11711513996124268,1.3668264150619507,2.047585964202881,0.5446826815605164,0.5190048217773438,23.800962448120117,0.5742754936218262,1.0616579055786133,0.7359412908554077,0.7584187984466553
179,train,0,1.0,1.0,9,guijiao_20_180,8,0.25,6250.0,100.0,0.6456429958343506,0.657961905002594,0.5688040256500244,0.08915787190198898,0.24094156920909882,0.3278624415397644,0.1832864135503769,1.0021466323451023e-07,0.14457592368125916,0.1317870318889618,2.441323209599568e-21,0.1317870318889618,1.3408920764923096,2.037810802459717,0.5249691605567932,0.507230281829834,21.44605827331543,0.5020611882209778,0.9554511308670044,0.7463403940200806,0.7536577582359314
180,train,0,1.0,1.0,9,guijiao_20_180,9,0.2750000059604645,6875.0,121.0,0.7804605960845947,0.7032903432846069,0.60785973072052,0.0954306349158287,0.2867624759674072,0.3210972547531128,0.17189402878284454,1.027388307761612e-07,0.1492031067609787,0.14715644717216492,7.467274025110506e-22,0.14715644717216492,1.3189219236373901,2.0276834964752197,0.508606493473053,0.49741220474243164,19.482440948486328,0.4337569773197174,0.8614449501037598,0.759242832660675,0.7477295994758606
181,train,0,1.0,1.0,9,guijiao_20_180,10,0.30000001192092896,7500.0,144.0,0.7066598534584045,0.7576299905776978,0.6550306081771851,0.10259935259819031,0.3382548987865448,0.31677567958831787,0.16370129585266113,1.0539424266653441e-07,0.15307429432868958,0.16320447623729706,1.0497243475137566e-20,0.16320447623729706,1.307265281677246,2.0170609951019287,0.4962588846683502,0.48909759521484375,17.819517135620117,0.3787950277328491,0.7935331463813782,0.7721164226531982,0.7420192360877991
182,train,0,1.0,1.0,9,guijiao_20_180,11,0.32499998807907104,8125.0,169.0,0.8475066423416138,0.8288935422897339,0.7174386978149414,0.11145483702421188,0.39644870162010193,0.32099002599716187,0.16185736656188965,1.0968521024778966e-07,0.15913255512714386,0.17990387976169586,1.9914623663219895e-20,0.17990387976169586,1.3055166006088257,2.0106141567230225,0.4872845411300659,0.48196521401405334,16.393043518066406,0.33878129720687866,0.7498878836631775,0.7821509838104248,0.7372637391090393
183,train,0,1.0,1.0,9,guijiao_20_180,12,0.3499999940395355,8750.0,196.0,0.8986618518829346,0.9171764850616455,0.7955399751663208,0.1216365396976471,0.4615427255630493,0.3339972496032715,0.16572755575180054,1.1589676773837709e-07,0.1682695895433426,0.19722402095794678,3.602878215793624e-20,0.19722402095794678,1.3105028867721558,2.0096442699432373,0.4805644452571869,0.4757799208164215,15.155984878540039,0.3106442987918854,0.7223618626594543,0.7883899807929993,0.7334418892860413
184,val,0,1.0,1.0,9,guijiao_20_180,13,0.375,9375.0,225.0,0.9627761244773865,1.0199815034866333,0.887653648853302,0.1323278695344925,0.5333569645881653,0.3542966842651367,0.17395009100437164,1.238007030224253e-07,0.18034645915031433,0.2151336669921875,6.256844559669679e-20,0.2151336669921875,1.319221019744873,2.0121653079986572,0.4751950800418854,0.4703657627105713,14.073150634765625,0.290878027677536,0.7044761776924133,0.7913235425949097,0.7303805947303772
185,train,0,1.0,1.0,9,guijiao_20_180,14,0.4000000059604645,10000.0,256.0,1.150991439819336,1.1346243619918823,0.992041826248169,0.14258256554603577,0.611486554145813,0.38055524230003357,0.18551084399223328,1.3313035651663085e-07,0.19504426419734955,0.23360233008861542,1.048540348326812e-19,0.23360233008861542,1.3293184041976929,2.015679121017456,0.47062379121780396,0.4655887186527252,13.117743492126465,0.27691274881362915,0.6924105286598206,0.7918789982795715,0.7279935479164124
186,val,0,1.0,1.0,9,guijiao_20_180,15,0.42500001192092896,10625.0,289.0,1.2544622421264648,1.2586899995803833,1.1072801351547241,0.15140984952449799,0.6953220963478088,0.4119580090045929,0.1998119205236435,1.43718708045526e-07,0.21214593946933746,0.2526010274887085,1.7030078461772696e-19,0.2526010274887085,1.338968276977539,2.018594980239868,0.4665614366531372,0.4613442122936249,12.268844604492188,0.26704859733581543,0.6840420961380005,0.7909101247787476,0.7262666821479797
187,train,0,1.0,1.0,9,guijiao_20_180,16,0.44999998807907104,11250.0,324.0,1.3411883115768433,1.3900196552276611,1.2322019338607788,0.15781773626804352,0.784112811088562,0.4480891227722168,0.21653299033641815,1.5549588283647608e-07,0.2315559685230255,0.2721027135848999,2.690328686616003e-19,0.2721027135848999,1.3468390703201294,2.0203309059143066,0.4628765881061554,0.4575488269329071,11.509765625,0.26015278697013855,0.6781516671180725,0.7890739440917969,0.7252014875411987
188,train,0,1.0,1.0,9,guijiao_20_180,17,0.4749999940395355,11875.0,361.0,1.5874711275100708,1.526708722114563,1.3658356666564941,0.16087307035923004,0.8770867586135864,0.4887489080429077,0.23550155758857727,1.684494463916053e-07,0.2532471716403961,0.2920822501182556,2.5470766692546686e-18,0.2920822501182556,1.352126955986023,2.020904064178467,0.4595186412334442,0.45413661003112793,10.827320098876953,0.25543761253356934,0.6739920377731323,0.7868440747261047,0.724778950214386
189,val,0,1.0,1.0,9,guijiao_20_180,18,0.5,12500.0,400.0,1.6530265808105469,1.667163610458374,1.5073884725570679,0.15977515280246735,0.973564863204956,0.5338236093521118,0.2566108703613281,1.8258883471844456e-07,0.27721258997917175,0.31251654028892517,1.337401227409797e-18,0.31251654028892517,1.354524850845337,2.0205371379852295,0.4564710259437561,0.45105257630348206,10.210517883300781,0.2523340880870819,0.6710750460624695,0.7845458388328552,0.724951446056366
190,train,0,1.0,1.0,10,guijiao_10_0,0,0.05000000074505806,1250.0,4.0,0.061789702624082565,0.06004629284143448,0.051187627017498016,0.008858666755259037,0.010284868068993092,0.0409027598798275,0.011719274334609509,0.009722516871988773,0.019460968673229218,0.009522550739347935,0.004054622258991003,0.004054622258991003,1.4309380054473877,2.7646708488464355,0.7253207564353943,0.6207086443901062,44.14173126220703,1.2567278146743774,0.8994659781455994,1.0288039445877075,1.4936487674713135
191,train,0,1.0,1.0,10,guijiao_10_0,1,0.07500000298023224,1875.0,9.0,0.07487817108631134,0.08132503181695938,0.06957555562257767,0.011749478988349438,0.01968940533697605,0.049886152148246765,0.01495498325675726,0.01741182804107666,0.01751933991909027,0.018689146265387535,0.0064387195743620396,0.0064387195743620396,1.2175090312957764,2.478306531906128,0.6575234532356262,0.5476172566413879,29.523452758789062,1.1614593267440796,0.6157623529434204,1.0903359651565552,0.7213481068611145
192,train,0,1.0,1.0,10,guijiao_10_0,2,0.10000000149011612,2500.0,16.0,0.08106280863285065,0.07534882426261902,0.07105576246976852,0.004293062258511782,0.0344545841217041,0.03660117834806442,0.01448911800980568,0.01019199937582016,0.011920060962438583,0.025918809697031975,0.00858659204095602,0.00858659204095602,1.1984201669692993,2.0524420738220215,0.5123060345649719,0.5097271203994751,21.9454288482666,0.610273540019989,0.7711790204048157,1.0588713884353638,0.6344416737556458
193,train,0,1.0,1.0,10,guijiao_10_0,3,0.125,3125.0,25.0,0.11539952456951141,0.1146492213010788,0.10566458106040955,0.008984643034636974,0.05452374368906021,0.051140837371349335,0.02271467074751854,0.011970559135079384,0.01645560748875141,0.03230711445212364,0.01071394607424736,0.01071394607424736,1.2137459516525269,2.003885269165039,0.5084896087646484,0.48791635036468506,17.583267211914062,0.5332960486412048,0.9068886041641235,0.9398961067199707,0.6569939851760864
194,train,0,1.0,1.0,10,guijiao_10_0,4,0.15000000596046448,3750.0,36.0,0.22257539629936218,0.15790443122386932,0.14351162314414978,0.014392808079719543,0.07852192223072052,0.06498970091342926,0.028027214109897614,0.015149684622883797,0.021812807768583298,0.038538794964551926,0.012932950630784035,0.012932950630784035,1.2138655185699463,1.9856432676315308,0.5005753040313721,0.47369226813316345,14.738452911376953,0.48525214195251465,0.8618614673614502,0.9306613802909851,0.6707628965377808
195,train,0,1.0,1.0,10,guijiao_10_0,5,0.17499999701976776,4375.0,49.0,0.19035470485687256,0.2016548067331314,0.181779146194458,0.01987566612660885,0.10597395151853561,0.0758051946759224,0.031012196093797684,0.018272211775183678,0.02652078866958618,0.04491616040468216,0.015288958325982094,0.015288958325982094,1.2036083936691284,1.974368929862976,0.4909043610095978,0.4635932743549347,12.71865463256836,0.4307868778705597,0.7937330007553101,0.952656090259552,0.678778886795044
196,train,0,1.0,1.0,10,guijiao_10_0,6,0.20000000298023224,5000.0,64.0,0.2699236571788788,0.24574895203113556,0.22092776000499725,0.024821186438202858,0.1367073506116867,0.08422040939331055,0.03277762234210968,0.021089503541588783,0.03035328909754753,0.05157095938920975,0.0177962277084589,0.0177962277084589,1.188759446144104,1.974547266960144,0.481517493724823,0.45599478483200073,11.198957443237305,0.37463781237602234,0.7384941577911377,0.9867879748344421,0.6838728189468384
197,val,0,1.0,1.0,10,guijiao_10_0,7,0.22499999403953552,5625.0,81.0,0.29202887415885925,0.2911199927330017,0.26265135407447815,0.028468631207942963,0.17089059948921204,0.09176074713468552,0.034400902688503265,0.023652654141187668,0.03370719030499458,0.05855756998062134,0.020455215126276016,0.020455215126276016,1.1741276979446411,1.9835411310195923,0.4733380973339081,0.45003658533096313,10.007320404052734,0.3252996802330017,0.7020834684371948,1.0198289155960083,0.6879255175590515
198,train,0,1.0,1.0,10,guijiao_10_0,8,0.25,6250.0,100.0,0.29831641912460327,0.3380291163921356,0.30827265977859497,0.0297564547508955,0.2085549533367157,0.09971769154071808,0.036498136818408966,0.026098620146512985,0.037120942026376724,0.0658935159444809,0.023260442540049553,0.023260442540049553,1.1606535911560059,1.9930787086486816,0.46641844511032104,0.4452192783355713,9.043856620788574,0.28701621294021606,0.6805633306503296,1.0433732271194458,0.6921764612197876
199,train,0,1.0,1.0,10,guijiao_10_0,9,0.2750000059604645,6875.0,121.0,0.4310641288757324,0.38529130816459656,0.35807400941848755,0.027217309921979904,0.24912357330322266,0.10895043611526489,0.039327967911958694,0.02859511971473694,0.04102734848856926,0.07357822358608246,0.026204118505120277,0.026204118505120277,1.1458073854446411,1.9978431463241577,0.4604797959327698,0.4412316679954529,8.246335983276367,0.2596123218536377,0.668433427810669,1.0554507970809937,0.6973167061805725
200,val,0,1.0,1.0,10,guijiao_10_0,10,0.30000001192092896,7500.0,144.0,0.40116769075393677,0.4311459958553314,0.4116990864276886,0.019446903839707375,0.2916371822357178,0.12006190419197083,0.04301149398088455,0.031317539513111115,0.04573286697268486,0.08160223811864853,0.02927783876657486,0.02927783876657486,1.1271002292633057,1.9970619678497314,0.45535117387771606,0.43786895275115967,7.573787689208984,0.24105659127235413,0.6618204712867737,1.0582709312438965,0.7036944031715393
201,train,0,1.0,1.0,10,guijiao_10_0,11,0.32499998807907104,8125.0,169.0,0.506271243095398,0.474814236164093,0.4688313901424408,0.0059828427620232105,0.33537083864212036,0.13346055150032043,0.04761134088039398,0.03441319614648819,0.051436010748147964,0.08995193988084793,0.032473374158144,0.032473374158144,1.1043856143951416,1.991990327835083,0.45101431012153625,0.43499016761779785,6.998030662536621,0.2290971726179123,0.6584844589233398,1.055285096168518,0.7113811373710632
202,train,0,1.0,1.0,10,guijiao_10_0,12,0.3499999940395355,8750.0,196.0,0.5606998205184937,0.5173152685165405,0.5295462608337402,-0.012230969034135342,0.3801714777946472,0.1493748128414154,0.05314784124493599,0.0379813089966774,0.05824565514922142,0.09861201047897339,0.03578303009271622,0.03578303009271622,1.0794576406478882,1.9840319156646729,0.4474775493144989,0.4324948787689209,6.498973846435547,0.22183802723884583,0.6571637988090515,1.0495102405548096,0.7201973795890808
203,train,0,1.0,1.0,10,guijiao_10_0,13,0.375,9375.0,225.0,0.5885866284370422,0.5608518123626709,0.5942319631576538,-0.033380176872015,0.4263320565223694,0.16789987683296204,0.05961458757519722,0.04207615554332733,0.06620914489030838,0.10756683349609375,0.03919977322220802,0.03919977322220802,1.0545023679733276,1.9742950201034546,0.4446936845779419,0.43030932545661926,6.06186580657959,0.21784210205078125,0.6571203470230103,1.0429595708847046,0.7298108339309692
204,val,0,1.0,1.0,10,guijiao_10_0,14,0.4000000059604645,10000.0,256.0,0.6958703994750977,0.6075924634933472,0.6633578538894653,-0.055765386670827866,0.4743031859397888,0.18905463814735413,0.06699419766664505,0.046720631420612335,0.07533980160951614,0.11680116504430771,0.04271727055311203,0.04271727055311203,1.031093716621399,1.9636468887329102,0.44256076216697693,0.42837801575660706,5.675602912902832,0.21607351303100586,0.6579017043113708,1.0367155075073242,0.7398577928543091
205,train,0,1.0,1.0,10,guijiao_10_0,15,0.42500001192092896,10625.0,289.0,0.6730650663375854,0.6589675545692444,0.7373197078704834,-0.0783521756529808,0.5244970917701721,0.21282261610031128,0.07526781409978867,0.051919396966695786,0.08563540875911713,0.12630051374435425,0.046329837292432785,0.046329837292432785,1.0100139379501343,1.9527454376220703,0.4409560561180115,0.4266582429409027,5.331648349761963,0.21580636501312256,0.6592199206352234,1.0312296152114868,0.7500225901603699
206,train,0,1.0,1.0,10,guijiao_10_0,16,0.44999998807907104,11250.0,324.0,0.6925672888755798,0.7156504988670349,0.8163948655128479,-0.1007443442940712,0.5772212743759155,0.23917360603809357,0.08441843837499619,0.05766792967915535,0.09708723425865173,0.13605135679244995,0.05003241449594498,0.05003241449594498,0.9914698004722595,1.942049264907837,0.43976345658302307,0.4251165986061096,5.02332067489624,0.21653838455677032,0.6608850359916687,1.0266060829162598,0.760064959526062
207,train,0,1.0,1.0,10,guijiao_10_0,17,0.4749999940395355,11875.0,361.0,0.7913765907287598,0.7778257131576538,0.9007561206817627,-0.12293043732643127,0.6326819062232971,0.2680742144584656,0.09443186968564987,0.06395786255598068,0.10968448966741562,0.1460411250591278,0.05382047966122627,0.05382047966122627,0.9753496646881104,1.9318386316299438,0.43888550996780396,0.42372652888298035,4.74530553817749,0.21792498230934143,0.6627691388130188,1.0227898359298706,0.769819438457489
208,train,0,1.0,1.0,10,guijiao_10_0,18,0.5,12500.0,400.0,0.9285801649093628,0.8454352021217346,0.9905000925064087,-0.14506489038467407,0.6910076141357422,0.2994924783706665,0.10529650747776031,0.07077988982200623,0.12341609597206116,0.15625827014446259,0.05769001320004463,0.05769001320004463,0.9614019393920898,1.922261118888855,0.4382454454898834,0.42246657609939575,4.493317604064941,0.21973028779029846,0.6647838354110718,1.0196683406829834,0.7791807651519775
209,train,0,1.0,1.0,11,guijiao_10_180,0,0.05000000074505806,1250.0,4.0,0.06980589777231216,0.06284725666046143,0.05372031405568123,0.009126941673457623,0.01000464241951704,0.043715670704841614,0.02151588909327984,1.559637929915425e-08,0.02219976857304573,0.009522550739347935,1.557760600314056e-22,0.009522550739347935,1.3919501304626465,2.891042470932007,0.8061549067497253,0.838975191116333,87.79503631591797,1.2494879961013794,1.5883327722549438,1.0711461305618286,1.638817548751831
210,train,0,1.0,1.0,11,guijiao_10_180,1,0.07500000298023224,1875.0,9.0,0.03306988999247551,0.04537789896130562,0.03904140740633011,0.006336490623652935,0.015192450024187565,0.02384895645081997,0.011270707473158836,1.163836937934093e-08,0.012578237801790237,0.018689146265387535,1.9663044687165624e-22,0.018689146265387535,0.9394364953041077,1.4204694032669067,0.77074134349823,0.7209258079528809,64.1851577758789,1.3770488500595093,0.6828985214233398,0.6861984729766846,0.7621224522590637
211,train,0,1.0,1.0,11,guijiao_10_180,2,0.10000000149011612,2500.0,16.0,0.15503378212451935,0.11546400189399719,0.10369095951318741,0.01177304144948721,0.03394276648759842,0.06974819302558899,0.04609253257513046,2.0074782725032492e-08,0.023655639961361885,0.025918809697031975,3.962648760703941e-22,0.025918809697031975,1.1806178092956543,2.102576494216919,0.621709942817688,0.6509374380111694,50.1874885559082,1.1934278011322021,1.2245917320251465,0.6434059739112854,0.6284857988357544
212,train,0,1.0,1.0,11,guijiao_10_180,3,0.125,3125.0,25.0,0.1742364466190338,0.15700598061084747,0.14331042766571045,0.013695553876459599,0.055981848388910294,0.08732857555150986,0.05748012661933899,2.256441611336868e-08,0.029848424717783928,0.03230711445212364,3.1570147162628854e-23,0.03230711445212364,1.2462046146392822,2.2588248252868652,0.5646082162857056,0.6060657501220703,41.2131462097168,0.8326517343521118,1.3039486408233643,0.6799561977386475,0.677117645740509
213,train,0,1.0,1.0,11,guijiao_10_180,4,0.15000000596046448,3750.0,36.0,0.2257920205593109,0.19007344543933868,0.17410846054553986,0.015964988619089127,0.07758569717407227,0.09652276337146759,0.06036542356014252,2.5243352297366073e-08,0.03615731745958328,0.038538794964551926,5.617418552650028e-23,0.038538794964551926,1.199392318725586,2.2068495750427246,0.5325717329978943,0.5746968984603882,34.93937683105469,0.6796280741691589,1.1925331354141235,0.7022833824157715,0.714296281337738
214,train,0,1.0,1.0,11,guijiao_10_180,5,0.17499999701976776,4375.0,49.0,0.24175983667373657,0.2235201895236969,0.2048284411430359,0.018691755831241608,0.10165749490261078,0.10317094624042511,0.06066703796386719,2.8403182028569063e-08,0.04250388219952583,0.04491616040468216,6.843195434481853e-23,0.04491616040468216,1.1545838117599487,2.159842014312744,0.5112448334693909,0.551417887210846,30.2835750579834,0.5819616317749023,1.0506768226623535,0.7216318249702454,0.7361137270927429
215,train,0,1.0,1.0,11,guijiao_10_180,6,0.20000000298023224,5000.0,64.0,0.24040131270885468,0.260625422000885,0.23798878490924835,0.02263662964105606,0.12996649742126465,0.1080222874879837,0.059835340827703476,3.182845631499731e-08,0.04818691685795784,0.05157095938920975,5.755372023400182e-23,0.05157095938920975,1.1301432847976685,2.1207664012908936,0.49730077385902405,0.533397376537323,26.679471969604492,0.5092376470565796,0.9234069585800171,0.7407864928245544,0.7436429858207703
216,val,0,1.0,1.0,11,guijiao_10_180,7,0.22499999403953552,5625.0,81.0,0.35061752796173096,0.3046025335788727,0.2766193151473999,0.027983207255601883,0.16346019506454468,0.11315912008285522,0.0597832053899765,3.5477089710411747e-08,0.05337587371468544,0.05855756998062134,5.25454821604688e-22,0.05855756998062134,1.1230759620666504,2.0878334045410156,0.4878690242767334,0.5190048217773438,23.800962448120117,0.45324942469596863,0.8319358825683594,0.7589561343193054,0.7427721619606018
217,train,0,1.0,1.0,11,guijiao_10_180,8,0.25,6250.0,100.0,0.3476819396018982,0.35668274760246277,0.32231825590133667,0.034364499151706696,0.20228640735149384,0.12003186345100403,0.06139148771762848,3.941633508475206e-08,0.058640334755182266,0.0658935159444809,1.220661604799784e-21,0.0658935159444809,1.1257678270339966,2.063378095626831,0.48106005787849426,0.507230281829834,21.44605827331543,0.4101375639438629,0.7737996578216553,0.7745662331581116,0.7391230463981628
218,train,0,1.0,1.0,11,guijiao_10_180,9,0.2750000059604645,6875.0,121.0,0.38224053382873535,0.41651803255081177,0.3753355145454407,0.04118253290653229,0.24628882110118866,0.12904667854309082,0.06463944166898727,4.36907470202641e-08,0.06440718472003937,0.07357822358608246,3.733637012555253e-22,0.07357822358608246,1.132769227027893,2.0486996173858643,0.4756626784801483,0.49741220474243164,19.482440948486328,0.37685108184814453,0.7380621433258057,0.7865874171257019,0.7354101538658142
219,val,0,1.0,1.0,11,guijiao_10_180,10,0.30000001192092896,7500.0,144.0,0.5158165097236633,0.4830226004123688,0.4353097975254059,0.04771280288696289,0.2952856421470642,0.14002415537834167,0.06919396668672562,4.826974020488706e-08,0.07083014398813248,0.08160223811864853,5.248621737568783e-21,0.08160223811864853,1.1412005424499512,2.041818141937256,0.47091972827911377,0.48909759521484375,17.819517135620117,0.3508158028125763,0.7155472040176392,0.7949858903884888,0.7324671149253845
220,val,0,1.0,1.0,11,guijiao_10_180,11,0.32499998807907104,8125.0,169.0,0.47507306933403015,0.554858922958374,0.5017512440681458,0.05310770496726036,0.34901347756385803,0.15273776650428772,0.07478028535842896,5.3116369969075095e-08,0.07795742154121399,0.08995193988084793,9.957311831609947e-21,0.08995193988084793,1.1493111848831177,2.0396745204925537,0.46644288301467896,0.48196521401405334,16.393043518066406,0.3302442133426666,0.7007015943527222,0.8002710938453674,0.7304717302322388
221,val,0,1.0,1.0,11,guijiao_10_180,12,0.3499999940395355,8750.0,196.0,0.5916249752044678,0.6305557489395142,0.5741398334503174,0.05641590803861618,0.40700334310531616,0.16713650524616241,0.08127707242965698,5.824087523365051e-08,0.08585937321186066,0.09861201047897339,1.801439107896812e-20,0.09861201047897339,1.1556439399719238,2.039881467819214,0.4621114730834961,0.4757799208164215,15.155984878540039,0.3140144348144531,0.6905357837677002,0.8030832409858704,0.7294672727584839
222,val,0,1.0,1.0,11,guijiao_10_180,13,0.375,9375.0,225.0,0.7030403017997742,0.7085739374160767,0.6519153714179993,0.0566585436463356,0.468593031167984,0.18332234025001526,0.08867593109607697,6.37029344829898e-08,0.09464634209871292,0.10756683349609375,3.1284222798348394e-20,0.10756683349609375,1.1590319871902466,2.041015625,0.4579603970050812,0.4703657627105713,14.073150634765625,0.3013678193092346,0.6834531426429749,0.8040735721588135,0.7294688820838928
223,val,0,1.0,1.0,11,guijiao_10_180,14,0.4000000059604645,10000.0,256.0,0.7948856353759766,0.7874987721443176,0.7345231175422668,0.05297565832734108,0.5330778956413269,0.20144523680210114,0.09701181948184967,6.95853970000826e-08,0.10443335026502609,0.11680116504430771,5.24270174163406e-20,0.11680116504430771,1.1588648557662964,2.0422699451446533,0.4540846347808838,0.4655887186527252,13.117743492126465,0.29169416427612305,0.6785353422164917,0.8038785457611084,0.7304441332817078
224,val,0,1.0,1.0,11,guijiao_10_180,15,0.42500001192092896,10625.0,289.0,0.9257188439369202,0.8663083910942078,0.8215034604072571,0.04480491951107979,0.5998817682266235,0.22162169218063354,0.10631493479013443,7.596683104793556e-08,0.11530668288469315,0.12630051374435425,8.515039230886348e-20,0.12630051374435425,1.1551806926727295,2.043116807937622,0.4505743980407715,0.4613442122936249,12.268844604492188,0.2844482958316803,0.6751941442489624,0.8030694127082825,0.7322996258735657
225,val,0,1.0,1.0,11,guijiao_10_180,16,0.44999998807907104,11250.0,324.0,1.0905781984329224,0.9445641040802002,0.9125558137893677,0.03200832009315491,0.6686502695083618,0.24390557408332825,0.11659292876720428,8.290630404417243e-08,0.127312570810318,0.13605135679244995,1.3451643433080014e-19,0.13605135679244995,1.148513674736023,2.043184995651245,0.4474833607673645,0.4575488269329071,11.509765625,0.27913936972618103,0.673018753528595,0.8020970225334167,0.7348966002464294
226,val,0,1.0,1.0,11,guijiao_10_180,17,0.4749999940395355,11875.0,361.0,1.0394068956375122,1.0224249362945557,1.0075459480285645,0.014879034832119942,0.7392492294311523,0.2682967185974121,0.12783293426036835,9.044072157848859e-08,0.1404637098312378,0.1460411250591278,1.2735383346273343e-18,0.1460411250591278,1.1396350860595703,2.042249917984009,0.4448227882385254,0.45413661003112793,10.827320098876953,0.2753429710865021,0.6717093586921692,0.8012664318084717,0.7380788326263428
227,train,0,1.0,1.0,11,guijiao_10_180,18,0.5,12500.0,400.0,1.115393042564392,1.1004972457885742,1.1064701080322266,-0.005972819868475199,0.8117057681083679,0.29476428031921387,0.14001134037971497,9.858933935902314e-08,0.15475285053253174,0.15625827014446259,6.687006137048985e-19,0.15625827014446259,1.1293296813964844,2.0402421951293945,0.4425712823867798,0.45105257630348206,10.210517883300781,0.2727088928222656,0.671043872833252,0.8007476925849915,0.7416966557502747
228,train,1,0.3499999940395355,0.5,12,synthetic_0000,0,0.31939631700515747,7984.90771484375,4.827890396118164,1.9296501874923706,1.6891286373138428,1.5094740390777588,0.1796545535326004,0.37357160449028015,1.1359024047851562,0.6158755421638489,3.685355522975442e-07,0.5200265049934387,0.7764458656311035,3.489370537278666e-21,0.7764458656311035,1.273726463317871,1.9026799201965332,0.8247027397155762,0.8110246062278748,82.20491790771484,0.6773829460144043,1.5613919496536255,0.8496932983398438,1.3183915615081787
229,train,1,0.3499999940395355,0.5,13,synthetic_0001,1,0.43977925181388855,10994.4814453125,266.1661682128906,1.8583924770355225,1.82149076461792,1.5195422172546387,0.30194857716560364,1.1558246612548828,0.3637174963951111,0.032934870570898056,0.15831412374973297,0.17246848344802856,0.7258675694465637,0.10194704681634903,0.10194704681634903,2.0786654949188232,2.140143871307373,0.526587724685669,0.5617115497589111,32.34230422973633,0.20514404773712158,0.8289366960525513,1.1802020072937012,0.6770443916320801
230,train,1,0.3499999940395355,0.5,14,synthetic_0002,2,0.4864594340324402,12161.4853515625,31.33639144897461,1.882183313369751,1.884528398513794,1.6484479904174805,0.23608039319515228,1.3744794130325317,0.2739686369895935,0.031876616179943085,0.09369567036628723,0.1483963280916214,0.5892670750617981,0.14530391991138458,0.14530391991138458,2.020259380340576,1.9805628061294556,0.4911632835865021,0.5480977892875671,29.61956024169922,0.33243870735168457,0.874471127986908,0.81622314453125,0.6349483728408813
231,train,1,0.3499999940395355,0.5,15,synthetic_0003,3,0.1325320303440094,3313.30078125,19.03525733947754,0.2495458871126175,0.2299305647611618,0.20055192708969116,0.029378635808825493,0.0691371038556099,0.13141483068466187,0.0192915927618742,0.04759986698627472,0.0645233616232872,0.10876335948705673,0.02761797234416008,0.02761797234416008,1.369088888168335,1.9609029293060303,0.6723775863647461,0.5917947292327881,38.358951568603516,0.9946757555007935,1.203442931175232,0.688798189163208,0.6277929544448853
232,train,1,0.3499999940395355,0.5,16,synthetic_0004,4,0.18105311691761017,4526.32763671875,9.444295883178711,0.3161894381046295,0.2992558777332306,0.26523059606552124,0.03402527794241905,0.1440514773130417,0.12117910385131836,0.018465355038642883,0.0507587194442749,0.05195503309369087,0.10354305058717728,0.036656640470027924,0.036656640470027924,1.5285084247589111,2.0595810413360596,0.7102126479148865,0.7027266025543213,60.545318603515625,0.8172602653503418,1.4304512739181519,0.8635345697402954,0.6277475953102112
233,train,1,0.3499999940395355,0.5,17,synthetic_0005,5,0.21486282348632812,5371.57080078125,68.13875579833984,0.3218056857585907,0.3267378509044647,0.27369919419288635,0.053038664162158966,0.20196709036827087,0.07173211127519608,0.007417154964059591,0.030288826674222946,0.0340261310338974,0.08663242310285568,0.02001045271754265,0.02001045271754265,1.5216690301895142,1.8417152166366577,0.5323282480239868,0.5230057835578918,24.601152420043945,0.420520156621933,0.8866907954216003,1.0609132051467896,0.6344383955001831
234,train,1,0.3499999940395355,0.5,18,synthetic_0006,6,0.281405508518219,7035.13720703125,7.56178617477417,1.2167948484420776,1.0629067420959473,0.9516687989234924,0.11123788356781006,0.2889978885650635,0.662670910358429,0.10800418257713318,0.2536506652832031,0.30101606249809265,0.37497296929359436,0.19686828553676605,0.19686828553676605,1.269379734992981,1.992568850517273,0.8202847242355347,0.7759909629821777,75.19819641113281,0.9052867889404297,1.615892767906189,0.7215815186500549,0.7024309635162354
235,train,1,0.3499999940395355,0.5,19,synthetic_0007,7,0.1267358511686325,3168.396484375,35.174095153808594,0.12597081065177917,0.14697130024433136,0.13412460684776306,0.01284668780863285,0.054755836725234985,0.07936877012252808,0.051632121205329895,2.0937349631822144e-08,0.02773662470281124,0.027840513736009598,3.740899266048718e-23,0.027840513736009598,1.1857510805130005,2.256274461746216,0.5438986420631409,0.576564610004425,35.31292724609375,0.7593611478805542,1.2508044242858887,0.6994141936302185,0.6719284653663635
236,train,1,0.3499999940395355,0.5,20,synthetic_0008,8,0.41377881169319153,10344.4697265625,8.165862083435059,3.0621743202209473,2.8097517490386963,2.4843831062316895,0.325368732213974,0.6372652053833008,1.8471177816390991,0.9981985092163086,5.890160537092015e-07,0.8489186763763428,1.1756547689437866,1.5397923683770387e-22,1.1756547689437866,1.2946306467056274,1.8656656742095947,0.8123477101325989,0.7341731190681458,66.83463287353516,0.6688445210456848,1.557399868965149,0.8484566807746887,1.3244918584823608
237,train,1,0.3499999940395355,0.5,21,synthetic_0009,9,0.24806861579418182,6201.71533203125,108.45155334472656,0.38449859619140625,0.34642720222473145,0.3116713762283325,0.034755825996398926,0.19885750114917755,0.11281388252973557,0.05760033428668976,3.775919310555764e-08,0.05521351099014282,0.06267372518777847,1.5330850564422917e-21,0.06267372518777847,1.123984932899475,2.0602781772613525,0.47903892397880554,0.5029579401016235,20.591585159301758,0.395739883184433,0.7653399705886841,0.7854935526847839,0.7336260676383972
238,train,1,0.3499999940395355,0.5,22,synthetic_0010,10,0.4591941833496094,11479.8544921875,68.86920928955078,2.210259199142456,2.1919350624084473,1.862619161605835,0.3293158710002899,1.3046656847000122,0.5579534769058228,0.08349975198507309,0.18335072696208954,0.2911030352115631,0.7913719415664673,0.18198835849761963,0.18198835849761963,2.152130603790283,2.077202796936035,0.4838305413722992,0.5233942866325378,24.678852081298828,0.3478669226169586,1.1712162494659424,0.8290549516677856,0.6368551850318909
239,train,1,0.3499999940395355,0.5,23,synthetic_0011,11,0.28403061628341675,7100.76513671875,12.959049224853516,0.759762167930603,0.7434086203575134,0.6475902795791626,0.09581836313009262,0.35109949111938477,0.29649078845977783,0.04638110101222992,0.12099816650152206,0.12911154329776764,0.27270570397377014,0.07708706706762314,0.07708706706762314,1.513777494430542,2.113107442855835,0.7156065702438354,0.640916109085083,48.183223724365234,0.7722925543785095,1.5058233737945557,0.8562085032463074,0.6537927389144897
240,train,1,0.3499999940395355,0.5,24,synthetic_0012,12,0.3988097608089447,9970.244140625,193.67137145996094,0.9059556722640991,0.8134358525276184,0.7615746259689331,0.0518612302839756,0.5348227620124817,0.2267518937587738,0.10944283753633499,7.573996896326207e-08,0.11730898916721344,0.12860916554927826,2.2565403099915633e-20,0.12860916554927826,1.1696083545684814,2.053840398788452,0.45973312854766846,0.47626402974128723,15.252806663513184,0.3253732919692993,0.6864611506462097,0.7750133872032166,0.7358002066612244
241,train,1,0.3499999940395355,0.5,25,synthetic_0013,13,0.46484339237213135,11621.0849609375,12.9608793258667,2.1210227012634277,2.2940447330474854,2.0238516330718994,0.27019304037094116,0.9017844200134277,1.1220672130584717,0.6025410890579224,3.336485008276213e-07,0.5195257067680359,0.6185199022293091,1.6847047282709454e-22,0.6185199022293091,1.451615333557129,1.8592770099639893,0.7715926170349121,0.674895703792572,54.9791374206543,0.6678562760353088,1.4971145391464233,0.8058063387870789,1.2908486127853394
242,train,1,0.3499999940395355,0.5,26,synthetic_0014,14,0.19639864563941956,4909.96630859375,44.803951263427734,0.4347597360610962,0.4537096619606018,0.3845045566558838,0.06920512020587921,0.17157576978206635,0.21292878687381744,0.03164450824260712,0.07454922795295715,0.10673505067825317,0.15982189774513245,0.040087632834911346,0.040087632834911346,1.5471810102462769,1.9229505062103271,0.6031337976455688,0.5246534943580627,24.93070411682129,0.7611051797866821,1.1979682445526123,0.7298246026039124,0.6302255988121033
243,train,1,0.3499999940395355,0.5,27,synthetic_0015,15,0.21053899824619293,5263.47509765625,37.403072357177734,0.5328525304794312,0.6076539754867554,0.529449999332428,0.0782039612531662,0.17580805718898773,0.35364192724227905,0.20247596502304077,9.873604511767553e-08,0.15116585791110992,0.1489114612340927,2.007589661963485e-22,0.1489114612340927,1.379544734954834,1.9461599588394165,0.6004084944725037,0.5716564059257507,34.331275939941406,0.644248366355896,1.2143819332122803,0.7397278547286987,0.9066411852836609
244,train,1,0.3499999940395355,0.5,28,synthetic_0016,16,0.41098862886428833,10274.7158203125,45.10024642944336,1.2415413856506348,1.2283008098602295,1.029871940612793,0.19842885434627533,0.8831825852394104,0.14668941497802734,0.012814453803002834,0.06080558896064758,0.07306936383247375,0.3487221896648407,0.08751271665096283,0.08751271665096283,1.8186663389205933,2.0392045974731445,0.47445082664489746,0.5242657661437988,24.853153228759766,0.2239111214876175,0.7101837992668152,1.10780930519104,0.6316086053848267
245,train,1,0.3499999940395355,0.5,29,synthetic_0017,17,0.13942205905914307,3485.551513671875,0.7891212105751038,0.31864839792251587,0.3554888963699341,0.32141149044036865,0.03407740592956543,0.06917387247085571,0.25223761796951294,0.1348215639591217,9.014038937493751e-08,0.11741594970226288,0.11316884309053421,9.080680116372384e-22,0.11316884309053421,1.2377736568450928,1.9570598602294922,0.8566939830780029,0.9726255536079407,114.52510833740234,0.7494525909423828,1.576256513595581,0.9226191639900208,1.3727598190307617
246,train,1,0.3499999940395355,0.5,30,synthetic_0018,18,0.378053218126297,9451.3310546875,12.003012657165527,2.356846332550049,2.2658491134643555,1.9933702945709229,0.2724788188934326,0.5450554490089417,1.448314905166626,0.7813835740089417,4.2854415482906916e-07,0.6669309139251709,0.8466885685920715,1.6823515751233328e-21,0.8466885685920715,1.3264684677124023,1.8767696619033813,0.7654963135719299,0.6841011643409729,56.820228576660156,0.6456568241119385,1.5039188861846924,0.8081163763999939,1.2836333513259888
247,train,1,0.3499999940395355,0.5,31,synthetic_0019,0,0.10214107483625412,2553.52685546875,20.32386016845703,0.14585594832897186,0.14696165919303894,0.12572190165519714,0.0212397538125515,0.04127931967377663,0.08444257825613022,0.011189667508006096,0.030648086220026016,0.042604826390743256,0.06306549906730652,0.015869762748479843,0.015869762748479843,1.3762389421463013,2.0403318405151367,0.6725417375564575,0.5850543975830078,37.01087951660156,1.0465302467346191,1.0734959840774536,0.6818822622299194,0.6375057101249695
248,train,1,0.3499999940395355,0.5,32,synthetic_0020,1,0.07860125601291656,1965.031494140625,1.1720293760299683,0.05651896446943283,0.053728487342596054,0.0485251247882843,0.005203362554311752,0.026195378974080086,0.022329743951559067,0.0023876519408077,0.010225473903119564,0.009716617874801159,0.001134017831645906,0.013660281896591187,0.013660281896591187,1.474782109260559,2.0550601482391357,0.8304843902587891,0.9257025718688965,105.14051055908203,0.8248804211616516,0.9744583368301392,0.7837656736373901,0.6185137629508972
249,train,1,0.3499999940395355,0.5,33,synthetic_0021,2,0.33690086007118225,8422.521484375,76.22600555419922,0.7565515041351318,0.6664539575576782,0.6204906105995178,0.04596337676048279,0.38081446290016174,0.23967616260051727,0.11865578591823578,7.417721548108602e-08,0.12102030217647552,0.13494674861431122,9.818136068218808e-22,0.13494674861431122,1.1670012474060059,2.052700996398926,0.4843004047870636,0.5225882530212402,24.51764678955078,0.4513031840324402,0.7523143291473389,0.7283285856246948,0.7673060297966003
250,train,1,0.3499999940395355,0.5,34,synthetic_0022,3,0.37096014618873596,9274.00390625,49.5421142578125,0.9914396405220032,0.9699730277061462,0.8119199872016907,0.15805305540561676,0.6820820569992065,0.12983793020248413,0.011374910362064838,0.05558621138334274,0.06287680566310883,0.2703371047973633,0.06836585700511932,0.06836585700511932,1.7240276336669922,1.978676438331604,0.4817935526371002,0.518890380859375,23.778076171875,0.24333158135414124,0.7338154911994934,1.1608792543411255,0.6326614618301392
251,train,1,0.3499999940395355,0.5,35,synthetic_0023,4,0.27220800518989563,6805.20068359375,18.2852725982666,1.094096302986145,1.10459566116333,0.965280294418335,0.1393154114484787,0.29154613614082336,0.6737341284751892,0.3697105050086975,1.8469354756689427e-07,0.3040234446525574,0.3595525920391083,1.3291665066830285e-22,0.3595525920391083,1.3685719966888428,1.9168884754180908,0.6709562540054321,0.6367055773735046,47.34111404418945,0.63813716173172,1.3596524000167847,0.7592500448226929,1.1180806159973145
252,train,1,0.3499999940395355,0.5,36,synthetic_0024,5,0.09855113923549652,2463.778564453125,4.2258734703063965,0.08139587938785553,0.09055161476135254,0.08060631155967712,0.00994530227035284,0.04039590060710907,0.040210410952568054,0.005496112164109945,0.0173735860735178,0.017340710386633873,0.003133670426905155,0.015435488894581795,0.015435488894581795,1.4466922283172607,1.9948478937149048,0.7647682428359985,0.94815593957901,109.63118743896484,0.9455707669258118,1.2823163270950317,0.8266872763633728,0.6310277581214905
253,train,1,0.3499999940395355,0.5,37,synthetic_0025,6,0.2788568139076233,6971.42041015625,13.95384693145752,1.1812527179718018,0.8822080492973328,0.8849026560783386,-0.0026946330908685923,0.2706575393676758,0.6142451167106628,0.102061927318573,0.23753243684768677,0.2746507525444031,0.5218186378479004,0.1431504189968109,0.1431504189968109,1.2106530666351318,2.0535805225372314,0.7171618938446045,0.6298851370811462,45.977027893066406,0.8738839626312256,1.5630483627319336,0.7911456227302551,0.6560417413711548
254,train,1,0.3499999940395355,0.5,38,synthetic_0026,7,0.38999801874160767,9749.9501953125,140.9248504638672,1.0197232961654663,1.0181405544281006,0.8511148691177368,0.1670256406068802,0.7368870377540588,0.11422780156135559,0.008752426132559776,0.05242021754384041,0.05305515602231026,0.28541886806488037,0.04986286163330078,0.04986286163330078,1.6851487159729004,2.0235650539398193,0.48644188046455383,0.546271800994873,29.25436019897461,0.17384783923625946,0.6991717219352722,1.3426576852798462,0.6610358357429504
255,train,1,0.3499999940395355,0.5,39,synthetic_0027,8,0.12254957854747772,3063.739501953125,28.895038604736328,0.12157099694013596,0.11719059199094772,0.09957940876483917,0.01761118322610855,0.05921357125043869,0.04036583751440048,0.004942490253597498,0.016215668991208076,0.019207678735256195,0.03890944644808769,0.009590823203325272,0.009590823203325272,1.3713860511779785,1.868220567703247,0.6124176979064941,0.5541852712631226,30.837053298950195,0.7209121584892273,1.0444276332855225,0.8726934194564819,0.6330666542053223
256,train,1,0.3499999940395355,0.5,40,synthetic_0028,9,0.4421572685241699,11053.931640625,16.93781852722168,1.8114657402038574,1.8878858089447021,1.652245044708252,0.235640749335289,0.8652627468109131,0.7869822978973389,0.4027014672756195,2.231144691222653e-07,0.38428062200546265,0.4927573502063751,1.8818018147670324e-22,0.4927573502063751,1.53941810131073,1.8597385883331299,0.6540552377700806,0.6447774767875671,48.95549392700195,0.6303473114967346,1.1714036464691162,0.7442141771316528,1.117819905281067
257,train,1,0.3499999940395355,0.5,41,synthetic_0029,10,0.2927040159702301,7317.60009765625,103.56944274902344,0.7837321162223816,0.8099023103713989,0.7088809609413147,0.10102136433124542,0.31796759366989136,0.39091336727142334,0.2050287425518036,1.2029943263769383e-07,0.1858845204114914,0.17796087265014648,3.71789897243883e-21,0.17796087265014648,1.2908852100372314,1.9976252317428589,0.5119823813438416,0.5053662061691284,21.0732364654541,0.46185460686683655,0.8646032214164734,0.7431421875953674,0.7838721871376038
258,train,1,0.3499999940395355,0.5,42,synthetic_0030,11,0.09952336549758911,2488.084228515625,0.5909401178359985,0.1514594703912735,0.16026712954044342,0.1495857536792755,0.010681371204555035,0.03356064856052399,0.11602511256933212,0.013147919438779354,0.051834434270858765,0.05104275792837143,0.0033862008713185787,0.04735046997666359,0.04735046997666359,1.178534746170044,2.188128709793091,0.8988723158836365,0.9143104553222656,102.86209106445312,0.9101917147636414,1.4244194030761719,0.9744133353233337,0.8624958395957947
259,train,1,0.3499999940395355,0.5,43,synthetic_0031,12,0.4373287558555603,10933.21875,83.36947631835938,1.2532860040664673,1.0964840650558472,1.0660696029663086,0.030414456501603127,0.6706222891807556,0.3954472541809082,0.19097010791301727,1.2050405473473802e-07,0.20447701215744019,0.21838317811489105,2.164475188593768e-21,0.21838317811489105,1.2196186780929565,2.0738773345947266,0.476466566324234,0.5173342823982239,23.466854095458984,0.4499029517173767,0.7134379148483276,0.7086329460144043,0.7638977766036987
260,train,1,0.3499999940395355,0.5,44,synthetic_0032,13,0.14994850754737854,3748.712890625,6.874508857727051,0.3294670581817627,0.26728764176368713,0.2783852219581604,-0.011097566224634647,0.07941698282957077,0.19896824657917023,0.032100092619657516,0.07901962846517563,0.08784852921962738,0.07582564651966095,0.058391980826854706,0.058391980826854706,1.2285453081130981,2.079329252243042,0.7808454036712646,0.8283227682113647,85.66455841064453,1.0101569890975952,1.4526015520095825,0.7142532467842102,0.6200357675552368
261,train,1,0.3499999940395355,0.5,45,synthetic_0033,14,0.1954413205385208,4886.033203125,24.335302352905273,0.5199732780456543,0.5648752450942993,0.49268537759780884,0.07218988984823227,0.1507854461669922,0.34189993143081665,0.19480828940868378,9.414821988684707e-08,0.14709153771400452,0.1601741462945938,3.623069005902028e-23,0.1601741462945938,1.3730577230453491,1.9479411840438843,0.6437656283378601,0.6085634231567383,41.71268844604492,0.6581558585166931,1.3260163068771362,0.7465983033180237,1.0012190341949463
262,train,1,0.3499999940395355,0.5,46,synthetic_0034,15,0.48730194568634033,12182.548828125,32.12616729736328,1.8785157203674316,1.8858312368392944,1.6460644006729126,0.23976682126522064,1.384013056755066,0.26205137372016907,0.02973051555454731,0.0898197665810585,0.142501100897789,0.5840396285057068,0.14407537877559662,0.14407537877559662,2.0272438526153564,1.9794915914535522,0.4867384731769562,0.5462936162948608,29.258718490600586,0.31879594922065735,0.8480205535888672,0.8209604620933533,0.6339633464813232
263,train,1,0.3499999940395355,0.5,47,synthetic_0035,16,0.1853952407836914,4634.880859375,31.511869430541992,0.27304786443710327,0.2565276622772217,0.21692180633544922,0.039605870842933655,0.1413908153772354,0.0755309984087944,0.009007382206618786,0.03071782924234867,0.03580578789114952,0.08535207808017731,0.021048203110694885,0.021048203110694885,1.430823802947998,1.8878291845321655,0.5687788724899292,0.5476905107498169,29.538101196289062,0.5860767960548401,1.0123971700668335,0.946763277053833,0.6276933550834656
264,train,1,0.3499999940395355,0.5,48,synthetic_0036,17,0.27620556950569153,6905.13916015625,173.98074340820312,0.44149747490882874,0.39925551414489746,0.3542487323284149,0.04500678554177284,0.24888065457344055,0.10536807775497437,0.052357759326696396,3.8637665511487285e-08,0.053010277450084686,0.0642484575510025,7.846638521852288e-21,0.0642484575510025,1.1347191333770752,2.030498743057251,0.46717962622642517,0.480722039937973,16.144407272338867,0.31773895025253296,0.7091723084449768,0.8401541113853455,0.718010425567627
265,train,1,0.3499999940395355,0.5,49,synthetic_0037,18,0.15780285000801086,3945.0712890625,20.371952056884766,0.3566870093345642,0.3974505066871643,0.3477579355239868,0.04969257861375809,0.09644389152526855,0.25131404399871826,0.14553302526474,6.931017537681328e-08,0.1057809442281723,0.11440745741128922,9.545683958830134e-23,0.11440745741128922,1.3471226692199707,2.003265619277954,0.6790648102760315,0.625702977180481,45.14059829711914,0.6877191066741943,1.4140377044677734,0.7437833547592163,1.027795672416687
266,train,1,0.3499999940395355,0.5,50,synthetic_0038,0,0.1589248776435852,3973.121826171875,8.451969146728516,0.4489608705043793,0.41775476932525635,0.3701484799385071,0.04760628938674927,0.09234244376420975,0.27780604362487793,0.15232083201408386,7.980571581356344e-08,0.1254851520061493,0.17149753868579865,3.295786645979424e-22,0.17149753868579865,1.2716856002807617,1.97860848903656,0.7611184120178223,0.7294378280639648,65.88756561279297,0.6699751019477844,1.5164767503738403,0.7829238772392273,1.2493059635162354
267,train,1,0.3499999940395355,0.5,51,synthetic_0039,1,0.3776973485946655,9442.43359375,15.053218841552734,2.1356945037841797,1.9145128726959229,1.7547659873962402,0.15974685549736023,0.4924505352973938,1.2623155117034912,0.21220795810222626,0.45837005972862244,0.5917375683784485,0.9447265267372131,0.2526983618736267,0.2526983618736267,1.2007066011428833,2.1136434078216553,0.7155722379684448,0.619475245475769,43.89504623413086,0.9449978470802307,1.5916515588760376,0.7493610382080078,0.6922412514686584
268,train,1,0.3499999940395355,0.5,52,synthetic_0040,2,0.29109859466552734,7277.46533203125,15.472868919372559,1.3096569776535034,1.2969253063201904,1.1360394954681396,0.160885751247406,0.3302253186702728,0.8058141469955444,0.43890488147735596,2.2346257821936888e-07,0.36690908670425415,0.44645801186561584,1.8542678870477413e-23,0.44645801186561584,1.3554774522781372,1.913981556892395,0.7013163566589355,0.6546227931976318,50.924556732177734,0.6379480957984924,1.4139885902404785,0.7698881030082703,1.1820447444915771
269,train,1,0.3499999940395355,0.5,53,synthetic_0041,3,0.13393333554267883,3348.333251953125,1.3849103450775146,0.26360249519348145,0.21937882900238037,0.2061731517314911,0.013205679133534431,0.06694481521844864,0.13922832906246185,0.022304898127913475,0.05652555450797081,0.06039787456393242,0.006771755870431662,0.07718519121408463,0.07718519121408463,1.2980806827545166,1.9216423034667969,0.8916537761688232,0.9292618632316589,105.85237121582031,0.8670760989189148,1.5948865413665771,0.7070013284683228,0.6735863089561462
270,train,1,0.3499999940395355,0.5,54,synthetic_0042,4,0.05746452137827873,1436.613037109375,0.7187166810035706,0.053847186267375946,0.07996201515197754,0.06878864765167236,0.011173369362950325,0.012023622170090675,0.05676502361893654,0.028356770053505898,3.150126914874818e-08,0.028408221900463104,0.019032662734389305,6.146999810986619e-23,0.019032662734389305,1.2664786577224731,1.975206732749939,0.9295234680175781,0.9752650260925293,115.0530014038086,0.8817929029464722,1.64345121383667,1.4730890989303589,1.646432876586914
271,train,1,0.3499999940395355,0.5,55,synthetic_0043,5,0.12846489250659943,3211.622314453125,16.842809677124023,0.15310516953468323,0.18341243267059326,0.1646500825881958,0.018762342631816864,0.06303281337022781,0.10161727666854858,0.06742087751626968,2.6232829242189837e-08,0.034196365624666214,0.04171134531497955,6.469579297736657e-22,0.04171134531497955,1.3284951448440552,2.2279882431030273,0.5952489376068115,0.6453798413276672,49.075965881347656,0.8969766497612,1.3628255128860474,0.6681186556816101,0.6912350654602051
272,train,1,0.3499999940395355,0.5,56,synthetic_0044,6,0.11188442260026932,2797.110595703125,6.475625038146973,0.23165810108184814,0.21552212536334991,0.19262322783470154,0.022898899391293526,0.04225482791662216,0.15036839246749878,0.07959623634815216,4.4167844492903896e-08,0.07077211886644363,0.09149529039859772,1.6890256665476391e-22,0.09149529039859772,1.174084186553955,1.8888033628463745,0.807835578918457,0.7672281265258789,73.44562530517578,0.712840735912323,1.574174165725708,0.8109700083732605,1.3996597528457642
273,train,1,0.3499999940395355,0.5,57,synthetic_0045,7,0.4448027014732361,11120.0673828125,326.0817565917969,1.4193170070648193,1.357574701309204,1.199351191520691,0.158223494887352,0.7672538161277771,0.4320973753929138,0.2089650183916092,1.5100057737527095e-07,0.2231322079896927,0.2652638554573059,2.6795357890797757e-19,0.2652638554573059,1.34885835647583,2.018634557723999,0.46311378479003906,0.4573419690132141,11.468393325805664,0.2571272552013397,0.678284227848053,0.7937619686126709,0.7242697477340698
274,train,1,0.3499999940395355,0.5,58,synthetic_0046,8,0.29984036087989807,7496.00927734375,14.598140716552734,0.860627293586731,0.8948354721069336,0.7804309129714966,0.11440455913543701,0.3607732951641083,0.4196575880050659,0.2337312400341034,1.1553452594625924e-07,0.18592621386051178,0.24352537095546722,3.771556609636141e-23,0.24352537095546722,1.395777940750122,1.9414458274841309,0.6555284857749939,0.6611355543136597,52.227108001708984,0.6856356263160706,1.3020470142364502,0.7363620400428772,1.0357394218444824
275,train,1,0.3499999940395355,0.5,59,synthetic_0047,9,0.45374709367752075,11343.677734375,196.875732421875,1.3602522611618042,1.3457019329071045,1.1273354291915894,0.21836648881435394,0.9887358546257019,0.13859961926937103,0.0102723129093647,0.06306414306163788,0.06526316702365875,0.3863541781902313,0.06004916876554489,0.06004916876554489,1.6703777313232422,2.1109225749969482,0.47955024242401123,0.5549184083938599,30.983686447143555,0.14779235422611237,0.6835698485374451,1.3649135828018188,0.6773683428764343
276,train,1,0.3499999940395355,0.5,60,synthetic_0048,10,0.20714430510997772,5178.60791015625,7.808567047119141,0.4068351686000824,0.40560075640678406,0.36427992582321167,0.04132084175944328,0.18830662965774536,0.1759732961654663,0.028049642220139503,0.07320772111415863,0.07471592724323273,0.10894143581390381,0.052544791251420975,0.052544791251420975,1.5264471769332886,2.129028797149658,0.7671314477920532,0.7623324990272522,72.46649932861328,0.8476763963699341,1.5482332706451416,0.8215579390525818,0.6432270407676697
277,train,1,0.3499999940395355,0.5,61,synthetic_0049,11,0.4009439945220947,10023.599609375,9.549579620361328,2.790534019470215,2.603701591491699,2.2980289459228516,0.3056727647781372,0.6029292941093445,1.6950995922088623,0.9153819680213928,5.267305596134975e-07,0.7797171473503113,1.0453695058822632,1.066635743127138e-22,1.0453695058822632,1.3045510053634644,1.8678067922592163,0.797573983669281,0.7130492329597473,62.60984420776367,0.6590048670768738,1.542030930519104,0.8343908786773682,1.313493013381958
278,train,1,0.3499999940395355,0.5,62,synthetic_0050,12,0.4543493986129761,11358.734375,385.2949523925781,1.330622673034668,1.3383475542068481,1.120989441871643,0.2173580676317215,0.9761025905609131,0.1448868066072464,0.010569194331765175,0.06640609353780746,0.06791152060031891,0.3873805105686188,0.048215821385383606,0.048215821385383606,1.6446658372879028,2.1224722862243652,0.4897720515727997,0.5688545107841492,33.77090072631836,0.1478346586227417,0.6974455714225769,1.3954826593399048,0.6989625692367554
279,train,1,0.3499999940395355,0.5,63,synthetic_0051,13,0.34857580065727234,8714.39453125,311.62017822265625,0.7888527512550354,0.8222440481185913,0.6869114637374878,0.13533255457878113,0.5869950652122498,0.09991642087697983,0.007654665037989616,0.04650082811713219,0.045760929584503174,0.2280091941356659,0.030405091121792793,0.030405091121792793,1.680359125137329,2.0063529014587402,0.5047901272773743,0.5649094581604004,32.98188781738281,0.18467502295970917,0.7267464399337769,1.364107608795166,0.6776315569877625
280,train,1,0.3499999940395355,0.5,64,synthetic_0052,14,0.3613528311252594,9033.8212890625,176.06845092773438,1.0581281185150146,0.9982884526252747,0.8749033212661743,0.12338513135910034,0.48454394936561584,0.39035940170288086,0.19284503161907196,1.3072910576283903e-07,0.19751425087451935,0.21893168985843658,2.783894769240541e-20,0.21893168985843658,1.29072105884552,2.0141992568969727,0.4827287197113037,0.48021572828292847,16.043148040771484,0.33564627170562744,0.7281821370124817,0.7669410705566406,0.7458130121231079
281,train,1,0.3499999940395355,0.5,65,synthetic_0053,15,0.15676209330558777,3919.05224609375,25.317920684814453,0.20775215327739716,0.22693192958831787,0.20656612515449524,0.020365804433822632,0.08903799206018448,0.11752812564373016,0.0740356370806694,3.0031831244059504e-08,0.043492455035448074,0.050480153411626816,6.209985621103085e-23,0.050480153411626816,1.2602461576461792,2.195340394973755,0.551633358001709,0.6049033403396606,40.98067092895508,0.7343564033508301,1.2458298206329346,0.6870850324630737,0.7318664193153381
282,train,1,0.3499999940395355,0.5,66,synthetic_0054,16,0.43215054273605347,10803.763671875,21.012235641479492,1.6479536294937134,1.5661015510559082,1.3938018083572388,0.17229974269866943,0.78382807970047,0.6099737286567688,0.29727092385292053,1.7410707187082153e-07,0.31270262598991394,0.42228370904922485,2.0654568376558983e-22,0.42228370904922485,1.4598654508590698,1.9043042659759521,0.5657224655151367,0.6226348876953125,44.5269775390625,0.6100873351097107,0.9134036302566528,0.7092258930206299,0.9608194231987
283,train,1,0.3499999940395355,0.5,67,synthetic_0055,17,0.21547211706638336,5386.802734375,11.120707511901855,0.4446007013320923,0.4267825186252594,0.3744298219680786,0.052352700382471085,0.20657525956630707,0.16785457730293274,0.025820018723607063,0.06994803994894028,0.07208652049303055,0.15580061078071594,0.047903675585985184,0.047903675585985184,1.5475984811782837,2.0749614238739014,0.7030752897262573,0.6672080755233765,53.44161605834961,0.7902814149856567,1.449603796005249,0.8711812496185303,0.6312317252159119
284,train,1,0.3499999940395355,0.5,68,synthetic_0056,18,0.22689397633075714,5672.349609375,48.78363800048828,0.37575605511665344,0.347500741481781,0.3208169937133789,0.026683755218982697,0.17057502269744873,0.15024197101593018,0.08211202174425125,4.251148411071881e-08,0.06812989711761475,0.07566949725151062,1.4373112588531598e-22,0.07566949725151062,1.152475357055664,2.099153995513916,0.5032286047935486,0.5517326593399048,30.346529006958008,0.544015109539032,0.9311385154724121,0.718471884727478,0.7725832462310791
285,train,1,0.3499999940395355,0.5,69,synthetic_0057,0,0.2761867046356201,6904.66748046875,13.997344970703125,0.7367858290672302,0.7770118713378906,0.6778098344802856,0.09920205920934677,0.30382320284843445,0.3739866614341736,0.21296381950378418,1.0227507374338529e-07,0.16102272272109985,0.21074740588665009,2.9414360702615356e-23,0.21074740588665009,1.3854074478149414,1.972625970840454,0.6575189828872681,0.6659277081489563,53.185543060302734,0.7069370150566101,1.3346997499465942,0.7311398983001709,1.0091712474822998
286,train,1,0.3499999940395355,0.5,70,synthetic_0058,1,0.3751034438610077,9377.5859375,46.47632598876953,1.0275728702545166,1.000898838043213,0.8380782008171082,0.16282060742378235,0.7029265761375427,0.13515162467956543,0.01197348814457655,0.05734911561012268,0.06582903116941452,0.28591156005859375,0.07191911339759827,0.07191911339759827,1.7376807928085327,1.990046739578247,0.48193010687828064,0.522515594959259,24.503116607666016,0.24809962511062622,0.73670893907547,1.1419838666915894,0.6317346692085266
287,train,1,0.3499999940395355,0.5,71,synthetic_0059,2,0.12969981133937836,3242.4951171875,40.4637565612793,0.12787452340126038,0.14704102277755737,0.13377322256565094,0.01326780766248703,0.05646258965134621,0.07731063663959503,0.04985707998275757,2.0656379717820528e-08,0.027453532442450523,0.027149349451065063,3.433766685564866e-23,0.027149349451065063,1.1674658060073853,2.2463204860687256,0.5351800322532654,0.5655414462089539,33.1082878112793,0.7195490598678589,1.222432017326355,0.70976322889328,0.6731255650520325
288,train,1,0.3499999940395355,0.5,72,synthetic_0060,3,0.21657142043113708,5414.28515625,2.189678430557251,0.5026059150695801,0.5129266977310181,0.4791058599948883,0.03382083401083946,0.16166988015174866,0.31743597984313965,0.18015263974666595,1.0068688993669639e-07,0.13728323578834534,0.16260603070259094,3.0643630786753245e-21,0.16260603070259094,1.1989165544509888,2.0333619117736816,0.8410319685935974,0.9139779210090637,102.79558563232422,0.7914499044418335,1.591141939163208,0.7930306792259216,1.212511420249939
289,train,1,0.3499999940395355,0.5,73,synthetic_0061,4,0.48499467968940735,12124.8671875,12.240984916687012,3.650383234024048,3.109767436981201,2.902047634124756,0.2077198326587677,0.7956510186195374,2.1063966751098633,0.3588550388813019,0.7421248555183411,1.0054168701171875,1.592376470565796,0.46262457966804504,0.46262457966804504,1.1765512228012085,2.098172903060913,0.7184748649597168,0.6501062512397766,50.02125549316406,0.9626932144165039,1.6141823530197144,0.7246712446212769,0.7053778171539307
290,train,1,0.3499999940395355,0.5,74,synthetic_0062,5,0.2232939749956131,5582.349609375,3.5709893703460693,0.423092782497406,0.41304200887680054,0.3920384347438812,0.021003570407629013,0.17577680945396423,0.216261625289917,0.03474428504705429,0.08166525512933731,0.09985209256410599,0.013671224005520344,0.08417809754610062,0.08417809754610062,1.2262237071990967,2.144515037536621,0.8260071873664856,0.9487646222114563,109.75292205810547,0.8627651929855347,1.6098089218139648,0.7144741415977478,0.7215894460678101
291,train,1,0.3499999940395355,0.5,75,synthetic_0063,6,0.3005605638027191,7514.01416015625,62.831478118896484,0.632882297039032,0.6228316426277161,0.5209407210350037,0.1018909439444542,0.4197583496570587,0.10118235647678375,0.009291015565395355,0.04410910978913307,0.047782234847545624,0.16952036321163177,0.040503621101379395,0.040503621101379395,1.6162089109420776,1.8802077770233154,0.49978309869766235,0.5200037956237793,24.000761032104492,0.2954314351081848,0.791413426399231,1.1725436449050903,0.6348172426223755
292,train,1,0.3499999940395355,0.5,76,synthetic_0064,7,0.0937294214963913,2343.235595703125,1.224294900894165,0.0894884467124939,0.11850946396589279,0.11466915905475616,0.003840302349999547,0.028783440589904785,0.08588571846485138,0.04994926229119301,2.672226706579295e-08,0.03593643382191658,0.027168547734618187,7.603260392307401e-23,0.027168547734618187,1.139601469039917,2.174206256866455,0.8472350835800171,0.9555113911628723,111.1022720336914,1.1237863302230835,1.5513204336166382,0.7346882224082947,1.116110920906067
293,train,1,0.3499999940395355,0.5,77,synthetic_0065,8,0.28324833512306213,7081.20849609375,3.213536024093628,0.6865761280059814,0.6456111073493958,0.6167380809783936,0.02887304127216339,0.260215699672699,0.3565223813056946,0.055824194103479385,0.12856608629226685,0.17213210463523865,0.020396659150719643,0.1402955949306488,0.1402955949306488,1.1281346082687378,2.0768465995788574,0.828588604927063,0.9476897120475769,109.5379409790039,0.8848467469215393,1.6183853149414062,0.70159912109375,0.7783293724060059
294,train,1,0.3499999940395355,0.5,78,synthetic_0066,9,0.36611783504486084,9152.9462890625,15.451948165893555,1.2674291133880615,1.3016493320465088,1.1355292797088623,0.1661200076341629,0.5565661191940308,0.5789631009101868,0.3073239028453827,1.628982175816418e-07,0.27163904905319214,0.35334235429763794,1.4643908973543522e-23,0.35334235429763794,1.4442325830459595,1.8776724338531494,0.6660740971565247,0.6547725796699524,50.95452117919922,0.6482025980949402,1.2558355331420898,0.7495343089103699,1.1100143194198608
295,train,1,0.3499999940395355,0.5,79,synthetic_0067,10,0.4145510196685791,10363.775390625,131.957763671875,1.4845365285873413,1.377506971359253,1.2554609775543213,0.12204599380493164,0.6274111270904541,0.6280498504638672,0.3061615526676178,1.952621744294447e-07,0.3218880593776703,0.322755366563797,3.2655494383505247e-20,0.322755366563797,1.2698675394058228,2.0398378372192383,0.4851253926753998,0.4931953251361847,18.639062881469727,0.39750275015830994,0.73238205909729,0.7221250534057617,0.7700020670890808
296,train,1,0.3499999940395355,0.5,80,synthetic_0068,11,0.27568233013153076,6892.05810546875,4.21627140045166,0.850829005241394,0.8199822306632996,0.754247784614563,0.06573442369699478,0.26381951570510864,0.49042826890945435,0.27280393242836,1.5510906337112829e-07,0.21762420237064362,0.2899787127971649,1.3258821695011186e-21,0.2899787127971649,1.2074000835418701,1.9956694841384888,0.8364396095275879,0.8312411904335022,86.24823760986328,0.7551255226135254,1.587938666343689,0.8095560669898987,1.266748070716858
297,train,1,0.3499999940395355,0.5,81,synthetic_0069,12,0.4081067144870758,10202.66796875,28.217479705810547,2.172137975692749,2.121601104736328,1.8687255382537842,0.2528756260871887,0.659482479095459,1.2092430591583252,0.6291860938072205,3.2903753321988916e-07,0.5800565481185913,0.6468876600265503,9.711635680828392e-23,0.6468876600265503,1.37726628780365,1.9076944589614868,0.5830865502357483,0.5951583981513977,39.03168487548828,0.612888753414154,1.0770106315612793,0.724460244178772,0.9929129481315613
298,train,1,0.3499999940395355,0.5,82,synthetic_0070,13,0.09229186922311783,2307.296875,5.417901515960693,0.07088303565979004,0.07648755609989166,0.06708621233701706,0.009401344694197178,0.03383936733007431,0.03324684500694275,0.004211804363876581,0.014225413091480732,0.014809626154601574,0.004280332010239363,0.012267816811800003,0.012267816811800003,1.3818392753601074,1.9269663095474243,0.7370098829269409,0.9331978559494019,106.63957214355469,0.945126473903656,1.1604968309402466,0.8294866681098938,0.636446475982666
299,train,1,0.3499999940395355,0.5,83,synthetic_0071,14,0.29419007897377014,7354.751953125,198.16737365722656,0.5716509222984314,0.5946874618530273,0.4967038631439209,0.09798362106084824,0.41428089141845703,0.08242297172546387,0.0068281288258731365,0.03776556998491287,0.03782926872372627,0.1624104380607605,0.025186359882354736,0.025186359882354736,1.6649492979049683,1.911548376083374,0.5095714330673218,0.5550755858421326,31.015113830566406,0.23130665719509125,0.7626740336418152,1.2911309003829956,0.6590330004692078
300,train,1,0.3499999940395355,0.5,84,synthetic_0072,15,0.06680668145418167,1670.1671142578125,0.9716455936431885,0.041160471737384796,0.03678431734442711,0.032936327159404755,0.003847989719361067,0.017044078558683395,0.01589224860072136,0.001164751942269504,0.007791105657815933,0.006936390418559313,0.0007987113785929978,0.010131679475307465,0.010131679475307465,1.3282991647720337,1.97898268699646,0.8072521686553955,0.9220579862594604,104.4115982055664,0.8212020993232727,0.6863858699798584,0.8870882391929626,0.6375443935394287
301,train,1,0.3499999940395355,0.5,85,synthetic_0073,16,0.2850094735622406,7125.23681640625,47.026939392089844,0.9032544493675232,0.8871986269950867,0.7511841654777527,0.13601447641849518,0.4086335301399231,0.3425506353378296,0.053774941712617874,0.11763474345207214,0.17114095389842987,0.3280763328075409,0.08260387182235718,0.08260387182235718,1.749756097793579,1.8774715662002563,0.5577006340026855,0.5218376517295837,24.367528915405273,0.5983454585075378,1.2594261169433594,0.7704940438270569,0.6251564621925354
302,train,1,0.3499999940395355,0.5,86,synthetic_0074,17,0.08840636163949966,2210.158935546875,8.345870971679688,0.13924625515937805,0.17132234573364258,0.15253214538097382,0.018790194764733315,0.026304736733436584,0.12622740864753723,0.06633999943733215,3.217895994112041e-08,0.05988738685846329,0.053290560841560364,6.941702325874101e-22,0.053290560841560364,1.1706552505493164,1.8324460983276367,0.8202062845230103,0.7311691641807556,66.23383331298828,0.9557441473007202,1.6155272722244263,0.7165541648864746,1.4583916664123535
303,train,1,0.3499999940395355,0.5,87,synthetic_0075,18,0.33684346079826355,8421.0859375,31.78793716430664,1.4295263290405273,1.428072452545166,1.2539080381393433,0.17416444420814514,0.44519874453544617,0.8087092638015747,0.42915889620780945,2.234744727047655e-07,0.37955018877983093,0.41436153650283813,1.207891070082185e-22,0.41436153650283813,1.3647711277008057,1.9089449644088745,0.5789916515350342,0.5849093198776245,36.98186492919922,0.6088413000106812,1.0847835540771484,0.7317149043083191,0.9593877792358398
304,train,1,0.3499999940395355,0.5,88,synthetic_0076,0,0.195330411195755,4883.26025390625,1.6230902671813965,0.6634956002235413,0.6528803110122681,0.591281533241272,0.06159878149628639,0.1371697038412094,0.45411184430122375,0.24677269160747528,1.5313587198306777e-07,0.20733900368213654,0.24845391511917114,5.164992485169965e-21,0.24845391511917114,1.2504911422729492,1.9351773262023926,0.8419221639633179,0.9387860894203186,107.75720977783203,0.7099854350090027,1.5691553354263306,0.8674314618110657,1.3184080123901367
305,train,1,0.3499999940395355,0.5,89,synthetic_0077,1,0.08530537039041519,2132.63427734375,6.153846263885498,0.09866410493850708,0.1052401140332222,0.09281598031520844,0.012424133718013763,0.02700856328010559,0.06580741703510284,0.008314206264913082,0.024942951276898384,0.03255026042461395,0.012194276787340641,0.019851811230182648,0.019851811230182648,1.290954351425171,1.9890906810760498,0.7233437895774841,0.8999322056770325,99.98644256591797,1.1920034885406494,1.0298467874526978,0.6661882400512695,0.6288518309593201
306,train,1,0.3499999940395355,0.5,90,synthetic_0078,2,0.36318838596343994,9079.7099609375,5.934487819671631,2.4635112285614014,2.17940616607666,1.939282774925232,0.24012348055839539,0.48569953441619873,1.4535832405090332,0.7870658040046692,4.7056573748704977e-07,0.6665170192718506,0.9805110096931458,4.446856734012587e-21,0.9805110096931458,1.2807544469833374,1.8863630294799805,0.8222482204437256,0.7801018357276917,76.02037048339844,0.6751196980476379,1.5617797374725342,0.8517014384269714,1.3225740194320679
307,train,1,0.3499999940395355,0.5,91,synthetic_0079,3,0.1626093089580536,4065.232666015625,33.815372467041016,0.3224865198135376,0.3270584046840668,0.27958551049232483,0.04747289419174194,0.11059197783470154,0.1689935326576233,0.025001708418130875,0.05976046621799469,0.08423136919736862,0.12676192820072174,0.03131064027547836,0.03131064027547836,1.4547722339630127,1.941657304763794,0.6311760544776917,0.5426682829856873,28.533655166625977,0.8678694367408752,1.199191689491272,0.7083117365837097,0.6301367878913879
